date,y,ens,garch_frozen,garch_roll,persistence,dow,year,garch_dow
2020-12-20,0.0850208106936014,0.2507162988185882,0.2919627614833121,0.290938189250674,0.2148649751292609,6,2020,0.28785997773507743
2020-12-21,0.6073565137716546,0.3151629865169525,0.2885470443682961,0.2878284707348753,0.0850208106936014,0,2020,0.2968710205985508
2020-12-22,0.20778502964958,0.3650916218757629,0.2964934943528036,0.2948914669042178,0.6073565137716546,1,2020,0.30743504971288904
2020-12-23,0.044313146958509,0.3581351339817047,0.2940509376219725,0.2926832679475348,0.20778502964958,2,2020,0.3176788694631479
2020-12-24,0.0451335756325077,0.2859959304332733,0.2904712844485307,0.2894205750035237,0.044313146958509,3,2020,0.3409946256711273
2020-12-27,0.152482793253906,0.2907065749168396,0.2869338190978358,0.2861970809535115,0.0451335756325077,6,2020,0.282901704167039
2020-12-28,0.363870176978755,0.3449802100658417,0.284097189274935,0.2836074023580893,0.152482793253906,0,2020,0.2922927965312281
2020-12-29,0.351164866368159,0.3780795037746429,0.2846995914865421,0.2841259690661037,0.363870176978755,1,2020,0.2952059142240557
2020-12-30,0.6618028226748601,0.3575527667999267,0.2850018399288757,0.2843757374781678,0.351164866368159,2,2020,0.3079026478736073
2020-12-31,0.157074519962225,0.2728265821933746,0.2952615358281663,0.2935167001494038,0.6618028226748601,3,2020,0.3466180730255555
2021-01-03,0.136421768581477,0.2718312740325928,0.2922964027566836,0.2922734485465618,0.157074519962225,6,2021,0.2881889305406896
2021-01-04,0.3748130324986635,0.3334804177284241,0.2892110842589392,0.2891901348687431,0.136421768581477,0,2021,0.2975542166454379
2021-01-05,0.2566686486572079,0.3706647753715515,0.2898953055526891,0.2898756717453468,0.3748130324986635,1,2021,0.3005933667066358
2021-01-06,0.5123670314733059,0.3561660647392273,0.2882903482007187,0.2882725456446696,0.2566686486572079,2,2021,0.3114553982864026
2021-01-07,0.37413759282182,0.2713052630424499,0.2930020103393227,0.2929780782473708,0.5123670314733059,3,2021,0.34396553527220963
2021-01-08,0.0401108374217255,0.2022480219602584,0.2937606542808586,0.2937337583686904,0.37413759282182,4,2021,0.08976556203715547
2021-01-10,0.5171491225527866,0.2296494990587234,0.2901742137994013,0.2901486361507542,0.0401108374217255,6,2021,0.2860965634768583
2021-01-11,0.4442535688201138,0.2999678254127502,0.2949501249451909,0.2949187383479277,0.5171491225527866,0,2021,0.30345881660248863
2021-01-12,0.403934803180126,0.3409748673439026,0.2971430032315216,0.2971128809897964,0.4442535688201138,1,2021,0.30810852754029805
2021-01-13,0.0403187656399962,0.3377281427383423,0.2984692228418012,0.298435932349041,0.403934803180126,2,2021,0.3224521780094562
2021-01-14,0.6315836539861962,0.2639742493629455,0.2947972498467146,0.2947654653409021,0.0403187656399962,3,2021,0.3460730311128926
2021-01-15,0.0198751180739473,0.2022724598646164,0.303288251278795,0.3032485634688235,0.6315836539861962,4,2021,0.09267694614159577
2021-01-17,0.0049684091992028,0.2289573401212692,0.2994751779865278,0.2994375517742964,0.0198751180739473,6,2021,0.29526682659609527
2021-01-18,0.424734353611447,0.3015030026435852,0.2957265868599537,0.2956907920219698,0.0049684091992028,0,2021,0.30425767781278507
2021-01-19,0.1543152876155153,0.3437906801700592,0.2973871931872728,0.2973529756989254,0.424734353611447,1,2021,0.3083617288840565
2021-01-20,0.476207069182031,0.3360634744167328,0.2944407122950287,0.2944069931423781,0.1543152876155153,2,2021,0.3180999637758654
2021-01-21,0.0320500970409733,0.2630057334899902,0.2975274195787634,0.2974947899383534,0.476207069182031,3,2021,0.34927807496969276
2021-01-22,0.0517783405514955,0.1993308365345001,0.2938339292308189,0.2938032163200381,0.0320500970409733,4,2021,0.08978795294271269
2021-01-24,0.1867890526839795,0.2297752648591995,0.2902824652597452,0.2902530550233738,0.0517783405514955,6,2021,0.28620329374206777
2021-01-25,0.1563670499416009,0.2962112724781036,0.2878364937540487,0.2878069793499086,0.1867890526839795,0,2021,0.2961399720913642
2021-01-26,0.4351416129321855,0.3394164144992828,0.2850176879468722,0.2849902803831234,0.1563670499416009,1,2021,0.2955357494580751
2021-01-27,0.1081380144424216,0.3314060270786285,0.2875963638469958,0.2875647410702742,0.4351416129321855,2,2021,0.3107056500737333
2021-01-28,0.126974721060192,0.2606418430805206,0.2843965464834525,0.2843669792326159,0.1081380144424216,3,2021,0.33386327359140366
2021-01-29,0.0849067931100807,0.1977299153804779,0.2813939164607509,0.2813663675027009,0.126974721060192,4,2021,0.08598661085764603
2021-01-31,0.5358307427340697,0.2238563001155853,0.2782290078074663,0.2782022217024686,0.0849067931100807,6,2021,0.2743192165528539
2021-02-01,0.1518439369568022,0.2943149209022522,0.2841936414941572,0.2841602477512967,0.5358307427340697,0,2021,0.2923920311944082
2021-02-02,0.0855655895794844,0.3364360630512237,0.2814976590865302,0.2814645269766223,0.1518439369568022,1,2021,0.2918858203085931
2021-02-03,0.5700870568041515,0.331641137599945,0.2783345485622172,0.2783022827800798,0.0855655895794844,2,2021,0.3006996183547407
2021-02-04,0.6971629581409728,0.2610914409160614,0.2854908420862987,0.2854514797811719,0.5700870568041515,3,2021,0.33514790632256863
2021-02-05,0.0440014784954152,0.1949146091938018,0.2967847671131025,0.2967441591916104,0.6971629581409728,4,2021,0.09068965171388463
2021-02-07,0.0498115473463635,0.2205583155155182,0.293154049086208,0.2931150287474027,0.0440014784954152,6,2021,0.2890345248626065
2021-02-08,0.5784835739226416,0.2925311923027038,0.2895797386592887,0.2895427755101788,0.0498115473463635,0,2021,0.2979335059509981
2021-02-09,0.0057765546168713,0.3416497409343719,0.2961053821541213,0.2960685867656721,0.5784835739226416,1,2021,0.30703261493651557
2021-02-10,0.1080488221811195,0.3319591283798218,0.2924181376803201,0.2923831051481953,0.0057765546168713,2,2021,0.31591486883210596
2021-02-11,0.0948457590512889,0.2616555690765381,0.289124495848682,0.289091646617553,0.1080488221811195,3,2021,0.33941358238371444
2021-02-12,0.0206262969515323,0.1951422095298767,0.2858699929180197,0.2858380512670825,0.0948457590512889,4,2021,0.08735438258967608
2021-02-14,0.0387659244135389,0.2153987437486648,0.2823735444109198,0.2823432830516938,0.0206262969515323,6,2021,0.27840551238157907
2021-02-15,0.2030692206074436,0.2757624685764313,0.2789703044352774,0.2789417375122699,0.0387659244135389,0,2021,0.28701801183131037
2021-02-16,0.4862320046842404,0.3175163865089416,0.2769866838791375,0.2769575575566466,0.2030692206074436,1,2021,0.2872083757320583
2021-02-17,0.3870240069972503,0.3080465793609619,0.2813963919819233,0.2813618129590849,0.4862320046842404,2,2021,0.304007490670713
2021-02-18,0.2272061653827781,0.2444460839033126,0.2826294365875803,0.2825964499792861,0.3870240069972503,3,2021,0.3317888001073665
2021-02-19,0.0297051763453734,0.1824372410774231,0.2807631800322863,0.2807323137376629,0.2272061653827781,4,2021,0.08579387432478039
2021-02-21,0.3187745950170306,0.2062155306339264,0.2773725016144046,0.2773432713676554,0.0297051763453734,6,2021,0.2734747463457217
2021-02-22,0.0921507387902243,0.2694649994373321,0.2772193578298496,0.2771918441356908,0.3187745950170306,0,2021,0.28521655409361313
2021-02-23,0.1316179321984313,0.3162667751312256,0.2741791798914346,0.2741522885456939,0.0921507387902243,1,2021,0.2842972658950191
2021-02-24,0.1412963350168322,0.3091572821140289,0.2714204408433817,0.2713953898435648,0.1316179321984313,2,2021,0.29322994000163227
2021-02-25,0.9170441967493698,0.2433721125125885,0.2688030201603634,0.2687797519928043,0.1412963350168322,3,2021,0.315557475544861
2021-02-26,0.0289923503644177,0.1840184032917022,0.2927748870677968,0.2927337026359986,0.9170441967493698,4,2021,0.08946433739515935
2021-02-28,0.200633471934914,0.2095735967159271,0.2891628958394334,0.2891237022704106,0.0289923503644177,6,2021,0.28509945698300126
2021-03-01,0.2784570646892594,0.2795206308364868,0.2869126119952985,0.286873345378514,0.200633471934914,0,2021,0.295189438284189
2021-03-02,0.1731157532778969,0.31840580701828,0.2857403728675433,0.2857033491546024,0.2784570646892594,1,2021,0.2962851037567191
2021-03-03,0.7355543972140046,0.3183753788471222,0.2832361021377709,0.2831992104125042,0.1731157532778969,2,2021,0.30599502741239437
2021-03-04,0.5325664477420323,0.2548947334289551,0.2967465767515028,0.2966990578322896,0.7355543972140046,3,2021,0.34836141565827333
2021-03-05,0.0679846766907444,0.2011948525905609,0.3017077531687174,0.3016553402624988,0.5325664477420323,4,2021,0.09219398731412075
2021-03-07,0.6042467007203066,0.2313376367092132,0.2980362673260541,0.2979863468965619,0.0679846766907444,6,2021,0.293848136114534
2021-03-08,0.452266521249842,0.3084027469158172,0.3053490970645029,0.305293001995254,0.6042467007203066,0,2021,0.31415777722776417
2021-03-09,0.2090180692728797,0.3562231361865997,0.3073664072697419,0.3073125624492521,0.452266521249842,1,2021,0.31870920778654066
2021-03-10,0.4743329971061669,0.3598719835281372,0.3046991606645273,0.3046482031671686,0.2090180692728797,2,2021,0.3291827112305189
2021-03-11,0.2582199311369012,0.2877012193202972,0.3073287790721818,0.3072797330928462,0.4743329971061669,3,2021,0.3607842412947795
2021-03-12,0.0301272880187832,0.2202699184417724,0.3054626738354135,0.3054134497926423,0.2582199311369012,4,2021,0.09334139272440638
2021-03-14,0.1960489242016428,0.2526496946811676,0.301639552446012,0.3015922964595056,0.0301272880187832,6,2021,0.29740078635367584
2021-03-15,0.1913924379855277,0.3333947658538818,0.2990541302916177,0.2990072762323325,0.1960489242016428,0,2021,0.30768121388402353
2021-03-16,0.6423995993966216,0.3863648474216461,0.2964699445092297,0.2964234865346577,0.1913924379855277,1,2021,0.3074106308049947
2021-03-17,0.5130856171478625,0.3775158226490021,0.3049203167182822,0.3048739194395763,0.6423995993966216,2,2021,0.3294216378794184
2021-03-18,0.1057899077705857,0.2986425757408142,0.3089165516080651,0.3088658337797894,0.5130856171478625,3,2021,0.362648184240301
2021-03-19,0.1698335703322009,0.2264853715896606,0.3053527111577874,0.3053034731043418,0.1057899077705857,4,2021,0.093307791010166
2021-03-21,0.4131508584991337,0.259085476398468,0.3023959233722204,0.3023474772236784,0.1698335703322009,6,2021,0.29814652843691836
2021-03-22,0.7283586170360922,0.3267704248428345,0.3035390338104171,0.3034927554109848,0.4131508584991337,0,2021,0.31229549745025054
2021-03-23,0.2984231450852186,0.3832689225673675,0.3153115013129247,0.3152562881897863,0.7283586170360922,1,2021,0.3269475011341612
2021-03-24,0.3239459757482558,0.3720261454582214,0.3139001924038631,0.3138446105898576,0.2984231450852186,2,2021,0.33912307525209007
2021-03-25,0.156167810252347,0.3037523031234741,0.3129857378371319,0.3129294312744923,0.3239459757482558,3,2021,0.3674251474351348
2021-03-26,0.0245972206381108,0.2247028350830078,0.30965483007405,0.3096014739435676,0.156167810252347,4,2021,0.09462240587380177
2021-03-28,0.1910463549937919,0.2507072687149048,0.3057459453819011,0.305694727123078,0.0245972206381108,6,2021,0.30144947452572574
2021-03-29,0.4181772400500633,0.3168950080871582,0.3030123982804379,0.302961798771503,0.1910463549937919,0,2021,0.3117536695912591
2021-03-30,0.0853104070712894,0.3664518892765045,0.3044848639375613,0.3044317239424463,0.4181772400500633,1,2021,0.31572132631712585
2021-03-31,0.3880955023095964,0.3548093736171722,0.3008364461358136,0.3007859122806177,0.0853104070712894,2,2021,0.32500961525448024
2021-04-01,0.1019844562111202,0.281303346157074,0.3014457225323198,0.3013975337712159,0.3880955023095964,3,2021,0.3538779108930637
2021-04-02,0.0595389998025547,0.2081413716077804,0.2979997730419889,0.2979529279172129,0.1019844562111202,4,2021,0.0910609257034254
2021-04-04,0.4973361237217892,0.2365527600049972,0.294400005810682,0.2943547669005874,0.0595389998025547,6,2021,0.2902629728781814
2021-04-05,0.498244511341511,0.3004609942436218,0.2980990120564997,0.298055164774564,0.4973361237217892,0,2021,0.3066985424937394
2021-04-06,0.0353863008158031,0.3474829792976379,0.3016690654014414,0.3016265892735628,0.498244511341511,1,2021,0.31280161583638455
2021-04-07,0.4011526940442503,0.3410741686820984,0.2979262601786863,0.2978855394282976,0.0353863008158031,2,2021,0.3218655865624981
2021-04-08,0.1528705517984005,0.273454487323761,0.2989341725159179,0.2988953738143187,0.4011526940442503,3,2021,0.350929512536499
2021-04-09,0.0084062576231207,0.2067257463932037,0.2959420512847747,0.2959038881830569,0.1528705517984005,4,2021,0.09043213982839186
2021-04-11,0.1360944470149798,0.2309580743312835,0.2922596509874561,0.2922232569260801,0.0084062576231207,6,2021,0.28815269522280934
2021-04-12,0.3118139690923777,0.2971523702144623,0.2891724075199826,0.2891382854821539,0.1360944470149798,0,2021,0.29751442416379037
2021-04-13,0.2474172916160391,0.3443458378314972,0.2885409297083144,0.2885088391819993,0.3118139690923777,1,2021,0.29918901007495263
2021-04-14,0.1177812162371606,0.3359315991401672,0.286827379346842,0.2867974312380629,0.2474172916160391,2,2021,0.30987487521336676
2021-04-15,0.1436577851485453,0.2686689794063568,0.283777411817543,0.2837480577413583,0.1177812162371606,3,2021,0.3331364492719442
2021-04-16,0.057605371415272,0.2048075944185257,0.2809256956349932,0.2808983773113325,0.1436577851485453,4,2021,0.08584353483650721
2021-04-18,0.5139343865164322,0.2274559438228607,0.2776365665844256,0.2776102338724494,0.057605371415272,6,2021,0.27373510056351535
2021-04-19,0.0274208225472016,0.2874303460121155,0.2825974867710989,0.2825713108116617,0.5139343865164322,0,2021,0.29074983075979655
2021-04-20,0.0157886646026186,0.3397567570209503,0.2791858598781719,0.2791609062897285,0.0274208225472016,1,2021,0.2894887083378929
2021-04-21,0.1604956582431327,0.337675392627716,0.275808050677034,0.2757845240654307,0.0157886646026186,2,2021,0.2979701082965281
2021-04-22,0.6702082153865543,0.2751297354698181,0.2733807667162467,0.2733570280493984,0.1604956582431327,3,2021,0.3209314558892669
2021-04-23,0.0231500621124915,0.2084317207336425,0.2843675892345195,0.2843417167440837,0.6702082153865543,4,2021,0.08689528737358514
2021-04-25,0.0794123527935475,0.2335261404514312,0.2809151759344807,0.2808905779523972,0.0231500621124915,6,2021,0.2769676375134812
2021-04-26,0.0347506643356249,0.304933100938797,0.277728840113125,0.2777049894204101,0.0794123527935475,0,2021,0.2857407338707582
2021-04-27,0.2981933030448562,0.3573271334171295,0.2744033410272311,0.2743809790073726,0.0347506643356249,1,2021,0.28452969929150124
2021-04-28,0.0263967599510029,0.3441152572631836,0.2739318813974882,0.2739110816698623,0.2981933030448562,2,2021,0.2959431828241331
2021-04-29,0.8483965418827576,0.2704706788063049,0.2706790358996359,0.2706592282748319,0.0263967599510029,3,2021,0.31775979749204036
2021-04-30,0.053236178567037,0.2041558772325515,0.2907292785556968,0.290693497612207,0.8483965418827576,4,2021,0.08883925301057365
2021-05-02,0.3063883063231931,0.2264779061079025,0.2872094969407735,0.2871756960977817,0.053236178567037,6,2021,0.2831735080687659
2021-05-03,0.4278747830133831,0.2891323864459991,0.2865306422748647,0.286498859322977,0.3063883063231931,0,2021,0.29479644953952455
2021-05-04,0.0441377939101646,0.3329833149909973,0.2888546492366735,0.2888190063286774,0.4278747830133831,1,2021,0.2995143068542547
2021-05-05,0.4695253962670715,0.326855331659317,0.2853701941043223,0.2853359242477696,0.0441377939101646,2,2021,0.30830060048332947
2021-05-06,0.8314082262259175,0.2597150206565857,0.2886366809539113,0.2886034546881088,0.4695253962670715,3,2021,0.33884091903850655
2021-05-07,0.0411018592046823,0.188900426030159,0.305734375715365,0.3056973489551002,0.8314082262259175,4,2021,0.09342441770275178
2021-05-09,0.3070277131475699,0.2125499248504638,0.301909803085413,0.3018749270379788,0.0411018592046823,6,2021,0.2976672393172169
2021-05-10,0.1474580238442299,0.2890157699584961,0.3010095378941176,0.3009733390915592,0.3070277131475699,0,2021,0.3096930308891541
2021-05-11,0.6458082219631427,0.3397440910339355,0.2978421813910186,0.2978083774022105,0.1474580238442299,1,2021,0.3088335076033255
2021-05-12,0.0977169103153099,0.3275266289710998,0.306692600853568,0.3066507970532517,0.6458082219631427,2,2021,0.331336330704472
2021-05-13,0.5209226558763546,0.2590581178665161,0.3030667364164476,0.3030273954400129,0.0977169103153099,3,2021,0.35578087704572586
2021-05-14,0.067541969192058,0.1952169984579086,0.3070976099204278,0.3070593191152429,0.5209226558763546,4,2021,0.09384098637123228
2021-05-16,0.1251636760596148,0.2160936594009399,0.3033628632995987,0.3033261007327462,0.067541969192058,6,2021,0.2990998805169993
2021-05-17,0.5907612543727988,0.284687340259552,0.2999739005490842,0.299939533253654,0.1251636760596148,0,2021,0.3086275175817379
2021-05-18,0.4008448509186665,0.3330714702606201,0.3063898798793938,0.3063555694686685,0.5907612543727988,1,2021,0.3176966434216699
2021-05-19,0.4425583777478413,0.3188726902008056,0.3073281025053093,0.3072910747851697,0.4008448509186665,2,2021,0.3320228969433006
2021-05-20,0.3973932986186573,0.2531436085700989,0.3090248758575181,0.3089894943802127,0.4425583777478413,3,2021,0.36277534994951544
2021-05-21,0.0550219896528274,0.1947830021381378,0.309795500924944,0.3097575657725079,0.3973932986186573,4,2021,0.09466539120151239
2021-05-23,0.3403218708176837,0.2201319932937622,0.3059630646576773,0.3059267857920173,0.0550219896528274,6,2021,0.3016635427499516
2021-05-24,0.276324570852928,0.288763016462326,0.3054058952844549,0.305371799094485,0.3403218708176837,0,2021,0.31421621395707544
2021-05-25,0.4549516483881517,0.3350632190704345,0.3037245570234646,0.3036927937828083,0.276324570852928,1,2021,0.31493296165353485
2021-05-26,0.0,0.3262284994125366,0.3061198599422778,0.3060842446789864,0.4549516483881517,2,2021,0.3307175682320059
2021-05-27,0.0123025946327308,0.2601129412651062,0.3022497833473951,0.3022160871761828,0.0,3,2021,0.3548218266304625
2021-05-28,0.0270637105998989,0.196114033460617,0.2984570817988871,0.2984251415377526,0.0123025946327308,4,2021,0.09120066728211972
2021-05-30,0.2456983570316204,0.2150613069534301,0.2947392289134049,0.2947091808784708,0.0270637105998989,6,2021,0.290597429074927
2021-05-31,0.0982069134753023,0.2778526246547699,0.292849507551484,0.29282163063114,0.2456983570316204,0,2021,0.3012976008086409
2021-06-01,0.0221098533052144,0.3219558894634247,0.2895443513938263,0.2895173192918143,0.0982069134753023,1,2021,0.30022946122023564
2021-06-02,0.6936139969236231,0.3084377646446228,0.2859951960942244,0.2859695465809816,0.0221098533052144,2,2021,0.3089758233789612
2021-06-03,0.3301487843666537,0.2439627647399902,0.2974969334544269,0.2974610754458999,0.6936139969236231,3,2021,0.34924228621840187
2021-06-04,0.0246617234862236,0.1836674660444259,0.2969825156892777,0.2969487689348158,0.3301487843666537,4,2021,0.09075007849951346
2021-06-06,0.219275820934824,0.2046472132205963,0.2933022719773924,0.2932701250918408,0.0246617234862236,6,2021,0.28918066486326754
2021-06-07,0.1461304432966753,0.265672892332077,0.2910782343240099,0.2910483250002,0.219275820934824,0,2021,0.29947523006854093
2021-06-08,0.0484601588956139,0.3142827749252319,0.2881840099428737,0.2881544806563196,0.1461304432966753,1,2021,0.2988189188320695
2021-06-09,0.0484601588956049,0.3012107014656067,0.2846973905863741,0.2846696698720057,0.0484601588956139,2,2021,0.3075737350542269
2021-06-10,0.5321396116968353,0.2360367476940155,0.2813039284684386,0.2812773352248713,0.0484601588956049,3,2021,0.33023273873707004
2021-06-11,0.0082590705289007,0.1762386709451675,0.2869902316822339,0.2869572215075475,0.5321396116968353,4,2021,0.08769669821574817
2021-06-13,0.0817280153802014,0.1982130706310272,0.2834656711026203,0.2834343066658302,0.0082590705289007,6,2021,0.27948229204882014
2021-06-14,0.0775385669467785,0.2564052045345306,0.2801944257059615,0.2801649748511034,0.0817280153802014,0,2021,0.2882774464297827
2021-06-15,1.1243992788191624,0.2975624203681946,0.2769652239665567,0.2769375908167667,0.0775385669467785,1,2021,0.2871861238802748
2021-06-16,0.7264420540789047,0.2945970892906189,0.3124551526682526,0.312403818561198,1.1243992788191624,2,2021,0.33756192195922685
2021-06-17,0.3567796044831828,0.2502901554107666,0.3235691715963398,0.3235096122832473,0.7264420540789047,3,2021,0.37984941870135613
2021-06-18,0.001685942610564,0.2024537026882171,0.323019134330412,0.3229587234782783,0.3567796044831828,4,2021,0.09870618722888046
2021-06-20,0.4642447973612928,0.2366059273481369,0.3188493573792672,0.3187915279989303,0.001685942610564,6,2021,0.31436875185634156
2021-06-21,0.1802383825528163,0.3119767308235168,0.3206859083852265,0.3206304617603152,0.4642447973612928,0,2021,0.32993702334507724
2021-06-22,0.105588666571481,0.3679374754428863,0.3174241717531652,0.3173717763827504,0.1802383825528163,1,2021,0.32913813585024515
2021-06-23,0.0167675514737379,0.3650276064872741,0.3136982601872684,0.3136475124403606,0.105588666571481,2,2021,0.33890491713705473
2021-06-24,0.0536372791940767,0.295877456665039,0.3096965831050079,0.3096482195818689,0.0167675514737379,3,2021,0.36356389110205395
2021-06-25,0.0050272729568345,0.2259837090969085,0.3058319405092875,0.3057860392309134,0.0536372791940767,4,2021,0.09345423094844643
2021-06-27,0.077955066626147,0.252736896276474,0.3019691537758648,0.3019253223497892,0.0050272729568345,6,2021,0.297725755986758
2021-06-28,0.2401142955341942,0.3248882591724396,0.2983771759992797,0.2983348137458547,0.077955066626147,0,2021,0.30698473088207523
2021-06-29,0.3410113228063691,0.3758807778358459,0.2964552237897931,0.2964125653204417,0.2401142955341942,1,2021,0.3073953668440715
2021-06-30,0.0649660216819437,0.3669402599334717,0.2963792927608419,0.2963348947557986,0.3410113228063691,2,2021,0.3201943153726442
2021-07-01,0.1332613806738752,0.2925867140293121,0.2928316121245971,0.2927887084095007,0.0649660216819437,3,2021,0.34376549871590867
2021-07-02,0.0117994100431757,0.2174669206142425,0.2897102586557223,0.289669757939333,0.1332613806738752,4,2021,0.08852786721838107
2021-07-04,0.0354024077334485,0.2382536232471466,0.2861372865223341,0.2860986277632837,0.0117994100431757,6,2021,0.2821163648029219
2021-07-05,0.348792881170642,0.3079049587249756,0.2826786105952902,0.2826414022625336,0.0354024077334485,0,2021,0.2908332948359414
2021-07-06,0.2363156208277754,0.3554859459400177,0.2831981635713206,0.2831585728966339,0.348792881170642,1,2021,0.29364907883121166
2021-07-07,0.4307087109401726,0.3436547517776489,0.2815895231453647,0.2815492962086491,0.2363156208277754,2,2021,0.30421614053986945
2021-07-08,0.2858313181546431,0.2670998573303222,0.2839282895735526,0.2838895867376506,0.4307087109401726,3,2021,0.3333135700638678
2021-07-09,0.0159984507104864,0.1937340348958969,0.2829641215680062,0.2829275940710405,0.2858313181546431,4,2021,0.08646642441304349
2021-07-11,0.123020937497975,0.2206834852695465,0.2795264822961037,0.2794914524677147,0.0159984507104864,6,2021,0.2755984583832623
2021-07-12,0.7226357612921819,0.2864491939544678,0.2766649400387662,0.2766304217300371,0.123020937497975,0,2021,0.2846461425136323
2021-07-13,0.5006469721407788,0.3339765071868896,0.2900903766718772,0.2900450858884735,0.7226357612921819,1,2021,0.3007956365721384
2021-07-14,0.1953860764105277,0.3236343264579773,0.2940729309414003,0.2940289552581427,0.5006469721407788,2,2021,0.3177026300160238
2021-07-15,0.0575890528966916,0.2532370686531067,0.2916466351904769,0.2916028520650281,0.1953860764105277,3,2021,0.3423744119279449
2021-07-16,0.0211763012569606,0.1911950260400772,0.2881569561133614,0.2881146387068707,0.0575890528966916,4,2021,0.08805321864411877
2021-07-18,0.0974481377666327,0.2175820171833038,0.284619245201585,0.2845788332810548,0.0211763012569606,6,2021,0.2806196556384666
2021-07-19,0.1323424808857597,0.2737958431243896,0.2814685227439796,0.2814290643991448,0.0974481377666327,0,2021,0.2895882984915188
2021-07-20,0.1306468902690953,0.3178146481513977,0.278646697649698,0.2786077817864511,0.1323424808857597,1,2021,0.2889296493039805
2021-07-21,0.2359672777989535,0.3056434988975525,0.2757889625555166,0.2757521873837839,0.1306468902690953,2,2021,0.297949486383492
2021-07-22,0.0237917205935068,0.2375561892986297,0.2743603176812328,0.2743226767155232,0.2359672777989535,3,2021,0.32208138578772616
2021-07-23,0.0093460723199203,0.1793583780527115,0.2710797410460221,0.2710437363622747,0.0237917205935068,4,2021,0.08283486899037831
2021-07-25,0.2622078713560303,0.2033794671297073,0.2678546185823873,0.267819964590611,0.0093460723199203,6,2021,0.2640906126166051
2021-07-26,0.1380402737797152,0.2574184238910675,0.2669105243802879,0.2668777997429558,0.2622078713560303,0,2021,0.2746103324494031
2021-07-27,0.2257041529941733,0.2996447682380676,0.2643579939039855,0.2643271475806504,0.1380402737797152,1,2021,0.2741136468281598
2021-07-28,0.3691565014531833,0.2882420122623443,0.2629160086643561,0.2628870065995453,0.2257041529941733,2,2021,0.2840421495395182
2021-07-29,0.1768227938971115,0.2275462597608566,0.264361583881025,0.2643338457096829,0.3691565014531833,3,2021,0.31034351470742233
2021-07-30,0.0117993105968282,0.1735613793134689,0.2623785629631126,0.2623502666520027,0.1768227938971115,4,2021,0.0801760168615599
2021-08-01,0.0345511929919084,0.1995237320661544,0.2593191944536717,0.2592919498124432,0.0117993105968282,6,2021,0.2556751318643039
2021-08-02,0.0530957801329458,0.2594791352748871,0.2563393613343918,0.2563133944879432,0.0345511929919084,0,2021,0.26373421355094284
2021-08-03,0.2295630871592774,0.3000852763652801,0.2535024768890503,0.2534770876582696,0.0530957801329458,1,2021,0.26285752662076495
2021-08-04,0.0169004563525469,0.2906566858291626,0.2525487710954361,0.2525217819701497,0.2295630871592774,2,2021,0.2728418713258694
2021-08-05,0.6171289273833814,0.2295915633440017,0.2496832786914331,0.2496571171065539,0.0169004563525469,3,2021,0.29311212747025006
2021-08-06,0.0153070336118265,0.1747403591871261,0.2604614618303184,0.2604254086727288,0.6171289273833814,4,2021,0.07959020096634198
2021-08-08,0.1821633674482934,0.197334736585617,0.2574427677441425,0.2574078567526586,0.0153070336118265,6,2021,0.25382507349356387
2021-08-09,0.1551855289738059,0.2574715316295624,0.2556889033114725,0.2556533823480068,0.1821633674482934,0,2021,0.2630649911801391
2021-08-10,0.1790388651463511,0.2981887757778168,0.2536477239242593,0.2536119029802889,0.1551855289738059,1,2021,0.2630081337347173
2021-08-11,0.0801015798979751,0.2907066345214844,0.2518246375264583,0.2517906507615937,0.1790388651463511,2,2021,0.27205955131222287
2021-08-12,0.5500428311681914,0.2274529039859771,0.2492138852203705,0.2491803031761852,0.0801015798979751,3,2021,0.2925610896929312
2021-08-13,0.0144138033613243,0.1699355840682983,0.2569448854425913,0.2569109906863603,0.5500428311681914,4,2021,0.07851562732521335
2021-08-15,0.1442524157855193,0.1906154453754425,0.2539917732069039,0.2539589291750546,0.0144138033613243,6,2021,0.25042257378570254
2021-08-16,0.5688510613345905,0.2548462748527527,0.2518692747137163,0.2518361651982753,0.1442524157855193,0,2021,0.2591351743192325
2021-08-17,0.0059781796460844,0.2999740242958069,0.2605247004052884,0.2604834888336236,0.5688510613345905,1,2021,0.2701388925762715
2021-08-18,0.2805218859036769,0.2944872975349426,0.2574949051638952,0.2574550003683473,0.0059781796460844,2,2021,0.2781854430613939
2021-08-19,0.1976445865482005,0.234760046005249,0.2573551683170059,0.2573133959830782,0.2805218859036769,3,2021,0.30211843298519653
2021-08-20,0.0581405307165956,0.1769686043262481,0.2556848441293453,0.2556451050284963,0.1976445865482005,4,2021,0.07813059170173797
2021-08-22,0.4556671791900777,0.2012760937213897,0.252882179218858,0.2528432306469815,0.0581405307165956,6,2021,0.24932857227992444
2021-08-23,0.080847283892718,0.2559911608695984,0.2571535873036301,0.2571155733349178,0.4556671791900777,0,2021,0.2645719282293753
2021-08-24,0.1190243545292465,0.2999370396137237,0.2543874188400339,0.2543510836600839,0.080847283892718,1,2021,0.2637751257515234
2021-08-25,0.1266807686939434,0.2911202609539032,0.2519339358495474,0.2518993427367285,0.1190243545292465,2,2021,0.2721776321045984
2021-08-26,0.3498941998547727,0.2293094098567962,0.2496811253285157,0.2496464646071303,0.1266807686939434,3,2021,0.2931095995605348
2021-08-27,0.0407014217198456,0.1719748973846435,0.2511264927101286,0.2510932336776751,0.3498941998547727,4,2021,0.07673767889620739
2021-08-29,0.0559601849419325,0.1919474154710769,0.2483455958020245,0.2483130708435059,0.0407014217198456,6,2021,0.244855738844837
2021-08-30,0.094044292470105,0.2523208558559418,0.2456397420111368,0.2456085454672627,0.0559601849419325,0,2021,0.25272593268130283
2021-08-31,0.2588001918103498,0.2934256196022033,0.2431838660834375,0.2431541009815253,0.094044292470105,1,2021,0.25215812617383054
2021-09-01,0.2884568724725929,0.2793949246406555,0.242867535893913,0.2428392634006998,0.2588001918103498,2,2021,0.2623827179604734
2021-09-02,0.0421024274058037,0.219178631901741,0.2431467523177061,0.2431198392874999,0.2884568724725929,3,2021,0.28543866546786945
2021-09-03,0.0109449259853392,0.1674199998378753,0.2404978383137875,0.2404719894463483,0.0421024274058037,4,2021,0.07348984048870555
2021-09-05,0.0623247137656368,0.1934925317764282,0.2378576374901875,0.2378324338010378,0.0109449259853392,6,2021,0.2345151617424918
2021-09-06,0.2108442136906622,0.2543759942054748,0.2354301660106302,0.2354050973874155,0.0623247137656368,0,2021,0.24222183185509494
2021-09-07,0.2527548652581992,0.29682657122612,0.234653664614712,0.234626804845254,0.2108442136906622,1,2021,0.24331313307095306
2021-09-08,0.0778387930293102,0.2896377146244049,0.2346534442458598,0.23462415073784,0.2527548652581992,2,2021,0.25350859781815005
2021-09-09,0.1193211530391896,0.2291688472032547,0.2323245624422527,0.232296432164284,0.0778387930293102,3,2021,0.27273410986083835
2021-09-10,0.0304785128845308,0.1719511300325393,0.2304322301620176,0.2304035615542221,0.1193211530391896,4,2021,0.07041405426675107
2021-09-12,0.0287850184433784,0.193536564707756,0.2280072633087277,0.2279794181113382,0.0304785128845308,6,2021,0.2248032091696659
2021-09-13,0.0465815503140149,0.2499909698963165,0.2256488515138603,0.2256213186149732,0.0287850184433784,0,2021,0.23215834697758173
2021-09-14,0.0922950628389868,0.2883558869361877,0.2233984003148511,0.2233709645199411,0.0465815503140149,1,2021,0.2316425136291585
2021-09-15,0.4113260231663076,0.2808805406093597,0.2213980773392485,0.2213716569881129,0.0922950628389868,2,2021,0.23918811985176097
2021-09-16,0.3643952778475783,0.2189882546663284,0.226067758127879,0.226035286092945,0.4113260231663076,3,2021,0.26538902358448596
2021-09-17,0.0093819431779,0.1664740741252899,0.2290743693810369,0.2290373180135966,0.3643952778475783,4,2021,0.06999912757593424
2021-09-19,0.0119393820658824,0.1911476850509643,0.2266512468862086,0.2266150179490284,0.0093819431779,6,2021,0.22346624806129847
2021-09-20,0.0179096076995367,0.2467133551836013,0.2242778089922319,0.2242423634746479,0.0119393820658824,0,2021,0.23074775275863588
2021-09-21,0.2715954046382546,0.2886794507503509,0.2219704687211067,0.2219355137709009,0.0179096076995367,1,2021,0.23016188680640925
2021-09-22,0.3849687859742512,0.2831852734088897,0.2227686596100633,0.2227308327548146,0.2715954046382546,2,2021,0.24066883278476456
2021-09-23,0.1483490053889659,0.2214491814374923,0.2262509898350746,0.226214175726177,0.3849687859742512,3,2021,0.26560412583641724
2021-09-24,0.0025596723620729,0.1676361560821533,0.2248150610418899,0.2247774093294835,0.1483490053889659,4,2021,0.0686975945034094
2021-09-26,0.2084063652014351,0.1950092166662216,0.2224784975407369,0.2224415159064255,0.0025596723620729,6,2021,0.2193521359478939
2021-09-27,0.1077899739932066,0.2576638758182525,0.222019855493928,0.2219811045457308,0.2084063652014351,0,2021,0.22842466204400716
2021-09-28,0.7440024697225277,0.3018811345100403,0.2202507624269267,0.2202116211596139,0.1077899739932066,1,2021,0.2283787178664065
2021-09-29,0.1389314583889958,0.2964269518852234,0.2398588132139511,0.2398058365998823,0.7440024697225277,2,2021,0.25913223480531616
2021-09-30,0.1009817757621203,0.2391406595706939,0.2379966013067575,0.2379435778585964,0.1389314583889958,3,2021,0.279392719069201
2021-10-01,0.0155266109170543,0.1830161958932876,0.2357476633664408,0.2356964467630617,0.1009817757621203,4,2021,0.07203831143704528
2021-10-03,0.2050699507198789,0.2068535536527633,0.2331959388372997,0.2331459786762367,0.0155266109170543,6,2021,0.2299189712433667
2021-10-04,0.1990324752452795,0.2711261808872223,0.2322387992594406,0.2321907996176831,0.2050699507198789,0,2021,0.23893840087556753
2021-10-05,0.3499120151279083,0.318925678730011,0.2313583609465824,0.2313092758909408,0.1990324752452795,1,2021,0.2398962221898496
2021-10-06,0.0086545618249383,0.3145087361335754,0.2337405617556764,0.2336880373834768,0.3499120151279083,2,2021,0.25252236230474046
2021-10-07,0.1599744382123029,0.2494818717241287,0.2312245305547566,0.2311732076033887,0.0086545618249383,3,2021,0.27144274310004074
2021-10-08,0.0337030590876506,0.1884225010871887,0.2296969584816467,0.2296475232974607,0.1599744382123029,4,2021,0.07018937449879482
2021-10-10,0.1383879754144921,0.2098766565322876,0.2273183746716816,0.2272696749765325,0.0337030590876506,6,2021,0.22412400108602346
2021-10-11,0.2053397707254237,0.2763757407665252,0.2257401530801998,0.2256910467478314,0.1383879754144921,0,2021,0.2322522824023607
2021-10-12,0.5845845873582852,0.3199014663696289,0.2251383260507707,0.2250879185090847,0.2053397707254237,1,2021,0.23344664817277405
2021-10-13,0.0060359136882455,0.305597722530365,0.2358824462980292,0.2358321760958281,0.5845845873582852,2,2021,0.2548363541098269
2021-10-14,0.0060359136882548,0.2368620932102203,0.233327939971396,0.2332787530472562,0.0060359136882455,3,2021,0.27391201061480314
2021-10-15,0.0017245095926244,0.1817364990711212,0.2308195262155943,0.2307714490527911,0.0060359136882548,4,2021,0.07053240179701918
2021-10-17,0.1042793401658981,0.2059156894683838,0.2283623762983726,0.2283152873622542,0.0017245095926244,6,2021,0.22515333196194695
2021-10-18,0.1764238070289772,0.2625315189361572,0.2263442228445002,0.2262986970574969,0.1042793401658981,0,2021,0.23287377831070796
2021-10-19,0.1537939722069233,0.3024134933948517,0.2251474251108255,0.2251036224564311,0.1764238070289772,1,2021,0.23345608301715876
2021-10-20,0.1959352665682991,0.2926791310310364,0.2236912338590024,0.2236490466931924,0.1537939722069233,2,2021,0.24166553882069483
2021-10-21,0.1701762335916821,0.2283782958984375,0.2229919223101502,0.2229483250128962,0.1959352665682991,3,2021,0.26177818995153823
2021-10-22,0.0704418969407161,0.171535924077034,0.2217951893808668,0.2217532127049813,0.1701762335916821,4,2021,0.06777480081752442
2021-10-24,0.2254035848860313,0.1950224936008453,0.2197467854447828,0.219704893240577,0.0704418969407161,6,2021,0.2166588110213692
2021-10-25,0.1594656086227484,0.2503189146518707,0.2196722044368958,0.2196283526780036,0.2254035848860313,0,2021,0.22600928618446156
2021-10-26,0.081057546669963,0.2944952845573425,0.2185407560447346,0.2184959389509027,0.1594656086227484,1,2021,0.2266056067960738
2021-10-27,0.6837809688478241,0.2878328859806061,0.2165698695490865,0.216526314867914,0.081057546669963,2,2021,0.2339719501475729
2021-10-28,1.0378125451841076,0.2184418141841888,0.2328091453139529,0.2327638424375671,0.6837809688478241,3,2021,0.27330297901861333
2021-10-29,0.0,0.1630524694919586,0.2691548482656195,0.2690883990309181,1.0378125451841076,4,2021,0.08224667217172299
2021-10-31,0.3566174377084105,0.2004787176847458,0.265959796490024,0.2658952983776049,0.0,6,2021,0.2622224173627018
2021-11-01,0.2001709022920735,0.2667796611785888,0.2669974770395285,0.2669355653731495,0.3566174377084105,0,2021,0.2746997935102468
2021-11-02,0.280299456898795,0.3089184165000915,0.2652577636204825,0.2651958665177699,0.2001709022920735,1,2021,0.27504662091625987
2021-11-03,0.5042404785013118,0.3093242049217224,0.2647092475660312,0.2646499770254655,0.280299456898795,2,2021,0.285979480913356
2021-11-04,0.1271631969073012,0.2390337884426117,0.2702893964063097,0.270225346391141,0.5042404785013118,3,2021,0.3173023857605307
2021-11-05,0.0510188651154431,0.1800827085971832,0.2675734727233794,0.267511962943747,0.1271631969073012,4,2021,0.08176344522396002
2021-11-07,0.202193085448144,0.2088730335235595,0.264511910050078,0.2644518689092698,0.0510188651154431,6,2021,0.26079487723310346
2021-11-08,0.0673069480999902,0.2702388763427734,0.2627319579386946,0.2626744712790963,0.202193085448144,0,2021,0.27031122314169753
2021-11-09,0.9873819452134112,0.3185726702213287,0.2597914384374813,0.2597360263314401,0.0673069480999902,1,2021,0.26937857090372547
2021-11-10,0.2651896699594868,0.310373306274414,0.2889656833521309,0.2888935324852553,0.9873819452134112,2,2021,0.3121849987738024
2021-11-11,0.0532972206321101,0.2504041194915771,0.2876732502953057,0.2876010464053187,0.2651896699594868,3,2021,0.33770991334403655
2021-11-12,0.0034957701185228,0.195980355143547,0.2842413540870083,0.2841711149350584,0.0532972206321101,4,2021,0.08685671321874154
2021-11-14,0.6787177818471921,0.2186108529567718,0.2807667048204045,0.2806987240362896,0.0034957701185228,6,2021,0.2768212527780611
2021-11-15,0.391431338189433,0.2894221842288971,0.2919991952936638,0.2919240126128143,0.6787177818471921,0,2021,0.3004227588279886
2021-11-16,0.0247362935692489,0.3392570316791534,0.2931990763961237,0.2931223461212332,0.391431338189433,1,2021,0.304019057228812
2021-11-17,0.4627903449014749,0.3447993397712707,0.2895877807615453,0.2895133759300567,0.0247362935692489,2,2021,0.31285708369662885
2021-11-18,0.7920116628463545,0.2739003598690033,0.2924920070949109,0.2924203614176227,0.4627903449014749,3,2021,0.3433668242300857
2021-11-19,0.0398828336278805,0.2139219343662262,0.307855288948025,0.3077747051602786,0.7920116628463545,4,2021,0.09407251323762808
2021-11-21,0.4253492895435979,0.2494880259037017,0.3039899426022195,0.303912315300027,0.0398828336278805,6,2021,0.29971814783702827
2021-11-22,0.0987285445690608,0.3418179750442505,0.3056069571554902,0.3055276543156613,0.4253492895435979,0,2021,0.31442307604082465
2021-11-23,0.4365651980032658,0.3902439177036285,0.3020070204779841,0.3019308729007016,0.0987285445690608,1,2021,0.31315204253287726
2021-11-24,0.0580214695708752,0.3984348177909851,0.303981659054525,0.3039035743502307,0.4365651980032658,2,2021,0.32840755607492966
2021-11-25,0.980365185106459,0.3223173320293426,0.3002338912550285,0.3001587543232859,0.0580214695708752,3,2021,0.35245529883156146
2021-11-26,0.1538774767048178,0.2416168749332428,0.3238653571439082,0.3237880373106087,0.980365185106459,4,2021,0.09896477075718893
2021-11-28,0.0858851759206946,0.2717061638832092,0.3203806403215222,0.3203051415120479,0.1538774767048178,6,2021,0.31587851656545785
2021-11-29,0.4286901483248359,0.3766232430934906,0.3164876664246672,0.3164144416239681,0.0858851759206946,0,2021,0.32561767092100563
2021-11-30,0.1915785505984059,0.4142621457576751,0.3175273674096131,0.3174572111379198,0.4286901483248359,1,2021,0.3292451397554724
2021-12-01,0.1370668791352972,0.409623384475708,0.3145483354427374,0.3144794044732175,0.1915785505984059,2,2021,0.33982329865387606
2021-12-02,0.0911040905062502,0.3342186510562897,0.3111042591431371,0.3110369810051067,0.1370668791352972,3,2021,0.36521641233009683
2021-12-03,0.022105016602446,0.2461146861314773,0.307361569168172,0.3072972601732997,0.0911040905062502,4,2021,0.09392164540396308
2021-12-05,0.231068639864323,0.2757258415222168,0.3034897195762625,0.3034277280244045,0.022105016602446,6,2021,0.29922495415581013
2021-12-06,0.1303775367721617,0.3509079217910766,0.3013169132482814,0.3012552989163044,0.231068639864323,0,2021,0.31000927337674306
2021-12-07,0.6501944732420671,0.3906237483024597,0.2980789996264499,0.2980187376643003,0.1303775367721617,1,2021,0.3090790651867783
2021-12-08,0.4303362286518213,0.3683023452758789,0.3067289189308883,0.3066694453602747,0.6501944732420671,2,2021,0.33137556705528076
2021-12-09,0.2078883282992457,0.284001737833023,0.308374209934358,0.3083124069818245,0.4303362286518213,3,2021,0.3620115099598718
2021-12-10,0.0459636011733882,0.214099645614624,0.3056715389610336,0.3056128071050656,0.2078883282992457,4,2021,0.09340521643639106
2021-12-12,0.2514054349439414,0.2429893314838409,0.3018846570529189,0.3018279616478794,0.0459636011733882,6,2021,0.29764244664736716
2021-12-13,0.2324922070909197,0.3114470839500427,0.3000470518663904,0.2999903388387164,0.2514054349439414,0,2021,0.3087027791609177
2021-12-14,0.323744001913689,0.3571173548698425,0.2979750296891107,0.297918487618194,0.2324922070909197,1,2021,0.30897125842722595
2021-12-15,0.3279952370927507,0.3440262377262115,0.2973230197322457,0.2972692025326046,0.323744001913689,2,2021,0.32121387381983696
2021-12-16,0.8277987534601858,0.2650276720523834,0.2967715617968291,0.2967203742475052,0.3279952370927507,3,2021,0.348390746496241
2021-12-17,0.001779929514845,0.1988374888896942,0.3134661653821856,0.3134037263695322,0.8277987534601858,4,2021,0.0957870501209505
2021-12-19,0.3518033531679029,0.2320694923400879,0.3094646362082117,0.3094047056995735,0.001779929514845,6,2021,0.3051159087416064
2021-12-20,0.0266014047110198,0.3036550283432007,0.3090345305928373,0.3089774593019737,0.3518033531679029,0,2021,0.31794952777332947
2021-12-21,0.3928756612952484,0.3437481820583343,0.3051257814240963,0.3050711950547546,0.0266014047110198,1,2021,0.31638589570258524
2021-12-22,0.0309043952924442,0.3402711451053619,0.3057053235099091,0.3056532364901905,0.3928756612952484,2,2021,0.33026972247354247
2021-12-23,0.0980439863194875,0.2633998990058899,0.3018623784432007,0.3018126642861245,0.0309043952924442,3,2021,0.35436703816302506
2021-12-24,0.0733750336807972,0.19974185526371,0.2983837920392032,0.298335490838896,0.0980439863194875,4,2021,0.09117827185109884
2021-12-26,0.1564095065893449,0.2263510674238205,0.2948365297822458,0.294789761060632,0.0733750336807972,6,2021,0.2906933626309594
2021-12-27,0.2077156016403402,0.2891135215759277,0.2918739191447017,0.2918296980458266,0.1564095065893449,0,2021,0.3002938687252309
2021-12-28,0.3973760781274725,0.3326089680194855,0.2896534183446413,0.289609208624815,0.2077156016403402,1,2021,0.30034255308931374
2021-12-29,0.2179197912102023,0.3158072233200073,0.2908519438665998,0.2908096988392792,0.3973760781274725,2,2021,0.31422282634407117
2021-12-30,0.4256919505428464,0.2445656806230545,0.2887920787568055,0.2887496559699228,0.2179197912102023,3,2021,0.33902334607506757
2021-12-31,0.0052767199920696,0.1852964013814926,0.2907285025461922,0.2906878055228873,0.4256919505428464,4,2021,0.08883901588239358
2022-01-02,0.6750373077392995,0.21509750187397,0.2871354296880214,0.2855432411880669,0.0052767199920696,6,2022,0.283100481640259
2022-01-03,0.1098482610037655,0.2886180579662323,0.2977937636625336,0.2960535672284773,0.6750373077392995,0,2022,0.3063844883246829
2022-01-04,0.2372627380128253,0.3358489871025085,0.2944704814846423,0.2927310553132072,0.1098482610037655,1,2022,0.30533738121918197
2022-01-05,0.1167904010723481,0.3320090174674988,0.292465316450961,0.2907786321724235,0.2372627380128253,2,2022,0.31596583856762556
2022-01-06,0.5808324505155459,0.255108505487442,0.2892962168983825,0.2876058419989182,0.1167904010723481,3,2022,0.339615171863286
2022-01-07,0.0510626320675504,0.1940871328115463,0.2959180139320749,0.2943042631596704,0.5808324505155459,4,2022,0.09042479464297122
2022-01-09,0.2654170410889464,0.2197885066270828,0.2923256838081322,0.2907203998362731,0.0510626320675504,6,2022,0.2882178001224651
2022-01-10,0.3754333786083959,0.2900101244449615,0.2909501918877785,0.2893083832388001,0.2654170410889464,0,2022,0.29934349387693593
2022-01-11,0.6339707406031468,0.3357016742229461,0.2915919517861534,0.2900132881977391,0.3754333786083959,1,2022,0.3023526245961516
2022-01-12,0.1275354389397484,0.3245304524898529,0.3000069207017889,0.2984996235246012,0.6339707406031468,2,2022,0.3241134348028788
2022-01-13,0.3498005333297992,0.2535653412342071,0.2967004574395429,0.2952287740224072,0.1275354389397484,3,2022,0.3483072745491174
2022-01-14,0.0061324163929967,0.1971952617168426,0.2968022828185772,0.2952725619724575,0.3498005333297992,4,2022,0.09069500405472232
2022-01-16,0.0753718232717787,0.2253305166959762,0.2931026655445955,0.2915879903770927,0.0061324163929967,6,2022,0.28898386338417215
2022-01-17,0.693274173114105,0.2956721782684326,0.2896639522724588,0.2881504529296848,0.0753718232717787,0,2022,0.2980201489500447
2022-01-18,0.1226404011153322,0.3366177678108215,0.3009050970854672,0.2992344235794077,0.693274173114105,1,2022,0.31200945465351176
2022-01-19,0.2578071936381538,0.3347535133361816,0.2975457557680326,0.2959134125726321,0.1226404011153322,2,2022,0.3214545074073702
2022-01-20,0.2798488701291158,0.2669788002967834,0.2959146507652774,0.2942505978620408,0.2578071936381538,3,2022,0.3473847880002327
2022-01-21,0.0326234071428985,0.1957639455795288,0.2945314342972727,0.2929231775910139,0.2798488701291158,4,2022,0.09000109222260456
2022-01-23,0.1367814225848027,0.2264806032180786,0.2909120144526361,0.2893148719940193,0.0326234071428985,6,2022,0.286823996244428
2022-01-24,0.2121604020650793,0.2933403849601745,0.2879365233139216,0.2863293821952455,0.1367814225848027,0,2022,0.2962428872939597
2022-01-25,0.5332683453589938,0.3416887819766998,0.2858661089615993,0.2842321892746455,0.2121604020650793,1,2022,0.2964154799135761
2022-01-26,0.86493207888552,0.3345444798469543,0.2913659766348503,0.2896261903694472,0.5332683453589938,2,2022,0.31477816328672964
2022-01-27,0.0331982973219848,0.2666472494602203,0.3103329175113729,0.3084013290144418,0.86493207888552,3,2022,0.36431090681175493
2022-01-28,0.0269166929981846,0.2077905237674713,0.3064106438046231,0.3045118333107515,0.0331982973219848,4,2022,0.09363106751863218
2022-01-30,0.7723150516515295,0.2430997341871261,0.3025641529553539,0.3006867260193503,0.0269166929981846,6,2022,0.29831239398706305
2022-01-31,0.3377961147583698,0.3075805902481079,0.3158731018509055,0.3140850756527897,0.7723150516515295,0,2022,0.3249853774499851
2022-02-01,0.3030439605968103,0.3695949018001556,0.3149891923428391,0.3132685574708475,0.3377961147583698,1,2022,0.32661329793534416
2022-02-02,1.202200752077931,0.3739375472068786,0.3135054811439865,0.3118473697776437,0.3030439605968103,2,2022,0.33869664768203706
2022-02-03,0.0812656513862741,0.2964078783988952,0.3484159200636096,0.3467924229191744,1.202200752077931,3,2022,0.4090179050418453
2022-02-04,0.0628700183122826,0.2238767594099044,0.3439538172273584,0.3423749999221269,0.0812656513862741,4,2022,0.10510327802007043
2022-02-06,0.1275276409896623,0.2820383012294769,0.3395058193851466,0.3379674176504648,0.0628700183122826,6,2022,0.33473494055413483
2022-02-07,0.2196235783671065,0.3698022663593292,0.335511334301585,0.3339822675806529,0.1275276409896623,0,2022,0.3451901316631091
2022-02-08,0.0385346334782597,0.4246447682380676,0.3324746121545965,0.3309358316093632,0.2196235783671065,1,2022,0.3447439854933038
2022-02-09,0.0568990058025051,0.4090832769870758,0.3281687981465262,0.3266632778943898,0.0385346334782597,2,2022,0.35453820903061917
2022-02-10,0.7087276573270647,0.3185321390628814,0.3239824406446933,0.3225108813644267,0.0568990058025051,3,2022,0.3803345700123103
2022-02-11,0.0405500710775119,0.2340269535779953,0.3336977207177714,0.3320825215731196,0.7087276573270647,4,2022,0.10196928354506432
2022-02-13,0.3311860802733525,0.2743164896965027,0.3293947284871273,0.3278027670942876,0.0405500710775119,6,2022,0.3247659349659083
2022-02-14,0.4642345392242999,0.3623672425746918,0.3281940186309018,0.326567480245108,0.3311860802733525,0,2022,0.33766172680298234
2022-02-15,0.158369879481903,0.4116541743278503,0.3297004224090525,0.328145098070481,0.4642345392242999,1,2022,0.34186741930018716
2022-02-16,0.1284363493028484,0.415856659412384,0.3260593823822665,0.3245517472122023,0.158369879481903,2,2022,0.35225929497362923
2022-02-17,0.3509610932038801,0.3295796513557434,0.32232593921261,0.3208220238243922,0.1284363493028484,3,2022,0.3783899437583612
2022-02-18,0.0371080466871733,0.2483216822147369,0.3216958556693993,0.3201471677386648,0.3509610932038801,4,2022,0.09830182792818251
2022-02-20,0.0822168537810511,0.2784323096275329,0.3175973514735968,0.3160673593844073,0.0371080466871733,6,2022,0.31313433966521337
2022-02-21,0.1608342517078603,0.3525385856628418,0.3137371211763164,0.3122164583212451,0.0822168537810511,0,2022,0.3227877782188709
2022-02-22,0.1917935934941725,0.3980777561664581,0.3104325629229821,0.3089553663369618,0.1608342517078603,1,2022,0.32188851436032906
2022-02-23,0.9546993764039576,0.3914808928966522,0.3076068681994958,0.3061142631189664,0.1917935934941725,2,2022,0.3323240623512073
2022-02-24,0.6676483606734515,0.3043740689754486,0.3296520090590868,0.3279250463000151,0.9546993764039576,3,2022,0.3869902790709644
2022-02-25,1.0972945640239773,0.2349221259355545,0.3372073793811309,0.3355585754482683,0.6676483606734515,4,2022,0.10304174331080895
2022-02-27,0.6419965004032756,0.2846304476261139,0.3639038440479529,0.3620045250920387,1.0972945640239773,6,2022,0.3587901138938236
2022-02-28,0.9060693007853362,0.3594665229320526,0.3689833130332146,0.3671707249582606,0.6419965004032756,0,2022,0.37962770668407736
2022-03-01,0.0,0.4428845345973968,0.3838158280256432,0.3818459630289996,0.9060693007853362,1,2022,0.39797985593993696
2022-03-02,0.4859520997364371,0.4303974509239197,0.378596008501372,0.3766759159540017,0.0,2,2022,0.40901740676846954
2022-03-03,1.2083887634063104,0.3724811673164367,0.3791737623866834,0.377215319777388,0.4859520997364371,3,2022,0.44512563579161774
2022-03-04,0.0750386667347319,0.2933990359306335,0.4076392735314061,0.405446729971111,1.2083887634063104,4,2022,0.12456388547521269
2022-03-06,0.6465618938622839,0.3445554375648498,0.402158552013254,0.4000161965637016,0.0750386667347319,6,2022,0.3965072505834726
2022-03-07,0.4238599610924038,0.4704772531986236,0.4060609784572361,0.4038617931372931,0.6465618938622839,0,2022,0.41777498488593406
2022-03-08,1.535949493527201,0.5211464166641235,0.4043634089410391,0.4022592071612297,0.4238599610924038,1,2022,0.4192857081104658
2022-03-09,0.7354407912960792,0.5373433828353882,0.4482175092918857,0.4461318234850162,1.535949493527201,2,2022,0.4842332174722997
2022-03-10,0.7253027996090904,0.4341525435447693,0.4528499588350353,0.4507032968864939,0.7354407912960792,3,2022,0.5316167568553587
2022-03-11,0.1786164572980637,0.3560065925121307,0.4570061470337228,0.4548051339491584,0.7253027996090904,4,2022,0.13964910904540462
2022-03-13,0.0768442660764815,0.42182058095932,0.4511640052748446,0.4490515694678975,0.1786164572980637,6,2022,0.44482405856648366
2022-03-14,0.2657547945580329,0.5498911738395691,0.4449235765508607,0.4428883008911546,0.0768442660764815,0,2022,0.45775868731623787
2022-03-15,0.4840289312795659,0.6155954599380493,0.4400664379371827,0.4381202992342889,0.2657547945580329,1,2022,0.4563062927215707
2022-03-16,0.6820222902092338,0.6043108701705933,0.4386063735393099,0.436754477133617,0.4840289312795659,2,2022,0.473849796270425
2022-03-17,0.3947165562838408,0.4865900576114654,0.441837151515178,0.4400742970838306,0.6820222902092338,3,2022,0.5186884286154345
2022-03-18,0.0470724562408941,0.366858571767807,0.4389022714628669,0.437140124688198,0.3947165562838408,4,2022,0.13411703883114484
2022-03-20,0.2184525190834768,0.4209335744380951,0.4328151056203745,0.4311080199340784,0.0470724562408941,6,2022,0.42673300538160397
2022-03-21,0.1024873681073542,0.525720477104187,0.4278135712780219,0.4261344809711884,0.2184525190834768,0,2022,0.4401550943253116
2022-03-22,0.2641409923828918,0.5710126161575317,0.4220575415549607,0.4204455398468926,0.1024873681073542,1,2022,0.4376328106385048
2022-03-23,0.0263546519757769,0.543852686882019,0.4177417391596721,0.416144695726343,0.2641409923828918,2,2022,0.45130862189060905
2022-03-24,0.2228702044600039,0.4320182800292969,0.411961228513671,0.4104197624913429,0.0263546519757769,3,2022,0.4836160144874092
2022-03-25,0.0264064870435297,0.3238559365272522,0.4074030478988559,0.4058790523024922,0.2228702044600039,4,2022,0.12449170110891163
2022-03-27,0.0009104441601918,0.3531743288040161,0.4017957429286865,0.4003235173321021,0.0264064870435297,6,2022,0.39614953984503765
2022-03-28,0.9270695359414192,0.4397989213466644,0.396272353329425,0.3948465615607783,0.0009104441601918,0,2022,0.40770397848102774
2022-03-29,0.6375089590381204,0.4819703698158264,0.4098123901371637,0.4084330569396601,0.9270695359414192,1,2022,0.4249357740877037
2022-03-30,0.8189832841864579,0.4621267318725586,0.4129045984060433,0.4115951086326495,0.6375089590381204,2,2022,0.4460828014308137
2022-03-31,0.1781830329291102,0.3687373995780945,0.421803886899968,0.4203589286616573,0.8189832841864579,3,2022,0.4951706630593538
2022-04-01,0.0733552828318488,0.285805344581604,0.4166623422323828,0.4152436671932233,0.1781830329291102,4,2022,0.12732109894624702
2022-04-03,0.6006351513163267,0.3269008100032806,0.4110218876420859,0.4096431709324366,0.0733552828318488,6,2022,0.4052460348853189
2022-04-04,0.6216878681125244,0.4021162092685699,0.4133331169293198,0.4118844407823085,0.6006351513163267,0,2022,0.4252569092801618
2022-04-05,0.0688057640502718,0.4560744166374206,0.4161185876264954,0.4145979519443281,0.6216878681125244,1,2022,0.4314746903727438
2022-04-06,0.1690042928878312,0.4516911506652832,0.4104723961558253,0.4089938910769819,0.0688057640502718,2,2022,0.44345516396295326
2022-04-07,0.033099491857221,0.3617374300956726,0.405467736038669,0.404014076068626,0.1690042928878312,3,2022,0.4759930715172791
2022-04-08,0.3112535738423572,0.2726251482963562,0.3999142232672116,0.3985033809304727,0.033099491857221,4,2022,0.12220331244194423
2022-04-10,0.239551849929153,0.3081561028957367,0.3965436015031368,0.3952032330899037,0.3112535738423572,6,2022,0.390971203723886
2022-04-11,0.5085365690465099,0.3948274254798889,0.392467110997776,0.3911320613655983,0.239551849929153,0,2022,0.40378896289979177
2022-04-12,0.5691671287049713,0.4535041451454162,0.3931268177344409,0.3917357205338548,0.5085365690465099,1,2022,0.40763445085861755
2022-04-13,0.5830222137742825,0.4484466910362243,0.3950165564927251,0.3936960846120461,0.5691671287049713,2,2022,0.426757398227244
2022-04-14,0.1479071412963119,0.3491885960102081,0.3974410304056487,0.3960456154397021,0.5830222137742825,3,2022,0.4665702348058965
2022-04-15,0.0175785135506474,0.2677740156650543,0.3925203061984778,0.3911475668110627,0.1479071412963119,4,2022,0.11994392504046995
2022-04-17,0.2955963882389433,0.3242040574550628,0.387164186067586,0.3858313838499692,0.0175785135506474,6,2022,0.38172359178622456
2022-04-18,0.1187141910116513,0.4084132313728332,0.3839887263636375,0.3826466600574221,0.2955963882389433,0,2022,0.39506599467506404
2022-04-19,0.5702708290296079,0.4735181331634521,0.3790718493298912,0.377782466862247,0.1187141910116513,1,2022,0.39306080930335224
2022-04-20,0.1512622381915663,0.4608530104160309,0.3814920307640712,0.3802677097942889,0.5702708290296079,2,2022,0.41214613366794683
2022-04-21,0.3254350477180956,0.3571670949459076,0.3768874041991936,0.3756769531786639,0.1512622381915663,3,2022,0.4424415981740151
2022-04-22,0.0620252657115761,0.2672033905982971,0.3743917706522924,0.3731588698744474,0.3254350477180956,4,2022,0.11440431938362106
2022-04-24,0.8690736151397392,0.3082688450813293,0.3694110464344732,0.3682206224816589,0.0620252657115761,6,2022,0.36421992675184767
2022-04-25,0.6979179870175083,0.3955941498279571,0.3826777771725759,0.3813018266662386,0.8690736151397392,0,2022,0.3937172273530652
2022-04-26,0.7861683131126695,0.4480411410331726,0.3889743533374012,0.3874866298580793,0.6979179870175083,1,2022,0.4033287472845086
2022-04-27,0.5291545419185992,0.4559842050075531,0.3979514296768725,0.3963342306673069,0.7861683131126695,2,2022,0.42992809784377195
2022-04-28,0.4191842038637863,0.3797505497932434,0.3989204959052341,0.3972535801682714,0.5291545419185992,3,2022,0.4683070322493417
2022-04-29,0.0246590414573043,0.311849296092987,0.3973241579832344,0.3957371677290129,0.4191842038637863,4,2022,0.12141185632778793
2022-05-01,0.375284872801455,0.3564456403255462,0.3918847587441753,0.3903477909091663,0.0246590414573043,6,2022,0.3863778289864624
2022-05-02,0.1445801720481496,0.4740238785743713,0.3898475251146596,0.3882911405846797,0.375284872801455,0,2022,0.40109380746554063
2022-05-03,0.9667211752258452,0.5412206649780273,0.3849792600393577,0.3834831129076899,0.1445801720481496,1,2022,0.3991862223047526
2022-05-04,0.7910334552384071,0.527840256690979,0.4009050813246415,0.3994544048376722,0.9667211752258452,2,2022,0.4331190848334393
2022-05-05,0.0607066653692116,0.4117149412631988,0.4094401783969797,0.407863152391354,0.7910334552384071,3,2022,0.4806564636234696
2022-05-06,0.0891756059475225,0.3225557804107666,0.4038576600634434,0.4023375730708765,0.0607066653692116,4,2022,0.12340832344397348
2022-05-08,0.1962709167848688,0.3827849328517914,0.3984966413835434,0.3970123373501082,0.0891756059475225,6,2022,0.3928967986649439
2022-05-09,0.2769769565527264,0.4929068982601166,0.393861276412025,0.3924420285841557,0.1962709167848688,0,2022,0.4052233470582482
2022-05-10,0.1511428682619267,0.5631781816482544,0.3902895481612963,0.3888691134618235,0.2769769565527264,1,2022,0.4046924769911213
2022-05-11,1.2733049662254736,0.5537672638893127,0.3855221906247764,0.3841220671480113,0.1511428682619267,2,2022,0.41650012974311157
2022-05-12,0.268453953975074,0.43691486120224,0.4168501680137428,0.4151406901665062,1.2733049662254736,3,2022,0.4893553153546905
2022-05-13,0.0817107389335195,0.3444406390190124,0.4125825024745286,0.4109507636235062,0.268453953975074,4,2022,0.12607440677168788
2022-05-15,0.3283602235998436,0.3993088603019714,0.4070416456529009,0.4054511389059763,0.0817107389335195,6,2022,0.401321724933714
2022-05-16,1.1105135216101136,0.4911788403987884,0.4037529546100405,0.4022388646049514,0.3283602235998436,0,2022,0.4154003793980047
2022-05-17,0.8252748956872579,0.5517350435256958,0.42472541892197,0.4232398728737825,1.1105135216101136,1,2022,0.44039914118732426
2022-05-18,1.1291071037127267,0.5105788111686707,0.4332499608406572,0.4316421364245658,0.8252748956872579,2,2022,0.4680629787066136
2022-05-19,0.202452199626592,0.3995597660541534,0.4528493623241048,0.451276782994447,1.1291071037127267,3,2022,0.531616056589851
2022-05-20,0.0956924272308387,0.3032489418983459,0.4473334670418748,0.4457950339099842,0.202452199626592,4,2022,0.13669339137790637
2022-05-22,1.301495953300502,0.3572295606136322,0.4412555102577608,0.4397644717410995,0.0956924272308387,6,2022,0.4350548018965062
2022-05-23,0.4099074345227535,0.4553923606872558,0.4683083211915113,0.4668146344692567,1.301495953300502,0,2022,0.4818180327276761
2022-05-24,0.4829144857535915,0.5043121576309204,0.4648456144751139,0.4634385422874282,0.4099074345227535,1,2022,0.4819998998862478
2022-05-25,0.4614803560136851,0.4929625988006592,0.4628829859127967,0.4614580114665914,0.4829144857535915,2,2022,0.5000771119714856
2022-05-26,0.0382054619820343,0.4024181365966797,0.4604088072840386,0.4590679196771927,0.4614803560136851,3,2022,0.5404903592917103
2022-05-27,0.008385314524073,0.3129661977291107,0.4539337830897153,0.4526558464840784,0.0382054619820343,4,2022,0.13871027509266962
2022-05-29,0.3914954808065763,0.3600235283374786,0.4475465884434854,0.4463241615594515,0.008385314524073,6,2022,0.4412574752007037
2022-05-30,0.4008133216832615,0.4653738439083099,0.4442779044416609,0.4431321384809961,0.3914954808065763,0,2022,0.45709438892271315
2022-05-31,0.7491932849877566,0.5241045951843262,0.441384211716423,0.4402242661991146,0.4008133216832615,1,2022,0.45767269655520426
2022-06-01,0.890730853312221,0.5003567337989807,0.446704894212258,0.4454395653861953,0.7491932849877566,2,2022,0.48259905894073674
2022-06-02,0.268346476858458,0.4119029641151428,0.4560674840891542,0.4548507370439131,0.890730853312221,3,2022,0.5353939247833301
2022-06-03,0.0139961277608455,0.3152997195720672,0.4511190173935256,0.4499198069146717,0.268346476858458,4,2022,0.1378501564176894
2022-06-05,0.2036318144987185,0.3729737102985382,0.4447818009719855,0.4436354915804053,0.0139961277608455,6,2022,0.4385315396877473
2022-06-06,0.0906580245371177,0.472907692193985,0.4394244415469907,0.4383019264645584,0.2036318144987185,0,2022,0.45210091381666123
2022-06-07,0.1083079786928383,0.5178982019424438,0.4334257192044785,0.4323625534465892,0.0906580245371177,1,2022,0.44942051029260144
2022-06-08,0.9243786934424284,0.4973511099815368,0.4275983677365086,0.4265936834663712,0.1083079786928383,2,2022,0.4619572620491147
2022-06-09,0.9434612520361664,0.3798576295375824,0.4395361397650298,0.4383532369712566,0.9243786934424284,3,2022,0.5159871886567367
2022-06-10,0.0389895066110001,0.2904699146747589,0.4515189021030539,0.4501684855861026,0.9434612520361664,4,2022,0.13797235071150574
2022-06-12,1.0104523991270165,0.343465656042099,0.4452063187089622,0.4439084588718248,0.0389895066110001,6,2022,0.43895009192260565
2022-06-13,0.0422666455221739,0.4486749172210693,0.4594363967759147,0.4579582381273958,1.0104523991270165,0,2022,0.4726901719252982
2022-06-14,0.3154743117455781,0.4955882430076599,0.45298309928551,0.451570292512687,0.0422666455221739,1,2022,0.46969962006055893
2022-06-15,1.0125487167356706,0.5083664059638977,0.4485347005352816,0.4472022941065004,0.3154743117455781,2,2022,0.48457589604500045
2022-06-16,0.5569191942834635,0.3940610289573669,0.4622821535845433,0.4609860464706843,1.0125487167356706,3,2022,0.542689547489283
2022-06-17,0.0591050370883492,0.3049465715885162,0.4618897809230172,0.4605546769037875,0.5569191942834635,4,2022,0.14114141965428925
2022-06-19,0.2086181949548851,0.3834028542041778,0.4554480176185942,0.454165454124786,0.0591050370883492,6,2022,0.44904787016363157
2022-06-20,0.2423644540136235,0.4983728528022766,0.4498585805182511,0.4486498907679287,0.2086181949548851,0,2022,0.46283605578370735
2022-06-21,0.2815447946828704,0.5570957064628601,0.4446707431190942,0.4435351199455598,0.2423644540136235,1,2022,0.46108051144628215
2022-06-22,0.4135843497332752,0.5343846678733826,0.4399909246894268,0.4389274697137537,0.2815447946828704,2,2022,0.4753456005267899
2022-06-23,0.2781246898352262,0.4157061576843261,0.4374150383941362,0.4363309788206803,0.4135843497332752,3,2022,0.5134971519243569
2022-06-24,0.001895806476127,0.3255850970745086,0.432842118861668,0.4318276692719646,0.2781246898352262,4,2022,0.13226521491820703
2022-06-26,0.3208209704742382,0.3782789707183838,0.4268003321866813,0.425832966029687,0.001895806476127,6,2022,0.42080275407863627
2022-06-27,0.5894354900414105,0.4761835932731628,0.4229733337171336,0.4220722403006181,0.3208209704742382,0,2022,0.4351752260761456
2022-06-28,0.7690070431954443,0.531208336353302,0.4245818070474349,0.4236031943508687,0.5894354900414105,1,2022,0.44025022957668863
2022-06-29,0.3604331006679829,0.5042128562927246,0.4312498238874384,0.4301427023968444,0.7690070431954443,2,2022,0.46590212436209566
2022-06-30,0.5003669903733788,0.4098301827907562,0.4278828477708096,0.4268465267325408,0.3604331006679829,3,2022,0.5023069725591294
2022-07-01,0.0863582770501205,0.2970151901245117,0.4272852011696884,0.4262018243993051,0.5003669903733788,4,2022,0.13056716641325697
2022-07-03,0.0220764325381693,0.3420980870723724,0.4215110475031942,0.4204631969839909,0.0863582770501205,6,2022,0.41558779665225876
2022-07-04,1.501693782484296,0.4523541331291199,0.4156640011236875,0.4146631699751238,0.0220764325381693,0,2022,0.4276550345882684
2022-07-05,0.7981731441026646,0.4914797246456146,0.456654714964708,0.4552274747628657,1.501693782484296,1,2022,0.47350673006587224
2022-07-06,0.2153043848339741,0.4962661862373352,0.4628219747075422,0.4612939236168188,0.7981731441026646,2,2022,0.5000111983210597
2022-07-07,0.2310162296332916,0.4393006265163421,0.4572307991159544,0.4557370365812928,0.2153043848339741,3,2022,0.5367595818838399
2022-07-08,0.059914647976696,0.3445139229297638,0.4517992632706542,0.4503847793926578,0.2310162296332916,4,2022,0.13805802174136045
2022-07-10,1.387042419209766,0.4007615149021148,0.4455274158528913,0.4441640628415031,0.059914647976696,6,2022,0.43926667687416804
2022-07-11,0.0378636911657949,0.5321024060249329,0.4770117356505229,0.4753336992244779,1.387042419209766,0,2022,0.49077252241512226
2022-07-12,0.2110566554461751,0.580672025680542,0.47027667598503,0.4686630262991455,0.0378636911657949,1,2022,0.4876313848837162
2022-07-13,0.3736348010613025,0.5908527374267578,0.4644369434512705,0.462906218123141,0.2110566554461751,2,2022,0.5017559349604833
2022-07-14,0.6933522924610527,0.4792923331260681,0.4606551377366055,0.4591317307005812,0.3736348010613025,3,2022,0.5407795354167235
2022-07-15,0.0704089200493264,0.3924452662467956,0.4633819568157422,0.4619376988490433,0.6933522924610527,4,2022,0.14159738952539624
2022-07-17,0.6319026994482237,0.4561518728733063,0.4569460862867541,0.4555551539473379,0.0704089200493264,6,2022,0.45052488733962776
2022-07-18,0.8070419046027923,0.5698902606964111,0.4582346759112469,0.4569211013115324,0.6319026994482237,0,2022,0.4714537839375109
2022-07-19,0.478333804281575,0.5970293283462524,0.4643192823804656,0.46306749224209,0.8070419046027923,1,2022,0.48145414445901014
2022-07-20,0.4763780818376377,0.5904995203018188,0.4622846162928649,0.4610117422601976,0.478333804281575,2,2022,0.49943066144179743
2022-07-21,0.1183924210597212,0.475520521402359,0.460093912571957,0.4589010147095779,0.4763780818376377,3,2022,0.5401206931311604
2022-07-22,0.0137054694827341,0.3674907684326172,0.4538998611288554,0.4527489684380653,0.1183924210597212,4,2022,0.1386999094298839
2022-07-24,0.0411051416574987,0.433671772480011,0.447511455102983,0.4464163909640621,0.0137054694827341,6,2022,0.4412228355687061
2022-07-25,1.0060417344566095,0.5513812899589539,0.4412536159325889,0.4402147308622816,0.0411051416574987,0,2022,0.4539828560416946
2022-07-26,0.8091710325101584,0.5801839232444763,0.4555486891379998,0.4543130631799005,1.0060417344566095,1,2022,0.4723598883594125
2022-07-27,0.049033068883381,0.5530828833580017,0.4618154133931545,0.4606375660749526,0.8091710325101584,2,2022,0.49892375659077315
2022-07-28,0.2918823573581053,0.4359981417655945,0.4553516912449603,0.454225016128024,0.049033068883381,3,2022,0.5345536299726835
2022-07-29,0.0939362281272648,0.3339020013809204,0.4505749178037477,0.4495226220052352,0.2918823573581053,4,2022,0.13768389383361337
2022-07-31,0.4151957626050501,0.400916039943695,0.4444350021840823,0.4434231137254578,0.0939362281272648,6,2022,0.4381896142625417
2022-08-01,0.9314601839040813,0.5110931992530823,0.441620751706183,0.4406799847677273,0.4151957626050501,0,2022,0.4543605829113069
2022-08-02,0.0659082325530844,0.5472814440727234,0.4530417245365297,0.4519256340850643,0.9314601839040813,1,2022,0.4697604087702775
2022-08-03,0.7426382973400344,0.5256315469741821,0.4467407649206664,0.4456848559734604,0.0659082325530844,2,2022,0.4826378119751129
2022-08-04,0.6649813699294629,0.4275883734226227,0.4513701880412894,0.4503696952597625,0.7426382973400344,3,2022,0.5298796010161836
2022-08-05,0.0029478090411478,0.3083861470222473,0.4539272346024331,0.4528449607336228,0.6649813699294629,4,2022,0.13870827404646818
2022-08-07,0.148260907395678,0.3695366978645324,0.447536808028703,0.4465081088735649,0.0029478090411478,6,2022,0.441247832224431
2022-08-08,0.2019093858271727,0.4701045155525207,0.4416685921782984,0.4407039477759579,0.148260907395678,0,2022,0.4544098034805694
2022-08-09,0.8366046572005422,0.5058822631835938,0.4362771230272623,0.4353774001321668,0.2019093858271727,1,2022,0.4523771400086179
2022-08-10,0.2269554046807816,0.4779353141784668,0.4443074592703097,0.4434434435362354,0.8366046572005422,2,2022,0.48000898244538914
2022-08-11,0.6229338757482493,0.363603413105011,0.4390813131764419,0.4382821212470485,0.2269554046807816,3,2022,0.5154532514635465
2022-08-12,0.0272920445384793,0.2880154252052307,0.4409821738341989,0.4401003284843075,0.6229338757482493,4,2022,0.13475260252091836
2022-08-14,0.9960953862968036,0.3366134762763977,0.4348158782217371,0.4339837487586022,0.0272920445384793,6,2022,0.42870566228331
2022-08-15,0.0787161438250274,0.426602840423584,0.4491085929549567,0.4480666114122032,0.9960953862968036,0,2022,0.46206443265431824
2022-08-16,0.0884816605762644,0.4652870297431946,0.44290805559175,0.4419252727453642,0.0787161438250274,1,2022,0.45925277512855867
2022-08-17,0.8824109214203131,0.4696710109710693,0.4368429618971807,0.4359178163337852,0.0884816605762644,2,2022,0.471944688871686
2022-08-18,0.4750177871035506,0.3564520478248596,0.4467442975214539,0.4456572531215043,0.8824109214203131,3,2022,0.5244491027512632
2022-08-19,0.0019922699924873,0.284062922000885,0.4451107744525322,0.443992206301209,0.4750177871035506,4,2022,0.13601419473733994
2022-08-21,0.971965029869505,0.3356058597564697,0.4388666236523373,0.4377994916516585,0.0019922699924873,6,2022,0.43269948493226335
2022-08-22,0.2641956382398779,0.4173274040222168,0.4519717594281194,0.4507202458980326,0.971965029869505,0,2022,0.4650101954670763
2022-08-23,0.007022788953019,0.4704740047454834,0.4469606303779482,0.4457843352482471,0.2641956382398779,1,2022,0.4634549028466715
2022-08-24,0.0852433749826162,0.4788338541984558,0.4406877964153538,0.4395637758009719,0.007022788953019,2,2022,0.4760984681212403
2022-08-25,0.1193610813995641,0.3876570165157318,0.4346492113268054,0.4335843807270328,0.0852433749826162,3,2022,0.510250248646857
2022-08-26,0.0582276718356027,0.2995041012763977,0.4288975685528382,0.4278653008816017,0.1193610813995641,4,2022,0.13105986365589195
2022-08-28,0.4018826721768003,0.356492817401886,0.4230045992110133,0.4220112832152912,0.0582276718356027,6,2022,0.41706036034214417
2022-08-29,0.1808707267743002,0.479548692703247,0.4204889261925563,0.4195623939433868,0.4018826721768003,0,2022,0.432619148612179
2022-08-30,0.3358901997322619,0.5298463106155396,0.4153202102769824,0.4144521755177094,0.1808707267743002,1,2022,0.43064685035327577
2022-08-31,1.0482716647270292,0.5345303416252136,0.4119539490248431,0.4111480172335823,0.3358901997322619,2,2022,0.4450557643360918
2022-09-01,0.0552883300421887,0.4103192687034607,0.4299297719484309,0.4288748954231534,1.0482716647270292,3,2022,0.5047099300323623
2022-09-02,0.3009367536624099,0.3340367674827575,0.4239901160137587,0.4229879390770104,0.0552883300421887,4,2022,0.12956027469146933
2022-09-04,0.0765781688891165,0.39290851354599,0.42008447301142,0.4190784665386534,0.3009367536624099,6,2022,0.4141812689863563
2022-09-05,0.2581817782293933,0.4907891750335693,0.4143661014448337,0.4134116765906767,0.0765781688891165,0,2022,0.4263196932294983
2022-09-06,1.0507379443697644,0.5455150604248047,0.4101382008023235,0.4091840843533034,0.2581817782293933,1,2022,0.425273608205309
2022-09-07,0.1089798495157476,0.5169018507003784,0.4279423477372075,0.4269864990348377,1.0507379443697644,2,2022,0.4623288819413133
2022-09-08,0.4322205160575728,0.4048440456390381,0.4222548890866648,0.4213293490722428,0.1089798495157476,3,2022,0.495700110650435
2022-09-09,0.5047153812567962,0.3150565028190613,0.4202893537887833,0.4194284801185837,0.4322205160575728,4,2022,0.12842941868250504
2022-09-11,0.274139527507399,0.3717717826366424,0.4198068486656283,0.4190064905319393,0.5047153812567962,6,2022,0.4139075459348538
2022-09-12,1.525682876194913,0.4785614907741546,0.4155444325112233,0.4148043343031352,0.274139527507399,0,2022,0.42753201667244983
2022-09-13,0.1403931237417333,0.4959522187709808,0.4579712370869701,0.4567623859944385,1.525682876194913,1,2022,0.47487183605239397
2022-09-14,0.1612088002639394,0.5220168232917786,0.4518782051565337,0.4507382009096104,0.1403931237417333,2,2022,0.48818806193950165
2022-09-15,0.1879154933504937,0.4431649148464203,0.4460121679378561,0.4449399409545075,0.1612088002639394,3,2022,0.5235896296581634
2022-09-16,0.0039945274978685,0.3337574601173401,0.4404332918016302,0.4394280571968671,0.1879154933504937,4,2022,0.13458487854758286
2022-09-18,0.1197664697280391,0.3922849893569946,0.4342671133781868,0.4333100681374601,0.0039945274978685,6,2022,0.42816460891457336
2022-09-19,0.5721789360222851,0.4934424459934234,0.4284775908838232,0.4275783457585266,0.1197664697280391,0,2022,0.44083826950218175
2022-09-20,1.2984835105877215,0.5223689675331116,0.4294804926969077,0.4285112122830021,0.5721789360222851,1,2022,0.44532969234689507
2022-09-21,0.0650637953110891,0.4847934246063232,0.4578910454685072,0.4565951314387801,1.2984835105877215,2,2022,0.4946840531715576
2022-09-22,1.5082716734439376,0.4060524404048919,0.4515314472296918,0.4502856650069456,0.0650637953110891,3,2022,0.5300689089427475
2022-09-23,0.1549811233276802,0.3113974630832672,0.4889265288284612,0.4873091804999433,1.5082716734439376,4,2022,0.14940314169235597
2022-09-25,0.6598013416832408,0.3564353883266449,0.4824343484890499,0.4808689784494805,0.1549811233276802,6,2022,0.47565497774150955
2022-09-26,0.1260226486770866,0.4887800216674804,0.483792257999224,0.4821795081424145,0.6598013416832408,0,2022,0.4977486485932885
2022-09-27,1.41767086272969,0.5195422172546387,0.4772316160819739,0.4756732444748517,0.1260226486770866,1,2022,0.49484298444721236
2022-09-28,0.8634678082812852,0.5470820069313049,0.5069266010446108,0.5053532206834489,1.41767086272969,2,2022,0.5476597722251736
2022-09-29,0.1804658955619835,0.418016254901886,0.5126758020786039,0.5111771474016725,0.8634678082812852,3,2022,0.6018484531176271
2022-09-30,0.0347030848400723,0.3630526065826416,0.5059307282723156,0.5044848950730693,0.1804658955619835,4,2022,0.15459917968391804
2022-10-02,0.2518340858175848,0.4537193179130554,0.4987177754522816,0.4973398916363596,0.0347030848400723,6,2022,0.4917095831277329
2022-10-03,1.6381722701386578,0.5640333890914917,0.4927023092080012,0.491410528367998,0.2518340858175848,0,2022,0.5069157360667572
2022-10-04,1.0007231476245355,0.5899447202682495,0.5324636746936009,0.531081971160582,1.6381722701386578,1,2022,0.5521132821381478
2022-10-05,0.940339044101562,0.5438801050186157,0.541713343742162,0.5402065739963465,1.0007231476245355,2,2022,0.5852417407842077
2022-10-06,0.5756679081653993,0.4532751142978668,0.548621346538821,0.547017051589416,0.940339044101562,3,2022,0.6440462128756266
2022-10-07,0.0102722136710691,0.3735271096229553,0.5462222796573692,0.5446155422798922,0.5756679081653993,4,2022,0.16691122250763238
2022-10-09,0.359125930708156,0.4413306713104248,0.5383306664506216,0.5368079610447671,0.0102722136710691,6,2022,0.5307658170901451
2022-10-10,0.0278294571444371,0.5401846170425415,0.5327876182237422,0.5312980759212181,0.359125930708156,0,2022,0.5481574220613716
2022-10-11,0.0041223938747076,0.5668027400970459,0.5251212110573709,0.5237124301345684,0.0278294571444371,1,2022,0.544499858181083
2022-10-12,0.7454445559253132,0.5482538342475891,0.5175708859126558,0.5162369714270624,0.0041223938747076,2,2022,0.5591593593731369
2022-10-13,0.565248556941673,0.4303158223628998,0.5196543417246194,0.5183981984366592,0.7454445559253132,3,2022,0.6100408103030958
2022-10-14,0.0010287695402054,0.312330812215805,0.5178206875588621,0.5165449033188665,0.565248556941673,4,2022,0.1582324398309196
2022-10-16,1.2086778226173904,0.4081370830535888,0.5103877383996587,0.5091833354905978,0.0010287695402054,6,2022,0.5032155548384203
2022-10-17,0.225389958963981,0.496890127658844,0.5281698426186802,0.5269727485840776,1.2086778226173904,0,2022,0.5434064333282481
2022-10-18,0.8902982306078383,0.5360285043716431,0.5214035892537666,0.520294004545263,0.225389958963981,1,2022,0.5406450442786749
2022-10-19,0.1012451189698822,0.5281471610069275,0.5276406316558547,0.5264218016874666,0.8902982306078383,2,2022,0.5700382413428768
2022-10-20,0.8012218926453485,0.4083097577095032,0.5202083082608195,0.5190705283911985,0.1012451189698822,3,2022,0.6106911314252146
2022-10-21,0.2268791930448411,0.3181494474411011,0.5236654532724545,0.5225939108740252,0.8012218926453485,4,2022,0.16001844715222174
2022-10-23,0.154910856005481,0.3654328286647796,0.5169905675922442,0.5160035095861075,0.2268791930448411,6,2022,0.5097255982929682
2022-10-24,0.9720562161001012,0.5058733224868774,0.5100163822555404,0.509078090943031,0.154910856005481,0,2022,0.5247292837591057
2022-10-25,1.140440694469532,0.5337805151939392,0.5190601948779201,0.518155784336712,0.9720562161001012,1,2022,0.5382151711780596
2022-10-26,1.1504759181129147,0.5139318704605103,0.5336387040594139,0.5327390659130187,1.140440694469532,2,2022,0.5765182780179186
2022-10-27,0.006021617609029,0.4035146236419678,0.548127802508574,0.547029871804401,1.1504759181129147,3,2022,0.6434668238934563
2022-10-28,0.0672660397133726,0.3363341689109802,0.5402068793666912,0.5391838567675374,0.006021617609029,4,2022,0.16507307372867805
2022-10-30,0.7348341896784605,0.3956842124462127,0.532498410894971,0.5315411703964652,0.0672660397133726,6,2022,0.5250155188470905
2022-10-31,0.1032482807757417,0.4825673997402191,0.5340474815750305,0.5330249603232752,0.7348341896784605,0,2022,0.5494536298244089
2022-11-01,0.6054344898875919,0.5302156209945679,0.5265490827309693,0.52558678027544,0.1032482807757417,1,2022,0.545980422872442
2022-11-02,0.6470595778974383,0.5074353814125061,0.5253374419882025,0.5243407653293773,0.6054344898875919,2,2022,0.5675499830305718
2022-11-03,2.087563567399555,0.4074167311191559,0.5250535472990517,0.5240126924979016,0.6470595778974383,3,2022,0.6163791307579745
2022-11-04,0.3975028002385978,0.337439477443695,0.5875885106425068,0.5862974150772425,2.087563567399555,4,2022,0.17955165927010464
2022-11-06,0.9992959720514992,0.3778192400932312,0.5815206885858797,0.5802660946934469,0.3975028002385978,6,2022,0.5733489148354496
2022-11-07,0.5426057328507561,0.5392180681228638,0.5882693850287272,0.5870738845553868,0.9992959720514992,0,2022,0.6052397213171682
2022-11-08,0.6105140592233692,0.5511739253997803,0.5841414155860373,0.5830441156523576,0.5426057328507561,1,2022,0.6056980964525255
2022-11-09,1.837147949051958,0.5437212586402893,0.5814795113616923,0.5803717121889042,0.6105140592233692,2,2022,0.6282032469586755
2022-11-10,1.445024608514988,0.4333421587944031,0.6231379446225382,0.6218947526516625,1.837147949051958,3,2022,0.7315239114649528
2022-11-11,0.277838461359483,0.3321565687656402,0.6434681105480504,0.6422146644333486,1.445024608514988,4,2022,0.196627001453734
2022-11-13,0.067836690620515,0.4796130061149597,0.6351448505822046,0.6339603264897388,0.277838461359483,6,2022,0.6262195275118768
2022-11-14,0.2206352866243528,0.5687943696975708,0.6258880458358101,0.6248037670281928,0.067836690620515,0,2022,0.6439436014827017
2022-11-15,0.4648345287390765,0.588304340839386,0.6173961765297353,0.6164159280530108,0.2206352866243528,1,2022,0.6401800641133427
2022-11-16,0.2909919862618048,0.5736034512519836,0.6114637516397139,0.6105847007009955,0.4648345287390765,2,2022,0.6605968166927702
2022-11-17,0.3721986711616365,0.4991765022277832,0.6038204504142948,0.6029937268592779,0.2909919862618048,3,2022,0.7088464143796553
2022-11-18,0.0193728993118245,0.4038095474243164,0.597132271899471,0.5963419382540235,0.3721986711616365,4,2022,0.18246798274874432
2022-11-20,0.7867968328132724,0.4752125740051269,0.5884327215667655,0.5877219908117391,0.0193728993118245,6,2022,0.580163817016376
2022-11-21,0.6074193697867393,0.57594895362854,0.5894272778836238,0.5886534854996358,0.7867968328132724,0,2022,0.606431016949149
2022-11-22,0.8802201810878288,0.6048897504806519,0.5863986252072606,0.5857097155177237,0.6074193697867393,1,2022,0.6080386043062576
2022-11-23,0.1220960287810391,0.5949994325637817,0.5895842775938651,0.5889499431496676,0.8802201810878288,2,2022,0.6369592570388398
2022-11-24,0.1519216453581255,0.5010565519332886,0.5812083580118241,0.5806595599047166,0.1220960287810391,3,2022,0.6823012706865008
2022-11-25,0.1666097240528829,0.4055116772651672,0.5731366214671243,0.5726459015526627,0.1519216453581255,4,2022,0.17513554044880533
2022-11-27,0.3272851313255914,0.4475347995758056,0.5652755811292653,0.5648381186796688,0.1666097240528829,6,2022,0.55733209047399
2022-11-28,0.1277287679459851,0.5308458209037781,0.5588400293307096,0.5584281688662235,0.3272851313255914,0,2022,0.5749613905141091
2022-11-29,0.7821920893001001,0.5626619458198547,0.5510289838710336,0.5506704985231197,0.1277287679459851,1,2022,0.5713637104227818
2022-11-30,1.0816597743672267,0.5542663335800171,0.552906880312008,0.5525962838522233,0.7821920893001001,2,2022,0.5973347137621566
2022-12-01,0.169024824212248,0.4314683377742767,0.5635874127024184,0.5632723934639737,1.0816597743672267,3,2022,0.6616154130081426
2022-12-02,0.0075904929112817,0.3445206582546234,0.5558500562017168,0.5556123263475955,0.169024824212248,4,2022,0.16985321885764465
2022-12-04,0.4307543899781266,0.4214733242988586,0.5478054796804566,0.5476305904055571,0.0075904929112817,6,2022,0.5401074862520879
2022-12-05,0.2710028758865129,0.516406774520874,0.5430134086743095,0.5428331459643899,0.4307543899781266,0,2022,0.5586782050904712
2022-12-06,0.3957606382384702,0.5531563758850098,0.5364389777376943,0.5362828426914747,0.2710028758865129,1,2022,0.5562352865404785
2022-12-07,0.4624340584973674,0.5423696041107178,0.5312805450353205,0.5311949365742565,0.3957606382384702,2,2022,0.5739706333858468
2022-12-08,0.2418702004818672,0.4277686178684234,0.5271893498303352,0.52716906185935,0.4624340584973674,3,2022,0.618886425708128
2022-12-09,0.0218397626980746,0.3300431668758392,0.5206473567322986,0.5206487081791863,0.2418702004818672,4,2022,0.1590961958967814
2022-12-11,0.0341744037044943,0.3811472356319427,0.5131732034073472,0.5132282982436419,0.0218397626980746,6,2022,0.5059618773181139
2022-12-12,0.9164408227969104,0.4808303415775299,0.5058303552714248,0.5059377037961127,0.0341744037044943,0,2022,0.5204224986878946
2022-12-13,0.4447913345267573,0.5156628489494324,0.513258522136881,0.5133610213947435,0.9164408227969104,1,2022,0.5321993982132845
2022-12-14,0.4739501042332598,0.5014603137969971,0.509305247567003,0.5094659134504712,0.4447913345267573,2,2022,0.550229550591456
2022-12-15,0.4346254785237253,0.3991799354553222,0.5060665264182667,0.5061899993695328,0.4739501042332598,3,2022,0.5940895881267805
2022-12-16,0.0812232645403771,0.3037656843662262,0.5022649902647149,0.5023606277478816,0.4346254785237253,4,2022,0.15347902615846112
2022-12-18,0.139625298632174,0.3704590201377868,0.4951894966767615,0.495337954125815,0.0812232645403771,6,2022,0.4882308852122715
2022-12-19,0.1544925604494494,0.4615407884120941,0.4884563922390327,0.4886588048994523,0.139625298632174,0,2022,0.5025473333104098
2022-12-20,0.1705206945732603,0.5172214508056641,0.4819160075403427,0.4821707203271886,0.1544925604494494,1,2022,0.49970024488735065
2022-12-21,0.0801792284435002,0.5072635412216187,0.4756427518785568,0.4759131176516115,0.1705206945732603,2,2022,0.5138621658788061
2022-12-22,0.1518144949078406,0.3914454877376556,0.4690327818220062,0.4693303186433846,0.0801792284435002,3,2022,0.5506143513240197
2022-12-23,0.2155386238996147,0.2875474393367767,0.4628118396377791,0.4631556488651892,0.1518144949078406,4,2022,0.14142317664779977
2022-12-26,0.0376010532724987,0.3918950259685516,0.4571442710204587,0.4575343893999055,0.2155386238996147,0,2022,0.47033192315566635
2022-12-27,0.222050861829498,0.4542524814605713,0.4507222999768031,0.4511463929716374,0.0376010532724987,1,2022,0.4673553900484288
2022-12-28,0.4182867646026232,0.4256994128227234,0.4454159177539263,0.4458335885137131,0.222050861829498,2,2022,0.481206509107844
2022-12-29,0.3651552688566045,0.3328261971473694,0.4426293827019022,0.4430840172914396,0.4182867646026232,3,2022,0.5196184571291821
2022-12-30,0.3388945182109519,0.2401792109012603,0.4390751378082056,0.4395679724959174,0.3651552688566045,4,2022,0.13416986225872274
2023-01-02,1.0956585431329464,0.3349744081497192,0.4353567450655309,0.4348187084614199,0.3388945182109519,0,2023,0.4479158728345926
2023-01-03,0.548386946077723,0.3957700133323669,0.4537504103274546,0.4533590540327304,1.0956585431329464,1,2023,0.47049524732664927
2023-01-04,0.7999474650983287,0.3996850550174713,0.4532230605164287,0.4529177447191536,0.548386946077723,2,2023,0.4896409807221383
2023-01-05,1.161369828085986,0.325127899646759,0.4595947959892679,0.4592887625633154,0.7999474650983287,3,2023,0.53953476233045
2023-01-06,0.034767737769238,0.246849775314331,0.4787432497856619,0.4788848111612135,1.161369828085986,4,2023,0.14629139832803154
2023-01-08,0.8488149376240319,0.2949798703193664,0.4719749475262229,0.4720192932757749,0.034767737769238,6,2023,0.46534255668827285
2023-01-09,0.0270211092411557,0.4044671654701233,0.4787630918852387,0.4790198128417016,0.8488149376240319,0,2023,0.4925744015990521
2023-01-10,0.2140471534664775,0.4649949967861175,0.4719744997633358,0.4721400733983901,0.0270211092411557,1,2023,0.48939186377323296
2023-01-11,0.8479490941948685,0.4685932993888855,0.4661278204528274,0.4662420550156711,0.2140471534664775,2,2023,0.5035826793286526
2023-01-12,0.1503655641813183,0.361694723367691,0.4731480855385587,0.4734756444243267,0.8479490941948685,3,2023,0.5554454534861939
2023-01-13,0.0240056137356948,0.2640561163425445,0.466901663435696,0.4671201818011183,0.1503655641813183,4,2023,0.1426729196835092
2023-01-15,0.0655831613344283,0.327416330575943,0.4603138392713317,0.460437186833991,0.0240056137356948,6,2023,0.4538453152402015
2023-01-16,0.2989013214379207,0.4200716018676758,0.4539153228300476,0.4539416032501855,0.0655831613344283,0,2023,0.46700982659132356
2023-01-17,0.0157539419932072,0.4709354937076568,0.4493593499778834,0.4492834453528421,0.2989013214379207,1,2023,0.46594214284855784
2023-01-18,0.3542708092988936,0.4599327147006988,0.4430466370853054,0.4428890038644374,0.0157539419932072,2,2023,0.4786468491715917
2023-01-19,0.2222807277423624,0.3708510398864746,0.4393260136719709,0.4391745803539821,0.3542708092988936,3,2023,0.5157405141237191
2023-01-20,0.1086546271296365,0.2912329733371734,0.4341513220779374,0.4339657136698308,0.2222807277423624,4,2023,0.13266527313164264
2023-01-22,0.0377252593485124,0.3380453586578369,0.4283130625354787,0.4280674365182265,0.1086546271296365,6,2023,0.42229422690315566
2023-01-23,0.1452473136398378,0.4325010180473327,0.4223694130029322,0.4220524621795155,0.0377252593485124,0,2023,0.4345538835176797
2023-01-24,0.2513855043253767,0.4858799874782562,0.4169248719080471,0.416561342442963,0.1452473136398378,1,2023,0.43231072911525537
2023-01-25,0.2109744127678115,0.47627854347229,0.4124671678149294,0.4120891040969172,0.2513855043253767,2,2023,0.44561022189484123
2023-01-26,0.2040591928030311,0.3715364933013916,0.4077837553009075,0.4073164904666853,0.2109744127678115,3,2023,0.4787119293309645
2023-01-27,0.0266871576540452,0.2774503231048584,0.4031254120131635,0.4025714251971348,0.2040591928030311,4,2023,0.12318456761818088
2023-01-29,0.1344643273543972,0.3138810396194458,0.3976014438246475,0.3969761069061392,0.0266871576540452,6,2023,0.3920141807993536
2023-01-30,0.1022462011580887,0.3913920521736145,0.3925886575010975,0.391883510590902,0.1344643273543972,0,2023,0.403914015764465
2023-01-31,1.1524524213044691,0.4342868328094482,0.3874393933343587,0.3866915826334131,0.1022462011580887,1,2023,0.4017371423628804
2023-02-01,0.7261731696556165,0.4138168394565582,0.4117804449795662,0.4116141157838346,1.1524524213044691,2,2023,0.4448683186867203
2023-02-02,1.0487415496063792,0.3129088580608368,0.417664895410398,0.4174826862892428,0.7261731696556165,3,2023,0.49031175297355495
2023-02-03,0.0657970971076859,0.2456530034542083,0.4352603148319035,0.4351879967509164,1.0487415496063792,4,2023,0.13300415227152815
2023-02-05,0.5670899390643639,0.2992932498455047,0.429281524779976,0.4291195456646243,0.0657970971076859,6,2023,0.4232490799081139
2023-02-06,0.0261008987648397,0.3913024663925171,0.4301369753642894,0.4299134439323891,0.5670899390643639,0,2023,0.44254552373990885
2023-02-07,0.1613753632520334,0.4338327348232269,0.4241495977673731,0.4238520784532844,0.0261008987648397,1,2023,0.43980207039602187
2023-02-08,0.2536060956644843,0.4432606697082519,0.4188400883020164,0.4184514629380902,0.1613753632520334,2,2023,0.45249522689393784
2023-02-09,0.5808865957593867,0.3543338179588318,0.4143681391142383,0.4139655601631768,0.2536060956644843,3,2023,0.4864415728926833
2023-02-10,0.0093657513274353,0.264886200428009,0.4160560614775132,0.4156066291087832,0.5808865957593867,4,2023,0.1271358354267113
2023-02-12,0.4326765839298673,0.3075607120990753,0.4102939807895364,0.4097743755966884,0.0093657513274353,6,2023,0.4045283568865783
2023-02-13,0.0950685590425315,0.3975633382797241,0.4086489644335874,0.4081898196058047,0.4326765839298673,0,2023,0.4204376288224753
2023-02-14,0.4322645501043934,0.4488459527492523,0.4031912453317103,0.4026797325819946,0.0950685590425315,1,2023,0.4180702879263155
2023-02-15,0.1713684137046671,0.4454968571662903,0.4019067200811766,0.4013257297351392,0.4322645501043934,2,2023,0.4342012084626305
2023-02-16,0.2190745448471912,0.3602396845817566,0.397078379857233,0.3964144215044121,0.1713684137046671,3,2023,0.46614450636171917
2023-02-17,0.0261887838677229,0.2744514346122741,0.3926803589831383,0.3920040800887982,0.2190745448471912,4,2023,0.11999283297950569
2023-02-19,0.0467827511175901,0.3132970929145813,0.3873320710717541,0.386588441363727,0.0261887838677229,6,2023,0.38188911759957267
2023-02-20,0.344056925925303,0.4140136241912842,0.3821140440471138,0.3813024054193264,0.0467827511175901,0,2023,0.39313723171087267
2023-02-21,0.408401967884506,0.4692567884922027,0.3797915525014781,0.3789109059502685,0.344056925925303,1,2023,0.39380707181686314
2023-02-22,0.0943387396501044,0.4526306986808777,0.3786830203471502,0.3777441483120993,0.408401967884506,2,2023,0.409111410293914
2023-02-23,0.4891558349639553,0.3624292314052582,0.3737839533815961,0.3727767780537467,0.0943387396501044,3,2023,0.43879834630543696
2023-02-24,0.0113808801336642,0.2674431204795837,0.3745908692750124,0.3735465661279022,0.4891558349639553,4,2023,0.11446515870811479
2023-02-26,0.5768282960738349,0.2950181365013122,0.3695283435544224,0.368432297002175,0.0113808801336642,6,2023,0.364335575563242
2023-02-27,0.2530165055154529,0.3722807168960571,0.3724804601308718,0.3715672225424292,0.5768282960738349,0,2023,0.3832257391308753
2023-02-28,0.8405981656756903,0.4206930994987488,0.3690623070792624,0.3680773098284222,0.2530165055154529,1,2023,0.38268188302659695
2023-03-01,0.6592676033534858,0.4086113572120666,0.3808391152710952,0.3802198105622039,0.8405981656756903,2,2023,0.4114407543301321
2023-03-02,0.3391111011576266,0.3198493719100952,0.3860011218821345,0.3853754853497832,0.6592676033534858,3,2023,0.45314051719338355
2023-03-03,0.0771408988478834,0.2475341558456421,0.3833570367134694,0.3827661646278488,0.3391111011576266,4,2023,0.1171438698818466
2023-03-05,0.5237628951656358,0.2908256649971008,0.3783024317459983,0.3776380441515057,0.0771408988478834,6,2023,0.3729863665704267
2023-03-06,1.2339904702486963,0.3628945350646972,0.3795662133548847,0.3790308316441393,0.5237628951656358,0,2023,0.39051590145406734
2023-03-07,0.0720597748024599,0.4128811955451965,0.4093642241472139,0.4091035989568363,1.2339904702486963,1,2023,0.4244710693436735
2023-03-08,0.3645060723558529,0.4068737924098968,0.4038437138171714,0.4035002000377389,0.0720597748024599,2,2023,0.43629384583078296
2023-03-09,0.5391102679360137,0.3437406122684479,0.4011769952333846,0.4008638146188805,0.3645060723558529,3,2023,0.4709560174844594
2023-03-10,0.480107445851843,0.2513874173164367,0.4020557582443853,0.4018526623076243,0.5391102679360137,4,2023,0.12285770944183798
2023-03-12,0.3445912443420599,0.2828761637210846,0.4015837975226558,0.401458117840602,0.480107445851843,6,2023,0.39594057278515965
2023-03-13,0.046601363467196,0.3835665881633758,0.3986592366068299,0.3985518844945265,0.3445912443420599,0,2023,0.41015971832810916
2023-03-14,1.4416016903476403,0.4438273310661316,0.393228179956405,0.3930546736242288,0.046601363467196,1,2023,0.4077395536697823
2023-03-15,0.3190156644627407,0.4155132174491882,0.4333221339462839,0.4335066165975703,1.4416016903476403,2,2023,0.4681409511517503
2023-03-16,0.5000668402132091,0.3509783744812011,0.429331570655049,0.4295062917326567,0.3190156644627407,3,2023,0.5040076801473177
2023-03-17,0.0403099181917498,0.2909471392631531,0.4284912131424221,0.4287267750631338,0.5000668402132091,4,2023,0.130935692085359
2023-03-19,0.4927154608170349,0.3358452320098877,0.4225483443056321,0.4227048677457022,0.0403099181917498,6,2023,0.41661051692294476
2023-03-20,0.441099180659859,0.4368916153907776,0.4217491594646028,0.4219673219746948,0.4927154608170349,0,2023,0.43391573696741154
2023-03-21,0.8110314536174138,0.4941523671150207,0.4199597461577906,0.4202166349593376,0.441099180659859,1,2023,0.43545759990201205
2023-03-22,0.2379109233276567,0.4742717742919922,0.4279173112209166,0.4283971300888138,0.8110314536174138,2,2023,0.46230183366098837
2023-03-23,0.6697353050006652,0.3720927238464355,0.4232001263282888,0.4235715994277305,0.2379109233276567,3,2023,0.49680975844226377
2023-03-24,0.0511059809765862,0.2907676100730896,0.4269358770741038,0.4272507108527212,0.6697353050006652,4,2023,0.13046042211882436
2023-03-26,0.2959007413804654,0.3425116837024688,0.4210377459426979,0.4212743812661411,0.0511059809765862,6,2023,0.41512114612472484
2023-03-27,0.4076299821566807,0.4498163759708404,0.4170115278844967,0.4172340281068867,0.2959007413804654,0,2023,0.4290414346660827
2023-03-28,0.0064573560839192,0.5118122696876526,0.4147425592744021,0.4149925407832853,0.4076299821566807,1,2023,0.43004788218676465
2023-03-29,0.5941722547524114,0.5050806999206543,0.4090046405997452,0.409170470063428,0.0064573560839192,2,2023,0.4418694695609064
2023-03-30,0.590482285932255,0.396662175655365,0.4109783298902023,0.4112606035359761,0.5941722547524114,3,2023,0.48246215465297254
2023-03-31,0.0027674638501768,0.2896220088005066,0.4130277989603617,0.4132421759173761,0.590482285932255,4,2023,0.12621047771495914
2023-04-02,0.5620653857365886,0.3329088091850281,0.4073170509708732,0.407448733153898,0.0027674638501768,6,2023,0.401593260140111
2023-04-03,0.4904841458332402,0.4283600747585296,0.4085461542908859,0.4087806511321313,0.5620653857365886,0,2023,0.42033185282307634
2023-04-04,0.4482958570431317,0.4847715497016907,0.4081044415515898,0.4084045416666779,0.4904841458332402,1,2023,0.42316479675324603
2023-04-05,0.1099727011986749,0.484037309885025,0.4069998775233371,0.4072093525128775,0.4482958570431317,2,2023,0.4397036173694282
2023-04-06,0.1879432689677155,0.3914769291877746,0.4016353519171766,0.4017844213646213,0.1099727011986749,3,2023,0.4714940987826168
2023-04-07,0.0211039185254444,0.3023652136325836,0.3969494649669584,0.397001278898469,0.1879432689677155,4,2023,0.12129735995563165
2023-04-09,0.3741071072770824,0.3339899778366089,0.3915134308744723,0.3914921129171657,0.0211039185254444,6,2023,0.3860117191724503
2023-04-10,0.4749773508575094,0.417466789484024,0.3894650971650375,0.3893564494746193,0.3741071072770824,0,2023,0.40070034727273823
2023-04-11,0.7351060648736109,0.4645134508609772,0.3892548075982994,0.3892253702814317,0.4749773508575094,1,2023,0.4036195512019087
2023-04-12,0.4964410814750385,0.4502723813056946,0.3961522712389635,0.3963406380901222,0.7351060648736109,2,2023,0.4279843712800607
2023-04-13,0.4827946070205392,0.3489554524421692,0.3962098331983594,0.3964745572191296,0.4964410814750385,3,2023,0.4651248883868037
2023-04-14,0.0027291459139534,0.2585499584674835,0.3961705967504981,0.3963521093013685,0.4827946070205392,4,2023,0.1210593582280872
2023-04-16,0.6122980233732079,0.2989546954631805,0.390742772597992,0.3908451724399561,0.0027291459139534,6,2023,0.3852518905108021
2023-04-17,0.4192495282953685,0.3905085921287536,0.394122596212228,0.3941729057109784,0.6122980233732079,0,2023,0.40549220538586933
2023-04-18,0.1422929467600718,0.4381759166717529,0.392654900957433,0.3927524608113591,0.4192495282953685,1,2023,0.40714511884775345
2023-04-19,0.1030913818421239,0.433620274066925,0.3877825632097766,0.3877874001605636,0.1422929467600718,2,2023,0.41894213048344425
2023-04-20,0.2022245380767648,0.3374713063240051,0.3827210639425164,0.3826720047992658,0.1030913818421239,3,2023,0.4492899399102516
2023-04-21,0.0227526109602574,0.253951221704483,0.3784409504900181,0.3783667262750858,0.2022245380767648,4,2023,0.11564164268960556
2023-04-23,0.526532013955975,0.2825764715671539,0.3733298145538434,0.3731808934539405,0.0227526109602574,6,2023,0.36808362669035954
2023-04-24,0.643106557444274,0.3580405116081238,0.3748302379070777,0.3747973954454024,0.526532013955975,0,2023,0.3856433030609763
2023-04-25,0.6023539928647964,0.4066332876682281,0.3797569824062736,0.3796894439011213,0.643106557444274,1,2023,0.39377122597491315
2023-04-26,0.1695276749656042,0.3930914998054504,0.3830229557827152,0.3831049564298345,0.6023539928647964,2,2023,0.4138000734005959
2023-04-27,0.042653792523401,0.3174100816249847,0.3785322882900086,0.3785215888421667,0.1695276749656042,3,2023,0.44437258641570915
2023-04-28,0.0117996777917122,0.2403333634138107,0.3734551508851285,0.373365796522715,0.042653792523401,4,2023,0.11411811291386627
2023-04-30,0.3955935189056586,0.2810857892036438,0.3684121170684906,0.3682548564104849,0.0117996777917122,6,2023,0.36323503476223307
2023-05-01,0.2402709663677955,0.3637516498565674,0.3673674616161398,0.3671322676429575,0.3955935189056586,0,2023,0.37796524134719345
2023-05-02,0.540316437888376,0.4151203036308288,0.3637916434553602,0.3635524056392221,0.2402709663677955,1,2023,0.3772167151085914
2023-05-03,0.4312929143519012,0.4024946093559265,0.3659785683441243,0.3658726696571128,0.540316437888376,2,2023,0.39538611500286946
2023-05-04,0.0317761509044856,0.3055233359336853,0.3657304980589679,0.3655502204322804,0.4312929143519012,3,2023,0.4293441071770754
2023-05-05,0.0426549538397305,0.2314792573451995,0.3608363356387996,0.3605949199131307,0.0317761509044856,4,2023,0.11026213347508562
2023-05-07,0.1616404125970399,0.2681386768817901,0.3560440653209455,0.3557457459344858,0.0426549538397305,6,2023,0.3510407840893502
2023-05-08,0.4910612304978055,0.3472845554351806,0.3520000872786037,0.3516203351499248,0.1616404125970399,0,2023,0.3621545505342205
2023-05-09,0.2918298880156483,0.4014342427253723,0.353583002878179,0.3531508654626472,0.4910612304978055,1,2023,0.366631343142176
2023-05-10,0.590009931500906,0.3908966779708862,0.3509827914941306,0.350575720144377,0.2918298880156483,2,2023,0.37918537959643467
2023-05-11,0.6294559237344806,0.3027434945106506,0.3553218780947998,0.3548882129142765,0.590009931500906,3,2023,0.4171250560747506
2023-05-12,0.043315777296907,0.2276535034179687,0.3606809655592116,0.3602322556764069,0.6294559237344806,4,2023,0.11021465644807492
2023-05-14,0.194229334450073,0.2668040990829468,0.3558926481918001,0.3553908262722594,0.043315777296907,6,2023,0.35089149473750597
2023-05-15,0.1159399082732772,0.3451540470123291,0.3520614212860007,0.3515493536055758,0.194229334450073,0,2023,0.36221765389891863
2023-05-16,0.2064478807383138,0.4012598395347595,0.3477575979256233,0.3471717079652346,0.1159399082732772,1,2023,0.3605909621716053
2023-05-17,0.6386249665315803,0.3950718641281128,0.3443120049005244,0.3436502686104278,0.2064478807383138,2,2023,0.3719785739979736
2023-05-18,0.3346298328840379,0.3140487372875213,0.3504718447913779,0.3498127238729714,0.6386249665315803,3,2023,0.41143142858268117
2023-05-19,0.0009254075263494,0.2401788234710693,0.3486207541309652,0.3480120672434426,0.3346298328840379,4,2023,0.10652937170565868
2023-05-21,0.04718486841086,0.2729681730270386,0.344003627281211,0.3433384209211286,0.0009254075263494,6,2023,0.3391695433584097
2023-05-22,0.3595359563000515,0.3561580777168274,0.3395132213853469,0.3388030776167671,0.04718486841086,0,2023,0.34930746478456765
2023-05-23,0.2118782678916613,0.4177227616310119,0.3385686875130482,0.3377964065396681,0.3595359563000515,1,2023,0.351062951664448
2023-05-24,0.2048703980522763,0.408923476934433,0.3353756554311637,0.3345327192231049,0.2118782678916613,2,2023,0.3623241603119893
2023-05-25,0.0475526701392822,0.3306918442249298,0.3321698976733737,0.3312582336802907,0.2048703980522763,3,2023,0.3899461185342022
2023-05-26,0.0130576308047157,0.2487860023975372,0.3279124640780109,0.326944979904303,0.0475526701392822,4,2023,0.10020146063811786
2023-05-28,0.110124974965592,0.2774259448051452,0.3236641070081314,0.3226481072261778,0.0130576308047157,6,2023,0.3191158425946379
2023-05-29,0.21174294678259,0.356700599193573,0.3198497924114905,0.3187740455432204,0.110124974965592,0,2023,0.32907678718149025
2023-05-30,0.4332932344163827,0.4089412093162536,0.3169447720686204,0.3158902722358128,0.21174294678259,1,2023,0.3286410447886956
2023-05-31,0.6845636776366129,0.3938713371753692,0.3183063415476012,0.3172189049134883,0.4332932344163827,2,2023,0.3438832725498393
2023-06-01,0.488228536034048,0.3103121221065521,0.3270866814581307,0.3263145383407398,0.6845636776366129,3,2023,0.3839787492852487
2023-06-02,0.0,0.229727104306221,0.3294928157674873,0.3286881781099567,0.488228536034048,4,2023,0.10068437472329206
2023-06-04,0.0485568357954229,0.266319066286087,0.3252086507786754,0.3243547183593329,0.0,6,2023,0.32063868178529625
2023-06-05,0.1663116577235412,0.3502612709999084,0.3210527248583293,0.3201616690063875,0.0485568357954229,0,2023,0.3303144217030497
2023-06-06,0.0411364895807589,0.396573007106781,0.317738854560249,0.3167826879161418,0.1663116577235412,1,2023,0.3294644314563285
2023-06-07,0.7756127132151499,0.3854358196258545,0.3136991067906188,0.3127075545184746,0.0411364895807589,2,2023,0.33890583176768785
2023-06-08,0.3139895005837979,0.2990828156471252,0.3263746489643611,0.3257758467531736,0.7756127132151499,3,2023,0.38314286888440424
2023-06-09,0.0288472725043466,0.2172915935516357,0.3249460708866202,0.3242792615912888,0.3139895005837979,4,2023,0.09929500857189325
2023-06-11,0.108831651913808,0.2534641027450561,0.3207724719511202,0.3200495992345313,0.0288472725043466,6,2023,0.31626484201189126
2023-06-12,0.3026170308133866,0.3250870704650879,0.3169469275757814,0.3162017881670503,0.108831651913808,0,2023,0.32609018079179997
2023-06-13,0.3903761629561128,0.3657228946685791,0.3154057652494535,0.3147156019051026,0.3026170308133866,1,2023,0.3270452437105241
2023-06-14,1.012290135705603,0.3499168455600738,0.3156055516689565,0.3150149944245912,0.3903761629561128,2,2023,0.34096546557991775
2023-06-15,0.006397514110981,0.2714467644691467,0.3394091801441107,0.3393902111913266,1.012290135705603,3,2023,0.3984445710436238
2023-06-16,0.0319916641592802,0.2036133557558059,0.3349511957671705,0.3348684188634276,0.006397514110981,4,2023,0.10235231269028568
2023-06-18,0.159196366616403,0.2520774900913238,0.3306071702232644,0.3304557299719729,0.0319916641592802,6,2023,0.3259613389598846
2023-06-19,0.036632720755472,0.3366372883319855,0.3270365826207521,0.3268042447219748,0.159196366616403,0,2023,0.3364709011947599
2023-06-20,0.6045514883098392,0.3926934599876404,0.3228421160116835,0.3225443229777392,0.036632720755472,1,2023,0.3347560195279128
2023-06-21,0.2607325687818539,0.379957914352417,0.3285994626177148,0.3285109663645347,0.6045514883098392,2,2023,0.3550034787673238
2023-06-22,0.5785866440983842,0.2972506880760193,0.3262631870551125,0.3260907677269048,0.2607325687818539,3,2023,0.38301201976417887
2023-06-23,0.0734241378116798,0.2272533476352691,0.3313302462346152,0.3311248787795416,0.5785866440983842,4,2023,0.10124584534974375
2023-06-25,0.0568666492435834,0.2649636566638946,0.3271422825230008,0.326892772739569,0.0734241378116798,6,2023,0.3225451413215792
2023-06-26,0.4966647759369342,0.3531263768672943,0.3229740997959844,0.3226781420018703,0.0568666492435834,0,2023,0.33229122427242935
2023-06-27,0.432499336906298,0.404875099658966,0.325510805596494,0.3253560744146542,0.4966647759369342,1,2023,0.3375231922679602
2023-06-28,0.4527866003614751,0.3972950577735901,0.326562352170279,0.3263418632175527,0.432499336906298,2,2023,0.35280267999025977
2023-06-29,0.4042079822468994,0.316080629825592,0.3280729714909341,0.3277923150564148,0.4527866003614751,3,2023,0.3851365904163522
2023-06-30,0.0027504389244068,0.2388446778059005,0.3281839660883467,0.3279892359036043,0.4042079822468994,4,2023,0.1002844245415435
2023-07-02,0.0275009856253198,0.2648719251155853,0.3239236916124867,0.3236685685337557,0.0027504389244068,6,2023,0.319371779406752
2023-07-03,0.2863806043691187,0.3506141304969787,0.3197513921134211,0.3194438950394515,0.0275009856253198,0,2023,0.32897554824147957
2023-07-04,0.2291436646880987,0.4077937006950378,0.3180247206756934,0.3176406609203491,0.2863806043691187,1,2023,0.3297608469429641
2023-07-05,0.3100007541954538,0.3949131071567535,0.3154925879028652,0.3150322196958809,0.2291436646880987,2,2023,0.34084342481448987
2023-07-06,0.7211393723364286,0.3047397434711456,0.3141153017902939,0.3137066779472102,0.3100007541954538,3,2023,0.36875118294364073
2023-07-07,0.0173268342939296,0.2171250879764557,0.3245417043324807,0.3244419844255246,0.7211393723364286,4,2023,0.09917144474374812
2023-07-09,0.3159704141723453,0.2430373728275299,0.3203574459988307,0.3201936024943035,0.0173268342939296,6,2023,0.3158556481791622
2023-07-10,0.0599852781399485,0.3261145949363708,0.3189571673853399,0.3188374589445153,0.3159704141723453,0,2023,0.3281584117980055
2023-07-11,1.1041848503591936,0.3803560435771942,0.314944743354077,0.3147788059447796,0.0599852781399485,1,2023,0.32656720863716376
2023-07-12,0.8500637281266442,0.3580312132835388,0.3438769545734713,0.3443242921025831,1.1041848503591936,2,2023,0.37150856598788023
2023-07-13,0.0044551566217541,0.2750668823719024,0.3576468928343332,0.3584048136537819,0.8500637281266442,3,2023,0.4198544740008366
2023-07-14,0.0445426369478259,0.2168069779872894,0.3528753577097997,0.3535507076534113,0.0044551566217541,4,2023,0.10782946712665481
2023-07-16,0.0765669553075615,0.2674450576305389,0.3482246697333787,0.3488290470202106,0.0445426369478259,6,2023,0.3433312699434258
2023-07-17,0.0801296362253273,0.3518098294734955,0.3437478421566221,0.3442904608553266,0.0765669553075615,0,2023,0.3536642454716424
2023-07-18,0.2452391417757538,0.40950608253479,0.3394035161241018,0.3398580438216477,0.0801296362253273,1,2023,0.35192858811323835
2023-07-19,0.5838543700711147,0.4034101366996765,0.3366058017310086,0.3369627623058958,0.2452391417757538,2,2023,0.36365315279529636
2023-07-20,0.0853560522089542,0.3275927603244781,0.3413764340578173,0.3416757283806072,0.5838543700711147,3,2023,0.4007540007456958
2023-07-21,0.054815941128958,0.255824327468872,0.3370988095425559,0.3373140864544171,0.0853560522089542,4,2023,0.1030085672117026
2023-07-23,0.6172886920571609,0.2990744709968567,0.3327484727350295,0.3329063467747521,0.054815941128958,6,2023,0.32807255098647725
2023-07-24,0.0596777419740679,0.3836849927902221,0.3387576377717632,0.3388760867036476,0.6172886920571609,0,2023,0.3485300841705911
2023-07-25,0.2754860002560655,0.4435274600982666,0.3344214545515888,0.3344628848514829,0.0596777419740679,1,2023,0.3467626725825736
2023-07-26,0.9971437636988292,0.4350747466087341,0.3320279772527927,0.3320848342532345,0.2754860002560655,2,2023,0.35870748550172715
2023-07-27,0.3392377233022297,0.339957982301712,0.3539823288476302,0.3541577258011133,0.9971437636988292,3,2023,0.4155525113222672
2023-07-28,0.0281422912405477,0.2633211016654968,0.3521208514485899,0.3523255892614015,0.3392377233022297,4,2023,0.10759890977456879
2023-07-30,0.1853400247088614,0.311399757862091,0.347456582473924,0.3475954202687494,0.0281422912405477,6,2023,0.3425739761697887
2023-07-31,0.1926012660212729,0.4109366536140442,0.3437974376708629,0.3438462038879997,0.1853400247088614,0,2023,0.3537152717123097
2023-08-01,0.726918184647066,0.4664874970912933,0.3401910549262385,0.3402218201044623,0.1926012660212729,1,2023,0.3527451896083714
2023-08-02,0.089555791015061,0.4472644329071045,0.3496603506328372,0.3496900675607201,0.726918184647066,2,2023,0.37775667638893917
2023-08-03,0.5138495271444351,0.3574232757091522,0.3452108012149259,0.3451918578191725,0.089555791015061,3,2023,0.40525530143676497
2023-08-04,0.0526932628412815,0.2672122716903686,0.3473790210678738,0.3474839893604179,0.5138495271444351,4,2023,0.10614993060391757
2023-08-06,0.0663253509801849,0.2970703244209289,0.3428426261927043,0.3428895248568857,0.0526932628412815,6,2023,0.33802485714640784
2023-08-07,0.4454269200470788,0.3998937904834747,0.3384578025176434,0.3384274467369929,0.0663253509801849,0,2023,0.34822159929909696
2023-08-08,0.1979087985741378,0.4486726820468902,0.3393869619772011,0.3392865915361064,0.4454269200470788,1,2023,0.35191142306553136
2023-08-09,0.0628475421339398,0.4345476627349853,0.3359229912789265,0.3358108764914883,0.1979087985741378,2,2023,0.36291547634294674
2023-08-10,0.3530043207627326,0.334022581577301,0.3316168256349245,0.3314552804328428,0.0628475421339398,3,2023,0.389296847494973
2023-08-11,0.0328902291576601,0.2401902228593826,0.3307653932773607,0.3305269428751474,0.3530043207627326,4,2023,0.10107324108012014
2023-08-13,0.3926473008181498,0.2801286876201629,0.3264800927682288,0.3261887618444066,0.0328902291576601,6,2023,0.32189225693626705
2023-08-14,0.0174256772380185,0.3547607064247131,0.3265916173758824,0.3262326967172069,0.3926473008181498,0,2023,0.33601309963708137
2023-08-15,0.1964781476369385,0.403057724237442,0.3223713230764937,0.3219525240588162,0.0174256772380185,1,2023,0.33426785283221344
2023-08-16,0.1287463048327633,0.3959528505802154,0.3193447669755676,0.3188500805995164,0.1964781476369385,2,2023,0.3450051387769834
2023-08-17,0.0036807670722842,0.3057829737663269,0.31574235302434,0.3151770367005721,0.1287463048327633,3,2023,0.37066123655721783
2023-08-18,0.0616327169640547,0.2282510101795196,0.3117001836437787,0.3110846410278609,0.0036807670722842,4,2023,0.09524741235467604
2023-08-20,0.19384925338094,0.2578862309455871,0.3078239430770694,0.3071733004115556,0.0616327169640547,6,2023,0.30349827132167906
2023-08-21,0.4682685870486813,0.3303729891777038,0.3049720477375763,0.3043310378315924,0.19384925338094,0,2023,0.3137698508196259
2023-08-22,0.1603228914042573,0.3796789348125458,0.3076806680738748,0.3070032332220027,0.4682685870486813,1,2023,0.31903506581641855
2023-08-23,0.4604667238998801,0.3703173100948334,0.3044930986887765,0.3038133805493377,0.1603228914042573,2,2023,0.3289600915169915
2023-08-24,0.1721808138334057,0.2938235104084015,0.3070076308266786,0.3062912037553215,0.4604667238998801,3,2023,0.3604072338877712
2023-08-25,0.0213072459338173,0.2213056832551956,0.304040622014517,0.303257196521042,0.1721808138334057,4,2023,0.09290685093302445
2023-08-27,0.2128231318419326,0.2585785984992981,0.3002153882646851,0.2993917713477336,0.0213072459338173,6,2023,0.29599663512752267
2023-08-28,0.5475525972528451,0.3361664116382599,0.2977524103554727,0.2969530429216206,0.2128231318419326,0,2023,0.30634194206156257
2023-08-29,0.4109946704908495,0.3778130412101745,0.3028470159363636,0.3022674154500803,0.5475525972528451,1,2023,0.31402303650213514
2023-08-30,0.748943268548717,0.357820987701416,0.303923220531452,0.3034601953393627,0.4109946704908495,2,2023,0.3283444218299139
2023-08-31,0.6375607451684405,0.2829749286174774,0.3165342934340589,0.316126481705448,0.748943268548717,3,2023,0.3715909237174431
2023-09-01,0.0046413835044339,0.2207271158695221,0.3240460436456417,0.3236386414464948,0.6375607451684405,4,2023,0.09901998381974267
2023-09-03,0.1919644481643848,0.2633876204490661,0.319857035607726,0.3193952098119021,0.0046413835044339,6,2023,0.3153622697657304
2023-09-04,0.6674313890158529,0.3422624468803406,0.3167321166941517,0.3162707366608083,0.1919644481643848,0,2023,0.325869173067376
2023-09-05,0.0186518447215227,0.3942806720733642,0.3253124513031778,0.3248653483890913,0.6674313890158529,1,2023,0.3373175180687352
2023-09-06,0.2558334184049164,0.391718327999115,0.3211065772592256,0.3206083633397251,0.0186518447215227,2,2023,0.3469085161429844
2023-09-07,0.0243042898267871,0.3118093013763428,0.3188747289850062,0.3183030433554201,0.2558334184049164,3,2023,0.37433844468536887
2023-09-08,0.1457018227647098,0.229335755109787,0.314787961607891,0.3141698895806029,0.0243042898267871,4,2023,0.09619095642824514
2023-09-10,0.3242641678410107,0.2608579397201538,0.3113334930306816,0.3107045448849493,0.1457018227647098,6,2023,0.3069585036005298
2023-09-11,0.08276106239159,0.3330889344215393,0.3103217064056419,0.3097582677894943,0.3242641678410107,0,2023,0.31927383590503683
2023-09-12,0.272719403183346,0.3833507895469665,0.3065535424862859,0.3059600782267352,0.08276106239159,1,2023,0.31786634570062156
2023-09-13,0.8160713116906917,0.3748256862163543,0.304935762367972,0.304273941614466,0.272719403183346,2,2023,0.32943832463638395
2023-09-14,0.1539906407586176,0.2930305600166321,0.3204347705063231,0.3198756343468809,0.8160713116906917,3,2023,0.3761698332014586
2023-09-15,0.0431499467320761,0.2247390300035476,0.3169380683632929,0.3163678739627029,0.1539906407586176,4,2023,0.09684797273906125
2023-09-17,0.2669278210927351,0.2635814547538757,0.3129169091385956,0.3123050120158942,0.0431499467320761,6,2023,0.30851966887809396
2023-09-18,0.1179223346756643,0.3386238515377044,0.3109058816590251,0.3103311016881608,0.2669278210927351,0,2023,0.31987486338760895
2023-09-19,0.1480676508477832,0.3996115624904632,0.3073864063422279,0.3067445924217215,0.1179223346756643,1,2023,0.31872994488857176
2023-09-20,0.0412730877190051,0.3837511539459228,0.3041783744314234,0.3034690840485162,0.1480676508477832,2,2023,0.32862007816054006
2023-09-21,0.1492880926620503,0.2988731265068054,0.3004051615408242,0.2996420389376689,0.0412730877190051,3,2023,0.35265635914326965
2023-09-22,0.0112748045820193,0.2243554890155792,0.297349404547492,0.296522124812122,0.1492880926620503,4,2023,0.09086219012536546
2023-09-24,0.5048517834064546,0.2534085810184479,0.2936376787142364,0.29277011430633,0.0112748045820193,6,2023,0.28951135832331565
2023-09-25,0.1871403058377041,0.3311343789100647,0.2978755943440342,0.2969948253932014,0.5048517834064546,0,2023,0.306468679649486
2023-09-26,0.6282464933065485,0.3838154673576355,0.2952673543829619,0.2943239927940823,0.1871403058377041,1,2023,0.30616366126841044
2023-09-27,0.5563217462012068,0.3809620440006256,0.303606873758585,0.3026997609463797,0.6282464933065485,2,2023,0.3280026555836458
2023-09-28,0.0596254968710539,0.29602712392807,0.3087095071214403,0.3080272445170354,0.5563217462012068,3,2023,0.36240512731524926
2023-09-29,0.0312279691582877,0.2218463718891143,0.3048809252023527,0.3041649669233284,0.0596254968710539,4,2023,0.09316362557877252
2023-10-01,0.8392269106854824,0.2627143263816833,0.3010706015667805,0.3003025167392553,0.0312279691582877,6,2023,0.29683983061193725
2023-10-02,0.1251080533158791,0.3496180772781372,0.3179548237638298,0.3173138486950024,0.8392269106854824,0,2023,0.3271271526681135
2023-10-03,0.3919909263036131,0.4086127281188965,0.3143520079104736,0.3136437120514881,0.1251080533158791,1,2023,0.3259525993656565
2023-10-04,0.3989935469389811,0.4059692323207855,0.3146198596468459,0.314013355685113,0.3919909263036131,2,2023,0.33990057005618546
2023-10-05,0.3530144729707607,0.3103049099445343,0.3150344979984876,0.3145302373085358,0.3989935469389811,3,2023,0.3698302602353132
2023-10-06,0.3018306080403213,0.2340824156999588,0.3144682717414991,0.3140383499082927,0.3530144729707607,4,2023,0.09609326757810112
2023-10-08,0.1202737081796422,0.2718848288059234,0.3131380913448743,0.3126364665501049,0.3018306080403213,6,2023,0.30873774293881084
2023-10-09,0.3618417231233861,0.3701431453227997,0.3095277965813067,0.3090053028725143,0.1202737081796422,0,2023,0.31845702344962046
2023-10-10,0.1432408481264567,0.4138227999210357,0.3092999650721075,0.3088602915738586,0.3618417231233861,1,2023,0.3207141200372819
2023-10-11,0.8435437035328669,0.4013164043426513,0.3059331742127829,0.3054799677726247,0.1432408481264567,2,2023,0.3305158817079959
2023-10-12,0.2243752189181905,0.3076667189598083,0.3226263842498414,0.3222731190764751,0.8435437035328669,3,2023,0.37874264692900333
2023-10-13,0.1445705461095771,0.2349227219820022,0.319929448695522,0.3194985927806176,0.2243752189181905,4,2023,0.09776206022108566
2023-10-15,0.351991103505615,0.2731873691082001,0.3163658030405489,0.3159184028110026,0.1445705461095771,6,2023,0.3119200974696822
2023-10-16,0.1542574891258375,0.3433767259120941,0.3157414857388695,0.31536546774074,0.351991103505615,0,2023,0.32484996448953396
2023-10-17,0.3789713580714693,0.400622695684433,0.3123394461643823,0.3119502834874759,0.1542574891258375,1,2023,0.323865767673749
2023-10-18,0.4394737185636915,0.3859706521034241,0.3125891394881457,0.3121358505678618,0.3789713580714693,2,2023,0.3377066750479632
2023-10-19,0.1076792396477369,0.2992127537727356,0.3140236358127716,0.3136918476014922,0.4394737185636915,3,2023,0.3686435729754081
2023-10-20,0.0047201204583636,0.2216885983943939,0.3103173297739886,0.3099573608643887,0.1076792396477369,4,2023,0.09482484843051525
2023-10-22,0.6998824474876238,0.2627106606960296,0.3063716227382266,0.305958972140011,0.0047201204583636,6,2023,0.30206635960019956
2023-10-23,0.7272622479749629,0.3324706256389618,0.3164370880097268,0.316327204747874,0.6998824474876238,0,2023,0.3255656334250179
2023-10-24,0.2268796526367519,0.3787318468093872,0.3273327300630952,0.3272393802533714,0.7272622479749629,1,2023,0.339412351556886
2023-10-25,0.0596413019482469,0.3843544125556946,0.3245637627156343,0.324386485368562,0.2268796526367519,2,2023,0.350643497490768
2023-10-26,0.031245118204508,0.3100424408912658,0.3204808475180585,0.3202340132533243,0.0596413019482469,3,2023,0.37622392465286864
2023-10-27,0.025563461431874,0.2262831032276153,0.3163746741079147,0.3160768340211558,0.031245118204508,4,2023,0.09667581421052605
2023-10-29,0.5109738016455722,0.2588677704334259,0.3123473815233014,0.3119888877430864,0.025563461431874,6,2023,0.3079581445048308
2023-10-30,0.3368928857660113,0.3295595347881317,0.3156985994657121,0.3155013180664313,0.5109738016455722,0,2023,0.32480584103746474
2023-10-31,0.0103984988442735,0.373004674911499,0.3149808201932452,0.3147082784939663,0.3368928857660113,1,2023,0.3266046168267342
2023-11-01,0.3670733124707505,0.3728020787239074,0.3109586563908975,0.3106280186847747,0.0103984988442735,2,2023,0.33594517742717184
2023-11-02,1.058726499900615,0.2991834282875061,0.3107966945219232,0.3105449066348528,0.3670733124707505,3,2023,0.3648553512252801
2023-11-03,0.0410156984011728,0.2198280841112136,0.33761924441517,0.3379564364238118,1.058726499900615,4,2023,0.10316759847801805
2023-11-05,0.0540918642240181,0.2667814195156097,0.333248275114235,0.3335074914315786,0.0410156984011728,6,2023,0.32856532993204923
2023-11-06,0.2045076422589683,0.3749434351921081,0.3289914232092171,0.3291727266861042,0.0540918642240181,0,2023,0.33848213482869155
2023-11-07,0.0896986745495705,0.4238541722297668,0.3259160161061852,0.3260076933269464,0.2045076422589683,1,2023,0.33794335633753964
2023-11-08,0.3714641532847534,0.4075974822044372,0.3218946371726738,0.3219421832871557,0.0896986745495705,2,2023,0.3477598991870177
2023-11-09,0.1498745081773572,0.314164936542511,0.3216933906393407,0.3216611568237854,0.3714641532847534,3,2023,0.37764737237348145
2023-11-10,0.0131033385622271,0.2335367649793625,0.3181380032332839,0.3180825220526027,0.1498745081773572,4,2023,0.097214641407731
2023-11-12,0.1178528472531622,0.2664425671100616,0.3140553656716016,0.313942004889702,0.0131033385622271,6,2023,0.30964212734018853
2023-11-13,1.631841581177882,0.3367979228496551,0.3104117189566491,0.3102690194232149,0.1178528472531622,0,2023,0.31936644512909834
2023-11-14,0.2476946796611429,0.3740220665931701,0.375749271929307,0.3767553823078296,1.631841581177882,1,2023,0.38961561820209983
2023-11-15,0.053458193280174,0.3593943417072296,0.37219645051388,0.3730894202237759,0.2476946796611429,2,2023,0.4021036238607479
2023-11-16,0.55775975376502,0.312312364578247,0.3672315055155746,0.3680476948088546,0.053458193280174,3,2023,0.4311061934940306
2023-11-17,0.0375762412600184,0.2379477769136428,0.3697536037376252,0.370670635581416,0.55775975376502,4,2023,0.11298701705313544
2023-11-19,0.2883336780210159,0.2841426730155945,0.3648161514326531,0.3656405810906203,0.0375762412600184,6,2023,0.3596896011507365
2023-11-20,0.2810006196740927,0.3817336559295654,0.3619095352010186,0.3627241199069664,0.2883336780210159,0,2023,0.3723498652176057
2023-11-21,0.2220632599662624,0.4332893788814544,0.3590969497938662,0.3598034555882753,0.2810006196740927,1,2023,0.3723487722811823
2023-11-22,0.1798908291090984,0.4231114387512207,0.3555911685445221,0.3561932654469359,0.2220632599662624,2,2023,0.3841640544589184
2023-11-23,0.2619145055631885,0.3356536328792572,0.3516331539015327,0.352198685611793,0.1798908291090984,3,2023,0.41279473086592594
2023-11-24,0.0950718137995663,0.2522943317890167,0.3486614419999526,0.3492186422805511,0.2619145055631885,4,2023,0.10654180485276167
2023-11-26,0.0867655239129044,0.2859572768211365,0.3442547714985036,0.3447553469078344,0.0950718137995663,6,2023,0.3394171583913367
2023-11-27,0.3554085011111807,0.3715415894985199,0.3398895267311078,0.340333496924773,0.0867655239129044,0,2023,0.34969462574924604
2023-11-28,0.1985085200073804,0.416457325220108,0.338680974676611,0.3391604518533507,0.3554085011111807,1,2023,0.35117938258239245
2023-11-29,0.7337031697033556,0.4025599062442779,0.3353362362714771,0.3357190574035004,0.1985085200073804,2,2023,0.36228157369694325
2023-11-30,0.1148416918826537,0.3178078532218933,0.3453408180003392,0.345706042152802,0.7337031697033556,3,2023,0.40540793278948933
2023-12-01,0.0303310219743425,0.2396470010280609,0.3411535957028184,0.3414297822646632,0.1148416918826537,4,2023,0.10424760366301868
2023-12-03,0.431011331994049,0.2788388133049011,0.3366826362227628,0.3368942288182401,0.0303310219743425,6,2023,0.33195142995114885
2023-12-04,0.3550430890360444,0.3590737283229828,0.337332780412137,0.3374646092805518,0.431011331994049,0,2023,0.3470641226685919
2023-12-05,0.2717556800332517,0.4093742966651916,0.3363623255749267,0.3364085309733322,0.3550430890360444,1,2023,0.34877516793546043
2023-12-06,0.2309930476850932,0.4079782962799072,0.3340056824414371,0.333964150266322,0.2717556800332517,2,2023,0.360844105617755
2023-12-07,0.295097698396445,0.3188444375991821,0.331025999400509,0.3309850077071863,0.2309930476850932,3,2023,0.38860325545532026
2023-12-08,0.0083638070239647,0.2329103946685791,0.3291602532244223,0.3290350675983454,0.295097698396445,4,2023,0.10058275232030614
2023-12-10,0.024158180449022,0.2650974690914154,0.324881699600798,0.3246968553052922,0.0083638070239647,6,2023,0.3203163250631373
2023-12-11,0.2922229094803655,0.3473386466503143,0.3206885456571223,0.3204491636589828,0.024158180449022,0,2023,0.32993973669672855
2023-12-12,0.7484519169245056,0.3899434506893158,0.3188818083827068,0.3186777776541679,0.2922229094803655,1,2023,0.330649563919332
2023-12-13,1.0463350594383072,0.3713321089744568,0.3300985170173799,0.330205068742909,0.7484519169245056,2,2023,0.3566229869749854
2023-12-14,0.8919899389008958,0.2844584286212921,0.3542859653053629,0.3548992543099394,1.0463350594383072,3,2023,0.4159089610155346
2023-12-15,0.0192764006967357,0.2215576618909835,0.369530041373752,0.3701601195678794,0.8919899389008958,4,2023,0.11291870225007727
2023-12-17,0.2319431541718317,0.2735201716423034,0.3645579628010018,0.3651097904265624,0.0192764006967357,6,2023,0.3594350406945297
2023-12-18,0.5643129097757416,0.3623479902744293,0.3609453493287098,0.3614747613555253,0.2319431541718317,0,2023,0.3713578646078415
2023-12-19,0.3648873355127399,0.4063439965248108,0.3638808192842111,0.3645293043018175,0.5643129097757416,1,2023,0.37730918180987877
2023-12-20,0.5977184290440921,0.3987095355987549,0.3623799434094923,0.3629265932572669,0.3648873355127399,2,2023,0.39149832906312365
2023-12-21,0.0090839722456246,0.3110264837741852,0.3662006160294757,0.3668821211410231,0.5977184290440921,3,2023,0.429895995470195
2023-12-22,0.287535062839078,0.2308743447065353,0.3612807122085171,0.3618818502629394,0.0090839722456246,4,2023,0.11039792331608557
2023-12-26,0.5780049688519118,0.3296687006950378,0.3584427322809226,0.3590401681091825,0.287535062839078,1,2023,0.37167041205593054
2023-12-27,0.3870745551854364,0.3371117115020752,0.3618569047613264,0.3625794993960837,0.5780049688519118,2,2023,0.3909332625893398
2023-12-28,0.2353219111589665,0.2721765041351318,0.360827477661614,0.3614478335191322,0.3870745551854364,3,2023,0.4235882762410579
2023-12-29,0.868225330199749,0.2185809910297393,0.3574403840298681,0.3579575850188168,0.2353219111589665,4,2023,0.10922441960706276
2024-01-02,0.1802305059044414,0.3184102475643158,0.371454886916757,0.3710831949919726,0.868225330199749,1,2024,0.38516275668923095
2024-01-03,0.2359721221183484,0.3324344754219055,0.3672765536046947,0.3668793468128014,0.1802305059044414,2,2024,0.3967883975240289
2024-01-04,0.0557416162139147,0.2874934077262878,0.3636533617668431,0.3632957333419203,0.2359721221183484,3,2024,0.42690568262249085
2024-01-05,0.0292453780678512,0.2203737050294876,0.3588673813848332,0.358505151995495,0.0557416162139147,4,2024,0.10966047262412715
2024-01-07,0.0511588401755733,0.2569849491119385,0.3540879817146678,0.3537352870904225,0.0292453780678512,6,2024,0.3491121881941397
2024-01-08,0.1983864614274766,0.3536728024482727,0.3494308383825741,0.3490913591486839,0.0511588401755733,0,2024,0.35951118420341704
2024-01-09,0.4027605004303487,0.4021469950675964,0.3458646370969695,0.3454950625434924,0.1983864614274766,1,2024,0.358628145052356
2024-01-10,0.007291885046669,0.3962642252445221,0.3454143120565218,0.3451091546746849,0.4027605004303487,2,2024,0.37316945505399185
2024-01-11,0.2071291464887936,0.3074433207511902,0.3408556546100476,0.3405538762880624,0.007291885046669,3,2024,0.4001426391331818
2024-01-12,0.0100469925325707,0.2251224517822265,0.3375606999501646,0.3372260234266138,0.2071291464887936,4,2024,0.10314970882285562
2024-01-14,0.0018266508357555,0.2565237879753113,0.3331356184791719,0.3328082589478253,0.0100469925325707,6,2024,0.328454256395492
2024-01-15,0.6790808594363703,0.3253912329673767,0.3287881877475482,0.3284662362699774,0.0018266508357555,0,2024,0.3382730364507839
2024-01-16,0.0533200965039697,0.3713830113410949,0.3371300260950308,0.3366727380087549,0.6790808594363703,1,2024,0.34957119905269624
2024-01-17,0.096548624326053,0.3642359375953674,0.3327751745288156,0.3323347260663522,0.0533200965039697,2,2024,0.35951472246492994
2024-01-18,0.2416558730048096,0.291010320186615,0.3287112241779159,0.3282611963144981,0.096548624326053,3,2024,0.38588585806425113
2024-01-19,0.0532427607014706,0.2124410569667816,0.3259816822870401,0.3255797226678283,0.2416558730048096,4,2024,0.0996114642920725
2024-01-21,0.0835932273865193,0.2437295466661453,0.3218516232215602,0.321447498257087,0.0532427607014706,6,2024,0.31732882859395883
2024-01-22,0.2640988362306699,0.3085734248161316,0.3179201112679511,0.3175083097504061,0.0835932273865193,0,2024,0.3270914387896311
2024-01-23,0.2907460230427159,0.3554329872131347,0.3158871445057483,0.3154320080794959,0.2640988362306699,1,2024,0.3275443873963334
2024-01-24,0.3534223021236218,0.3395960330963135,0.3141762158188126,0.3137794570727791,0.2907460230427159,2,2024,0.33942127802986616
2024-01-25,0.0488540058478484,0.2676830887794494,0.3138304267952396,0.3133707272893009,0.3534223021236218,3,2024,0.36841675800216667
2024-01-26,0.0608407098413193,0.2005413323640823,0.3098784235070642,0.3094369743244201,0.0488540058478484,4,2024,0.09469073017077569
2024-01-28,0.1088681511373379,0.2347989529371261,0.3060657273857185,0.305621921032211,0.0608407098413193,6,2024,0.3017647628180795
2024-01-29,0.0959577859404995,0.30530846118927,0.3025764949525342,0.3021209971633919,0.1088681511373379,0,2024,0.31130519136781937
2024-01-30,0.2789015679075266,0.3541820347309112,0.2990181836876767,0.2985906974780486,0.0959577859404995,1,2024,0.3100529081346078
2024-01-31,0.5413918752422779,0.3438501954078674,0.2976959480425062,0.2972205636513621,0.2789015679075266,2,2024,0.32161676811071205
2024-02-01,0.7969641347679003,0.2681194841861725,0.3025970524594349,0.3022223531803273,0.5413918752422779,3,2024,0.3552294982565648
2024-02-02,0.0510073971783251,0.2020948827266693,0.3174071143813699,0.3168635646196932,0.7969641347679003,4,2024,0.09699130091736016
2024-02-04,0.3494037677272301,0.2364243566989898,0.3134236949678617,0.3128812488413304,0.0510073971783251,6,2024,0.30901933313934365
2024-02-05,0.1051353598175051,0.3208574056625366,0.3130183429998539,0.3124179288007347,0.3494037677272301,0,2024,0.32204826480157867
2024-02-06,0.1551749281134186,0.360284149646759,0.3093159470902966,0.3087465647366313,0.1051353598175051,1,2024,0.3207306918429035
2024-02-07,0.0445566619580063,0.3626157343387604,0.306049476374046,0.3055199408746938,0.1551749281134186,2,2024,0.3306415291193083
2024-02-08,0.0853448167723087,0.2807246446609497,0.3022270095036619,0.3017169532350631,0.0445566619580063,3,2024,0.3547950916010993
2024-02-09,0.0064910678293039,0.2092373371124267,0.2986207147236402,0.2981377880505125,0.0853448167723087,4,2024,0.09125066921819998
2024-02-11,0.1196965973711505,0.235043853521347,0.2948884919788915,0.2944150741950304,0.0064910678293039,6,2024,0.2907445946329226
2024-02-12,0.5726245971677064,0.2980126738548279,0.2916936160332158,0.291206856683252,0.1196965973711505,0,2024,0.3001083642476471
2024-02-13,0.1595469579008059,0.3436626493930816,0.2982304137193658,0.2976307529633011,0.5726245971677064,1,2024,0.30923606694253164
2024-02-14,0.4260749005765787,0.3412503600120544,0.295227597542389,0.294671091813894,0.1595469579008059,2,2024,0.31895007776563955
2024-02-15,0.0371257266984371,0.2720310986042022,0.2969399618412104,0.2964717473598268,0.4260749005765787,3,2024,0.34858843732893663
2024-02-16,0.0454809150431844,0.20017871260643,0.2932663692621367,0.2928159967002924,0.0371257266984371,4,2024,0.08961452148129634
2024-02-18,0.0603273472872106,0.2325644046068191,0.2897047005080937,0.2892557834397061,0.0454809150431844,6,2024,0.28563364798415825
2024-02-19,0.2862902379286873,0.3010929524898529,0.2862268675041083,0.2858006988639737,0.0603273472872106,0,2024,0.29448391150461256
2024-02-20,0.0915509628245801,0.342531681060791,0.2852089014428084,0.2848470166302041,0.2862902379286873,1,2024,0.2957340193417271
2024-02-21,0.0221815561271145,0.3314692080020904,0.2819555647125578,0.2816214120336519,0.0915509628245801,2,2024,0.30461159471588
2024-02-22,0.0332741795439222,0.2592330873012543,0.2785326267732039,0.2782123006374405,0.0221815561271145,3,2024,0.3269794085981462
2024-02-23,0.0452871350688427,0.1935928761959076,0.275209557315152,0.2748914951450857,0.0332741795439222,4,2024,0.08409683267784408
2024-02-25,0.2445654646837631,0.2228583097457885,0.2719553593433606,0.2716562307589797,0.0452871350688427,6,2024,0.26813372804048285
2024-02-26,0.0516319391887083,0.2811682522296905,0.2706123898660291,0.270370710474048,0.2445654646837631,0,2024,0.27841898897983636
2024-02-27,0.0507359022732589,0.3308534026145935,0.2674952204573987,0.2672506735267844,0.0516319391887083,1,2024,0.2773666470449589
2024-02-28,0.3114360446609712,0.3211284279823303,0.2644340909716242,0.2641870435766482,0.0507359022732589,2,2024,0.28568221460792115
2024-02-29,0.3169721214293212,0.25180783867836,0.2647177486579745,0.2644050955929966,0.3114360446609712,3,2024,0.3107616292725977
2024-03-01,0.0027679234578606,0.1903715133666992,0.2649120251291321,0.2646719447632205,0.3169721214293212,4,2024,0.08095017654536553
2024-03-03,0.1336917084388133,0.2138694524765014,0.2617957926031682,0.2615651514705392,0.0027679234578606,6,2024,0.25811692781304363
2024-03-04,0.0257957530565831,0.2739983201026916,0.2593117316536653,0.259118279709427,0.1336917084388133,0,2024,0.2667923305114246
2024-03-05,0.3769634120784904,0.3232727646827698,0.2563164883249182,0.2561371606259353,0.0257957530565831,1,2024,0.2657753840515565
2024-03-06,0.4532289968483354,0.3108942210674286,0.2581994158829558,0.2581007207131321,0.3769634120784904,2,2024,0.27894656346646995
2024-03-07,0.0932247606657628,0.2447353303432464,0.2621525571155183,0.2621411608427351,0.4532289968483354,3,2024,0.30775025921081944
2024-03-08,0.005486215883961,0.1849415302276611,0.2594180627048607,0.2593898248584259,0.0932247606657628,4,2024,0.07927136552136016
2024-03-10,0.1143583933313037,0.2162383049726486,0.2564052862316192,0.256383520400359,0.005486215883961,6,2024,0.25280217110841646
2024-03-11,0.0237973201679391,0.282979816198349,0.2539480980985503,0.2539044213611788,0.1143583933313037,0,2024,0.2612739673928226
2024-03-12,0.1938286321123341,0.3273851275444031,0.2510522506677153,0.2510199222989178,0.0237973201679391,1,2024,0.2603168792389118
2024-03-13,0.5918044352380495,0.3199741840362549,0.2494822846994931,0.2494966473242721,0.1938286321123341,2,2024,0.269528982955693
2024-03-14,0.0321536026288373,0.2495271265506744,0.2592144041349058,0.2590650664998615,0.5918044352380495,3,2024,0.30430105638276506
2024-03-15,0.0091856887034688,0.1922829747200012,0.256231775648246,0.2560971241765697,0.0321536026288373,4,2024,0.07829771964918263
2024-03-17,0.1342072324028531,0.2171025574207306,0.2532861827479795,0.2531569567728862,0.0091856887034688,6,2024,0.24972689858122038
2024-03-18,0.0598077887566255,0.2713794112205505,0.2510765669512659,0.2509226253303482,0.1342072324028531,0,2024,0.2583195986026618
2024-03-19,0.6111119934391732,0.3213887810707092,0.2483720800773896,0.2482122846360794,0.0598077887566255,1,2024,0.2575378018076365
2024-03-20,0.643331009380929,0.3104655146598816,0.2585928002276428,0.2585460326717924,0.6111119934391732,2,2024,0.2793715574994607
2024-03-21,0.5076668431884537,0.2395170181989669,0.269861707185172,0.2696440429344929,0.643331009380929,3,2024,0.31680030609319865
2024-03-22,0.0148049448786063,0.1881158649921417,0.275299243804468,0.2749646602531782,0.5076668431884537,4,2024,0.08412423851999234
2024-03-24,0.2633464988422149,0.2209171056747436,0.2719926005180996,0.2716709239944375,0.0148049448786063,6,2024,0.2681704458865421
2024-03-25,0.0406117613549095,0.2811229825019836,0.2709573250353508,0.2706970037003798,0.2633464988422149,0,2024,0.2787738748043682
2024-03-26,0.1746337985915762,0.3283798098564148,0.2677962866136051,0.2675358753436515,0.0406117613549095,1,2024,0.2776788235023285
2024-03-27,0.233320476937144,0.3249755501747131,0.2657081092865039,0.2654167674568749,0.1746337985915762,2,2024,0.28705860436276914
2024-03-28,0.0101970345258051,0.2583584189414978,0.2644952086552692,0.264159279581296,0.233320476937144,3,2024,0.31050038160722726
2024-03-29,0.034294983536229,0.1944614201784134,0.2613942278982106,0.2610667242401746,0.0101970345258051,4,2024,0.0798752298465319
2024-03-31,0.4421005083182332,0.2183651179075241,0.258374408521121,0.2580652275913704,0.034294983536229,6,2024,0.25474362246178034
2024-04-01,0.2779341719145068,0.2799081206321716,0.2622651367551641,0.261857187472936,0.4421005083182332,0,2024,0.2698309351474292
2024-04-02,0.5572540570537162,0.3279821276664734,0.2617575058442852,0.2614187767926839,0.2779341719145068,1,2024,0.271417192466971
2024-04-03,0.0396852869701564,0.323032796382904,0.269029979838599,0.268802701989466,0.5572540570537162,2,2024,0.2906473978215717
2024-04-04,0.0249168286780556,0.2520245611667633,0.2658776948150413,0.2656671500035525,0.0396852869701564,3,2024,0.31212333153648447
2024-04-05,0.0230713505607687,0.1945062130689621,0.2627729559330514,0.2625651129981027,0.0249168286780556,4,2024,0.0802965330235923
2024-04-07,0.200036017864386,0.2222580909729004,0.2597084619604771,0.2595140753663814,0.0230713505607687,6,2024,0.25605892922007867
2024-04-08,0.0156565866198173,0.2851846218109131,0.2580140113062359,0.257869358851354,0.200036017864386,0,2024,0.2654571736574139
2024-04-09,1.069509104197531,0.3315682411193847,0.2550422694167175,0.2549016341680043,0.0156565866198173,1,2024,0.26445414240258575
2024-04-10,0.1434693743389649,0.3179043531417846,0.2901028570186771,0.2896682025936217,1.069509104197531,2,2024,0.31341354797583243
2024-04-11,0.8078185676198754,0.2636649012565613,0.2872040005351556,0.2867501617621545,0.1434693743389649,3,2024,0.33715904427409576
2024-04-12,0.0554665076432301,0.2069403678178787,0.3037375010518162,0.3031125118018368,0.8078185676198754,4,2024,0.09281422510589081
2024-04-14,0.0997290463509805,0.231888011097908,0.3000170849112436,0.2993943538146529,0.0554665076432301,6,2024,0.29580111841636253
2024-04-15,0.0753331171744264,0.317585289478302,0.2965841299847853,0.2959549908223196,0.0997290463509805,0,2024,0.305139959255776
2024-04-16,0.5223955581659347,0.3658216893672943,0.2930798965384565,0.2924494057003471,0.0753331171744264,1,2024,0.3038954792543722
2024-04-17,0.2646149615741009,0.3653697967529297,0.2975953835634979,0.297071903037584,0.5223955581659347,2,2024,0.32150812295467934
2024-04-18,0.1155032736953336,0.2883071303367615,0.2960721996589909,0.2955061977785124,0.2646149615741009,3,2024,0.3475697402792118
2024-04-19,0.0065693464931539,0.2203798294067382,0.292757008162206,0.292225673381231,0.1155032736953336,4,2024,0.0894588740698788
2024-04-21,0.0450556162876125,0.2526188492774963,0.2891271895427917,0.2886092441326384,0.0065693464931539,6,2024,0.2850642524462855
2024-04-22,0.4758122590876145,0.3298419117927551,0.2856405252349992,0.2851255520295789,0.0450556162876125,0,2024,0.29388065449246203
2024-04-23,0.0504710643284534,0.3859216868877411,0.2890776140414354,0.2886605784367575,0.4758122590876145,1,2024,0.2997454997712724
2024-04-24,0.2940560825046459,0.3796423673629761,0.2856096147111539,0.2851925688971453,0.0504710643284534,2,2024,0.3085592593004703
2024-04-25,0.3361347702704883,0.3015635311603546,0.2847472814688027,0.2843957516887545,0.2940560825046459,3,2024,0.33427501393009607
2024-04-26,0.019638924411182,0.2264033854007721,0.2849255031040908,0.2845090812326518,0.3361347702704883,4,2024,0.08706577123975502
2024-04-28,0.2446952804923667,0.254721999168396,0.2814453904026163,0.2810435300311064,0.019638924411182,6,2024,0.277490401184495
2024-04-29,0.4928030021992833,0.3316978514194488,0.2798655804506718,0.2795213995474863,0.2446952804923667,0,2024,0.287939114679511
2024-04-30,0.4078812697317832,0.3805255889892578,0.284349061302286,0.2839008122921341,0.4928030021992833,1,2024,0.29484244835827716
2024-05-01,0.1175647441218113,0.3691986501216888,0.2859925119573198,0.2856296267372283,0.4078812697317832,2,2024,0.3089729235630849
2024-05-02,0.3518672121562388,0.2900097966194153,0.282888223368453,0.2825579477650624,0.1175647441218113,3,2024,0.3320925991615135
2024-05-03,0.0130083718347694,0.2134612798690796,0.2832627871859415,0.2830056272783228,0.3518672121562388,4,2024,0.08655768880350712
2024-05-05,0.0455159801456936,0.243367001414299,0.2798082480199774,0.2795615130046537,0.0130083718347694,6,2024,0.2758762646164569
2024-05-06,0.1198723363924739,0.3197247385978699,0.2764688456926296,0.2762392516888656,0.0455159801456936,0,2024,0.2844443912574424
2024-05-07,0.0660376066300266,0.3722753524780273,0.2736436031114594,0.2733955381655797,0.1198723363924739,1,2024,0.2837419246240878
2024-05-08,0.3010007753773463,0.3591669797897339,0.2705292853039481,0.270275188209033,0.0660376066300266,2,2024,0.2922671772688467
2024-05-09,0.0983758780034762,0.2811095714569092,0.2702242483732643,0.2700364630886347,0.3010007753773463,3,2024,0.31722590615538243
2024-05-10,0.0009285266603338,0.2058900296688079,0.2673632503824295,0.267160990868621,0.0983758780034762,4,2024,0.0816992067825175
2024-05-12,0.1781175675467752,0.2303176671266555,0.2642014229431575,0.2640072949087862,0.0009285266603338,6,2024,0.2604887532218389
2024-05-13,0.2610363322832322,0.2913171947002411,0.262124885460036,0.2619753203481945,0.1781175675467752,0,2024,0.2696866378969891
2024-05-14,0.6064478821889285,0.3339630961418152,0.2613157177595353,0.2612251111759766,0.2610363322832322,1,2024,0.2709591009931796
2024-05-15,0.1535681909946057,0.3215553164482116,0.2704936828766969,0.2705052425911564,0.6064478821889285,2,2024,0.2922287140728754
2024-05-16,0.0174837240777439,0.2539923787117004,0.2681078538315317,0.268087737686523,0.1535681909946057,3,2024,0.3147413949380321
2024-05-17,0.0046004720092445,0.1963679790496826,0.2649371606065702,0.2649252617887837,0.0174837240777439,4,2024,0.08095785728894513
2024-05-19,0.0902078523588296,0.2231961786746978,0.2618203330915891,0.2618139705909627,0.0046004720092445,6,2024,0.25814112344818063
2024-05-20,0.0423705402135122,0.2844290435314178,0.2590724806394202,0.2590498984709426,0.0902078523588296,0,2024,0.2665461776078879
2024-05-21,0.2860097163160584,0.3324105143547058,0.2561433432414086,0.2561162274497611,0.0423705402135122,1,2024,0.2655958493623637
2024-05-22,0.0850379486852569,0.3237708210945129,0.2561541215626685,0.2560598539342781,0.2860097163160584,2,2024,0.27673692321623694
2024-05-23,0.2890188765936932,0.2570377886295318,0.2534867726911,0.2533792851384753,0.0850379486852569,3,2024,0.29757718505802894
2024-05-24,0.0036882676211212,0.1936523616313934,0.2534504740421533,0.2534079858684152,0.2890188765936932,4,2024,0.07744782672367513
2024-05-26,0.1022989707251598,0.2146194279193878,0.2505536048556117,0.2505162413561491,0.0036882676211212,6,2024,0.24703272002481802
2024-05-27,0.0082899263625864,0.2775022685527801,0.2480529257493887,0.2480442769612285,0.1022989707251598,0,2024,0.25520873170229114
2024-05-28,0.5004673462156102,0.3246422410011291,0.2452575693500255,0.2452565993382538,0.0082899263625864,1,2024,0.2543083557033009
2024-05-29,0.2819363952212426,0.3118926882743835,0.2517321801295586,0.2515955280276852,0.5004673462156102,2,2024,0.27195966466823485
2024-05-30,0.1337570710141623,0.2504033744335174,0.2516079397373541,0.2515364966955599,0.2819363952212426,3,2024,0.29537155588205893
2024-05-31,0.0129066755348729,0.1861166059970855,0.2493410768012975,0.2493053675309887,0.1337570710141623,4,2024,0.07619210255645335
2024-06-02,0.505799365974868,0.2053933590650558,0.2465316390958932,0.2464990662742687,0.0129066755348729,6,2024,0.24306727262268424
2024-06-03,0.2093664676631831,0.2672929167747497,0.252793794331015,0.2528560932012172,0.505799365974868,0,2024,0.26008636438583577
2024-06-04,0.0809254977860941,0.310638815164566,0.2515379333051454,0.251551240316294,0.2093664676631831,1,2024,0.2608204851143423
2024-06-05,0.1737252545296995,0.3069728910923004,0.2489379956582125,0.2489369275138267,0.0809254977860941,2,2024,0.2689409585518481
2024-06-06,0.8123866102540236,0.2485896050930023,0.2471594487729171,0.2472009906104297,0.1737252545296995,3,2024,0.2901493132975656
2024-06-07,0.2605097634720827,0.1838660687208175,0.2676560726790979,0.2674569955113783,0.8123866102540236,4,2024,0.08178868560704491
2024-06-09,0.0696459691529737,0.2113102376461029,0.2668509354949201,0.2665983210962918,0.2605097634720827,6,2024,0.2631010337068033
2024-06-10,0.2213316133569885,0.2781517207622528,0.2638851012694479,0.2636258862323061,0.0696459691529737,0,2024,0.2714976322357384
2024-06-11,0.6551315595131522,0.3211264014244079,0.2625304301992361,0.2622285598010317,0.2213316133569885,1,2024,0.2722186401952165
2024-06-12,0.6793403511471162,0.3157461881637573,0.273627849215353,0.2734465158344934,0.6551315595131522,2,2024,0.2956147206852866
2024-06-13,0.3442119413736249,0.2446722090244293,0.2853786549081749,0.2850326981204519,0.6793403511471162,3,2024,0.335016205783281
2024-06-14,0.0177526127173065,0.1950127184391021,0.2857114639357894,0.2852986485714103,0.3442119413736249,4,2024,0.08730594028475298
2024-06-16,0.2593889954480508,0.2320822477340698,0.2822152790277704,0.2818165082831867,0.0177526127173065,6,2024,0.2782494710102817
2024-06-17,0.0782443499063997,0.3021182715892792,0.2808475062843423,0.2805087237303136,0.2593889954480508,0,2024,0.2889493670112652
2024-06-18,0.0381684723746428,0.3574049174785614,0.2776092168561207,0.2772957145285383,0.0782443499063997,1,2024,0.28785388216094143
2024-06-19,0.3748675569862604,0.3541074991226196,0.2742930107127515,0.2739966381936032,0.0381684723746428,2,2024,0.29633333003308476
2024-06-20,0.1140442839729154,0.2815896272659302,0.2757053955556705,0.2753309811700428,0.3748675569862604,3,2024,0.3236604207934176
2024-06-21,0.0084182563970167,0.2129569500684738,0.2728492913634,0.2724606335390996,0.1140442839729154,4,2024,0.08337559722092135
2024-06-23,0.3911670432996005,0.2391597330570221,0.2695903855637295,0.2692109206758724,0.0084182563970167,6,2024,0.2658019878689282
2024-06-24,0.1837232917359314,0.3037118911743164,0.2713457753599005,0.27105181673809,0.3911670432996005,0,2024,0.2791735311049669
2024-06-25,0.3131999886372507,0.3574831485748291,0.2692881796149533,0.2689621335088554,0.1837232917359314,1,2024,0.27922577211257366
2024-06-26,0.2310215073025895,0.3535775244235992,0.2694580472235519,0.2690692562474712,0.3131999886372507,2,2024,0.29110986178786824
2024-06-27,0.079378053802561,0.2835907638072967,0.2679687402823442,0.2676378592997047,0.2310215073025895,3,2024,0.3145780845690879
2024-06-28,0.2358942460669633,0.2093434780836105,0.2649831955391496,0.2646794390192417,0.079378053802561,4,2024,0.08097192435863644
2024-06-30,0.0046563389078324,0.2320305407047271,0.263681649298013,0.2634357101585295,0.2358942460669633,6,2024,0.2599762836549721
2024-07-01,0.0586513010868925,0.2968021035194397,0.2605884142722166,0.2603525405404346,0.0046563389078324,0,2024,0.26810584274226207
2024-07-02,0.3752977056604744,0.343365728855133,0.2576544599947302,0.2574405089231074,0.0586513010868925,1,2024,0.26716273114232814
2024-07-03,0.2361604209348631,0.3301831185817718,0.2594449378475735,0.2593121781072582,0.3752977056604744,2,2024,0.280292167098314
2024-07-04,0.2254521545932319,0.2558614313602447,0.2582902428908192,0.2582123533272143,0.2361604209348631,3,2024,0.3032161504579492
2024-07-05,0.1597968242124407,0.1945729404687881,0.2569974489874474,0.2569713960460577,0.2254521545932319,4,2024,0.07853168936782497
2024-07-07,0.0637646091071471,0.2198860645294189,0.2549792154589858,0.2549198698128544,0.1597968242124407,6,2024,0.2513961400831812
2024-07-08,0.0970492485534926,0.2868334650993347,0.2521743434926391,0.252135305028343,0.0637646091071471,0,2024,0.25944904369172894
2024-07-09,0.1349191152146118,0.3374732136726379,0.2496695641306672,0.2496132030107985,0.0970492485534926,1,2024,0.25888316715972226
2024-07-10,0.3420256580464897,0.3265620470046997,0.24745534467427,0.2474350034453041,0.1349191152146118,2,2024,0.267339171826744
2024-07-11,0.3610360961168275,0.2550781667232513,0.2487883907402706,0.2488405996869042,0.3420256580464897,3,2024,0.2920615865105693
2024-07-12,0.1541765626696283,0.1873973757028579,0.2505445228846858,0.2506689368971525,0.3610360961168275,4,2024,0.07655984415997484
2024-07-14,0.0578440705299382,0.2163790911436081,0.2486083797093357,0.2486970802375439,0.1541765626696283,6,2024,0.24511483000195383
2024-07-15,0.0339563251506457,0.2832732796669006,0.2459045107697813,0.2460101420076301,0.0578440705299382,0,2024,0.25299833946257305
2024-07-16,0.3627041895303144,0.3348152041435241,0.2431816251908452,0.2432988334823067,0.0339563251506457,1,2024,0.25215580258515613
2024-07-17,0.3755511728010224,0.3235957026481628,0.2451919662160376,0.2453809976080958,0.3627041895303144,2,2024,0.2648939236816662
2024-07-18,0.1634842712049114,0.2552766799926758,0.247716610758606,0.2478011623751285,0.3755511728010224,3,2024,0.2908033856720823
2024-07-19,0.0542182250840231,0.1969848573207855,0.2459555701542349,0.2460025644347336,0.1634842712049114,4,2024,0.0751575803952127
2024-07-21,0.0394964664982779,0.2220529317855835,0.2432903043599881,0.2433545916393298,0.0542182250840231,6,2024,0.239871486488284
2024-07-22,0.3283863741088692,0.2796092629432678,0.2406315865483532,0.2407098203717818,0.0394964664982779,0,2024,0.2475733024514292
2024-07-23,0.1281513652018799,0.3266419470310211,0.2421044721364849,0.2420958807201008,0.3283863741088692,1,2024,0.25103889914840954
2024-07-24,0.0479607468934051,0.3194739520549774,0.2400806040075798,0.2400456879499419,0.1281513652018799,2,2024,0.2593718471974653
2024-07-25,0.0949313201768104,0.2522989511489868,0.2375098459821709,0.2374931868349105,0.0479607468934051,3,2024,0.27882129959131363
2024-07-26,0.0073695361831543,0.1870447397232055,0.2352283360584342,0.2352406107015201,0.0949313201768104,4,2024,0.07187961861346558
2024-07-28,0.3099890849434141,0.2093400061130523,0.2326826087124861,0.2327030717775525,0.0073695361831543,6,2024,0.22941285464976804
2024-07-29,0.0804218957279884,0.2670309543609619,0.2339947638926187,0.2339339041125973,0.3099890849434141,0,2024,0.24074502140057685
2024-07-30,0.1173757869312934,0.3146186769008636,0.2317521365948147,0.2316785536602105,0.0804218957279884,1,2024,0.24030452941512034
2024-07-31,0.325663873639153,0.3072818517684936,0.2297688801801078,0.2297315693136591,0.1173757869312934,2,2024,0.24823154343166381
2024-08-01,1.0985576855046115,0.2376162558794021,0.2315759736649295,0.2314537277745296,0.325663873639153,3,2024,0.27185531473177915
2024-08-02,0.0879515590222626,0.1763970106840133,0.271752899632986,0.2717698187468915,1.0985576855046115,4,2024,0.08304056862379884
2024-08-04,0.2944405931165418,0.1952644884586334,0.268739179218898,0.2687776188632014,0.0879515590222626,6,2024,0.2649627430343257
2024-08-05,0.2202915868402465,0.2700609564781189,0.2683587589730286,0.2684543887651918,0.2944405931165418,0,2024,0.2761003455685958
2024-08-06,0.0503420984980439,0.3260492384433746,0.2668758900884582,0.2669207847094589,0.2202915868402465,1,2024,0.27672446141056734
2024-08-07,0.0540315319178515,0.3298716843128204,0.2638251198061747,0.2638620858990591,0.0503420984980439,2,2024,0.2850243106646786
2024-08-08,0.0155738268413599,0.2611276507377624,0.2608471260448131,0.2608755485664287,0.0540315319178515,3,2024,0.30621776700547215
2024-08-09,0.026565656259221,0.1949932128190994,0.2578214979529684,0.2578504841359466,0.0155738268413599,4,2024,0.0787834971489494
2024-08-11,0.1208304493244479,0.2235655784606933,0.2548557412997477,0.2548949182078497,0.026565656259221,6,2024,0.2512744010348568
2024-08-12,0.5483065086873358,0.2851389944553375,0.2524072105746417,0.2524765580632924,0.1208304493244479,0,2024,0.2596886284999853
2024-08-13,0.1818000518906598,0.3271709382534027,0.2598849597402656,0.2600452086504711,0.5483065086873358,1,2024,0.2694755434407906
2024-08-14,0.3639312184279432,0.3127114176750183,0.2579513309413129,0.2581495544714063,0.1818000518906598,2,2024,0.27867854410754767
2024-08-15,0.5163882559889954,0.2494252473115921,0.2596792921323181,0.2597805920656601,0.3639312184279432,3,2024,0.3048468050234872
2024-08-16,0.0326498039377397,0.190012514591217,0.2656122545289343,0.265797341764151,0.5163882559889954,4,2024,0.08116414831017543
2024-08-18,0.5328521032492155,0.219260573387146,0.2625301145174583,0.2627086828921194,0.0326498039377397,6,2024,0.25884093072637404
2024-08-19,0.4060964993836558,0.2877874970436096,0.2688849279742337,0.269143558397357,0.5328521032492155,0,2024,0.2766416934404378
2024-08-20,0.1714873578002859,0.3397960662841797,0.271053825341669,0.2713761163774237,0.4060964993836558,1,2024,0.28105657579665805
2024-08-21,0.3297678890687798,0.3330154716968536,0.2687485142399403,0.2691012303566277,0.1714873578002859,2,2024,0.2903433155632467
2024-08-22,0.7237018237543138,0.2648813724517822,0.2692935527526091,0.2695575754132654,0.3297678890687798,3,2024,0.3161333292922973
2024-08-23,0.0098294588962077,0.2021853625774383,0.282907023237327,0.2832512776540652,0.7237018237543138,4,2024,0.08644897665865532
2024-08-25,0.2693453676399642,0.232716679573059,0.2794635052423351,0.2798024383658214,0.0098294588962077,6,2024,0.2755363663095898
2024-08-26,0.2005120889499118,0.3217688500881195,0.2784936101646462,0.2787640482004173,0.2693453676399642,0,2024,0.2865275659321136
2024-08-27,0.569464853383214,0.3763095140457153,0.2763661287269954,0.2766714414958107,0.2005120889499118,1,2024,0.2865649201160596
2024-08-28,0.3703190684291479,0.3677614033222198,0.2836079680533744,0.283753489460705,0.569464853383214,2,2024,0.3063967739418092
2024-08-29,0.2829418783648709,0.2921890914440155,0.2845899904194852,0.2846457141556805,0.3703190684291479,3,2024,0.33409036434387185
2024-08-30,0.0135777939914074,0.2244297266006469,0.283723379938033,0.2837155069486171,0.2829418783648709,4,2024,0.08669843388512108
2024-09-01,0.1935093605860248,0.2549609541893005,0.2802607056261345,0.2802587445091825,0.0135777939914074,6,2024,0.27632236409768096
2024-09-02,0.2288154603077407,0.3269398212432861,0.2780064443005027,0.278044114944603,0.1935093605860248,0,2024,0.28602634635592394
2024-09-03,0.3398688992542687,0.3764577507972717,0.2764124629314322,0.2763998338063314,0.2288154603077407,1,2024,0.28661296420038435
2024-09-04,0.23434201208216,0.3585824072360992,0.2767301061011092,0.2767806219322364,0.3398688992542687,2,2024,0.2989662538183599
2024-09-05,0.2144917909577053,0.2748937010765075,0.2751104674256561,0.2752067431830673,0.23434201208216,3,2024,0.3229620133918714
2024-09-06,0.013533814255515,0.1999223530292511,0.2733767628430004,0.273424607027886,0.2144917909577053,4,2024,0.08353677869003541
2024-09-08,0.4177410116676997,0.2276003807783126,0.2701133409324928,0.2701610975549776,0.013533814255515,6,2024,0.2663175944484928
2024-09-09,0.1605071280563237,0.3040770590305328,0.2728017821527036,0.2727460916798577,0.4177410116676997,0,2024,0.28067154063587085
2024-09-10,0.0571918803121198,0.3488853275775909,0.2704400962670162,0.27035264166569,0.1605071280563237,1,2024,0.2804201981621741
2024-09-11,0.5514894646879276,0.3437981009483337,0.2673481396479045,0.2672536347299773,0.0571918803121198,2,2024,0.28883041640087515
2024-09-12,0.0108362907482985,0.2603512704372406,0.2741027963335596,0.2741030264826693,0.5514894646879276,3,2024,0.3217790722708535
2024-09-13,0.0036118359869139,0.192077487707138,0.2708162072092739,0.2708223761787517,0.0108362907482985,4,2024,0.0827543399521059
2024-09-15,0.5052721966026463,0.2243256270885467,0.2675894837646194,0.2676001963014484,0.0036118359869139,6,2024,0.26382920358501594
2024-09-16,0.1591419261168709,0.2859226763248443,0.2727513961213613,0.2728467024211426,0.5052721966026463,0,2024,0.2806197010733439
2024-09-17,0.0269910391389172,0.3324767649173736,0.2703759840882052,0.2704365705261711,0.1591419261168709,1,2024,0.2803537200395327
2024-09-18,0.4039937982916193,0.3197892308235168,0.2671740724291057,0.2672431702315539,0.0269910391389172,2,2024,0.28864236232519086
2024-09-19,0.0089591284619652,0.2438102662563324,0.2693525637987388,0.2694928697737432,0.4039937982916193,3,2024,0.31620260446909715
2024-09-20,0.0152309960021904,0.1830843240022659,0.2661537074688906,0.2662972990078096,0.0089591284619652,4,2024,0.08132960214738462
2024-09-22,0.4454110346951469,0.2213805466890335,0.2630274982472221,0.263169245493247,0.0152309960021904,6,2024,0.25933132501038547
2024-09-23,0.6011952245634683,0.2921239137649536,0.2668118810569571,0.2668355947625167,0.4454110346951469,0,2024,0.2745088434733626
2024-09-24,0.410575112175271,0.3374728560447693,0.2754435279880675,0.2755596985168024,0.6011952245634683,1,2024,0.2856082724680004
2024-09-25,0.3810484775944536,0.3274685740470886,0.2777290240785317,0.277742797209053,0.410575112175271,2,2024,0.3000454380451484
2024-09-26,0.1146101143514877,0.2566208243370056,0.2789446339977312,0.2790257034496734,0.3810484775944536,3,2024,0.3274630786089984
2024-09-27,0.0286730645405979,0.1953077614307403,0.2760277386226654,0.2760853335198223,0.1146101143514877,4,2024,0.08434684745636176
2024-09-29,0.2126162003446265,0.2274293899536132,0.2727406254410686,0.2727945386365317,0.0286730645405979,6,2024,0.2689079592480995
2024-09-30,0.6026203769449932,0.3057780861854553,0.2710374199201831,0.2710441306822613,0.2126162003446265,0,2024,0.2788562802584145
2024-10-01,0.1917251322089743,0.354703277349472,0.2798289585983692,0.2796799210787462,0.6026203769449932,1,2024,0.290155539451492
2024-10-02,0.1331576212077486,0.3612882494926452,0.2776779564490553,0.277492260826465,0.1917251322089743,2,2024,0.29999026696856745
2024-10-03,0.5334994044937547,0.2873863577842712,0.2749413731994708,0.2747333123921601,0.1331576212077486,3,2024,0.32276350763433787
2024-10-04,0.0483098401954206,0.2137434184551239,0.2809940346141673,0.2806633712488185,0.5334994044937547,4,2024,0.08586441743867061
2024-10-06,0.0355510183641675,0.2454400062561035,0.2776691809984872,0.2773376646491581,0.0483098401954206,6,2024,0.27376725666608787
2024-10-07,0.0583127584790579,0.3235819935798645,0.2743463771346724,0.2740317847650647,0.0355510183641675,0,2024,0.2822606939391471
2024-10-08,0.3458174630382759,0.370067685842514,0.2711487652477309,0.2708558113673385,0.0583127584790579,1,2024,0.28115501928798525
2024-10-09,0.0530276030235818,0.3651351928710937,0.271977686620813,0.2716131804868221,0.3458174630382759,2,2024,0.29383196225675284
2024-10-10,0.001829006209508,0.2856860756874084,0.2688398596454962,0.2684744670913426,0.0530276030235818,3,2024,0.31560072273353457
2024-10-11,0.034756839672669,0.2140875160694122,0.2656502282074788,0.2652961072682279,0.001829006209508,4,2024,0.08117575207176668
2024-10-13,0.2197964105620736,0.2465997487306594,0.2625728663657166,0.2622219900193404,0.034756839672669,6,2024,0.25888308180764635
2024-10-14,0.1422090345126513,0.3178686201572418,0.2612278495441175,0.2608368689158268,0.2197964105620736,0,2024,0.2687637243788303
2024-10-15,0.2702952827028084,0.3712566494941711,0.2589256228829915,0.2585139704316301,0.1422090345126513,1,2024,0.26848080399447904
2024-10-16,0.2876452885425815,0.3668675422668457,0.2585456784505966,0.2580827716073905,0.2702952827028084,2,2024,0.2793206493371532
2024-10-17,0.3281441615706832,0.2897135615348816,0.2585167789279038,0.2579998326319408,0.2876452885425815,3,2024,0.3034820892109428
2024-10-18,0.0128842260439591,0.218421533703804,0.2591505201814528,0.2587168907670192,0.3281441615706832,4,2024,0.07918961153343643
2024-10-20,0.4649411978810161,0.2490569055080413,0.256153521615339,0.2557299678540804,0.0128842260439591,6,2024,0.2525539443946099
2024-10-21,0.1591664457881231,0.3249711394309997,0.2608612631451479,0.2603376568497335,0.4649411978810161,0,2024,0.2683865627321466
2024-10-22,0.1445796783791014,0.3790092468261719,0.2587488193605848,0.2582034724845004,0.1591664457881231,1,2024,0.26829747585832836
2024-10-23,0.422031371710649,0.3721592426300049,0.2565249580799681,0.255961663082227,0.1445796783791014,2,2024,0.27713755763190695
2024-10-24,0.2996811196259944,0.2871059477329254,0.259626534237844,0.2591667390508406,0.422031371710649,3,2024,0.30478487064497695
2024-10-25,0.0009263333410641,0.21165332198143,0.2598118879966056,0.2592952004249891,0.2996811196259944,4,2024,0.07939170821580463
2024-10-27,0.1564286463017606,0.2427123486995697,0.2567927258410841,0.2562903259336778,0.0009263333410641,6,2024,0.25318416625323437
2024-10-28,0.0684184275658479,0.3105203807353973,0.2546383192835221,0.2541847407344648,0.1564286463017606,0,2024,0.2619841000093944
2024-10-29,0.3570493282373478,0.3563338220119476,0.2518603700609474,0.251435936096692,0.0684184275658479,1,2024,0.26115482081457625
2024-10-30,0.252025998243821,0.3436685502529144,0.2534037653202834,0.2530674184310377,0.3570493282373478,2,2024,0.2737655670669665
2024-10-31,0.4834552920423979,0.2666406631469726,0.2526760794774425,0.2524047346865435,0.252025998243821,3,2024,0.29662548331081456
2024-11-01,0.435674348378586,0.1993924677371978,0.2581653869338575,0.2577805614188481,0.4834552920423979,4,2024,0.07888858061468264
2024-11-03,0.0202218893448675,0.2277336120605468,0.2615937274521577,0.2613063748801953,0.435674348378586,6,2024,0.257917702166679
2024-11-04,0.4146490602683197,0.2985343039035797,0.2585612098269219,0.2582793260934185,0.0202218893448675,0,2024,0.26602015770620807
2024-11-05,1.7994204340033098,0.3370084762573242,0.2613693695452025,0.2611771148400349,0.4146490602683197,1,2024,0.27101473270081544
2024-11-06,0.6966339093219244,0.3247016966342926,0.3533176348237057,0.3526412259795841,1.7994204340033098,2,2024,0.3817078350434788
2024-11-07,0.8048146189434218,0.2748413681983948,0.3606699521343186,0.3601011267270687,0.6966339093219244,3,2024,0.4234033513927524
2024-11-08,0.0784108769918229,0.2247654646635055,0.3719181599017414,0.3712099643611062,0.8048146189434218,4,2024,0.11364844872480889
2024-11-10,0.4980351054474505,0.2642504870891571,0.3670679808842266,0.366357374565894,0.0784108769918229,6,2024,0.3619097869460068
2024-11-11,0.3243047920682066,0.3703078627586365,0.3683090986018092,0.3675244123000653,0.4980351054474505,0,2024,0.3789340425822954
2024-11-12,0.5589507815855191,0.4121790826320648,0.3660016201676969,0.3651752268520233,0.3243047920682066,1,2024,0.379508247008489
2024-11-13,0.2958441770529236,0.4208420813083648,0.3688538751836588,0.3679467222695683,0.5589507815855191,2,2024,0.3984924619287795
2024-11-14,0.0711963387693266,0.3369086682796478,0.3660966631171929,0.3651554545183721,0.2958441770529236,3,2024,0.42977396142996765
2024-11-15,0.0617005643817956,0.2672562599182129,0.3612874206784231,0.3603718420166527,0.0711963387693266,4,2024,0.11039997324878673
2024-11-17,0.622848554773326,0.3158255517482757,0.356561520631754,0.3556501807158834,0.0617005643817956,6,2024,0.35155096790009194
2024-11-18,0.0377525888602358,0.4128437936306,0.3613723864682269,0.3605694583189042,0.622848554773326,0,2024,0.3717972208719802
2024-11-19,0.4873419281476815,0.4728968739509582,0.3565797903385803,0.3557830316767076,0.0377525888602358,1,2024,0.36973872161561777
2024-11-20,0.6385480740989095,0.4712858200073242,0.3579134760178576,0.3570460549256668,0.4873419281476815,2,2024,0.38667296675364293
2024-11-21,0.5898196897904653,0.3787228465080261,0.3634425252487503,0.3624812206412247,0.6385480740989095,3,2024,0.42665817409612705
2024-11-22,0.631816846054931,0.300890177488327,0.367261852681849,0.3662195484518451,0.5898196897904653,4,2024,0.1122256031921608
2024-11-24,0.1468513060947949,0.3466573059558868,0.3718866959404891,0.370955658895792,0.631816846054931,6,2024,0.36666078738784463
2024-11-25,0.0772130881175311,0.4770975112915039,0.3673607013986568,0.3664661872737382,0.1468513060947949,0,2024,0.3779582861116337
2024-11-26,0.7599975781258681,0.5276910066604614,0.3625855645160304,0.3616922230830325,0.0772130881175311,1,2024,0.3759661280106185
2024-11-27,0.1505903139642753,0.5183830857276917,0.3716903912918858,0.3709195419276779,0.7599975781258681,2,2024,0.4015569011642497
2024-11-28,0.2414030945356123,0.4229900240898132,0.3672625518444384,0.3664787304285124,0.1505903139642753,3,2024,0.43114263988944446
2024-11-29,0.1277290426038444,0.3333874344825744,0.3637020387362412,0.3629666386197629,0.2414030945356123,4,2024,0.11113781728578248
2024-12-01,0.6315760481558891,0.3695977032184601,0.3592602325062606,0.3585149722488201,0.1277290426038444,6,2024,0.35421175633818613
2024-12-02,0.111408953757331,0.4497820436954498,0.3645103493020846,0.3636672127304033,0.6315760481558891,0,2024,0.37502570734331836
2024-12-03,0.0237892464212871,0.4873086810111999,0.3599015866783004,0.3590887878634345,0.111408953757331,1,2024,0.3731831028323697
2024-12-04,0.7233390310334398,0.4704224467277527,0.3550983808106894,0.3543019587452053,0.0237892464212871,2,2024,0.38363166965703577
2024-12-05,0.1881521466896553,0.3584573864936828,0.3632885773508198,0.3626082377508687,0.7233390310334398,3,2024,0.42647744915483954
2024-12-06,0.047330109458819,0.2655639052391052,0.3593428094807784,0.3586414135461525,0.1881521466896553,4,2024,0.10980575099826902
2024-12-08,0.0757748009281209,0.3077930212020874,0.3546080820409369,0.3539096096309959,0.047330109458819,6,2024,0.34962497985147023
2024-12-09,0.2428659360126738,0.3942614197731018,0.3500518107440687,0.3493516331833211,0.0757748009281209,0,2024,0.3601500703133891
2024-12-10,0.3063197440823436,0.4339878559112549,0.3469889509749997,0.3462581677735954,0.2428659360126738,1,2024,0.359793949697546
2024-12-11,0.2537563966002893,0.4230525493621826,0.3449113104856362,0.344139125805088,0.3063197440823436,2,2024,0.3726260357006329
2024-12-12,0.3070968432577239,0.3292489349842071,0.3421045933578782,0.3413012036452205,0.2537563966002893,3,2024,0.40160881298100715
2024-12-13,0.080974364131627,0.2430510818958282,0.3400093047180429,0.3392695336750266,0.3070968432577239,4,2024,0.10389793830829688
2024-12-15,0.1466583124800128,0.2746188938617706,0.3357358580579851,0.3349946000453981,0.080974364131627,6,2024,0.331017956312085
2024-12-16,0.1523766282469679,0.3540415167808532,0.3318845169539425,0.3311809777398033,0.1466583124800128,0,2024,0.3414586882519443
2024-12-17,1.3635811613550497,0.406441867351532,0.3282292364061928,0.3275108554781616,0.1523766282469679,1,2024,0.3403419418427024
2024-12-18,0.1351716885998098,0.3808616101741791,0.3719888026076177,0.3710275807265611,1.3635811613550497,2,2024,0.40187929078212803
2024-12-19,0.5849207602691018,0.3162351250648498,0.367383559860841,0.3664576224454092,0.1351716885998098,3,2024,0.4312846955261479
2024-12-20,0.0882104835904625,0.2498797178268432,0.3706421211239946,0.3698163071935303,0.5849207602691018,4,2024,0.11325852469517309
2024-12-22,0.2927360413540149,0.2803870737552643,0.3658161660113772,0.3650161678558839,0.0882104835904625,6,2024,0.36067556310322585
2024-12-23,0.1404332499658389,0.3930695652961731,0.3630833756510613,0.362247209359321,0.2927360413540149,0,2024,0.37355756849935984
2024-12-24,0.113516125705759,0.4493027329444885,0.3587406418033676,0.3578943746742488,0.1404332499658389,1,2024,0.3719793153896875
2024-12-25,0.2084184489166855,0.4434440732002258,0.3542468512755996,0.3534319546887392,0.113516125705759,2,2024,0.3827117170045821
2024-12-26,0.0143928381485849,0.3417682349681854,0.3505903041632706,0.3498216497577201,0.2084184489166855,3,2024,0.411570492274476
2024-12-27,0.0892022215828096,0.2467907965183258,0.3459476875669784,0.3451889896686542,0.0143928381485849,4,2024,0.10571255257422527
2024-12-29,0.249582558954051,0.2741119563579559,0.341562832000777,0.3408314278009568,0.0892022215828096,6,2024,0.3367630471617303
2024-12-30,0.5000757161011956,0.3410448729991913,0.3387748499945171,0.338011902416776,0.249582558954051,0,2024,0.3485477929298228
2024-12-31,0.0231801192882386,0.388062983751297,0.3410619584082294,0.3402224313021967,0.5000757161011956,1,2024,0.35364823220586733
2025-01-01,0.8778239915147759,0.3943222165107727,0.3365842204030088,0.3350332774591102,0.0231801192882386,2,2025,0.3636298373386753
2025-01-02,0.4102869009567974,0.3052564859390259,0.3524821807009783,0.3506049834774725,0.8778239915147759,3,2025,0.4137914337799897
2025-01-03,0.0553196665812223,0.2291948050260543,0.3519946950837535,0.350230844804221,0.4102869009567974,4,2025,0.1075603596936472
2025-01-05,0.8516284029318797,0.277483731508255,0.3474109216631917,0.3456967313619453,0.0553196665812223,6,2025,0.34252895700400876
2025-01-06,0.4611637583267101,0.332976758480072,0.3610089941397215,0.3593609741591109,0.8516284029318797,0,2025,0.3714233454379855
2025-01-07,0.2313818589238911,0.398693323135376,0.3615748946600902,0.3598385705443818,0.4611637583267101,1,2025,0.3749181612143064
2025-01-08,0.1639368482899259,0.4019613862037658,0.3581252712592956,0.3563892724661695,0.2313818589238911,2,2025,0.3869017804190637
2025-01-09,0.5861578762359937,0.3300586342811584,0.3540608171773771,0.3523453333004157,0.1639368482899259,3,2025,0.41564465157865227
2025-01-10,0.0566234846381254,0.2522349059581756,0.3581570326105998,0.3562959480487969,0.5861578762359937,4,2025,0.1094434086435285
2025-01-12,0.116075491356512,0.2813192307949066,0.3534427941731055,0.3516573761857894,0.0566234846381254,6,2025,0.348476067099773
2025-01-13,0.4707218308534258,0.3670744597911834,0.3490590890060219,0.3473584702777678,0.116075491356512,0,2025,0.35912871063809065
2025-01-14,0.1388464319612274,0.4112177789211273,0.3500172505078199,0.3484251058969952,0.4707218308534258,1,2025,0.3629340031393604
2025-01-15,0.0844959671885702,0.4142163395881653,0.3459070668992522,0.3443390178349693,0.1388464319612274,2,2025,0.3737018043218671
2025-01-16,0.3228287242806696,0.3291026353836059,0.3415027197582593,0.3400104919829023,0.0844959671885702,3,2025,0.40090225204437957
2025-01-17,0.0944282537176633,0.2549529671669006,0.3398371407738949,0.338302660772223,0.3228287242806696,4,2025,0.10384532951612621
2025-01-19,1.3098365605815965,0.2857876718044281,0.3355859917734823,0.3341286740134716,0.0944282537176633,6,2025,0.33087019601176093
2025-01-20,0.132442723494435,0.3589610457420349,0.3742999134979696,0.3727379005963819,1.3098365605815965,0,2025,0.38509767990644034
2025-01-21,0.1795117188640387,0.4018386006355285,0.3696357149622071,0.3681560934043566,0.132442723494435,1,2025,0.383276451488828
2025-01-22,0.0845162455947877,0.4191487431526184,0.3654860239874494,0.364019007758015,0.1795117188640387,2,2025,0.39485399313427644
2025-01-23,0.7002668955700396,0.3416003584861755,0.3607356620015404,0.3593422747151211,0.0845162455947877,3,2025,0.4234804905551269
2025-01-24,0.0743856069546599,0.2602861821651459,0.3678438289234261,0.366523665497825,0.7002668955700396,4,2025,0.11240343988899594
2025-01-26,0.0581780742300151,0.2965566217899322,0.3630490278319799,0.3617671604555929,0.0743856069546599,6,2025,0.35794730991550994
2025-01-27,0.5746785051019476,0.3992536664009094,0.3582539677852696,0.3570379713544681,0.0581780742300151,0,2025,0.3685888423592497
2025-01-28,0.0671495060964744,0.450016438961029,0.3618465711068873,0.3604726694719115,0.5746785051019476,1,2025,0.3751998633882755
2025-01-29,0.3258349392070342,0.4440693855285644,0.3571297273106573,0.3557964083433638,0.0671495060964744,2,2025,0.3858262413350466
2025-01-30,0.2815138036555256,0.3506104052066803,0.3551212889836906,0.3537448793629576,0.3258349392070342,3,2025,0.41688957734580756
2025-01-31,1.05303462959463,0.2603400945663452,0.3524713420244228,0.3510689518422524,0.2815138036555256,4,2025,0.1077060105148139
2025-02-02,0.8984437331951841,0.3077853322029114,0.375403298439134,0.373563041745137,1.05303462959463,6,2025,0.3701279731063935
2025-02-03,0.3417123677203679,0.3860088884830475,0.3891043246659172,0.3873233030686673,0.8984437331951841,0,2025,0.4003291672447043
2025-02-04,0.2492722832574898,0.4406359195709228,0.3864274640224708,0.3847504202670615,0.3417123677203679,1,2025,0.40068786963268016
2025-02-05,0.1972491606969221,0.4456073641777038,0.3825614548506293,0.3809809900730229,0.2492722832574898,2,2025,0.41330148939488964
2025-02-06,0.5659991542871099,0.3729698061943054,0.3783255513124331,0.3767562737832173,0.1972491606969221,3,2025,0.44412989048652435
2025-02-07,0.3269546195240158,0.284909725189209,0.3809079078221112,0.3792078885350492,0.5659991542871099,4,2025,0.11639548023799724
2025-02-09,0.1427496540141391,0.3224180042743683,0.3783404509058252,0.3766117825899004,0.3269546195240158,6,2025,0.37302385146899963
2025-02-10,0.5390535604730285,0.4155455231666565,0.3736687718107696,0.3720267844836871,0.1427496540141391,0,2025,0.3844483311070736
2025-02-11,0.2169292360085926,0.4634329676628113,0.3754721586999068,0.3739297797240331,0.5390535604730285,1,2025,0.38932827861091346
2025-02-12,0.7894941937484974,0.447857916355133,0.3714777174568038,0.3700271438604395,0.2169292360085926,2,2025,0.40132713830738
2025-02-13,0.21761963346451,0.3559070229530334,0.381174847732104,0.3797830987809661,0.7894941937484974,3,2025,0.4474747814209118
2025-02-14,0.0,0.2744177877902984,0.3770743124894619,0.3757710829438632,0.21761963346451,4,2025,0.11522403391037138
2025-02-16,0.0810747696818192,0.3287364840507507,0.3719689555251193,0.3707210473399679,0.0,6,2025,0.36674189102613003
2025-02-17,0.2838019878980962,0.4250872731208801,0.3671288218513982,0.3659166103476111,0.0810747696818192,0,2025,0.37771971732642473
2025-02-18,0.2481497836178328,0.4716455936431885,0.3642376010000564,0.3629976837978547,0.2838019878980962,1,2025,0.37767912990869623
2025-02-19,0.6930829661889953,0.4474601149559021,0.3609350109879907,0.3596799188713129,0.2481497836178328,2,2025,0.3899372917074006
2025-02-20,0.3808401210814459,0.3494754433631897,0.3677921789812026,0.3666047202047625,0.6930829661889953,3,2025,0.43176438812038936
2025-02-21,0.1643495663995481,0.2543413639068603,0.3664823745747805,0.3652293662007059,0.3808401210814459,4,2025,0.11198741509802015
2025-02-23,0.0582558594650549,0.2935532629489898,0.3621861113179843,0.3610142133294215,0.1643495663995481,6,2025,0.3570965194679747
2025-02-24,0.4299113913276691,0.3784509897232055,0.3574333973964139,0.3563007820095222,0.0582558594650549,0,2025,0.36774460023801836
2025-02-25,0.2495239389896407,0.4285221099853515,0.357211041741191,0.3561689640269065,0.4299113913276691,1,2025,0.37039326820783414
2025-02-26,0.8878900919842168,0.4243367314338684,0.3540775488559444,0.3530140966894643,0.2495239389896407,2,2025,0.3825288105948682
2025-02-27,0.2003120914789327,0.3256944119930267,0.3691589598362202,0.3677430668035625,0.8878900919842168,3,2025,0.4333689010309032
2025-02-28,0.2791711398324783,0.2512354850769043,0.3652163699901417,0.3638054402242171,0.2003120914789327,4,2025,0.11160055725499171
2025-03-02,0.8099846097294942,0.287352979183197,0.3621747173251887,0.3608584956671801,0.2791711398324783,6,2025,0.35708528558836694
2025-03-03,1.2508454569440597,0.3564231991767883,0.3731724736681897,0.3719040592351317,0.8099846097294942,0,2025,0.3839377158053941
2025-03-04,1.5965661964794824,0.4082050323486328,0.404036653545909,0.4026686263727915,1.2508454569440597,1,2025,0.41894689439934185
2025-03-05,0.0120490302993456,0.4017089009284973,0.451688518096402,0.4500760921284475,1.5965661964794824,2,2025,0.48798313291835393
2025-03-06,0.3746933983111174,0.3366097807884216,0.4453405236226646,0.4437894560126386,0.0120490302993456,3,2025,0.5228011623840998
2025-03-07,0.1835954773692574,0.2844832837581634,0.4418662565582837,0.440410346393727,0.3746933983111174,4,2025,0.13502275504631048
2025-03-09,0.1365112372560748,0.347641259431839,0.4363302547189729,0.4349589344889645,0.1835954773692574,6,2025,0.43019875812389624
2025-03-10,0.7430192534154352,0.4623997807502746,0.4306438052765783,0.4293028823821614,0.1365112372560748,0,2025,0.4430669746307349
2025-03-11,0.2384884637983261,0.530430257320404,0.4359473064583575,0.4346645997180138,0.7430192534154352,1,2025,0.4520351521566459
2025-03-12,0.340371056723864,0.5291796922683716,0.4310798899287516,0.4297989873755387,0.2384884637983261,2,2025,0.4657185356671723
2025-03-13,0.2209131973538884,0.4452612400054931,0.427559900639054,0.4262478938232952,0.340371056723864,3,2025,0.501927853375236
2025-03-14,0.0468812488190827,0.3513244986534118,0.4225945374265144,0.4213677960516744,0.2209131973538884,4,2025,0.12913382242692872
2025-03-16,0.3641888448215858,0.410889208316803,0.4167610995393414,0.4155981400839701,0.0468812488190827,6,2025,0.4109045969586718
2025-03-17,0.1884531849189195,0.5270861387252808,0.4137844865095254,0.4127092303460634,0.3641888448215858,0,2025,0.42572129992480046
2025-03-18,0.3057294572478006,0.5917726755142212,0.4087980556319136,0.4078014189863142,0.1884531849189195,1,2025,0.42388400740483684
2025-03-19,0.4704853198318257,0.5861349105834961,0.405284444506075,0.4042572386309209,0.3057294572478006,2,2025,0.4378503438312762
2025-03-20,0.4412491350958061,0.4776834845542907,0.4047126701696105,0.4035907326150058,0.4704853198318257,3,2025,0.47510667269866447
2025-03-21,0.0943213097363986,0.3768033385276794,0.4035622819127824,0.4023603147815414,0.4412491350958061,4,2025,0.12331806361740653
2025-03-23,0.1581773858682181,0.4253569543361664,0.3981891211621026,0.3970574082817836,0.0943213097363986,6,2025,0.39259359984723413
2025-03-24,0.1296884879457132,0.5201092958450317,0.3933283367381975,0.3922127565153665,0.1581773858682181,0,2025,0.40467503319409825
2025-03-25,0.4757267973189439,0.568051815032959,0.3883622999794305,0.3872696656730545,0.1296884879457132,1,2025,0.40269410720599563
2025-03-26,0.5480025602872957,0.5367586612701416,0.388405372188508,0.3872112941554389,0.4757267973189439,2,2025,0.41961498415245463
2025-03-27,0.2673365544323365,0.4118728637695312,0.3899248831132739,0.3888125210683051,0.5480025602872957,3,2025,0.45774676078395216
2025-03-28,0.0859507545878232,0.2958330810070038,0.3861991243430726,0.3851725429723324,0.2673365544323365,4,2025,0.11801233742408682
2025-03-30,0.0157169470616099,0.3250065445899963,0.3811307970825269,0.3801360553610517,0.0859507545878232,6,2025,0.3757749865254627
2025-03-31,0.2387939270461278,0.4095538556575775,0.3759588978245307,0.3750174918181589,0.0157169470616099,0,2025,0.3868045224466625
2025-04-01,0.3062562823773735,0.4597604274749756,0.3722958660473041,0.3713386171190596,0.2387939270461278,1,2025,0.3860347706312961
2025-04-02,2.05006905386324,0.4305800795555115,0.3694753025275756,0.3686031125110704,0.3062562823773735,2,2025,0.39916382294420594
2025-04-03,0.8352505898803727,0.3377641141414642,0.4555733509190324,0.4540709336490378,2.05006905386324,3,2025,0.5348138441887982
2025-04-04,0.391389932113644,0.247016042470932,0.4629632866414594,0.4612348549178067,0.8352505898803727,4,2025,0.14146945488556273
2025-04-06,0.0412399483472042,0.3158580362796783,0.4594816315825161,0.4577224792537349,0.391389932113644,6,2025,0.45302480208449514
2025-04-07,0.4198516108037069,0.4296548962593078,0.453041262468344,0.4513410504134033,0.0412399483472042,0,2025,0.466110551423866
2025-04-08,0.0794444410132142,0.4881052374839782,0.4500969428281771,0.4484947640700117,0.4198516108037069,1,2025,0.466706955226964
2025-04-09,2.158025569134894,0.4809581339359283,0.44391187555562,0.4423579540505566,0.0794444410132142,2,2025,0.47958161231599267
2025-04-10,1.5031072155833929,0.3925103545188904,0.5237836372641097,0.5217080526089038,2.158025569134894,3,2025,0.6148883379664488
2025-04-11,0.3431715386335324,0.3209584355354309,0.5537162305604527,0.5515326016135877,1.5031072155833929,4,2025,0.16920117762888895
2025-04-13,0.3220330550648436,0.4258264601230621,0.5476790258539632,0.5455052875638098,0.3431715386335324,6,2025,0.5399828094080481
2025-04-14,0.641560320757979,0.5492637157440186,0.5414264886482822,0.5393569516134739,0.3220330550648436,0,2025,0.5570455057545055
2025-04-15,1.0064520275814373,0.6013147234916687,0.5405521791754846,0.5383952577670327,0.641560320757979,1,2025,0.5605002782269451
2025-04-16,0.2442861998126538,0.5918883681297302,0.5493086372168824,0.5471933534362918,1.0064520275814373,2,2025,0.5934473403439409
2025-04-17,0.2161972982551391,0.5124512314796448,0.5423877682726412,0.5403041972293366,0.2442861998126538,3,2025,0.6367283924876209
2025-04-18,0.1649094249273355,0.4387154579162597,0.5353040241936814,0.5333181654193218,0.2161972982551391,4,2025,0.16357488959891633
2025-04-20,0.840484099375389,0.5004976987838745,0.5280221259545523,0.5261284566176682,0.1649094249273355,6,2025,0.5206021365488195
2025-04-21,1.2611897301454942,0.6078026294708252,0.5322706232074661,0.5304387132356886,0.840484099375389,0,2025,0.5476255128246568
2025-04-22,0.4021559539034565,0.6598352789878845,0.551194276286887,0.5489733700100926,1.2611897301454942,1,2025,0.5715351026558423
2025-04-23,0.6026290670915873,0.6424006223678589,0.5459349126865565,0.5437086026037703,0.4021559539034565,2,2025,0.5898025262741695
2025-04-24,0.216317067872347,0.558071494102478,0.543946854232151,0.5418202223146161,0.6026290670915873,3,2025,0.6385586592355422
2025-04-25,0.0290537716920724,0.4779949784278869,0.5369038694070037,0.5348146737694058,0.216317067872347,4,2025,0.16406376039442128
2025-04-27,0.5374468465731572,0.5379043817520142,0.5291810998458157,0.5271628198486801,0.0290537716920724,6,2025,0.521744824050608
2025-04-28,0.300860265622959,0.6296496391296387,0.5263992866948117,0.5244797183031716,0.5374468465731572,0,2025,0.5415848005844563
2025-04-29,0.5196418245862529,0.6780205368995667,0.520430485823463,0.5185222642611927,0.300860265622959,1,2025,0.539636030228892
2025-04-30,0.3573865077959732,0.644324004650116,0.5177162790066899,0.5157530809381699,0.5196418245862529,2,2025,0.5593164352665656
2025-05-01,0.1027467118442096,0.5049289464950562,0.5125723033952534,0.5106047315846166,0.3573865077959732,3,2025,0.6017269523129829
2025-05-02,0.0141636790392869,0.376161128282547,0.5053937554730465,0.5035116587828058,0.1027467118442096,4,2025,0.15443509486036314
2025-05-04,0.1609708123711181,0.4030108451843261,0.4981633925957806,0.496353738880199,0.0141636790392869,6,2025,0.49116299069273084
2025-05-05,0.4840020204001042,0.5031033754348755,0.4914928274548387,0.4897716826854484,0.1609708123711181,0,2025,0.5056713633051414
2025-05-06,0.5273148323880638,0.5465216040611267,0.4887017219570744,0.4870756150650457,0.4840020204001042,1,2025,0.5067363738034307
2025-05-07,0.7472191663995498,0.5148159265518188,0.4869569426611581,0.485257230106719,0.5273148323880638,2,2025,0.5260854880207946
2025-05-08,0.193996839427452,0.3993056714534759,0.4904248806794067,0.4885641408313894,0.7472191663995498,3,2025,0.5757273009777111
2025-05-09,0.3339436468347121,0.3066872954368591,0.4840978380044724,0.4823293014118965,0.193996839427452,4,2025,0.1479276202452101
2025-05-11,1.1032293576253038,0.3477655947208404,0.4793524834265834,0.4775761336450647,0.3339436468347121,6,2025,0.4726164203455012
2025-05-12,0.8764030414055607,0.4459591805934906,0.4951879357114138,0.4930717713000772,1.1032293576253038,0,2025,0.5094730676745385
2025-05-13,0.0831794263858464,0.5135334730148315,0.5018259238825754,0.4997753711819009,0.8764030414055607,1,2025,0.5203449006286678
2025-05-14,0.1073153385052617,0.5140013098716736,0.4947911572337021,0.492799458176864,0.0831794263858464,2,2025,0.5345492067515167
2025-05-15,0.2532700468298501,0.4188315868377685,0.4879243840546499,0.4860187407475406,0.1073153385052617,3,2025,0.5727918785927767
2025-05-16,0.1083671153673576,0.3254721760749817,0.4822098793482358,0.4803217598501278,0.2532700468298501,4,2025,0.14735070952755502
2025-05-18,0.6059407692802721,0.3624588847160339,0.4755573852615582,0.4737535258439886,0.1083671153673576,6,2025,0.4688746524990253
2025-05-19,0.3419505150576759,0.4603659510612488,0.4756454122831576,0.4739318567105943,0.6059407692802721,0,2025,0.4893667834881289
2025-05-20,0.4141012500630094,0.5203302502632141,0.4710589436513619,0.4694424324855699,0.3419505150576759,1,2025,0.48844252072132543
2025-05-21,0.4087813936978829,0.506278395652771,0.4675980601863961,0.4660768107529556,0.4141012500630094,2,2025,0.505171057519782
2025-05-22,0.7085523817165523,0.395052045583725,0.4642810392907384,0.4627196425159355,0.4087813936978829,3,2025,0.5450361108834492
2025-05-23,0.0695242020620938,0.2936786115169525,0.4672823199758951,0.465792017222248,0.7085523817165523,4,2025,0.1427892383523852
2025-05-25,0.1178167119471503,0.3343290686607361,0.460753799455393,0.4593360137457128,0.0695242020620938,6,2025,0.4542790929183711
2025-05-26,0.4782822697763552,0.4387536644935608,0.4545024875784057,0.4531618846623101,0.1178167119471503,0,2025,0.4676139298095221
2025-05-27,0.3112732873030031,0.4970625340938568,0.4527248169527975,0.4513112033125535,0.4782822697763552,1,2025,0.46943180628619346
2025-05-28,0.6611813198063495,0.4773570597171783,0.4483458700229471,0.4469179526240307,0.3112732873030031,2,2025,0.48437189239800077
2025-05-29,0.1690721689106776,0.3811517357826233,0.4506665720344623,0.4493119928241356,0.6611813198063495,3,2025,0.5290536010302651
2025-05-30,0.0123378454753206,0.275149792432785,0.4449358148747635,0.4436050210299475,0.1690721689106776,4,2025,0.13596073167275546
2025-06-01,0.7759802282277741,0.3292339742183685,0.4386948485474305,0.4374246540047851,0.0123378454753206,6,2025,0.43253012368351135
2025-06-02,0.5550381862263479,0.422560304403305,0.4446630879946066,0.4434418550827021,0.7759802282277741,0,2025,0.45749068421220784
2025-06-03,0.3379493659487566,0.4815487265586853,0.4447577538842749,0.4434259964622188,0.5550381862263479,1,2025,0.4611707331861462
2025-06-04,0.2459401443600767,0.466080754995346,0.4407736967766195,0.4395319559129992,0.3379493659487566,2,2025,0.4761912708508423
2025-06-05,0.3994119247192036,0.3751119673252105,0.4357942943507519,0.4346377059315195,0.2459401443600767,3,2025,0.5115945025473908
2025-06-06,0.0035106812480624,0.2752769887447357,0.4330819101282888,0.4318717555512326,0.3994119247192036,4,2025,0.13233848884889224
2025-06-08,0.2165537254911692,0.315904289484024,0.4270373829329458,0.4258825876487624,0.0035106812480624,6,2025,0.42103647368792857
2025-06-09,0.0262701625007082,0.404366672039032,0.4220424381151613,0.4209696376726937,0.2165537254911692,0,2025,0.4342174760911017
2025-06-10,0.5509559595901751,0.4542476236820221,0.4161900387559205,0.4151750671233148,0.0262701625007082,1,2025,0.43154877827667837
2025-06-11,0.8937338170429859,0.4298041760921478,0.4168650898471486,0.4159239032033522,0.5509559595901751,2,2025,0.45036153100638904
2025-06-12,0.3657164718891324,0.3296864628791809,0.4279079543476037,0.4269715696438796,0.8937338170429859,3,2025,0.502336446067232
2025-06-13,0.1265395084734381,0.2400697916746139,0.4248401241047992,0.4238551927809729,0.3657164718891324,4,2025,0.1298200149014548
2025-06-15,0.2442680539270574,0.2897122502326965,0.4192977874348615,0.4183377349050128,0.1265395084734381,6,2025,0.41340563824700405
2025-06-16,0.6814528673462036,0.3874054849147796,0.4147185767604921,0.4138387254908629,0.2442680539270574,0,2025,0.426682336717753
2025-06-17,0.006968701820787,0.448748916387558,0.4191270237346827,0.4180512325510993,0.6814528673462036,1,2025,0.43459414736621854
2025-06-18,0.0835923875117901,0.4439448416233063,0.413316137835345,0.4122922033512706,0.006968701820787,2,2025,0.4465274093674432
2025-06-19,0.2798736312132521,0.3623965978622436,0.4077357423009208,0.4067775372926046,0.0835923875117901,3,2025,0.47865556515373137
2025-06-20,0.4288212265934143,0.2694796025753021,0.4037900898788091,0.4029140901492353,0.2798736312132521,4,2025,0.12338767576528588
2025-06-22,0.8886478918377282,0.3038056492805481,0.4024228010086486,0.4014649727389398,0.4288212265934143,6,2025,0.3967677862406377
2025-06-23,0.3148549309531379,0.3740887641906738,0.4140900610122283,0.4131385636730206,0.8886478918377282,0,2025,0.4260356896101459
2025-06-24,0.3722317978069707,0.4286137223243713,0.4104580688089533,0.4095892835584793,0.3148549309531379,1,2025,0.42560528036133544
2025-06-25,0.3503320599019109,0.4218558669090271,0.4077573911897832,0.4069695918101135,0.3722317978069707,2,2025,0.4405219996779684
2025-06-26,0.1384237010967162,0.3359853625297546,0.4047771081768015,0.4040687830370311,0.3503320599019109,3,2025,0.4751823187790776
2025-06-27,0.1638099829654191,0.2503714561462402,0.3996031653946084,0.3989620320189431,0.1384237010967162,4,2025,0.12210826130302072
2025-06-29,0.4041097019495579,0.2930539548397064,0.3946894878972925,0.3941170313852979,0.1638099829654191,6,2025,0.3891431449036959
2025-06-30,0.1967836693917048,0.38275808095932,0.3929268019534119,0.3924276361921161,0.4041097019495579,0,2025,0.4042619149740656
2025-07-01,0.0839249810836565,0.4383452534675598,0.3884015471316815,0.387971387064967,0.1967836693917048,1,2025,0.40273480270331075
2025-07-02,0.2998222848788561,0.4287630021572113,0.3832864185401373,0.3828784726562459,0.0839249810836565,2,2025,0.41408470623190174
2025-07-03,0.1309112116030215,0.3410046696662903,0.3802576981983572,0.379802122288339,0.2998222848788561,3,2025,0.44639810679354475
2025-07-04,0.0577504517188342,0.2593429386615753,0.3754767812129235,0.3750832899786041,0.1309112116030215,4,2025,0.11473587019334311
2025-07-06,0.614883432086034,0.3000767230987549,0.3704659783567857,0.3701230353143932,0.0577504517188342,6,2025,0.36526003432627285
2025-07-07,0.1033124096656041,0.3828613460063934,0.3747302729250816,0.3741796836071033,0.614883432086034,0,2025,0.3855404542991937
2025-07-08,0.0008533770262371,0.4355868399143219,0.3698991684074556,0.3694088444035914,0.1033124096656041,1,2025,0.383549627206271
2025-07-09,0.1451788089011066,0.4313561916351318,0.3649159178443291,0.3644669986992824,0.0008533770262371,2,2025,0.3942380771420163
2025-07-10,0.1077392813860227,0.3447719514369964,0.3605738177975385,0.3601278013450079,0.1451788089011066,3,2025,0.42329049585783535
2025-07-11,0.1926807619973904,0.2552428543567657,0.3560667769362111,0.3556340769001897,0.1077392813860227,4,2025,0.1088046812555051
2025-07-13,0.0282910897814299,0.2885794341564178,0.3523084756605152,0.3518615530738386,0.1926807619973904,6,2025,0.3473576885088876
2025-07-14,0.5502644829973186,0.3612537384033203,0.3476547069430894,0.3472411323607371,0.0282910897814299,0,2025,0.357683815102093
2025-07-15,0.2712117069399433,0.4102870523929596,0.3509747928456074,0.3503790480263825,0.5502644829973186,1,2025,0.3639268818426941
2025-07-16,0.3143289087841633,0.3906223773956299,0.3481424877431069,0.3476239613049302,0.2712117069399433,2,2025,0.3761168483689739
2025-07-17,0.2154003400403586,0.3109199702739715,0.3461667764775442,0.3455872102583633,0.3143289087841633,3,2025,0.40637755497534195
2025-07-18,0.116123551290263,0.2379664629697799,0.3427497796419064,0.3422442038982569,0.2154003400403586,4,2025,0.10473535566901035
2025-07-20,0.4708514455988115,0.2754779458045959,0.3385612831077422,0.3381175162188809,0.116123551290263,6,2025,0.3338036772984982
2025-07-21,0.4924877977074475,0.3498936593532562,0.3398743588687193,0.3394980966777038,0.4708514455988115,0,2025,0.34967902032588283
2025-07-22,0.1718418117466306,0.3991227149963379,0.3416824519633114,0.341368787347507,0.4924877977074475,1,2025,0.354291623951678
2025-07-23,0.1939815304923265,0.3874022364616394,0.3379238460944941,0.337675221195883,0.1718418117466306,2,2025,0.36507710623234557
2025-07-24,0.0136268790399651,0.3052019476890564,0.3345462171042213,0.3342756706425838,0.1939815304923265,3,2025,0.3927357648716545
2025-07-25,0.1676517662088331,0.2288205921649933,0.3301820277380354,0.3299443403977785,0.0136268790399651,4,2025,0.10089497985028036
2025-07-27,1.4949113966797154,0.2563318610191345,0.3266119466426113,0.3264379156116307,0.1676517662088331,6,2025,0.32202225794444767
2025-07-28,0.3631682605288804,0.3320793807506561,0.3795687554071488,0.3783952532818582,1.4949113966797154,0,2025,0.39051851683920047
2025-07-29,1.2192987874961942,0.3960360288619995,0.3776323285316201,0.3764035969354773,0.3631682605288804,1,2025,0.3915681655974752
2025-07-30,0.0911545132009706,0.4033494889736175,0.4068331768279868,0.4050600901010525,1.2192987874961942,2,2025,0.4395235217408753
2025-07-31,1.4835441701904222,0.3432935178279876,0.4013912949942134,0.3996978252188656,0.0911545132009706,3,2025,0.47120759163528797
2025-08-01,0.0379729361094274,0.2731872200965881,0.4424484071077343,0.4406052367063314,1.4835441701904222,4,2025,0.13520064500706647
2025-08-03,0.2098944820339804,0.3000281453132629,0.4362700489501112,0.4345000106034444,0.0379729361094274,6,2025,0.4301393983918674
2025-08-04,0.0587803102890568,0.4391958117485046,0.4311254893194345,0.4293744298705559,0.2098944820339804,0,2025,0.44356255424660596
2025-08-05,0.7018237398675121,0.4788867831230163,0.4251735070188287,0.4234970199187947,0.0587803102890568,1,2025,0.44086376516375997
2025-08-06,0.0977777093278519,0.4523792266845703,0.429481897497112,0.4278841273904271,0.7018237398675121,2,2025,0.46399213944072476
2025-08-07,0.2042410753834604,0.3511486649513244,0.4236784176366051,0.4221582104780507,0.0977777093278519,3,2025,0.49737124170884794
2025-08-08,0.0214735125049554,0.2712476849555969,0.4187201744291987,0.4172140437775435,0.2042410753834604,4,2025,0.1279499185687303
2025-08-10,0.2579869857618641,0.3153850734233856,0.4129192541974184,0.411477244483194,0.0214735125049554,6,2025,0.4071167388463256
2025-08-11,0.5033164162243504,0.3991700112819671,0.4087185466131761,0.407271713580317,0.2579869857618641,0,2025,0.42050921830181026
2025-08-12,0.2490021951158338,0.4398884177207947,0.4085478905055816,0.4071925579822029,0.5033164162243504,1,2025,0.42362461038765037
2025-08-13,0.4453892520984108,0.4276652336120605,0.4042313091484349,0.4029647094594559,0.2490021951158338,2,2025,0.4367125856846354
2025-08-14,0.4231668398495642,0.3452074527740478,0.4031763247757104,0.401831800192653,0.4453892520984108,3,2025,0.4733031019137274
2025-08-15,0.1170395120553619,0.2593333125114441,0.4015417857559428,0.4002896132255096,0.4231668398495642,4,2025,0.12270065291086851
2025-08-17,0.4509696628420528,0.2977657914161682,0.3963068506585602,0.3951289082732095,0.1170395120553619,6,2025,0.39073777980193675
2025-08-18,0.1295909484873694,0.3900365233421325,0.3955880168765673,0.3943246954821872,0.4509696628420528,0,2025,0.4069999003587325
2025-08-19,0.0197498637471946,0.4333057403564453,0.3905809246022758,0.3893434531727904,0.1295909484873694,1,2025,0.4049946061518749
2025-08-20,0.3724687428503307,0.4159805178642273,0.3852514039580939,0.3840724099682246,0.0197498637471946,2,2025,0.4162075845030485
2025-08-21,1.0007072109003852,0.327237606048584,0.3833331473518968,0.3820970837036014,0.3724687428503307,3,2025,0.4500084865075768
2025-08-22,0.0085319136280747,0.2351585328578949,0.4008572362549915,0.3996114872429063,1.0007072109003852,4,2025,0.12249147251247385
2025-08-24,0.8834941119215006,0.2585011422634125,0.3953496371506726,0.3941607347804383,0.0085319136280747,6,2025,0.38979401746160147
2025-08-25,0.1986302906355092,0.3564903438091278,0.4075920259535618,0.4060955415567311,0.8834941119215006,0,2025,0.4193501998870585
2025-08-26,0.0756221677726864,0.4004351496696472,0.4028055954322268,0.4013966937421024,0.1986302906355092,1,2025,0.4176704063158327
2025-08-27,0.386960529875179,0.3899914920330047,0.397409747646001,0.3960430598712398,0.0756221677726864,2,2025,0.4293428899319475
2025-08-28,0.0539353559324404,0.3013841509819031,0.395273996622214,0.394001181900833,0.386960529875179,3,2025,0.4640262763722705
2025-08-29,0.0273845997569561,0.223687008023262,0.3899155964437015,0.3887079790579503,0.0539353559324404,4,2025,0.1191479939595921
2025-08-31,0.165004547275755,0.255308449268341,0.3846040214399338,0.3834557676470524,0.0273845997569561,6,2025,0.37919940367069244
2025-09-01,0.5748447004735505,0.3271828591823578,0.3799747157114192,0.3789049681116501,0.165004547275755,0,2025,0.39093618824566073
2025-09-02,0.1665393683856974,0.3734238445758819,0.3827337317361914,0.3815114640499239,0.5748447004735505,1,2025,0.3968578268469617
2025-09-03,0.1021227019966436,0.3591951131820678,0.3781507372971996,0.3770085847917162,0.1665393683856974,2,2025,0.4085363566011416
2025-09-04,0.6017900603086095,0.2837961912155151,0.3732993514725308,0.3721862395771521,0.1021227019966436,3,2025,0.4382294547990185
2025-09-05,0.0025604151287733,0.2078223973512649,0.3768010515413472,0.3757618968809511,0.6017900603086095,4,2025,0.11514053252162901
2025-09-07,0.3756792832888622,0.2356311827898025,0.3717010744446445,0.3707122250979052,0.0025604151287733,6,2025,0.36647777432347467
2025-09-08,0.4397109768951245,0.3181321024894714,0.3700222682609731,0.369119827125965,0.3756792832888622,0,2025,0.38069663358816724
2025-09-09,0.0948422144548195,0.3672369122505188,0.3698337874660668,0.3688332287724043,0.4397109768951245,1,2025,0.383481833499667
2025-09-10,0.2893715661084689,0.3573718070983886,0.365093481739934,0.3641205702205608,0.0948422144548195,2,2025,0.39442990886365414
2025-09-11,0.0042619387565898,0.2773969173431396,0.3621951567596938,0.3613076416919514,0.2893715661084689,3,2025,0.42519384363121615
2025-09-12,0.0196072581582606,0.2021832913160324,0.3573453855917625,0.35650467707644,0.0042619387565898,4,2025,0.10919539057249011
2025-09-14,0.2945560381112442,0.2382262200117111,0.3525918509758055,0.3517935532559018,0.0196072581582606,6,2025,0.347637081714842
2025-09-15,0.8279272194510976,0.3048608005046844,0.3500547065225085,0.349338959236682,0.2945560381112442,0,2025,0.36015304962895517
2025-09-16,0.3995629558235357,0.3438445329666137,0.362503569153471,0.3617945310066966,0.8279272194510976,1,2025,0.3758811067577249
2025-09-17,0.2389791140920305,0.3311940431594848,0.3617017340119519,0.3609042792759557,0.3995629558235357,2,2025,0.3907656233747408
2025-09-18,0.3774263017087427,0.267644464969635,0.3583402419370647,0.3575209408426532,0.2389791140920305,3,2025,0.4206684213009775
2025-09-19,0.0281010105439976,0.2077175080776214,0.3572216072732764,0.3563251987964626,0.3774263017087427,4,2025,0.10915756716024957
2025-09-21,0.4400690142373031,0.2454039603471756,0.3524691872274922,0.3516262734623396,0.0281010105439976,6,2025,0.34751614168920664
2025-09-22,0.1321518922313029,0.315917432308197,0.3526166938743625,0.3518555827099481,0.4400690142373031,0,2025,0.36278894493528413
2025-09-23,0.6309865736809419,0.3651817440986633,0.3483464031957148,0.3476537265234191,0.1321518922313029,1,2025,0.36120149623366604
2025-09-24,0.6898789943767606,0.3574356138706207,0.3540704032289924,0.3531608450980872,0.6309865736809419,2,2025,0.3825210907939723
2025-09-25,0.3519456961540311,0.2803862988948822,0.3614735241100773,0.3603265373238817,0.6898789943767606,3,2025,0.42434669326420066
2025-09-26,0.0256410257815069,0.2147794067859649,0.3596399678963358,0.3585844097089125,0.3519456961540311,4,2025,0.10989655482716122
2025-09-28,0.1929513610041256,0.2454886734485626,0.3548431303026681,0.3538433620961171,0.0256410257815069,6,2025,0.3498567251159857
2025-09-29,0.0844058179286266,0.3171958923339844,0.3510203831201923,0.3501005943867354,0.1929513610041256,0,2025,0.3611465839683907
2025-09-30,0.03750490164831,0.3657941222190857,0.3465247738675127,0.3456691483094853,0.0844058179286266,1,2025,0.35931264297468735
2025-10-01,0.1185738858414248,0.3488443493843078,0.341989549863576,0.3411718074728044,0.03750490164831,2,2025,0.3694695022824287
2025-10-02,0.2191235087307169,0.2681907713413238,0.3378880843203492,0.3370850912312113,0.1185738858414248,3,2025,0.39665890227427125
2025-10-03,0.149156441592034,0.199301391839981,0.3346853553437444,0.3339618945645795,0.2191235087307169,4,2025,0.10227107881953652
2025-10-05,0.1433997941094389,0.2311895191669464,0.3309485038274958,0.3302274576577253,0.149156441592034,6,2025,0.32629787600048216
2025-10-06,0.4434483176871571,0.2979542911052704,0.327236802230938,0.3265194497527242,0.1433997941094389,0,2025,0.3366768967202031
2025-10-07,0.2405230816029743,0.3472885191440582,0.3284942820920263,0.3276524497367352,0.4434483176871571,1,2025,0.3406167685594851
2025-10-08,0.5554084531402879,0.3419808745384216,0.3258779450819206,0.3250071187784866,0.2405230816029743,2,2025,0.3520632786068104
2025-10-09,0.4409570115098998,0.2677968740463257,0.3302469170093252,0.3291960436418144,0.5554084531402879,3,2025,0.38768866278275005
2025-10-10,0.0189444497634382,0.200539156794548,0.3311205560646162,0.3301606708408131,0.4409570115098998,4,2025,0.1011817695258057
2025-10-12,0.3571709674838519,0.234459713101387,0.3268224859309376,0.3259060798732709,0.0189444497634382,6,2025,0.3222298386459798
2025-10-13,0.3158251609100415,0.3122557997703552,0.3261873569749254,0.3251942140551743,0.3571709674838519,0,2025,0.33559717717257503
2025-10-14,0.3028063494333075,0.3606734871864319,0.3246337640202555,0.3237313101842168,0.3158251609100415,1,2025,0.3366137850609666
2025-10-15,0.3780787665880165,0.351888358592987,0.3229009384498832,0.3220866085153853,0.3028063494333075,2,2025,0.34884705998530835
2025-10-16,0.3342822052061089,0.2734375298023224,0.322613361857622,0.3218856215583747,0.3780787665880165,3,2025,0.37872735947720365
2025-10-17,0.0515008208596826,0.2016343772411346,0.3216537867293377,0.3208529950606604,0.3342822052061089,4,2025,0.09828897276193098
2025-10-19,0.0849905831807171,0.2323204725980758,0.3175686209774379,0.3168241547469587,0.0515008208596826,6,2025,0.3131060129020926
2025-10-20,0.3501666222504119,0.3054653704166412,0.3137228520158733,0.3129991936373839,0.0849905831807171,0,2025,0.3227730974231168
2025-10-21,0.0689257094326351,0.3503086864948272,0.3133242163807609,0.3125166150860535,0.3501666222504119,1,2025,0.32488687905121444
2025-10-22,0.037888899866841,0.3397381901741028,0.3094440944817669,0.3086965756575879,0.0689257094326351,2,2025,0.33430891563213855
2025-10-23,0.088638374168977,0.2639636695384979,0.3055462039410418,0.3048512516634966,0.037888899866841,3,2025,0.35869161261815224
2025-10-24,0.0215023244841118,0.1930002123117447,0.3018942992751088,0.3012613991233129,0.088638374168977,4,2025,0.09225099091838852
2025-10-26,0.1830125397503167,0.2168761938810348,0.2981078560432778,0.2975216973982245,0.0215023244841118,6,2025,0.293918718836938
2025-10-27,0.0060088157929714,0.2796123921871185,0.2953439604562433,0.294832586314409,0.1830125397503167,0,2025,0.3038640134409107
2025-10-28,0.3999437669711631,0.3218082189559936,0.2916672121512553,0.2911964889779458,0.0060088157929714,1,2025,0.30243066230870586
2025-10-29,0.3098716815153138,0.3072989583015442,0.2930861419410765,0.2924874896474146,0.3999437669711631,2,2025,0.31663654936837576
2025-10-30,0.2943597640809312,0.2392023801803589,0.2924853262089602,0.2918105009837697,0.3098716815153138,3,2025,0.3433589812992147
2025-10-31,0.0112721487002659,0.1819795817136764,0.291610358444627,0.2908686776889416,0.2943597640809312,4,2025,0.08910848794819004
2025-11-02,0.1058467403460501,0.2108144462108612,0.2880091220620949,0.2873076264265508,0.0112721487002659,6,2025,0.2839618965209457
2025-11-03,0.3330191715928982,0.2770996689796448,0.2848485525205484,0.2841570692572196,0.1058467403460501,0,2025,0.29306583502848194
2025-11-04,0.0844465969019511,0.323438823223114,0.284957433798715,0.2841775519646986,0.3330191715928982,1,2025,0.2954732717397206
2025-11-05,0.4592879139051652,0.3173299431800842,0.2816713898668908,0.2809553460603681,0.0844465969019511,2,2025,0.30430458551389805
2025-11-06,0.1609888174871676,0.2460637092590332,0.2847969480708271,0.2841663696038209,0.4592879139051652,3,2025,0.33433331932988053
2025-11-07,0.0700761782657395,0.1792822182178497,0.282086372150902,0.2815300056984248,0.1609888174871676,4,2025,0.08619820718038845
2025-11-09,0.0190378941202551,0.2113129198551178,0.2788301107764342,0.2782923775321454,0.0700761782657395,6,2025,0.27491187256961613
2025-11-10,0.2134952212693431,0.2773586213588714,0.2754615475942969,0.2749681472565339,0.0190378941202551,0,2025,0.2834080347244768
2025-11-11,0.0690506427567277,0.3185740113258362,0.273575084717793,0.2731602778670243,0.2134952212693431,1,2025,0.2836708776832129
2025-11-12,0.3978373943898191,0.3096030652523041,0.2704338787989926,0.2700732552361225,0.0690506427567277,2,2025,0.2921641045465531
2025-11-13,0.1513705340160336,0.2394174635410308,0.2723289730019467,0.2720465478540548,0.3978373943898191,3,2025,0.31969671764458324
2025-11-14,0.018933852062701,0.1772535592317581,0.2698805739117004,0.2695798527463089,0.1513705340160336,4,2025,0.08246843492162123
2025-11-16,0.2731665299005378,0.208514928817749,0.2666780613690337,0.266417249042689,0.018933852062701,6,2025,0.2629305888809776
2025-11-17,0.1044657020172416,0.2711523473262787,0.2661303732750369,0.2657918329880525,0.2731665299005378,0,2025,0.2738076756232207
2025-11-18,0.3383190258394123,0.3143094182014465,0.2633950989195533,0.2630569438519881,0.1044657020172416,1,2025,0.27311521794845245
2025-11-19,0.1005914165883287,0.3045039772987366,0.2643104526347162,0.263859462485685,0.3383190258394123,2,2025,0.28554864153582393
2025-11-20,0.1076407680452498,0.2359954118728637,0.2615837483169712,0.2611366116101692,0.1005914165883287,3,2025,0.3070825142262945
2025-11-21,0.0191096634674802,0.1782154142856598,0.2589651615815587,0.2585187224017243,0.1076407680452498,4,2025,0.07913297080005213
2025-11-23,0.1120000811651692,0.2018953114748001,0.2559806529036844,0.2555656531169097,0.0191096634674802,6,2025,0.25238350490693284
2025-11-24,0.3949048614884011,0.265157401561737,0.2534391283735531,0.2530885505540315,0.1120000811651692,0,2025,0.2607503149601856
2025-11-25,0.215844813734949,0.3034386336803436,0.2559079746645793,0.255638291938356,0.3949048614884011,1,2025,0.26535179493453787
2025-11-26,0.0043121477521174,0.296884536743164,0.2545305148872156,0.2543369958018873,0.215844813734949,2,2025,0.27498285455969085
2025-11-27,0.0051745996165094,0.2346139401197433,0.2516105536727848,0.2514507195072645,0.0043121477521174,3,2025,0.2953746244743138
2025-11-28,0.0215590654548864,0.1765891760587692,0.2487498616309525,0.2486201425546601,0.0051745996165094,4,2025,0.07601144268496433
2025-11-30,0.0930817894091768,0.200883150100708,0.2459509632751633,0.2458587321231178,0.0215590654548864,6,2025,0.24249475670326565
2025-12-01,0.1291366962062828,0.2616555094718933,0.2434824281468799,0.2434449994817243,0.0930817894091768,0,2025,0.25050638484280235
2025-12-02,0.4044086856902086,0.3044357001781463,0.24134863131686,0.2413721276049235,0.1291366962062828,1,2025,0.2502551653924172
2025-12-03,0.2256146379745453,0.2973948121070862,0.2445854916947816,0.2446753467132794,0.4044086856902086,2,2025,0.2642387169959508
2025-12-04,0.0154599330377534,0.2308984696865081,0.2438059727680907,0.2438248134972205,0.2256146379745453,3,2025,0.2862125479228612
2025-12-05,0.0146011105692351,0.1759658455848693,0.2411072473329719,0.2411492275493985,0.0154599330377534,4,2025,0.07367605992388321
2025-12-07,0.0738863386849993,0.1988370865583419,0.2384497026988782,0.2385238337859338,0.0146011105692351,6,2025,0.23509890700139238
2025-12-08,0.0696405800575556,0.2561897933483124,0.236073843545176,0.2361481546883987,0.0738863386849993,0,2025,0.24288407813467586
2025-12-09,0.5668895941973783,0.2991088330745697,0.2337221699173121,0.2337980649138574,0.0696405800575556,1,2025,0.24234726324899447
2025-12-10,0.390915563407349,0.2907479405403137,0.2431030717523042,0.2432081009906866,0.5668895941973783,2,2025,0.26263717987723134
2025-12-11,0.0085182503565249,0.2251537293195724,0.245879860309401,0.2460492252683677,0.390915563407349,3,2025,0.2886471586527161
2025-12-12,0.0332252804842035,0.1745368540287017,0.2431265092863343,0.2433237487886879,0.0085182503565249,4,2025,0.07429309349016373
2025-12-14,0.118367899505977,0.2070265263319015,0.2404792815973942,0.2406900768526741,0.0332252804842035,6,2025,0.23709996540202613
2025-12-15,0.0187251573034856,0.266364723443985,0.2383149846048997,0.2385797010916784,0.118367899505977,0,2025,0.2451898714071804
2025-12-16,0.0766394492222735,0.3105930984020233,0.2357290464273359,0.2360107527918228,0.0187251573034856,1,2025,0.24442819990149528
2025-12-17,0.1304220146257041,0.3026289939880371,0.2334261173050056,0.2337022434388954,0.0766394492222735,2,2025,0.2521826512383317
2025-12-18,0.1211976523350459,0.2398341596126556,0.2316200580024917,0.2318661284452312,0.1304220146257041,3,2025,0.2719070669117357
2025-12-19,0.0222021075835517,0.180001825094223,0.2297617055055529,0.2299823642090287,0.1211976523350459,4,2025,0.07020915949350558
2025-12-21,0.4064509355424361,0.2040455043315887,0.2273360774798809,0.2275877263700529,0.0222021075835517,6,2025,0.22414145512690253
2025-12-22,0.2937956923107931,0.2583298683166504,0.2312637659935046,0.2315727367381456,0.4064509355424361,0,2025,0.23793523994765137
2025-12-23,0.1586783363699765,0.3007286489009857,0.2320345643500045,0.2324093011556408,0.2937956923107931,1,2025,0.24059737965504419
2025-12-24,0.0331141294222216,0.2982431650161743,0.2305869016884376,0.2309147148053636,0.1586783363699765,2,2025,0.2491152955804049
2025-12-25,0.0670887337325479,0.2349366247653961,0.22816443528751,0.2285243430904344,0.0331141294222216,3,2025,0.2678503878620563
2025-12-26,0.0331363564085719,0.1766081750392913,0.2259621037803642,0.2263177337280335,0.0670887337325479,4,2025,0.06904810072199012
2025-12-28,0.0084975484623728,0.1938584148883819,0.223657435743866,0.2240222372915892,0.0331363564085719,6,2025,0.22051450721462537
2025-12-29,0.1930724195841548,0.2497059851884842,0.2213426928480523,0.2217312176751693,0.0084975484623728,0,2025,0.22772796467795914
2025-12-30,0.024692514462036,0.2894198000431061,0.2206616103586276,0.2209797172699941,0.1930724195841548,1,2025,0.22880472739684365
2025-12-31,0.0434207004365794,0.2810328900814056,0.2184421451890885,0.2187730228104967,0.024692514462036,2,2025,0.23599466911405304
2026-01-01,0.2463002953886556,0.2204989641904831,0.2162946157503607,0.212489569260571,0.0434207004365794,3,2026,0.2539159823405657
2026-01-02,0.0725568642879604,0.165037602186203,0.2167387369176786,0.2129636631906264,0.2463002953886556,4,2026,0.06622968137876428
2026-01-04,0.0691436037705211,0.182597815990448,0.2148120199972805,0.2109798013953128,0.0725568642879604,6,2026,0.21179339097728925
2026-01-05,0.2665939100314426,0.2351199090480804,0.2128513096693657,0.2089954330807797,0.0691436037705211,0,2026,0.21899162292797228
2026-01-06,0.0933047494748422,0.2728766202926636,0.2138504088277222,0.2100503351150727,0.2665939100314426,1,2026,0.22174217081080702
2026-01-07,0.1568452995836207,0.2729697525501251,0.2121393897013091,0.2082884657774139,0.0933047494748422,2,2026,0.22918546709601875
2026-01-08,0.2232642141975541,0.2171140909194946,0.2111650771532156,0.2072887087312258,0.1568452995836207,3,2026,0.2478942335913911
2026-01-09,0.0378325398744732,0.163565844297409,0.2113114778801804,0.2074551800269119,0.2232642141975541,4,2026,0.06457125316272255
2026-01-11,0.3459780325589092,0.1854472458362579,0.2093257705444469,0.2054176760945169,0.0378325398744732,6,2026,0.20638423661349883
2026-01-12,0.1981685080285677,0.235620230436325,0.2122609908193081,0.2086654314200854,0.3459780325589092,0,2026,0.2183842746188644
2026-01-13,0.0206114737933403,0.2773165106773376,0.2119186612610271,0.2083145188409881,0.1981685080285677,1,2026,0.21973913559920477
2026-01-14,0.3079598817513808,0.2798279821872711,0.2098705002309612,0.2062101152480046,0.0206114737933403,2,2026,0.22673426511140346
2026-01-15,0.0784317145645231,0.2231065481901168,0.2119937163662111,0.2084309659120303,0.3079598817513808,3,2026,0.24886700278882917
2026-01-16,0.1268274755765585,0.1689493209123611,0.2102102572408423,0.2065902711779845,0.0784317145645231,4,2026,0.06423474897750724
2026-01-18,0.5312543437801238,0.1929326355457306,0.2089105161024205,0.2052480873304466,0.1268274755765585,6,2026,0.20597481750186686
2026-01-19,0.6539383576362003,0.2426613271236419,0.2185336573376576,0.2155586498696177,0.5312543437801238,0,2026,0.22483789439256038
2026-01-20,0.3093173564719509,0.2819996476173401,0.233068530292402,0.2309692491691413,0.6539383576362003,1,2026,0.2416695022376873
2026-01-21,0.5989676786727903,0.2837880253791809,0.2343508157438794,0.2322530583277642,0.3093173564719509,2,2026,0.2531816521496412
2026-01-22,0.6089305741547463,0.2316498458385467,0.2450443474058129,0.2435514281823071,0.5989676786727903,3,2026,0.28766632018414484
2026-01-23,0.5178037847526026,0.1783887594938278,0.2554034278448886,0.2544507022803,0.6089305741547463,4,2026,0.07804459825580662
2026-01-25,0.0942530933453928,0.2094215601682663,0.2616106227047375,0.2609786653960796,0.5178037847526026,6,2026,0.2579343600000504
2026-01-26,1.3555589375016248,0.2928560078144073,0.2588940030236243,0.2581061048245563,0.0942530933453928,0,2026,0.26636255128771086
2026-01-27,0.7009910053560262,0.3480150103569031,0.3131434674218335,0.3144512756407937,1.3555589375016248,1,2026,0.3246994598793547
2026-01-28,0.0994879379791935,0.3478268086910248,0.3232054370291538,0.3246225135367652,0.7009910053560262,2,2026,0.34917602599778935
2026-01-29,0.9917658748361872,0.3033996224403381,0.319282692146604,0.3204950656850849,0.0994879379791935,3,2026,0.3748173672261658
2026-01-30,0.0042198188015966,0.2589759230613708,0.3421435058530762,0.3438257103407987,0.9917658748361872,4,2026,0.10455009427811385
2026-02-01,0.5025859008306898,0.3074155449867248,0.3376399667235609,0.3390763583324449,0.0042198188015966,6,2026,0.33289530764036096
2026-02-02,0.2219907201091389,0.4135485589504242,0.3400356327466632,0.3413740452482821,0.5025859008306898,0,2026,0.3498449466165018
2026-02-03,0.0922950628389916,0.4620263576507568,0.336820608783573,0.3379952117225289,0.2219907201091389,1,2026,0.3492503632558175
2026-02-04,0.2281392383826439,0.4663696885108948,0.3326600357944436,0.3335959733102934,0.0922950628389916,2,2026,0.35939033196557457
2026-02-05,0.2941939137290844,0.3723152279853821,0.3297900281380378,0.3305137501645071,0.2281392383826439,3,2026,0.3871523046021687
2026-02-06,0.0050795800891323,0.2772940099239349,0.3277906939527012,0.3284177193066458,0.2941939137290844,4,2026,0.10016425087711525
2026-02-08,0.8514492267774975,0.3059568703174591,0.3235384315321451,0.3239476751710893,0.0050795800891323,6,2026,0.3189919331633958
2026-02-09,0.1789608150258717,0.3793059885501861,0.3388074059122459,0.3397940530368915,0.8514492267774975,0,2026,0.34858128801740484
2026-02-10,0.1658033212254622,0.4353694915771484,0.3352588045513164,0.3360174234220615,0.1789608150258717,1,2026,0.3476309234673199
2026-02-11,0.0117934462271315,0.420879989862442,0.3316561766584202,0.3321915360763545,0.1658033212254622,2,2026,0.35830580954231284
2026-02-12,0.0210631854212724,0.3305723667144775,0.3273408852474921,0.3276567838702154,0.0117934462271315,3,2026,0.3842771682018106
2026-02-13,0.0008426126046604,0.2487835884094238,0.3231121961225887,0.323214287830396,0.0210631854212724,4,2026,0.09873462447518008
2026-02-15,0.1568482267148842,0.2712793946266174,0.3189400573929786,0.3188378108346482,0.0008426126046604,6,2026,0.3144581773152422
2026-02-16,0.0101266677442391,0.3402448296546936,0.3155799542629048,0.3152811677911232,0.1568482267148842,0,2026,0.32468377316973235
2026-02-17,0.5644353933169527,0.3808933198451996,0.3115414919917756,0.3110521584624041,0.0101266677442391,1,2026,0.3230383664477645
2026-02-18,0.1154793369394086,0.361980140209198,0.3168338981315668,0.3164119933522892,0.5644353933169527,2,2026,0.34229251360332097
2026-02-19,0.0900174151057553,0.2803703844547272,0.3131840452984046,0.3125678942883486,0.1154793369394086,3,2026,0.3676579476537618
2026-02-20,0.0933287019542847,0.2071243226528167,0.309397516294525,0.3086195090688955,0.0900174151057553,4,2026,0.09454377752210671
2026-02-22,0.0559867682266362,0.2274528741836547,0.3056978231939786,0.3047650643144196,0.0933287019542847,6,2026,0.30140202857106513
2026-02-23,0.1095192723286038,0.2947797775268554,0.3019434414259824,0.3008314196871414,0.0559867682266362,0,2026,0.31065387557655083
2026-02-24,0.3265052872833079,0.3406302034854889,0.2985377428892629,0.2972542868068221,0.1095192723286038,1,2026,0.3095547375387677
2026-02-25,0.1219966941101175,0.3301711678504944,0.2979229105646063,0.2966592248935729,0.3265052872833079,2,2026,0.32186196779623033
2026-02-26,0.0982867680078954,0.2546133399009704,0.2946858900678752,0.2932579946645008,0.1219966941101175,3,2026,0.345942301887206
2026-02-27,0.2798627955635359,0.1875766813755035,0.2912896894576927,0.2897328547368564,0.0982867680078954,4,2026,0.08901049990445248
2026-03-01,0.7621325348017607,0.2123963534832,0.2901874440348378,0.2885322073105718,0.2798627955635359,6,2026,0.2861096077954517
2026-03-02,0.6456066380447759,0.2722000479698181,0.3043662179027661,0.3031543653531031,0.7621325348017607,0,2026,0.31314654406643105
2026-03-03,0.1927446043122825,0.3279061019420624,0.3128344367647258,0.3118338577794375,0.6456066380447759,1,2026,0.32437902500560445
2026-03-04,0.2349570541657201,0.3394829034805298,0.3098645371615869,0.3087586867497281,0.1927446043122825,2,2026,0.3347631422238965
2026-03-05,0.0981810744432352,0.2838042974472046,0.3075977194897937,0.3063455068329885,0.2349570541657201,3,2026,0.36109996006610484
2026-03-06,0.7040366325645339,0.2245717048645019,0.3039574660020999,0.3025628932155609,0.0981810744432352,4,2026,0.0928814406335762
2026-03-08,0.8098608452098709,0.2673612236976623,0.3147091193795306,0.3136166424266754,0.7040366325645339,6,2026,0.3102866942255426
2026-03-09,0.2126222625355328,0.3397060632705688,0.3287849231202607,0.3283395848756602,0.8098608452098709,0,2026,0.3382696776458554
2026-03-10,0.4724833120449779,0.4064202904701233,0.3258087117530859,0.3251803727791079,0.2126222625355328,1,2026,0.3378320921116533
2026-03-11,0.2696319122766379,0.4051424860954284,0.3278471649318751,0.327188661922486,0.4724833120449779,2,2026,0.35419073156008807
2026-03-12,0.9034761331430792,0.33836230635643,0.3256601611251423,0.3248444369601084,0.2696319122766379,3,2026,0.38230410606575405
2026-03-13,0.1243193240258057,0.2649634480476379,0.3435820762293011,0.343270520707914,0.9034761331430792,4,2026,0.10498968370736521
2026-03-15,0.6018964768271361,0.2984888553619385,0.3394281498508413,0.3389391082938053,0.1243193240258057,6,2026,0.33465836246485303
2026-03-16,0.3559402306396375,0.3940622806549072,0.3443432514947274,0.3440876901727554,0.6018964768271361,0,2026,0.3542768311186872
2026-03-17,0.7210074851440561,0.4600345194339752,0.3430254504596268,0.3427300449043945,0.3559402306396375,1,2026,0.35568418337487995
2026-03-18,1.054094555715107,0.4659327864646911,0.3521170062669969,0.352001286129219,0.7210074851440561,2,2026,0.38041073214822885
2026-03-19,0.0838161451303837,0.3774489462375641,0.3746653790949745,0.3754313190348876,1.054094555715107,3,2026,0.4398330834628844
2026-03-20,0.0925385463109328,0.2877327799797058,0.3697895388167656,0.3703008667172864,0.0838161451303837,4,2026,0.11299799787214192
2026-03-22,0.4911173057406764,0.3488674163818359,0.3650389364653739,0.3653034845412853,0.0925385463109328,6,2026,0.3599092555143029
2026-03-23,0.0051661787509316,0.4413904249668121,0.3659564131178489,0.3662599272558554,0.4911173057406764,0,2026,0.37651348706317794
2026-03-24,0.4660524372095458,0.4987397193908691,0.3610425982923561,0.3611097560173739,0.0051661787509316,1,2026,0.374366221413288
2026-03-25,0.187897551569285,0.4845042824745178,0.3617204297872254,0.3616902525319101,0.4660524372095458,2,2026,0.3907858214152594
2026-03-26,0.2759915309309729,0.387782484292984,0.3578030902954898,0.3575525543558844,0.187897551569285,3,2026,0.420037839784821
2026-03-27,0.0660731697427614,0.291231095790863,0.3550128452410064,0.3545750462071437,0.2759915309309729,4,2026,0.10848262733306807
2026-03-29,0.3484749052867561,0.3160637319087982,0.3504120512085004,0.3497539349063536,0.0660731697427614,6,2026,0.34548791341236573
2026-03-30,0.8187292055125608,0.3926748931407928,0.3489677769708667,0.34817164125376,0.3484749052867561,0,2026,0.35903476444249266
2026-03-31,0.2973208758966624,0.4346756935119629,0.3611138729037358,0.3608591762005457,0.8187292055125608,1,2026,0.3744401262850985
2026-04-01,0.4428460046591701,0.421487420797348,0.3584199556862379,0.3580639257366929,0.2973208758966624,2,2026,0.38722014368073704
2026-04-02,0.1978377335140109,0.3308418989181518,0.3586524372700591,0.3581995967107176,0.4428460046591701,3,2026,0.42103491856390934
2026-04-03,0.0599132578171909,0.2530119717121124,0.3548944442525652,0.3542341942743792,0.1978377335140109,4,2026,0.10844644709205113
2026-04-05,0.2003183215284024,0.2870515286922455,0.3502459752377212,0.3493861006347893,0.0599132578171909,6,2026,0.34532417121110714
2026-04-06,0.4279070667712547,0.359358549118042,0.3465871786106249,0.345590440215681,0.2003183215284024,0,2026,0.35658549081923496
2026-04-07,0.5968677953093566,0.410493791103363,0.3466481154064465,0.3456955311604446,0.4279070667712547,1,2026,0.35944053620970273
2026-04-08,0.3244574181995243,0.3936743438243866,0.3510965161900892,0.3503781972930784,0.5968677953093566,2,2026,0.3793082424348746
2026-04-09,0.2177115542647267,0.3096775412559509,0.3490607374580334,0.3482824978268349,0.3244574181995243,3,2026,0.4097748792345103
2026-04-10,0.4907334928517447,0.2382573634386062,0.3456094018957851,0.3447032196095808,0.2177115542647267,4,2026,0.10560918133317829
2026-04-12,0.7598691002740713,0.2790557742118835,0.3474076898763592,0.3464733851539945,0.4907334928517447,6,2026,0.34252577063160666
2026-04-13,0.2904657984878329,0.3556536138057709,0.3573524992121457,0.3568799197139083,0.7598691002740713,0,2026,0.36766136831103446
2026-04-14,0.0330697647852881,0.4161956906318664,0.3546457206307167,0.3540760831392778,0.2904657984878329,1,2026,0.36773327856843335
2026-04-15,0.1281001901556358,0.4108064770698547,0.3499443246309288,0.3491674859143572,0.0330697647852881,2,2026,0.37806346860460166
2026-04-16,0.131664470043551,0.333344429731369,0.3457588720623287,0.3447744968835053,0.1281001901556358,3,2026,0.40589870139902345
2026-04-17,0.2962410229674634,0.2497757375240326,0.341676410593133,0.3404916906338917,0.131664470043551,4,2026,0.10440736220040814
2026-04-19,0.4737350080203077,0.2795899510383606,0.3395674796982494,0.3382393807138757,0.2962410229674634,6,2026,0.33479573439053617
2026-04-20,0.384259456569622,0.3606346249580383,0.3409169521900566,0.3397026927487602,0.4737350080203077,0,2026,0.3507516902749105
2026-04-21,0.2780622740096382,0.4243476986885071,0.3404223093179461,0.339115987196753,0.384259456569622,1,2026,0.35298497802452583
2026-04-22,0.2077714065752767,0.4132821559906006,0.3380638661419386,0.3366098242396342,0.2780622740096382,2,2026,0.3652283773377332
2026-04-23,0.2957090192293307,0.3353692889213562,0.3348345200734857,0.3332114864647605,0.2077714065752767,3,2026,0.3930742140346099
2026-04-24,0.1135650580797347,0.2503305375576019,0.3327363635427194,0.3310719519139847,0.2957090192293307,4,2026,0.10167551797135857
2026-04-26,0.1425760397929796,0.2752283215522766,0.3287745247215605,0.326929413090831,0.1135650580797347,6,2026,0.3241544465649895
2026-04-27,0.0776659294727352,0.345505952835083,0.3250250829668301,0.3230518405595527,0.1425760397929796,0,2026,0.3344013740003269
2026-04-28,0.3763808622783246,0.3982995748519897,0.321007389554572,0.3188618763027788,0.0776659294727352,1,2026,0.33285358581420554
2026-04-29,0.5648935872651297,0.3790003359317779,0.3209360984578606,0.3187422602972853,0.3763808622783246,2,2026,0.3467243388255337
2026-04-30,0.1441248080145626,0.2958946228027344,0.3255248413304399,0.3236310538911557,0.5648935872651297,3,2026,0.3821452493208334
2026-05-01,0.166279430326263,0.2125242501497268,0.3219242533933165,0.3198637300405801,0.1441248080145626,4,2026,0.09837162029062677
2026-05-03,0.4038132923103761,0.2349944412708282,0.3185054581971565,0.3163390980136593,0.166279430326263,6,2026,0.3140296852904461
2026-05-04,0.0119756381447477,0.3082485795021057,0.3191161684822683,0.3169264163164668,0.4038132923103761,0,2026,0.32832199974264986
2026-05-05,0.4855144760043108,0.3534870147705078,0.3150157093540924,0.3126681452889127,0.0119756381447477,1,2026,0.32664079350886654
2026-05-06,0.2096168869990222,0.3430964052677154,0.3175534570990717,0.3154155936875188,0.4855144760043108,2,2026,0.34306989143165795
2026-05-07,0.515583469394552,0.2618792951107025,0.3147839318848984,0.3125082436652195,0.2096168869990222,3,2026,0.36953611171639356
2026-05-08,0.2404449813244509,0.1967258751392364,0.3181682340264165,0.3161401200346895,0.515583469394552,4,2026,0.09722387914633497
2026-05-10,0.2277150468664277,0.222944289445877,0.3157858961781505,0.3136290813198915,0.2404449813244509,6,2026,0.3113483397028686
2026-05-11,0.375837998950877,0.2864252626895904,0.31316415989269,0.3109480560330289,0.2277150468664277,0,2026,0.32219828820553176
2026-05-12,0.1952784189886642,0.3404121994972229,0.3133200394524065,0.3110662395228703,0.375837998950877,1,2026,0.32488254798088495
2026-05-13,0.3857062727432472,0.3263274431228637,0.3104724021423218,0.3080816535446612,0.1952784189886642,2,2026,0.3354198510969502
2026-05-14,0.4078466656861038,0.2613422572612762,0.3109300079796278,0.3085181789722537,0.3857062727432472,3,2026,0.365011852659469
2026-05-15,0.0258146680376555,0.1957257091999054,0.3118822737725723,0.3094680873219041,0.4078466656861038,4,2026,0.09530305432889682
2026-05-17,0.3316410665666426,0.2194428741931915,0.3079356213696121,0.3053675503622271,0.0258146680376555,6,2026,0.3036083802637973
2026-05-18,0.4539209994794396,0.2782375514507293,0.3071551871492207,0.3046369722811001,0.3316410665666426,0,2026,0.31601596921831776
2026-05-19,0.1635802036724513,0.3250426352024078,0.3093939861044547,0.3069252826142398,0.4539209994794396,1,2026,0.3208116107455243
2026-05-20,0.0413002707596574,0.31909841299057,0.3062017807156382,0.303645394139435,0.1635802036724513,2,2026,0.33080607160110626
2026-05-21,0.167957972481657,0.2553324103355407,0.3023919778903839,0.2996871469615337,0.0413002707596574,3,2026,0.35498875388818096
2026-05-22,0.2582801707847506,0.191753014922142,0.2994776370842062,0.2966454647269952,0.167957972481657,4,2026,0.0915125222478602
2026-05-24,0.0825089646382018,0.2188659608364105,0.2976612397262304,0.2948283241134577,0.2582801707847506,6,2026,0.29347837856056774
2026-05-25,0.0997069043674148,0.2808931469917297,0.2941264944184416,0.2911835012410126,0.0825089646382018,0,2026,0.3026114260648122
2026-05-26,0.0240820856249977,0.3280275464057922,0.2908063213653659,0.2877326753831558,0.0997069043674148,1,2026,0.3015380019077247
2026-05-27,0.2233965787083604,0.3198620676994324,0.2872375111914362,0.2840370545228226,0.0240820856249977,2,2026,0.3103179624613626
2026-05-28,0.0506244406729286,0.250933974981308,0.2852092690077437,0.2820021927635592,0.2233965787083604,3,2026,0.3348173576189223
2026-05-29,0.0042890290931408,0.1852514445781707,0.2817837628215192,0.2784720539352176,0.0506244406729286,4,2026,0.08610573769499656
2026-05-31,0.2327310002874716,0.2092643976211547,0.27835415674016,0.2749305679036204,0.0042890290931408,6,2026,0.2744426068400116
2026-06-01,0.0361175371765979,0.2719031870365143,0.2768110426302547,0.2733248464682952,0.2327310002874716,0,2026,0.28479645985804397
2026-06-02,0.2514641352651576,0.3172990083694458,0.2735273520037748,0.2699312740000821,0.0361175371765979,1,2026,0.28362138347984384
2026-06-03,0.114615168462543,0.309064656496048,0.2724084116398589,0.2687704480274205,0.2514641352651576,2,2026,0.2942972974065285
2026-06-04,0.7755629687333363,0.2423553764820099,0.2695526178061319,0.2658572584012931,0.114615168462543,3,2026,0.31643745502065695
2026-06-05,0.1059496924961809,0.1811682879924774,0.2860240491886585,0.2830396678988628,0.7755629687333363,4,2026,0.087401458151082
2026-06-07,0.2213244781232616,0.2051359117031097,0.2829030826446097,0.2797955257659467,0.1059496924961809,6,2026,0.2789276093208785
2026-06-08,0.0095363182081511,0.2681793868541717,0.2809482361101085,0.277835097913217,0.2213244781232616,0,2026,0.28905300268095435
2026-06-09,0.0026006562324014,0.3109489381313324,0.2775347442322448,0.274307554196778,0.0095363182081511,1,2026,0.2877766612597762
2026-06-10,0.3418303784142004,0.3081201612949371,0.2741835307884671,0.2708456260030334,0.0026006562324014,2,2026,0.296215053047278
2026-06-11,0.0829703428639223,0.2433695048093795,0.2746143881562724,0.2714146215353546,0.3418303784142004,3,2026,0.32237964820183945
2026-06-12,0.3366396218506432,0.1811781823635101,0.2715696304581776,0.2682566198324202,0.0829703428639223,4,2026,0.08298456636399644
2026-06-14,0.1422861743888137,0.2056242674589157,0.2719701491018171,0.2687926385702475,0.3366396218506432,6,2026,0.26814830996702155
2026-06-15,0.1733035443645292,0.2675303816795349,0.2694383038158832,0.2661599129754593,0.1422861743888137,0,2026,0.2772110330129319
2026-06-16,0.9086487398965172,0.3147162497043609,0.2671889533107764,0.2638863056411951,0.1733035443645292,1,2026,0.27704907766404285
2026-06-17,0.365783968483903,0.3075926005840301,0.2908663042065102,0.2885367740311287,0.9086487398965172,2,2026,0.3142383405831508
