idx,ts_base,ts_target,last_close,actual_close,p_up,gen_distinct,gen_mean,gen_sd,p_vol_amp,pred_rv,trail_rv,act_rv
512,2024-07-30 07:00:00,2024-07-31 07:00:00,1.08197,1.08243,0.4,30,1.0814499974250793,0.0015056780448432514,0.0,0.001791435387861525,0.002676371479126136,0.0028765398176283947
536,2024-07-31 07:00:00,2024-08-01 07:00:00,1.08243,1.08268,0.2,30,1.0812760829925536,0.0014429288508983477,0.0,0.0016492796718583147,0.0028765398176283947,0.003238120769541994
560,2024-08-01 07:00:00,2024-08-02 07:00:00,1.08268,1.08037,0.4666666666666667,30,1.0825920979181924,0.0015737156043841732,0.0,0.001596721209902885,0.003238120769541994,0.0032026881995966794
584,2024-08-02 07:00:00,2024-08-05 07:00:00,1.08037,1.09119,0.43333333333333335,30,1.0802396059036254,0.0011587158420275072,0.0,0.0016752664213618071,0.0032026881995966794,0.006757725563379952
608,2024-08-05 07:00:00,2024-08-06 07:00:00,1.09119,1.09458,0.06666666666666667,30,1.089436113834381,0.0010142353419198811,0.0,0.002056187036455713,0.006757725563379952,0.005870380196529281
632,2024-08-06 07:00:00,2024-08-07 07:00:00,1.09458,1.09098,0.1,30,1.0913246035575868,0.0016570498295542465,0.0,0.002324721276292948,0.005870380196529281,0.0033933622359905973
656,2024-08-07 07:00:00,2024-08-08 07:00:00,1.09098,1.09353,0.2,30,1.0907288551330567,0.0010428657465271793,0.0,0.0016424567120152589,0.0033933622359905973,0.0020397281695215927
680,2024-08-08 07:00:00,2024-08-09 07:00:00,1.09353,1.0919,0.03333333333333333,30,1.0915405750274658,0.0009421102922904929,0.16666666666666666,0.0018565388570488985,0.0020397281695215927,0.0037235769552358315
704,2024-08-09 07:00:00,2024-08-12 07:00:00,1.0919,1.0918,0.36666666666666664,30,1.0918166120847066,0.0009472432305975818,0.0,0.001861379404520705,0.0037235769552358315,0.0018733864112799414
728,2024-08-12 07:00:00,2024-08-13 07:00:00,1.0918,1.09393,0.4,30,1.091596500078837,0.0007465040186764655,0.26666666666666666,0.0016113649463064665,0.0018733864112799414,0.0018034401894842043
752,2024-08-13 07:00:00,2024-08-14 07:00:00,1.09393,1.09902,0.13333333333333333,30,1.0927650809288025,0.0009270558891664699,0.1,0.0014620921663579245,0.0018034401894842043,0.0036301794212426045
776,2024-08-14 07:00:00,2024-08-15 07:00:00,1.09902,1.10091,0.0,30,1.0956796209017436,0.0015928020707535132,0.0,0.0020724964101503187,0.0036301794212426045,0.002980041585522828
800,2024-08-15 07:00:00,2024-08-16 07:00:00,1.10091,1.09849,0.2,30,1.0982569018999735,0.0024033595441966954,0.13333333333333333,0.002190489037533882,0.002980041585522828,0.005676060861774294
824,2024-08-16 07:00:00,2024-08-19 07:00:00,1.09849,1.10471,0.06666666666666667,30,1.095495088895162,0.0017057640512282734,0.0,0.002471323739106472,0.005676060861774294,0.0025397483699414365
848,2024-08-19 07:00:00,2024-08-20 07:00:00,1.10471,1.10761,0.16666666666666666,30,1.1015381534894308,0.003119814139233533,0.43333333333333335,0.0025660540043911722,0.0025397483699414365,0.00251409781612362
872,2024-08-20 07:00:00,2024-08-21 07:00:00,1.10761,1.11172,0.06666666666666667,30,1.1032527446746827,0.003321427564527214,0.6666666666666666,0.0028411974847919966,0.00251409781612362,0.002543843384690388
896,2024-08-21 07:00:00,2024-08-22 07:00:00,1.11172,1.11425,0.13333333333333333,30,1.1085338791211445,0.0029396838265209634,0.8666666666666667,0.0034520979277346863,0.002543843384690388,0.0031285027620734833
920,2024-08-22 07:00:00,2024-08-23 07:00:00,1.11425,1.11255,0.16666666666666666,30,1.1117939472198486,0.0029871824351826075,0.26666666666666666,0.002679708831342853,0.0031285027620734833,0.0029235241721712454
944,2024-08-23 07:00:00,2024-08-26 07:00:00,1.11255,1.11785,0.3333333333333333,30,1.1100597898165385,0.003561608076504955,0.36666666666666664,0.0028630816766946703,0.0029235241721712454,0.005875371534352276
968,2024-08-26 07:00:00,2024-08-27 07:00:00,1.11785,1.11661,0.4666666666666667,29,1.1173772136370341,0.002183602281141946,0.0,0.0027070826008937674,0.005875371534352276,0.0024691906571156354
992,2024-08-27 07:00:00,2024-08-28 07:00:00,1.11661,1.11432,0.23333333333333334,30,1.1137919902801514,0.002609853845780911,0.7666666666666667,0.0030723013738855483,0.0024691906571156354,0.002746662137249385
1016,2024-08-28 07:00:00,2024-08-29 07:00:00,1.11432,1.11352,0.3,30,1.1127897103627522,0.0024890058558764425,0.4666666666666667,0.0027471209189925765,0.002746662137249385,0.003326554719466486
1040,2024-08-29 07:00:00,2024-08-30 07:00:00,1.11352,1.10766,0.03333333333333333,27,1.1109215219815571,0.001196471686177163,0.03333333333333333,0.002120242874285071,0.003326554719466486,0.004840405674412064
1064,2024-08-30 07:00:00,2024-09-02 07:00:00,1.10766,1.10546,0.8333333333333334,30,1.108925473690033,0.00175602046646557,0.43333333333333335,0.004508865307536695,0.004840405674412064,0.0025885385886010074
1088,2024-09-02 07:00:00,2024-09-03 07:00:00,1.10546,1.10591,0.4,30,1.105992066860199,0.001839243623436382,0.2,0.0018877089466686993,0.0025885385886010074,0.0019191350303221734
1112,2024-09-03 07:00:00,2024-09-04 07:00:00,1.10591,1.10573,0.3,30,1.1057970762252807,0.002157172576681472,0.3,0.001798641373407496,0.0019191350303221734,0.002811839016600086
1136,2024-09-04 07:00:00,2024-09-05 07:00:00,1.10573,1.10797,0.4666666666666667,30,1.1057336449623107,0.0017320027428458775,0.1,0.001622382253011845,0.002811839016600086,0.003794353782824079
1160,2024-09-05 07:00:00,2024-09-06 07:00:00,1.10797,1.11165,0.36666666666666664,30,1.1076602816581727,0.0015715557177331894,0.1,0.0021545002665304546,0.003794353782824079,0.0032007302135315953
1184,2024-09-06 07:00:00,2024-09-09 07:00:00,1.11165,1.10685,0.7,30,1.1121011137962342,0.0010582149984984628,0.06666666666666667,0.0017826853896463933,0.0032007302135315953,0.004569438839169739
1208,2024-09-09 07:00:00,2024-09-10 07:00:00,1.10685,1.1039,0.5666666666666667,30,1.1072265783945718,0.0017143859634812574,0.0,0.0017351144397432284,0.004569438839169739,0.0025847388561201063
1232,2024-09-10 07:00:00,2024-09-11 07:00:00,1.1039,1.10433,0.4666666666666667,30,1.103674836953481,0.0012780371568052711,0.0,0.0016901501205744054,0.0025847388561201063,0.002817025067391529
1256,2024-09-11 07:00:00,2024-09-12 07:00:00,1.10433,1.10215,0.5,30,1.1044148564338685,0.0010414339040970219,0.0,0.0016310934792816733,0.002817025067391529,0.0029144699800152415
1280,2024-09-12 07:00:00,2024-09-13 07:00:00,1.10215,1.10822,0.7,30,1.103021228313446,0.001445587497028078,0.0,0.0015983803718060338,0.0029144699800152415,0.002968342141897246
1304,2024-09-13 07:00:00,2024-09-16 07:00:00,1.10822,1.10978,0.3,30,1.1074962298075357,0.0017143542134154535,0.06666666666666667,0.0019792937319706595,0.002968342141897246,0.002539191728893599
1328,2024-09-16 07:00:00,2024-09-17 07:00:00,1.10978,1.11263,0.5,30,1.1096791903177896,0.0016031331747831388,0.13333333333333333,0.001916627951459375,0.002539191728893599,0.002278600114723799
1352,2024-09-17 07:00:00,2024-09-18 07:00:00,1.11263,1.112,0.5666666666666667,30,1.1125687599182128,0.0008570511429100069,0.36666666666666664,0.0020388941463479315,0.002278600114723799,0.003039592788068231
1376,2024-09-18 07:00:00,2024-09-19 07:00:00,1.112,1.11307,0.6333333333333333,30,1.1124061942100525,0.0013347250668282302,0.03333333333333333,0.0022253832129734033,0.003039592788068231,0.006670150264764684
1400,2024-09-19 07:00:00,2024-09-20 07:00:00,1.11307,1.11633,0.5,30,1.113192125161489,0.0007101457212867114,0.0,0.0023305534083826575,0.006670150264764684,0.004481012547236623
1424,2024-09-20 07:00:00,2024-09-23 07:00:00,1.11633,1.11624,0.1,30,1.1144445339838664,0.0011178920399027945,0.0,0.0021774927038857783,0.004481012547236623,0.003790354048021921
1448,2024-09-23 07:00:00,2024-09-24 07:00:00,1.11624,1.11159,0.06666666666666667,30,1.11441859404246,0.001010146489171195,0.0,0.0021284010930437097,0.003790354048021921,0.005637660951904011
1472,2024-09-24 07:00:00,2024-09-25 07:00:00,1.11159,1.11953,0.9,30,1.113103179136912,0.0008898524555391482,0.0,0.0028741963440396044,0.005637660951904011,0.0030391026908039667
1496,2024-09-25 07:00:00,2024-09-26 07:00:00,1.11953,1.11489,0.13333333333333333,30,1.1167463262875874,0.0022623113562446925,0.1,0.0021530268774774537,0.0030391026908039667,0.003863311055793618
1520,2024-09-26 07:00:00,2024-09-27 07:00:00,1.11489,1.11634,0.06666666666666667,30,1.1139820655186972,0.0007890082219722463,0.0,0.0018381308052762065,0.003863311055793618,0.004024465704812767
1544,2024-09-27 07:00:00,2024-09-30 07:00:00,1.11634,1.11661,0.13333333333333333,30,1.115093759695689,0.0013453802301860744,0.0,0.002217343786112323,0.004024465704812767,0.005238717292801656
1568,2024-09-30 07:00:00,2024-10-01 07:00:00,1.11661,1.11371,0.2,30,1.1153747042020161,0.0010891608753168408,0.0,0.0022939396153403785,0.005238717292801656,0.004867351278787778
1592,2024-10-01 07:00:00,2024-10-02 07:00:00,1.11371,1.10617,0.9666666666666667,30,1.1150432070096334,0.0011548725046619684,0.0,0.0023726307513060292,0.004867351278787778,0.0034595598324615425
1616,2024-10-02 07:00:00,2024-10-03 07:00:00,1.10617,1.10281,0.6333333333333333,30,1.1065701961517334,0.0017607425059082951,0.0,0.0020002002483593207,0.0034595598324615425,0.003317855887044289
1640,2024-10-03 07:00:00,2024-10-04 07:00:00,1.10281,1.10328,0.8666666666666667,30,1.1043490648269654,0.0016288175800966498,0.03333333333333333,0.002303865899677458,0.003317855887044289,0.0029995778157663176
1664,2024-10-04 07:00:00,2024-10-07 07:00:00,1.10328,1.09686,0.7666666666666667,30,1.1044376492500305,0.00168939240450491,0.0,0.002148755504889674,0.0029995778157663176,0.006791050311944787
1688,2024-10-07 07:00:00,2024-10-08 07:00:00,1.09686,1.09826,1.0,30,1.1003667871157328,0.0012834783479069953,0.0,0.0025631331661183352,0.006791050311944787,0.0024324252503533567
1712,2024-10-08 07:00:00,2024-10-09 07:00:00,1.09826,1.09727,0.8,30,1.0994354804356894,0.0012161587527263122,0.16666666666666666,0.0021448454888622986,0.0024324252503533567,0.0023400278370210455
1736,2024-10-09 07:00:00,2024-10-10 07:00:00,1.09727,1.09387,0.7,30,1.098231049378713,0.0015436440460525204,0.36666666666666664,0.00208905377001649,0.0023400278370210455,0.002092735921945472
1760,2024-10-10 07:00:00,2024-10-11 07:00:00,1.09387,1.09352,0.9333333333333333,30,1.0961161931355794,0.0015289273447996292,0.8,0.0023656393365474914,0.002092735921945472,0.0033724090710035262
1784,2024-10-11 07:00:00,2024-10-14 07:00:00,1.09352,1.09256,0.7333333333333333,30,1.094660234451294,0.001593065752524816,0.03333333333333333,0.0023890760531241157,0.0033724090710035262,0.0018497996751433037
1808,2024-10-14 07:00:00,2024-10-15 07:00:00,1.09256,1.08912,0.8,29,1.0941439867019653,0.0014848830851400005,0.9,0.0022297763216531544,0.0018497996751433037,0.0021719338663185456
1832,2024-10-15 07:00:00,2024-10-16 07:00:00,1.08912,1.08874,1.0,27,1.0917298714319865,0.0018702561469719301,0.5333333333333333,0.0021249065872303843,0.0021719338663185456,0.0024040900845360164
1856,2024-10-16 07:00:00,2024-10-17 07:00:00,1.08874,1.08542,0.6,29,1.0898144245147705,0.001983809798880555,0.36666666666666664,0.002306083213304249,0.0024040900845360164,0.0024601719084435363
1880,2024-10-17 07:00:00,2024-10-18 07:00:00,1.08542,1.08429,0.6333333333333333,28,1.0873055378595988,0.0019760668862398205,0.36666666666666664,0.002107569180092474,0.0024601719084435363,0.0028529694958567414
1904,2024-10-18 07:00:00,2024-10-21 07:00:00,1.08429,1.08595,0.6666666666666666,30,1.085387126604716,0.00215761905693343,0.23333333333333334,0.0023728916839438133,0.0028529694958567414,0.002091281286202316
1928,2024-10-21 07:00:00,2024-10-22 07:00:00,1.08595,1.08187,0.8666666666666667,30,1.086760938167572,0.0009131556456691797,0.1,0.0015726496145879148,0.002091281286202316,0.002671593125758086
1952,2024-10-22 07:00:00,2024-10-23 07:00:00,1.08187,1.0806,0.6333333333333333,30,1.0822132190068563,0.0017349585359163423,0.5666666666666667,0.002802398202365693,0.002671593125758086,0.0028491693345627867
1976,2024-10-23 07:00:00,2024-10-24 07:00:00,1.0806,1.07881,0.8,30,1.081503955523173,0.001506185333586112,0.5333333333333333,0.0029253612425964803,0.0028491693345627867,0.0031662562516150583
2000,2024-10-24 07:00:00,2024-10-25 07:00:00,1.07881,1.08212,0.6666666666666666,30,1.0789479891459146,0.0016928981467348653,0.16666666666666666,0.00227849402489561,0.0031662562516150583,0.0022311393910430764
2024,2024-10-25 07:00:00,2024-10-28 06:00:00,1.08212,1.07872,0.6333333333333333,30,1.082799736658732,0.0018612582477375349,0.1,0.001671915909049678,0.0022311393910430764,0.002869847936056753
2048,2024-10-28 06:00:00,2024-10-29 06:00:00,1.07872,1.08106,0.5333333333333333,30,1.078863275051117,0.0009438947004135814,0.0,0.001490496134015595,0.002869847936056753,0.0022993662443822104
2072,2024-10-29 06:00:00,2024-10-30 06:00:00,1.08106,1.08151,0.5,30,1.0812212626139324,0.001644694034414774,0.0,0.0014755902496616682,0.0022993662443822104,0.003236906729707798
2096,2024-10-30 06:00:00,2024-10-31 06:00:00,1.08151,1.08509,0.5333333333333333,30,1.081804096698761,0.0016137643415059019,0.0,0.0016023863834598755,0.003236906729707798,0.004120790219553514
2120,2024-10-31 06:00:00,2024-11-01 06:00:00,1.08509,1.08711,0.5666666666666667,30,1.0850213646888733,0.001720465085859359,0.0,0.0019888537668877513,0.004120790219553514,0.0030901064555239636
2144,2024-11-01 06:00:00,2024-11-04 07:00:00,1.08711,1.08912,0.43333333333333335,30,1.0868951757748921,0.0017139562191555865,0.03333333333333333,0.0019697063829965367,0.0030901064555239636,0.005780197544022844
2168,2024-11-04 07:00:00,2024-11-05 07:00:00,1.08912,1.08804,0.36666666666666664,30,1.0890103777249653,0.002032368327938619,0.0,0.0022943433352115633,0.005780197544022844,0.002455701505146303
2192,2024-11-05 07:00:00,2024-11-06 07:00:00,1.08804,1.07247,0.3,30,1.0872352639834086,0.0016225084639828618,0.1,0.0017974131791379379,0.002455701505146303,0.012585200239292313
2216,2024-11-06 07:00:00,2024-11-07 07:00:00,1.07247,1.07496,1.0,30,1.0782270391782125,0.0018850412974783294,0.0,0.0034569860666682894,0.012585200239292313,0.007561124572208529
2240,2024-11-07 07:00:00,2024-11-08 07:00:00,1.07496,1.07767,0.9333333333333333,30,1.076995317141215,0.00148489390174707,0.0,0.0025390566440241114,0.007561124572208529,0.005323453502268794
2264,2024-11-08 07:00:00,2024-11-11 08:00:00,1.07767,1.06896,0.5666666666666667,30,1.0783091028531393,0.002014456736074225,0.0,0.0026508578931314928,0.005323453502268794,0.005285399494548375
2288,2024-11-11 08:00:00,2024-11-12 08:00:00,1.06896,1.06318,1.0,30,1.0747746745745341,0.0018368354423862468,0.0,0.0034464253987691773,0.005285399494548375,0.002701379137497733
2312,2024-11-12 08:00:00,2024-11-13 08:00:00,1.06318,1.06026,0.7333333333333333,30,1.0672802885373434,0.005891439002365671,0.9666666666666667,0.004176255216934297,0.002701379137497733,0.0030794827481474972
2336,2024-11-13 08:00:00,2024-11-14 08:00:00,1.06026,1.05506,1.0,30,1.0661546468734742,0.0030020996001769227,0.6333333333333333,0.003425216511898557,0.0030794827481474972,0.006330647891027958
2360,2024-11-14 08:00:00,2024-11-15 08:00:00,1.05506,1.05561,0.9666666666666667,30,1.0599305669466654,0.00281361343869373,0.0,0.003285913363890763,0.006330647891027958,0.0055349594946212995
2384,2024-11-15 08:00:00,2024-11-18 08:00:00,1.05561,1.05468,0.8666666666666667,30,1.0605729341506958,0.0031408850504289357,0.0,0.003837755681808802,0.0055349594946212995,0.004772334569958188
2408,2024-11-18 08:00:00,2024-11-19 08:00:00,1.05468,1.05768,0.7333333333333333,30,1.0570025523503621,0.0030394819066302168,0.03333333333333333,0.0032840317814399884,0.004772334569958188,0.004201018144133459
2432,2024-11-19 08:00:00,2024-11-20 08:00:00,1.05768,1.05779,0.8333333333333334,30,1.0591479857762656,0.0016953571048650437,0.16666666666666666,0.003549851256740765,0.004201018144133459,0.0038581772629224733
2456,2024-11-20 08:00:00,2024-11-21 08:00:00,1.05779,1.0536,0.9,30,1.0595492283503214,0.0019581141132807723,0.03333333333333333,0.0025694713146764856,0.0038581772629224733,0.003920001942678816
2480,2024-11-21 08:00:00,2024-11-22 08:00:00,1.0536,1.04857,0.9333333333333333,30,1.0561604420344035,0.0020765571714128316,0.23333333333333334,0.0034523878513624184,0.003920001942678816,0.005532312347662455
2504,2024-11-22 08:00:00,2024-11-25 08:00:00,1.04857,1.04499,0.8333333333333334,30,1.0515902082125346,0.0025796035357722002,0.13333333333333333,0.004351511926466188,0.005532312347662455,0.010520229412844428
2528,2024-11-25 08:00:00,2024-11-26 08:00:00,1.04499,1.04713,1.0,30,1.0489638964335124,0.002273500664528592,0.0,0.004848651065970391,0.010520229412844428,0.00830473910653631
2552,2024-11-26 08:00:00,2024-11-27 08:00:00,1.04713,1.04977,0.8666666666666667,30,1.0495098074277243,0.0028640908304080155,0.0,0.003968715968377657,0.00830473910653631,0.00478144388338512
2576,2024-11-27 08:00:00,2024-11-28 08:00:00,1.04977,1.05406,0.5333333333333333,30,1.0514110565185546,0.0036381645868751875,0.06666666666666667,0.00338866196793899,0.00478144388338512,0.0054602192070991795
2600,2024-11-28 08:00:00,2024-11-29 08:00:00,1.05406,1.05792,0.4666666666666667,30,1.0544607083002726,0.002681525501074354,0.0,0.003588256446219592,0.0054602192070991795,0.0035247074609460736
2624,2024-11-29 08:00:00,2024-12-02 08:00:00,1.05792,1.05024,0.6333333333333333,30,1.0578787843386332,0.0018581208582038992,0.5666666666666667,0.0036614586093678867,0.0035247074609460736,0.00513389677024441
2648,2024-12-02 08:00:00,2024-12-03 08:00:00,1.05024,1.04976,0.8333333333333334,30,1.052303683757782,0.002996777298024512,0.0,0.0032544492029291136,0.00513389677024441,0.004735406027563703
2672,2024-12-03 08:00:00,2024-12-04 08:00:00,1.04976,1.05087,0.7333333333333333,30,1.0519940614700318,0.002354233274497872,0.0,0.002931158663385105,0.004735406027563703,0.005081531652256762
2696,2024-12-04 08:00:00,2024-12-05 08:00:00,1.05087,1.05347,0.5,30,1.0509321093559265,0.0016028659216378686,0.0,0.0028298101273781812,0.005081531652256762,0.0051594366277141574
2720,2024-12-05 08:00:00,2024-12-06 08:00:00,1.05347,1.05833,0.2,30,1.0514458378156026,0.002764819661438927,0.0,0.0030213365461178093,0.0051594366277141574,0.0040672740328451746
2744,2024-12-06 08:00:00,2024-12-09 08:00:00,1.05833,1.05638,0.23333333333333334,30,1.056706714630127,0.002481061342601731,0.03333333333333333,0.002490459870331542,0.0040672740328451746,0.004986388753272664
2768,2024-12-09 08:00:00,2024-12-10 08:00:00,1.05638,1.05479,0.4666666666666667,30,1.0563286741574605,0.0027613994482705833,0.06666666666666667,0.0032452493878104343,0.004986388753272664,0.0037715529287478547
2792,2024-12-10 08:00:00,2024-12-11 08:00:00,1.05479,1.04896,0.7666666666666667,30,1.0567599813143411,0.0029026091468989474,0.26666666666666666,0.0031856526812935764,0.0037715529287478547,0.004506953308236833
2816,2024-12-11 08:00:00,2024-12-12 08:00:00,1.04896,1.05157,0.8666666666666667,30,1.0509986996650695,0.0018269076123522917,0.0,0.003000211954912869,0.004506953308236833,0.0046545478513806025
2840,2024-12-12 08:00:00,2024-12-13 08:00:00,1.05157,1.04591,0.3,30,1.051634387175242,0.0023512006094339216,0.0,0.002574746706203101,0.0046545478513806025,0.0076246343877776936
2864,2024-12-13 08:00:00,2024-12-16 08:00:00,1.04591,1.05046,0.9,30,1.0478811860084534,0.0014099531599276371,0.0,0.0031210046714145326,0.0076246343877776936,0.004492975869606121
2888,2024-12-16 08:00:00,2024-12-17 08:00:00,1.05046,1.0497,0.5,30,1.0506914059321086,0.001874717378634097,0.0,0.002370940285103761,0.004492975869606121,0.00462939598996897
2912,2024-12-17 08:00:00,2024-12-18 08:00:00,1.0497,1.04965,0.5,30,1.0496067682902017,0.001985348120504972,0.0,0.0025216549683494426,0.00462939598996897,0.002562256275577807
2936,2024-12-18 08:00:00,2024-12-19 08:00:00,1.04965,1.03944,0.2,30,1.0482674479484557,0.0015493325878723119,0.43333333333333335,0.002587571566602515,0.002562256275577807,0.01122218274742823
2960,2024-12-19 08:00:00,2024-12-20 08:00:00,1.03944,1.03823,1.0,30,1.0451035102208455,0.0014538984295140037,0.0,0.0034066350439665204,0.01122218274742823,0.0042044558553738925
2984,2024-12-20 08:00:00,2024-12-23 08:00:00,1.03823,1.04123,1.0,30,1.0421844919522603,0.001532866575170805,0.16666666666666666,0.0035228217302975882,0.0042044558553738925,0.005045336655164896
3008,2024-12-23 08:00:00,2024-12-24 08:00:00,1.04123,1.03899,0.9,30,1.043342081705729,0.0016682793955200617,0.0,0.0032508533072679365,0.005045336655164896,0.0035809027745314376
3032,2024-12-24 08:00:00,2024-12-26 08:00:00,1.03899,1.03971,0.8666666666666667,30,1.040714188416799,0.0018083517996995567,0.06666666666666667,0.0027962107595459165,0.0035809027745314376,0.0024667634386176663
3056,2024-12-26 08:00:00,2024-12-27 08:00:00,1.03971,1.04211,0.6,30,1.0400952100753784,0.001543989979719916,0.6,0.0025989731207170953,0.0024667634386176663,0.0024529661560332597
3080,2024-12-27 08:00:00,2024-12-30 08:00:00,1.04211,1.04262,0.7,30,1.0431110541025796,0.0017072777123818476,0.4,0.0023640276407382674,0.0024529661560332597,0.00291335505267861
3104,2024-12-30 08:00:00,2024-12-31 08:00:00,1.04262,1.04114,0.5666666666666667,30,1.0429149746894837,0.0016214478043678105,0.0,0.0018459120184273127,0.00291335505267861,0.007463964978350568
3128,2024-12-31 08:00:00,2025-01-02 08:00:00,1.04114,1.03624,0.5333333333333333,30,1.0413531899452209,0.0018116203020196648,0.0,0.002162127394798863,0.007463964978350568,0.0037066766886999446
3152,2025-01-02 08:00:00,2025-01-03 08:00:00,1.03624,1.028,0.8333333333333334,30,1.0379501342773438,0.001977266990231396,0.06666666666666667,0.0026144659129506073,0.0037066766886999446,0.005684791067304155
3176,2025-01-03 08:00:00,2025-01-06 08:00:00,1.028,1.03269,1.0,30,1.0323697765668234,0.0021274352844424045,0.0,0.0029534326685619564,0.005684791067304155,0.00332242338832003
3200,2025-01-06 08:00:00,2025-01-07 08:00:00,1.03269,1.04138,0.8666666666666667,30,1.0341962059338887,0.001731236938522588,0.03333333333333333,0.0024606926866665587,0.00332242338832003,0.009545458960003294
3224,2025-01-07 08:00:00,2025-01-08 08:00:00,1.04138,1.03318,0.13333333333333333,30,1.0397083123524984,0.001700177584230671,0.0,0.002680228222367522,0.009545458960003294,0.004529212703988208
3248,2025-01-08 08:00:00,2025-01-09 08:00:00,1.03318,1.02905,0.7666666666666667,30,1.0344407478968303,0.001780768915573313,0.06666666666666667,0.0030179089362256943,0.004529212703988208,0.0043491464323251
3272,2025-01-09 08:00:00,2025-01-10 08:00:00,1.02905,1.02966,0.9,30,1.030538543065389,0.0018556635011150787,0.06666666666666667,0.00298863743632997,0.0043491464323251,0.0028245719020353957
3296,2025-01-10 08:00:00,2025-01-13 08:00:00,1.02966,1.02147,0.8333333333333334,30,1.0313455700874328,0.0022704587898021286,0.2,0.002435489452271605,0.0028245719020353957,0.005769429237313892
3320,2025-01-13 08:00:00,2025-01-14 08:00:00,1.02147,1.02539,1.0,30,1.02645609776179,0.0022522768499148717,0.0,0.003419633643122733,0.005769429237313892,0.005272640691804487
3344,2025-01-14 08:00:00,2025-01-15 08:00:00,1.02539,1.03052,0.8333333333333334,30,1.0265401403109233,0.0013299984661689559,0.0,0.0028269149861795545,0.005272640691804487,0.00382342394262784
3368,2025-01-15 08:00:00,2025-01-16 08:00:00,1.03052,1.02971,0.5666666666666667,30,1.031211014588674,0.0025501377032266363,0.03333333333333333,0.002446382378119337,0.00382342394262784,0.006208337982581107
3392,2025-01-16 08:00:00,2025-01-17 08:00:00,1.02971,1.02841,0.43333333333333335,30,1.0290786186854044,0.0018528390700564073,0.0,0.0025909890121998264,0.006208337982581107,0.0034025023712492553
3416,2025-01-17 08:00:00,2025-01-20 08:00:00,1.02841,1.03165,0.6666666666666666,30,1.0287707527478536,0.0021554888047775633,0.06666666666666667,0.002138280575524178,0.0034025023712492553,0.003352270186273865
3440,2025-01-20 08:00:00,2025-01-21 08:00:00,1.03165,1.03731,0.6333333333333333,30,1.0316545764605205,0.0014177899171930722,0.1,0.0023437312398123535,0.003352270186273865,0.010508721571327593
3464,2025-01-21 08:00:00,2025-01-22 08:00:00,1.03731,1.04111,0.8666666666666667,30,1.0387078960736593,0.0016025294296309657,0.0,0.003764438377738072,0.010508721571327593,0.005201820917923073
3488,2025-01-22 08:00:00,2025-01-23 08:00:00,1.04111,1.03998,0.16666666666666666,30,1.0396942456563314,0.0017346572439024092,0.06666666666666667,0.0031851229171107774,0.005201820917923073,0.003224722473165484
3512,2025-01-23 08:00:00,2025-01-24 08:00:00,1.03998,1.04605,0.4,30,1.0397393226623535,0.0010985281008099917,0.26666666666666666,0.002812497867571494,0.003224722473165484,0.004968766209331062
3536,2025-01-24 08:00:00,2025-01-27 08:00:00,1.04605,1.04569,0.03333333333333333,30,1.041668744881948,0.0019844049795959403,0.0,0.0032037151019964293,0.004968766209331062,0.005383872119378752
3560,2025-01-27 08:00:00,2025-01-28 08:00:00,1.04569,1.04338,0.13333333333333333,30,1.0431478341420493,0.0022858392121805496,0.0,0.0032126030048356445,0.005383872119378752,0.00644083821767379
3584,2025-01-28 08:00:00,2025-01-29 08:00:00,1.04338,1.04154,0.23333333333333334,30,1.0424503604571025,0.0014669670535522056,0.0,0.0028925452513066637,0.00644083821767379,0.0031750700855350815
3608,2025-01-29 08:00:00,2025-01-30 08:00:00,1.04154,1.04235,0.6333333333333333,30,1.041412619749705,0.001477145240214107,0.23333333333333334,0.0029151013543578757,0.0031750700855350815,0.003974386011451615
3632,2025-01-30 08:00:00,2025-01-31 08:00:00,1.04235,1.04038,0.43333333333333335,30,1.042522100607554,0.0013705421275987278,0.0,0.002372856388834782,0.003974386011451615,0.007129096995365398
3656,2025-01-31 08:00:00,2025-02-03 08:00:00,1.04038,1.02246,0.9,30,1.0419859011967978,0.0014513874921187422,0.0,0.003190589153517142,0.007129096995365398,0.01282419395625074
3680,2025-02-03 08:00:00,2025-02-04 08:00:00,1.02246,1.03107,0.9333333333333333,30,1.024647351106008,0.0017930305283021535,0.0,0.0030543695360062727,0.01282419395625074,0.009800113718025449
3704,2025-02-04 08:00:00,2025-02-05 08:00:00,1.03107,1.04023,0.6666666666666666,30,1.0314115603764853,0.0029173585385308828,0.0,0.0031666501608103694,0.009800113718025449,0.004860413514153807
3728,2025-02-05 08:00:00,2025-02-06 08:00:00,1.04023,1.03797,0.6333333333333333,30,1.0411736090977988,0.0021560711883070595,0.3,0.0042276963918823525,0.004860413514153807,0.003460650527589823
3752,2025-02-06 08:00:00,2025-02-07 08:00:00,1.03797,1.03889,0.7,30,1.0393646915753683,0.0025206260062803493,0.4666666666666667,0.0036156176771731945,0.003460650527589823,0.003070260894584838
3776,2025-02-07 08:00:00,2025-02-10 08:00:00,1.03889,1.03123,0.8,30,1.0404939214388529,0.0023729783903790676,0.7,0.0037075668739250294,0.003070260894584838,0.00643089167324072
3800,2025-02-10 08:00:00,2025-02-11 08:00:00,1.03123,1.0303,0.8333333333333334,30,1.0325409134229024,0.0014473456230539735,0.0,0.0026569420450538892,0.00643089167324072,0.0025280994716017006
3824,2025-02-11 08:00:00,2025-02-12 08:00:00,1.0303,1.03753,0.43333333333333335,30,1.0305083473523458,0.0013474215295427795,0.3,0.0023096907706560868,0.0025280994716017006,0.003099860341023386
3848,2025-02-12 08:00:00,2025-02-13 08:00:00,1.03753,1.04254,0.36666666666666664,30,1.0364863634109498,0.0020545956488827156,0.06666666666666667,0.0022176773010091377,0.003099860341023386,0.007587689523895734
3872,2025-02-13 08:00:00,2025-02-14 08:00:00,1.04254,1.04644,0.43333333333333335,30,1.0418748378753662,0.0016496815336525486,0.0,0.0033809596580949555,0.007587689523895734,0.005815104542020856
3896,2025-02-14 08:00:00,2025-02-17 08:00:00,1.04644,1.04821,0.06666666666666667,30,1.0439864993095398,0.0015003716842523467,0.0,0.0033356778624565172,0.005815104542020856,0.003954263450610969
3920,2025-02-17 08:00:00,2025-02-18 08:00:00,1.04821,1.04631,0.13333333333333333,30,1.0461583415667215,0.0019094420063300143,0.06666666666666667,0.0031187946592341888,0.003954263450610969,0.0026625386222492065
3944,2025-02-18 08:00:00,2025-02-19 08:00:00,1.04631,1.04509,0.23333333333333334,30,1.04556751648585,0.0012559738179838556,0.36666666666666664,0.00260818152466256,0.0026625386222492065,0.0028614688471290273
3968,2025-02-19 08:00:00,2025-02-20 08:00:00,1.04509,1.04311,0.7,30,1.045529548327128,0.0009132232595261799,0.23333333333333334,0.002309026971226708,0.0028614688471290273,0.003635506783858692
3992,2025-02-20 08:00:00,2025-02-21 08:00:00,1.04311,1.04919,0.8666666666666667,30,1.04442857503891,0.0014022792941630377,0.5333333333333333,0.0035505948685479734,0.003635506783858692,0.00398411081595905
4016,2025-02-21 08:00:00,2025-02-24 08:00:00,1.04919,1.04908,0.06666666666666667,30,1.0470865408579508,0.00147746394055921,0.03333333333333333,0.0029029137237931036,0.00398411081595905,0.0054355397465270065
4040,2025-02-24 08:00:00,2025-02-25 08:00:00,1.04908,1.04638,0.2,30,1.0476796746253967,0.001986897258033152,0.0,0.003055752232035749,0.0054355397465270065,0.0032274775794850384
4064,2025-02-25 08:00:00,2025-02-26 08:00:00,1.04638,1.04936,0.7333333333333333,30,1.0466681043306987,0.0009203251788483527,0.13333333333333333,0.002432661080714318,0.0032274775794850384,0.0027533815211480722
4088,2025-02-26 08:00:00,2025-02-27 08:00:00,1.04936,1.04749,0.13333333333333333,30,1.0478450655937195,0.0015113960670027177,0.36666666666666664,0.0026018903777416526,0.0027533815211480722,0.003777245049680298
4112,2025-02-27 08:00:00,2025-02-28 08:00:00,1.04749,1.03956,0.4666666666666667,30,1.047655431429545,0.0015529123746109896,0.1,0.0027498150932682656,0.003777245049680298,0.005931672520335485
4136,2025-02-28 08:00:00,2025-03-03 08:00:00,1.03956,1.04053,0.6,30,1.0410552104314168,0.0026962508959566247,0.0,0.002850205801892519,0.005931672520335485,0.004840879865688821
4160,2025-03-03 08:00:00,2025-03-04 08:00:00,1.04053,1.04928,0.43333333333333335,30,1.0401594360669455,0.0018538621303583898,0.0,0.002282701430030611,0.004840879865688821,0.004383280493245768
4184,2025-03-04 08:00:00,2025-03-05 08:00:00,1.04928,1.06742,0.2,30,1.047955540815989,0.0013088010566367526,0.1,0.0030040800928318304,0.004383280493245768,0.008233146894697174
4208,2025-03-05 08:00:00,2025-03-06 08:00:00,1.06742,1.07984,0.0,30,1.0550650914510091,0.0032065505041608596,0.0,0.00561251356773233,0.008233146894697174,0.007525199847945351
4232,2025-03-06 08:00:00,2025-03-07 08:00:00,1.07984,1.08296,0.26666666666666666,30,1.074076239267985,0.006738511909313377,0.4666666666666667,0.0075840183682428,0.007525199847945351,0.004999509059626291
4256,2025-03-07 08:00:00,2025-03-10 07:00:00,1.08296,1.0837,0.06666666666666667,30,1.0776222268740336,0.0037636755226415617,0.36666666666666664,0.004925340653872181,0.004999509059626291,0.004741822349227699
4280,2025-03-10 07:00:00,2025-03-11 07:00:00,1.0837,1.08562,0.36666666666666664,30,1.0817786892255148,0.005146548854831908,0.4,0.004573993521260779,0.004741822349227699,0.00540012411407233
4304,2025-03-11 07:00:00,2025-03-12 07:00:00,1.08562,1.08917,0.26666666666666666,30,1.0840957005818685,0.0034826348890507385,0.0,0.00336185954743114,0.00540012411407233,0.005228028975000769
4328,2025-03-12 07:00:00,2025-03-13 07:00:00,1.08917,1.08741,0.4666666666666667,27,1.0893672029177348,0.00356582345799183,0.1,0.0034578941718678576,0.005228028975000769,0.005528401214424647
4352,2025-03-13 07:00:00,2025-03-14 07:00:00,1.08741,1.08381,0.26666666666666666,30,1.0832028309504191,0.00484617088400664,0.23333333333333334,0.004588531394929841,0.005528401214424647,0.004520850680087732
4376,2025-03-14 07:00:00,2025-03-17 07:00:00,1.08381,1.08773,0.4,27,1.082837959130605,0.0019242167493353985,0.13333333333333333,0.0033862195336003095,0.004520850680087732,0.004970135348424422
4400,2025-03-17 07:00:00,2025-03-18 07:00:00,1.08773,1.09205,0.03333333333333333,30,1.0845226883888244,0.002562674999024002,0.06666666666666667,0.0037728235876467323,0.004970135348424422,0.0029145612668335656
4424,2025-03-18 07:00:00,2025-03-19 07:00:00,1.09205,1.09205,0.0,27,1.086539101600647,0.003288677442762344,0.7333333333333333,0.0037131408208160503,0.0029145612668335656,0.003807219233648799
4448,2025-03-19 07:00:00,2025-03-20 07:00:00,1.09205,1.08932,0.03333333333333333,25,1.0879080573717752,0.0025652148450899487,0.3333333333333333,0.0033746679987802157,0.003807219233648799,0.005733383500271091
4472,2025-03-20 07:00:00,2025-03-21 07:00:00,1.08932,1.08338,0.2,25,1.0862008889516195,0.0019771718444511342,0.0,0.0031978518968665713,0.005733383500271091,0.003790049777317236
4496,2025-03-21 07:00:00,2025-03-24 07:00:00,1.08338,1.08394,0.9333333333333333,23,1.0859978159268697,0.0015202679947344648,0.26666666666666666,0.0031769800321164937,0.003790049777317236,0.004222938315782202
4520,2025-03-24 07:00:00,2025-03-25 07:00:00,1.08394,1.07944,0.9,30,1.085556141535441,0.002083235079637717,0.6,0.005055697632413204,0.004222938315782202,0.004406124712955104
4544,2025-03-25 07:00:00,2025-03-26 07:00:00,1.07944,1.07868,0.26666666666666666,30,1.0780550996462503,0.0026102228434213043,0.06666666666666667,0.0028668313602859086,0.004406124712955104,0.00326539359334414
4568,2025-03-26 07:00:00,2025-03-27 07:00:00,1.07868,1.07728,0.0,26,1.0777277112007142,0.0016605074908701237,0.03333333333333333,0.0016133697729051946,0.00326539359334414,0.004732632422499571
4592,2025-03-27 07:00:00,2025-03-28 07:00:00,1.07728,1.07849,0.3,30,1.0766930143038431,0.0022155689479308213,0.0,0.002171816331324414,0.004732632422499571,0.002707196433441197
4616,2025-03-28 07:00:00,2025-03-31 08:00:00,1.07849,1.0837,0.6,29,1.0785340666770935,0.00197108671585018,0.0,0.0019765071846635615,0.002707196433441197,0.0038561782787819576
4640,2025-03-31 08:00:00,2025-04-01 08:00:00,1.0837,1.0808,0.43333333333333335,30,1.0843914945920308,0.0033225879112910232,0.26666666666666666,0.002938944434613364,0.0038561782787819576,0.0033409089663864063
4664,2025-04-01 08:00:00,2025-04-02 08:00:00,1.0808,1.07926,0.43333333333333335,30,1.080875329176585,0.0025711843486349918,0.13333333333333333,0.002249311566470903,0.0033409089663864063,0.003878290746411554
4688,2025-04-02 08:00:00,2025-04-03 08:00:00,1.07926,1.09893,0.36666666666666664,30,1.0786481420199077,0.002059401228249083,0.0,0.00259795514174139,0.003878290746411554,0.009747461656455077
4712,2025-04-03 08:00:00,2025-04-04 08:00:00,1.09893,1.10503,0.1,30,1.091910151640574,0.004005899612866488,0.0,0.004922551219997968,0.009747461656455077,0.0108073676370779
4736,2025-04-04 08:00:00,2025-04-07 08:00:00,1.10503,1.10024,0.0,30,1.0984801252683003,0.0033849665036051694,0.0,0.004577563089111534,0.0108073676370779,0.013366993736593696
4760,2025-04-07 08:00:00,2025-04-08 08:00:00,1.10024,1.0976,0.0,30,1.0949429829915365,0.0019630735914914423,0.0,0.004289955384975263,0.013366993736593696,0.006597835448330144
4784,2025-04-08 08:00:00,2025-04-09 08:00:00,1.0976,1.10723,0.06666666666666667,30,1.0939563552538554,0.0023634252200870638,0.0,0.003892126880752086,0.006597835448330144,0.008796522523158573
4808,2025-04-09 08:00:00,2025-04-10 08:00:00,1.10723,1.09827,0.0,30,1.099196736017863,0.003950451009182371,0.0,0.004949473943614229,0.008796522523158573,0.009843145971407306
4832,2025-04-10 08:00:00,2025-04-11 08:00:00,1.09827,1.12857,0.13333333333333333,30,1.0957319895426432,0.0019155252815458736,0.0,0.004009352228537034,0.009843145971407306,0.011804199270971849
4856,2025-04-11 08:00:00,2025-04-14 08:00:00,1.12857,1.14164,0.3,30,1.1180479129155476,0.014363692632537919,0.9333333333333333,0.016211065613721227,0.011804199270971849,0.014594704591019105
4880,2025-04-14 08:00:00,2025-04-15 08:00:00,1.14164,1.13316,0.0,30,1.1258107622464497,0.006701899885580932,0.0,0.008324523054273636,0.014594704591019105,0.007476838043368868
4904,2025-04-15 08:00:00,2025-04-16 08:00:00,1.13316,1.13601,0.1,30,1.1262688080469767,0.006616642560299637,0.13333333333333333,0.005342192082933088,0.007476838043368868,0.0069034066307318495
4928,2025-04-16 08:00:00,2025-04-17 08:00:00,1.13601,1.13587,0.26666666666666666,30,1.1299941102663675,0.00816445389241835,0.2,0.0054389735505981345,0.0069034066307318495,0.005133777262978854
4952,2025-04-17 08:00:00,2025-04-18 08:00:00,1.13587,1.13609,0.03333333333333333,30,1.1279125173886617,0.006527020878011772,0.8333333333333334,0.006787692216286772,0.005133777262978854,0.003912913140638297
4976,2025-04-18 08:00:00,2025-04-21 08:00:00,1.13609,1.15149,0.1,30,1.1286041021347046,0.005789022185455537,0.9,0.005840301137674433,0.003912913140638297,0.005037726767690443
5000,2025-04-21 08:00:00,2025-04-22 08:00:00,1.15149,1.15002,0.16666666666666666,30,1.1456645369529723,0.005303295355679856,0.6666666666666666,0.005358205621016581,0.005037726767690443,0.007620794696786213
5024,2025-04-22 08:00:00,2025-04-23 08:00:00,1.15002,1.13845,0.23333333333333334,30,1.144941751162211,0.006724984867534704,0.4,0.006751147456389667,0.007620794696786213,0.00862717827738754
5048,2025-04-23 08:00:00,2025-04-24 08:00:00,1.13845,1.13517,0.03333333333333333,30,1.132591756184896,0.0025354572880035816,0.03333333333333333,0.006115622646640774,0.00862717827738754,0.008075304231744811
5072,2025-04-24 08:00:00,2025-04-25 08:00:00,1.13517,1.13416,0.23333333333333334,29,1.1337251742680867,0.0022778186174431106,0.03333333333333333,0.004593979121369259,0.008075304231744811,0.004951419527659505
5096,2025-04-25 08:00:00,2025-04-28 08:00:00,1.13416,1.13313,0.6666666666666666,29,1.134287921587626,0.0027035156803198444,0.5333333333333333,0.0053249420321551215,0.004951419527659505,0.00574289618299627
5120,2025-04-28 08:00:00,2025-04-29 08:00:00,1.13313,1.13888,0.8666666666666667,25,1.135899047056834,0.002815403313298532,0.4,0.005219969779925015,0.00574289618299627,0.004222103887225421
5144,2025-04-29 08:00:00,2025-04-30 08:00:00,1.13888,1.13896,0.5666666666666667,22,1.1382370988527934,0.0015673526352846438,0.36666666666666664,0.0031886399939019218,0.004222103887225421,0.0054488144286527216
5168,2025-04-30 08:00:00,2025-05-01 08:00:00,1.13896,1.13018,0.6,29,1.1394315759340923,0.0015729420746879118,0.0,0.0035714477805277394,0.0054488144286527216,0.0036049492709335855
5192,2025-05-01 08:00:00,2025-05-02 08:00:00,1.13018,1.13251,0.43333333333333335,30,1.1299832542737325,0.00217948608431242,0.2,0.0028387978378841203,0.0036049492709335855,0.00521455967635656
5216,2025-05-02 08:00:00,2025-05-05 08:00:00,1.13251,1.13256,0.13333333333333333,30,1.1308104475339253,0.0027315544405474056,0.03333333333333333,0.00255546358845918,0.00521455967635656,0.007574021194652686
5240,2025-05-05 08:00:00,2025-05-06 08:00:00,1.13256,1.13255,0.3,30,1.1322817087173462,0.0029712631127296095,0.03333333333333333,0.003442243974508559,0.007574021194652686,0.005032303815919498
5264,2025-05-06 08:00:00,2025-05-07 08:00:00,1.13255,1.13734,0.4,30,1.1313622832298278,0.0024952369641534195,0.0,0.00271092248626219,0.005032303815919498,0.0048168507658108315
5288,2025-05-07 08:00:00,2025-05-08 08:00:00,1.13734,1.12817,0.5333333333333333,30,1.1380663673082987,0.00344361073067942,0.6,0.00508968512690174,0.0048168507658108315,0.005117530039588876
5312,2025-05-08 08:00:00,2025-05-09 08:00:00,1.12817,1.12398,0.4666666666666667,30,1.1275783459345499,0.0026770839089997524,0.06666666666666667,0.0038181186875140545,0.005117530039588876,0.00493294368451232
5336,2025-05-09 08:00:00,2025-05-12 08:00:00,1.12398,1.12178,0.26666666666666666,30,1.1227453112602235,0.0028784657077620167,0.06666666666666667,0.0035936412003101546,0.00493294368451232,0.004595394724092302
5360,2025-05-12 08:00:00,2025-05-13 08:00:00,1.12178,1.11112,1.0,30,1.125812252362569,0.0016244523965630838,0.03333333333333333,0.0032730941696014963,0.004595394724092302,0.012006535889253874
5384,2025-05-13 08:00:00,2025-05-14 08:00:00,1.11112,1.11873,1.0,30,1.118392789363861,0.003439445957555537,0.0,0.004149168837229899,0.012006535889253874,0.004047055255594279
5408,2025-05-14 08:00:00,2025-05-15 08:00:00,1.11873,1.1227,0.7333333333333333,30,1.1204296390215556,0.0024218540493173954,0.2,0.0034458692652908312,0.004047055255594279,0.00579673518915049
5432,2025-05-15 08:00:00,2025-05-16 08:00:00,1.1227,1.12117,0.7666666666666667,30,1.1250333627065023,0.0028982628334954853,0.0,0.00359785624267342,0.00579673518915049,0.0049520094567252985
5456,2025-05-16 08:00:00,2025-05-19 08:00:00,1.12117,1.1209,0.6,30,1.1218982776006063,0.0029623133580129785,0.03333333333333333,0.0030270168750818316,0.0049520094567252985,0.0058244082636140435
5480,2025-05-19 08:00:00,2025-05-20 08:00:00,1.1209,1.1257,0.5333333333333333,30,1.121446975072225,0.002879882040800067,0.0,0.0026888536370280633,0.0058244082636140435,0.0048825167881170455
5504,2025-05-20 08:00:00,2025-05-21 08:00:00,1.1257,1.13321,0.43333333333333335,30,1.1255173285802205,0.0027067414523834626,0.0,0.003208231413701737,0.0048825167881170455,0.004886176662819254
5528,2025-05-21 08:00:00,2025-05-22 08:00:00,1.13321,1.1322,0.7,29,1.1351951122283936,0.002454510210306746,0.4666666666666667,0.004676490227706929,0.004886176662819254,0.003789746855958887
5552,2025-05-22 08:00:00,2025-05-23 08:00:00,1.1322,1.13118,0.7333333333333333,30,1.133922823270162,0.0020563418523300713,0.7333333333333333,0.00439610297215275,0.003789746855958887,0.004024505103262858
5576,2025-05-23 08:00:00,2025-05-26 08:00:00,1.13118,1.14084,0.7,30,1.1330918629964193,0.0024300874525551297,0.23333333333333334,0.0035731842582768345,0.004024505103262858,0.005683858241803932
5600,2025-05-26 08:00:00,2025-05-27 08:00:00,1.14084,1.13644,0.03333333333333333,30,1.1369717240333557,0.0018387372824131677,0.0,0.003355655621647834,0.005683858241803932,0.003168404564544362
5624,2025-05-27 08:00:00,2025-05-28 08:00:00,1.13644,1.13039,0.43333333333333335,30,1.1363391439119974,0.001645017810850958,0.3,0.0030016629532041814,0.003168404564544362,0.0043270566740578826
5648,2025-05-28 08:00:00,2025-05-29 08:00:00,1.13039,1.12705,0.8,30,1.1326838970184325,0.002120182527424845,0.3,0.0037759558567694615,0.0043270566740578826,0.0069140913439868215
5672,2025-05-29 08:00:00,2025-05-30 08:00:00,1.12705,1.13457,0.4666666666666667,30,1.1270519216855368,0.0023320666328704885,0.0,0.0027095425343571676,0.0069140913439868215,0.007671160877871102
5696,2025-05-30 08:00:00,2025-06-02 08:00:00,1.13457,1.14006,0.5333333333333333,30,1.134663192431132,0.0012673368243995718,0.0,0.002806897064862799,0.007671160877871102,0.0053221365783243406
5720,2025-06-02 08:00:00,2025-06-03 08:00:00,1.14006,1.14287,0.43333333333333335,30,1.139510186513265,0.002838153805755739,0.0,0.003278271123393073,0.0053221365783243406,0.00397799611932923
5744,2025-06-03 08:00:00,2025-06-04 08:00:00,1.14287,1.13773,0.06666666666666667,30,1.139529784520467,0.0025947302118684485,0.1,0.003202264238765877,0.00397799611932923,0.003467601846496173
5768,2025-06-04 08:00:00,2025-06-05 08:00:00,1.13773,1.14086,0.16666666666666666,30,1.1365033030509948,0.0017735961213939343,0.13333333333333333,0.0025269970699560106,0.003467601846496173,0.005130127188551418
5792,2025-06-05 08:00:00,2025-06-06 08:00:00,1.14086,1.14349,0.2,30,1.1392041881879171,0.0019847741307474067,0.0,0.00290761854999904,0.005130127188551418,0.005485486665492806
5816,2025-06-06 08:00:00,2025-06-09 08:00:00,1.14349,1.14273,0.16666666666666666,30,1.1396183729171754,0.002501595391481714,0.0,0.0030793131622959017,0.005485486665492806,0.0037823855359070007
5840,2025-06-09 08:00:00,2025-06-10 08:00:00,1.14273,1.13945,0.3,30,1.140951975186666,0.002286013848600385,0.0,0.002512254063011431,0.0037823855359070007,0.003682701994848525
5864,2025-06-10 08:00:00,2025-06-11 08:00:00,1.13945,1.14093,0.5333333333333333,30,1.1395908832550048,0.0011599714313048149,0.0,0.0023395680346394872,0.003682701994848525,0.0036404696647447756
5888,2025-06-11 08:00:00,2025-06-12 08:00:00,1.14093,1.1522,0.36666666666666664,30,1.1406658172607422,0.0010872277186082075,0.1,0.0028128390270546985,0.0036404696647447756,0.0043526008420267034
5912,2025-06-12 08:00:00,2025-06-13 08:00:00,1.1522,1.15416,0.23333333333333334,30,1.1476832111676534,0.004499723059048848,0.13333333333333333,0.003457603769078723,0.0043526008420267034,0.006787817300868473
5936,2025-06-13 08:00:00,2025-06-16 08:00:00,1.15416,1.15733,0.16666666666666666,30,1.1498887221018472,0.004251979912181659,0.0,0.0038734122118106516,0.006787817300868473,0.004335888682445212
5960,2025-06-16 08:00:00,2025-06-17 08:00:00,1.15733,1.15618,0.0,30,1.1505394140879313,0.0026389027733875058,0.13333333333333333,0.0035463503370322187,0.004335888682445212,0.003405350094002185
5984,2025-06-17 08:00:00,2025-06-18 08:00:00,1.15618,1.15098,0.16666666666666666,30,1.1525038321812948,0.0035795706900806886,0.3,0.003164387739021716,0.003405350094002185,0.004874923207563449
6008,2025-06-18 08:00:00,2025-06-19 08:00:00,1.15098,1.1466,0.2,30,1.1494898001352947,0.00200193622789148,0.0,0.0029947488623846305,0.004874923207563449,0.005019341309338929
6032,2025-06-19 08:00:00,2025-06-20 08:00:00,1.1466,1.15162,0.8333333333333334,30,1.1478975971539815,0.0018273037816668133,0.06666666666666667,0.003731993874573842,0.005019341309338929,0.00380884534313011
6056,2025-06-20 08:00:00,2025-06-23 08:00:00,1.15162,1.15066,0.16666666666666666,30,1.1503541191418967,0.001776121855006623,0.0,0.002685528386597669,0.00380884534313011,0.00570943400046349
6080,2025-06-23 08:00:00,2025-06-24 08:00:00,1.15066,1.16048,0.43333333333333335,30,1.1504733363787334,0.0016111420883039135,0.0,0.002643309095077208,0.00570943400046349,0.005630821652855516
6104,2025-06-24 08:00:00,2025-06-25 08:00:00,1.16048,1.16069,0.16666666666666666,30,1.1556546727816264,0.0034292953896125633,0.0,0.0036845066487165945,0.005630821652855516,0.0044081301543933875
6128,2025-06-25 08:00:00,2025-06-26 08:00:00,1.16069,1.16988,0.06666666666666667,30,1.1554024696350098,0.0026429947868198233,0.13333333333333333,0.003617513541740669,0.0044081301543933875,0.004326507946781378
6152,2025-06-26 08:00:00,2025-06-27 08:00:00,1.16988,1.17181,0.1,30,1.1637140035629272,0.004444696898871319,0.26666666666666666,0.003947205470439303,0.004326507946781378,0.004811079761811144
6176,2025-06-27 08:00:00,2025-06-30 08:00:00,1.17181,1.17429,0.2,30,1.167068616549174,0.004418408313785023,0.26666666666666666,0.004268316272310729,0.004811079761811144,0.004863162275562881
6200,2025-06-30 08:00:00,2025-07-01 08:00:00,1.17429,1.17789,0.3333333333333333,30,1.1716372807820639,0.004215679073707426,0.06666666666666667,0.0036556740245291186,0.004863162275562881,0.004512757907548569
6224,2025-07-01 08:00:00,2025-07-02 08:00:00,1.17789,1.17812,0.3,30,1.174139400323232,0.004936935850853748,0.3,0.004079657291288558,0.004512757907548569,0.004003614023580343
6248,2025-07-02 08:00:00,2025-07-03 08:00:00,1.17812,1.18016,0.13333333333333333,30,1.1729594906171164,0.0039182030984882266,0.36666666666666664,0.003837447156536426,0.004003614023580343,0.0032324097891688833
6272,2025-07-03 08:00:00,2025-07-04 08:00:00,1.18016,1.17808,0.13333333333333333,30,1.1770057598749797,0.003272097260525228,0.6666666666666666,0.003405674252164037,0.0032324097891688833,0.005661644434276416
6296,2025-07-04 08:00:00,2025-07-07 08:00:00,1.17808,1.17552,0.06666666666666667,30,1.1735336184501648,0.0030132172804121175,0.0,0.0036833627813512336,0.005661644434276416,0.0025313927658708684
6320,2025-07-07 08:00:00,2025-07-08 08:00:00,1.17552,1.17413,0.2,30,1.1736061493555705,0.0019203925068340447,0.8666666666666667,0.0031312242766443807,0.0025313927658708684,0.005447828452557683
6344,2025-07-08 08:00:00,2025-07-09 08:00:00,1.17413,1.17255,0.2,30,1.1723410447438558,0.0018424285897200138,0.06666666666666667,0.0031083063601047957,0.005447828452557683,0.003918367184059159
6368,2025-07-09 08:00:00,2025-07-10 08:00:00,1.17255,1.17323,0.4666666666666667,29,1.1722261905670166,0.0010135583478368994,0.06666666666666667,0.0028303857748992736,0.003918367184059159,0.003848607579609874
6392,2025-07-10 08:00:00,2025-07-11 08:00:00,1.17323,1.16742,0.5666666666666667,30,1.1727471272150676,0.0010313148171225345,0.06666666666666667,0.002600568147974339,0.003848607579609874,0.0035577720156521864
6416,2025-07-11 08:00:00,2025-07-14 08:00:00,1.16742,1.16632,0.6,30,1.1681091030438742,0.003113860017994655,0.3,0.003017400902979975,0.0035577720156521864,0.0036225808254374404
6440,2025-07-14 08:00:00,2025-07-15 08:00:00,1.16632,1.16774,0.43333333333333335,30,1.1651197870572407,0.003205794629229186,0.03333333333333333,0.0024133099683307816,0.0036225808254374404,0.0030072272291407575
6464,2025-07-15 08:00:00,2025-07-16 08:00:00,1.16774,1.16275,0.4,30,1.1672584891319275,0.001490347734046192,0.03333333333333333,0.0019927013032215862,0.0030072272291407575,0.004712100447315707
6488,2025-07-16 08:00:00,2025-07-17 08:00:00,1.16275,1.15827,0.4666666666666667,30,1.1623900532722473,0.0019082600662878835,0.0,0.0027720936545951795,0.004712100447315707,0.00592494033567485
6512,2025-07-17 08:00:00,2025-07-18 08:00:00,1.15827,1.16195,0.7333333333333333,30,1.1597358425458273,0.003275122318956683,0.0,0.0028741888573222247,0.00592494033567485,0.0034770657426924983
6536,2025-07-18 08:00:00,2025-07-21 08:00:00,1.16195,1.16409,0.5666666666666667,30,1.1621551831563315,0.0015747350310016993,0.03333333333333333,0.0027081622315408226,0.0034770657426924983,0.0033749147055903155
6560,2025-07-21 08:00:00,2025-07-22 08:00:00,1.16409,1.16901,0.43333333333333335,30,1.1639093319574991,0.001912026811901302,0.0,0.0023310219331963106,0.0033749147055903155,0.003653852646707097
6584,2025-07-22 08:00:00,2025-07-23 08:00:00,1.16901,1.17418,0.36666666666666664,30,1.1679847399393717,0.0020251444432930056,0.0,0.0019387099645450739,0.003653852646707097,0.004010875858220587
6608,2025-07-23 08:00:00,2025-07-24 08:00:00,1.17418,1.17564,0.5666666666666667,30,1.1741085529327393,0.001669609489137931,0.06666666666666667,0.0031160317513083914,0.004010875858220587,0.002800381725207341
6632,2025-07-24 08:00:00,2025-07-25 08:00:00,1.17564,1.17474,0.4666666666666667,30,1.1757340749104819,0.0012204364298599576,0.16666666666666666,0.0024411097299854223,0.002800381725207341,0.004115959656102686
6656,2025-07-25 08:00:00,2025-07-28 08:00:00,1.17474,1.17209,0.6666666666666666,30,1.1753238479296366,0.0016095060972584816,0.06666666666666667,0.0026679591942427483,0.004115959656102686,0.003454779208287017
6680,2025-07-28 08:00:00,2025-07-29 08:00:00,1.17209,1.15332,0.6666666666666666,30,1.1738569776217143,0.002547128033265577,0.13333333333333333,0.0027450951578396475,0.003454779208287017,0.007070913637095735
6704,2025-07-29 08:00:00,2025-07-30 08:00:00,1.15332,1.1556,0.9666666666666667,30,1.1616507053375245,0.0036694223875635445,0.0,0.003979133297889865,0.007070913637095735,0.005337893936568016
6728,2025-07-30 08:00:00,2025-07-31 08:00:00,1.1556,1.14579,1.0,30,1.1598151961962382,0.002170906566328967,0.0,0.0030190430329175596,0.005337893936568016,0.00808946764451369
6752,2025-07-31 08:00:00,2025-08-01 08:00:00,1.14579,1.14287,1.0,30,1.1535639802614848,0.003839596284328457,0.0,0.004197317213850649,0.00808946764451369,0.005158693902887686
6776,2025-08-01 08:00:00,2025-08-04 08:00:00,1.14287,1.15712,0.9666666666666667,30,1.1491037925084433,0.003099890772640025,0.06666666666666667,0.003590150453590972,0.005158693902887686,0.01351998416898899
6800,2025-08-04 08:00:00,2025-08-05 08:00:00,1.15712,1.15501,0.5666666666666667,30,1.1573155244191489,0.0027817875865634722,0.0,0.002921766945308564,0.01351998416898899,0.0029576532665626853
6824,2025-08-05 08:00:00,2025-08-06 08:00:00,1.15501,1.15781,0.36666666666666664,30,1.1544451395670572,0.002447412813515028,0.3,0.0025296792155535216,0.0029576532665626853,0.0034457550823503323
6848,2025-08-06 08:00:00,2025-08-07 08:00:00,1.15781,1.16755,0.43333333333333335,30,1.1572114070256552,0.002304439886008091,0.0,0.0025557756164579187,0.0034457550823503323,0.004302328218434283
6872,2025-08-07 08:00:00,2025-08-08 08:00:00,1.16755,1.16497,0.6,30,1.168683075904846,0.0028615089309060823,0.3333333333333333,0.003772126540540957,0.004302328218434283,0.0052602258364167305
6896,2025-08-08 08:00:00,2025-08-11 08:00:00,1.16497,1.16635,0.36666666666666664,30,1.1644001841545104,0.0027169924880045045,0.03333333333333333,0.002535136255585104,0.0052602258364167305,0.0030727553558385274
6920,2025-08-11 08:00:00,2025-08-12 08:00:00,1.16635,1.16085,0.4666666666666667,30,1.166546920935313,0.0026804448680602926,0.5333333333333333,0.0033873435839665853,0.0030727553558385274,0.003979644804902619
6944,2025-08-12 08:00:00,2025-08-13 08:00:00,1.16085,1.16918,0.23333333333333334,30,1.1597264925638835,0.0020991105946221995,0.0,0.0025208728147001758,0.003979644804902619,0.0041780086732296235
6968,2025-08-13 08:00:00,2025-08-14 08:00:00,1.16918,1.16843,0.3,30,1.1674625436464945,0.0022383596458009866,0.26666666666666666,0.0034016382361129606,0.0041780086732296235,0.0037514153509960392
6992,2025-08-14 08:00:00,2025-08-15 08:00:00,1.16843,1.16715,0.6,30,1.1686636050542196,0.0014428488484678217,0.43333333333333335,0.003557454570294947,0.0037514153509960392,0.0038723606524138747
7016,2025-08-15 08:00:00,2025-08-18 08:00:00,1.16715,1.16961,0.5333333333333333,30,1.1676632205645243,0.0021712517926309022,0.3333333333333333,0.0033769280403376923,0.0038723606524138747,0.0024008212630406904
7040,2025-08-18 08:00:00,2025-08-19 08:00:00,1.16961,1.16741,0.5666666666666667,30,1.1694257736206055,0.0017796698163092392,0.8,0.0036358635273689025,0.0024008212630406904,0.003182322465226145
7064,2025-08-19 08:00:00,2025-08-20 08:00:00,1.16741,1.16333,0.4666666666666667,30,1.167559814453125,0.0024554379599184737,0.4,0.002986204783480373,0.003182322465226145,0.002651801411666543
7088,2025-08-20 08:00:00,2025-08-21 08:00:00,1.16333,1.16295,0.5,30,1.1633495887120564,0.0016162804897822014,0.06666666666666667,0.0017868150562091506,0.002651801411666543,0.004275851736049278
7112,2025-08-21 08:00:00,2025-08-22 08:00:00,1.16295,1.15882,0.6,30,1.1635864575703938,0.0018516591634851966,0.0,0.0020767486430946403,0.004275851736049278,0.004243117599035154
7136,2025-08-22 08:00:00,2025-08-25 08:00:00,1.15882,1.17145,0.6666666666666666,30,1.1595171451568604,0.0019000931349559508,0.0,0.002253287591265476,0.004243117599035154,0.010629424591839035
7160,2025-08-25 08:00:00,2025-08-26 08:00:00,1.17145,1.16218,0.13333333333333333,30,1.1696229775746663,0.0017175064443476719,0.0,0.0024615952965069974,0.010629424591839035,0.005619703455361061
7184,2025-08-26 08:00:00,2025-08-27 08:00:00,1.16218,1.16203,0.6,30,1.1630472739537556,0.0023155784863211955,0.0,0.0023481302516367986,0.005619703455361061,0.0030517718423273884
7208,2025-08-27 08:00:00,2025-08-28 08:00:00,1.16203,1.16422,0.5333333333333333,30,1.1622849027315776,0.002084191008019635,0.06666666666666667,0.0020228416546163386,0.0030517718423273884,0.004175047740440175
7232,2025-08-28 08:00:00,2025-08-29 08:00:00,1.16422,1.16668,0.4666666666666667,30,1.1646543502807618,0.0022179382436268696,0.06666666666666667,0.0024323826668441327,0.004175047740440175,0.0031371228747676724
7256,2025-08-29 08:00:00,2025-09-01 08:00:00,1.16668,1.17248,0.8,30,1.1677632570266723,0.0018441306375859671,0.36666666666666664,0.0030890180181104765,0.0031371228747676724,0.004274578547347443
7280,2025-09-01 08:00:00,2025-09-02 08:00:00,1.17248,1.17024,0.2,30,1.170750657717387,0.002399332246291293,0.0,0.0026627783597805237,0.004274578547347443,0.00254565215175395
7304,2025-09-02 08:00:00,2025-09-03 08:00:00,1.17024,1.16325,0.13333333333333333,30,1.169389021396637,0.001068519145492563,0.13333333333333333,0.002041495401043138,0.00254565215175395,0.0067472382256199255
7328,2025-09-03 08:00:00,2025-09-04 08:00:00,1.16325,1.16515,0.36666666666666664,30,1.1621678630510965,0.002461059383380835,0.0,0.00214735489433633,0.0067472382256199255,0.00316988902087885
7352,2025-09-04 08:00:00,2025-09-05 08:00:00,1.16515,1.16687,0.6666666666666666,30,1.1662536064783733,0.002041529189326894,0.03333333333333333,0.0022150016159888392,0.00316988902087885,0.0032219382758310005
7376,2025-09-05 08:00:00,2025-09-08 08:00:00,1.16687,1.17266,0.6666666666666666,30,1.167570173740387,0.0018764411387669601,0.0,0.0021011304244132564,0.0032219382758310005,0.005529036908665658
7400,2025-09-08 08:00:00,2025-09-09 08:00:00,1.17266,1.17644,0.13333333333333333,30,1.1704617301623026,0.0016532476084889925,0.0,0.0022019401197294476,0.005529036908665658,0.0032057669701652585
7424,2025-09-09 08:00:00,2025-09-10 08:00:00,1.17644,1.16968,0.16666666666666666,30,1.1734983642896017,0.00238828980613454,0.2,0.002658529508768095,0.0032057669701652585,0.0031190037644647822
7448,2025-09-10 08:00:00,2025-09-11 08:00:00,1.16968,1.16901,0.9333333333333333,30,1.1709576050440471,0.0009841774049384564,0.1,0.0022350650913862346,0.0031190037644647822,0.0031869507254930454
7472,2025-09-11 08:00:00,2025-09-12 08:00:00,1.16901,1.1739,0.8,30,1.169933267434438,0.002096844756692836,0.0,0.0022594648933459698,0.0031869507254930454,0.003908204709057215
7496,2025-09-12 08:00:00,2025-09-15 08:00:00,1.1739,1.17247,0.06666666666666667,30,1.1715651392936706,0.0010441632246058392,0.0,0.0021957370883141413,0.003908204709057215,0.0034470348676639683
7520,2025-09-15 08:00:00,2025-09-16 08:00:00,1.17247,1.17869,0.0,30,1.1712616523106893,0.0006479277497160982,0.0,0.0019826035952355105,0.0034470348676639683,0.0030391026890107943
7544,2025-09-16 08:00:00,2025-09-17 08:00:00,1.17869,1.18554,0.0,30,1.1742996374766033,0.0019482508402682436,0.23333333333333334,0.00263581148228373,0.0030391026890107943,0.0041388902204694215
7568,2025-09-17 08:00:00,2025-09-18 08:00:00,1.18554,1.1794,0.03333333333333333,30,1.1803474108378091,0.0023818711831212914,0.03333333333333333,0.003194358508584316,0.0041388902204694215,0.0034706661487509194
7592,2025-09-18 08:00:00,2025-09-19 08:00:00,1.1794,1.17658,0.06666666666666667,30,1.1768417914708456,0.001777400951173609,0.13333333333333333,0.0028455510967984325,0.0034706661487509194,0.005185146096684959
7616,2025-09-19 08:00:00,2025-09-22 08:00:00,1.17658,1.17429,0.5,30,1.1767796953519185,0.0014393390326345767,0.0,0.0027233547274860843,0.005185146096684959,0.0032152803947615156
7640,2025-09-22 08:00:00,2025-09-23 08:00:00,1.17429,1.17942,0.9666666666666667,30,1.176436972618103,0.0013297370190380093,0.26666666666666666,0.002993357180333845,0.0032152803947615156,0.0029619005369372624
7664,2025-09-23 08:00:00,2025-09-24 08:00:00,1.17942,1.17866,0.16666666666666666,30,1.177954089641571,0.0018129804752246334,0.1,0.0024329454961328763,0.0029619005369372624,0.002278464466355924
7688,2025-09-24 08:00:00,2025-09-25 08:00:00,1.17866,1.17455,0.3,30,1.1781655391057333,0.0014084157070186774,0.36666666666666664,0.0020778441532115703,0.002278464466355924,0.00263175762329359
7712,2025-09-25 08:00:00,2025-09-26 08:00:00,1.17455,1.16794,0.5666666666666667,30,1.1751277645428975,0.0024777357041969174,0.4666666666666667,0.0026322691618302072,0.00263175762329359,0.004706024119356481
7736,2025-09-26 08:00:00,2025-09-29 08:00:00,1.16794,1.17192,0.6333333333333333,30,1.1679933269818623,0.0015632807490765514,0.0,0.001972485421310812,0.004706024119356481,0.002948898651312558
7760,2025-09-29 08:00:00,2025-09-30 08:00:00,1.17192,1.17369,0.4666666666666667,30,1.1712143778800965,0.002000004737535749,0.1,0.002141929802894737,0.002948898651312558,0.0030507914385106147
7784,2025-09-30 08:00:00,2025-10-01 08:00:00,1.17369,1.17672,0.5666666666666667,30,1.1740094939867656,0.002870151244060845,0.23333333333333334,0.0023475751589540402,0.0030507914385106147,0.004170482062169688
7808,2025-10-01 08:00:00,2025-10-02 08:00:00,1.17672,1.17421,0.6333333333333333,30,1.1773007273674012,0.0015153934361689105,0.0,0.002726338012669077,0.004170482062169688,0.003689138360568773
7832,2025-10-02 08:00:00,2025-10-03 08:00:00,1.17421,1.17199,0.5,30,1.1737534403800964,0.002797608659353417,0.03333333333333333,0.0022796890001642108,0.003689138360568773,0.003163853299924763
7856,2025-10-03 08:00:00,2025-10-06 08:00:00,1.17199,1.16928,0.6666666666666666,30,1.1725123246510825,0.0015141013880178398,0.0,0.0018663117934631407,0.003163853299924763,0.0032937484117358832
7880,2025-10-06 08:00:00,2025-10-07 08:00:00,1.16928,1.16864,0.7,30,1.170458165804545,0.0017222238731945353,0.0,0.0022970080290675844,0.0032937484117358832,0.003972530440893759
7904,2025-10-07 08:00:00,2025-10-08 08:00:00,1.16864,1.16162,0.5333333333333333,30,1.1690805594126383,0.0016304859215538036,0.0,0.0023354820591175414,0.003972530440893759,0.003106540647584423
7928,2025-10-08 08:00:00,2025-10-09 08:00:00,1.16162,1.16151,1.0,30,1.1664204160372416,0.0015881437770399582,0.3333333333333333,0.0028065024387579685,0.003106540647584423,0.004238871540480182
7952,2025-10-09 08:00:00,2025-10-10 08:00:00,1.16151,1.157,0.9,30,1.1642510255177816,0.001716432257647097,0.0,0.0025559687753575577,0.004238871540480182,0.0037507961443232272
7976,2025-10-10 08:00:00,2025-10-13 08:00:00,1.157,1.16137,1.0,30,1.1614700198173522,0.0018739725458873056,0.03333333333333333,0.0029401271960893746,0.0037507961443232272,0.003938875205406402
8000,2025-10-13 08:00:00,2025-10-14 08:00:00,1.16137,1.15698,0.9333333333333333,30,1.1632600506146749,0.0014326735078366184,0.03333333333333333,0.0027270474873741578,0.003938875205406402,0.003730063253003039
8024,2025-10-14 08:00:00,2025-10-15 08:00:00,1.15698,1.16336,0.9333333333333333,30,1.1597047328948975,0.0022586470172110454,0.13333333333333333,0.0029475837049290645,0.003730063253003039,0.0037308928365610166
8048,2025-10-15 08:00:00,2025-10-16 08:00:00,1.16336,1.16535,0.4,30,1.1630354603131612,0.0019346249900394237,0.0,0.0021863835657605396,0.0037308928365610166,0.002935830929356544
8072,2025-10-16 08:00:00,2025-10-17 08:00:00,1.16535,1.17101,0.6,30,1.165846308072408,0.0019459621475765509,0.03333333333333333,0.0021718123096599357,0.002935830929356544,0.003326779411100905
8096,2025-10-17 08:00:00,2025-10-20 08:00:00,1.17101,1.16578,0.43333333333333335,30,1.171293838818868,0.003165202143410543,0.13333333333333333,0.002330012463247728,0.003326779411100905,0.00335656986736364
8120,2025-10-20 08:00:00,2025-10-21 08:00:00,1.16578,1.16313,0.7333333333333333,30,1.1664401650428773,0.001347577531374246,0.0,0.0019087795361517152,0.00335656986736364,0.0022535552072950713
8144,2025-10-21 08:00:00,2025-10-22 08:00:00,1.16313,1.16091,0.6666666666666666,30,1.163733971118927,0.0015131087654038252,0.1,0.0018349730766578749,0.0022535552072950713,0.0018657130174321436
8168,2025-10-22 08:00:00,2025-10-23 08:00:00,1.16091,1.1594,0.23333333333333334,30,1.1600674589474995,0.0015185486218438913,0.23333333333333334,0.0016368993157058586,0.0018657130174321436,0.002624932911112726
8192,2025-10-23 08:00:00,2025-10-24 08:00:00,1.1594,1.16129,0.5666666666666667,30,1.159322718779246,0.0014527710306096518,0.1,0.001928190589237661,0.002624932911112726,0.0021015335720119535
8216,2025-10-24 08:00:00,2025-10-27 07:00:00,1.16129,1.1626,0.4666666666666667,30,1.16129789352417,0.0016300570680253012,0.16666666666666666,0.001819368616329885,0.0021015335720119535,0.002337152024136381
8240,2025-10-27 07:00:00,2025-10-28 07:00:00,1.1626,1.16553,0.36666666666666664,30,1.162293839454651,0.0017125924947012563,0.0,0.0017791880479759265,0.002337152024136381,0.002324733578525872
8264,2025-10-28 07:00:00,2025-10-29 07:00:00,1.16553,1.16294,0.4,30,1.1648479660352071,0.0021614001741544794,0.1,0.0017886522656524106,0.002324733578525872,0.0031363526741478823
8288,2025-10-29 07:00:00,2025-10-30 07:00:00,1.16294,1.16191,0.36666666666666664,30,1.1621269901593527,0.0011612387179694374,0.0,0.0019488327260391383,0.0031363526741478823,0.005651175167039412
8312,2025-10-30 07:00:00,2025-10-31 07:00:00,1.16191,1.15609,0.5333333333333333,30,1.1623401602109273,0.0018345089135757778,0.0,0.0021820095371737716,0.005651175167039412,0.004699826492593037
8336,2025-10-31 07:00:00,2025-11-03 08:00:00,1.15609,1.15395,0.8666666666666667,30,1.1578855872154237,0.001473539831591039,0.0,0.002246745963185595,0.004699826492593037,0.002596621257525372
8360,2025-11-03 08:00:00,2025-11-04 08:00:00,1.15395,1.1527,0.9,30,1.15550031264623,0.0011853462762063788,0.03333333333333333,0.0019340189430214695,0.002596621257525372,0.003168707779605757
8384,2025-11-04 08:00:00,2025-11-05 08:00:00,1.1527,1.14861,0.8666666666666667,30,1.1541213472684224,0.001244753747105392,0.0,0.001993359706025992,0.003168707779605757,0.0026717964857162816
8408,2025-11-05 08:00:00,2025-11-06 08:00:00,1.14861,1.15079,0.9666666666666667,30,1.1521954814592996,0.0014608339789993513,0.13333333333333333,0.0021761788555609,0.0026717964857162816,0.0023152429096601384
8432,2025-11-06 08:00:00,2025-11-07 08:00:00,1.15079,1.15325,0.8,30,1.1519272486368815,0.0010916026104043264,0.16666666666666666,0.002030941377291674,0.0023152429096601384,0.0030384603351502957
8456,2025-11-07 08:00:00,2025-11-10 08:00:00,1.15325,1.15673,0.7666666666666667,30,1.1543901125590006,0.0015875416213913167,0.0,0.0016558025320887282,0.0030384603351502957,0.003156098074809883
8480,2025-11-10 08:00:00,2025-11-11 08:00:00,1.15673,1.15596,0.43333333333333335,30,1.1567482312520345,0.001757970900520927,0.0,0.0017371949065366358,0.003156098074809883,0.0027692803118819238
8504,2025-11-11 08:00:00,2025-11-12 08:00:00,1.15596,1.15832,0.5333333333333333,30,1.1557424505551657,0.001619517229245758,0.0,0.0015894884986283964,0.0027692803118819238,0.0032886209628974128
8528,2025-11-12 08:00:00,2025-11-13 08:00:00,1.15832,1.1611,0.5666666666666667,30,1.1584929823875427,0.0016140539924594229,0.0,0.0015490682339193392,0.0032886209628974128,0.0034611257699588612
8552,2025-11-13 08:00:00,2025-11-14 08:00:00,1.1611,1.16321,0.5333333333333333,30,1.1608710010846457,0.0019657360726706256,0.03333333333333333,0.0022511994401708422,0.0034611257699588612,0.0033279188047112703
8576,2025-11-14 08:00:00,2025-11-17 08:00:00,1.16321,1.16127,0.7,30,1.1637012720108033,0.0008076461950285665,0.06666666666666667,0.0021381381232429227,0.0033279188047112703,0.003902943542964447
8600,2025-11-17 08:00:00,2025-11-18 08:00:00,1.16127,1.15909,0.6666666666666666,30,1.1621400992075601,0.0016933366321383138,0.0,0.0022856621220064053,0.003902943542964447,0.0020707335926899184
8624,2025-11-18 08:00:00,2025-11-19 08:00:00,1.15909,1.15807,0.43333333333333335,30,1.1591888229052225,0.0018831225102018902,0.2,0.001716820171682042,0.0020707335926899184,0.002339873680662438
8648,2025-11-19 08:00:00,2025-11-20 08:00:00,1.15807,1.15192,0.4,30,1.15737730662028,0.0014063340064645465,0.03333333333333333,0.0014904799214660964,0.002339873680662438,0.0032492741347862524
8672,2025-11-20 08:00:00,2025-11-21 08:00:00,1.15192,1.15407,0.8333333333333334,30,1.1528731306393942,0.0012519537862804332,0.0,0.0018002192324345272,0.0032492741347862524,0.002757503910581074
8696,2025-11-21 08:00:00,2025-11-24 08:00:00,1.15407,1.15115,0.7,30,1.1546844124794007,0.0012174407012062586,0.0,0.0015838790219004863,0.002757503910581074,0.0031320265826356745
8720,2025-11-24 08:00:00,2025-11-25 08:00:00,1.15115,1.15221,0.7,30,1.1519815921783447,0.0015278233926147035,0.0,0.0017014584169418162,0.0031320265826356745,0.002829310246079139
8744,2025-11-25 08:00:00,2025-11-26 08:00:00,1.15221,1.15788,0.7,30,1.1529784401257832,0.0012338159645173086,0.03333333333333333,0.001942308741206685,0.002829310246079139,0.004375481833164288
8768,2025-11-26 08:00:00,2025-11-27 08:00:00,1.15788,1.15913,0.7,30,1.1590466817220053,0.0016949806740546357,0.0,0.0024400188675445613,0.004375481833164288,0.0033359201453061747
8792,2025-11-27 08:00:00,2025-11-28 08:00:00,1.15913,1.1578,0.7333333333333333,30,1.1598861893018086,0.0008282378529468963,0.03333333333333333,0.00220960567086248,0.0033359201453061747,0.0023293822233826193
8816,2025-11-28 08:00:00,2025-12-01 08:00:00,1.1578,1.16066,0.9333333333333333,30,1.1591348807017008,0.001163796208825358,0.3,0.002149953885593692,0.0023293822233826193,0.0031355037328798354
8840,2025-12-01 08:00:00,2025-12-02 08:00:00,1.16066,1.1612,0.13333333333333333,30,1.159592580795288,0.0010631001264438241,0.0,0.0018041100655919714,0.0031355037328798354,0.0027624213161170467
8864,2025-12-02 08:00:00,2025-12-03 08:00:00,1.1612,1.16406,0.06666666666666667,30,1.1598745266596475,0.0008606119578162873,0.0,0.001727591352162786,0.0027624213161170467,0.002308814118152146
8888,2025-12-03 08:00:00,2025-12-04 08:00:00,1.16406,1.16647,0.03333333333333333,30,1.1611510157585143,0.0013679131706502722,0.13333333333333333,0.0019889255772782884,0.002308814118152146,0.002100934642418773
8912,2025-12-04 08:00:00,2025-12-05 08:00:00,1.16647,1.16625,0.16666666666666666,30,1.164114809036255,0.0020667798072817696,0.43333333333333335,0.002056479396441548,0.002100934642418773,0.002765508049908375
8936,2025-12-05 08:00:00,2025-12-08 08:00:00,1.16625,1.16576,0.13333333333333333,30,1.1641821106274923,0.0018542216164435913,0.0,0.0018137518898121386,0.002765508049908375,0.002168834060880363
8960,2025-12-08 08:00:00,2025-12-09 08:00:00,1.16576,1.16394,0.03333333333333333,30,1.1638554453849792,0.0010202274155294763,0.03333333333333333,0.0016769766182635041,0.002168834060880363,0.0023697595173147326
8984,2025-12-09 08:00:00,2025-12-10 08:00:00,1.16394,1.16475,0.2,30,1.163306987285614,0.0008653246726863821,0.03333333333333333,0.0016657704684987183,0.0023697595173147326,0.0023967677298126597
9008,2025-12-10 08:00:00,2025-12-11 08:00:00,1.16475,1.16932,0.13333333333333333,30,1.163617980480194,0.0009289312469991955,0.03333333333333333,0.0017164615294581584,0.0023967677298126597,0.003351344428003092
9032,2025-12-11 08:00:00,2025-12-12 08:00:00,1.16932,1.17372,0.16666666666666666,30,1.1671629071235656,0.0021287769080800783,0.0,0.001911089921294574,0.003351344428003092,0.002649103548231073
9056,2025-12-12 08:00:00,2025-12-15 08:00:00,1.17372,1.17281,0.03333333333333333,30,1.1702916224797566,0.0024620058239393844,0.26666666666666666,0.00225877438631953,0.002649103548231073,0.0026246369203055727
9080,2025-12-15 08:00:00,2025-12-16 08:00:00,1.17281,1.17518,0.26666666666666666,30,1.1710304339726767,0.002550531027142504,0.06666666666666667,0.002024765981579837,0.0026246369203055727,0.002333030660490705
9104,2025-12-16 08:00:00,2025-12-17 08:00:00,1.17518,1.17126,0.1,30,1.1718202352523803,0.002335457860950376,0.36666666666666664,0.0020421340155781856,0.002333030660490705,0.0043084202190740275
9128,2025-12-17 08:00:00,2025-12-18 08:00:00,1.17126,1.1733,0.03333333333333333,30,1.1691496094067892,0.0010293457600328083,0.0,0.0021620792565134324,0.0043084202190740275,0.0029579464685715175
9152,2025-12-18 08:00:00,2025-12-19 08:00:00,1.1733,1.17071,0.13333333333333333,30,1.1712935805320739,0.0014154740954497042,0.06666666666666667,0.0023812574273187168,0.0029579464685715175,0.0035902523774689354
9176,2025-12-19 08:00:00,2025-12-22 08:00:00,1.17071,1.17287,0.5666666666666667,30,1.1710656523704528,0.0008482040626222961,0.0,0.0018531613709574198,0.0035902523774689354,0.0027300719860952833
9200,2025-12-22 08:00:00,2025-12-23 08:00:00,1.17287,1.17782,0.06666666666666667,29,1.1715174198150635,0.0007801892001921318,0.0,0.0016972132412174303,0.0027300719860952833,0.0025083796109448453
9224,2025-12-23 08:00:00,2025-12-24 08:00:00,1.17782,1.17885,0.16666666666666666,30,1.1756209929784138,0.0025925025508145945,0.23333333333333334,0.0021355972053828136,0.0025083796109448453,0.0028424355006340394
9248,2025-12-24 08:00:00,2025-12-26 08:00:00,1.17885,1.17725,0.13333333333333333,30,1.1761281847953797,0.0023923366832295707,0.03333333333333333,0.0020217448674255223,0.0028424355006340394,0.0019047049569857195
9272,2025-12-26 08:00:00,2025-12-29 08:00:00,1.17725,1.1777,0.26666666666666666,30,1.1761343916257223,0.0013765313939748112,0.5666666666666667,0.0019294779459851708,0.0019047049569857195,0.0028200464738413512
9296,2025-12-29 08:00:00,2025-12-30 08:00:00,1.1777,1.177,0.2,30,1.1763010025024414,0.0012920634681971778,0.0,0.0016619727823912695,0.0028200464738413512,0.0028663628500870397
9320,2025-12-30 08:00:00,2025-12-31 08:00:00,1.177,1.17365,0.23333333333333334,30,1.1765191038449605,0.0012234376083963253,0.0,0.0019262580701693024,0.0028663628500870397,0.001733956659611001
9344,2025-12-31 08:00:00,2026-01-02 08:00:00,1.17365,1.17345,0.7333333333333333,30,1.1747322718302409,0.001637502766404499,0.8,0.0022857191771878597,0.001733956659611001,0.00345309311044861
9368,2026-01-02 08:00:00,2026-01-05 08:00:00,1.17345,1.1686,0.6,30,1.1737934986750285,0.002072277803284387,0.06666666666666667,0.002394048825924092,0.00345309311044861,0.0034161220074429162
9392,2026-01-05 08:00:00,2026-01-06 08:00:00,1.1686,1.17286,0.7333333333333333,30,1.1696226874987283,0.0015657427620194755,0.0,0.001745398618398768,0.0034161220074429162,0.0032262924473293263
9416,2026-01-06 08:00:00,2026-01-07 08:00:00,1.17286,1.16823,0.5666666666666667,30,1.1733298142751059,0.001882528288236055,0.0,0.0018333580600936254,0.0032262924473293263,0.0031191166003346022
9440,2026-01-07 08:00:00,2026-01-08 08:00:00,1.16823,1.16776,0.6333333333333333,30,1.1687970678011577,0.0013709239107544437,0.0,0.0017329755690736676,0.0031191166003346022,0.0013061837318068122
9464,2026-01-08 08:00:00,2026-01-09 08:00:00,1.16776,1.16502,0.8666666666666667,30,1.16924729347229,0.0013629320815668191,0.6666666666666666,0.0014352384201708754,0.0013061837318068122,0.0020704018769575213
9488,2026-01-09 08:00:00,2026-01-12 08:00:00,1.16502,1.16846,0.9666666666666667,30,1.1667132178942363,0.0011026390315227212,0.3333333333333333,0.0018395325192279023,0.0020704018769575213,0.004261809755897476
9512,2026-01-12 08:00:00,2026-01-13 08:00:00,1.16846,1.16632,0.3333333333333333,30,1.168143634001414,0.0016763466830830433,0.0,0.00189050283752793,0.004261809755897476,0.0024723564652124994
9536,2026-01-13 08:00:00,2026-01-14 08:00:00,1.16632,1.16458,0.8333333333333334,30,1.1671899676322937,0.0008839744094267987,0.03333333333333333,0.0018330989382815631,0.0024723564652124994,0.0026012068869700235
9560,2026-01-14 08:00:00,2026-01-15 08:00:00,1.16458,1.16281,0.9,30,1.166125237941742,0.0012077410100723557,0.0,0.0016639167341751075,0.0026012068869700235,0.00231523082793261
9584,2026-01-15 08:00:00,2026-01-16 08:00:00,1.16281,1.16115,1.0,30,1.165484853585561,0.0010314660040509707,0.2,0.002002797471371988,0.00231523082793261,0.0024710424022440784
9608,2026-01-16 08:00:00,2026-01-19 08:00:00,1.16115,1.16256,0.8666666666666667,30,1.1627453287442526,0.0015110443884554724,0.03333333333333333,0.001801692823224716,0.0024710424022440784,0.004662475017456424
9632,2026-01-19 08:00:00,2026-01-20 08:00:00,1.16256,1.16883,0.9,30,1.16374728679657,0.0010662221316724819,0.0,0.0018433956969550445,0.004662475017456424,0.0025193939685116263
9656,2026-01-20 08:00:00,2026-01-21 08:00:00,1.16883,1.17166,0.3,30,1.1683472951253255,0.0016347577932912495,0.06666666666666667,0.0019295649336914995,0.0025193939685116263,0.003802763649835327
9680,2026-01-21 08:00:00,2026-01-22 08:00:00,1.17166,1.16898,0.5,30,1.171901035308838,0.002291639654148819,0.03333333333333333,0.00217965521511687,0.003802763649835327,0.0036647812710426234
9704,2026-01-22 08:00:00,2026-01-23 08:00:00,1.16898,1.17355,0.2,30,1.168085793654124,0.0014508150076947275,0.0,0.0019026918414132789,0.0036647812710426234,0.0023661613999300278
9728,2026-01-23 08:00:00,2026-01-26 08:00:00,1.17355,1.18386,0.7666666666666667,30,1.1743923862775167,0.0015399094200879522,0.7333333333333333,0.002817025393231796,0.0023661613999300278,0.006949842224764945
9752,2026-01-26 08:00:00,2026-01-27 08:00:00,1.18386,1.18635,0.06666666666666667,30,1.1788802782694499,0.003115117697851326,0.0,0.002923589070018997,0.006949842224764945,0.003987442778896437
9776,2026-01-27 08:00:00,2026-01-28 08:00:00,1.18635,1.19907,0.0,30,1.1808926224708558,0.0029314966948651372,0.1,0.0031082860237733796,0.003987442778896437,0.00696868394962595
9800,2026-01-28 08:00:00,2026-01-29 08:00:00,1.19907,1.19736,0.03333333333333333,30,1.1899346152941386,0.004834739819961489,0.0,0.004345732324254733,0.00696868394962595,0.005186023196896267
9824,2026-01-29 08:00:00,2026-01-30 08:00:00,1.19736,1.19374,0.26666666666666666,30,1.1945978204409282,0.0042182168069679355,0.03333333333333333,0.0033876344836004423,0.005186023196896267,0.005900687490422614
9848,2026-01-30 08:00:00,2026-02-02 08:00:00,1.19374,1.18531,0.13333333333333333,30,1.189705741405487,0.0029056368755901564,0.0,0.003470109138135721,0.005900687490422614,0.00529697735328652
9872,2026-02-02 08:00:00,2026-02-03 08:00:00,1.18531,1.18146,0.4666666666666667,30,1.1851874550183614,0.0015961390390379034,0.0,0.0026114950129574746,0.00529697735328652,0.004705107834837824
9896,2026-02-03 08:00:00,2026-02-04 08:00:00,1.18146,1.18316,0.9666666666666667,30,1.1834131161371866,0.0015915234521303712,0.23333333333333334,0.0037478137152830485,0.004705107834837824,0.0033315558862769276
9920,2026-02-04 08:00:00,2026-02-05 08:00:00,1.18316,1.17984,0.6666666666666666,30,1.1842122554779053,0.0012730279879307714,0.5333333333333333,0.0035778427435435157,0.0033315558862769276,0.0031691121199834736
9944,2026-02-05 08:00:00,2026-02-06 08:00:00,1.17984,1.17908,0.7333333333333333,30,1.1821224768956502,0.0031219130777091018,0.5666666666666667,0.003651648310832009,0.0031691121199834736,0.0033057801675292304
9968,2026-02-06 08:00:00,2026-02-09 08:00:00,1.17908,1.18552,0.6333333333333333,30,1.18014341990153,0.002388620641361579,0.13333333333333333,0.0020570015615359394,0.0033057801675292304,0.0031067027111068117
9992,2026-02-09 08:00:00,2026-02-10 08:00:00,1.18552,1.1908,0.6333333333333333,29,1.1853590448697409,0.0010257463475000068,0.43333333333333335,0.00281556480261433,0.0031067027111068117,0.003502798502707843
10016,2026-02-10 08:00:00,2026-02-11 08:00:00,1.1908,1.19175,0.1,30,1.1883828401565553,0.0015619200178787068,0.06666666666666667,0.0026878257163887942,0.003502798502707843,0.0029592947673885797
10040,2026-02-11 08:00:00,2026-02-12 08:00:00,1.19175,1.18727,0.0,30,1.1886653423309326,0.0006887657846439463,0.13333333333333333,0.00254655479101169,0.0029592947673885797,0.004441533093736422
10064,2026-02-12 08:00:00,2026-02-13 08:00:00,1.18727,1.18583,0.7333333333333333,30,1.1882117152214051,0.001909601765779624,0.3333333333333333,0.0036093913523790057,0.004441533093736422,0.0025852547461978725
10088,2026-02-13 08:00:00,2026-02-16 08:00:00,1.18583,1.18624,0.7,30,1.1867701331774394,0.002284867334533777,0.6,0.003336094883735258,0.0025852547461978725,0.0029730653342860203
10112,2026-02-16 08:00:00,2026-02-17 08:00:00,1.18624,1.18323,0.6,30,1.1873555064201355,0.002372025658727765,0.5333333333333333,0.0030681275738287475,0.0029730653342860203,0.0015867847740903918
10136,2026-02-17 08:00:00,2026-02-18 08:00:00,1.18323,1.18342,0.5,30,1.1829007744789124,0.0016740607227020226,0.6,0.0017714429885276961,0.0015867847740903918,0.002937352242102838
10160,2026-02-18 08:00:00,2026-02-19 08:00:00,1.18342,1.18003,0.5333333333333333,30,1.1833383202552796,0.0016461290479903468,0.03333333333333333,0.0016463810092976704,0.002937352242102838,0.0027522786995040215
10184,2026-02-19 08:00:00,2026-02-20 08:00:00,1.18003,1.17509,0.5666666666666667,30,1.1802478551864624,0.001882733611523069,0.03333333333333333,0.0019254617728701985,0.0027522786995040215,0.002638088817150904
10208,2026-02-20 08:00:00,2026-02-23 08:00:00,1.17509,1.18229,0.8333333333333334,30,1.1763222734133403,0.001527833073044461,0.03333333333333333,0.0020521618118730786,0.002638088817150904,0.004363831207735594
10232,2026-02-23 08:00:00,2026-02-24 08:00:00,1.18229,1.17786,0.4,30,1.1821074167887369,0.0019413633657512598,0.0,0.0020892737558948675,0.004363831207735594,0.003109777934546215
10256,2026-02-24 08:00:00,2026-02-25 08:00:00,1.17786,1.17968,0.8666666666666667,30,1.179883352915446,0.0015468502121962545,0.0,0.0019332672784196847,0.003109777934546215,0.0024683837280330793
10280,2026-02-25 08:00:00,2026-02-26 08:00:00,1.17968,1.18153,0.6,30,1.1799636324246725,0.0016414649577602802,0.03333333333333333,0.0016593508633830011,0.0024683837280330793,0.002758398427559256
10304,2026-02-26 08:00:00,2026-02-27 08:00:00,1.18153,1.18146,0.43333333333333335,30,1.181354292233785,0.001133116538594485,0.0,0.0016976794805846995,0.002758398427559256,0.0033136496822394747
10328,2026-02-27 08:00:00,2026-03-02 08:00:00,1.18146,1.1716,0.23333333333333334,30,1.1809797644615174,0.0016526596789022843,0.0,0.0017589555137046936,0.0033136496822394747,0.005710773314345817
10352,2026-03-02 08:00:00,2026-03-03 08:00:00,1.1716,1.16432,0.9666666666666667,30,1.176075247923533,0.002556654085754491,0.0,0.0029552083671054307,0.005710773314345817,0.005935078927418134
10376,2026-03-03 08:00:00,2026-03-04 08:00:00,1.16432,1.16152,0.5666666666666667,30,1.167485523223877,0.004988687021966694,0.0,0.0030293926657234877,0.005935078927418134,0.006072132893936147
10400,2026-03-04 08:00:00,2026-03-05 08:00:00,1.16152,1.16046,0.9,30,1.166972521940867,0.003781840406148744,0.0,0.0033311390088292627,0.006072132893936147,0.004481600380492564
10424,2026-03-05 08:00:00,2026-03-06 08:00:00,1.16046,1.16143,1.0,30,1.1662376920382183,0.0023549815615528944,0.0,0.0033378613438731835,0.004481600380492564,0.004878693354897588
10448,2026-03-06 08:00:00,2026-03-09 07:00:00,1.16143,1.15441,0.8333333333333334,30,1.1637478550275167,0.003484748304319234,0.03333333333333333,0.0033428569933124995,0.004878693354897588,0.008900087771730722
10472,2026-03-09 07:00:00,2026-03-10 07:00:00,1.15441,1.16321,0.9666666666666667,30,1.160421884059906,0.00310266094558385,0.0,0.0039114235632998935,0.008900087771730722,0.006050515403081243
10496,2026-03-10 07:00:00,2026-03-11 07:00:00,1.16321,1.16329,0.7666666666666667,30,1.1644761919975282,0.0028041302054223126,0.0,0.0030614347769616235,0.006050515403081243,0.004103256261715456
10520,2026-03-11 07:00:00,2026-03-12 07:00:00,1.16329,1.15474,0.5333333333333333,30,1.163353927930196,0.0026893890101539553,0.06666666666666667,0.0028161105898749073,0.004103256261715456,0.004463225101932638
10544,2026-03-12 07:00:00,2026-03-13 07:00:00,1.15474,1.14825,0.9333333333333333,30,1.157499078909556,0.002446068570939973,0.06666666666666667,0.0034875886489823746,0.004463225101932638,0.0031769301650556433
10568,2026-03-13 07:00:00,2026-03-16 07:00:00,1.14825,1.14312,0.9333333333333333,30,1.1527928670247396,0.003254372520754146,0.9,0.004268814998797821,0.0031769301650556433,0.00451549655534563
10592,2026-03-16 07:00:00,2026-03-17 07:00:00,1.14312,1.14813,0.9333333333333333,30,1.1489184737205504,0.0026767326970825412,0.16666666666666666,0.004030350671891804,0.00451549655534563,0.004947804039622697
10616,2026-03-17 07:00:00,2026-03-18 07:00:00,1.14813,1.15419,0.9333333333333333,30,1.1514070947964987,0.0021967904903930522,0.03333333333333333,0.0033861876346296923,0.004947804039622697,0.0031634429610109755
10640,2026-03-18 07:00:00,2026-03-19 07:00:00,1.15419,1.14646,0.4,30,1.153877572218577,0.003303188764243142,0.26666666666666666,0.002835822073914454,0.0031634429610109755,0.005727538715492996
10664,2026-03-19 07:00:00,2026-03-20 07:00:00,1.14646,1.15588,0.8,30,1.1488996028900147,0.0026803784691179972,0.0,0.003411147912381586,0.005727538715492996,0.00546155657938215
10688,2026-03-20 07:00:00,2026-03-23 07:00:00,1.15588,1.15301,0.5333333333333333,30,1.1560861190160117,0.003154862859416811,0.0,0.0032475142723937447,0.00546155657938215,0.005608469493321982
10712,2026-03-23 07:00:00,2026-03-24 07:00:00,1.15301,1.15917,0.6,30,1.1537893176078797,0.002868382494897956,0.0,0.0032381935452413897,0.005608469493321982,0.009899289047760928
10736,2026-03-24 07:00:00,2026-03-25 07:00:00,1.15917,1.15956,0.16666666666666666,30,1.1569406231244406,0.0027691190240132263,0.0,0.0036007235332462316,0.009899289047760928,0.003974696398510764
10760,2026-03-25 07:00:00,2026-03-26 07:00:00,1.15956,1.15662,0.2,30,1.1571383992830913,0.0028034897492324323,0.06666666666666667,0.0029597073378224404,0.003974696398510764,0.003595607055487721
10784,2026-03-26 07:00:00,2026-03-27 07:00:00,1.15662,1.15341,0.5,30,1.1562493681907653,0.001727553347231441,0.13333333333333333,0.002833904688214531,0.003595607055487721,0.0040397800214728285
10808,2026-03-27 07:00:00,2026-03-30 08:00:00,1.15341,1.15125,0.4,30,1.1534355640411378,0.0024132136369002283,0.0,0.002648969925535887,0.0040397800214728285,0.0030480731862815975
10832,2026-03-30 08:00:00,2026-03-31 08:00:00,1.15125,1.14718,0.43333333333333335,30,1.1513024965922039,0.0014629547260325705,0.0,0.0021565056931454425,0.0030480731862815975,0.0031355355225544507
10856,2026-03-31 08:00:00,2026-04-01 08:00:00,1.14718,1.15906,0.6,30,1.147969388961792,0.00189368928515429,0.3333333333333333,0.0028849645261579465,0.0031355355225544507,0.005600249119252226
10880,2026-04-01 08:00:00,2026-04-02 08:00:00,1.15906,1.1534,0.6666666666666666,30,1.1596977472305299,0.0020880403331555906,0.0,0.003260156549036453,0.005600249119252226,0.005335516178259356
10904,2026-04-02 08:00:00,2026-04-03 08:00:00,1.1534,1.15394,0.5333333333333333,30,1.153640055656433,0.0024363529675779268,0.0,0.002649779570347682,0.005335516178259356,0.0026504494389345363
10928,2026-04-03 08:00:00,2026-04-06 08:00:00,1.15394,1.15326,0.4,30,1.1538142959276836,0.0027389840310308024,0.3,0.002464078553375905,0.0026504494389345363,0.0025351056038536413
10952,2026-04-06 08:00:00,2026-04-07 08:00:00,1.15326,1.15442,0.4,30,1.1536301294962565,0.0026857011688345314,0.2,0.0021673053746620674,0.0025351056038536413,0.0036149590398776186
10976,2026-04-07 08:00:00,2026-04-08 08:00:00,1.15442,1.16956,0.6333333333333333,30,1.1549917260805767,0.0024386355235959186,0.03333333333333333,0.0023663370519308186,0.0036149590398776186,0.007777908454661453
11000,2026-04-08 08:00:00,2026-04-09 08:00:00,1.16956,1.16635,0.03333333333333333,30,1.1641136725743613,0.002710047383645417,0.0,0.0029439539959100905,0.007777908454661453,0.0040538599474136145
11024,2026-04-09 08:00:00,2026-04-10 08:00:00,1.16635,1.16836,0.1,30,1.1626522620519002,0.0024677512603478603,0.0,0.002805564982343525,0.0040538599474136145,0.003095689799153301
11048,2026-04-10 08:00:00,2026-04-13 08:00:00,1.16836,1.16849,0.2,30,1.16624835729599,0.003264083418420452,0.1,0.002538276136046326,0.003095689799153301,0.0056588937474016335
11072,2026-04-13 08:00:00,2026-04-14 08:00:00,1.16849,1.17774,0.13333333333333333,30,1.1659619649251303,0.002566535250283158,0.0,0.0029310604680331813,0.0056588937474016335,0.004169608608044189
11096,2026-04-14 08:00:00,2026-04-15 08:00:00,1.17774,1.17839,0.13333333333333333,30,1.1747764507929483,0.0029045024409470074,0.1,0.003194710314888447,0.004169608608044189,0.002436083624909806
11120,2026-04-15 08:00:00,2026-04-16 08:00:00,1.17839,1.1803,0.16666666666666666,30,1.1764142473538717,0.0023663491140530415,0.6666666666666666,0.002647618169661443,0.002436083624909806,0.00223398553578801
11144,2026-04-16 08:00:00,2026-04-17 08:00:00,1.1803,1.17743,0.3,30,1.177857502301534,0.0046602276584068614,0.8333333333333334,0.0029737256757655607,0.00223398553578801,0.0021904647725362477
11168,2026-04-17 08:00:00,2026-04-20 08:00:00,1.17743,1.17643,0.13333333333333333,30,1.1750452121098836,0.0021426409299623002,0.8333333333333334,0.0027834024786691975,0.0021904647725362477,0.005721704034649832
11192,2026-04-20 08:00:00,2026-04-21 08:00:00,1.17643,1.17742,0.1,30,1.1733720382054647,0.002077108569348922,0.0,0.0027234212634569045,0.005721704034649832,0.0019416597427584224
11216,2026-04-21 08:00:00,2026-04-22 08:00:00,1.17742,1.17491,0.13333333333333333,30,1.175282371044159,0.00202580592549265,0.9333333333333333,0.002683352908704115,0.0019416597427584224,0.0029234516675575696
11240,2026-04-22 08:00:00,2026-04-23 08:00:00,1.17491,1.17032,0.1,28,1.1739393909772238,0.0006101358288882508,0.0,0.0018402045851429797,0.0029234516675575696,0.0032024990464756577
11264,2026-04-23 08:00:00,2026-04-24 08:00:00,1.17032,1.16781,0.6333333333333333,30,1.1709250211715698,0.0024976259384373554,0.6,0.004023941232986061,0.0032024990464756577,0.0026761984644817155
11288,2026-04-24 08:00:00,2026-04-27 08:00:00,1.16781,1.17291,0.36666666666666664,30,1.1674987475077312,0.0014737335564443874,0.03333333333333333,0.0014957429948452262,0.0026761984644817155,0.003011047595727033
11312,2026-04-27 08:00:00,2026-04-28 08:00:00,1.17291,1.16871,0.9,30,1.174315905570984,0.0011402466917801765,0.6666666666666666,0.0034117653837879664,0.003011047595727033,0.0025811917489161197
11336,2026-04-28 08:00:00,2026-04-29 08:00:00,1.16871,1.16995,0.7333333333333333,30,1.1696002324422201,0.002143593215725869,0.16666666666666666,0.0019839117669663863,0.0025811917489161197,0.002438481543797719
11360,2026-04-29 08:00:00,2026-04-30 08:00:00,1.16995,1.167,0.5,30,1.1702856818834941,0.0016649043642224838,0.13333333333333333,0.0016278753334286965,0.002438481543797719,0.003070494215417653
11384,2026-04-30 08:00:00,2026-05-01 08:00:00,1.167,1.1735,0.1,30,1.1662652929623922,0.0015260849798901573,0.03333333333333333,0.001973321812976199,0.003070494215417653,0.00452021029632806
11408,2026-05-01 08:00:00,2026-05-04 08:00:00,1.1735,1.17284,0.5,30,1.1734037796656291,0.001992605824117404,0.06666666666666667,0.0028762486656692507,0.00452021029632806,0.0035357210449925296
11432,2026-05-04 08:00:00,2026-05-05 08:00:00,1.17284,1.16855,0.5,30,1.1735696196556091,0.0019945313977857777,0.1,0.0021898310959458578,0.0035357210449925296,0.0031622673881110262
11456,2026-05-05 08:00:00,2026-05-06 08:00:00,1.16855,1.17332,0.5666666666666667,30,1.1689510504404703,0.0018906302988362799,0.0,0.0019498900078471304,0.0031622673881110262,0.0025894916528299288
11480,2026-05-06 08:00:00,2026-05-07 08:00:00,1.17332,1.17474,0.3333333333333333,30,1.171991495291392,0.002502530602777162,0.13333333333333333,0.0018891746002937815,0.0025894916528299288,0.00376593376637797
11504,2026-05-07 08:00:00,2026-05-08 08:00:00,1.17474,1.17442,0.6666666666666666,29,1.1749551256497701,0.002037611911208956,0.0,0.002239548808650439,0.00376593376637797,0.0032088165159992067
11528,2026-05-08 08:00:00,2026-05-11 08:00:00,1.17442,1.1767,0.4666666666666667,30,1.1741071701049806,0.002132647303455863,0.06666666666666667,0.0020935864576107637,0.0032088165159992067,0.003784638242861063
11552,2026-05-11 08:00:00,2026-05-12 08:00:00,1.1767,1.17499,0.5,30,1.1764525810877482,0.0016768747272629296,0.0,0.00216237535989402,0.003784638242861063,0.002317620973034681
11576,2026-05-12 08:00:00,2026-05-13 08:00:00,1.17499,1.17196,0.6666666666666666,30,1.1757837176322936,0.0011420929304486308,0.4666666666666667,0.0021852886848715814,0.002317620973034681,0.002445330515207809
11600,2026-05-13 08:00:00,2026-05-14 08:00:00,1.17196,1.17178,0.43333333333333335,30,1.1721490462621054,0.0013720148946044126,0.0,0.0017717563066633427,0.002445330515207809,0.0021254274774087888
11624,2026-05-14 08:00:00,2026-05-15 08:00:00,1.17178,1.16346,0.5333333333333333,30,1.1723185539245606,0.0011452156495258571,0.03333333333333333,0.0014899365100745664,0.0021254274774087888,0.0026446209047696644
11648,2026-05-15 08:00:00,2026-05-18 08:00:00,1.16346,1.16354,1.0,30,1.167489266395569,0.001289418867895325,0.23333333333333334,0.002288407135586772,0.0026446209047696644,0.0030996217851636467
11672,2026-05-18 08:00:00,2026-05-19 08:00:00,1.16354,1.16364,0.9666666666666667,30,1.1655839761098226,0.0009625188067545906,0.0,0.0019198258373521052,0.0030996217851636467,0.003630229691655377
11696,2026-05-19 08:00:00,2026-05-20 08:00:00,1.16364,1.15962,1.0,30,1.165843403339386,0.0007867528063434317,0.0,0.0020353086363527613,0.003630229691655377,0.002411827192189756
11720,2026-05-20 08:00:00,2026-05-21 08:00:00,1.15962,1.16199,1.0,30,1.1634873668352763,0.0015399688235628818,0.3,0.00224144940630887,0.002411827192189756,0.00343773980540575
11744,2026-05-21 08:00:00,2026-05-22 08:00:00,1.16199,1.16092,0.9666666666666667,30,1.1641546726226806,0.0015310195750963145,0.0,0.00211535252590621,0.00343773980540575,0.004241778683922306
11768,2026-05-22 08:00:00,2026-05-25 08:00:00,1.16092,1.16406,0.9333333333333333,30,1.1625030795733133,0.0014156903165607796,0.0,0.0022844002424356113,0.004241778683922306,0.003254302418470904
11792,2026-05-25 08:00:00,2026-05-26 08:00:00,1.16406,1.16346,0.7333333333333333,30,1.1647066116333007,0.0013545055819712036,0.0,0.0015077097334549204,0.003254302418470904,0.0015969044322737395
11816,2026-05-26 08:00:00,2026-05-27 08:00:00,1.16346,1.16451,0.7,30,1.1642232298851014,0.0012148956463411235,0.26666666666666666,0.0013794023020318289,0.0015969044322737395,0.0016068706452566348
11840,2026-05-27 08:00:00,2026-05-28 08:00:00,1.16451,1.16098,0.6,30,1.1650102933247883,0.00159832318696254,0.3333333333333333,0.0014348605054486378,0.0016068706452566348,0.00335476395943447
11864,2026-05-28 08:00:00,2026-05-29 08:00:00,1.16098,1.16533,0.8,30,1.1623864650726319,0.0015072539204400053,0.0,0.0015477589838981819,0.00335476395943447,0.0031995940144441755
11888,2026-05-29 08:00:00,2026-06-01 08:00:00,1.16533,1.16643,0.6333333333333333,30,1.165352507432302,0.0009609237476345991,0.0,0.0014726257455012152,0.0031995940144441755,0.003371405066001249
11912,2026-06-01 08:00:00,2026-06-02 08:00:00,1.16643,1.16501,0.5,30,1.1668144861857097,0.0016561430831765638,0.0,0.001603637001886406,0.003371405066001249,0.003990131038887658
11936,2026-06-02 08:00:00,2026-06-03 08:00:00,1.16501,1.16159,0.4,30,1.1642782409985861,0.0013053880367173902,0.0,0.0016932070559171767,0.003990131038887658,0.0021059899175128382
11960,2026-06-03 08:00:00,2026-06-04 08:00:00,1.16159,1.161,0.6666666666666666,30,1.1620930671691894,0.0012028438964933833,0.03333333333333333,0.001502483792881826,0.0021059899175128382,0.002283517172930747
11984,2026-06-04 08:00:00,2026-06-05 08:00:00,1.161,1.1622,0.6666666666666666,30,1.16128249168396,0.0011892653937638723,0.03333333333333333,0.0013644512898703673,0.002283517172930747,0.0021683193709750343
12008,2026-06-05 08:00:00,2026-06-08 08:00:00,1.1622,1.15146,0.4,30,1.1619911352793375,0.00100978051726561,0.0,0.0014649667820057998,0.0021683193709750343,0.006066674757400885
12032,2026-06-08 08:00:00,2026-06-09 08:00:00,1.15146,1.15437,1.0,30,1.1555707534154256,0.001583377339326733,0.0,0.0023789066280514954,0.006066674757400885,0.002344944533014459
12056,2026-06-09 08:00:00,2026-06-10 08:00:00,1.15437,1.15485,0.7333333333333333,30,1.1553443630536397,0.0017459168722804756,0.2,0.0020704301335558806,0.002344944533014459,0.00284795455883498
12080,2026-06-10 08:00:00,2026-06-11 08:00:00,1.15485,1.15413,0.4666666666666667,30,1.1548417568206788,0.0011670453418566279,0.03333333333333333,0.002035121746414712,0.00284795455883498,0.0031084488764831215
12104,2026-06-11 08:00:00,2026-06-12 08:00:00,1.15413,1.15725,0.9333333333333333,30,1.1558195273081462,0.001213697956994603,0.0,0.00191955760950213,0.0031084488764831215,0.005115429392081838
12128,2026-06-12 08:00:00,2026-06-15 08:00:00,1.15725,1.1606,0.7,30,1.1582956751187643,0.0013769657093243408,0.0,0.001931050161944897,0.005115429392081838,0.004097733327572481
12152,2026-06-15 08:00:00,2026-06-16 08:00:00,1.1606,1.15869,0.7666666666666667,30,1.1619337399800618,0.0021095277103454118,0.0,0.0020520906511114043,0.004097733327572481,0.002280271945987479
12176,2026-06-16 08:00:00,2026-06-17 08:00:00,1.15869,1.16077,0.5,30,1.158592939376831,0.0011785468028355799,0.0,0.0016851489918433145,0.002280271945987479,0.0025574885503296466
12200,2026-06-17 08:00:00,2026-06-18 08:00:00,1.16077,1.15192,0.5333333333333333,30,1.16069282690684,0.0014461566932811134,0.0,0.00143758902057101,0.0025574885503296466,0.006712669927604874
12224,2026-06-18 08:00:00,2026-06-19 08:00:00,1.15192,1.14416,1.0,30,1.1543865124384562,0.0012682698463458212,0.0,0.002169199548110256,0.006712669927604874,0.004405903785617574
12248,2026-06-19 08:00:00,2026-06-22 08:00:00,1.14416,1.146,0.7333333333333333,30,1.1478292346000671,0.004223093348964443,0.03333333333333333,0.0029080856560532117,0.004405903785617574,0.002656512958449859
12272,2026-06-22 08:00:00,2026-06-23 08:00:00,1.146,1.14225,1.0,30,1.1496077020963034,0.0020175977831070743,0.13333333333333333,0.0022319524021581455,0.002656512958449859,0.0035140094348181093
12296,2026-06-23 08:00:00,2026-06-24 08:00:00,1.14225,1.1359,1.0,30,1.1469792445500693,0.0018006449140845356,0.03333333333333333,0.0026618710965720326,0.0035140094348181093,0.002423129363449002
12320,2026-06-24 08:00:00,2026-06-25 08:00:00,1.1359,1.13523,1.0,30,1.1410452008247376,0.002412553970189466,0.6333333333333333,0.0027395883038253896,0.002423129363449002,0.002820746276326046
12344,2026-06-25 08:00:00,2026-06-26 08:00:00,1.13523,1.13749,0.9666666666666667,30,1.138458263874054,0.0015693289580680824,0.16666666666666666,0.002333431191940766,0.002820746276326046,0.0033601439137117325
12368,2026-06-26 08:00:00,2026-06-29 08:00:00,1.13749,1.14117,0.7333333333333333,30,1.13930234114329,0.0020764789169228845,0.06666666666666667,0.0023888560594457265,0.0033601439137117325,0.0047623287956879
12392,2026-06-29 08:00:00,2026-06-30 08:00:00,1.14117,1.14025,0.7,30,1.1432664314905803,0.00258050642988982,0.0,0.0024874734527341514,0.0047623287956879,0.0029559115534420603
12416,2026-06-30 08:00:00,2026-07-01 08:00:00,1.14025,1.14028,0.7,30,1.141612748305003,0.002010038638494971,0.06666666666666667,0.002336018036642106,0.0029559115534420603,0.004128020974047644
12440,2026-07-01 08:00:00,2026-07-02 08:00:00,1.14028,1.13941,0.8,30,1.142479622364044,0.0020734115697128574,0.0,0.0020013854245487725,0.004128020974047644,0.0033685853172636905
12464,2026-07-02 08:00:00,2026-07-03 08:00:00,1.13941,1.14535,0.8333333333333334,30,1.1421268979708354,0.0023365481943577815,0.1,0.0024685748846295093,0.0033685853172636905,0.004910495399887075
12488,2026-07-03 08:00:00,2026-07-06 08:00:00,1.14535,1.14227,0.5333333333333333,30,1.145110543568929,0.0016528702225171571,0.0,0.002439633624595167,0.004910495399887075,0.0021562115619945233
12512,2026-07-06 08:00:00,2026-07-07 08:00:00,1.14227,1.14293,0.6333333333333333,30,1.1425878087679544,0.0018415779216296613,0.3333333333333333,0.0020108324196583195,0.0021562115619945233,0.0020915980853918026
12536,2026-07-07 08:00:00,2026-07-08 08:00:00,1.14293,1.14219,0.5,30,1.1428688247998555,0.0014503861709182096,0.23333333333333334,0.0019238683177549632,0.0020915980853918026,0.0021499401751449536
12560,2026-07-08 08:00:00,2026-07-09 08:00:00,1.14219,1.14415,0.43333333333333335,30,1.1418304602305094,0.0015977199171631291,0.4,0.0019469737220265014,0.0021499401751449536,0.0034718552965517426
12584,2026-07-09 08:00:00,2026-07-10 08:00:00,1.14415,1.14417,0.13333333333333333,30,1.1434131185213725,0.001201729224241966,0.0,0.0019223048012448072,0.0034718552965517426,0.0027643888446593134
12608,2026-07-10 08:00:00,2026-07-13 08:00:00,1.14417,1.14006,0.13333333333333333,30,1.1426668723424276,0.0013776121002572635,0.03333333333333333,0.0020590450646392664,0.0027643888446593134,0.0028784937181167854
12632,2026-07-13 08:00:00,2026-07-14 08:00:00,1.14006,1.13857,0.5333333333333333,30,1.1401930689811706,0.0015426056317087908,0.0,0.0018433681372988686,0.0028784937181167854,0.0033675202400562368
12656,2026-07-14 08:00:00,2026-07-15 08:00:00,1.13857,1.14281,0.8,30,1.139414381980896,0.0011959638734755946,0.0,0.001970643204813583,0.0033675202400562368,0.004600608330600425
12680,2026-07-15 08:00:00,2026-07-16 08:00:00,1.14281,1.14682,0.43333333333333335,30,1.1425523956616719,0.0019337387244389697,0.0,0.0019524066335236934,0.004600608330600425,0.0035699536223931998
12704,2026-07-16 08:00:00,2026-07-17 08:00:00,1.14682,1.14495,0.4666666666666667,30,1.1467621882756551,0.0013339044841639116,0.03333333333333333,0.0023166774782223056,0.0035699536223931998,0.0027598120117093682
12728,2026-07-17 08:00:00,2026-07-20 08:00:00,1.14495,1.14345,0.7333333333333333,30,1.1459256013234456,0.0011697948962147583,0.03333333333333333,0.0019533750158714164,0.0027598120117093682,0.002152981356732827
12752,2026-07-20 08:00:00,2026-07-21 08:00:00,1.14345,1.14209,0.9666666666666667,30,1.1446385582288106,0.0008034791796697026,0.13333333333333333,0.0018299225537744257,0.002152981356732827,0.002003359275293014
12776,2026-07-21 08:00:00,2026-07-22 08:00:00,1.14209,1.14116,0.9,30,1.1433213949203491,0.0011743398634949222,0.2,0.0016386059965014378,0.002003359275293014,0.0011157914069315695
12800,2026-07-22 08:00:00,2026-07-23 08:00:00,1.14116,1.14249,0.6666666666666666,30,1.141811982790629,0.0011140117479142035,0.8,0.001390561589258029,0.0011157914069315695,0.0016524064904545226
12824,2026-07-23 08:00:00,2026-07-24 08:00:00,1.14249,1.13864,0.8333333333333334,30,1.1433827082316081,0.0012210583299384404,0.5666666666666667,0.0017660119658766808,0.0016524064904545226,0.0027807383939509266
12848,2026-07-24 08:00:00,2026-07-27 08:00:00,1.13864,1.14074,0.3333333333333333,30,1.1383769591649373,0.0012446557912078307,0.0,0.0014665855141475959,0.0027807383939509266,0.002910852414881765
12872,2026-07-27 08:00:00,2026-07-28 08:00:00,1.14074,1.13684,0.6,30,1.1416077812512715,0.001699942290127557,0.0,0.0016153643878043201,0.002910852414881765,0.002134069735473197
12896,2026-07-28 08:00:00,2026-07-29 08:00:00,1.13684,1.13916,0.9666666666666667,30,1.138482395807902,0.0008353439004201434,0.06666666666666667,0.0015966859418806891,0.002134069735473197,0.002985705589487263
12920,2026-07-29 08:00:00,2026-07-30 08:00:00,1.13916,1.14463,0.7333333333333333,30,1.139718512694041,0.0012046738962112032,0.0,0.0014869361793729157,0.002985705589487263,0.00602084260261994
12944,2026-07-30 08:00:00,2026-07-31 08:00:00,1.14463,1.15165,0.23333333333333334,30,1.1442492723464965,0.0006312750333375202,0.0,0.0017323628588240892,0.00602084260261994,0.005755954371233989
