ref_date,value,publication_date
1980-01-02,0.8271,1980-01-31
1980-01-03,0.8271,1980-01-31
1980-01-04,0.8268,1980-01-31
1980-01-07,0.8268,1980-01-31
1980-01-08,0.8268,1980-01-31
1980-01-09,0.8268,1980-01-31
1980-01-10,0.8234,1980-01-31
1980-01-11,0.8222,1980-01-31
1980-01-14,0.8313,1980-01-31
1980-01-15,0.8206,1980-01-31
1980-01-16,0.8244,1980-01-31
1980-01-17,0.8244,1980-01-31
1980-01-18,0.8187,1980-01-31
1980-01-21,0.8184,1980-01-31
1980-01-22,0.8183,1980-01-31
1980-01-23,0.8183,1980-01-31
1980-01-24,0.8177,1980-01-31
1980-01-25,0.8176,1980-01-31
1980-01-28,0.8173,1980-01-31
1980-01-29,0.8177,1980-01-31
1980-01-30,0.8177,1980-01-31
1980-01-31,0.8172,1980-01-31
1980-02-01,0.8183,1980-02-29
1980-02-04,0.8185,1980-02-29
1980-02-05,0.8185,1980-02-29
1980-02-06,0.8192,1980-02-29
1980-02-07,0.8179,1980-02-29
1980-02-08,0.8174,1980-02-29
1980-02-11,0.8175,1980-02-29
1980-02-13,0.8149,1980-02-29
1980-02-14,0.8145,1980-02-29
1980-02-15,0.8143,1980-02-29
1980-02-19,0.812,1980-02-29
1980-02-20,0.8123,1980-02-29
1980-02-21,0.8108,1980-02-29
1980-02-22,0.8104,1980-02-29
1980-02-25,0.8097,1980-02-29
1980-02-26,0.8091,1980-02-29
1980-02-27,0.8091,1980-02-29
1980-02-28,0.8078,1980-02-29
1980-02-29,0.8079,1980-02-29
1980-03-03,0.807,1980-03-31
1980-03-04,0.8074,1980-03-31
1980-03-05,0.8074,1980-03-31
1980-03-06,0.8075,1980-03-31
1980-03-07,0.8087,1980-03-31
1980-03-10,0.8091,1980-03-31
1980-03-11,0.8087,1980-03-31
1980-03-12,0.8081,1980-03-31
1980-03-13,0.808,1980-03-31
1980-03-14,0.8104,1980-03-31
1980-03-17,0.8106,1980-03-31
1980-03-18,0.8106,1980-03-31
1980-03-19,0.81,1980-03-31
1980-03-20,0.8091,1980-03-31
1980-03-21,0.8097,1980-03-31
1980-03-24,0.8097,1980-03-31
1980-03-25,0.8099,1980-03-31
1980-03-26,0.8092,1980-03-31
1980-03-27,0.81,1980-03-31
1980-03-28,0.81,1980-03-31
1980-03-31,0.8102,1980-03-31
1980-04-01,0.8102,1980-04-30
1980-04-02,0.81,1980-04-30
1980-04-03,0.81,1980-04-30
1980-04-04,0.8097,1980-04-30
1980-04-07,0.8097,1980-04-30
1980-04-08,0.8102,1980-04-30
1980-04-09,0.8091,1980-04-30
1980-04-10,0.8085,1980-04-30
1980-04-11,0.8091,1980-04-30
1980-04-14,0.8074,1980-04-30
1980-04-15,0.8074,1980-04-30
1980-04-16,0.8076,1980-04-30
1980-04-17,0.8069,1980-04-30
1980-04-18,0.8074,1980-04-30
1980-04-21,0.807,1980-04-30
1980-04-22,0.8065,1980-04-30
1980-04-23,0.8058,1980-04-30
1980-04-24,0.8042,1980-04-30
1980-04-25,0.8039,1980-04-30
1980-04-28,0.8074,1980-04-30
1980-04-29,0.8006,1980-04-30
1980-04-30,0.7999,1980-04-30
1980-05-01,0.8001,1980-05-30
1980-05-02,0.7997,1980-05-30
1980-05-05,0.7997,1980-05-30
1980-05-06,0.7968,1980-05-30
1980-05-07,0.7937,1980-05-30
1980-05-08,0.7928,1980-05-30
1980-05-09,0.7932,1980-05-30
1980-05-12,0.7932,1980-05-30
1980-05-13,0.7916,1980-05-30
1980-05-14,0.7911,1980-05-30
1980-05-15,0.7906,1980-05-30
1980-05-16,0.7904,1980-05-30
1980-05-19,0.791,1980-05-30
1980-05-20,0.7904,1980-05-30
1980-05-21,0.7877,1980-05-30
1980-05-22,0.7868,1980-05-30
1980-05-23,0.7844,1980-05-30
1980-05-27,0.7837,1980-05-30
1980-05-28,0.7874,1980-05-30
1980-05-29,0.7828,1980-05-30
1980-05-30,0.7835,1980-05-30
1980-06-02,0.7806,1980-06-30
1980-06-03,0.7803,1980-06-30
1980-06-04,0.7797,1980-06-30
1980-06-05,0.7797,1980-06-30
1980-06-06,0.7791,1980-06-30
1980-06-09,0.7764,1980-06-30
1980-06-10,0.7758,1980-06-30
1980-06-11,0.776,1980-06-30
1980-06-12,0.7758,1980-06-30
1980-06-13,0.7746,1980-06-30
1980-06-16,0.7737,1980-06-30
1980-06-17,0.7737,1980-06-30
1980-06-18,0.7737,1980-06-30
1980-06-19,0.7737,1980-06-30
1980-06-20,0.7738,1980-06-30
1980-06-23,0.7732,1980-06-30
1980-06-24,0.7728,1980-06-30
1980-06-25,0.7727,1980-06-30
1980-06-26,0.7726,1980-06-30
1980-06-27,0.7709,1980-06-30
1980-06-30,0.7698,1980-06-30
1980-07-01,0.7694,1980-07-31
1980-07-02,0.7691,1980-07-31
1980-07-03,0.7691,1980-07-31
1980-07-07,0.7683,1980-07-31
1980-07-08,0.7661,1980-07-31
1980-07-09,0.7655,1980-07-31
1980-07-10,0.7648,1980-07-31
1980-07-11,0.7648,1980-07-31
1980-07-14,0.7648,1980-07-31
1980-07-15,0.7656,1980-07-31
1980-07-16,0.7654,1980-07-31
1980-07-17,0.7637,1980-07-31
1980-07-18,0.7641,1980-07-31
1980-07-21,0.7634,1980-07-31
1980-07-22,0.7631,1980-07-31
1980-07-23,0.7628,1980-07-31
1980-07-24,0.7622,1980-07-31
1980-07-25,0.761,1980-07-31
1980-07-28,0.7608,1980-07-31
1980-07-29,0.7619,1980-07-31
1980-07-30,0.7616,1980-07-31
1980-07-31,0.7634,1980-07-31
1980-08-01,0.7646,1980-08-29
1980-08-04,0.763,1980-08-29
1980-08-05,0.7613,1980-08-29
1980-08-06,0.7608,1980-08-29
1980-08-07,0.7606,1980-08-29
1980-08-08,0.7609,1980-08-29
1980-08-11,0.761,1980-08-29
1980-08-12,0.7609,1980-08-29
1980-08-13,0.7582,1980-08-29
1980-08-14,0.7592,1980-08-29
1980-08-15,0.759,1980-08-29
1980-08-18,0.7605,1980-08-29
1980-08-19,0.7603,1980-08-29
1980-08-20,0.76,1980-08-29
1980-08-21,0.7606,1980-08-29
1980-08-22,0.7599,1980-08-29
1980-08-25,0.7599,1980-08-29
1980-08-26,0.7599,1980-08-29
1980-08-27,0.7582,1980-08-29
1980-08-28,0.7575,1980-08-29
1980-08-29,0.7576,1980-08-29
1980-09-02,0.7542,1980-09-30
1980-09-03,0.7544,1980-09-30
1980-09-04,0.7536,1980-09-30
1980-09-05,0.7534,1980-09-30
1980-09-08,0.7539,1980-09-30
1980-09-09,0.7536,1980-09-30
1980-09-10,0.7546,1980-09-30
1980-09-11,0.7534,1980-09-30
1980-09-12,0.7519,1980-09-30
1980-09-15,0.753,1980-09-30
1980-09-16,0.7531,1980-09-30
1980-09-17,0.7525,1980-09-30
1980-09-18,0.7527,1980-09-30
1980-09-19,0.7536,1980-09-30
1980-09-22,0.753,1980-09-30
1980-09-23,0.7531,1980-09-30
1980-09-24,0.7535,1980-09-30
1980-09-25,0.7533,1980-09-30
1980-09-26,0.7529,1980-09-30
1980-09-29,0.7536,1980-09-30
1980-09-30,0.7538,1980-09-30
1980-10-01,0.7592,1980-10-31
1980-10-02,0.7528,1980-10-31
1980-10-03,0.7536,1980-10-31
1980-10-06,0.7513,1980-10-31
1980-10-07,0.7512,1980-10-31
1980-10-08,0.7512,1980-10-31
1980-10-09,0.7512,1980-10-31
1980-10-10,0.7505,1980-10-31
1980-10-14,0.7561,1980-10-31
1980-10-15,0.751,1980-10-31
1980-10-16,0.7508,1980-10-31
1980-10-17,0.7509,1980-10-31
1980-10-20,0.7506,1980-10-31
1980-10-21,0.7492,1980-10-31
1980-10-22,0.7491,1980-10-31
1980-10-23,0.7491,1980-10-31
1980-10-24,0.7488,1980-10-31
1980-10-27,0.749,1980-10-31
1980-10-28,0.7502,1980-10-31
1980-10-29,0.7499,1980-10-31
1980-10-30,0.7499,1980-10-31
1980-10-31,0.7499,1980-10-31
1980-11-03,0.7508,1980-11-28
1980-11-05,0.7505,1980-11-28
1980-11-06,0.7503,1980-11-28
1980-11-07,0.7527,1980-11-28
1980-11-10,0.7525,1980-11-28
1980-11-12,0.7501,1980-11-28
1980-11-13,0.749,1980-11-28
1980-11-14,0.749,1980-11-28
1980-11-17,0.7519,1980-11-28
1980-11-18,0.7516,1980-11-28
1980-11-19,0.7499,1980-11-28
1980-11-20,0.7493,1980-11-28
1980-11-21,0.7504,1980-11-28
1980-11-24,0.7525,1980-11-28
1980-11-25,0.751,1980-11-28
1980-11-26,0.7506,1980-11-28
1980-11-28,0.751,1980-11-28
1980-12-01,0.7533,1980-12-31
1980-12-02,0.753,1980-12-31
1980-12-03,0.7525,1980-12-31
1980-12-04,0.7523,1980-12-31
1980-12-05,0.7542,1980-12-31
1980-12-08,0.7542,1980-12-31
1980-12-09,0.7543,1980-12-31
1980-12-10,0.7547,1980-12-31
1980-12-11,0.7584,1980-12-31
1980-12-12,0.7582,1980-12-31
1980-12-15,0.7556,1980-12-31
1980-12-16,0.7567,1980-12-31
1980-12-17,0.7577,1980-12-31
1980-12-18,0.7553,1980-12-31
1980-12-19,0.756,1980-12-31
1980-12-22,0.7513,1980-12-31
1980-12-23,0.7488,1980-12-31
1980-12-24,0.7479,1980-12-31
1980-12-26,0.7479,1980-12-31
1980-12-29,0.7485,1980-12-31
1980-12-30,0.7468,1980-12-31
1980-12-31,0.7457,1980-12-31
1981-01-02,0.7457,1981-01-30
1981-01-05,0.7437,1981-01-30
1981-01-06,0.741,1981-01-30
1981-01-07,0.7371,1981-01-30
1981-01-08,0.7386,1981-01-30
1981-01-09,0.7398,1981-01-30
1981-01-12,0.7471,1981-01-30
1981-01-13,0.7502,1981-01-30
1981-01-14,0.7477,1981-01-30
1981-01-15,0.7485,1981-01-30
1981-01-16,0.7502,1981-01-30
1981-01-19,0.749,1981-01-30
1981-01-20,0.7484,1981-01-30
1981-01-21,0.7472,1981-01-30
1981-01-22,0.7496,1981-01-30
1981-01-23,0.7502,1981-01-30
1981-01-26,0.7509,1981-01-30
1981-01-27,0.7527,1981-01-30
1981-01-28,0.7553,1981-01-30
1981-01-29,0.7565,1981-01-30
1981-01-30,0.7602,1981-01-30
1981-02-02,0.7637,1981-02-27
1981-02-03,0.7688,1981-02-27
1981-02-04,0.7625,1981-02-27
1981-02-05,0.7648,1981-02-27
1981-02-06,0.7692,1981-02-27
1981-02-09,0.7668,1981-02-27
1981-02-10,0.7666,1981-02-27
1981-02-11,0.7672,1981-02-27
1981-02-13,0.777,1981-02-27
1981-02-17,0.7828,1981-02-27
1981-02-18,0.7819,1981-02-27
1981-02-19,0.7785,1981-02-27
1981-02-20,0.7734,1981-02-27
1981-02-23,0.7758,1981-02-27
1981-02-24,0.7825,1981-02-27
1981-02-25,0.78,1981-02-27
1981-02-26,0.781,1981-02-27
1981-02-27,0.7837,1981-02-27
1981-03-02,0.7902,1981-03-31
1981-03-03,0.7856,1981-03-31
1981-03-04,0.7852,1981-03-31
1981-03-05,0.7865,1981-03-31
1981-03-06,0.7915,1981-03-31
1981-03-09,0.7849,1981-03-31
1981-03-10,0.7849,1981-03-31
1981-03-11,0.7893,1981-03-31
1981-03-12,0.7896,1981-03-31
1981-03-13,0.7911,1981-03-31
1981-03-16,0.7893,1981-03-31
1981-03-17,0.7874,1981-03-31
1981-03-18,0.7862,1981-03-31
1981-03-19,0.7849,1981-03-31
1981-03-20,0.7883,1981-03-31
1981-03-23,0.7933,1981-03-31
1981-03-24,0.7921,1981-03-31
1981-03-25,0.794,1981-03-31
1981-03-26,0.7962,1981-03-31
1981-03-27,0.8013,1981-03-31
1981-03-30,0.8015,1981-03-31
1981-03-31,0.7994,1981-03-31
1981-04-01,0.7996,1981-04-30
1981-04-02,0.8026,1981-04-30
1981-04-03,0.794,1981-04-30
1981-04-06,0.814,1981-04-30
1981-04-07,0.8078,1981-04-30
1981-04-08,0.8058,1981-04-30
1981-04-09,0.8074,1981-04-30
1981-04-10,0.8084,1981-04-30
1981-04-13,0.8117,1981-04-30
1981-04-14,0.81,1981-04-30
1981-04-15,0.8124,1981-04-30
1981-04-16,0.8163,1981-04-30
1981-04-17,0.8163,1981-04-30
1981-04-20,0.8163,1981-04-30
1981-04-21,0.8157,1981-04-30
1981-04-22,0.8127,1981-04-30
1981-04-23,0.813,1981-04-30
1981-04-24,0.813,1981-04-30
1981-04-27,0.8132,1981-04-30
1981-04-28,0.8137,1981-04-30
1981-04-29,0.817,1981-04-30
1981-04-30,0.8197,1981-04-30
1981-05-01,0.8203,1981-05-29
1981-05-04,0.825,1981-05-29
1981-05-05,0.8297,1981-05-29
1981-05-06,0.8273,1981-05-29
1981-05-07,0.8304,1981-05-29
1981-05-08,0.8313,1981-05-29
1981-05-11,0.834,1981-05-29
1981-05-12,0.8366,1981-05-29
1981-05-13,0.8363,1981-05-29
1981-05-14,0.8408,1981-05-29
1981-05-15,0.8396,1981-05-29
1981-05-18,0.8384,1981-05-29
1981-05-19,0.8403,1981-05-29
1981-05-20,0.8428,1981-05-29
1981-05-21,0.8442,1981-05-29
1981-05-22,0.8462,1981-05-29
1981-05-26,0.8484,1981-05-29
1981-05-27,0.8514,1981-05-29
1981-05-28,0.8489,1981-05-29
1981-05-29,0.8473,1981-05-29
1981-06-01,0.8478,1981-06-30
1981-06-02,0.8529,1981-06-30
1981-06-03,0.858,1981-06-30
1981-06-04,0.8645,1981-06-30
1981-06-05,0.8741,1981-06-30
1981-06-08,0.8726,1981-06-30
1981-06-09,0.8712,1981-06-30
1981-06-10,0.8675,1981-06-30
1981-06-11,0.8701,1981-06-30
1981-06-12,0.8718,1981-06-30
1981-06-15,0.8617,1981-06-30
1981-06-16,0.8608,1981-06-30
1981-06-17,0.8636,1981-06-30
1981-06-18,0.8669,1981-06-30
1981-06-19,0.8688,1981-06-30
1981-06-22,0.8698,1981-06-30
1981-06-23,0.8668,1981-06-30
1981-06-24,0.8696,1981-06-30
1981-06-25,0.8758,1981-06-30
1981-06-26,0.8795,1981-06-30
1981-06-29,0.8818,1981-06-30
1981-06-30,0.8868,1981-06-30
1981-07-01,0.8929,1981-07-31
1981-07-02,0.8965,1981-07-31
1981-07-03,0.8973,1981-07-31
1981-07-06,0.9009,1981-07-31
1981-07-07,0.902,1981-07-31
1981-07-08,0.9095,1981-07-31
1981-07-09,0.9131,1981-07-31
1981-07-10,0.907,1981-07-31
1981-07-13,0.9083,1981-07-31
1981-07-14,0.9185,1981-07-31
1981-07-15,0.9161,1981-07-31
1981-07-16,0.9179,1981-07-31
1981-07-17,0.919,1981-07-31
1981-07-20,0.9238,1981-07-31
1981-07-21,0.9363,1981-07-31
1981-07-22,0.9324,1981-07-31
1981-07-23,0.9381,1981-07-31
1981-07-24,0.9419,1981-07-31
1981-07-27,0.9394,1981-07-31
1981-07-28,0.9492,1981-07-31
1981-07-29,0.9479,1981-07-31
1981-07-30,0.9526,1981-07-31
1981-07-31,0.9537,1981-07-31
1981-08-03,0.959,1981-08-31
1981-08-04,0.9611,1981-08-31
1981-08-05,0.9524,1981-08-31
1981-08-06,0.9597,1981-08-31
1981-08-07,0.9583,1981-08-31
1981-08-10,0.9604,1981-08-31
1981-08-11,0.9598,1981-08-31
1981-08-12,0.9452,1981-08-31
1981-08-13,0.95,1981-08-31
1981-08-14,0.9535,1981-08-31
1981-08-17,0.9465,1981-08-31
1981-08-18,0.9459,1981-08-31
1981-08-19,0.947,1981-08-31
1981-08-20,0.943,1981-08-31
1981-08-21,0.9407,1981-08-31
1981-08-24,0.9407,1981-08-31
1981-08-25,0.9485,1981-08-31
1981-08-26,0.9452,1981-08-31
1981-08-27,0.9443,1981-08-31
1981-08-28,0.9452,1981-08-31
1981-08-31,0.9434,1981-08-31
1981-09-01,0.9463,1981-09-30
1981-09-02,0.9456,1981-09-30
1981-09-03,0.9455,1981-09-30
1981-09-04,0.9468,1981-09-30
1981-09-08,0.9548,1981-09-30
1981-09-09,0.9595,1981-09-30
1981-09-10,0.9544,1981-09-30
1981-09-11,0.9524,1981-09-30
1981-09-14,0.9556,1981-09-30
1981-09-15,0.9416,1981-09-30
1981-09-16,0.9425,1981-09-30
1981-09-17,0.9368,1981-09-30
1981-09-18,0.939,1981-09-30
1981-09-21,0.9346,1981-09-30
1981-09-22,0.9378,1981-09-30
1981-09-23,0.9394,1981-09-30
1981-09-24,0.9497,1981-09-30
1981-09-25,0.9483,1981-09-30
1981-09-28,0.9549,1981-09-30
1981-09-29,0.9549,1981-09-30
1981-09-30,0.9551,1981-09-30
1981-10-01,0.9524,1981-10-30
1981-10-02,0.9528,1981-10-30
1981-10-05,0.9461,1981-10-30
1981-10-06,0.9445,1981-10-30
1981-10-07,0.9461,1981-10-30
1981-10-08,0.9449,1981-10-30
1981-10-09,0.9377,1981-10-30
1981-10-13,0.9423,1981-10-30
1981-10-14,0.9518,1981-10-30
1981-10-15,0.9486,1981-10-30
1981-10-16,0.9565,1981-10-30
1981-10-19,0.956,1981-10-30
1981-10-20,0.9611,1981-10-30
1981-10-21,0.962,1981-10-30
1981-10-22,0.9657,1981-10-30
1981-10-23,0.9671,1981-10-30
1981-10-26,0.969,1981-10-30
1981-10-27,0.9699,1981-10-30
1981-10-28,0.9709,1981-10-30
1981-10-29,0.9667,1981-10-30
1981-10-30,0.9641,1981-10-30
1981-11-02,0.9602,1981-11-30
1981-11-04,0.9579,1981-11-30
1981-11-05,0.9574,1981-11-30
1981-11-06,0.9617,1981-11-30
1981-11-09,0.9591,1981-11-30
1981-11-10,0.9625,1981-11-30
1981-11-12,0.9588,1981-11-30
1981-11-13,0.9602,1981-11-30
1981-11-16,0.9657,1981-11-30
1981-11-17,0.9662,1981-11-30
1981-11-18,0.9671,1981-11-30
1981-11-19,0.9653,1981-11-30
1981-11-20,0.9683,1981-11-30
1981-11-23,0.9695,1981-11-30
1981-11-24,0.9669,1981-11-30
1981-11-25,0.9648,1981-11-30
1981-11-27,0.9662,1981-11-30
1981-11-30,0.9611,1981-11-30
1981-12-01,0.9685,1981-12-31
1981-12-02,0.9681,1981-12-31
1981-12-03,0.9696,1981-12-31
1981-12-04,0.9685,1981-12-31
1981-12-07,0.9685,1981-12-31
1981-12-08,0.9769,1981-12-31
1981-12-09,0.9754,1981-12-31
1981-12-10,0.9804,1981-12-31
1981-12-11,0.9829,1981-12-31
1981-12-14,0.9945,1981-12-31
1981-12-15,0.9753,1981-12-31
1981-12-16,0.969,1981-12-31
1981-12-17,0.9692,1981-12-31
1981-12-18,0.9699,1981-12-31
1981-12-21,0.9671,1981-12-31
1981-12-22,0.9654,1981-12-31
1981-12-23,0.9629,1981-12-31
1981-12-24,0.9625,1981-12-31
1981-12-28,0.9639,1981-12-31
1981-12-29,0.964,1981-12-31
1981-12-30,0.9599,1981-12-31
1981-12-31,0.9583,1981-12-31
1982-01-01,0.9517,1982-01-29
1982-01-04,0.9575,1982-01-29
1982-01-05,0.9547,1982-01-29
1982-01-06,0.9603,1982-01-29
1982-01-07,0.9583,1982-01-29
1982-01-11,0.964,1982-01-29
1982-01-12,0.9665,1982-01-29
1982-01-13,0.9665,1982-01-29
1982-01-14,0.9695,1982-01-29
1982-01-15,0.9685,1982-01-29
1982-01-18,0.9685,1982-01-29
1982-01-19,0.9667,1982-01-29
1982-01-20,0.9667,1982-01-29
1982-01-21,0.9679,1982-01-29
1982-01-22,0.9718,1982-01-29
1982-01-25,0.9751,1982-01-29
1982-01-26,0.9785,1982-01-29
1982-01-27,0.9731,1982-01-29
1982-01-28,0.9737,1982-01-29
1982-01-29,0.9723,1982-01-29
1982-02-01,0.978,1982-02-26
1982-02-02,0.9809,1982-02-26
1982-02-03,0.9794,1982-02-26
1982-02-04,0.9799,1982-02-26
1982-02-05,0.9799,1982-02-26
1982-02-08,0.9799,1982-02-26
1982-02-09,0.9881,1982-02-26
1982-02-10,0.9862,1982-02-26
1982-02-11,0.9843,1982-02-26
1982-02-16,0.9877,1982-02-26
1982-02-17,0.9891,1982-02-26
1982-02-18,0.9804,1982-02-26
1982-02-19,0.9773,1982-02-26
1982-02-22,0.9756,1982-02-26
1982-02-23,0.9789,1982-02-26
1982-02-24,0.9756,1982-02-26
1982-02-25,0.9751,1982-02-26
1982-02-26,0.9804,1982-02-26
1982-03-01,0.9857,1982-03-31
1982-03-02,0.9862,1982-03-31
1982-03-03,0.9862,1982-03-31
1982-03-04,0.9785,1982-03-31
1982-03-05,0.9838,1982-03-31
1982-03-08,0.9906,1982-03-31
1982-03-09,1.008,1982-03-31
1982-03-10,1.0152,1982-03-31
1982-03-11,1.0204,1982-03-31
1982-03-12,1.0225,1982-03-31
1982-03-15,1.0343,1982-03-31
1982-03-16,1.0347,1982-03-31
1982-03-17,1.0309,1982-03-31
1982-03-18,1.032,1982-03-31
1982-03-19,1.0384,1982-03-31
1982-03-22,1.0403,1982-03-31
1982-03-23,1.0397,1982-03-31
1982-03-24,1.0386,1982-03-31
1982-03-25,1.0417,1982-03-31
1982-03-26,1.0447,1982-03-31
1982-03-29,1.0488,1982-03-31
1982-03-30,1.0508,1982-03-31
1982-03-31,1.0482,1982-03-31
1982-04-01,1.0532,1982-04-30
1982-04-02,1.0504,1982-04-30
1982-04-05,1.0593,1982-04-30
1982-04-06,1.069,1982-04-30
1982-04-07,1.0585,1982-04-30
1982-04-08,1.0571,1982-04-30
1982-04-09,1.0571,1982-04-30
1982-04-12,1.0605,1982-04-30
1982-04-13,1.0582,1982-04-30
1982-04-14,1.0552,1982-04-30
1982-04-15,1.0588,1982-04-30
1982-04-16,1.0582,1982-04-30
1982-04-19,1.0556,1982-04-30
1982-04-20,1.0508,1982-04-30
1982-04-21,1.0483,1982-04-30
1982-04-22,1.0492,1982-04-30
1982-04-23,1.0526,1982-04-30
1982-04-26,1.0466,1982-04-30
1982-04-27,1.0477,1982-04-30
1982-04-28,1.0458,1982-04-30
1982-04-29,1.0488,1982-04-30
1982-04-30,1.046,1982-04-30
1982-05-03,1.0444,1982-05-31
1982-05-04,1.0524,1982-05-31
1982-05-05,1.0532,1982-05-31
1982-05-06,1.0503,1982-05-31
1982-05-07,1.0504,1982-05-31
1982-05-10,1.0515,1982-05-31
1982-05-11,1.0521,1982-05-31
1982-05-12,1.0529,1982-05-31
1982-05-13,1.061,1982-05-31
1982-05-14,1.0629,1982-05-31
1982-05-17,1.0627,1982-05-31
1982-05-18,1.0753,1982-05-31
1982-05-19,1.0753,1982-05-31
1982-05-20,1.0846,1982-05-31
1982-05-21,1.0712,1982-05-31
1982-05-24,1.0695,1982-05-31
1982-05-25,1.0724,1982-05-31
1982-05-26,1.0753,1982-05-31
1982-05-27,1.0785,1982-05-31
1982-05-28,1.0809,1982-05-31
1982-06-01,1.0834,1982-06-30
1982-06-02,1.0886,1982-06-30
1982-06-03,1.0881,1982-06-30
1982-06-04,1.0852,1982-06-30
1982-06-07,1.0899,1982-06-30
1982-06-08,1.0876,1982-06-30
1982-06-09,1.0995,1982-06-30
1982-06-10,1.1007,1982-06-30
1982-06-11,1.101,1982-06-30
1982-06-14,1.1074,1982-06-30
1982-06-15,1.1171,1982-06-30
1982-06-16,1.1186,1982-06-30
1982-06-17,1.1242,1982-06-30
1982-06-18,1.1261,1982-06-30
1982-06-21,1.1418,1982-06-30
1982-06-22,1.1406,1982-06-30
1982-06-23,1.1461,1982-06-30
1982-06-24,1.1403,1982-06-30
1982-06-25,1.1461,1982-06-30
1982-06-28,1.1514,1982-06-30
1982-06-29,1.1475,1982-06-30
1982-06-30,1.141,1982-06-30
1982-07-01,1.1452,1982-07-30
1982-07-02,1.1465,1982-07-30
1982-07-06,1.1523,1982-07-30
1982-07-07,1.1574,1982-07-30
1982-07-08,1.1596,1982-07-30
1982-07-09,1.1561,1982-07-30
1982-07-12,1.1475,1982-07-30
1982-07-13,1.1508,1982-07-30
1982-07-14,1.1494,1982-07-30
1982-07-15,1.1558,1982-07-30
1982-07-16,1.1501,1982-07-30
1982-07-19,1.1461,1982-07-30
1982-07-20,1.145,1982-07-30
1982-07-21,1.1387,1982-07-30
1982-07-22,1.1399,1982-07-30
1982-07-23,1.134,1982-07-30
1982-07-26,1.1347,1982-07-30
1982-07-27,1.1364,1982-07-30
1982-07-28,1.1429,1982-07-30
1982-07-29,1.1475,1982-07-30
1982-07-30,1.1475,1982-07-30
1982-08-02,1.1435,1982-08-31
1982-08-03,1.1418,1982-08-31
1982-08-04,1.1527,1982-08-31
1982-08-05,1.1554,1982-08-31
1982-08-06,1.1585,1982-08-31
1982-08-09,1.164,1982-08-31
1982-08-10,1.1585,1982-08-31
1982-08-11,1.1641,1982-08-31
1982-08-12,1.1625,1982-08-31
1982-08-13,1.1569,1982-08-31
1982-08-16,1.1601,1982-08-31
1982-08-17,1.1598,1982-08-31
1982-08-18,1.151,1982-08-31
1982-08-19,1.1529,1982-08-31
1982-08-20,1.1426,1982-08-31
1982-08-23,1.1435,1982-08-31
1982-08-24,1.1338,1982-08-31
1982-08-25,1.1325,1982-08-31
1982-08-26,1.1352,1982-08-31
1982-08-27,1.1853,1982-08-31
1982-08-30,1.1501,1982-08-31
1982-08-31,1.1509,1982-08-31
1982-09-01,1.151,1982-09-30
1982-09-02,1.1442,1982-09-30
1982-09-03,1.1435,1982-09-30
1982-09-07,1.1419,1982-09-30
1982-09-08,1.1527,1982-09-30
1982-09-09,1.1468,1982-09-30
1982-09-10,1.1541,1982-09-30
1982-09-13,1.1563,1982-09-30
1982-09-14,1.1538,1982-09-30
1982-09-15,1.1521,1982-09-30
1982-09-16,1.157,1982-09-30
1982-09-17,1.1527,1982-09-30
1982-09-20,1.1494,1982-09-30
1982-09-21,1.1514,1982-09-30
1982-09-22,1.1481,1982-09-30
1982-09-23,1.1508,1982-09-30
1982-09-24,1.1594,1982-09-30
1982-09-27,1.1514,1982-09-30
1982-09-28,1.1561,1982-09-30
1982-09-29,1.1574,1982-09-30
1982-09-30,1.1561,1982-09-30
1982-10-01,1.1554,1982-10-29
1982-10-04,1.1643,1982-10-29
1982-10-05,1.1632,1982-10-29
1982-10-06,1.1639,1982-10-29
1982-10-07,1.1598,1982-10-29
1982-10-08,1.1543,1982-10-29
1982-10-12,1.1468,1982-10-29
1982-10-13,1.1577,1982-10-29
1982-10-14,1.1547,1982-10-29
1982-10-15,1.1588,1982-10-29
1982-10-18,1.1558,1982-10-29
1982-10-19,1.1561,1982-10-29
1982-10-20,1.1565,1982-10-29
1982-10-21,1.1594,1982-10-29
1982-10-22,1.1541,1982-10-29
1982-10-25,1.171,1982-10-29
1982-10-26,1.1669,1982-10-29
1982-10-27,1.1652,1982-10-29
1982-10-28,1.1675,1982-10-29
1982-10-29,1.1723,1982-10-29
1982-11-01,1.1669,1982-11-30
1982-11-03,1.1641,1982-11-30
1982-11-04,1.1581,1982-11-30
1982-11-05,1.1547,1982-11-30
1982-11-08,1.1581,1982-11-30
1982-11-09,1.1514,1982-11-30
1982-11-10,1.1461,1982-11-30
1982-11-12,1.1442,1982-11-30
1982-11-15,1.1461,1982-11-30
1982-11-16,1.1416,1982-11-30
1982-11-17,1.1429,1982-11-30
1982-11-18,1.137,1982-11-30
1982-11-19,1.128,1982-11-30
1982-11-22,1.128,1982-11-30
1982-11-23,1.1246,1982-11-30
1982-11-24,1.1205,1982-11-30
1982-11-26,1.1192,1982-11-30
1982-11-29,1.1115,1982-11-30
1982-11-30,1.1093,1982-11-30
1982-12-01,1.0998,1982-12-31
1982-12-02,1.0995,1982-12-31
1982-12-03,1.0911,1982-12-31
1982-12-06,1.0947,1982-12-31
1982-12-07,1.0881,1982-12-31
1982-12-08,1.0852,1982-12-31
1982-12-09,1.0899,1982-12-31
1982-12-10,1.0899,1982-12-31
1982-12-13,1.0941,1982-12-31
1982-12-14,1.0911,1982-12-31
1982-12-15,1.0911,1982-12-31
1982-12-16,1.0881,1982-12-31
1982-12-17,1.0866,1982-12-31
1982-12-20,1.0858,1982-12-31
1982-12-21,1.0858,1982-12-31
1982-12-22,1.0828,1982-12-31
1982-12-23,1.0828,1982-12-31
1982-12-24,1.0826,1982-12-31
1982-12-27,1.0828,1982-12-31
1982-12-28,1.0764,1982-12-31
1982-12-29,1.0753,1982-12-31
1982-12-30,1.0753,1982-12-31
1982-12-31,1.0741,1982-12-31
1983-01-03,1.0695,1983-01-31
1983-01-04,1.0667,1983-01-31
1983-01-05,1.0684,1983-01-31
1983-01-06,1.0712,1983-01-31
1983-01-10,1.0644,1983-01-31
1983-01-11,1.0661,1983-01-31
1983-01-12,1.0644,1983-01-31
1983-01-13,1.0633,1983-01-31
1983-01-14,1.0633,1983-01-31
1983-01-17,1.061,1983-01-31
1983-01-18,1.0616,1983-01-31
1983-01-19,1.0627,1983-01-31
1983-01-20,1.0616,1983-01-31
1983-01-21,1.0616,1983-01-31
1983-01-24,1.0724,1983-01-31
1983-01-25,1.0718,1983-01-31
1983-01-26,1.0616,1983-01-31
1983-01-27,1.0616,1983-01-31
1983-01-28,1.0678,1983-01-31
1983-01-31,1.0678,1983-01-31
1983-02-01,1.0735,1983-02-28
1983-02-02,1.0764,1983-02-28
1983-02-03,1.0735,1983-02-28
1983-02-04,1.0776,1983-02-28
1983-02-07,1.1351,1983-02-28
1983-02-08,1.1319,1983-02-28
1983-02-09,1.1299,1983-02-28
1983-02-10,1.1242,1983-02-28
1983-02-11,1.1179,1983-02-28
1983-02-14,1.1179,1983-02-28
1983-02-15,1.1087,1983-02-28
1983-02-16,1.1031,1983-02-28
1983-02-17,1.0963,1983-02-28
1983-02-18,1.0923,1983-02-28
1983-02-22,1.0823,1983-02-28
1983-02-23,1.0846,1983-02-28
1983-02-24,1.0817,1983-02-28
1983-02-25,1.0793,1983-02-28
1983-02-28,1.0905,1983-02-28
1983-03-01,1.0953,1983-03-31
1983-03-02,1.0941,1983-03-31
1983-03-03,1.0905,1983-03-31
1983-03-04,1.0917,1983-03-31
1983-03-07,1.0899,1983-03-31
1983-03-08,1.0893,1983-03-31
1983-03-09,1.0917,1983-03-31
1983-03-10,1.0892,1983-03-31
1983-03-11,1.0911,1983-03-31
1983-03-14,1.0899,1983-03-31
1983-03-15,1.087,1983-03-31
1983-03-16,1.0885,1983-03-31
1983-03-17,1.0887,1983-03-31
1983-03-18,1.0873,1983-03-31
1983-03-21,1.0876,1983-03-31
1983-03-22,1.0878,1983-03-31
1983-03-23,1.0947,1983-03-31
1983-03-24,1.0911,1983-03-31
1983-03-25,1.0911,1983-03-31
1983-03-28,1.0941,1983-03-31
1983-03-29,1.097,1983-03-31
1983-03-30,1.0953,1983-03-31
1983-03-31,1.0961,1983-03-31
1983-04-01,1.0965,1983-04-29
1983-04-04,1.0959,1983-04-29
1983-04-05,1.0995,1983-04-29
1983-04-06,1.0989,1983-04-29
1983-04-07,1.0965,1983-04-29
1983-04-08,1.0983,1983-04-29
1983-04-11,1.0977,1983-04-29
1983-04-12,1.0947,1983-04-29
1983-04-13,1.0941,1983-04-29
1983-04-14,1.0947,1983-04-29
1983-04-15,1.0941,1983-04-29
1983-04-18,1.0923,1983-04-29
1983-04-19,1.0911,1983-04-29
1983-04-20,1.0941,1983-04-29
1983-04-21,1.0941,1983-04-29
1983-04-22,1.0911,1983-04-29
1983-04-25,1.0887,1983-04-29
1983-04-26,1.0885,1983-04-29
1983-04-27,1.0886,1983-04-29
1983-04-28,1.091,1983-04-29
1983-04-29,1.0909,1983-04-29
1983-05-02,1.0899,1983-05-31
1983-05-03,1.0881,1983-05-31
1983-05-04,1.084,1983-05-31
1983-05-05,1.0864,1983-05-31
1983-05-06,1.0858,1983-05-31
1983-05-09,1.0858,1983-05-31
1983-05-10,1.0881,1983-05-31
1983-05-11,1.0823,1983-05-31
1983-05-12,1.0848,1983-05-31
1983-05-13,1.0864,1983-05-31
1983-05-16,1.0864,1983-05-31
1983-05-17,1.0864,1983-05-31
1983-05-18,1.0852,1983-05-31
1983-05-19,1.0841,1983-05-31
1983-05-20,1.082,1983-05-31
1983-05-23,1.0781,1983-05-31
1983-05-24,1.0793,1983-05-31
1983-05-25,1.0811,1983-05-31
1983-05-26,1.0741,1983-05-31
1983-05-27,1.0764,1983-05-31
1983-05-31,1.0741,1983-05-31
1983-06-01,1.0817,1983-06-30
1983-06-02,1.084,1983-06-30
1983-06-03,1.084,1983-06-30
1983-06-06,1.0858,1983-06-30
1983-06-07,1.087,1983-06-30
1983-06-08,1.0905,1983-06-30
1983-06-09,1.0893,1983-06-30
1983-06-10,1.0876,1983-06-30
1983-06-13,1.0893,1983-06-30
1983-06-14,1.0959,1983-06-30
1983-06-15,1.0977,1983-06-30
1983-06-16,1.0983,1983-06-30
1983-06-17,1.0935,1983-06-30
1983-06-20,1.0935,1983-06-30
1983-06-21,1.0963,1983-06-30
1983-06-22,1.0929,1983-06-30
1983-06-23,1.0937,1983-06-30
1983-06-24,1.0911,1983-06-30
1983-06-27,1.0917,1983-06-30
1983-06-28,1.0923,1983-06-30
1983-06-29,1.0951,1983-06-30
1983-06-30,1.0941,1983-06-30
1983-07-01,1.0929,1983-07-29
1983-07-05,1.0929,1983-07-29
1983-07-06,1.0941,1983-07-29
1983-07-07,1.0971,1983-07-29
1983-07-08,1.0953,1983-07-29
1983-07-11,1.0965,1983-07-29
1983-07-12,1.0977,1983-07-29
1983-07-13,1.0989,1983-07-29
1983-07-14,1.0977,1983-07-29
1983-07-15,1.0977,1983-07-29
1983-07-18,1.0977,1983-07-29
1983-07-19,1.0989,1983-07-29
1983-07-20,1.0959,1983-07-29
1983-07-21,1.0953,1983-07-29
1983-07-22,1.0953,1983-07-29
1983-07-25,1.0977,1983-07-29
1983-07-26,1.0953,1983-07-29
1983-07-27,1.0989,1983-07-29
1983-07-28,1.0977,1983-07-29
1983-07-29,1.0989,1983-07-29
1983-08-01,1.0998,1983-08-31
1983-08-02,1.1044,1983-08-31
1983-08-03,1.1072,1983-08-31
1983-08-04,1.1072,1983-08-31
1983-08-05,1.1087,1983-08-31
1983-08-08,1.1114,1983-08-31
1983-08-09,1.113,1983-08-31
1983-08-10,1.1217,1983-08-31
1983-08-11,1.1242,1983-08-31
1983-08-12,1.1242,1983-08-31
1983-08-15,1.1242,1983-08-31
1983-08-16,1.1192,1983-08-31
1983-08-17,1.1173,1983-08-31
1983-08-18,1.1173,1983-08-31
1983-08-19,1.1173,1983-08-31
1983-08-22,1.1173,1983-08-31
1983-08-23,1.1148,1983-08-31
1983-08-24,1.1192,1983-08-31
1983-08-25,1.1192,1983-08-31
1983-08-26,1.1249,1983-08-31
1983-08-29,1.1236,1983-08-31
1983-08-30,1.1239,1983-08-31
1983-08-31,1.1261,1983-08-31
1983-09-01,1.1274,1983-09-30
1983-09-02,1.1319,1983-09-30
1983-09-06,1.1274,1983-09-30
1983-09-07,1.1268,1983-09-30
1983-09-08,1.1242,1983-09-30
1983-09-09,1.1211,1983-09-30
1983-09-12,1.113,1983-09-30
1983-09-13,1.1111,1983-09-30
1983-09-14,1.1132,1983-09-30
1983-09-15,1.1136,1983-09-30
1983-09-16,1.1124,1983-09-30
1983-09-19,1.1068,1983-09-30
1983-09-20,1.1068,1983-09-30
1983-09-21,1.1056,1983-09-30
1983-09-22,1.1071,1983-09-30
1983-09-23,1.108,1983-09-30
1983-09-26,1.1031,1983-09-30
1983-09-27,1.1031,1983-09-30
1983-09-28,1.1013,1983-09-30
1983-09-29,1.1031,1983-09-30
1983-09-30,1.1038,1983-09-30
1983-10-03,1.1084,1983-10-31
1983-10-04,1.1217,1983-10-31
1983-10-05,1.1173,1983-10-31
1983-10-06,1.1148,1983-10-31
1983-10-07,1.1167,1983-10-31
1983-10-11,1.1124,1983-10-31
1983-10-12,1.1179,1983-10-31
1983-10-13,1.1192,1983-10-31
1983-10-14,1.1211,1983-10-31
1983-10-17,1.1167,1983-10-31
1983-10-18,1.1192,1983-10-31
1983-10-19,1.1221,1983-10-31
1983-10-20,1.1293,1983-10-31
1983-10-21,1.1293,1983-10-31
1983-10-24,1.1319,1983-10-31
1983-10-25,1.1297,1983-10-31
1983-10-26,1.1293,1983-10-31
1983-10-27,1.1448,1983-10-31
1983-10-28,1.1447,1983-10-31
1983-10-31,1.1744,1983-10-31
1983-11-01,1.173,1983-11-30
1983-11-02,1.1765,1983-11-30
1983-11-03,1.1588,1983-11-30
1983-11-04,1.1765,1983-11-30
1983-11-07,1.173,1983-11-30
1983-11-09,1.1737,1983-11-30
1983-11-10,1.1703,1983-11-30
1983-11-14,1.171,1983-11-30
1983-11-15,1.1806,1983-11-30
1983-11-16,1.1806,1983-11-30
1983-11-17,1.1955,1983-11-30
1983-11-18,1.1933,1983-11-30
1983-11-21,1.2095,1983-11-30
1983-11-22,1.2048,1983-11-30
1983-11-23,1.2077,1983-11-30
1983-11-25,1.2173,1983-11-30
1983-11-28,1.2019,1983-11-30
1983-11-29,1.2048,1983-11-30
1983-11-30,1.1919,1983-11-30
1983-12-01,1.199,1983-12-30
1983-12-02,1.2005,1983-12-30
1983-12-05,1.2136,1983-12-30
1983-12-06,1.2129,1983-12-30
1983-12-07,1.211,1983-12-30
1983-12-08,1.2154,1983-12-30
1983-12-09,1.2203,1983-12-30
1983-12-12,1.2136,1983-12-30
1983-12-13,1.2136,1983-12-30
1983-12-14,1.2136,1983-12-30
1983-12-15,1.221,1983-12-30
1983-12-16,1.2262,1983-12-30
1983-12-19,1.2271,1983-12-30
1983-12-20,1.224,1983-12-30
1983-12-21,1.2255,1983-12-30
1983-12-22,1.224,1983-12-30
1983-12-23,1.2203,1983-12-30
1983-12-27,1.2218,1983-12-30
1983-12-28,1.2195,1983-12-30
1983-12-29,1.2195,1983-12-30
1983-12-30,1.2225,1983-12-30
1984-01-03,1.23,1984-01-31
1984-01-04,1.2415,1984-01-31
1984-01-05,1.2415,1984-01-31
1984-01-06,1.2579,1984-01-31
1984-01-09,1.2723,1984-01-31
1984-01-10,1.2658,1984-01-31
1984-01-11,1.2634,1984-01-31
1984-01-12,1.2666,1984-01-31
1984-01-13,1.2539,1984-01-31
1984-01-16,1.2477,1984-01-31
1984-01-17,1.2508,1984-01-31
1984-01-18,1.2508,1984-01-31
1984-01-19,1.2477,1984-01-31
1984-01-20,1.2618,1984-01-31
1984-01-23,1.25,1984-01-31
1984-01-24,1.2634,1984-01-31
1984-01-25,1.2618,1984-01-31
1984-01-26,1.2658,1984-01-31
1984-01-27,1.2674,1984-01-31
1984-01-30,1.2715,1984-01-31
1984-01-31,1.2715,1984-01-31
1984-02-01,1.2634,1984-02-29
1984-02-02,1.2492,1984-02-29
1984-02-03,1.2438,1984-02-29
1984-02-06,1.2446,1984-02-29
1984-02-07,1.2602,1984-02-29
1984-02-08,1.2484,1984-02-29
1984-02-09,1.2484,1984-02-29
1984-02-10,1.25,1984-02-29
1984-02-14,1.2438,1984-02-29
1984-02-15,1.2315,1984-02-29
1984-02-16,1.2262,1984-02-29
1984-02-17,1.2262,1984-02-29
1984-02-21,1.2232,1984-02-29
1984-02-22,1.2107,1984-02-29
1984-02-23,1.2034,1984-02-29
1984-02-24,1.2012,1984-02-29
1984-02-27,1.2129,1984-02-29
1984-02-28,1.2005,1984-02-29
1984-02-29,1.1976,1984-02-29
1984-03-01,1.2044,1984-03-30
1984-03-02,1.199,1984-03-30
1984-03-05,1.1926,1984-03-30
1984-03-06,1.1905,1984-03-30
1984-03-07,1.1912,1984-03-30
1984-03-08,1.199,1984-03-30
1984-03-09,1.1947,1984-03-30
1984-03-12,1.2107,1984-03-30
1984-03-13,1.1983,1984-03-30
1984-03-14,1.1976,1984-03-30
1984-03-15,1.2092,1984-03-30
1984-03-16,1.224,1984-03-30
1984-03-19,1.2392,1984-03-30
1984-03-20,1.2399,1984-03-30
1984-03-21,1.2438,1984-03-30
1984-03-22,1.243,1984-03-30
1984-03-23,1.2422,1984-03-30
1984-03-26,1.2346,1984-03-30
1984-03-27,1.2255,1984-03-30
1984-03-28,1.2438,1984-03-30
1984-03-29,1.2422,1984-03-30
1984-03-30,1.2376,1984-03-30
1984-04-02,1.2422,1984-04-30
1984-04-03,1.2422,1984-04-30
1984-04-04,1.2516,1984-04-30
1984-04-05,1.2461,1984-04-30
1984-04-06,1.2461,1984-04-30
1984-04-09,1.25,1984-04-30
1984-04-10,1.2453,1984-04-30
1984-04-11,1.2346,1984-04-30
1984-04-12,1.2415,1984-04-30
1984-04-13,1.243,1984-04-30
1984-04-16,1.2461,1984-04-30
1984-04-17,1.2461,1984-04-30
1984-04-18,1.25,1984-04-30
1984-04-19,1.2516,1984-04-30
1984-04-20,1.2484,1984-04-30
1984-04-23,1.2469,1984-04-30
1984-04-24,1.2531,1984-04-30
1984-04-25,1.2488,1984-04-30
1984-04-26,1.2492,1984-04-30
1984-04-27,1.2508,1984-04-30
1984-04-30,1.256,1984-04-30
1984-05-01,1.2587,1984-05-31
1984-05-02,1.2571,1984-05-31
1984-05-03,1.2571,1984-05-31
1984-05-04,1.2579,1984-05-31
1984-05-07,1.2626,1984-05-31
1984-05-08,1.2715,1984-05-31
1984-05-09,1.3193,1984-05-31
1984-05-10,1.2854,1984-05-31
1984-05-11,1.2945,1984-05-31
1984-05-14,1.2953,1984-05-31
1984-05-15,1.2887,1984-05-31
1984-05-16,1.2837,1984-05-31
1984-05-17,1.2829,1984-05-31
1984-05-18,1.2895,1984-05-31
1984-05-21,1.2804,1984-05-31
1984-05-22,1.2771,1984-05-31
1984-05-23,1.2804,1984-05-31
1984-05-24,1.2837,1984-05-31
1984-05-25,1.2788,1984-05-31
1984-05-29,1.2854,1984-05-31
1984-05-30,1.2829,1984-05-31
1984-05-31,1.2821,1984-05-31
1984-06-01,1.2666,1984-06-29
1984-06-04,1.2666,1984-06-29
1984-06-05,1.2666,1984-06-29
1984-06-06,1.2739,1984-06-29
1984-06-07,1.2763,1984-06-29
1984-06-08,1.2845,1984-06-29
1984-06-11,1.2912,1984-06-29
1984-06-12,1.3038,1984-06-29
1984-06-13,1.2979,1984-06-29
1984-06-14,1.3004,1984-06-29
1984-06-15,1.3021,1984-06-29
1984-06-18,1.3106,1984-06-29
1984-06-19,1.3029,1984-06-29
1984-06-20,1.3115,1984-06-29
1984-06-21,1.321,1984-06-29
1984-06-22,1.321,1984-06-29
1984-06-25,1.3468,1984-06-29
1984-06-26,1.3486,1984-06-29
1984-06-27,1.3578,1984-06-29
1984-06-28,1.3596,1984-06-29
1984-06-29,1.3587,1984-06-29
1984-07-02,1.368,1984-07-31
1984-07-03,1.4071,1984-07-31
1984-07-05,1.4347,1984-07-31
1984-07-06,1.4925,1984-07-31
1984-07-09,1.4826,1984-07-31
1984-07-10,1.4815,1984-07-31
1984-07-11,1.4881,1984-07-31
1984-07-12,1.4859,1984-07-31
1984-07-13,1.4782,1984-07-31
1984-07-16,1.4684,1984-07-31
1984-07-17,1.4859,1984-07-31
1984-07-18,1.4954,1984-07-31
1984-07-19,1.4837,1984-07-31
1984-07-20,1.4925,1984-07-31
1984-07-23,1.5397,1984-07-31
1984-07-24,1.5679,1984-07-31
1984-07-25,1.5625,1984-07-31
1984-07-26,1.5516,1984-07-31
1984-07-27,1.5924,1984-07-31
1984-07-30,1.6287,1984-07-31
1984-07-31,1.6447,1984-07-31
1984-08-01,1.6681,1984-08-31
1984-08-02,1.6412,1984-08-31
1984-08-03,1.5504,1984-08-31
1984-08-06,1.565,1984-08-31
1984-08-07,1.6173,1984-08-31
1984-08-08,1.6,1984-08-31
1984-08-09,1.5736,1984-08-31
1984-08-10,1.5835,1984-08-31
1984-08-13,1.6031,1984-08-31
1984-08-14,1.5564,1984-08-31
1984-08-15,1.5361,1984-08-31
1984-08-16,1.4968,1984-08-31
1984-08-17,1.5385,1984-08-31
1984-08-20,1.5432,1984-08-31
1984-08-21,1.5528,1984-08-31
1984-08-22,1.5528,1984-08-31
1984-08-23,1.5533,1984-08-31
1984-08-24,1.5564,1984-08-31
1984-08-27,1.5584,1984-08-31
1984-08-28,1.5545,1984-08-31
1984-08-29,1.5528,1984-08-31
1984-08-30,1.565,1984-08-31
1984-08-31,1.5723,1984-08-31
1984-09-04,1.6095,1984-09-28
1984-09-05,1.6461,1984-09-28
1984-09-06,1.6434,1984-09-28
1984-09-07,1.6592,1984-09-28
1984-09-10,1.657,1984-09-28
1984-09-11,1.6611,1984-09-28
1984-09-12,1.6461,1984-09-28
1984-09-13,1.6765,1984-09-28
1984-09-14,1.6639,1984-09-28
1984-09-17,1.6827,1984-09-28
1984-09-18,1.6984,1984-09-28
1984-09-19,1.675,1984-09-28
1984-09-20,1.7036,1984-09-28
1984-09-21,1.6529,1984-09-28
1984-09-24,1.6625,1984-09-28
1984-09-25,1.6779,1984-09-28
1984-09-26,1.6807,1984-09-28
1984-09-27,1.6625,1984-09-28
1984-09-28,1.6708,1984-09-28
1984-10-01,1.6807,1984-10-31
1984-10-02,1.6807,1984-10-31
1984-10-03,1.6611,1984-10-31
1984-10-04,1.6827,1984-10-31
1984-10-05,1.6892,1984-10-31
1984-10-09,1.7286,1984-10-31
1984-10-10,1.7301,1984-10-31
1984-10-11,1.7271,1984-10-31
1984-10-12,1.7437,1984-10-31
1984-10-15,1.7809,1984-10-31
1984-10-16,1.7889,1984-10-31
1984-10-17,1.7889,1984-10-31
1984-10-18,1.7841,1984-10-31
1984-10-19,1.7825,1984-10-31
1984-10-22,1.797,1984-10-31
1984-10-23,1.7809,1984-10-31
1984-10-24,1.7699,1984-10-31
1984-10-25,1.7986,1984-10-31
1984-10-26,1.8116,1984-10-31
1984-10-29,1.9418,1984-10-31
1984-10-30,1.9286,1984-10-31
1984-10-31,1.9048,1984-10-31
1984-11-01,1.8886,1984-11-30
1984-11-02,1.8692,1984-11-30
1984-11-05,1.8051,1984-11-30
1984-11-07,1.7544,1984-11-30
1984-11-08,1.7544,1984-11-30
1984-11-09,1.7668,1984-11-30
1984-11-13,1.7301,1984-11-30
1984-11-14,1.7606,1984-11-30
1984-11-15,1.7621,1984-11-30
1984-11-16,1.7621,1984-11-30
1984-11-19,1.8002,1984-11-30
1984-11-20,1.7889,1984-11-30
1984-11-21,1.8018,1984-11-30
1984-11-23,1.8051,1984-11-30
1984-11-26,1.8232,1984-11-30
1984-11-27,1.8298,1984-11-30
1984-11-28,1.8605,1984-11-30
1984-11-29,1.8519,1984-11-30
1984-11-30,1.8587,1984-11-30
1984-12-03,1.8587,1984-12-31
1984-12-04,1.8332,1984-12-31
1984-12-05,1.8416,1984-12-31
1984-12-06,1.8366,1984-12-31
1984-12-07,1.8416,1984-12-31
1984-12-10,1.8258,1984-12-31
1984-12-11,1.8433,1984-12-31
1984-12-12,1.8587,1984-12-31
1984-12-13,1.8553,1984-12-31
1984-12-14,1.8779,1984-12-31
1984-12-17,1.9084,1984-12-31
1984-12-18,1.9286,1984-12-31
1984-12-19,1.9305,1984-12-31
1984-12-20,1.9512,1984-12-31
1984-12-21,1.9493,1984-12-31
1984-12-24,1.9589,1984-12-31
1984-12-26,1.9608,1984-12-31
1984-12-27,1.9802,1984-12-31
1984-12-28,1.9802,1984-12-31
1984-12-31,1.9901,1984-12-31
1985-01-02,2.0161,1985-01-31
1985-01-03,2.0325,1985-01-31
1985-01-04,2.0408,1985-01-31
1985-01-07,2.0986,1985-01-31
1985-01-08,2.0921,1985-01-31
1985-01-09,2.1186,1985-01-31
1985-01-10,2.1097,1985-01-31
1985-01-11,2.1739,1985-01-31
1985-01-14,2.2548,1985-01-31
1985-01-15,2.2989,1985-01-31
1985-01-16,2.2857,1985-01-31
1985-01-17,2.331,1985-01-31
1985-01-18,2.3256,1985-01-31
1985-01-22,2.2805,1985-01-31
1985-01-23,2.3202,1985-01-31
1985-01-24,2.2989,1985-01-31
1985-01-25,2.2396,1985-01-31
1985-01-28,2.1345,1985-01-31
1985-01-29,2.0513,1985-01-31
1985-01-30,1.9802,1985-01-31
1985-01-31,1.9802,1985-01-31
1985-02-01,1.9841,1985-02-28
1985-02-04,2.0284,1985-02-28
1985-02-05,2.0243,1985-02-28
1985-02-06,1.955,1985-02-28
1985-02-07,1.8709,1985-02-28
1985-02-08,1.8692,1985-02-28
1985-02-11,1.8868,1985-02-28
1985-02-13,1.8519,1985-02-28
1985-02-14,1.8762,1985-02-28
1985-02-15,1.9139,1985-02-28
1985-02-19,1.9531,1985-02-28
1985-02-20,1.996,1985-02-28
1985-02-21,2.0243,1985-02-28
1985-02-22,2.0683,1985-02-28
1985-02-25,2.1645,1985-02-28
1985-02-26,2.1575,1985-02-28
1985-02-27,2.0,1985-02-28
1985-02-28,2.045,1985-02-28
1985-03-01,2.0619,1985-03-29
1985-03-04,2.0725,1985-03-29
1985-03-05,2.0597,1985-03-29
1985-03-06,2.0367,1985-03-29
1985-03-07,2.0325,1985-03-29
1985-03-08,2.0597,1985-03-29
1985-03-11,2.006,1985-03-29
1985-03-12,1.9901,1985-03-29
1985-03-13,2.006,1985-03-29
1985-03-14,2.0408,1985-03-29
1985-03-15,2.0408,1985-03-29
1985-03-18,2.0,1985-03-29
1985-03-19,1.9231,1985-03-29
1985-03-20,1.9139,1985-03-29
1985-03-21,1.9048,1985-03-29
1985-03-22,1.957,1985-03-29
1985-03-25,1.9901,1985-03-29
1985-03-26,1.9763,1985-03-29
1985-03-27,1.8886,1985-03-29
1985-03-28,1.9102,1985-03-29
1985-03-29,1.8904,1985-03-29
1985-04-01,1.9418,1985-04-30
1985-04-02,1.9646,1985-04-30
1985-04-03,1.9646,1985-04-30
1985-04-04,2.008,1985-04-30
1985-04-05,2.0202,1985-04-30
1985-04-08,2.006,1985-04-30
1985-04-09,1.9802,1985-04-30
1985-04-10,1.9802,1985-04-30
1985-04-11,1.9194,1985-04-30
1985-04-12,1.9066,1985-04-30
1985-04-15,1.8886,1985-04-30
1985-04-16,1.8868,1985-04-30
1985-04-17,1.9194,1985-04-30
1985-04-18,1.8797,1985-04-30
1985-04-19,1.8922,1985-04-30
1985-04-22,1.9084,1985-04-30
1985-04-23,1.9286,1985-04-30
1985-04-24,1.9418,1985-04-30
1985-04-25,1.9531,1985-04-30
1985-04-26,1.9493,1985-04-30
1985-04-29,1.9531,1985-04-30
1985-04-30,1.9455,1985-04-30
1985-05-01,1.9794,1985-05-31
1985-05-02,1.992,1985-05-31
1985-05-03,2.006,1985-05-31
1985-05-06,2.0408,1985-05-31
1985-05-07,2.0223,1985-05-31
1985-05-08,2.002,1985-05-31
1985-05-09,1.992,1985-05-31
1985-05-10,1.9822,1985-05-31
1985-05-13,1.9666,1985-05-31
1985-05-14,1.9685,1985-05-31
1985-05-15,1.9685,1985-05-31
1985-05-16,1.9782,1985-05-31
1985-05-17,1.9901,1985-05-31
1985-05-20,1.9822,1985-05-31
1985-05-21,1.9841,1985-05-31
1985-05-22,1.998,1985-05-31
1985-05-23,2.002,1985-05-31
1985-05-24,1.996,1985-05-31
1985-05-28,2.0141,1985-05-31
1985-05-29,1.998,1985-05-31
1985-05-30,1.9968,1985-05-31
1985-05-31,1.9881,1985-05-31
1985-06-03,1.994,1985-06-28
1985-06-04,1.9881,1985-06-28
1985-06-05,2.0,1985-06-28
1985-06-06,1.996,1985-06-28
1985-06-07,1.998,1985-06-28
1985-06-10,2.004,1985-06-28
1985-06-11,2.0,1985-06-28
1985-06-12,1.992,1985-06-28
1985-06-13,1.9881,1985-06-28
1985-06-14,1.9861,1985-06-28
1985-06-17,1.9802,1985-06-28
1985-06-18,1.9455,1985-06-28
1985-06-19,1.9455,1985-06-28
1985-06-20,1.9666,1985-06-28
1985-06-21,1.9608,1985-06-28
1985-06-24,1.9743,1985-06-28
1985-06-25,1.9608,1985-06-28
1985-06-26,1.9608,1985-06-28
1985-06-27,1.9724,1985-06-28
1985-06-28,1.9596,1985-06-28
1985-07-01,1.9763,1985-07-31
1985-07-02,1.9822,1985-07-31
1985-07-03,1.9802,1985-07-31
1985-07-05,1.9901,1985-07-31
1985-07-08,1.9589,1985-07-31
1985-07-09,1.9418,1985-07-31
1985-07-10,1.9279,1985-07-31
1985-07-11,1.9249,1985-07-31
1985-07-12,1.9102,1985-07-31
1985-07-15,1.9157,1985-07-31
1985-07-16,1.9048,1985-07-31
1985-07-17,1.8692,1985-07-31
1985-07-18,1.885,1985-07-31
1985-07-19,1.8975,1985-07-31
1985-07-22,1.9157,1985-07-31
1985-07-23,1.8904,1985-07-31
1985-07-24,1.9001,1985-07-31
1985-07-25,1.996,1985-07-31
1985-07-26,2.0725,1985-07-31
1985-07-29,2.0429,1985-07-31
1985-07-30,2.0555,1985-07-31
1985-07-31,2.1978,1985-07-31
1985-08-01,2.2321,1985-08-30
1985-08-02,2.2148,1985-08-30
1985-08-05,2.2198,1985-08-30
1985-08-06,2.2805,1985-08-30
1985-08-07,2.2272,1985-08-30
1985-08-08,2.1368,1985-08-30
1985-08-09,2.1739,1985-08-30
1985-08-12,2.0877,1985-08-30
1985-08-13,2.1954,1985-08-30
1985-08-14,2.2472,1985-08-30
1985-08-15,2.2422,1985-08-30
1985-08-16,2.4096,1985-08-30
1985-08-19,2.4213,1985-08-30
1985-08-20,2.4272,1985-08-30
1985-08-21,2.5,1985-08-30
1985-08-22,2.5,1985-08-30
1985-08-23,2.4814,1985-08-30
1985-08-26,2.5413,1985-08-30
1985-08-27,2.8169,1985-08-30
1985-09-03,2.439,1985-09-30
1985-09-04,2.5317,1985-09-30
1985-09-05,2.5221,1985-09-30
1985-09-06,2.5974,1985-09-30
1985-09-09,2.6042,1985-09-30
1985-09-10,2.5,1985-09-30
1985-09-11,2.4753,1985-09-30
1985-09-12,2.4783,1985-09-30
1985-09-13,2.451,1985-09-30
1985-09-16,2.4242,1985-09-30
1985-09-17,2.4272,1985-09-30
1985-09-18,2.5317,1985-09-30
1985-09-19,2.6525,1985-09-30
1985-09-20,2.7778,1985-09-30
1985-09-23,2.5189,1985-09-30
1985-09-24,2.5807,1985-09-30
1985-09-25,2.5873,1985-09-30
1985-09-26,2.5189,1985-09-30
1985-09-27,2.5221,1985-09-30
1985-09-30,2.5608,1985-09-30
1985-10-01,2.5126,1985-10-31
1985-10-02,2.5,1985-10-31
1985-10-03,2.5576,1985-10-31
1985-10-04,2.5641,1985-10-31
1985-10-07,2.633,1985-10-31
1985-10-08,2.6144,1985-10-31
1985-10-09,2.6247,1985-10-31
1985-10-10,2.6316,1985-10-31
1985-10-11,2.642,1985-10-31
1985-10-15,2.7473,1985-10-31
1985-10-16,2.7586,1985-10-31
1985-10-17,2.6247,1985-10-31
1985-10-18,2.6316,1985-10-31
1985-10-21,2.6008,1985-10-31
1985-10-22,2.5907,1985-10-31
1985-10-23,2.5807,1985-10-31
1985-10-24,2.584,1985-10-31
1985-10-25,2.5974,1985-10-31
1985-10-28,2.6076,1985-10-31
1985-10-29,2.594,1985-10-31
1985-10-30,2.5641,1985-10-31
1985-10-31,2.584,1985-10-31
1985-11-01,2.5873,1985-11-29
1985-11-04,2.5773,1985-11-29
1985-11-05,2.5974,1985-11-29
1985-11-06,2.5974,1985-11-29
1985-11-07,2.6247,1985-11-29
1985-11-08,2.7211,1985-11-29
1985-11-12,2.7064,1985-11-29
1985-11-13,2.6954,1985-11-29
1985-11-14,2.6918,1985-11-29
1985-11-15,2.7027,1985-11-29
1985-11-18,2.6954,1985-11-29
1985-11-19,2.6954,1985-11-29
1985-11-20,2.6954,1985-11-29
1985-11-21,2.6846,1985-11-29
1985-11-22,2.6774,1985-11-29
1985-11-25,2.6667,1985-11-29
1985-11-26,2.6351,1985-11-29
1985-11-27,2.6316,1985-11-29
1985-11-29,2.7027,1985-11-29
1985-12-02,2.8169,1985-12-31
1985-12-03,2.7663,1985-12-31
1985-12-04,2.7972,1985-12-31
1985-12-05,2.7778,1985-12-31
1985-12-06,2.7586,1985-12-31
1985-12-09,2.6667,1985-12-31
1985-12-10,2.6882,1985-12-31
1985-12-11,2.6846,1985-12-31
1985-12-12,2.6455,1985-12-31
1985-12-13,2.6667,1985-12-31
1985-12-16,2.649,1985-12-31
1985-12-17,2.6918,1985-12-31
1985-12-18,2.6954,1985-12-31
1985-12-19,2.6846,1985-12-31
1985-12-20,2.6667,1985-12-31
1985-12-23,2.6795,1985-12-31
1985-12-24,2.907,1985-12-31
1985-12-26,2.6667,1985-12-31
1985-12-27,2.649,1985-12-31
1985-12-30,2.5974,1985-12-31
1985-12-31,2.5707,1985-12-31
1986-01-02,2.5317,1986-01-31
1986-01-03,2.5576,1986-01-31
1986-01-06,2.5381,1986-01-31
1986-01-07,2.5031,1986-01-31
1986-01-08,2.4753,1986-01-31
1986-01-09,2.4272,1986-01-31
1986-01-10,2.3866,1986-01-31
1986-01-13,2.3781,1986-01-31
1986-01-14,2.3585,1986-01-31
1986-01-15,2.3474,1986-01-31
1986-01-16,2.3095,1986-01-31
1986-01-17,2.2989,1986-01-31
1986-01-21,2.2883,1986-01-31
1986-01-22,2.2727,1986-01-31
1986-01-23,2.2868,1986-01-31
1986-01-24,2.265,1986-01-31
1986-01-27,2.2346,1986-01-31
1986-01-28,2.3015,1986-01-31
1986-01-29,2.2857,1986-01-31
1986-01-30,2.2857,1986-01-31
1986-01-31,2.2857,1986-01-31
1986-02-03,2.2472,1986-02-28
1986-02-04,2.2075,1986-02-28
1986-02-05,2.1978,1986-02-28
1986-02-06,2.1505,1986-02-28
1986-02-07,2.139,1986-02-28
1986-02-10,2.193,1986-02-28
1986-02-11,2.1552,1986-02-28
1986-02-12,2.1368,1986-02-28
1986-02-13,2.1164,1986-02-28
1986-02-14,2.0986,1986-02-28
1986-02-18,2.0683,1986-02-28
1986-02-19,2.0243,1986-02-28
1986-02-20,2.0305,1986-02-28
1986-02-21,2.0101,1986-02-28
1986-02-24,1.998,1986-02-28
1986-02-25,1.9782,1986-02-28
1986-02-26,1.983,1986-02-28
1986-02-27,1.9841,1986-02-28
1986-02-28,1.9861,1986-02-28
1986-03-03,1.9849,1986-03-31
1986-03-04,1.979,1986-03-31
1986-03-05,1.9881,1986-03-31
1986-03-06,1.9948,1986-03-31
1986-03-07,1.9952,1986-03-31
1986-03-10,1.9901,1986-03-31
1986-03-11,1.9841,1986-03-31
1986-03-12,1.9881,1986-03-31
1986-03-13,1.992,1986-03-31
1986-03-14,1.998,1986-03-31
1986-03-17,2.006,1986-03-31
1986-03-18,2.002,1986-03-31
1986-03-19,2.0367,1986-03-31
1986-03-20,2.0877,1986-03-31
1986-03-21,2.0877,1986-03-31
1986-03-24,2.0899,1986-03-31
1986-03-25,2.1622,1986-03-31
1986-03-26,2.1322,1986-03-31
1986-03-27,2.1053,1986-03-31
1986-03-28,2.1053,1986-03-31
1986-03-31,2.1505,1986-03-31
1986-04-01,2.139,1986-04-30
1986-04-02,2.1459,1986-04-30
1986-04-03,2.1505,1986-04-30
1986-04-04,2.0833,1986-04-30
1986-04-07,2.0942,1986-04-30
1986-04-08,2.0367,1986-04-30
1986-04-09,2.0429,1986-04-30
1986-04-10,2.0597,1986-04-30
1986-04-11,2.0247,1986-04-30
1986-04-14,2.0346,1986-04-30
1986-04-15,2.0408,1986-04-30
1986-04-16,2.004,1986-04-30
1986-04-17,1.9802,1986-04-30
1986-04-18,2.0,1986-04-30
1986-04-21,2.0,1986-04-30
1986-04-22,2.004,1986-04-30
1986-04-23,2.0202,1986-04-30
1986-04-24,2.064,1986-04-30
1986-04-25,2.0492,1986-04-30
1986-04-28,2.0471,1986-04-30
1986-04-29,2.0568,1986-04-30
1986-04-30,2.0576,1986-04-30
1986-05-01,2.0704,1986-05-30
1986-05-02,2.0747,1986-05-30
1986-05-05,2.0661,1986-05-30
1986-05-06,2.0964,1986-05-30
1986-05-07,2.1231,1986-05-30
1986-05-08,2.1164,1986-05-30
1986-05-09,2.0942,1986-05-30
1986-05-12,2.1097,1986-05-30
1986-05-13,2.1368,1986-05-30
1986-05-14,2.1692,1986-05-30
1986-05-15,2.1669,1986-05-30
1986-05-16,2.1739,1986-05-30
1986-05-19,2.2346,1986-05-30
1986-05-20,2.2702,1986-05-30
1986-05-21,2.2727,1986-05-30
1986-05-22,2.2831,1986-05-30
1986-05-23,2.2727,1986-05-30
1986-05-27,2.3283,1986-05-30
1986-05-28,2.3256,1986-05-30
1986-05-29,2.3283,1986-05-30
1986-05-30,2.3613,1986-05-30
1986-06-02,2.401,1986-06-30
1986-06-03,2.4331,1986-06-30
1986-06-04,2.5,1986-06-30
1986-06-05,2.5,1986-06-30
1986-06-06,2.5253,1986-06-30
1986-06-09,2.5907,1986-06-30
1986-06-10,2.6042,1986-06-30
1986-06-11,2.6991,1986-06-30
1986-06-12,2.7458,1986-06-30
1986-06-13,2.71,1986-06-30
1986-06-16,2.5974,1986-06-30
1986-06-17,2.4661,1986-06-30
1986-06-18,2.3529,1986-06-30
1986-06-19,2.4691,1986-06-30
1986-06-20,2.4691,1986-06-30
1986-06-23,2.5707,1986-06-30
1986-06-24,2.584,1986-06-30
1986-06-25,2.5381,1986-06-30
1986-06-26,2.5285,1986-06-30
1986-06-27,2.5,1986-06-30
1986-06-30,2.4753,1986-06-30
1986-07-01,2.5253,1986-07-31
1986-07-02,2.5317,1986-07-31
1986-07-03,2.5189,1986-07-31
1986-07-07,2.5478,1986-07-31
1986-07-08,2.551,1986-07-31
1986-07-09,2.5543,1986-07-31
1986-07-10,2.5707,1986-07-31
1986-07-11,2.5974,1986-07-31
1986-07-14,2.6316,1986-07-31
1986-07-15,2.6144,1986-07-31
1986-07-16,2.5974,1986-07-31
1986-07-17,2.5807,1986-07-31
1986-07-18,2.5807,1986-07-31
1986-07-21,2.5189,1986-07-31
1986-07-22,2.5317,1986-07-31
1986-07-23,2.5253,1986-07-31
1986-07-24,2.5285,1986-07-31
1986-07-25,2.5576,1986-07-31
1986-07-28,2.5773,1986-07-31
1986-07-29,2.5543,1986-07-31
1986-07-30,2.611,1986-07-31
1986-07-31,2.5608,1986-07-31
1986-08-01,2.5107,1986-08-29
1986-08-04,2.5608,1986-08-29
1986-08-05,2.611,1986-08-29
1986-08-06,2.6281,1986-08-29
1986-08-07,2.6212,1986-08-29
1986-08-08,2.6226,1986-08-29
1986-08-11,2.584,1986-08-29
1986-08-12,2.6385,1986-08-29
1986-08-13,2.6212,1986-08-29
1986-08-14,2.6144,1986-08-29
1986-08-15,2.6076,1986-08-29
1986-08-18,2.6316,1986-08-29
1986-08-19,2.6247,1986-08-29
1986-08-20,2.6076,1986-08-29
1986-08-21,2.5988,1986-08-29
1986-08-22,2.6076,1986-08-29
1986-08-25,2.6281,1986-08-29
1986-08-26,2.6274,1986-08-29
1986-08-27,2.6144,1986-08-29
1986-08-28,2.594,1986-08-29
1986-08-29,2.551,1986-08-29
1986-09-02,2.4301,1986-09-30
1986-09-03,2.3585,1986-09-30
1986-09-04,2.3895,1986-09-30
1986-09-05,2.381,1986-09-30
1986-09-08,2.3952,1986-09-30
1986-09-09,2.3952,1986-09-30
1986-09-10,2.3838,1986-09-30
1986-09-11,2.3981,1986-09-30
1986-09-12,2.3697,1986-09-30
1986-09-15,2.3256,1986-09-30
1986-09-16,2.2962,1986-09-30
1986-09-17,2.2936,1986-09-30
1986-09-18,2.2051,1986-09-30
1986-09-19,2.2099,1986-09-30
1986-09-22,2.2297,1986-09-30
1986-09-23,2.2472,1986-09-30
1986-09-24,2.2396,1986-09-30
1986-09-25,2.2523,1986-09-30
1986-09-26,2.2371,1986-09-30
1986-09-29,2.2173,1986-09-30
1986-09-30,2.2297,1986-09-30
1986-10-01,2.2422,1986-10-31
1986-10-02,2.2297,1986-10-31
1986-10-03,2.2272,1986-10-31
1986-10-06,2.2173,1986-10-31
1986-10-07,2.2247,1986-10-31
1986-10-08,2.2321,1986-10-31
1986-10-09,2.2346,1986-10-31
1986-10-10,2.2371,1986-10-31
1986-10-14,2.2422,1986-10-31
1986-10-15,2.2523,1986-10-31
1986-10-16,2.2422,1986-10-31
1986-10-17,2.2396,1986-10-31
1986-10-20,2.2523,1986-10-31
1986-10-21,2.2462,1986-10-31
1986-10-22,2.2512,1986-10-31
1986-10-23,2.2472,1986-10-31
1986-10-24,2.2738,1986-10-31
1986-10-27,2.291,1986-10-31
1986-10-28,2.2805,1986-10-31
1986-10-29,2.2857,1986-10-31
1986-10-30,2.2936,1986-10-31
1986-10-31,2.2936,1986-10-31
1986-11-03,2.2925,1986-11-28
1986-11-04,2.2727,1986-11-28
1986-11-05,2.2779,1986-11-28
1986-11-06,2.2805,1986-11-28
1986-11-07,2.2702,1986-11-28
1986-11-10,2.2676,1986-11-28
1986-11-12,2.2599,1986-11-28
1986-11-13,2.2497,1986-11-28
1986-11-14,2.2222,1986-11-28
1986-11-17,2.2346,1986-11-28
1986-11-18,2.2386,1986-11-28
1986-11-19,2.2346,1986-11-28
1986-11-20,2.2447,1986-11-28
1986-11-21,2.2422,1986-11-28
1986-11-24,2.2614,1986-11-28
1986-11-25,2.2573,1986-11-28
1986-11-26,2.2422,1986-11-28
1986-11-28,2.2198,1986-11-28
1986-12-01,2.2051,1986-12-31
1986-12-02,2.2124,1986-12-31
1986-12-03,2.2075,1986-12-31
1986-12-04,2.2075,1986-12-31
1986-12-05,2.2247,1986-12-31
1986-12-08,2.2262,1986-12-31
1986-12-09,2.2297,1986-12-31
1986-12-10,2.2376,1986-12-31
1986-12-11,2.2371,1986-12-31
1986-12-12,2.2422,1986-12-31
1986-12-15,2.2396,1986-12-31
1986-12-16,2.2422,1986-12-31
1986-12-17,2.2422,1986-12-31
1986-12-18,2.2447,1986-12-31
1986-12-19,2.2361,1986-12-31
1986-12-22,2.2297,1986-12-31
1986-12-23,2.2222,1986-12-31
1986-12-24,2.2232,1986-12-31
1986-12-26,2.2321,1986-12-31
1986-12-29,2.2173,1986-12-31
1986-12-30,2.2099,1986-12-31
1986-12-31,2.1872,1986-12-31
1987-01-02,2.1645,1987-01-30
1987-01-05,2.1608,1987-01-30
1987-01-06,2.1575,1987-01-30
1987-01-07,2.1561,1987-01-30
1987-01-08,2.1482,1987-01-30
1987-01-09,2.1436,1987-01-30
1987-01-12,2.1075,1987-01-30
1987-01-13,2.0868,1987-01-30
1987-01-14,2.0768,1987-01-30
1987-01-15,2.0704,1987-01-30
1987-01-16,2.0619,1987-01-30
1987-01-20,2.0661,1987-01-30
1987-01-21,2.0833,1987-01-30
1987-01-22,2.0597,1987-01-30
1987-01-23,2.0877,1987-01-30
1987-01-26,2.0704,1987-01-30
1987-01-27,2.0661,1987-01-30
1987-01-28,2.0367,1987-01-30
1987-01-29,2.0492,1987-01-30
1987-01-30,2.0942,1987-01-30
1987-02-02,2.064,1987-02-27
1987-02-03,2.0747,1987-02-27
1987-02-04,2.0725,1987-02-27
1987-02-05,2.0855,1987-02-27
1987-02-06,2.0964,1987-02-27
1987-02-09,2.0833,1987-02-27
1987-02-10,2.0725,1987-02-27
1987-02-11,2.0921,1987-02-27
1987-02-12,2.0877,1987-02-27
1987-02-13,2.1008,1987-02-27
1987-02-17,2.0855,1987-02-27
1987-02-18,2.1008,1987-02-27
1987-02-19,2.1053,1987-02-27
1987-02-20,2.0833,1987-02-27
1987-02-23,2.0833,1987-02-27
1987-02-24,2.0921,1987-02-27
1987-02-25,2.079,1987-02-27
1987-02-26,2.0704,1987-02-27
1987-02-27,2.079,1987-02-27
1987-03-02,2.079,1987-03-31
1987-03-03,2.0833,1987-03-31
1987-03-04,2.0747,1987-03-31
1987-03-05,2.0833,1987-03-31
1987-03-06,2.0833,1987-03-31
1987-03-09,2.0833,1987-03-31
1987-03-10,2.0964,1987-03-31
1987-03-11,2.1053,1987-03-31
1987-03-12,2.0986,1987-03-31
1987-03-13,2.0942,1987-03-31
1987-03-16,2.0934,1987-03-31
1987-03-17,2.0864,1987-03-31
1987-03-18,2.0855,1987-03-31
1987-03-19,2.0833,1987-03-31
1987-03-20,2.0855,1987-03-31
1987-03-23,2.0768,1987-03-31
1987-03-24,2.0661,1987-03-31
1987-03-25,2.0513,1987-03-31
1987-03-26,2.0555,1987-03-31
1987-03-27,2.0408,1987-03-31
1987-03-30,2.0101,1987-03-31
1987-03-31,2.0202,1987-03-31
1987-04-01,2.0408,1987-04-30
1987-04-02,2.0492,1987-04-30
1987-04-03,2.0367,1987-04-30
1987-04-06,2.0305,1987-04-30
1987-04-07,2.0387,1987-04-30
1987-04-08,2.0408,1987-04-30
1987-04-09,2.0408,1987-04-30
1987-04-10,2.0243,1987-04-30
1987-04-13,2.008,1987-04-30
1987-04-14,1.9988,1987-04-30
1987-04-15,2.0,1987-04-30
1987-04-16,2.0121,1987-04-30
1987-04-17,2.0101,1987-04-30
1987-04-20,2.008,1987-04-30
1987-04-21,2.0101,1987-04-30
1987-04-22,2.0182,1987-04-30
1987-04-23,2.0161,1987-04-30
1987-04-24,2.0048,1987-04-30
1987-04-27,1.994,1987-04-30
1987-04-28,2.0,1987-04-30
1987-04-29,2.002,1987-04-30
1987-04-30,2.004,1987-04-30
1987-05-01,2.008,1987-05-29
1987-05-04,1.996,1987-05-29
1987-05-05,1.992,1987-05-29
1987-05-06,2.0,1987-05-29
1987-05-07,2.004,1987-05-29
1987-05-08,2.0101,1987-05-29
1987-05-11,2.0182,1987-05-29
1987-05-12,2.0121,1987-05-29
1987-05-13,2.0141,1987-05-29
1987-05-14,2.0121,1987-05-29
1987-05-15,1.996,1987-05-29
1987-05-18,1.994,1987-05-29
1987-05-19,2.0,1987-05-29
1987-05-20,1.9901,1987-05-29
1987-05-21,1.994,1987-05-29
1987-05-22,1.9794,1987-05-29
1987-05-26,2.0101,1987-05-29
1987-05-27,2.0284,1987-05-29
1987-05-28,2.0284,1987-05-29
1987-05-29,2.0223,1987-05-29
1987-06-01,2.0325,1987-06-30
1987-06-02,2.0182,1987-06-30
1987-06-03,2.0161,1987-06-30
1987-06-04,2.0223,1987-06-30
1987-06-05,2.0101,1987-06-30
1987-06-08,2.0101,1987-06-30
1987-06-09,2.004,1987-06-30
1987-06-10,2.0,1987-06-30
1987-06-11,2.0,1987-06-30
1987-06-12,2.0101,1987-06-30
1987-06-15,2.0182,1987-06-30
1987-06-16,2.0223,1987-06-30
1987-06-17,2.0182,1987-06-30
1987-06-18,2.0202,1987-06-30
1987-06-19,2.0243,1987-06-30
1987-06-22,2.0317,1987-06-30
1987-06-23,2.0408,1987-06-30
1987-06-24,2.0354,1987-06-30
1987-06-25,2.0492,1987-06-30
1987-06-26,2.0492,1987-06-30
1987-06-29,2.0471,1987-06-30
1987-06-30,2.0471,1987-06-30
1987-07-01,2.0429,1987-07-31
1987-07-02,2.0471,1987-07-31
1987-07-03,2.0555,1987-07-31
1987-07-06,2.0576,1987-07-31
1987-07-07,2.0492,1987-07-31
1987-07-08,2.0479,1987-07-31
1987-07-09,2.0513,1987-07-31
1987-07-10,2.0619,1987-07-31
1987-07-13,2.0661,1987-07-31
1987-07-14,2.0534,1987-07-31
1987-07-15,2.0429,1987-07-31
1987-07-16,2.0513,1987-07-31
1987-07-17,2.0619,1987-07-31
1987-07-20,2.0683,1987-07-31
1987-07-21,2.0777,1987-07-31
1987-07-22,2.0704,1987-07-31
1987-07-23,2.0661,1987-07-31
1987-07-24,2.0683,1987-07-31
1987-07-27,2.0725,1987-07-31
1987-07-28,2.0683,1987-07-31
1987-07-29,2.0704,1987-07-31
1987-07-30,2.079,1987-07-31
1987-07-31,2.0725,1987-07-31
1987-08-03,2.0661,1987-08-31
1987-08-04,2.0725,1987-08-31
1987-08-05,2.079,1987-08-31
1987-08-06,2.0747,1987-08-31
1987-08-07,2.0877,1987-08-31
1987-08-10,2.1053,1987-08-31
1987-08-11,2.1097,1987-08-31
1987-08-12,2.1053,1987-08-31
1987-08-13,2.1097,1987-08-31
1987-08-14,2.0986,1987-08-31
1987-08-17,2.1097,1987-08-31
1987-08-18,2.0747,1987-08-31
1987-08-19,2.0661,1987-08-31
1987-08-20,2.0725,1987-08-31
1987-08-21,2.0513,1987-08-31
1987-08-24,2.0513,1987-08-31
1987-08-25,2.0576,1987-08-31
1987-08-26,2.0683,1987-08-31
1987-08-27,2.0597,1987-08-31
1987-08-28,2.0513,1987-08-31
1987-08-31,2.0408,1987-08-31
1987-09-01,2.0408,1987-09-30
1987-09-02,2.0346,1987-09-30
1987-09-03,2.0292,1987-09-30
1987-09-04,2.0325,1987-09-30
1987-09-08,2.0231,1987-09-30
1987-09-09,2.0292,1987-09-30
1987-09-10,2.0387,1987-09-30
1987-09-11,2.0325,1987-09-30
1987-09-14,2.0521,1987-09-30
1987-09-15,2.0471,1987-09-30
1987-09-16,2.0492,1987-09-30
1987-09-17,2.0492,1987-09-30
1987-09-18,2.0429,1987-09-30
1987-09-21,2.0471,1987-09-30
1987-09-22,2.0513,1987-09-30
1987-09-23,2.0492,1987-09-30
1987-09-24,2.0576,1987-09-30
1987-09-25,2.0576,1987-09-30
1987-09-28,2.0619,1987-09-30
1987-09-29,2.079,1987-09-30
1987-09-30,2.0768,1987-09-30
1987-10-01,2.0855,1987-10-30
1987-10-02,2.0799,1987-10-30
1987-10-05,2.0833,1987-10-30
1987-10-06,2.064,1987-10-30
1987-10-07,2.0631,1987-10-30
1987-10-08,2.0657,1987-10-30
1987-10-09,2.0597,1987-10-30
1987-10-13,2.0683,1987-10-30
1987-10-14,2.0555,1987-10-30
1987-10-15,2.0492,1987-10-30
1987-10-16,2.0555,1987-10-30
1987-10-19,2.0121,1987-10-30
1987-10-20,2.0471,1987-10-30
1987-10-21,2.0492,1987-10-30
1987-10-22,2.0471,1987-10-30
1987-10-23,2.0492,1987-10-30
1987-10-26,2.0243,1987-10-30
1987-10-27,2.0367,1987-10-30
1987-10-28,2.021,1987-10-30
1987-10-29,2.0101,1987-10-30
1987-10-30,2.0161,1987-10-30
1987-11-02,1.9901,1987-11-30
1987-11-03,1.9841,1987-11-30
1987-11-04,1.9901,1987-11-30
1987-11-05,1.8744,1987-11-30
1987-11-06,1.9704,1987-11-30
1987-11-09,1.957,1987-11-30
1987-11-10,1.9512,1987-11-30
1987-11-12,1.9901,1987-11-30
1987-11-13,1.996,1987-11-30
1987-11-16,2.0182,1987-11-30
1987-11-17,1.996,1987-11-30
1987-11-18,1.994,1987-11-30
1987-11-19,1.9763,1987-11-30
1987-11-20,1.9724,1987-11-30
1987-11-23,1.9763,1987-11-30
1987-11-24,1.9802,1987-11-30
1987-11-25,1.9743,1987-11-30
1987-11-27,1.9646,1987-11-30
1987-11-30,1.9474,1987-11-30
1987-12-01,1.9704,1987-12-31
1987-12-02,1.9763,1987-12-31
1987-12-03,1.9802,1987-12-31
1987-12-04,1.9751,1987-12-31
1987-12-07,1.9763,1987-12-31
1987-12-08,1.9673,1987-12-31
1987-12-09,1.9627,1987-12-31
1987-12-10,1.957,1987-12-31
1987-12-11,1.9512,1987-12-31
1987-12-14,1.9399,1987-12-31
1987-12-15,1.9387,1987-12-31
1987-12-16,1.9418,1987-12-31
1987-12-17,1.9455,1987-12-31
1987-12-18,1.9399,1987-12-31
1987-12-21,1.9493,1987-12-31
1987-12-22,1.9512,1987-12-31
1987-12-23,1.9558,1987-12-31
1987-12-24,1.9608,1987-12-31
1987-12-28,1.9268,1987-12-31
1987-12-29,1.9257,1987-12-31
1987-12-30,1.9324,1987-12-31
1987-12-31,1.9305,1987-12-31
1988-01-04,1.9249,1988-01-29
1988-01-05,1.9704,1988-01-29
1988-01-06,1.9724,1988-01-29
1988-01-07,1.9666,1988-01-29
1988-01-08,1.9724,1988-01-29
1988-01-11,1.957,1988-01-29
1988-01-12,1.9666,1988-01-29
1988-01-13,1.9608,1988-01-29
1988-01-14,1.9685,1988-01-29
1988-01-15,1.994,1988-01-29
1988-01-19,1.998,1988-01-29
1988-01-20,1.9802,1988-01-29
1988-01-21,1.9763,1988-01-29
1988-01-22,1.9881,1988-01-29
1988-01-25,1.9861,1988-01-29
1988-01-26,1.9901,1988-01-29
1988-01-27,1.9881,1988-01-29
1988-01-28,1.9822,1988-01-29
1988-01-29,1.992,1988-01-29
1988-02-01,1.996,1988-02-29
1988-02-02,1.998,1988-02-29
1988-02-03,2.0,1988-02-29
1988-02-04,2.004,1988-02-29
1988-02-05,2.0121,1988-02-29
1988-02-08,2.0202,1988-02-29
1988-02-09,2.0243,1988-02-29
1988-02-10,2.0387,1988-02-29
1988-02-11,2.0408,1988-02-29
1988-02-12,2.0833,1988-02-29
1988-02-16,2.0921,1988-02-29
1988-02-17,2.0812,1988-02-29
1988-02-18,2.0725,1988-02-29
1988-02-19,2.0833,1988-02-29
1988-02-22,2.0704,1988-02-29
1988-02-23,2.0833,1988-02-29
1988-02-24,2.0877,1988-02-29
1988-02-25,2.0951,1988-02-29
1988-02-26,2.0877,1988-02-29
1988-02-29,2.0877,1988-02-29
1988-03-01,2.11,1988-03-31
1988-03-02,2.12,1988-03-31
1988-03-03,2.14,1988-03-31
1988-03-04,2.15,1988-03-31
1988-03-07,2.15,1988-03-31
1988-03-08,2.14,1988-03-31
1988-03-09,2.14,1988-03-31
1988-03-10,2.12,1988-03-31
1988-03-11,2.11,1988-03-31
1988-03-14,2.12,1988-03-31
1988-03-15,2.13,1988-03-31
1988-03-16,2.13,1988-03-31
1988-03-17,2.15,1988-03-31
1988-03-18,2.14,1988-03-31
1988-03-21,2.14,1988-03-31
1988-03-22,2.14,1988-03-31
1988-03-23,2.15,1988-03-31
1988-03-24,2.14,1988-03-31
1988-03-25,2.14,1988-03-31
1988-03-28,2.13,1988-03-31
1988-03-29,2.12,1988-03-31
1988-03-30,2.13,1988-03-31
1988-03-31,2.13,1988-03-31
1988-04-01,2.12,1988-04-29
1988-04-04,2.13,1988-04-29
1988-04-05,2.13,1988-04-29
1988-04-06,2.13,1988-04-29
1988-04-07,2.15,1988-04-29
1988-04-08,2.15,1988-04-29
1988-04-11,2.15,1988-04-29
1988-04-12,2.15,1988-04-29
1988-04-13,2.15,1988-04-29
1988-04-14,2.13,1988-04-29
1988-04-15,2.14,1988-04-29
1988-04-18,2.13,1988-04-29
1988-04-19,2.14,1988-04-29
1988-04-20,2.14,1988-04-29
1988-04-21,2.14,1988-04-29
1988-04-22,2.15,1988-04-29
1988-04-25,2.15,1988-04-29
1988-04-26,2.15,1988-04-29
1988-04-27,2.15,1988-04-29
1988-04-28,2.15,1988-04-29
1988-04-29,2.15,1988-04-29
1988-05-02,2.16,1988-05-31
1988-05-03,2.17,1988-05-31
1988-05-04,2.2,1988-05-31
1988-05-05,2.22,1988-05-31
1988-05-06,2.22,1988-05-31
1988-05-09,2.2,1988-05-31
1988-05-10,2.2,1988-05-31
1988-05-11,2.2,1988-05-31
1988-05-12,2.2,1988-05-31
1988-05-13,2.21,1988-05-31
1988-05-16,2.2,1988-05-31
1988-05-17,2.21,1988-05-31
1988-05-18,2.22,1988-05-31
1988-05-19,2.22,1988-05-31
1988-05-20,2.22,1988-05-31
1988-05-23,2.22,1988-05-31
1988-05-24,2.22,1988-05-31
1988-05-25,2.22,1988-05-31
1988-05-26,2.23,1988-05-31
1988-05-27,2.23,1988-05-31
1988-05-31,2.24,1988-05-31
1988-06-01,2.23,1988-06-30
1988-06-02,2.26,1988-06-30
1988-06-03,2.23,1988-06-30
1988-06-06,2.24,1988-06-30
1988-06-07,2.24,1988-06-30
1988-06-08,2.24,1988-06-30
1988-06-09,2.24,1988-06-30
1988-06-10,2.23,1988-06-30
1988-06-13,2.24,1988-06-30
1988-06-14,2.26,1988-06-30
1988-06-15,2.28,1988-06-30
1988-06-16,2.28,1988-06-30
1988-06-17,2.29,1988-06-30
1988-06-20,2.28,1988-06-30
1988-06-21,2.28,1988-06-30
1988-06-22,2.29,1988-06-30
1988-06-23,2.3,1988-06-30
1988-06-24,2.3,1988-06-30
1988-06-27,2.31,1988-06-30
1988-06-28,2.3,1988-06-30
1988-06-29,2.32,1988-06-30
1988-06-30,2.33,1988-06-30
1988-07-01,2.34,1988-07-29
1988-07-05,2.34,1988-07-29
1988-07-06,2.33,1988-07-29
1988-07-07,2.34,1988-07-29
1988-07-08,2.35,1988-07-29
1988-07-11,2.36,1988-07-29
1988-07-12,2.38,1988-07-29
1988-07-13,2.39,1988-07-29
1988-07-14,2.41,1988-07-29
1988-07-15,2.44,1988-07-29
1988-07-18,2.46,1988-07-29
1988-07-19,2.43,1988-07-29
1988-07-20,2.42,1988-07-29
1988-07-21,2.4,1988-07-29
1988-07-22,2.4,1988-07-29
1988-07-25,2.42,1988-07-29
1988-07-26,2.44,1988-07-29
1988-07-27,2.43,1988-07-29
1988-07-28,2.44,1988-07-29
1988-07-29,2.44,1988-07-29
1988-08-01,2.45,1988-08-31
1988-08-02,2.45,1988-08-31
1988-08-03,2.46,1988-08-31
1988-08-04,2.46,1988-08-31
1988-08-05,2.47,1988-08-31
1988-08-08,2.49,1988-08-31
1988-08-09,2.49,1988-08-31
1988-08-10,2.49,1988-08-31
1988-08-11,2.46,1988-08-31
1988-08-12,2.44,1988-08-31
1988-08-15,2.43,1988-08-31
1988-08-16,2.4,1988-08-31
1988-08-17,2.46,1988-08-31
1988-08-18,2.46,1988-08-31
1988-08-19,2.46,1988-08-31
1988-08-22,2.48,1988-08-31
1988-08-23,2.46,1988-08-31
1988-08-24,2.45,1988-08-31
1988-08-25,2.42,1988-08-31
1988-08-26,2.42,1988-08-31
1988-08-29,2.43,1988-08-31
1988-08-30,2.43,1988-08-31
1988-08-31,2.45,1988-08-31
1988-09-01,2.45,1988-09-30
1988-09-02,2.44,1988-09-30
1988-09-06,2.42,1988-09-30
1988-09-07,2.4,1988-09-30
1988-09-08,2.41,1988-09-30
1988-09-09,2.41,1988-09-30
1988-09-12,2.43,1988-09-30
1988-09-13,2.43,1988-09-30
1988-09-14,2.46,1988-09-30
1988-09-15,2.46,1988-09-30
1988-09-16,2.47,1988-09-30
1988-09-19,2.47,1988-09-30
1988-09-20,2.48,1988-09-30
1988-09-21,2.48,1988-09-30
1988-09-22,2.48,1988-09-30
1988-09-23,2.48,1988-09-30
1988-09-26,2.49,1988-09-30
1988-09-27,2.49,1988-09-30
1988-09-28,2.48,1988-09-30
1988-09-29,2.49,1988-09-30
1988-09-30,2.49,1988-09-30
1988-10-03,2.49,1988-10-31
1988-10-04,2.49,1988-10-31
1988-10-05,2.5,1988-10-31
1988-10-06,2.49,1988-10-31
1988-10-07,2.49,1988-10-31
1988-10-11,2.48,1988-10-31
1988-10-12,2.47,1988-10-31
1988-10-13,2.44,1988-10-31
1988-10-14,2.45,1988-10-31
1988-10-17,2.44,1988-10-31
1988-10-18,2.44,1988-10-31
1988-10-19,2.45,1988-10-31
1988-10-20,2.45,1988-10-31
1988-10-21,2.43,1988-10-31
1988-10-24,2.45,1988-10-31
1988-10-25,2.46,1988-10-31
1988-10-26,2.46,1988-10-31
1988-10-27,2.46,1988-10-31
1988-10-28,2.48,1988-10-31
1988-10-31,2.51,1988-10-31
1988-11-01,2.51,1988-11-30
1988-11-02,2.51,1988-11-30
1988-11-03,2.46,1988-11-30
1988-11-04,2.48,1988-11-30
1988-11-07,2.45,1988-11-30
1988-11-08,2.45,1988-11-30
1988-11-09,2.44,1988-11-30
1988-11-10,2.4,1988-11-30
1988-11-14,2.41,1988-11-30
1988-11-15,2.29,1988-11-30
1988-11-16,2.39,1988-11-30
1988-11-17,2.38,1988-11-30
1988-11-18,2.38,1988-11-30
1988-11-21,2.37,1988-11-30
1988-11-22,2.36,1988-11-30
1988-11-23,2.35,1988-11-30
1988-11-25,2.32,1988-11-30
1988-11-28,2.33,1988-11-30
1988-11-29,2.31,1988-11-30
1988-11-30,2.3,1988-11-30
1988-12-01,2.28,1988-12-30
1988-12-02,2.27,1988-12-30
1988-12-05,2.26,1988-12-30
1988-12-06,2.28,1988-12-30
1988-12-07,2.36,1988-12-30
1988-12-08,2.34,1988-12-30
1988-12-09,2.34,1988-12-30
1988-12-12,2.35,1988-12-30
1988-12-13,2.37,1988-12-30
1988-12-14,2.35,1988-12-30
1988-12-15,2.36,1988-12-30
1988-12-16,2.37,1988-12-30
1988-12-19,2.37,1988-12-30
1988-12-20,2.38,1988-12-30
1988-12-21,2.38,1988-12-30
1988-12-22,2.37,1988-12-30
1988-12-23,2.37,1988-12-30
1988-12-27,2.37,1988-12-30
1988-12-28,2.38,1988-12-30
1988-12-29,2.38,1988-12-30
1988-12-30,2.38,1988-12-30
1989-01-03,2.36,1989-01-31
1989-01-04,2.38,1989-01-31
1989-01-05,2.38,1989-01-31
1989-01-06,2.38,1989-01-31
1989-01-09,2.38,1989-01-31
1989-01-10,2.38,1989-01-31
1989-01-11,2.37,1989-01-31
1989-01-12,2.37,1989-01-31
1989-01-13,2.37,1989-01-31
1989-01-17,2.39,1989-01-31
1989-01-18,2.39,1989-01-31
1989-01-19,2.4,1989-01-31
1989-01-20,2.38,1989-01-31
1989-01-23,2.38,1989-01-31
1989-01-24,2.38,1989-01-31
1989-01-25,2.39,1989-01-31
1989-01-26,2.4,1989-01-31
1989-01-27,2.4,1989-01-31
1989-01-30,2.41,1989-01-31
1989-01-31,2.4,1989-01-31
1989-02-01,2.41,1989-02-28
1989-02-02,2.42,1989-02-28
1989-02-03,2.44,1989-02-28
1989-02-06,2.43,1989-02-28
1989-02-07,2.43,1989-02-28
1989-02-08,2.44,1989-02-28
1989-02-09,2.44,1989-02-28
1989-02-10,2.45,1989-02-28
1989-02-13,2.45,1989-02-28
1989-02-14,2.45,1989-02-28
1989-02-15,2.45,1989-02-28
1989-02-16,2.48,1989-02-28
1989-02-17,2.48,1989-02-28
1989-02-21,2.48,1989-02-28
1989-02-22,2.49,1989-02-28
1989-02-23,2.48,1989-02-28
1989-02-24,2.49,1989-02-28
1989-02-27,2.48,1989-02-28
1989-02-28,2.48,1989-02-28
1989-03-01,2.49,1989-03-31
1989-03-02,2.5,1989-03-31
1989-03-03,2.5,1989-03-31
1989-03-06,2.51,1989-03-31
1989-03-07,2.53,1989-03-31
1989-03-08,2.52,1989-03-31
1989-03-09,2.53,1989-03-31
1989-03-10,2.53,1989-03-31
1989-03-13,2.54,1989-03-31
1989-03-14,2.54,1989-03-31
1989-03-15,2.55,1989-03-31
1989-03-16,2.55,1989-03-31
1989-03-17,2.55,1989-03-31
1989-03-20,2.55,1989-03-31
1989-03-21,2.55,1989-03-31
1989-03-22,2.55,1989-03-31
1989-03-23,2.55,1989-03-31
1989-03-24,2.55,1989-03-31
1989-03-27,2.58,1989-03-31
1989-03-28,2.55,1989-03-31
1989-03-29,2.56,1989-03-31
1989-03-30,2.56,1989-03-31
1989-03-31,2.56,1989-03-31
1989-04-03,2.56,1989-04-28
1989-04-04,2.55,1989-04-28
1989-04-05,2.55,1989-04-28
1989-04-06,2.55,1989-04-28
1989-04-07,2.55,1989-04-28
1989-04-10,2.56,1989-04-28
1989-04-11,2.56,1989-04-28
1989-04-12,2.56,1989-04-28
1989-04-13,2.55,1989-04-28
1989-04-14,2.55,1989-04-28
1989-04-17,2.56,1989-04-28
1989-04-18,2.53,1989-04-28
1989-04-19,2.54,1989-04-28
1989-04-20,2.52,1989-04-28
1989-04-21,2.54,1989-04-28
1989-04-24,2.54,1989-04-28
1989-04-25,2.54,1989-04-28
1989-04-26,2.55,1989-04-28
1989-04-27,2.56,1989-04-28
1989-04-28,2.56,1989-04-28
1989-05-01,2.57,1989-05-31
1989-05-02,2.57,1989-05-31
1989-05-03,2.58,1989-05-31
1989-05-04,2.58,1989-05-31
1989-05-05,2.57,1989-05-31
1989-05-08,2.59,1989-05-31
1989-05-09,2.62,1989-05-31
1989-05-10,2.61,1989-05-31
1989-05-11,2.61,1989-05-31
1989-05-12,2.62,1989-05-31
1989-05-15,2.67,1989-05-31
1989-05-16,2.66,1989-05-31
1989-05-17,2.7,1989-05-31
1989-05-18,2.7,1989-05-31
1989-05-19,2.71,1989-05-31
1989-05-22,2.78,1989-05-31
1989-05-23,2.77,1989-05-31
1989-05-24,2.79,1989-05-31
1989-05-25,2.78,1989-05-31
1989-05-26,2.74,1989-05-31
1989-05-30,2.79,1989-05-31
1989-05-31,2.74,1989-05-31
1989-06-01,2.77,1989-06-30
1989-06-02,2.73,1989-06-30
1989-06-05,2.74,1989-06-30
1989-06-06,2.77,1989-06-30
1989-06-07,2.75,1989-06-30
1989-06-08,2.77,1989-06-30
1989-06-09,2.79,1989-06-30
1989-06-12,2.83,1989-06-30
1989-06-13,2.84,1989-06-30
1989-06-14,2.84,1989-06-30
1989-06-15,2.85,1989-06-30
1989-06-16,2.8,1989-06-30
1989-06-19,2.79,1989-06-30
1989-06-20,2.78,1989-06-30
1989-06-21,2.78,1989-06-30
1989-06-22,2.75,1989-06-30
1989-06-23,2.75,1989-06-30
1989-06-26,2.77,1989-06-30
1989-06-27,2.77,1989-06-30
1989-06-28,2.79,1989-06-30
1989-06-29,2.77,1989-06-30
1989-06-30,2.78,1989-06-30
1989-07-03,2.75,1989-07-31
1989-07-05,2.7,1989-07-31
1989-07-06,2.69,1989-07-31
1989-07-07,2.69,1989-07-31
1989-07-10,2.66,1989-07-31
1989-07-11,2.69,1989-07-31
1989-07-12,2.68,1989-07-31
1989-07-13,2.68,1989-07-31
1989-07-14,2.7,1989-07-31
1989-07-17,2.72,1989-07-31
1989-07-18,2.69,1989-07-31
1989-07-19,2.7,1989-07-31
1989-07-20,2.72,1989-07-31
1989-07-21,2.71,1989-07-31
1989-07-24,2.71,1989-07-31
1989-07-25,2.69,1989-07-31
1989-07-26,2.67,1989-07-31
1989-07-27,2.66,1989-07-31
1989-07-28,2.67,1989-07-31
1989-07-31,2.65,1989-07-31
1989-08-01,2.65,1989-08-31
1989-08-02,2.63,1989-08-31
1989-08-03,2.65,1989-08-31
1989-08-04,2.68,1989-08-31
1989-08-07,2.7,1989-08-31
1989-08-08,2.68,1989-08-31
1989-08-09,2.69,1989-08-31
1989-08-10,2.67,1989-08-31
1989-08-11,2.74,1989-08-31
1989-08-14,2.73,1989-08-31
1989-08-15,2.73,1989-08-31
1989-08-16,2.74,1989-08-31
1989-08-17,2.77,1989-08-31
1989-08-18,2.82,1989-08-31
1989-08-21,2.76,1989-08-31
1989-08-22,2.74,1989-08-31
1989-08-23,2.75,1989-08-31
1989-08-24,2.76,1989-08-31
1989-08-25,2.77,1989-08-31
1989-08-28,2.78,1989-08-31
1989-08-29,2.75,1989-08-31
1989-08-30,2.75,1989-08-31
1989-08-31,2.71,1989-08-31
1989-09-01,2.78,1989-09-29
1989-09-05,2.81,1989-09-29
1989-09-06,2.8,1989-09-29
1989-09-07,2.81,1989-09-29
1989-09-08,2.81,1989-09-29
1989-09-11,2.82,1989-09-29
1989-09-12,2.81,1989-09-29
1989-09-13,2.81,1989-09-29
1989-09-14,2.81,1989-09-29
1989-09-15,2.85,1989-09-29
1989-09-18,2.82,1989-09-29
1989-09-19,2.82,1989-09-29
1989-09-20,2.8,1989-09-29
1989-09-21,2.8,1989-09-29
1989-09-22,2.8,1989-09-29
1989-09-25,2.745,1989-09-29
1989-09-26,2.74,1989-09-29
1989-09-27,2.716,1989-09-29
1989-09-28,2.73,1989-09-29
1989-09-29,2.693,1989-09-29
1989-10-02,2.695,1989-10-31
1989-10-03,2.69,1989-10-31
1989-10-04,2.687,1989-10-31
1989-10-05,2.7025,1989-10-31
1989-10-06,2.71,1989-10-31
1989-10-10,2.715,1989-10-31
1989-10-11,2.745,1989-10-31
1989-10-12,2.7275,1989-10-31
1989-10-13,2.707,1989-10-31
1989-10-16,2.6575,1989-10-31
1989-10-17,2.6575,1989-10-31
1989-10-18,2.656,1989-10-31
1989-10-19,2.653,1989-10-31
1989-10-20,2.66,1989-10-31
1989-10-23,2.66,1989-10-31
1989-10-24,2.639,1989-10-31
1989-10-25,2.635,1989-10-31
1989-10-26,2.65,1989-10-31
1989-10-27,2.645,1989-10-31
1989-10-30,2.635,1989-10-31
1989-10-31,2.639,1989-10-31
1989-11-01,2.635,1989-11-30
1989-11-02,2.6425,1989-11-30
1989-11-03,2.6375,1989-11-30
1989-11-06,2.64,1989-11-30
1989-11-07,2.635,1989-11-30
1989-11-08,2.625,1989-11-30
1989-11-09,2.635,1989-11-30
1989-11-10,2.656,1989-11-30
1989-11-13,2.655,1989-11-30
1989-11-14,2.64,1989-11-30
1989-11-15,2.626,1989-11-30
1989-11-16,2.63,1989-11-30
1989-11-17,2.64,1989-11-30
1989-11-20,2.628,1989-11-30
1989-11-21,2.63,1989-11-30
1989-11-22,2.6175,1989-11-30
1989-11-24,2.62,1989-11-30
1989-11-27,2.6065,1989-11-30
1989-11-28,2.61,1989-11-30
1989-11-29,2.603,1989-11-30
1989-11-30,2.608,1989-11-30
1989-12-01,2.608,1989-12-29
1989-12-04,2.602,1989-12-29
1989-12-05,2.592,1989-12-29
1989-12-06,2.578,1989-12-29
1989-12-07,2.589,1989-12-29
1989-12-08,2.594,1989-12-29
1989-12-11,2.59,1989-12-29
1989-12-12,2.5575,1989-12-29
1989-12-13,2.569,1989-12-29
1989-12-14,2.5703,1989-12-29
1989-12-15,2.555,1989-12-29
1989-12-18,2.555,1989-12-29
1989-12-19,2.563,1989-12-29
1989-12-20,2.575,1989-12-29
1989-12-21,2.565,1989-12-29
1989-12-22,2.56,1989-12-29
1989-12-26,2.527,1989-12-29
1989-12-27,2.535,1989-12-29
1989-12-28,2.54,1989-12-29
1989-12-29,2.533,1989-12-29
1990-01-02,2.565,1990-01-31
1990-01-03,2.577,1990-01-31
1990-01-04,2.535,1990-01-31
1990-01-05,2.5225,1990-01-31
1990-01-08,2.53,1990-01-31
1990-01-09,2.5425,1990-01-31
1990-01-10,2.55,1990-01-31
1990-01-11,2.553,1990-01-31
1990-01-12,2.545,1990-01-31
1990-01-16,2.5525,1990-01-31
1990-01-17,2.5525,1990-01-31
1990-01-18,2.57,1990-01-31
1990-01-19,2.5575,1990-01-31
1990-01-22,2.569,1990-01-31
1990-01-23,2.55,1990-01-31
1990-01-24,2.557,1990-01-31
1990-01-25,2.5625,1990-01-31
1990-01-26,2.5625,1990-01-31
1990-01-29,2.555,1990-01-31
1990-01-30,2.545,1990-01-31
1990-01-31,2.5635,1990-01-31
1990-02-01,2.56,1990-02-28
1990-02-02,2.5575,1990-02-28
1990-02-05,2.54,1990-02-28
1990-02-06,2.537,1990-02-28
1990-02-07,2.532,1990-02-28
1990-02-08,2.546,1990-02-28
1990-02-09,2.5475,1990-02-28
1990-02-12,2.539,1990-02-28
1990-02-13,2.539,1990-02-28
1990-02-14,2.5405,1990-02-28
1990-02-15,2.5475,1990-02-28
1990-02-16,2.545,1990-02-28
1990-02-20,2.54,1990-02-28
1990-02-21,2.534,1990-02-28
1990-02-22,2.54,1990-02-28
1990-02-23,2.545,1990-02-28
1990-02-26,2.553,1990-02-28
1990-02-27,2.5525,1990-02-28
1990-02-28,2.557,1990-02-28
1990-03-01,2.582,1990-03-30
1990-03-02,2.585,1990-03-30
1990-03-05,2.58,1990-03-30
1990-03-06,2.578,1990-03-30
1990-03-07,2.5865,1990-03-30
1990-03-08,2.59,1990-03-30
1990-03-09,2.6,1990-03-30
1990-03-12,2.605,1990-03-30
1990-03-13,2.627,1990-03-30
1990-03-14,2.617,1990-03-30
1990-03-15,2.615,1990-03-30
1990-03-16,2.605,1990-03-30
1990-03-19,2.603,1990-03-30
1990-03-20,2.6125,1990-03-30
1990-03-21,2.629,1990-03-30
1990-03-22,2.6275,1990-03-30
1990-03-23,2.6325,1990-03-30
1990-03-26,2.66,1990-03-30
1990-03-27,2.6625,1990-03-30
1990-03-28,2.655,1990-03-30
1990-03-29,2.653,1990-03-30
1990-03-30,2.6425,1990-03-30
1990-04-02,2.6705,1990-04-30
1990-04-03,2.657,1990-04-30
1990-04-04,2.655,1990-04-30
1990-04-05,2.658,1990-04-30
1990-04-09,2.648,1990-04-30
1990-04-10,2.655,1990-04-30
1990-04-11,2.6455,1990-04-30
1990-04-12,2.6465,1990-04-30
1990-04-13,2.6445,1990-04-30
1990-04-16,2.661,1990-04-30
1990-04-17,2.6555,1990-04-30
1990-04-18,2.647,1990-04-30
1990-04-19,2.6525,1990-04-30
1990-04-20,2.6667,1990-04-30
1990-04-23,2.657,1990-04-30
1990-04-24,2.652,1990-04-30
1990-04-25,2.658,1990-04-30
1990-04-26,2.654,1990-04-30
1990-04-27,2.66,1990-04-30
1990-04-30,2.6595,1990-04-30
1990-05-01,2.655,1990-05-31
1990-05-02,2.659,1990-05-31
1990-05-03,2.658,1990-05-31
1990-05-04,2.655,1990-05-31
1990-05-07,2.642,1990-05-31
1990-05-08,2.642,1990-05-31
1990-05-09,2.635,1990-05-31
1990-05-10,2.634,1990-05-31
1990-05-11,2.6216,1990-05-31
1990-05-14,2.6425,1990-05-31
1990-05-15,2.6385,1990-05-31
1990-05-16,2.639,1990-05-31
1990-05-17,2.635,1990-05-31
1990-05-18,2.64,1990-05-31
1990-05-21,2.6525,1990-05-31
1990-05-22,2.64,1990-05-31
1990-05-23,2.6481,1990-05-31
1990-05-24,2.642,1990-05-31
1990-05-25,2.655,1990-05-31
1990-05-29,2.6525,1990-05-31
1990-05-30,2.6675,1990-05-31
1990-05-31,2.675,1990-05-31
1990-06-01,2.663,1990-06-29
1990-06-04,2.672,1990-06-29
1990-06-05,2.66,1990-06-29
1990-06-06,2.623,1990-06-29
1990-06-07,2.663,1990-06-29
1990-06-08,2.671,1990-06-29
1990-06-11,2.6675,1990-06-29
1990-06-12,2.667,1990-06-29
1990-06-13,2.6645,1990-06-29
1990-06-14,2.659,1990-06-29
1990-06-15,2.667,1990-06-29
1990-06-18,2.6265,1990-06-29
1990-06-19,2.657,1990-06-29
1990-06-20,2.666,1990-06-29
1990-06-21,2.6655,1990-06-29
1990-06-22,2.6655,1990-06-29
1990-06-25,2.667,1990-06-29
1990-06-26,2.652,1990-06-29
1990-06-27,2.6625,1990-06-29
1990-06-28,2.657,1990-06-29
1990-06-29,2.648,1990-06-29
1990-07-02,2.6525,1990-07-31
1990-07-03,2.65,1990-07-31
1990-07-05,2.645,1990-07-31
1990-07-06,2.6452,1990-07-31
1990-07-09,2.639,1990-07-31
1990-07-10,2.641,1990-07-31
1990-07-11,2.6375,1990-07-31
1990-07-12,2.6445,1990-07-31
1990-07-13,2.632,1990-07-31
1990-07-16,2.6355,1990-07-31
1990-07-17,2.635,1990-07-31
1990-07-18,2.625,1990-07-31
1990-07-19,2.625,1990-07-31
1990-07-20,2.623,1990-07-31
1990-07-23,2.602,1990-07-31
1990-07-24,2.5995,1990-07-31
1990-07-25,2.603,1990-07-31
1990-07-26,2.6145,1990-07-31
1990-07-27,2.601,1990-07-31
1990-07-30,2.5967,1990-07-31
1990-07-31,2.5845,1990-07-31
1990-08-01,2.595,1990-08-31
1990-08-02,2.585,1990-08-31
1990-08-03,2.571,1990-08-31
1990-08-06,2.5825,1990-08-31
1990-08-07,2.583,1990-08-31
1990-08-08,2.595,1990-08-31
1990-08-09,2.591,1990-08-31
1990-08-10,2.599,1990-08-31
1990-08-13,2.58,1990-08-31
1990-08-14,2.57,1990-08-31
1990-08-15,2.58,1990-08-31
1990-08-16,2.572,1990-08-31
1990-08-17,2.5753,1990-08-31
1990-08-20,2.5725,1990-08-31
1990-08-21,2.544,1990-08-31
1990-08-22,2.5575,1990-08-31
1990-08-23,2.55,1990-08-31
1990-08-24,2.561,1990-08-31
1990-08-27,2.565,1990-08-31
1990-08-28,2.555,1990-08-31
1990-08-29,2.556,1990-08-31
1990-08-30,2.5675,1990-08-31
1990-08-31,2.5804,1990-08-31
1990-09-04,2.5875,1990-09-28
1990-09-05,2.567,1990-09-28
1990-09-06,2.558,1990-09-28
1990-09-07,2.5735,1990-09-28
1990-09-10,2.5825,1990-09-28
1990-09-11,2.582,1990-09-28
1990-09-12,2.5825,1990-09-28
1990-09-13,2.561,1990-09-28
1990-09-14,2.566,1990-09-28
1990-09-17,2.5635,1990-09-28
1990-09-18,2.553,1990-09-28
1990-09-19,2.5725,1990-09-28
1990-09-20,2.5875,1990-09-28
1990-09-21,2.582,1990-09-28
1990-09-24,2.567,1990-09-28
1990-09-25,2.5625,1990-09-28
1990-09-26,2.568,1990-09-28
1990-09-27,2.572,1990-09-28
1990-09-28,2.564,1990-09-28
1990-10-01,2.5675,1990-10-31
1990-10-02,2.571,1990-10-31
1990-10-03,2.555,1990-10-31
1990-10-04,2.559,1990-10-31
1990-10-05,2.575,1990-10-31
1990-10-09,2.542,1990-10-31
1990-10-10,2.5475,1990-10-31
1990-10-11,2.5425,1990-10-31
1990-10-12,2.5275,1990-10-31
1990-10-15,2.536,1990-10-31
1990-10-16,2.523,1990-10-31
1990-10-17,2.5375,1990-10-31
1990-10-18,2.538,1990-10-31
1990-10-19,2.538,1990-10-31
1990-10-22,2.55,1990-10-31
1990-10-23,2.533,1990-10-31
1990-10-24,2.525,1990-10-31
1990-10-25,2.54,1990-10-31
1990-10-26,2.5405,1990-10-31
1990-10-29,2.541,1990-10-31
1990-10-30,2.553,1990-10-31
1990-10-31,2.5375,1990-10-31
1990-11-01,2.532,1990-11-30
1990-11-02,2.542,1990-11-30
1990-11-05,2.5285,1990-11-30
1990-11-06,2.525,1990-11-30
1990-11-07,2.52,1990-11-30
1990-11-08,2.53,1990-11-30
1990-11-09,2.5255,1990-11-30
1990-11-13,2.5325,1990-11-30
1990-11-14,2.5155,1990-11-30
1990-11-15,2.531,1990-11-30
1990-11-16,2.53,1990-11-30
1990-11-19,2.538,1990-11-30
1990-11-20,2.526,1990-11-30
1990-11-21,2.53,1990-11-30
1990-11-23,2.501,1990-11-30
1990-11-26,2.52,1990-11-30
1990-11-27,2.5075,1990-11-30
1990-11-28,2.515,1990-11-30
1990-11-29,2.52,1990-11-30
1990-11-30,2.525,1990-11-30
1990-12-03,2.533,1990-12-31
1990-12-04,2.534,1990-12-31
1990-12-05,2.54,1990-12-31
1990-12-06,2.5165,1990-12-31
1990-12-07,2.505,1990-12-31
1990-12-10,2.512,1990-12-31
1990-12-11,2.521,1990-12-31
1990-12-12,2.517,1990-12-31
1990-12-13,2.529,1990-12-31
1990-12-14,2.52,1990-12-31
1990-12-17,2.5255,1990-12-31
1990-12-18,2.523,1990-12-31
1990-12-19,2.523,1990-12-31
1990-12-20,2.55,1990-12-31
1990-12-21,2.5715,1990-12-31
1990-12-24,2.605,1990-12-31
1990-12-26,2.574,1990-12-31
1990-12-27,2.585,1990-12-31
1990-12-28,2.545,1990-12-31
1990-12-31,2.56,1990-12-31
1991-01-02,2.548,1991-01-31
1991-01-03,2.542,1991-01-31
1991-01-04,2.564,1991-01-31
1991-01-07,2.575,1991-01-31
1991-01-08,2.5705,1991-01-31
1991-01-09,2.57,1991-01-31
1991-01-10,2.592,1991-01-31
1991-01-11,2.583,1991-01-31
1991-01-14,2.599,1991-01-31
1991-01-15,2.598,1991-01-31
1991-01-16,2.5925,1991-01-31
1991-01-17,2.557,1991-01-31
1991-01-18,2.54,1991-01-31
1991-01-22,2.56,1991-01-31
1991-01-23,2.5455,1991-01-31
1991-01-24,2.55,1991-01-31
1991-01-25,2.5625,1991-01-31
1991-01-28,2.5625,1991-01-31
1991-01-29,2.551,1991-01-31
1991-01-30,2.551,1991-01-31
1991-01-31,2.536,1991-01-31
1991-02-01,2.523,1991-02-28
1991-02-04,2.533,1991-02-28
1991-02-05,2.535,1991-02-28
1991-02-06,2.5125,1991-02-28
1991-02-07,2.5175,1991-02-28
1991-02-08,2.528,1991-02-28
1991-02-11,2.5105,1991-02-28
1991-02-12,2.5235,1991-02-28
1991-02-13,2.527,1991-02-28
1991-02-14,2.54,1991-02-28
1991-02-15,2.54,1991-02-28
1991-02-19,2.548,1991-02-28
1991-02-20,2.5575,1991-02-28
1991-02-21,2.547,1991-02-28
1991-02-22,2.561,1991-02-28
1991-02-25,2.5825,1991-02-28
1991-02-26,2.56,1991-02-28
1991-02-27,2.565,1991-02-28
1991-02-28,2.5725,1991-02-28
1991-03-01,2.5875,1991-03-29
1991-03-04,2.594,1991-03-29
1991-03-05,2.598,1991-03-29
1991-03-06,2.595,1991-03-29
1991-03-07,2.596,1991-03-29
1991-03-08,2.61,1991-03-29
1991-03-11,2.6325,1991-03-29
1991-03-12,2.623,1991-03-29
1991-03-13,2.629,1991-03-29
1991-03-14,2.62,1991-03-29
1991-03-15,2.6615,1991-03-29
1991-03-18,2.7035,1991-03-29
1991-03-19,2.7375,1991-03-29
1991-03-20,2.696,1991-03-29
1991-03-21,2.694,1991-03-29
1991-03-22,2.7075,1991-03-29
1991-03-25,2.71,1991-03-29
1991-03-26,2.73,1991-03-29
1991-03-27,2.7475,1991-03-29
1991-03-28,2.758,1991-03-29
1991-03-29,2.705,1991-03-29
1991-04-01,2.68,1991-04-30
1991-04-02,2.7,1991-04-30
1991-04-03,2.6975,1991-04-30
1991-04-04,2.523,1991-04-30
1991-04-05,2.7,1991-04-30
1991-04-08,2.715,1991-04-30
1991-04-09,2.7125,1991-04-30
1991-04-10,2.725,1991-04-30
1991-04-11,2.7075,1991-04-30
1991-04-12,2.7375,1991-04-30
1991-04-15,2.7175,1991-04-30
1991-04-16,2.7175,1991-04-30
1991-04-17,2.72,1991-04-30
1991-04-18,2.745,1991-04-30
1991-04-19,2.79,1991-04-30
1991-04-22,2.799,1991-04-30
1991-04-23,2.775,1991-04-30
1991-04-24,2.81,1991-04-30
1991-04-25,2.78,1991-04-30
1991-04-26,2.7925,1991-04-30
1991-04-29,2.8025,1991-04-30
1991-04-30,2.7675,1991-04-30
1991-05-01,2.766,1991-05-31
1991-05-02,2.78,1991-05-31
1991-05-03,2.845,1991-05-31
1991-05-06,2.8,1991-05-31
1991-05-07,2.7795,1991-05-31
1991-05-08,2.79,1991-05-31
1991-05-09,2.8025,1991-05-31
1991-05-10,2.791,1991-05-31
1991-05-13,2.7825,1991-05-31
1991-05-14,2.765,1991-05-31
1991-05-15,2.7805,1991-05-31
1991-05-16,2.785,1991-05-31
1991-05-17,2.84,1991-05-31
1991-05-20,2.792,1991-05-31
1991-05-21,2.785,1991-05-31
1991-05-22,2.8225,1991-05-31
1991-05-23,2.7875,1991-05-31
1991-05-24,2.8025,1991-05-31
1991-05-28,2.785,1991-05-31
1991-05-29,2.793,1991-05-31
1991-05-30,2.822,1991-05-31
1991-05-31,2.8475,1991-05-31
1991-06-03,2.823,1991-06-28
1991-06-04,2.813,1991-06-28
1991-06-05,2.83,1991-06-28
1991-06-06,2.8375,1991-06-28
1991-06-07,2.86,1991-06-28
1991-06-10,2.8525,1991-06-28
1991-06-11,2.8475,1991-06-28
1991-06-12,2.8525,1991-06-28
1991-06-13,2.876,1991-06-28
1991-06-14,2.86,1991-06-28
1991-06-17,2.88,1991-06-28
1991-06-18,2.905,1991-06-28
1991-06-19,2.862,1991-06-28
1991-06-20,2.8855,1991-06-28
1991-06-21,2.8805,1991-06-28
1991-06-24,2.859,1991-06-28
1991-06-25,2.8865,1991-06-28
1991-06-26,2.865,1991-06-28
1991-06-27,2.881,1991-06-28
1991-06-28,2.8925,1991-06-28
1991-07-01,2.909,1991-07-31
1991-07-02,2.901,1991-07-31
1991-07-03,2.904,1991-07-31
1991-07-05,2.908,1991-07-31
1991-07-08,2.8945,1991-07-31
1991-07-09,2.895,1991-07-31
1991-07-10,2.89,1991-07-31
1991-07-11,2.9175,1991-07-31
1991-07-12,2.8925,1991-07-31
1991-07-15,2.882,1991-07-31
1991-07-16,2.885,1991-07-31
1991-07-17,2.8745,1991-07-31
1991-07-18,2.87,1991-07-31
1991-07-19,2.85,1991-07-31
1991-07-22,2.873,1991-07-31
1991-07-23,2.8595,1991-07-31
1991-07-24,2.838,1991-07-31
1991-07-25,2.8655,1991-07-31
1991-07-26,2.8625,1991-07-31
1991-07-29,2.88,1991-07-31
1991-07-30,2.8805,1991-07-31
1991-07-31,2.87,1991-07-31
1991-08-01,2.883,1991-08-30
1991-08-02,2.835,1991-08-30
1991-08-05,2.8385,1991-08-30
1991-08-06,2.846,1991-08-30
1991-08-07,2.8495,1991-08-30
1991-08-08,2.86,1991-08-30
1991-08-09,2.87,1991-08-30
1991-08-12,2.858,1991-08-30
1991-08-13,2.8675,1991-08-30
1991-08-14,2.8675,1991-08-30
1991-08-15,2.875,1991-08-30
1991-08-16,2.9025,1991-08-30
1991-08-19,2.9125,1991-08-30
1991-08-20,2.9175,1991-08-30
1991-08-21,2.86,1991-08-30
1991-08-22,2.836,1991-08-30
1991-08-23,2.8755,1991-08-30
1991-08-26,2.879,1991-08-30
1991-08-27,2.875,1991-08-30
1991-08-28,2.875,1991-08-30
1991-08-29,2.881,1991-08-30
1991-08-30,2.8845,1991-08-30
1991-09-03,2.867,1991-09-30
1991-09-04,2.866,1991-09-30
1991-09-05,2.874,1991-09-30
1991-09-06,2.863,1991-09-30
1991-09-09,2.842,1991-09-30
1991-09-10,2.8475,1991-09-30
1991-09-11,2.835,1991-09-30
1991-09-12,2.826,1991-09-30
1991-09-13,2.828,1991-09-30
1991-09-16,2.809,1991-09-30
1991-09-17,2.817,1991-09-30
1991-09-18,2.821,1991-09-30
1991-09-19,2.8283,1991-09-30
1991-09-20,2.823,1991-09-30
1991-09-23,2.8155,1991-09-30
1991-09-24,2.7975,1991-09-30
1991-09-25,2.829,1991-09-30
1991-09-26,2.8275,1991-09-30
1991-09-27,2.812,1991-09-30
1991-09-30,2.804,1991-09-30
1991-10-01,2.805,1991-10-31
1991-10-02,2.81,1991-10-31
1991-10-03,2.815,1991-10-31
1991-10-04,2.825,1991-10-31
1991-10-07,2.8175,1991-10-31
1991-10-08,2.8325,1991-10-31
1991-10-09,2.816,1991-10-31
1991-10-10,2.8282,1991-10-31
1991-10-11,2.8295,1991-10-31
1991-10-15,2.842,1991-10-31
1991-10-16,2.829,1991-10-31
1991-10-17,2.84,1991-10-31
1991-10-18,2.832,1991-10-31
1991-10-21,2.84,1991-10-31
1991-10-22,2.838,1991-10-31
1991-10-23,2.845,1991-10-31
1991-10-24,2.8465,1991-10-31
1991-10-25,2.8485,1991-10-31
1991-10-28,2.8535,1991-10-31
1991-10-29,2.851,1991-10-31
1991-10-30,2.8215,1991-10-31
1991-10-31,2.825,1991-10-31
1991-11-01,2.815,1991-11-29
1991-11-04,2.797,1991-11-29
1991-11-05,2.8005,1991-11-29
1991-11-06,2.8075,1991-11-29
1991-11-07,2.801,1991-11-29
1991-11-08,2.8035,1991-11-29
1991-11-12,2.805,1991-11-29
1991-11-13,2.8,1991-11-29
1991-11-14,2.79,1991-11-29
1991-11-15,2.798,1991-11-29
1991-11-18,2.785,1991-11-29
1991-11-19,2.785,1991-11-29
1991-11-20,2.78,1991-11-29
1991-11-21,2.775,1991-11-29
1991-11-22,2.777,1991-11-29
1991-11-25,2.77,1991-11-29
1991-11-26,2.755,1991-11-29
1991-11-27,2.801,1991-11-29
1991-11-29,2.795,1991-11-29
1991-12-02,2.7925,1991-12-31
1991-12-03,2.7925,1991-12-31
1991-12-04,2.786,1991-12-31
1991-12-05,2.772,1991-12-31
1991-12-06,2.758,1991-12-31
1991-12-09,2.77,1991-12-31
1991-12-10,2.779,1991-12-31
1991-12-11,2.775,1991-12-31
1991-12-12,2.7715,1991-12-31
1991-12-13,2.766,1991-12-31
1991-12-16,2.7735,1991-12-31
1991-12-17,2.772,1991-12-31
1991-12-18,2.773,1991-12-31
1991-12-19,2.765,1991-12-31
1991-12-20,2.755,1991-12-31
1991-12-23,2.7375,1991-12-31
1991-12-24,2.745,1991-12-31
1991-12-27,2.75,1991-12-31
1991-12-30,2.747,1991-12-31
1991-12-31,2.749,1991-12-31
1992-01-02,2.758,1992-01-31
1992-01-03,2.76,1992-01-31
1992-01-06,2.741,1992-01-31
1992-01-07,2.738,1992-01-31
1992-01-08,2.744,1992-01-31
1992-01-09,2.75,1992-01-31
1992-01-10,2.801,1992-01-31
1992-01-13,2.787,1992-01-31
1992-01-14,2.8115,1992-01-31
1992-01-15,2.817,1992-01-31
1992-01-16,2.819,1992-01-31
1992-01-17,2.789,1992-01-31
1992-01-21,2.775,1992-01-31
1992-01-22,2.788,1992-01-31
1992-01-23,2.788,1992-01-31
1992-01-24,2.77,1992-01-31
1992-01-27,2.819,1992-01-31
1992-01-28,2.784,1992-01-31
1992-01-29,2.7875,1992-01-31
1992-01-30,2.8275,1992-01-31
1992-01-31,2.791,1992-01-31
1992-02-03,2.785,1992-02-28
1992-02-04,2.7835,1992-02-28
1992-02-05,2.789,1992-02-28
1992-02-06,2.779,1992-02-28
1992-02-07,2.75,1992-02-28
1992-02-10,2.778,1992-02-28
1992-02-11,2.7825,1992-02-28
1992-02-12,2.809,1992-02-28
1992-02-13,2.82,1992-02-28
1992-02-14,2.818,1992-02-28
1992-02-18,2.832,1992-02-28
1992-02-19,2.835,1992-02-28
1992-02-20,2.836,1992-02-28
1992-02-21,2.845,1992-02-28
1992-02-24,2.849,1992-02-28
1992-02-25,2.853,1992-02-28
1992-02-26,2.873,1992-02-28
1992-02-27,2.836,1992-02-28
1992-02-28,2.844,1992-02-28
1992-03-02,2.8575,1992-03-31
1992-03-03,2.858,1992-03-31
1992-03-04,2.887,1992-03-31
1992-03-05,2.88,1992-03-31
1992-03-06,2.884,1992-03-31
1992-03-09,2.879,1992-03-31
1992-03-10,2.881,1992-03-31
1992-03-11,2.888,1992-03-31
1992-03-12,2.899,1992-03-31
1992-03-13,2.891,1992-03-31
1992-03-16,2.8875,1992-03-31
1992-03-17,2.883,1992-03-31
1992-03-18,2.876,1992-03-31
1992-03-19,2.894,1992-03-31
1992-03-20,2.895,1992-03-31
1992-03-23,2.884,1992-03-31
1992-03-24,2.9025,1992-03-31
1992-03-25,2.874,1992-03-31
1992-03-26,2.895,1992-03-31
1992-03-27,2.8625,1992-03-31
1992-03-30,2.885,1992-03-31
1992-03-31,2.882,1992-03-31
1992-04-01,2.875,1992-04-30
1992-04-02,2.8825,1992-04-30
1992-04-03,2.877,1992-04-30
1992-04-06,2.865,1992-04-30
1992-04-07,2.874,1992-04-30
1992-04-08,2.8775,1992-04-30
1992-04-09,2.8525,1992-04-30
1992-04-10,2.8825,1992-04-30
1992-04-13,2.882,1992-04-30
1992-04-14,2.87,1992-04-30
1992-04-15,2.883,1992-04-30
1992-04-16,2.8925,1992-04-30
1992-04-21,2.895,1992-04-30
1992-04-22,2.8835,1992-04-30
1992-04-23,2.8855,1992-04-30
1992-04-24,2.883,1992-04-30
1992-04-27,2.8795,1992-04-30
1992-04-28,2.8745,1992-04-30
1992-04-29,2.879,1992-04-30
1992-04-30,2.872,1992-04-30
1992-05-01,2.855,1992-05-29
1992-05-04,2.861,1992-05-29
1992-05-05,2.8715,1992-05-29
1992-05-06,2.8595,1992-05-29
1992-05-07,2.865,1992-05-29
1992-05-08,2.88,1992-05-29
1992-05-11,2.873,1992-05-29
1992-05-12,2.857,1992-05-29
1992-05-13,2.8375,1992-05-29
1992-05-14,2.838,1992-05-29
1992-05-15,2.846,1992-05-29
1992-05-18,2.8335,1992-05-29
1992-05-19,2.825,1992-05-29
1992-05-20,2.836,1992-05-29
1992-05-21,2.836,1992-05-29
1992-05-22,2.839,1992-05-29
1992-05-26,2.831,1992-05-29
1992-05-27,2.8515,1992-05-29
1992-05-28,2.8435,1992-05-29
1992-05-29,2.826,1992-05-29
1992-06-01,2.8365,1992-06-30
1992-06-02,2.839,1992-06-30
1992-06-03,2.809,1992-06-30
1992-06-04,2.826,1992-06-30
1992-06-05,2.81,1992-06-30
1992-06-08,2.819,1992-06-30
1992-06-09,2.825,1992-06-30
1992-06-10,2.825,1992-06-30
1992-06-11,2.81,1992-06-30
1992-06-12,2.808,1992-06-30
1992-06-15,2.803,1992-06-30
1992-06-16,2.8025,1992-06-30
1992-06-17,2.81,1992-06-30
1992-06-18,2.8065,1992-06-30
1992-06-19,2.808,1992-06-30
1992-06-22,2.805,1992-06-30
1992-06-23,2.8025,1992-06-30
1992-06-24,2.8,1992-06-30
1992-06-25,2.7925,1992-06-30
1992-06-26,2.7875,1992-06-30
1992-06-29,2.772,1992-06-30
1992-06-30,2.772,1992-06-30
1992-07-01,2.7625,1992-07-31
1992-07-02,2.758,1992-07-31
1992-07-03,2.76,1992-07-31
1992-07-06,2.758,1992-07-31
1992-07-07,2.7575,1992-07-31
1992-07-08,2.748,1992-07-31
1992-07-09,2.775,1992-07-31
1992-07-10,2.759,1992-07-31
1992-07-13,2.73,1992-07-31
1992-07-14,2.7625,1992-07-31
1992-07-15,2.748,1992-07-31
1992-07-16,2.738,1992-07-31
1992-07-17,2.725,1992-07-31
1992-07-20,2.775,1992-07-31
1992-07-21,2.748,1992-07-31
1992-07-22,2.766,1992-07-31
1992-07-23,2.759,1992-07-31
1992-07-24,2.781,1992-07-31
1992-07-27,2.76,1992-07-31
1992-07-28,2.757,1992-07-31
1992-07-29,2.765,1992-07-31
1992-07-30,2.7675,1992-07-31
1992-07-31,2.7675,1992-07-31
1992-08-03,2.7695,1992-08-31
1992-08-04,2.768,1992-08-31
1992-08-05,2.764,1992-08-31
1992-08-06,2.7725,1992-08-31
1992-08-07,2.77,1992-08-31
1992-08-10,2.77,1992-08-31
1992-08-11,2.7775,1992-08-31
1992-08-12,2.77,1992-08-31
1992-08-13,2.77,1992-08-31
1992-08-14,2.774,1992-08-31
1992-08-17,2.762,1992-08-31
1992-08-18,2.7675,1992-08-31
1992-08-19,2.767,1992-08-31
1992-08-20,2.767,1992-08-31
1992-08-21,2.781,1992-08-31
1992-08-24,2.759,1992-08-31
1992-08-25,2.7415,1992-08-31
1992-08-26,2.747,1992-08-31
1992-08-27,2.752,1992-08-31
1992-08-28,2.746,1992-08-31
1992-08-31,2.726,1992-08-31
1992-09-01,2.723,1992-09-30
1992-09-02,2.727,1992-09-30
1992-09-03,2.7705,1992-09-30
1992-09-04,2.746,1992-09-30
1992-09-08,2.7415,1992-09-30
1992-09-09,2.765,1992-09-30
1992-09-10,2.764,1992-09-30
1992-09-11,2.783,1992-09-30
1992-09-14,2.81,1992-09-30
1992-09-15,2.803,1992-09-30
1992-09-16,2.83,1992-09-30
1992-09-17,2.845,1992-09-30
1992-09-18,2.852,1992-09-30
1992-09-21,2.846,1992-09-30
1992-09-22,2.8435,1992-09-30
1992-09-23,2.855,1992-09-30
1992-09-24,2.855,1992-09-30
1992-09-25,2.85,1992-09-30
1992-09-28,2.835,1992-09-30
1992-09-29,2.821,1992-09-30
1992-09-30,2.813,1992-09-30
1992-10-01,2.823,1992-10-30
1992-10-02,2.83,1992-10-30
1992-10-05,2.823,1992-10-30
1992-10-06,2.833,1992-10-30
1992-10-07,2.87,1992-10-30
1992-10-08,2.86,1992-10-30
1992-10-09,2.872,1992-10-30
1992-10-13,2.869,1992-10-30
1992-10-14,2.863,1992-10-30
1992-10-15,2.849,1992-10-30
1992-10-16,2.8725,1992-10-30
1992-10-19,2.895,1992-10-30
1992-10-20,2.9425,1992-10-30
1992-10-21,2.9205,1992-10-30
1992-10-22,2.916,1992-10-30
1992-10-23,2.9385,1992-10-30
1992-10-26,2.945,1992-10-30
1992-10-27,2.9545,1992-10-30
1992-10-28,2.955,1992-10-30
1992-10-29,2.95,1992-10-30
1992-10-30,2.956,1992-10-30
1992-11-02,2.979,1992-11-30
1992-11-03,2.973,1992-11-30
1992-11-04,2.97,1992-11-30
1992-11-05,2.984,1992-11-30
1992-11-06,2.986,1992-11-30
1992-11-09,2.995,1992-11-30
1992-11-10,3.006,1992-11-30
1992-11-12,2.9865,1992-11-30
1992-11-13,2.9825,1992-11-30
1992-11-16,2.9995,1992-11-30
1992-11-17,3.01,1992-11-30
1992-11-18,3.001,1992-11-30
1992-11-19,2.9875,1992-11-30
1992-11-20,2.9975,1992-11-30
1992-11-23,3.015,1992-11-30
1992-11-24,3.015,1992-11-30
1992-11-25,3.0025,1992-11-30
1992-11-27,3.02,1992-11-30
1992-11-30,3.013,1992-11-30
1992-12-01,3.01,1992-12-31
1992-12-02,2.996,1992-12-31
1992-12-03,3.0,1992-12-31
1992-12-04,3.0095,1992-12-31
1992-12-07,2.995,1992-12-31
1992-12-08,2.983,1992-12-31
1992-12-09,2.995,1992-12-31
1992-12-10,3.0075,1992-12-31
1992-12-11,3.01,1992-12-31
1992-12-14,3.0098,1992-12-31
1992-12-15,3.009,1992-12-31
1992-12-16,3.004,1992-12-31
1992-12-17,2.995,1992-12-31
1992-12-18,3.01,1992-12-31
1992-12-21,3.01,1992-12-31
1992-12-22,3.0175,1992-12-31
1992-12-23,3.0195,1992-12-31
1992-12-24,3.019,1992-12-31
1992-12-28,3.035,1992-12-31
1992-12-29,3.0643,1992-12-31
1992-12-30,3.056,1992-12-31
1992-12-31,3.052,1992-12-31
1993-01-04,3.077,1993-01-29
1993-01-05,3.058,1993-01-29
1993-01-06,3.065,1993-01-29
1993-01-07,3.069,1993-01-29
1993-01-08,3.089,1993-01-29
1993-01-11,3.07,1993-01-29
1993-01-12,3.068,1993-01-29
1993-01-13,3.0725,1993-01-29
1993-01-14,3.0725,1993-01-29
1993-01-15,3.084,1993-01-29
1993-01-19,3.075,1993-01-29
1993-01-20,3.0785,1993-01-29
1993-01-21,3.08,1993-01-29
1993-01-22,3.0765,1993-01-29
1993-01-25,3.0545,1993-01-29
1993-01-26,3.0575,1993-01-29
1993-01-27,3.065,1993-01-29
1993-01-28,3.062,1993-01-29
1993-01-29,3.08,1993-01-29
1993-02-01,3.095,1993-02-26
1993-02-02,3.1,1993-02-26
1993-02-03,3.105,1993-02-26
1993-02-04,3.1175,1993-02-26
1993-02-05,3.115,1993-02-26
1993-02-08,3.1255,1993-02-26
1993-02-09,3.124,1993-02-26
1993-02-10,3.122,1993-02-26
1993-02-11,3.128,1993-02-26
1993-02-12,3.1325,1993-02-26
1993-02-16,3.122,1993-02-26
1993-02-17,3.1135,1993-02-26
1993-02-18,3.1185,1993-02-26
1993-02-19,3.127,1993-02-26
1993-02-22,3.125,1993-02-26
1993-02-23,3.118,1993-02-26
1993-02-24,3.125,1993-02-26
1993-02-25,3.1355,1993-02-26
1993-02-26,3.145,1993-02-26
1993-03-01,3.15,1993-03-31
1993-03-02,3.151,1993-03-31
1993-03-03,3.156,1993-03-31
1993-03-04,3.1595,1993-03-31
1993-03-05,3.175,1993-03-31
1993-03-08,3.185,1993-03-31
1993-03-09,3.183,1993-03-31
1993-03-10,3.1875,1993-03-31
1993-03-11,3.1895,1993-03-31
1993-03-12,3.1915,1993-03-31
1993-03-15,3.1975,1993-03-31
1993-03-16,3.195,1993-03-31
1993-03-17,3.199,1993-03-31
1993-03-18,3.1925,1993-03-31
1993-03-19,3.175,1993-03-31
1993-03-22,3.175,1993-03-31
1993-03-23,3.1745,1993-03-31
1993-03-24,3.175,1993-03-31
1993-03-25,3.185,1993-03-31
1993-03-26,3.1855,1993-03-31
1993-03-29,3.1805,1993-03-31
1993-03-30,3.1835,1993-03-31
1993-03-31,3.17,1993-03-31
1993-04-01,3.176,1993-04-30
1993-04-02,3.181,1993-04-30
1993-04-05,3.18,1993-04-30
1993-04-06,3.194,1993-04-30
1993-04-07,3.196,1993-04-30
1993-04-08,3.18,1993-04-30
1993-04-09,3.18,1993-04-30
1993-04-13,3.16,1993-04-30
1993-04-14,3.1665,1993-04-30
1993-04-15,3.1795,1993-04-30
1993-04-16,3.1955,1993-04-30
1993-04-19,3.18,1993-04-30
1993-04-20,3.1675,1993-04-30
1993-04-21,3.17,1993-04-30
1993-04-22,3.17,1993-04-30
1993-04-23,3.16,1993-04-30
1993-04-26,3.145,1993-04-30
1993-04-27,3.15,1993-04-30
1993-04-28,3.16,1993-04-30
1993-04-29,3.155,1993-04-30
1993-04-30,3.1615,1993-04-30
1993-05-03,3.17,1993-05-31
1993-05-04,3.1575,1993-05-31
1993-05-05,3.1625,1993-05-31
1993-05-06,3.1605,1993-05-31
1993-05-07,3.157,1993-05-31
1993-05-10,3.181,1993-05-31
1993-05-11,3.185,1993-05-31
1993-05-12,3.188,1993-05-31
1993-05-13,3.179,1993-05-31
1993-05-14,3.175,1993-05-31
1993-05-17,3.177,1993-05-31
1993-05-18,3.19,1993-05-31
1993-05-19,3.18,1993-05-31
1993-05-20,3.175,1993-05-31
1993-05-21,3.19,1993-05-31
1993-05-24,3.1965,1993-05-31
1993-05-25,3.19,1993-05-31
1993-05-26,3.193,1993-05-31
1993-05-27,3.1875,1993-05-31
1993-05-28,3.18,1993-05-31
1993-06-01,3.179,1993-06-30
1993-06-02,3.1825,1993-06-30
1993-06-03,3.188,1993-06-30
1993-06-04,3.19,1993-06-30
1993-06-07,3.186,1993-06-30
1993-06-08,3.19,1993-06-30
1993-06-09,3.199,1993-06-30
1993-06-10,3.193,1993-06-30
1993-06-11,3.188,1993-06-30
1993-06-14,3.193,1993-06-30
1993-06-15,3.205,1993-06-30
1993-06-16,3.22,1993-06-30
1993-06-17,3.2325,1993-06-30
1993-06-18,3.245,1993-06-30
1993-06-21,3.286,1993-06-30
1993-06-22,3.3,1993-06-30
1993-06-23,3.3,1993-06-30
1993-06-24,3.322,1993-06-30
1993-06-25,3.316,1993-06-30
1993-06-28,3.327,1993-06-30
1993-06-29,3.324,1993-06-30
1993-06-30,3.3325,1993-06-30
1993-07-01,3.3525,1993-07-30
1993-07-02,3.345,1993-07-30
1993-07-06,3.3475,1993-07-30
1993-07-07,3.333,1993-07-30
1993-07-08,3.338,1993-07-30
1993-07-09,3.351,1993-07-30
1993-07-12,3.366,1993-07-30
1993-07-13,3.352,1993-07-30
1993-07-14,3.352,1993-07-30
1993-07-15,3.347,1993-07-30
1993-07-16,3.357,1993-07-30
1993-07-19,3.3425,1993-07-30
1993-07-20,3.345,1993-07-30
1993-07-21,3.335,1993-07-30
1993-07-22,3.35,1993-07-30
1993-07-23,3.35,1993-07-30
1993-07-26,3.35,1993-07-30
1993-07-27,3.3625,1993-07-30
1993-07-28,3.356,1993-07-30
1993-07-29,3.3715,1993-07-30
1993-07-30,3.385,1993-07-30
1993-08-02,3.3575,1993-08-31
1993-08-03,3.3525,1993-08-31
1993-08-04,3.3615,1993-08-31
1993-08-05,3.37,1993-08-31
1993-08-06,3.365,1993-08-31
1993-08-09,3.36,1993-08-31
1993-08-10,3.369,1993-08-31
1993-08-11,3.372,1993-08-31
1993-08-12,3.385,1993-08-31
1993-08-13,3.38,1993-08-31
1993-08-16,3.37,1993-08-31
1993-08-17,3.3475,1993-08-31
1993-08-18,3.35,1993-08-31
1993-08-19,3.365,1993-08-31
1993-08-20,3.36,1993-08-31
1993-08-23,3.37,1993-08-31
1993-08-24,3.3625,1993-08-31
1993-08-25,3.37,1993-08-31
1993-08-26,3.3625,1993-08-31
1993-08-27,3.37,1993-08-31
1993-08-30,3.373,1993-08-31
1993-08-31,3.38,1993-08-31
1993-09-01,3.38,1993-09-30
1993-09-02,3.38,1993-09-30
1993-09-03,3.394,1993-09-30
1993-09-07,3.41,1993-09-30
1993-09-08,3.414,1993-09-30
1993-09-09,3.4,1993-09-30
1993-09-10,3.407,1993-09-30
1993-09-13,3.41,1993-09-30
1993-09-14,3.415,1993-09-30
1993-09-15,3.41,1993-09-30
1993-09-16,3.412,1993-09-30
1993-09-17,3.415,1993-09-30
1993-09-20,3.415,1993-09-30
1993-09-21,3.416,1993-09-30
1993-09-22,3.425,1993-09-30
1993-09-23,3.435,1993-09-30
1993-09-24,3.436,1993-09-30
1993-09-27,3.4375,1993-09-30
1993-09-28,3.418,1993-09-30
1993-09-29,3.423,1993-09-30
1993-09-30,3.43,1993-09-30
1993-10-01,3.4575,1993-10-29
1993-10-04,3.4475,1993-10-29
1993-10-05,3.445,1993-10-29
1993-10-06,3.452,1993-10-29
1993-10-07,3.456,1993-10-29
1993-10-08,3.4475,1993-10-29
1993-10-12,3.421,1993-10-29
1993-10-13,3.398,1993-10-29
1993-10-14,3.366,1993-10-29
1993-10-15,3.3475,1993-10-29
1993-10-18,3.345,1993-10-29
1993-10-19,3.3525,1993-10-29
1993-10-20,3.3525,1993-10-29
1993-10-21,3.361,1993-10-29
1993-10-22,3.3645,1993-10-29
1993-10-25,3.362,1993-10-29
1993-10-26,3.371,1993-10-29
1993-10-27,3.37,1993-10-29
1993-10-28,3.3725,1993-10-29
1993-10-29,3.36,1993-10-29
1993-11-01,3.375,1993-11-30
1993-11-02,3.373,1993-11-30
1993-11-03,3.37,1993-11-30
1993-11-04,3.3675,1993-11-30
1993-11-05,3.3775,1993-11-30
1993-11-08,3.36,1993-11-30
1993-11-09,3.3675,1993-11-30
1993-11-10,3.365,1993-11-30
1993-11-12,3.367,1993-11-30
1993-11-15,3.3625,1993-11-30
1993-11-16,3.366,1993-11-30
1993-11-17,3.372,1993-11-30
1993-11-18,3.372,1993-11-30
1993-11-19,3.3725,1993-11-30
1993-11-22,3.367,1993-11-30
1993-11-23,3.358,1993-11-30
1993-11-24,3.358,1993-11-30
1993-11-26,3.369,1993-11-30
1993-11-29,3.37,1993-11-30
1993-11-30,3.37,1993-11-30
1993-12-01,3.37,1993-12-31
1993-12-02,3.3705,1993-12-31
1993-12-03,3.3725,1993-12-31
1993-12-06,3.3655,1993-12-31
1993-12-07,3.365,1993-12-31
1993-12-08,3.37,1993-12-31
1993-12-09,3.3675,1993-12-31
1993-12-10,3.36,1993-12-31
1993-12-13,3.374,1993-12-31
1993-12-14,3.38,1993-12-31
1993-12-15,3.385,1993-12-31
1993-12-16,3.385,1993-12-31
1993-12-17,3.385,1993-12-31
1993-12-20,3.39,1993-12-31
1993-12-21,3.3865,1993-12-31
1993-12-22,3.39,1993-12-31
1993-12-23,3.38,1993-12-31
1993-12-24,3.377,1993-12-31
1993-12-27,3.376,1993-12-31
1993-12-28,3.376,1993-12-31
1993-12-29,3.386,1993-12-31
1993-12-30,3.4,1993-12-31
1993-12-31,3.4005,1993-12-31
1994-01-03,3.4005,1994-01-31
1994-01-04,3.405,1994-01-31
1994-01-05,3.4,1994-01-31
1994-01-06,3.4005,1994-01-31
1994-01-07,3.39,1994-01-31
1994-01-10,3.4,1994-01-31
1994-01-11,3.405,1994-01-31
1994-01-12,3.4,1994-01-31
1994-01-13,3.4105,1994-01-31
1994-01-14,3.4155,1994-01-31
1994-01-18,3.4155,1994-01-31
1994-01-19,3.412,1994-01-31
1994-01-20,3.417,1994-01-31
1994-01-21,3.4105,1994-01-31
1994-01-24,3.424,1994-01-31
1994-01-25,3.422,1994-01-31
1994-01-26,3.42,1994-01-31
1994-01-27,3.42,1994-01-31
1994-01-28,3.42,1994-01-31
1994-01-31,3.425,1994-01-31
1994-02-01,3.415,1994-02-28
1994-02-02,3.42,1994-02-28
1994-02-03,3.42,1994-02-28
1994-02-04,3.423,1994-02-28
1994-02-07,3.4375,1994-02-28
1994-02-08,3.436,1994-02-28
1994-02-09,3.438,1994-02-28
1994-02-10,3.4475,1994-02-28
1994-02-11,3.45,1994-02-28
1994-02-14,3.448,1994-02-28
1994-02-15,3.445,1994-02-28
1994-02-16,3.4475,1994-02-28
1994-02-17,3.456,1994-02-28
1994-02-18,3.4565,1994-02-28
1994-02-22,3.478,1994-02-28
1994-02-23,3.534,1994-02-28
1994-02-24,3.49,1994-02-28
1994-02-25,3.474,1994-02-28
1994-02-28,3.4725,1994-02-28
1994-03-01,3.46,1994-03-31
1994-03-02,3.4625,1994-03-31
1994-03-03,3.468,1994-03-31
1994-03-04,3.485,1994-03-31
1994-03-07,3.488,1994-03-31
1994-03-08,3.485,1994-03-31
1994-03-09,3.478,1994-03-31
1994-03-10,3.445,1994-03-31
1994-03-11,3.4315,1994-03-31
1994-03-14,3.455,1994-03-31
1994-03-15,3.455,1994-03-31
1994-03-16,3.4525,1994-03-31
1994-03-17,3.4325,1994-03-31
1994-03-18,3.4525,1994-03-31
1994-03-21,3.4505,1994-03-31
1994-03-22,3.45,1994-03-31
1994-03-23,3.45,1994-03-31
1994-03-24,3.445,1994-03-31
1994-03-25,3.443,1994-03-31
1994-03-28,3.448,1994-03-31
1994-03-29,3.452,1994-03-31
1994-03-30,3.48,1994-03-31
1994-03-31,3.478,1994-03-31
1994-04-01,3.495,1994-04-29
1994-04-04,3.485,1994-04-29
1994-04-05,3.521,1994-04-29
1994-04-06,3.537,1994-04-29
1994-04-07,3.555,1994-04-29
1994-04-08,3.56,1994-04-29
1994-04-11,3.595,1994-04-29
1994-04-12,3.61,1994-04-29
1994-04-13,3.6061,1994-04-29
1994-04-14,3.626,1994-04-29
1994-04-15,3.645,1994-04-29
1994-04-18,3.661,1994-04-29
1994-04-19,3.5555,1994-04-29
1994-04-20,3.6055,1994-04-29
1994-04-21,3.598,1994-04-29
1994-04-22,3.6155,1994-04-29
1994-04-25,3.616,1994-04-29
1994-04-26,3.5875,1994-04-29
1994-04-27,3.58,1994-04-29
1994-04-28,3.58,1994-04-29
1994-04-29,3.523,1994-04-29
1994-05-02,3.525,1994-05-31
1994-05-03,3.55,1994-05-31
1994-05-04,3.6045,1994-05-31
1994-05-05,3.625,1994-05-31
1994-05-06,3.578,1994-05-31
1994-05-09,3.6125,1994-05-31
1994-05-10,3.618,1994-05-31
1994-05-11,3.642,1994-05-31
1994-05-12,3.644,1994-05-31
1994-05-13,3.65,1994-05-31
1994-05-16,3.663,1994-05-31
1994-05-17,3.66,1994-05-31
1994-05-18,3.6705,1994-05-31
1994-05-19,3.675,1994-05-31
1994-05-20,3.678,1994-05-31
1994-05-23,3.658,1994-05-31
1994-05-24,3.67,1994-05-31
1994-05-25,3.671,1994-05-31
1994-05-26,3.655,1994-05-31
1994-05-27,3.6475,1994-05-31
1994-05-31,3.63,1994-05-31
1994-06-01,3.64,1994-06-30
1994-06-02,3.63,1994-06-30
1994-06-03,3.627,1994-06-30
1994-06-06,3.618,1994-06-30
1994-06-07,3.625,1994-06-30
1994-06-08,3.625,1994-06-30
1994-06-09,3.618,1994-06-30
1994-06-10,3.625,1994-06-30
1994-06-13,3.6185,1994-06-30
1994-06-14,3.616,1994-06-30
1994-06-15,3.622,1994-06-30
1994-06-16,3.636,1994-06-30
1994-06-17,3.6505,1994-06-30
1994-06-20,3.645,1994-06-30
1994-06-21,3.656,1994-06-30
1994-06-22,3.6505,1994-06-30
1994-06-23,3.615,1994-06-30
1994-06-24,3.626,1994-06-30
1994-06-27,3.615,1994-06-30
1994-06-28,3.64,1994-06-30
1994-06-29,3.646,1994-06-30
1994-06-30,3.654,1994-06-30
1994-07-01,3.652,1994-07-29
1994-07-05,3.661,1994-07-29
1994-07-06,3.6655,1994-07-29
1994-07-07,3.673,1994-07-29
1994-07-08,3.6805,1994-07-29
1994-07-11,3.654,1994-07-29
1994-07-12,3.639,1994-07-29
1994-07-13,3.653,1994-07-29
1994-07-14,3.657,1994-07-29
1994-07-15,3.6655,1994-07-29
1994-07-18,3.6635,1994-07-29
1994-07-19,3.676,1994-07-29
1994-07-20,3.6805,1994-07-29
1994-07-21,3.6745,1994-07-29
1994-07-22,3.701,1994-07-29
1994-07-25,3.697,1994-07-29
1994-07-26,3.685,1994-07-29
1994-07-27,3.669,1994-07-29
1994-07-28,3.683,1994-07-29
1994-07-29,3.679,1994-07-29
1994-08-01,3.655,1994-08-31
1994-08-02,3.65,1994-08-31
1994-08-03,3.638,1994-08-31
1994-08-04,3.622,1994-08-31
1994-08-05,3.6225,1994-08-31
1994-08-08,3.613,1994-08-31
1994-08-09,3.6125,1994-08-31
1994-08-10,3.613,1994-08-31
1994-08-11,3.612,1994-08-31
1994-08-12,3.59,1994-08-31
1994-08-15,3.485,1994-08-31
1994-08-16,3.588,1994-08-31
1994-08-17,3.588,1994-08-31
1994-08-18,3.58,1994-08-31
1994-08-19,3.577,1994-08-31
1994-08-22,3.5765,1994-08-31
1994-08-23,3.5815,1994-08-31
1994-08-24,3.581,1994-08-31
1994-08-25,3.5825,1994-08-31
1994-08-26,3.59,1994-08-31
1994-08-29,3.593,1994-08-31
1994-08-30,3.588,1994-08-31
1994-08-31,3.5875,1994-08-31
1994-09-01,3.588,1994-09-30
1994-09-02,3.583,1994-09-30
1994-09-06,3.568,1994-09-30
1994-09-07,3.5655,1994-09-30
1994-09-08,3.5605,1994-09-30
1994-09-09,3.557,1994-09-30
1994-09-12,3.5525,1994-09-30
1994-09-13,3.556,1994-09-30
1994-09-14,3.551,1994-09-30
1994-09-15,3.5565,1994-09-30
1994-09-16,3.5525,1994-09-30
1994-09-19,3.5475,1994-09-30
1994-09-20,3.548,1994-09-30
1994-09-21,3.545,1994-09-30
1994-09-22,3.535,1994-09-30
1994-09-23,3.537,1994-09-30
1994-09-26,3.545,1994-09-30
1994-09-27,3.555,1994-09-30
1994-09-28,3.557,1994-09-30
1994-09-29,3.57,1994-09-30
1994-09-30,3.568,1994-09-30
1994-10-03,3.584,1994-10-31
1994-10-04,3.574,1994-10-31
1994-10-05,3.575,1994-10-31
1994-10-06,3.575,1994-10-31
1994-10-07,3.5705,1994-10-31
1994-10-11,3.57,1994-10-31
1994-10-12,3.58,1994-10-31
1994-10-13,3.583,1994-10-31
1994-10-14,3.574,1994-10-31
1994-10-17,3.5475,1994-10-31
1994-10-18,3.53,1994-10-31
1994-10-19,3.523,1994-10-31
1994-10-20,3.537,1994-10-31
1994-10-21,3.507,1994-10-31
1994-10-24,3.5075,1994-10-31
1994-10-25,3.495,1994-10-31
1994-10-26,3.5015,1994-10-31
1994-10-27,3.502,1994-10-31
1994-10-28,3.503,1994-10-31
1994-10-31,3.501,1994-10-31
1994-11-01,3.497,1994-11-30
1994-11-02,3.503,1994-11-30
1994-11-03,3.514,1994-11-30
1994-11-04,3.5205,1994-11-30
1994-11-07,3.507,1994-11-30
1994-11-08,3.498,1994-11-30
1994-11-09,3.514,1994-11-30
1994-11-10,3.525,1994-11-30
1994-11-14,3.52,1994-11-30
1994-11-15,3.5205,1994-11-30
1994-11-16,3.526,1994-11-30
1994-11-17,3.53,1994-11-30
1994-11-18,3.539,1994-11-30
1994-11-21,3.542,1994-11-30
1994-11-22,3.539,1994-11-30
1994-11-23,3.536,1994-11-30
1994-11-25,3.536,1994-11-30
1994-11-28,3.5465,1994-11-30
1994-11-29,3.545,1994-11-30
1994-11-30,3.553,1994-11-30
1994-12-01,3.5605,1994-12-30
1994-12-02,3.568,1994-12-30
1994-12-05,3.566,1994-12-30
1994-12-06,3.5625,1994-12-30
1994-12-07,3.553,1994-12-30
1994-12-08,3.56,1994-12-30
1994-12-09,3.564,1994-12-30
1994-12-12,3.5648,1994-12-30
1994-12-13,3.564,1994-12-30
1994-12-14,3.567,1994-12-30
1994-12-15,3.575,1994-12-30
1994-12-16,3.5725,1994-12-30
1994-12-19,3.556,1994-12-30
1994-12-20,3.554,1994-12-30
1994-12-21,3.556,1994-12-30
1994-12-22,3.5625,1994-12-30
1994-12-23,3.565,1994-12-30
1994-12-27,3.5655,1994-12-30
1994-12-28,3.561,1994-12-30
1994-12-29,3.548,1994-12-30
1994-12-30,3.545,1994-12-30
1995-01-03,3.551,1995-01-31
1995-01-04,3.557,1995-01-31
1995-01-05,3.556,1995-01-31
1995-01-06,3.558,1995-01-31
1995-01-09,3.5455,1995-01-31
1995-01-10,3.54,1995-01-31
1995-01-11,3.529,1995-01-31
1995-01-12,3.526,1995-01-31
1995-01-13,3.5265,1995-01-31
1995-01-17,3.5405,1995-01-31
1995-01-18,3.536,1995-01-31
1995-01-19,3.543,1995-01-31
1995-01-20,3.536,1995-01-31
1995-01-23,3.533,1995-01-31
1995-01-24,3.534,1995-01-31
1995-01-25,3.537,1995-01-31
1995-01-26,3.539,1995-01-31
1995-01-27,3.542,1995-01-31
1995-01-30,3.5335,1995-01-31
1995-01-31,3.544,1995-01-31
1995-02-01,3.546,1995-02-28
1995-02-02,3.547,1995-02-28
1995-02-03,3.549,1995-02-28
1995-02-06,3.5495,1995-02-28
1995-02-07,3.551,1995-02-28
1995-02-08,3.554,1995-02-28
1995-02-09,3.552,1995-02-28
1995-02-10,3.55,1995-02-28
1995-02-13,3.5445,1995-02-28
1995-02-14,3.545,1995-02-28
1995-02-15,3.548,1995-02-28
1995-02-16,3.543,1995-02-28
1995-02-17,3.543,1995-02-28
1995-02-21,3.562,1995-02-28
1995-02-22,3.5925,1995-02-28
1995-02-23,3.6075,1995-02-28
1995-02-24,3.6125,1995-02-28
1995-02-27,3.6,1995-02-28
1995-02-28,3.5995,1995-02-28
1995-03-01,3.599,1995-03-31
1995-03-02,3.5975,1995-03-31
1995-03-03,3.568,1995-03-31
1995-03-06,3.551,1995-03-31
1995-03-07,3.57,1995-03-31
1995-03-08,3.58,1995-03-31
1995-03-09,3.602,1995-03-31
1995-03-10,3.7,1995-03-31
1995-03-13,3.616,1995-03-31
1995-03-14,3.63,1995-03-31
1995-03-15,3.577,1995-03-31
1995-03-16,3.576,1995-03-31
1995-03-17,3.604,1995-03-31
1995-03-20,3.628,1995-03-31
1995-03-21,3.6325,1995-03-31
1995-03-22,3.6105,1995-03-31
1995-03-23,3.6025,1995-03-31
1995-03-24,3.613,1995-03-31
1995-03-27,3.604,1995-03-31
1995-03-28,3.595,1995-03-31
1995-03-29,3.589,1995-03-31
1995-03-30,3.603,1995-03-31
1995-03-31,3.581,1995-03-31
1995-04-03,3.588,1995-04-28
1995-04-04,3.5915,1995-04-28
1995-04-05,3.5955,1995-04-28
1995-04-06,3.59,1995-04-28
1995-04-07,3.592,1995-04-28
1995-04-10,3.6005,1995-04-28
1995-04-11,3.603,1995-04-28
1995-04-12,3.608,1995-04-28
1995-04-13,3.608,1995-04-28
1995-04-14,3.608,1995-04-28
1995-04-17,3.606,1995-04-28
1995-04-18,3.595,1995-04-28
1995-04-19,3.59,1995-04-28
1995-04-20,3.603,1995-04-28
1995-04-21,3.6105,1995-04-28
1995-04-24,3.611,1995-04-28
1995-04-25,3.6125,1995-04-28
1995-04-26,3.62,1995-04-28
1995-04-27,3.616,1995-04-28
1995-04-28,3.6215,1995-04-28
1995-05-01,3.621,1995-05-31
1995-05-02,3.625,1995-05-31
1995-05-03,3.6315,1995-05-31
1995-05-04,3.633,1995-05-31
1995-05-05,3.629,1995-05-31
1995-05-08,3.624,1995-05-31
1995-05-09,3.629,1995-05-31
1995-05-10,3.641,1995-05-31
1995-05-11,3.64,1995-05-31
1995-05-12,3.659,1995-05-31
1995-05-15,3.658,1995-05-31
1995-05-16,3.655,1995-05-31
1995-05-17,3.662,1995-05-31
1995-05-18,3.693,1995-05-31
1995-05-19,3.692,1995-05-31
1995-05-22,3.691,1995-05-31
1995-05-23,3.694,1995-05-31
1995-05-24,3.702,1995-05-31
1995-05-25,3.684,1995-05-31
1995-05-26,3.67,1995-05-31
1995-05-30,3.662,1995-05-31
1995-05-31,3.667,1995-05-31
1995-06-01,3.685,1995-06-30
1995-06-02,3.6795,1995-06-30
1995-06-05,3.677,1995-06-30
1995-06-06,3.677,1995-06-30
1995-06-07,3.679,1995-06-30
1995-06-08,3.6805,1995-06-30
1995-06-09,3.675,1995-06-30
1995-06-12,3.675,1995-06-30
1995-06-13,3.669,1995-06-30
1995-06-14,3.666,1995-06-30
1995-06-15,3.6733,1995-06-30
1995-06-16,3.668,1995-06-30
1995-06-19,3.665,1995-06-30
1995-06-20,3.6565,1995-06-30
1995-06-21,3.6545,1995-06-30
1995-06-22,3.649,1995-06-30
1995-06-23,3.642,1995-06-30
1995-06-26,3.638,1995-06-30
1995-06-27,3.6355,1995-06-30
1995-06-28,3.6505,1995-06-30
1995-06-29,3.648,1995-06-30
1995-06-30,3.637,1995-06-30
1995-07-03,3.635,1995-07-31
1995-07-05,3.6355,1995-07-31
1995-07-06,3.634,1995-07-31
1995-07-07,3.644,1995-07-31
1995-07-10,3.6455,1995-07-31
1995-07-11,3.652,1995-07-31
1995-07-12,3.6515,1995-07-31
1995-07-13,3.649,1995-07-31
1995-07-14,3.6495,1995-07-31
1995-07-17,3.652,1995-07-31
1995-07-18,3.647,1995-07-31
1995-07-19,3.642,1995-07-31
1995-07-20,3.6395,1995-07-31
1995-07-21,3.643,1995-07-31
1995-07-24,3.6395,1995-07-31
1995-07-25,3.6365,1995-07-31
1995-07-26,3.634,1995-07-31
1995-07-27,3.63,1995-07-31
1995-07-28,3.626,1995-07-31
1995-07-31,3.623,1995-07-31
1995-08-01,3.613,1995-08-31
1995-08-02,3.62,1995-08-31
1995-08-03,3.616,1995-08-31
1995-08-04,3.6125,1995-08-31
1995-08-07,3.6115,1995-08-31
1995-08-08,3.611,1995-08-31
1995-08-09,3.606,1995-08-31
1995-08-10,3.616,1995-08-31
1995-08-11,3.634,1995-08-31
1995-08-14,3.6345,1995-08-31
1995-08-15,3.658,1995-08-31
1995-08-16,3.6525,1995-08-31
1995-08-17,3.656,1995-08-31
1995-08-18,3.6545,1995-08-31
1995-08-21,3.656,1995-08-31
1995-08-22,3.661,1995-08-31
1995-08-23,3.655,1995-08-31
1995-08-24,3.66,1995-08-31
1995-08-25,3.6605,1995-08-31
1995-08-28,3.658,1995-08-31
1995-08-29,3.6605,1995-08-31
1995-08-30,3.66,1995-08-31
1995-08-31,3.657,1995-08-31
1995-09-01,3.6595,1995-09-29
1995-09-05,3.6605,1995-09-29
1995-09-06,3.663,1995-09-29
1995-09-07,3.662,1995-09-29
1995-09-08,3.668,1995-09-29
1995-09-11,3.661,1995-09-29
1995-09-12,3.6615,1995-09-29
1995-09-13,3.666,1995-09-29
1995-09-14,3.671,1995-09-29
1995-09-15,3.674,1995-09-29
1995-09-18,3.6765,1995-09-29
1995-09-19,3.678,1995-09-29
1995-09-20,3.667,1995-09-29
1995-09-21,3.6555,1995-09-29
1995-09-22,3.6505,1995-09-29
1995-09-25,3.655,1995-09-29
1995-09-26,3.6555,1995-09-29
1995-09-27,3.648,1995-09-29
1995-09-28,3.648,1995-09-29
1995-09-29,3.6505,1995-09-29
1995-10-02,3.6605,1995-10-31
1995-10-03,3.6645,1995-10-31
1995-10-04,3.6595,1995-10-31
1995-10-05,3.664,1995-10-31
1995-10-06,3.6625,1995-10-31
1995-10-10,3.6515,1995-10-31
1995-10-11,3.652,1995-10-31
1995-10-12,3.656,1995-10-31
1995-10-13,3.658,1995-10-31
1995-10-16,3.655,1995-10-31
1995-10-17,3.6525,1995-10-31
1995-10-18,3.652,1995-10-31
1995-10-19,3.649,1995-10-31
1995-10-20,3.6435,1995-10-31
1995-10-23,3.6355,1995-10-31
1995-10-24,3.635,1995-10-31
1995-10-25,3.636,1995-10-31
1995-10-26,3.636,1995-10-31
1995-10-27,3.636,1995-10-31
1995-10-30,3.647,1995-10-31
1995-10-31,3.648,1995-10-31
1995-11-01,3.6485,1995-11-30
1995-11-02,3.6465,1995-11-30
1995-11-03,3.6465,1995-11-30
1995-11-06,3.6415,1995-11-30
1995-11-07,3.641,1995-11-30
1995-11-08,3.6388,1995-11-30
1995-11-09,3.637,1995-11-30
1995-11-10,3.6355,1995-11-30
1995-11-13,3.637,1995-11-30
1995-11-14,3.6415,1995-11-30
1995-11-15,3.64,1995-11-30
1995-11-16,3.6465,1995-11-30
1995-11-17,3.648,1995-11-30
1995-11-20,3.6515,1995-11-30
1995-11-21,3.646,1995-11-30
1995-11-22,3.648,1995-11-30
1995-11-24,3.654,1995-11-30
1995-11-27,3.6595,1995-11-30
1995-11-28,3.659,1995-11-30
1995-11-29,3.665,1995-11-30
1995-11-30,3.6675,1995-11-30
1995-12-01,3.666,1995-12-29
1995-12-04,3.6635,1995-12-29
1995-12-05,3.6655,1995-12-29
1995-12-06,3.6663,1995-12-29
1995-12-07,3.6658,1995-12-29
1995-12-08,3.6686,1995-12-29
1995-12-11,3.667,1995-12-29
1995-12-12,3.6685,1995-12-29
1995-12-13,3.6657,1995-12-29
1995-12-14,3.666,1995-12-29
1995-12-15,3.668,1995-12-29
1995-12-18,3.664,1995-12-29
1995-12-19,3.668,1995-12-29
1995-12-20,3.664,1995-12-29
1995-12-21,3.663,1995-12-29
1995-12-22,3.664,1995-12-29
1995-12-26,3.662,1995-12-29
1995-12-27,3.651,1995-12-29
1995-12-28,3.651,1995-12-29
1995-12-29,3.646,1995-12-29
1996-01-02,3.6425,1996-01-31
1996-01-03,3.63,1996-01-31
1996-01-04,3.632,1996-01-31
1996-01-05,3.628,1996-01-31
1996-01-08,3.6345,1996-01-31
1996-01-09,3.628,1996-01-31
1996-01-10,3.625,1996-01-31
1996-01-11,3.6275,1996-01-31
1996-01-12,3.632,1996-01-31
1996-01-16,3.641,1996-01-31
1996-01-17,3.6425,1996-01-31
1996-01-18,3.6423,1996-01-31
1996-01-19,3.6475,1996-01-31
1996-01-22,3.648,1996-01-31
1996-01-23,3.6482,1996-01-31
1996-01-24,3.6509,1996-01-31
1996-01-25,3.6525,1996-01-31
1996-01-26,3.657,1996-01-31
1996-01-29,3.654,1996-01-31
1996-01-30,3.654,1996-01-31
1996-01-31,3.6503,1996-01-31
1996-02-01,3.653,1996-02-29
1996-02-02,3.6505,1996-02-29
1996-02-05,3.6425,1996-02-29
1996-02-06,3.644,1996-02-29
1996-02-07,3.644,1996-02-29
1996-02-08,3.6442,1996-02-29
1996-02-09,3.648,1996-02-29
1996-02-12,3.647,1996-02-29
1996-02-13,3.649,1996-02-29
1996-02-14,3.645,1996-02-29
1996-02-15,3.6635,1996-02-29
1996-02-16,3.778,1996-02-29
1996-02-20,3.8775,1996-02-29
1996-02-21,3.9525,1996-02-29
1996-02-22,3.895,1996-02-29
1996-02-23,3.86,1996-02-29
1996-02-26,3.825,1996-02-29
1996-02-27,3.823,1996-02-29
1996-02-28,3.8225,1996-02-29
1996-02-29,3.875,1996-02-29
1996-03-01,3.905,1996-03-29
1996-03-04,3.9,1996-03-29
1996-03-05,3.875,1996-03-29
1996-03-06,3.882,1996-03-29
1996-03-07,3.912,1996-03-29
1996-03-08,3.922,1996-03-29
1996-03-11,3.941,1996-03-29
1996-03-12,3.933,1996-03-29
1996-03-13,3.91,1996-03-29
1996-03-14,3.945,1996-03-29
1996-03-15,3.923,1996-03-29
1996-03-18,3.933,1996-03-29
1996-03-19,3.926,1996-03-29
1996-03-20,3.9285,1996-03-29
1996-03-21,3.915,1996-03-29
1996-03-22,3.9225,1996-03-29
1996-03-25,3.936,1996-03-29
1996-03-26,3.941,1996-03-29
1996-03-27,3.9842,1996-03-29
1996-03-28,4.0025,1996-03-29
1996-03-29,3.978,1996-03-29
1996-04-01,4.0,1996-04-30
1996-04-02,4.0115,1996-04-30
1996-04-03,4.136,1996-04-30
1996-04-04,4.115,1996-04-30
1996-04-05,4.1275,1996-04-30
1996-04-08,4.0813,1996-04-30
1996-04-09,4.155,1996-04-30
1996-04-10,4.19,1996-04-30
1996-04-11,4.1625,1996-04-30
1996-04-12,4.165,1996-04-30
1996-04-15,4.22,1996-04-30
1996-04-16,4.24,1996-04-30
1996-04-17,4.235,1996-04-30
1996-04-18,4.24,1996-04-30
1996-04-19,4.27,1996-04-30
1996-04-22,4.25,1996-04-30
1996-04-23,4.25,1996-04-30
1996-04-24,4.265,1996-04-30
1996-04-25,4.45,1996-04-30
1996-04-26,4.4325,1996-04-30
1996-04-29,4.365,1996-04-30
1996-04-30,4.325,1996-04-30
1996-05-01,4.335,1996-05-31
1996-05-02,4.39,1996-05-31
1996-05-03,4.385,1996-05-31
1996-05-06,4.4075,1996-05-31
1996-05-07,4.389,1996-05-31
1996-05-08,4.495,1996-05-31
1996-05-09,4.47,1996-05-31
1996-05-10,4.39,1996-05-31
1996-05-13,4.37,1996-05-31
1996-05-14,4.3,1996-05-31
1996-05-15,4.3275,1996-05-31
1996-05-16,4.3625,1996-05-31
1996-05-17,4.325,1996-05-31
1996-05-20,4.325,1996-05-31
1996-05-21,4.335,1996-05-31
1996-05-22,4.355,1996-05-31
1996-05-23,4.367,1996-05-31
1996-05-24,4.3625,1996-05-31
1996-05-28,4.4,1996-05-31
1996-05-29,4.3825,1996-05-31
1996-05-30,4.3785,1996-05-31
1996-05-31,4.3525,1996-05-31
1996-06-03,4.3525,1996-06-28
1996-06-04,4.38,1996-06-28
1996-06-05,4.371,1996-06-28
1996-06-06,4.355,1996-06-28
1996-06-07,4.3675,1996-06-28
1996-06-10,4.355,1996-06-28
1996-06-11,4.352,1996-06-28
1996-06-12,4.329,1996-06-28
1996-06-13,4.32,1996-06-28
1996-06-14,4.3575,1996-06-28
1996-06-17,4.345,1996-06-28
1996-06-18,4.35,1996-06-28
1996-06-19,4.356,1996-06-28
1996-06-20,4.365,1996-06-28
1996-06-21,4.3675,1996-06-28
1996-06-24,4.358,1996-06-28
1996-06-25,4.355,1996-06-28
1996-06-26,4.33,1996-06-28
1996-06-27,4.339,1996-06-28
1996-06-28,4.333,1996-06-28
1996-07-01,4.3325,1996-07-31
1996-07-02,4.333,1996-07-31
1996-07-03,4.33,1996-07-31
1996-07-05,4.338,1996-07-31
1996-07-08,4.344,1996-07-31
1996-07-09,4.333,1996-07-31
1996-07-10,4.3325,1996-07-31
1996-07-11,4.347,1996-07-31
1996-07-12,4.411,1996-07-31
1996-07-15,4.433,1996-07-31
1996-07-16,4.431,1996-07-31
1996-07-17,4.392,1996-07-31
1996-07-18,4.393,1996-07-31
1996-07-19,4.3895,1996-07-31
1996-07-22,4.392,1996-07-31
1996-07-23,4.43,1996-07-31
1996-07-24,4.4255,1996-07-31
1996-07-25,4.44,1996-07-31
1996-07-26,4.454,1996-07-31
1996-07-29,4.455,1996-07-31
1996-07-30,4.47,1996-07-31
1996-07-31,4.5125,1996-07-31
1996-08-01,4.5025,1996-08-30
1996-08-02,4.4795,1996-08-30
1996-08-05,4.464,1996-08-30
1996-08-06,4.4825,1996-08-30
1996-08-07,4.505,1996-08-30
1996-08-08,4.53,1996-08-30
1996-08-09,4.5375,1996-08-30
1996-08-12,4.545,1996-08-30
1996-08-13,4.538,1996-08-30
1996-08-14,4.5595,1996-08-30
1996-08-15,4.567,1996-08-30
1996-08-16,4.558,1996-08-30
1996-08-19,4.576,1996-08-30
1996-08-20,4.567,1996-08-30
1996-08-21,4.561,1996-08-30
1996-08-22,4.56,1996-08-30
1996-08-23,4.543,1996-08-30
1996-08-26,4.53,1996-08-30
1996-08-27,4.5225,1996-08-30
1996-08-28,4.509,1996-08-30
1996-08-29,4.509,1996-08-30
1996-08-30,4.49,1996-08-30
1996-09-03,4.486,1996-09-30
1996-09-04,4.489,1996-09-30
1996-09-05,4.5005,1996-09-30
1996-09-06,4.5135,1996-09-30
1996-09-09,4.4925,1996-09-30
1996-09-10,4.491,1996-09-30
1996-09-11,4.485,1996-09-30
1996-09-12,4.499,1996-09-30
1996-09-13,4.499,1996-09-30
1996-09-16,4.4875,1996-09-30
1996-09-17,4.4875,1996-09-30
1996-09-18,4.4865,1996-09-30
1996-09-19,4.4975,1996-09-30
1996-09-20,4.507,1996-09-30
1996-09-23,4.51,1996-09-30
1996-09-24,4.517,1996-09-30
1996-09-25,4.517,1996-09-30
1996-09-26,4.539,1996-09-30
1996-09-27,4.536,1996-09-30
1996-09-30,4.537,1996-09-30
1996-10-01,4.535,1996-10-31
1996-10-02,4.503,1996-10-31
1996-10-03,4.529,1996-10-31
1996-10-04,4.5385,1996-10-31
1996-10-07,4.541,1996-10-31
1996-10-08,4.536,1996-10-31
1996-10-09,4.542,1996-10-31
1996-10-10,4.555,1996-10-31
1996-10-11,4.546,1996-10-31
1996-10-15,4.542,1996-10-31
1996-10-16,4.554,1996-10-31
1996-10-17,4.548,1996-10-31
1996-10-18,4.553,1996-10-31
1996-10-21,4.57,1996-10-31
1996-10-22,4.5735,1996-10-31
1996-10-23,4.582,1996-10-31
1996-10-24,4.59,1996-10-31
1996-10-25,4.623,1996-10-31
1996-10-28,4.668,1996-10-31
1996-10-29,4.69,1996-10-31
1996-10-30,4.749,1996-10-31
1996-10-31,4.69,1996-10-31
1996-11-01,4.686,1996-11-29
1996-11-04,4.7025,1996-11-29
1996-11-05,4.709,1996-11-29
1996-11-06,4.712,1996-11-29
1996-11-07,4.7025,1996-11-29
1996-11-08,4.709,1996-11-29
1996-11-12,4.674,1996-11-29
1996-11-13,4.6915,1996-11-29
1996-11-14,4.69,1996-11-29
1996-11-15,4.6775,1996-11-29
1996-11-18,4.66,1996-11-29
1996-11-19,4.635,1996-11-29
1996-11-20,4.6655,1996-11-29
1996-11-21,4.604,1996-11-29
1996-11-22,4.615,1996-11-29
1996-11-25,4.6095,1996-11-29
1996-11-26,4.586,1996-11-29
1996-11-27,4.555,1996-11-29
1996-11-29,4.613,1996-11-29
1996-12-02,4.6405,1996-12-31
1996-12-03,4.658,1996-12-31
1996-12-04,4.67,1996-12-31
1996-12-05,4.674,1996-12-31
1996-12-06,4.665,1996-12-31
1996-12-09,4.69,1996-12-31
1996-12-10,4.6845,1996-12-31
1996-12-11,4.672,1996-12-31
1996-12-12,4.75,1996-12-31
1996-12-13,4.733,1996-12-31
1996-12-16,4.722,1996-12-31
1996-12-17,4.72,1996-12-31
1996-12-18,4.683,1996-12-31
1996-12-19,4.672,1996-12-31
1996-12-20,4.681,1996-12-31
1996-12-23,4.692,1996-12-31
1996-12-24,4.6905,1996-12-31
1996-12-26,4.692,1996-12-31
1996-12-27,4.68,1996-12-31
1996-12-30,4.68,1996-12-31
1996-12-31,4.683,1996-12-31
1997-01-02,4.6925,1997-01-31
1997-01-03,4.701,1997-01-31
1997-01-06,4.702,1997-01-31
1997-01-07,4.663,1997-01-31
1997-01-08,4.6865,1997-01-31
1997-01-09,4.674,1997-01-31
1997-01-10,4.683,1997-01-31
1997-01-13,4.6765,1997-01-31
1997-01-14,4.667,1997-01-31
1997-01-15,4.649,1997-01-31
1997-01-16,4.658,1997-01-31
1997-01-17,4.643,1997-01-31
1997-01-21,4.656,1997-01-31
1997-01-22,4.618,1997-01-31
1997-01-23,4.619,1997-01-31
1997-01-24,4.615,1997-01-31
1997-01-27,4.5835,1997-01-31
1997-01-28,4.57,1997-01-31
1997-01-29,4.5575,1997-01-31
1997-01-30,4.569,1997-01-31
1997-01-31,4.56,1997-01-31
1997-02-03,4.53,1997-02-28
1997-02-04,4.53,1997-02-28
1997-02-05,4.49,1997-02-28
1997-02-06,4.469,1997-02-28
1997-02-07,4.44,1997-02-28
1997-02-10,4.395,1997-02-28
1997-02-11,4.415,1997-02-28
1997-02-12,4.4075,1997-02-28
1997-02-13,4.415,1997-02-28
1997-02-14,4.4185,1997-02-28
1997-02-18,4.465,1997-02-28
1997-02-19,4.478,1997-02-28
1997-02-20,4.485,1997-02-28
1997-02-21,4.483,1997-02-28
1997-02-24,4.425,1997-02-28
1997-02-25,4.421,1997-02-28
1997-02-26,4.436,1997-02-28
1997-02-27,4.473,1997-02-28
1997-02-28,4.482,1997-02-28
1997-03-03,4.473,1997-03-31
1997-03-04,4.45,1997-03-31
1997-03-05,4.449,1997-03-31
1997-03-06,4.456,1997-03-31
1997-03-07,4.461,1997-03-31
1997-03-10,4.433,1997-03-31
1997-03-11,4.4325,1997-03-31
1997-03-12,4.403,1997-03-31
1997-03-13,4.401,1997-03-31
1997-03-14,4.44,1997-03-31
1997-03-17,4.432,1997-03-31
1997-03-18,4.417,1997-03-31
1997-03-19,4.4265,1997-03-31
1997-03-20,4.43,1997-03-31
1997-03-21,4.429,1997-03-31
1997-03-24,4.4275,1997-03-31
1997-03-25,4.4184,1997-03-31
1997-03-26,4.424,1997-03-31
1997-03-27,4.4215,1997-03-31
1997-03-28,4.425,1997-03-31
1997-03-31,4.421,1997-03-31
1997-04-01,4.413,1997-04-30
1997-04-02,4.4205,1997-04-30
1997-04-03,4.419,1997-04-30
1997-04-04,4.4125,1997-04-30
1997-04-07,4.429,1997-04-30
1997-04-08,4.426,1997-04-30
1997-04-09,4.439,1997-04-30
1997-04-10,4.455,1997-04-30
1997-04-11,4.451,1997-04-30
1997-04-14,4.457,1997-04-30
1997-04-15,4.464,1997-04-30
1997-04-16,4.459,1997-04-30
1997-04-17,4.4555,1997-04-30
1997-04-18,4.446,1997-04-30
1997-04-21,4.448,1997-04-30
1997-04-22,4.449,1997-04-30
1997-04-23,4.4475,1997-04-30
1997-04-24,4.444,1997-04-30
1997-04-25,4.45,1997-04-30
1997-04-28,4.443,1997-04-30
1997-04-29,4.443,1997-04-30
1997-04-30,4.447,1997-04-30
1997-05-01,4.447,1997-05-30
1997-05-02,4.4535,1997-05-30
1997-05-05,4.458,1997-05-30
1997-05-06,4.4555,1997-05-30
1997-05-07,4.455,1997-05-30
1997-05-08,4.469,1997-05-30
1997-05-09,4.4625,1997-05-30
1997-05-12,4.4635,1997-05-30
1997-05-13,4.468,1997-05-30
1997-05-14,4.482,1997-05-30
1997-05-15,4.484,1997-05-30
1997-05-16,4.4775,1997-05-30
1997-05-19,4.4675,1997-05-30
1997-05-20,4.467,1997-05-30
1997-05-21,4.4585,1997-05-30
1997-05-22,4.471,1997-05-30
1997-05-23,4.4745,1997-05-30
1997-05-27,4.477,1997-05-30
1997-05-28,4.473,1997-05-30
1997-05-29,4.4705,1997-05-30
1997-05-30,4.469,1997-05-30
1997-06-02,4.473,1997-06-30
1997-06-03,4.4695,1997-06-30
1997-06-04,4.4665,1997-06-30
1997-06-05,4.4835,1997-06-30
1997-06-06,4.4845,1997-06-30
1997-06-09,4.503,1997-06-30
1997-06-10,4.501,1997-06-30
1997-06-11,4.498,1997-06-30
1997-06-12,4.4995,1997-06-30
1997-06-13,4.503,1997-06-30
1997-06-16,4.499,1997-06-30
1997-06-17,4.511,1997-06-30
1997-06-18,4.516,1997-06-30
1997-06-19,4.514,1997-06-30
1997-06-20,4.51,1997-06-30
1997-06-23,4.4995,1997-06-30
1997-06-24,4.5025,1997-06-30
1997-06-25,4.507,1997-06-30
1997-06-26,4.512,1997-06-30
1997-06-27,4.5205,1997-06-30
1997-06-30,4.5385,1997-06-30
1997-07-01,4.531,1997-07-31
1997-07-02,4.533,1997-07-31
1997-07-03,4.525,1997-07-31
1997-07-07,4.5395,1997-07-31
1997-07-08,4.5565,1997-07-31
1997-07-09,4.558,1997-07-31
1997-07-10,4.5525,1997-07-31
1997-07-11,4.548,1997-07-31
1997-07-14,4.5555,1997-07-31
1997-07-15,4.556,1997-07-31
1997-07-16,4.557,1997-07-31
1997-07-17,4.5585,1997-07-31
1997-07-18,4.568,1997-07-31
1997-07-21,4.575,1997-07-31
1997-07-22,4.5745,1997-07-31
1997-07-23,4.5635,1997-07-31
1997-07-24,4.558,1997-07-31
1997-07-25,4.566,1997-07-31
1997-07-28,4.5755,1997-07-31
1997-07-29,4.5875,1997-07-31
1997-07-30,4.5935,1997-07-31
1997-07-31,4.613,1997-07-31
1997-08-01,4.635,1997-08-29
1997-08-04,4.653,1997-08-29
1997-08-05,4.653,1997-08-29
1997-08-06,4.675,1997-08-29
1997-08-07,4.679,1997-08-29
1997-08-08,4.6685,1997-08-29
1997-08-11,4.667,1997-08-29
1997-08-12,4.6705,1997-08-29
1997-08-13,4.661,1997-08-29
1997-08-14,4.688,1997-08-29
1997-08-15,4.69,1997-08-29
1997-08-18,4.685,1997-08-29
1997-08-19,4.703,1997-08-29
1997-08-20,4.75,1997-08-29
1997-08-21,4.745,1997-08-29
1997-08-22,4.69,1997-08-29
1997-08-25,4.6955,1997-08-29
1997-08-26,4.694,1997-08-29
1997-08-27,4.6975,1997-08-29
1997-08-28,4.704,1997-08-29
1997-08-29,4.693,1997-08-29
1997-09-02,4.704,1997-09-30
1997-09-03,4.7015,1997-09-30
1997-09-04,4.704,1997-09-30
1997-09-05,4.692,1997-09-30
1997-09-08,4.6921,1997-09-30
1997-09-09,4.7025,1997-09-30
1997-09-10,4.7025,1997-09-30
1997-09-11,4.696,1997-09-30
1997-09-12,4.689,1997-09-30
1997-09-15,4.675,1997-09-30
1997-09-16,4.68,1997-09-30
1997-09-17,4.6825,1997-09-30
1997-09-18,4.678,1997-09-30
1997-09-19,4.6775,1997-09-30
1997-09-22,4.704,1997-09-30
1997-09-23,4.702,1997-09-30
1997-09-24,4.6935,1997-09-30
1997-09-25,4.6895,1997-09-30
1997-09-26,4.68,1997-09-30
1997-09-29,4.663,1997-09-30
1997-09-30,4.6605,1997-09-30
1997-10-01,4.673,1997-10-31
1997-10-02,4.6625,1997-10-31
1997-10-03,4.6715,1997-10-31
1997-10-06,4.664,1997-10-31
1997-10-07,4.669,1997-10-31
1997-10-08,4.672,1997-10-31
1997-10-09,4.672,1997-10-31
1997-10-10,4.67,1997-10-31
1997-10-14,4.6725,1997-10-31
1997-10-15,4.673,1997-10-31
1997-10-16,4.688,1997-10-31
1997-10-17,4.6975,1997-10-31
1997-10-20,4.694,1997-10-31
1997-10-21,4.698,1997-10-31
1997-10-22,4.715,1997-10-31
1997-10-23,4.728,1997-10-31
1997-10-24,4.7325,1997-10-31
1997-10-27,4.784,1997-10-31
1997-10-28,4.8265,1997-10-31
1997-10-29,4.811,1997-10-31
1997-10-30,4.83,1997-10-31
1997-10-31,4.815,1997-10-31
1997-11-03,4.788,1997-11-28
1997-11-04,4.8295,1997-11-28
1997-11-05,4.818,1997-11-28
1997-11-06,4.8255,1997-11-28
1997-11-07,4.836,1997-11-28
1997-11-10,4.826,1997-11-28
1997-11-12,4.828,1997-11-28
1997-11-13,4.837,1997-11-28
1997-11-14,4.8575,1997-11-28
1997-11-17,4.8565,1997-11-28
1997-11-18,4.856,1997-11-28
1997-11-19,4.859,1997-11-28
1997-11-20,4.854,1997-11-28
1997-11-21,4.8335,1997-11-28
1997-11-24,4.839,1997-11-28
1997-11-25,4.8525,1997-11-28
1997-11-26,4.8545,1997-11-28
1997-11-28,4.858,1997-11-28
1997-12-01,4.8649,1997-12-31
1997-12-02,4.86,1997-12-31
1997-12-03,4.858,1997-12-31
1997-12-04,4.866,1997-12-31
1997-12-05,4.876,1997-12-31
1997-12-08,4.869,1997-12-31
1997-12-09,4.8825,1997-12-31
1997-12-10,4.893,1997-12-31
1997-12-11,4.8975,1997-12-31
1997-12-12,4.893,1997-12-31
1997-12-15,4.8905,1997-12-31
1997-12-16,4.888,1997-12-31
1997-12-17,4.8615,1997-12-31
1997-12-18,4.8595,1997-12-31
1997-12-19,4.8665,1997-12-31
1997-12-22,4.857,1997-12-31
1997-12-23,4.857,1997-12-31
1997-12-24,4.858,1997-12-31
1997-12-26,4.863,1997-12-31
1997-12-29,4.8625,1997-12-31
1997-12-30,4.863,1997-12-31
1997-12-31,4.866,1997-12-31
1998-01-02,4.885,1998-01-30
1998-01-05,4.9145,1998-01-30
1998-01-06,4.943,1998-01-30
1998-01-07,4.9315,1998-01-30
1998-01-08,4.948,1998-01-30
1998-01-09,4.9315,1998-01-30
1998-01-12,4.99,1998-01-30
1998-01-13,4.975,1998-01-30
1998-01-14,4.945,1998-01-30
1998-01-15,4.978,1998-01-30
1998-01-16,4.976,1998-01-30
1998-01-20,4.979,1998-01-30
1998-01-21,4.9645,1998-01-30
1998-01-22,4.9425,1998-01-30
1998-01-23,4.9285,1998-01-30
1998-01-26,4.9045,1998-01-30
1998-01-27,4.9125,1998-01-30
1998-01-28,4.918,1998-01-30
1998-01-29,4.926,1998-01-30
1998-01-30,4.94,1998-01-30
1998-02-02,4.9275,1998-02-27
1998-02-03,4.9345,1998-02-27
1998-02-04,4.918,1998-02-27
1998-02-05,4.911,1998-02-27
1998-02-06,4.904,1998-02-27
1998-02-09,4.915,1998-02-27
1998-02-10,4.929,1998-02-27
1998-02-11,4.927,1998-02-27
1998-02-12,4.932,1998-02-27
1998-02-13,4.939,1998-02-27
1998-02-17,4.9425,1998-02-27
1998-02-18,4.946,1998-02-27
1998-02-19,4.943,1998-02-27
1998-02-20,4.951,1998-02-27
1998-02-23,4.944,1998-02-27
1998-02-24,4.937,1998-02-27
1998-02-25,4.9465,1998-02-27
1998-02-26,4.95,1998-02-27
1998-02-27,4.9435,1998-02-27
1998-03-02,4.931,1998-03-31
1998-03-03,4.931,1998-03-31
1998-03-04,4.931,1998-03-31
1998-03-05,4.949,1998-03-31
1998-03-06,4.985,1998-03-31
1998-03-09,4.98,1998-03-31
1998-03-10,4.9765,1998-03-31
1998-03-11,4.987,1998-03-31
1998-03-12,4.9875,1998-03-31
1998-03-13,4.974,1998-03-31
1998-03-16,4.971,1998-03-31
1998-03-17,4.9685,1998-03-31
1998-03-18,4.978,1998-03-31
1998-03-19,4.974,1998-03-31
1998-03-20,4.982,1998-03-31
1998-03-23,4.981,1998-03-31
1998-03-24,4.976,1998-03-31
1998-03-25,4.971,1998-03-31
1998-03-26,4.9745,1998-03-31
1998-03-27,4.977,1998-03-31
1998-03-30,5.02,1998-03-31
1998-03-31,5.036,1998-03-31
1998-04-01,5.047,1998-04-30
1998-04-02,5.041,1998-04-30
1998-04-03,5.0405,1998-04-30
1998-04-06,5.0525,1998-04-30
1998-04-07,5.05,1998-04-30
1998-04-08,5.045,1998-04-30
1998-04-09,5.0375,1998-04-30
1998-04-10,5.039,1998-04-30
1998-04-13,5.039,1998-04-30
1998-04-14,5.033,1998-04-30
1998-04-15,5.036,1998-04-30
1998-04-16,5.045,1998-04-30
1998-04-17,5.044,1998-04-30
1998-04-20,5.05,1998-04-30
1998-04-21,5.047,1998-04-30
1998-04-22,5.0484,1998-04-30
1998-04-23,5.0635,1998-04-30
1998-04-24,5.0535,1998-04-30
1998-04-27,5.048,1998-04-30
1998-04-28,5.0445,1998-04-30
1998-04-29,5.0515,1998-04-30
1998-04-30,5.054,1998-04-30
1998-05-01,5.052,1998-05-29
1998-05-04,5.06,1998-05-29
1998-05-05,5.06,1998-05-29
1998-05-06,5.057,1998-05-29
1998-05-07,5.0655,1998-05-29
1998-05-08,5.063,1998-05-29
1998-05-11,5.065,1998-05-29
1998-05-12,5.075,1998-05-29
1998-05-13,5.084,1998-05-29
1998-05-14,5.084,1998-05-29
1998-05-15,5.0895,1998-05-29
1998-05-18,5.098,1998-05-29
1998-05-19,5.1101,1998-05-29
1998-05-20,5.106,1998-05-29
1998-05-21,5.084,1998-05-29
1998-05-22,5.094,1998-05-29
1998-05-26,5.119,1998-05-29
1998-05-27,5.1545,1998-05-29
1998-05-28,5.18,1998-05-29
1998-05-29,5.154,1998-05-29
1998-06-01,5.205,1998-06-30
1998-06-02,5.136,1998-06-30
1998-06-03,5.109,1998-06-30
1998-06-04,5.114,1998-06-30
1998-06-05,5.137,1998-06-30
1998-06-08,5.1635,1998-06-30
1998-06-09,5.165,1998-06-30
1998-06-10,5.203,1998-06-30
1998-06-11,5.265,1998-06-30
1998-06-12,5.33,1998-06-30
1998-06-15,5.392,1998-06-30
1998-06-16,5.359,1998-06-30
1998-06-17,5.333,1998-06-30
1998-06-18,5.4025,1998-06-30
1998-06-19,5.4775,1998-06-30
1998-06-22,5.5175,1998-06-30
1998-06-23,5.484,1998-06-30
1998-06-24,5.432,1998-06-30
1998-06-25,5.5825,1998-06-30
1998-06-26,5.917,1998-06-30
1998-06-29,5.955,1998-06-30
1998-06-30,5.9235,1998-06-30
1998-07-01,5.9901,1998-07-31
1998-07-02,6.325,1998-07-31
1998-07-03,6.365,1998-07-31
1998-07-06,6.47,1998-07-31
1998-07-07,6.18,1998-07-31
1998-07-08,6.15,1998-07-31
1998-07-09,6.285,1998-07-31
1998-07-10,6.385,1998-07-31
1998-07-13,6.1425,1998-07-31
1998-07-14,6.01,1998-07-31
1998-07-15,6.1325,1998-07-31
1998-07-16,6.2075,1998-07-31
1998-07-17,6.39,1998-07-31
1998-07-20,6.245,1998-07-31
1998-07-21,6.36,1998-07-31
1998-07-22,6.2575,1998-07-31
1998-07-23,6.24,1998-07-31
1998-07-24,6.185,1998-07-31
1998-07-27,6.26,1998-07-31
1998-07-28,6.25,1998-07-31
1998-07-29,6.19,1998-07-31
1998-07-30,6.1,1998-07-31
1998-07-31,6.135,1998-07-31
1998-08-03,6.17,1998-08-31
1998-08-04,6.18,1998-08-31
1998-08-05,6.155,1998-08-31
1998-08-06,6.22,1998-08-31
1998-08-07,6.285,1998-08-31
1998-08-10,6.29,1998-08-31
1998-08-11,6.36,1998-08-31
1998-08-12,6.3425,1998-08-31
1998-08-13,6.3,1998-08-31
1998-08-14,6.325,1998-08-31
1998-08-17,6.265,1998-08-31
1998-08-18,6.265,1998-08-31
1998-08-19,6.32,1998-08-31
1998-08-20,6.35,1998-08-31
1998-08-21,6.38,1998-08-31
1998-08-24,6.275,1998-08-31
1998-08-25,6.2725,1998-08-31
1998-08-26,6.4,1998-08-31
1998-08-27,6.64,1998-08-31
1998-08-28,6.48,1998-08-31
1998-08-31,6.44,1998-08-31
1998-09-01,6.28,1998-09-30
1998-09-02,6.21,1998-09-30
1998-09-03,6.22,1998-09-30
1998-09-04,6.235,1998-09-30
1998-09-08,6.2475,1998-09-30
1998-09-09,6.235,1998-09-30
1998-09-10,6.265,1998-09-30
1998-09-11,6.275,1998-09-30
1998-09-14,6.235,1998-09-30
1998-09-15,6.175,1998-09-30
1998-09-16,6.11,1998-09-30
1998-09-17,6.1605,1998-09-30
1998-09-18,6.15,1998-09-30
1998-09-21,6.13,1998-09-30
1998-09-22,5.9525,1998-09-30
1998-09-23,5.955,1998-09-30
1998-09-24,5.785,1998-09-30
1998-09-25,5.845,1998-09-30
1998-09-28,5.85,1998-09-30
1998-09-29,5.83,1998-09-30
1998-09-30,5.8824,1998-09-30
1998-10-01,6.11,1998-10-30
1998-10-02,6.13,1998-10-30
1998-10-05,6.08,1998-10-30
1998-10-06,6.01,1998-10-30
1998-10-07,5.87,1998-10-30
1998-10-08,5.82,1998-10-30
1998-10-09,5.7995,1998-10-30
1998-10-13,5.8125,1998-10-30
1998-10-14,5.67,1998-10-30
1998-10-15,5.675,1998-10-30
1998-10-16,5.6971,1998-10-30
1998-10-19,5.67,1998-10-30
1998-10-20,5.75,1998-10-30
1998-10-21,5.695,1998-10-30
1998-10-22,5.725,1998-10-30
1998-10-23,5.74,1998-10-30
1998-10-26,5.6975,1998-10-30
1998-10-27,5.77,1998-10-30
1998-10-28,5.75,1998-10-30
1998-10-29,5.71,1998-10-30
1998-10-30,5.6,1998-10-30
1998-11-02,5.64,1998-11-30
1998-11-03,5.624,1998-11-30
1998-11-04,5.5825,1998-11-30
1998-11-05,5.59,1998-11-30
1998-11-06,5.49,1998-11-30
1998-11-09,5.585,1998-11-30
1998-11-10,5.655,1998-11-30
1998-11-12,5.76,1998-11-30
1998-11-13,5.7,1998-11-30
1998-11-16,5.666,1998-11-30
1998-11-17,5.689,1998-11-30
1998-11-18,5.675,1998-11-30
1998-11-19,5.6375,1998-11-30
1998-11-20,5.62,1998-11-30
1998-11-23,5.6675,1998-11-30
1998-11-24,5.7,1998-11-30
1998-11-25,5.685,1998-11-30
1998-11-27,5.71,1998-11-30
1998-11-30,5.695,1998-11-30
1998-12-01,5.665,1998-12-31
1998-12-02,5.6575,1998-12-31
1998-12-03,5.735,1998-12-31
1998-12-04,5.895,1998-12-31
1998-12-07,5.905,1998-12-31
1998-12-08,6.02,1998-12-31
1998-12-09,5.98,1998-12-31
1998-12-10,5.967,1998-12-31
1998-12-11,5.975,1998-12-31
1998-12-14,6.018,1998-12-31
1998-12-15,6.03,1998-12-31
1998-12-16,5.99,1998-12-31
1998-12-17,5.8925,1998-12-31
1998-12-18,5.93,1998-12-31
1998-12-21,5.9095,1998-12-31
1998-12-22,5.925,1998-12-31
1998-12-23,5.925,1998-12-31
1998-12-24,5.92,1998-12-31
1998-12-28,5.8825,1998-12-31
1998-12-29,5.88,1998-12-31
1998-12-30,5.87,1998-12-31
1998-12-31,5.895,1998-12-31
1999-01-04,5.8675,1999-01-29
1999-01-05,5.7625,1999-01-29
1999-01-06,5.6775,1999-01-29
1999-01-07,5.84,1999-01-29
1999-01-08,5.835,1999-01-29
1999-01-11,5.98,1999-01-29
1999-01-12,6.033,1999-01-29
1999-01-13,6.125,1999-01-29
1999-01-14,6.24,1999-01-29
1999-01-15,6.08,1999-01-29
1999-01-19,6.055,1999-01-29
1999-01-20,6.025,1999-01-29
1999-01-21,6.07,1999-01-29
1999-01-22,6.045,1999-01-29
1999-01-25,6.0525,1999-01-29
1999-01-26,6.04,1999-01-29
1999-01-27,6.025,1999-01-29
1999-01-28,6.045,1999-01-29
1999-01-29,6.07,1999-01-29
1999-02-01,6.041,1999-02-26
1999-02-02,6.01,1999-02-26
1999-02-03,6.015,1999-02-26
1999-02-04,6.05,1999-02-26
1999-02-05,5.975,1999-02-26
1999-02-08,5.965,1999-02-26
1999-02-09,6.1,1999-02-26
1999-02-10,6.0895,1999-02-26
1999-02-11,6.07,1999-02-26
1999-02-12,6.1055,1999-02-26
1999-02-16,6.135,1999-02-26
1999-02-17,6.16,1999-02-26
1999-02-18,6.18,1999-02-26
1999-02-19,6.26,1999-02-26
1999-02-22,6.2,1999-02-26
1999-02-23,6.2225,1999-02-26
1999-02-24,6.2045,1999-02-26
1999-02-25,6.19,1999-02-26
1999-02-26,6.205,1999-02-26
1999-03-01,6.2325,1999-03-31
1999-03-02,6.2475,1999-03-31
1999-03-03,6.25,1999-03-31
1999-03-04,6.249,1999-03-31
1999-03-05,6.213,1999-03-31
1999-03-08,6.2,1999-03-31
1999-03-09,6.1675,1999-03-31
1999-03-10,6.1475,1999-03-31
1999-03-11,6.16,1999-03-31
1999-03-12,6.185,1999-03-31
1999-03-15,6.215,1999-03-31
1999-03-16,6.257,1999-03-31
1999-03-17,6.232,1999-03-31
1999-03-18,6.26,1999-03-31
1999-03-19,6.19,1999-03-31
1999-03-22,6.175,1999-03-31
1999-03-23,6.24,1999-03-31
1999-03-24,6.2025,1999-03-31
1999-03-25,6.205,1999-03-31
1999-03-26,6.265,1999-03-31
1999-03-29,6.2335,1999-03-31
1999-03-30,6.215,1999-03-31
1999-03-31,6.17,1999-03-31
1999-04-01,6.17,1999-04-30
1999-04-02,6.175,1999-04-30
1999-04-05,6.165,1999-04-30
1999-04-06,6.1725,1999-04-30
1999-04-07,6.195,1999-04-30
1999-04-08,6.22,1999-04-30
1999-04-09,6.18,1999-04-30
1999-04-12,6.175,1999-04-30
1999-04-13,6.11,1999-04-30
1999-04-14,6.075,1999-04-30
1999-04-15,6.104,1999-04-30
1999-04-16,6.11,1999-04-30
1999-04-19,6.0475,1999-04-30
1999-04-20,6.0825,1999-04-30
1999-04-21,6.0825,1999-04-30
1999-04-22,6.09,1999-04-30
1999-04-23,6.098,1999-04-30
1999-04-26,6.073,1999-04-30
1999-04-27,6.07,1999-04-30
1999-04-28,6.065,1999-04-30
1999-04-29,6.0635,1999-04-30
1999-04-30,6.085,1999-04-30
1999-05-03,6.0575,1999-05-31
1999-05-04,6.0635,1999-05-31
1999-05-05,6.1115,1999-05-31
1999-05-06,6.095,1999-05-31
1999-05-07,6.142,1999-05-31
1999-05-10,6.172,1999-05-31
1999-05-11,6.166,1999-05-31
1999-05-12,6.2075,1999-05-31
1999-05-13,6.216,1999-05-31
1999-05-14,6.2235,1999-05-31
1999-05-17,6.1925,1999-05-31
1999-05-18,6.155,1999-05-31
1999-05-19,6.185,1999-05-31
1999-05-20,6.215,1999-05-31
1999-05-21,6.2025,1999-05-31
1999-05-24,6.215,1999-05-31
1999-05-25,6.2325,1999-05-31
1999-05-26,6.2625,1999-05-31
1999-05-27,6.27,1999-05-31
1999-05-28,6.2325,1999-05-31
1999-06-01,6.21,1999-06-30
1999-06-02,6.2085,1999-06-30
1999-06-03,6.1975,1999-06-30
1999-06-04,6.16,1999-06-30
1999-06-07,6.09,1999-06-30
1999-06-08,6.108,1999-06-30
1999-06-09,6.134,1999-06-30
1999-06-10,6.135,1999-06-30
1999-06-11,6.08,1999-06-30
1999-06-14,6.097,1999-06-30
1999-06-15,6.0925,1999-06-30
1999-06-16,6.083,1999-06-30
1999-06-17,6.041,1999-06-30
1999-06-18,5.997,1999-06-30
1999-06-21,6.015,1999-06-30
1999-06-22,5.98,1999-06-30
1999-06-23,6.04,1999-06-30
1999-06-24,6.07,1999-06-30
1999-06-25,6.066,1999-06-30
1999-06-28,6.0575,1999-06-30
1999-06-29,6.035,1999-06-30
1999-06-30,6.038,1999-06-30
1999-07-01,6.035,1999-07-30
1999-07-02,6.025,1999-07-30
1999-07-06,6.055,1999-07-30
1999-07-07,6.051,1999-07-30
1999-07-08,6.07,1999-07-30
1999-07-09,6.115,1999-07-30
1999-07-12,6.145,1999-07-30
1999-07-13,6.1535,1999-07-30
1999-07-14,6.1525,1999-07-30
1999-07-15,6.1455,1999-07-30
1999-07-16,6.151,1999-07-30
1999-07-19,6.17,1999-07-30
1999-07-20,6.126,1999-07-30
1999-07-21,6.1075,1999-07-30
1999-07-22,6.1162,1999-07-30
1999-07-23,6.115,1999-07-30
1999-07-26,6.14,1999-07-30
1999-07-27,6.13,1999-07-30
1999-07-28,6.147,1999-07-30
1999-07-29,6.1675,1999-07-30
1999-07-30,6.165,1999-07-30
1999-08-02,6.2,1999-08-31
1999-08-03,6.195,1999-08-31
1999-08-04,6.155,1999-08-31
1999-08-05,6.1775,1999-08-31
1999-08-06,6.1775,1999-08-31
1999-08-09,6.165,1999-08-31
1999-08-10,6.1725,1999-08-31
1999-08-11,6.143,1999-08-31
1999-08-12,6.114,1999-08-31
1999-08-13,6.11,1999-08-31
1999-08-16,6.105,1999-08-31
1999-08-17,6.1225,1999-08-31
1999-08-18,6.126,1999-08-31
1999-08-19,6.12,1999-08-31
1999-08-20,6.1125,1999-08-31
1999-08-23,6.079,1999-08-31
1999-08-24,6.0975,1999-08-31
1999-08-25,6.114,1999-08-31
1999-08-26,6.095,1999-08-31
1999-08-27,6.0975,1999-08-31
1999-08-30,6.091,1999-08-31
1999-08-31,6.095,1999-08-31
1999-09-01,6.032,1999-09-30
1999-09-02,6.0475,1999-09-30
1999-09-03,6.012,1999-09-30
1999-09-07,6.05,1999-09-30
1999-09-08,6.092,1999-09-30
1999-09-09,6.08,1999-09-30
1999-09-10,6.065,1999-09-30
1999-09-13,6.0675,1999-09-30
1999-09-14,6.0775,1999-09-30
1999-09-15,6.1275,1999-09-30
1999-09-16,6.128,1999-09-30
1999-09-17,6.0945,1999-09-30
1999-09-20,6.085,1999-09-30
1999-09-21,6.065,1999-09-30
1999-09-22,6.07,1999-09-30
1999-09-23,6.04,1999-09-30
1999-09-24,6.045,1999-09-30
1999-09-27,6.016,1999-09-30
1999-09-28,5.98,1999-09-30
1999-09-29,6.005,1999-09-30
1999-09-30,6.0025,1999-09-30
1999-10-01,6.015,1999-10-29
1999-10-04,5.9965,1999-10-29
1999-10-05,5.986,1999-10-29
1999-10-06,6.05,1999-10-29
1999-10-07,6.048,1999-10-29
1999-10-08,6.045,1999-10-29
1999-10-12,6.0775,1999-10-29
1999-10-13,6.12,1999-10-29
1999-10-14,6.1187,1999-10-29
1999-10-15,6.135,1999-10-29
1999-10-18,6.1585,1999-10-29
1999-10-19,6.1375,1999-10-29
1999-10-20,6.1265,1999-10-29
1999-10-21,6.1475,1999-10-29
1999-10-22,6.1375,1999-10-29
1999-10-25,6.136,1999-10-29
1999-10-26,6.164,1999-10-29
1999-10-27,6.161,1999-10-29
1999-10-28,6.153,1999-10-29
1999-10-29,6.145,1999-10-29
1999-11-01,6.1575,1999-11-30
1999-11-02,6.155,1999-11-30
1999-11-03,6.1375,1999-11-30
1999-11-04,6.125,1999-11-30
1999-11-05,6.11,1999-11-30
1999-11-08,6.121,1999-11-30
1999-11-09,6.129,1999-11-30
1999-11-10,6.1335,1999-11-30
1999-11-12,6.12,1999-11-30
1999-11-15,6.149,1999-11-30
1999-11-16,6.153,1999-11-30
1999-11-17,6.15,1999-11-30
1999-11-18,6.1465,1999-11-30
1999-11-19,6.138,1999-11-30
1999-11-22,6.139,1999-11-30
1999-11-23,6.139,1999-11-30
1999-11-24,6.132,1999-11-30
1999-11-26,6.144,1999-11-30
1999-11-29,6.19,1999-11-30
1999-11-30,6.178,1999-11-30
1999-12-01,6.155,1999-12-31
1999-12-02,6.153,1999-12-31
1999-12-03,6.157,1999-12-31
1999-12-06,6.157,1999-12-31
1999-12-07,6.158,1999-12-31
1999-12-08,6.156,1999-12-31
1999-12-09,6.148,1999-12-31
1999-12-10,6.122,1999-12-31
1999-12-13,6.1275,1999-12-31
1999-12-14,6.13,1999-12-31
1999-12-15,6.1575,1999-12-31
1999-12-16,6.142,1999-12-31
1999-12-17,6.1475,1999-12-31
1999-12-20,6.14,1999-12-31
1999-12-21,6.149,1999-12-31
1999-12-22,6.1525,1999-12-31
1999-12-23,6.15,1999-12-31
1999-12-24,6.16,1999-12-31
1999-12-27,6.158,1999-12-31
1999-12-28,6.153,1999-12-31
1999-12-29,6.165,1999-12-31
1999-12-30,6.1585,1999-12-31
1999-12-31,6.16,1999-12-31
2000-01-03,6.126,2000-01-31
2000-01-04,6.085,2000-01-31
2000-01-05,6.07,2000-01-31
2000-01-06,6.08,2000-01-31
2000-01-07,6.057,2000-01-31
2000-01-10,6.0765,2000-01-31
2000-01-11,6.09,2000-01-31
2000-01-12,6.0685,2000-01-31
2000-01-13,6.057,2000-01-31
2000-01-14,6.075,2000-01-31
2000-01-18,6.089,2000-01-31
2000-01-19,6.114,2000-01-31
2000-01-20,6.1,2000-01-31
2000-01-21,6.128,2000-01-31
2000-01-24,6.1675,2000-01-31
2000-01-25,6.1617,2000-01-31
2000-01-26,6.175,2000-01-31
2000-01-27,6.227,2000-01-31
2000-01-28,6.3575,2000-01-31
2000-01-31,6.3125,2000-01-31
2000-02-01,6.28,2000-02-29
2000-02-02,6.2825,2000-02-29
2000-02-03,6.2575,2000-02-29
2000-02-04,6.286,2000-02-29
2000-02-07,6.2905,2000-02-29
2000-02-08,6.299,2000-02-29
2000-02-09,6.32,2000-02-29
2000-02-10,6.3425,2000-02-29
2000-02-11,6.361,2000-02-29
2000-02-14,6.355,2000-02-29
2000-02-15,6.355,2000-02-29
2000-02-16,6.3375,2000-02-29
2000-02-17,6.325,2000-02-29
2000-02-18,6.325,2000-02-29
2000-02-22,6.313,2000-02-29
2000-02-23,6.335,2000-02-29
2000-02-24,6.329,2000-02-29
2000-02-25,6.312,2000-02-29
2000-02-28,6.3725,2000-02-29
2000-02-29,6.34,2000-02-29
2000-03-01,6.3525,2000-03-31
2000-03-02,6.368,2000-03-31
2000-03-03,6.49,2000-03-31
2000-03-06,6.5,2000-03-31
2000-03-07,6.523,2000-03-31
2000-03-08,6.4825,2000-03-31
2000-03-09,6.4025,2000-03-31
2000-03-10,6.3875,2000-03-31
2000-03-13,6.435,2000-03-31
2000-03-14,6.44,2000-03-31
2000-03-15,6.475,2000-03-31
2000-03-16,6.45,2000-03-31
2000-03-17,6.47,2000-03-31
2000-03-20,6.492,2000-03-31
2000-03-21,6.484,2000-03-31
2000-03-22,6.4575,2000-03-31
2000-03-23,6.478,2000-03-31
2000-03-24,6.4835,2000-03-31
2000-03-27,6.465,2000-03-31
2000-03-28,6.49,2000-03-31
2000-03-29,6.5125,2000-03-31
2000-03-30,6.579,2000-03-31
2000-03-31,6.535,2000-03-31
2000-04-03,6.565,2000-04-28
2000-04-04,6.56,2000-04-28
2000-04-05,6.6025,2000-04-28
2000-04-06,6.575,2000-04-28
2000-04-07,6.561,2000-04-28
2000-04-10,6.555,2000-04-28
2000-04-11,6.5925,2000-04-28
2000-04-12,6.574,2000-04-28
2000-04-13,6.5645,2000-04-28
2000-04-14,6.5835,2000-04-28
2000-04-17,6.621,2000-04-28
2000-04-18,6.61,2000-04-28
2000-04-19,6.638,2000-04-28
2000-04-20,6.702,2000-04-28
2000-04-21,6.74,2000-04-28
2000-04-24,6.7325,2000-04-28
2000-04-25,6.7305,2000-04-28
2000-04-26,6.805,2000-04-28
2000-04-27,6.865,2000-04-28
2000-04-28,6.783,2000-04-28
2000-05-01,6.785,2000-05-31
2000-05-02,6.775,2000-05-31
2000-05-03,6.845,2000-05-31
2000-05-04,6.9225,2000-05-31
2000-05-05,6.94,2000-05-31
2000-05-08,6.94,2000-05-31
2000-05-09,7.09,2000-05-31
2000-05-10,7.0755,2000-05-31
2000-05-11,6.975,2000-05-31
2000-05-12,7.04,2000-05-31
2000-05-15,7.04,2000-05-31
2000-05-16,7.0725,2000-05-31
2000-05-17,7.1175,2000-05-31
2000-05-18,7.134,2000-05-31
2000-05-19,7.18,2000-05-31
2000-05-22,7.1175,2000-05-31
2000-05-23,7.055,2000-05-31
2000-05-24,7.118,2000-05-31
2000-05-25,7.1475,2000-05-31
2000-05-26,7.135,2000-05-31
2000-05-30,7.0515,2000-05-31
2000-05-31,6.9675,2000-05-31
2000-06-01,6.9875,2000-06-30
2000-06-02,6.93,2000-06-30
2000-06-05,6.925,2000-06-30
2000-06-06,6.945,2000-06-30
2000-06-07,6.9725,2000-06-30
2000-06-08,7.0475,2000-06-30
2000-06-09,7.004,2000-06-30
2000-06-12,7.028,2000-06-30
2000-06-13,7.005,2000-06-30
2000-06-14,6.93,2000-06-30
2000-06-15,6.9,2000-06-30
2000-06-16,6.83,2000-06-30
2000-06-19,6.866,2000-06-30
2000-06-20,6.905,2000-06-30
2000-06-21,6.93,2000-06-30
2000-06-22,6.919,2000-06-30
2000-06-23,6.88,2000-06-30
2000-06-26,6.878,2000-06-30
2000-06-27,6.8175,2000-06-30
2000-06-28,6.81,2000-06-30
2000-06-29,6.8225,2000-06-30
2000-06-30,6.79,2000-06-30
2000-07-03,6.8125,2000-07-31
2000-07-05,6.785,2000-07-31
2000-07-06,6.85,2000-07-31
2000-07-07,6.845,2000-07-31
2000-07-10,6.825,2000-07-31
2000-07-11,6.81,2000-07-31
2000-07-12,6.835,2000-07-31
2000-07-13,6.845,2000-07-31
2000-07-14,6.89,2000-07-31
2000-07-17,6.9275,2000-07-31
2000-07-18,6.9475,2000-07-31
2000-07-19,6.98,2000-07-31
2000-07-20,6.9225,2000-07-31
2000-07-21,6.925,2000-07-31
2000-07-24,6.955,2000-07-31
2000-07-25,6.96,2000-07-31
2000-07-26,6.945,2000-07-31
2000-07-27,6.942,2000-07-31
2000-07-28,6.975,2000-07-31
2000-07-31,6.965,2000-07-31
2000-08-01,6.975,2000-08-31
2000-08-02,6.99,2000-08-31
2000-08-03,7.01,2000-08-31
2000-08-04,6.9675,2000-08-31
2000-08-07,6.9515,2000-08-31
2000-08-08,6.985,2000-08-31
2000-08-09,7.003,2000-08-31
2000-08-10,6.954,2000-08-31
2000-08-11,6.899,2000-08-31
2000-08-14,6.9165,2000-08-31
2000-08-15,6.942,2000-08-31
2000-08-16,6.9375,2000-08-31
2000-08-17,6.925,2000-08-31
2000-08-18,6.947,2000-08-31
2000-08-21,6.962,2000-08-31
2000-08-22,6.9885,2000-08-31
2000-08-23,6.965,2000-08-31
2000-08-24,6.949,2000-08-31
2000-08-25,6.905,2000-08-31
2000-08-28,6.949,2000-08-31
2000-08-29,6.9525,2000-08-31
2000-08-30,6.96,2000-08-31
2000-08-31,6.976,2000-08-31
2000-09-01,6.945,2000-09-29
2000-09-05,7.034,2000-09-29
2000-09-06,7.085,2000-09-29
2000-09-07,7.105,2000-09-29
2000-09-08,7.095,2000-09-29
2000-09-11,7.115,2000-09-29
2000-09-12,7.142,2000-09-29
2000-09-13,7.109,2000-09-29
2000-09-14,7.15,2000-09-29
2000-09-15,7.1735,2000-09-29
2000-09-18,7.28,2000-09-29
2000-09-19,7.29,2000-09-29
2000-09-20,7.335,2000-09-29
2000-09-21,7.315,2000-09-29
2000-09-22,7.25,2000-09-29
2000-09-25,7.239,2000-09-29
2000-09-26,7.205,2000-09-29
2000-09-27,7.255,2000-09-29
2000-09-28,7.268,2000-09-29
2000-09-29,7.219,2000-09-29
2000-10-02,7.1975,2000-10-31
2000-10-03,7.235,2000-10-31
2000-10-04,7.244,2000-10-31
2000-10-05,7.27,2000-10-31
2000-10-06,7.3,2000-10-31
2000-10-10,7.37,2000-10-31
2000-10-11,7.402,2000-10-31
2000-10-12,7.46,2000-10-31
2000-10-13,7.495,2000-10-31
2000-10-16,7.5775,2000-10-31
2000-10-17,7.565,2000-10-31
2000-10-18,7.7125,2000-10-31
2000-10-19,7.67,2000-10-31
2000-10-20,7.585,2000-10-31
2000-10-23,7.58,2000-10-31
2000-10-24,7.6005,2000-10-31
2000-10-25,7.62,2000-10-31
2000-10-26,7.685,2000-10-31
2000-10-27,7.606,2000-10-31
2000-10-30,7.559,2000-10-31
2000-10-31,7.56,2000-10-31
2000-11-01,7.4987,2000-11-30
2000-11-02,7.53,2000-11-30
2000-11-03,7.5325,2000-11-30
2000-11-06,7.548,2000-11-30
2000-11-07,7.624,2000-11-30
2000-11-08,7.6645,2000-11-30
2000-11-09,7.7425,2000-11-30
2000-11-10,7.602,2000-11-30
2000-11-13,7.65,2000-11-30
2000-11-14,7.658,2000-11-30
2000-11-15,7.689,2000-11-30
2000-11-16,7.685,2000-11-30
2000-11-17,7.7075,2000-11-30
2000-11-20,7.7675,2000-11-30
2000-11-21,7.82,2000-11-30
2000-11-22,7.83,2000-11-30
2000-11-24,7.835,2000-11-30
2000-11-27,7.771,2000-11-30
2000-11-28,7.7875,2000-11-30
2000-11-29,7.774,2000-11-30
2000-11-30,7.75,2000-11-30
2000-12-01,7.655,2000-12-29
2000-12-04,7.645,2000-12-29
2000-12-05,7.655,2000-12-29
2000-12-06,7.582,2000-12-29
2000-12-07,7.6175,2000-12-29
2000-12-08,7.64,2000-12-29
2000-12-11,7.668,2000-12-29
2000-12-12,7.743,2000-12-29
2000-12-13,7.7725,2000-12-29
2000-12-14,7.7375,2000-12-29
2000-12-15,7.69,2000-12-29
2000-12-18,7.68,2000-12-29
2000-12-19,7.715,2000-12-29
2000-12-20,7.66,2000-12-29
2000-12-21,7.63,2000-12-29
2000-12-22,7.5675,2000-12-29
2000-12-26,7.55,2000-12-29
2000-12-27,7.5375,2000-12-29
2000-12-28,7.5625,2000-12-29
2000-12-29,7.57,2000-12-29
2001-01-02,7.569,2001-01-31
2001-01-03,7.5025,2001-01-31
2001-01-04,7.543,2001-01-31
2001-01-05,7.56,2001-01-31
2001-01-08,7.595,2001-01-31
2001-01-09,7.72,2001-01-31
2001-01-10,7.978,2001-01-31
2001-01-11,7.845,2001-01-31
2001-01-12,7.825,2001-01-31
2001-01-16,7.825,2001-01-31
2001-01-17,7.8575,2001-01-31
2001-01-18,7.8675,2001-01-31
2001-01-19,7.874,2001-01-31
2001-01-22,7.87,2001-01-31
2001-01-23,7.835,2001-01-31
2001-01-24,7.88,2001-01-31
2001-01-25,7.865,2001-01-31
2001-01-26,7.895,2001-01-31
2001-01-29,7.875,2001-01-31
2001-01-30,7.8,2001-01-31
2001-01-31,7.77,2001-01-31
2001-02-01,7.73,2001-02-28
2001-02-02,7.775,2001-02-28
2001-02-05,7.7775,2001-02-28
2001-02-06,7.79,2001-02-28
2001-02-07,7.88,2001-02-28
2001-02-08,7.9875,2001-02-28
2001-02-09,7.867,2001-02-28
2001-02-12,7.835,2001-02-28
2001-02-13,7.901,2001-02-28
2001-02-14,7.88,2001-02-28
2001-02-15,7.8775,2001-02-28
2001-02-16,7.846,2001-02-28
2001-02-20,7.764,2001-02-28
2001-02-21,7.8,2001-02-28
2001-02-22,7.84,2001-02-28
2001-02-23,7.85,2001-02-28
2001-02-26,7.782,2001-02-28
2001-02-27,7.723,2001-02-28
2001-02-28,7.702,2001-02-28
2001-03-01,7.7375,2001-03-30
2001-03-02,7.744,2001-03-30
2001-03-05,7.77,2001-03-30
2001-03-06,7.89,2001-03-30
2001-03-07,7.925,2001-03-30
2001-03-08,7.726,2001-03-30
2001-03-09,7.755,2001-03-30
2001-03-12,7.776,2001-03-30
2001-03-13,7.79,2001-03-30
2001-03-14,7.861,2001-03-30
2001-03-15,7.8482,2001-03-30
2001-03-16,7.9475,2001-03-30
2001-03-19,8.0,2001-03-30
2001-03-20,7.9775,2001-03-30
2001-03-21,7.995,2001-03-30
2001-03-22,8.03,2001-03-30
2001-03-23,7.97,2001-03-30
2001-03-26,7.952,2001-03-30
2001-03-27,8.003,2001-03-30
2001-03-28,8.01,2001-03-30
2001-03-29,8.01,2001-03-30
2001-03-30,8.0375,2001-03-30
2001-04-02,8.11,2001-04-30
2001-04-03,8.12,2001-04-30
2001-04-04,8.074,2001-04-30
2001-04-05,8.0825,2001-04-30
2001-04-06,8.065,2001-04-30
2001-04-09,8.065,2001-04-30
2001-04-10,8.0365,2001-04-30
2001-04-11,8.037,2001-04-30
2001-04-12,8.022,2001-04-30
2001-04-13,8.043,2001-04-30
2001-04-16,8.035,2001-04-30
2001-04-17,8.15,2001-04-30
2001-04-18,8.125,2001-04-30
2001-04-19,8.141,2001-04-30
2001-04-20,8.162,2001-04-30
2001-04-23,8.148,2001-04-30
2001-04-24,8.104,2001-04-30
2001-04-25,8.1075,2001-04-30
2001-04-26,8.015,2001-04-30
2001-04-27,7.9675,2001-04-30
2001-04-30,8.035,2001-04-30
2001-05-01,8.0225,2001-05-31
2001-05-02,8.035,2001-05-31
2001-05-03,8.0975,2001-05-31
2001-05-04,8.035,2001-05-31
2001-05-07,7.986,2001-05-31
2001-05-08,8.006,2001-05-31
2001-05-09,7.95,2001-05-31
2001-05-10,7.955,2001-05-31
2001-05-11,7.97,2001-05-31
2001-05-14,7.9875,2001-05-31
2001-05-15,8.004,2001-05-31
2001-05-16,8.0175,2001-05-31
2001-05-17,7.9675,2001-05-31
2001-05-18,7.932,2001-05-31
2001-05-21,7.8975,2001-05-31
2001-05-22,7.913,2001-05-31
2001-05-23,7.95,2001-05-31
2001-05-24,7.965,2001-05-31
2001-05-25,7.905,2001-05-31
2001-05-29,7.94,2001-05-31
2001-05-30,7.98,2001-05-31
2001-05-31,8.02,2001-05-31
2001-06-01,8.035,2001-06-29
2001-06-04,8.04,2001-06-29
2001-06-05,8.048,2001-06-29
2001-06-06,8.088,2001-06-29
2001-06-07,8.095,2001-06-29
2001-06-08,8.065,2001-06-29
2001-06-11,8.099,2001-06-29
2001-06-12,8.105,2001-06-29
2001-06-13,8.09,2001-06-29
2001-06-14,8.04,2001-06-29
2001-06-15,8.0,2001-06-29
2001-06-18,8.0525,2001-06-29
2001-06-19,8.0725,2001-06-29
2001-06-20,8.095,2001-06-29
2001-06-21,8.0625,2001-06-29
2001-06-22,8.0375,2001-06-29
2001-06-25,8.049,2001-06-29
2001-06-26,8.021,2001-06-29
2001-06-27,8.04,2001-06-29
2001-06-28,8.065,2001-06-29
2001-06-29,8.05,2001-06-29
2001-07-02,8.0175,2001-07-31
2001-07-03,8.014,2001-07-31
2001-07-05,8.145,2001-07-31
2001-07-06,8.2075,2001-07-31
2001-07-09,8.213,2001-07-31
2001-07-10,8.25,2001-07-31
2001-07-11,8.26,2001-07-31
2001-07-12,8.28,2001-07-31
2001-07-13,8.26,2001-07-31
2001-07-16,8.2615,2001-07-31
2001-07-17,8.245,2001-07-31
2001-07-18,8.25,2001-07-31
2001-07-19,8.2825,2001-07-31
2001-07-20,8.256,2001-07-31
2001-07-23,8.215,2001-07-31
2001-07-24,8.189,2001-07-31
2001-07-25,8.208,2001-07-31
2001-07-26,8.163,2001-07-31
2001-07-27,8.195,2001-07-31
2001-07-30,8.229,2001-07-31
2001-07-31,8.256,2001-07-31
2001-08-01,8.245,2001-08-31
2001-08-02,8.23,2001-08-31
2001-08-03,8.2525,2001-08-31
2001-08-06,8.3055,2001-08-31
2001-08-07,8.285,2001-08-31
2001-08-08,8.295,2001-08-31
2001-08-09,8.29,2001-08-31
2001-08-10,8.2275,2001-08-31
2001-08-13,8.278,2001-08-31
2001-08-14,8.2775,2001-08-31
2001-08-15,8.2275,2001-08-31
2001-08-16,8.237,2001-08-31
2001-08-17,8.275,2001-08-31
2001-08-20,8.3125,2001-08-31
2001-08-21,8.406,2001-08-31
2001-08-22,8.386,2001-08-31
2001-08-23,8.355,2001-08-31
2001-08-24,8.3753,2001-08-31
2001-08-27,8.4,2001-08-31
2001-08-28,8.36,2001-08-31
2001-08-29,8.346,2001-08-31
2001-08-30,8.369,2001-08-31
2001-08-31,8.43,2001-08-31
2001-09-04,8.47,2001-09-28
2001-09-05,8.5,2001-09-28
2001-09-06,8.5225,2001-09-28
2001-09-07,8.475,2001-09-28
2001-09-10,8.53,2001-09-28
2001-09-12,8.6175,2001-09-28
2001-09-13,8.6198,2001-09-28
2001-09-14,8.6147,2001-09-28
2001-09-17,8.6301,2001-09-28
2001-09-18,8.6534,2001-09-28
2001-09-19,8.6403,2001-09-28
2001-09-20,8.7013,2001-09-28
2001-09-21,8.7798,2001-09-28
2001-09-24,8.7544,2001-09-28
2001-09-25,8.7714,2001-09-28
2001-09-26,8.8713,2001-09-28
2001-09-27,8.9852,2001-09-28
2001-09-28,9.0249,2001-09-28
2001-10-01,9.0661,2001-10-31
2001-10-02,9.185,2001-10-31
2001-10-03,9.3587,2001-10-31
2001-10-04,9.284,2001-10-31
2001-10-05,9.256,2001-10-31
2001-10-09,9.264,2001-10-31
2001-10-10,9.21,2001-10-31
2001-10-11,9.1625,2001-10-31
2001-10-12,9.145,2001-10-31
2001-10-15,9.022,2001-10-31
2001-10-16,9.235,2001-10-31
2001-10-17,9.26,2001-10-31
2001-10-18,9.238,2001-10-31
2001-10-19,9.2537,2001-10-31
2001-10-22,9.513,2001-10-31
2001-10-23,9.477,2001-10-31
2001-10-24,9.3775,2001-10-31
2001-10-25,9.3675,2001-10-31
2001-10-26,9.375,2001-10-31
2001-10-29,9.2896,2001-10-31
2001-10-30,9.397,2001-10-31
2001-10-31,9.4325,2001-10-31
2001-11-01,9.53,2001-11-30
2001-11-02,9.541,2001-11-30
2001-11-05,9.485,2001-11-30
2001-11-06,9.458,2001-11-30
2001-11-07,9.5425,2001-11-30
2001-11-08,9.54,2001-11-30
2001-11-09,9.63,2001-11-30
2001-11-13,9.693,2001-11-30
2001-11-14,9.6675,2001-11-30
2001-11-15,9.57,2001-11-30
2001-11-16,9.566,2001-11-30
2001-11-19,9.685,2001-11-30
2001-11-20,9.7311,2001-11-30
2001-11-21,9.9175,2001-11-30
2001-11-23,9.96,2001-11-30
2001-11-26,9.903,2001-11-30
2001-11-27,9.9797,2001-11-30
2001-11-28,9.8525,2001-11-30
2001-11-29,10.219,2001-11-30
2001-11-30,10.306,2001-11-30
2001-12-03,10.36,2001-12-31
2001-12-04,10.5962,2001-12-31
2001-12-05,10.826,2001-12-31
2001-12-06,10.93,2001-12-31
2001-12-07,11.17,2001-12-31
2001-12-10,11.02,2001-12-31
2001-12-11,11.11,2001-12-31
2001-12-12,11.15,2001-12-31
2001-12-13,11.54,2001-12-31
2001-12-14,12.2,2001-12-31
2001-12-17,12.05,2001-12-31
2001-12-18,12.23,2001-12-31
2001-12-19,12.5,2001-12-31
2001-12-20,13.6,2001-12-31
2001-12-21,12.41,2001-12-31
2001-12-24,12.0,2001-12-31
2001-12-26,11.99,2001-12-31
2001-12-27,11.84,2001-12-31
2001-12-28,12.0,2001-12-31
2001-12-31,12.0,2001-12-31
2002-01-02,12.47,2002-01-31
2002-01-03,12.405,2002-01-31
2002-01-04,12.136,2002-01-31
2002-01-07,11.77,2002-01-31
2002-01-08,11.48,2002-01-31
2002-01-09,11.45,2002-01-31
2002-01-10,11.55,2002-01-31
2002-01-11,11.42,2002-01-31
2002-01-14,11.55,2002-01-31
2002-01-15,11.72,2002-01-31
2002-01-16,11.67,2002-01-31
2002-01-17,11.445,2002-01-31
2002-01-18,11.5,2002-01-31
2002-01-22,11.69,2002-01-31
2002-01-23,11.39,2002-01-31
2002-01-24,11.255,2002-01-31
2002-01-25,11.4,2002-01-31
2002-01-28,11.55,2002-01-31
2002-01-29,11.41,2002-01-31
2002-01-30,11.46,2002-01-31
2002-01-31,11.42,2002-01-31
2002-02-01,11.68,2002-02-28
2002-02-04,11.635,2002-02-28
2002-02-05,11.63,2002-02-28
2002-02-06,11.48,2002-02-28
2002-02-07,11.4562,2002-02-28
2002-02-08,11.48,2002-02-28
2002-02-11,11.58,2002-02-28
2002-02-12,11.43,2002-02-28
2002-02-13,11.53,2002-02-28
2002-02-14,11.565,2002-02-28
2002-02-15,11.45,2002-02-28
2002-02-19,11.515,2002-02-28
2002-02-20,11.41,2002-02-28
2002-02-21,11.44,2002-02-28
2002-02-22,11.44,2002-02-28
2002-02-25,11.475,2002-02-28
2002-02-26,11.405,2002-02-28
2002-02-27,11.393,2002-02-28
2002-02-28,11.36,2002-02-28
2002-03-01,11.2825,2002-03-29
2002-03-04,10.975,2002-03-29
2002-03-05,11.005,2002-03-29
2002-03-06,11.022,2002-03-29
2002-03-07,11.59,2002-03-29
2002-03-08,11.68,2002-03-29
2002-03-11,11.476,2002-03-29
2002-03-12,11.46,2002-03-29
2002-03-13,11.635,2002-03-29
2002-03-14,11.6912,2002-03-29
2002-03-15,11.906,2002-03-29
2002-03-18,11.95,2002-03-29
2002-03-19,11.66,2002-03-29
2002-03-20,11.675,2002-03-29
2002-03-21,11.5,2002-03-29
2002-03-22,11.47,2002-03-29
2002-03-25,11.55,2002-03-29
2002-03-26,11.49,2002-03-29
2002-03-27,11.48,2002-03-29
2002-03-28,11.335,2002-03-29
2002-03-29,11.38,2002-03-29
2002-04-01,11.36,2002-04-30
2002-04-02,11.21,2002-04-30
2002-04-03,11.14,2002-04-30
2002-04-04,11.24,2002-04-30
2002-04-05,11.14,2002-04-30
2002-04-08,11.163,2002-04-30
2002-04-09,11.266,2002-04-30
2002-04-10,11.233,2002-04-30
2002-04-11,11.241,2002-04-30
2002-04-12,11.24,2002-04-30
2002-04-15,11.18,2002-04-30
2002-04-16,11.235,2002-04-30
2002-04-17,11.153,2002-04-30
2002-04-18,11.098,2002-04-30
2002-04-19,11.14,2002-04-30
2002-04-22,10.991,2002-04-30
2002-04-23,10.97,2002-04-30
2002-04-24,10.95,2002-04-30
2002-04-25,10.91,2002-04-30
2002-04-26,10.735,2002-04-30
2002-04-29,10.595,2002-04-30
2002-04-30,10.64,2002-04-30
2002-05-01,10.5875,2002-05-31
2002-05-02,10.56,2002-05-31
2002-05-03,10.425,2002-05-31
2002-05-06,10.43,2002-05-31
2002-05-07,10.22,2002-05-31
2002-05-08,10.29,2002-05-31
2002-05-09,10.35,2002-05-31
2002-05-10,10.223,2002-05-31
2002-05-13,10.15,2002-05-31
2002-05-14,10.1279,2002-05-31
2002-05-15,10.26,2002-05-31
2002-05-16,10.175,2002-05-31
2002-05-17,10.06,2002-05-31
2002-05-20,10.05,2002-05-31
2002-05-21,10.11,2002-05-31
2002-05-22,10.125,2002-05-31
2002-05-23,10.145,2002-05-31
2002-05-24,10.036,2002-05-31
2002-05-28,9.915,2002-05-31
2002-05-29,9.82,2002-05-31
2002-05-30,9.713,2002-05-31
2002-05-31,9.78,2002-05-31
2002-06-03,9.84,2002-06-28
2002-06-04,9.7,2002-06-28
2002-06-05,9.955,2002-06-28
2002-06-06,9.801,2002-06-28
2002-06-07,9.884,2002-06-28
2002-06-10,9.98,2002-06-28
2002-06-11,10.081,2002-06-28
2002-06-12,10.12,2002-06-28
2002-06-13,10.28,2002-06-28
2002-06-14,10.48,2002-06-28
2002-06-17,10.615,2002-06-28
2002-06-18,10.3,2002-06-28
2002-06-19,10.266,2002-06-28
2002-06-20,10.396,2002-06-28
2002-06-21,10.25,2002-06-28
2002-06-24,10.335,2002-06-28
2002-06-25,10.348,2002-06-28
2002-06-26,10.3,2002-06-28
2002-06-27,10.36,2002-06-28
2002-06-28,10.39,2002-06-28
2002-07-01,10.07,2002-07-31
2002-07-02,10.1138,2002-07-31
2002-07-03,10.185,2002-07-31
2002-07-05,10.09,2002-07-31
2002-07-08,10.15,2002-07-31
2002-07-09,9.9962,2002-07-31
2002-07-10,10.02,2002-07-31
2002-07-11,10.11,2002-07-31
2002-07-12,9.97,2002-07-31
2002-07-15,10.04,2002-07-31
2002-07-16,10.1275,2002-07-31
2002-07-17,10.1475,2002-07-31
2002-07-18,9.96,2002-07-31
2002-07-19,9.95,2002-07-31
2002-07-22,9.995,2002-07-31
2002-07-23,10.086,2002-07-31
2002-07-24,10.35,2002-07-31
2002-07-25,10.2,2002-07-31
2002-07-26,10.28,2002-07-31
2002-07-29,10.09,2002-07-31
2002-07-30,10.15,2002-07-31
2002-07-31,10.19,2002-07-31
2002-08-01,10.27,2002-08-30
2002-08-02,10.24,2002-08-30
2002-08-05,10.523,2002-08-30
2002-08-06,10.64,2002-08-30
2002-08-07,10.435,2002-08-30
2002-08-08,10.432,2002-08-30
2002-08-09,10.47,2002-08-30
2002-08-12,10.4475,2002-08-30
2002-08-13,10.612,2002-08-30
2002-08-14,10.495,2002-08-30
2002-08-15,10.64,2002-08-30
2002-08-16,10.5987,2002-08-30
2002-08-19,10.62,2002-08-30
2002-08-20,10.75,2002-08-30
2002-08-21,10.88,2002-08-30
2002-08-22,10.9,2002-08-30
2002-08-23,10.856,2002-08-30
2002-08-26,10.79,2002-08-30
2002-08-27,10.554,2002-08-30
2002-08-28,10.565,2002-08-30
2002-08-29,10.653,2002-08-30
2002-08-30,10.561,2002-08-30
2002-09-03,10.7425,2002-09-30
2002-09-04,10.68,2002-09-30
2002-09-05,10.58,2002-09-30
2002-09-06,10.495,2002-09-30
2002-09-09,10.515,2002-09-30
2002-09-10,10.648,2002-09-30
2002-09-11,10.59,2002-09-30
2002-09-12,10.48,2002-09-30
2002-09-13,10.54,2002-09-30
2002-09-16,10.73,2002-09-30
2002-09-17,10.58,2002-09-30
2002-09-18,10.6,2002-09-30
2002-09-19,10.5487,2002-09-30
2002-09-20,10.59,2002-09-30
2002-09-23,10.68,2002-09-30
2002-09-24,10.69,2002-09-30
2002-09-25,10.59,2002-09-30
2002-09-26,10.57,2002-09-30
2002-09-27,10.55,2002-09-30
2002-09-30,10.535,2002-09-30
2002-10-01,10.42,2002-10-31
2002-10-02,10.4275,2002-10-31
2002-10-03,10.395,2002-10-31
2002-10-04,10.433,2002-10-31
2002-10-07,10.524,2002-10-31
2002-10-08,10.53,2002-10-31
2002-10-09,10.48,2002-10-31
2002-10-10,10.43,2002-10-31
2002-10-11,10.4475,2002-10-31
2002-10-15,10.445,2002-10-31
2002-10-16,10.412,2002-10-31
2002-10-17,10.3,2002-10-31
2002-10-18,10.38,2002-10-31
2002-10-21,10.22,2002-10-31
2002-10-22,10.18,2002-10-31
2002-10-23,10.217,2002-10-31
2002-10-24,10.13,2002-10-31
2002-10-25,10.12,2002-10-31
2002-10-28,10.0575,2002-10-31
2002-10-29,10.08,2002-10-31
2002-10-30,10.1,2002-10-31
2002-10-31,10.0,2002-10-31
2002-11-01,9.981,2002-11-29
2002-11-04,9.92,2002-11-29
2002-11-05,9.93,2002-11-29
2002-11-06,9.91,2002-11-29
2002-11-07,9.79,2002-11-29
2002-11-08,9.79,2002-11-29
2002-11-12,9.82,2002-11-29
2002-11-13,9.827,2002-11-29
2002-11-14,9.71,2002-11-29
2002-11-15,9.65,2002-11-29
2002-11-18,9.589,2002-11-29
2002-11-19,9.59,2002-11-29
2002-11-20,9.68,2002-11-29
2002-11-21,9.63,2002-11-29
2002-11-22,9.475,2002-11-29
2002-11-25,9.275,2002-11-29
2002-11-26,9.25,2002-11-29
2002-11-27,9.27,2002-11-29
2002-11-29,9.28,2002-11-29
2002-12-02,9.2425,2002-12-31
2002-12-03,9.27,2002-12-31
2002-12-04,9.1525,2002-12-31
2002-12-05,9.125,2002-12-31
2002-12-06,9.2,2002-12-31
2002-12-09,9.12,2002-12-31
2002-12-10,8.98,2002-12-31
2002-12-11,8.87,2002-12-31
2002-12-12,8.915,2002-12-31
2002-12-13,8.7375,2002-12-31
2002-12-16,8.74,2002-12-31
2002-12-17,9.11,2002-12-31
2002-12-18,8.95,2002-12-31
2002-12-19,9.0,2002-12-31
2002-12-20,8.925,2002-12-31
2002-12-23,8.84,2002-12-31
2002-12-24,8.88,2002-12-31
2002-12-26,8.86,2002-12-31
2002-12-27,8.7325,2002-12-31
2002-12-30,8.67,2002-12-31
2002-12-31,8.585,2002-12-31
2003-01-02,8.54,2003-01-31
2003-01-03,8.44,2003-01-31
2003-01-06,8.52,2003-01-31
2003-01-07,8.6224,2003-01-31
2003-01-08,8.62,2003-01-31
2003-01-09,8.57,2003-01-31
2003-01-10,8.53,2003-01-31
2003-01-13,8.665,2003-01-31
2003-01-14,8.84,2003-01-31
2003-01-15,8.7537,2003-01-31
2003-01-16,8.87,2003-01-31
2003-01-17,8.88,2003-01-31
2003-01-21,9.045,2003-01-31
2003-01-22,8.98,2003-01-31
2003-01-23,8.735,2003-01-31
2003-01-24,8.74,2003-01-31
2003-01-27,8.75,2003-01-31
2003-01-28,8.765,2003-01-31
2003-01-29,8.581,2003-01-31
2003-01-30,8.645,2003-01-31
2003-01-31,8.5,2003-01-31
2003-02-03,8.5521,2003-02-28
2003-02-04,8.34,2003-02-28
2003-02-05,8.39,2003-02-28
2003-02-06,8.35,2003-02-28
2003-02-07,8.425,2003-02-28
2003-02-10,8.5701,2003-02-28
2003-02-11,8.385,2003-02-28
2003-02-12,8.365,2003-02-28
2003-02-13,8.358,2003-02-28
2003-02-14,8.315,2003-02-28
2003-02-18,8.415,2003-02-28
2003-02-19,8.32,2003-02-28
2003-02-20,8.12,2003-02-28
2003-02-21,8.085,2003-02-28
2003-02-24,8.1438,2003-02-28
2003-02-25,8.1,2003-02-28
2003-02-26,8.08,2003-02-28
2003-02-27,8.02,2003-02-28
2003-02-28,8.0955,2003-02-28
2003-03-03,8.005,2003-03-31
2003-03-04,8.02,2003-03-31
2003-03-05,7.902,2003-03-31
2003-03-06,8.04,2003-03-31
2003-03-07,7.945,2003-03-31
2003-03-10,7.9025,2003-03-31
2003-03-11,7.9375,2003-03-31
2003-03-12,8.01,2003-03-31
2003-03-13,8.155,2003-03-31
2003-03-14,8.2288,2003-03-31
2003-03-17,8.2575,2003-03-31
2003-03-18,8.21,2003-03-31
2003-03-19,8.17,2003-03-31
2003-03-20,8.13,2003-03-31
2003-03-21,8.195,2003-03-31
2003-03-24,8.145,2003-03-31
2003-03-25,8.025,2003-03-31
2003-03-26,7.945,2003-03-31
2003-03-27,7.955,2003-03-31
2003-03-28,7.985,2003-03-31
2003-03-31,7.9,2003-03-31
2003-04-01,7.88,2003-04-30
2003-04-02,7.97,2003-04-30
2003-04-03,7.89,2003-04-30
2003-04-04,7.94,2003-04-30
2003-04-07,8.045,2003-04-30
2003-04-08,8.0225,2003-04-30
2003-04-09,7.9237,2003-04-30
2003-04-10,7.7825,2003-04-30
2003-04-11,7.79,2003-04-30
2003-04-14,7.8225,2003-04-30
2003-04-15,7.7,2003-04-30
2003-04-16,7.705,2003-04-30
2003-04-17,7.6175,2003-04-30
2003-04-18,7.6625,2003-04-30
2003-04-21,7.655,2003-04-30
2003-04-22,7.5575,2003-04-30
2003-04-23,7.45,2003-04-30
2003-04-24,7.29,2003-04-30
2003-04-25,7.2375,2003-04-30
2003-04-28,7.19,2003-04-30
2003-04-29,7.175,2003-04-30
2003-04-30,7.2875,2003-04-30
2003-05-01,7.273,2003-05-30
2003-05-02,7.505,2003-05-30
2003-05-05,7.29,2003-05-30
2003-05-06,7.29,2003-05-30
2003-05-07,7.3275,2003-05-30
2003-05-08,7.23,2003-05-30
2003-05-09,7.27,2003-05-30
2003-05-12,7.315,2003-05-30
2003-05-13,7.35,2003-05-30
2003-05-14,7.58,2003-05-30
2003-05-15,8.03,2003-05-30
2003-05-16,7.765,2003-05-30
2003-05-19,7.9375,2003-05-30
2003-05-20,7.76,2003-05-30
2003-05-21,7.74,2003-05-30
2003-05-22,7.83,2003-05-30
2003-05-23,7.88,2003-05-30
2003-05-27,8.12,2003-05-30
2003-05-28,8.235,2003-05-30
2003-05-29,8.105,2003-05-30
2003-05-30,8.035,2003-05-30
2003-06-02,8.02,2003-06-30
2003-06-03,8.041,2003-06-30
2003-06-04,8.165,2003-06-30
2003-06-05,7.915,2003-06-30
2003-06-06,8.04,2003-06-30
2003-06-09,7.945,2003-06-30
2003-06-10,7.98,2003-06-30
2003-06-11,7.925,2003-06-30
2003-06-12,7.81,2003-06-30
2003-06-13,7.85,2003-06-30
2003-06-16,7.78,2003-06-30
2003-06-17,7.8425,2003-06-30
2003-06-18,7.94,2003-06-30
2003-06-19,7.9,2003-06-30
2003-06-20,7.855,2003-06-30
2003-06-23,7.96,2003-06-30
2003-06-24,7.793,2003-06-30
2003-06-25,7.6737,2003-06-30
2003-06-26,7.595,2003-06-30
2003-06-27,7.495,2003-06-30
2003-06-30,7.51,2003-06-30
2003-07-01,7.4425,2003-07-31
2003-07-02,7.414,2003-07-31
2003-07-03,7.53,2003-07-31
2003-07-07,7.51,2003-07-31
2003-07-08,7.67,2003-07-31
2003-07-09,7.63,2003-07-31
2003-07-10,7.535,2003-07-31
2003-07-11,7.6125,2003-07-31
2003-07-14,7.58,2003-07-31
2003-07-15,7.66,2003-07-31
2003-07-16,7.8,2003-07-31
2003-07-17,7.735,2003-07-31
2003-07-18,7.705,2003-07-31
2003-07-21,7.65,2003-07-31
2003-07-22,7.59,2003-07-31
2003-07-23,7.495,2003-07-31
2003-07-24,7.52,2003-07-31
2003-07-25,7.425,2003-07-31
2003-07-28,7.3576,2003-07-31
2003-07-29,7.3725,2003-07-31
2003-07-30,7.3933,2003-07-31
2003-07-31,7.3801,2003-07-31
2003-08-01,7.45,2003-08-29
2003-08-04,7.4876,2003-08-29
2003-08-05,7.44,2003-08-29
2003-08-06,7.38,2003-08-29
2003-08-07,7.248,2003-08-29
2003-08-08,7.41,2003-08-29
2003-08-11,7.365,2003-08-29
2003-08-12,7.415,2003-08-29
2003-08-13,7.415,2003-08-29
2003-08-14,7.35,2003-08-29
2003-08-15,7.335,2003-08-29
2003-08-18,7.2875,2003-08-29
2003-08-19,7.3595,2003-08-29
2003-08-20,7.375,2003-08-29
2003-08-21,7.49,2003-08-29
2003-08-22,7.485,2003-08-29
2003-08-25,7.5116,2003-08-29
2003-08-26,7.35,2003-08-29
2003-08-27,7.37,2003-08-29
2003-08-28,7.37,2003-08-29
2003-08-29,7.39,2003-08-29
2003-09-02,7.291,2003-09-30
2003-09-03,7.26,2003-09-30
2003-09-04,7.32,2003-09-30
2003-09-05,7.445,2003-09-30
2003-09-08,7.5499,2003-09-30
2003-09-09,7.4525,2003-09-30
2003-09-10,7.405,2003-09-30
2003-09-11,7.39,2003-09-30
2003-09-12,7.365,2003-09-30
2003-09-15,7.41,2003-09-30
2003-09-16,7.5287,2003-09-30
2003-09-17,7.3975,2003-09-30
2003-09-18,7.34,2003-09-30
2003-09-19,7.36,2003-09-30
2003-09-22,7.2375,2003-09-30
2003-09-23,7.1606,2003-09-30
2003-09-24,7.1363,2003-09-30
2003-09-25,7.09,2003-09-30
2003-09-26,7.1885,2003-09-30
2003-09-29,7.14,2003-09-30
2003-09-30,6.9575,2003-09-30
2003-10-01,6.915,2003-10-31
2003-10-02,6.8475,2003-10-31
2003-10-03,6.915,2003-10-31
2003-10-06,6.95,2003-10-31
2003-10-07,6.864,2003-10-31
2003-10-08,6.88,2003-10-31
2003-10-09,6.965,2003-10-31
2003-10-10,6.9775,2003-10-31
2003-10-14,6.96,2003-10-31
2003-10-15,7.01,2003-10-31
2003-10-16,7.01,2003-10-31
2003-10-17,7.205,2003-10-31
2003-10-20,7.1875,2003-10-31
2003-10-21,7.13,2003-10-31
2003-10-22,6.99,2003-10-31
2003-10-23,6.99,2003-10-31
2003-10-24,6.905,2003-10-31
2003-10-27,6.88,2003-10-31
2003-10-28,6.95,2003-10-31
2003-10-29,6.92,2003-10-31
2003-10-30,6.87,2003-10-31
2003-10-31,6.895,2003-10-31
2003-11-03,6.909,2003-11-28
2003-11-04,6.9175,2003-11-28
2003-11-05,6.9272,2003-11-28
2003-11-06,6.99,2003-11-28
2003-11-07,6.97,2003-11-28
2003-11-10,6.945,2003-11-28
2003-11-12,6.86,2003-11-28
2003-11-13,6.72,2003-11-28
2003-11-14,6.704,2003-11-28
2003-11-17,6.7346,2003-11-28
2003-11-18,6.6275,2003-11-28
2003-11-19,6.615,2003-11-28
2003-11-20,6.57,2003-11-28
2003-11-21,6.525,2003-11-28
2003-11-24,6.5651,2003-11-28
2003-11-25,6.56,2003-11-28
2003-11-26,6.46,2003-11-28
2003-11-28,6.369,2003-11-28
2003-12-01,6.3895,2003-12-31
2003-12-02,6.3463,2003-12-31
2003-12-03,6.265,2003-12-31
2003-12-04,6.2601,2003-12-31
2003-12-05,6.31,2003-12-31
2003-12-08,6.475,2003-12-31
2003-12-09,6.4075,2003-12-31
2003-12-10,6.515,2003-12-31
2003-12-11,6.4026,2003-12-31
2003-12-12,6.36,2003-12-31
2003-12-15,6.32,2003-12-31
2003-12-16,6.375,2003-12-31
2003-12-17,6.53,2003-12-31
2003-12-18,6.67,2003-12-31
2003-12-19,6.925,2003-12-31
2003-12-22,6.935,2003-12-31
2003-12-23,6.904,2003-12-31
2003-12-24,6.695,2003-12-31
2003-12-26,6.72,2003-12-31
2003-12-29,6.731,2003-12-31
2003-12-30,6.5875,2003-12-31
2003-12-31,6.7,2003-12-31
2004-01-02,6.565,2004-01-30
2004-01-05,6.36,2004-01-30
2004-01-06,6.5025,2004-01-30
2004-01-07,6.5875,2004-01-30
2004-01-08,6.63,2004-01-30
2004-01-09,6.7608,2004-01-30
2004-01-12,6.931,2004-01-30
2004-01-13,6.92,2004-01-30
2004-01-14,7.1,2004-01-30
2004-01-15,7.29,2004-01-30
2004-01-16,7.305,2004-01-30
2004-01-20,7.115,2004-01-30
2004-01-21,7.1401,2004-01-30
2004-01-22,7.095,2004-01-30
2004-01-23,7.158,2004-01-30
2004-01-26,7.1926,2004-01-30
2004-01-27,7.08,2004-01-30
2004-01-28,6.92,2004-01-30
2004-01-29,7.0735,2004-01-30
2004-01-30,7.07,2004-01-30
2004-02-02,7.05,2004-02-27
2004-02-03,6.895,2004-02-27
2004-02-04,6.89,2004-02-27
2004-02-05,6.98,2004-02-27
2004-02-06,6.995,2004-02-27
2004-02-09,6.98,2004-02-27
2004-02-10,6.865,2004-02-27
2004-02-11,6.831,2004-02-27
2004-02-12,6.655,2004-02-27
2004-02-13,6.612,2004-02-27
2004-02-17,6.565,2004-02-27
2004-02-18,6.5825,2004-02-27
2004-02-19,6.65,2004-02-27
2004-02-20,6.705,2004-02-27
2004-02-23,6.63,2004-02-27
2004-02-24,6.57,2004-02-27
2004-02-25,6.64,2004-02-27
2004-02-26,6.61,2004-02-27
2004-02-27,6.625,2004-02-27
2004-03-01,6.6095,2004-03-31
2004-03-02,6.715,2004-03-31
2004-03-03,6.92,2004-03-31
2004-03-04,6.813,2004-03-31
2004-03-05,6.5725,2004-03-31
2004-03-08,6.6004,2004-03-31
2004-03-09,6.565,2004-03-31
2004-03-10,6.661,2004-03-31
2004-03-11,6.6845,2004-03-31
2004-03-12,6.735,2004-03-31
2004-03-15,6.6925,2004-03-31
2004-03-16,6.712,2004-03-31
2004-03-17,6.76,2004-03-31
2004-03-18,6.66,2004-03-31
2004-03-19,6.66,2004-03-31
2004-03-22,6.473,2004-03-31
2004-03-23,6.55,2004-03-31
2004-03-24,6.58,2004-03-31
2004-03-25,6.54,2004-03-31
2004-03-26,6.56,2004-03-31
2004-03-29,6.4,2004-03-31
2004-03-30,6.335,2004-03-31
2004-03-31,6.3235,2004-03-31
2004-04-01,6.345,2004-04-30
2004-04-02,6.412,2004-04-30
2004-04-05,6.415,2004-04-30
2004-04-06,6.34,2004-04-30
2004-04-07,6.315,2004-04-30
2004-04-08,6.34,2004-04-30
2004-04-09,6.265,2004-04-30
2004-04-12,6.295,2004-04-30
2004-04-13,6.565,2004-04-30
2004-04-14,6.6423,2004-04-30
2004-04-15,6.66,2004-04-30
2004-04-16,6.445,2004-04-30
2004-04-19,6.5225,2004-04-30
2004-04-20,6.5075,2004-04-30
2004-04-21,6.7525,2004-04-30
2004-04-22,6.8625,2004-04-30
2004-04-23,6.7475,2004-04-30
2004-04-26,6.765,2004-04-30
2004-04-27,6.6825,2004-04-30
2004-04-28,6.9251,2004-04-30
2004-04-29,6.9,2004-04-30
2004-04-30,6.94,2004-04-30
2004-05-03,6.99,2004-05-31
2004-05-04,6.904,2004-05-31
2004-05-05,6.825,2004-05-31
2004-05-06,6.905,2004-05-31
2004-05-07,7.053,2004-05-31
2004-05-10,7.05,2004-05-31
2004-05-11,6.923,2004-05-31
2004-05-12,6.85,2004-05-31
2004-05-13,6.95,2004-05-31
2004-05-14,6.7925,2004-05-31
2004-05-17,6.7862,2004-05-31
2004-05-18,6.76,2004-05-31
2004-05-19,6.7375,2004-05-31
2004-05-20,6.75,2004-05-31
2004-05-21,6.75,2004-05-31
2004-05-24,6.655,2004-05-31
2004-05-25,6.6,2004-05-31
2004-05-26,6.615,2004-05-31
2004-05-27,6.58,2004-05-31
2004-05-28,6.515,2004-05-31
2004-06-01,6.44,2004-06-30
2004-06-02,6.5356,2004-06-30
2004-06-03,6.46,2004-06-30
2004-06-04,6.46,2004-06-30
2004-06-07,6.485,2004-06-30
2004-06-08,6.58,2004-06-30
2004-06-09,6.64,2004-06-30
2004-06-10,6.5,2004-06-30
2004-06-11,6.5301,2004-06-30
2004-06-14,6.623,2004-06-30
2004-06-15,6.465,2004-06-30
2004-06-16,6.54,2004-06-30
2004-06-17,6.52,2004-06-30
2004-06-18,6.3985,2004-06-30
2004-06-21,6.3125,2004-06-30
2004-06-22,6.295,2004-06-30
2004-06-23,6.2525,2004-06-30
2004-06-24,6.2987,2004-06-30
2004-06-25,6.3,2004-06-30
2004-06-28,6.165,2004-06-30
2004-06-29,6.2475,2004-06-30
2004-06-30,6.2275,2004-06-30
2004-07-01,6.245,2004-07-30
2004-07-02,6.1125,2004-07-30
2004-07-06,6.255,2004-07-30
2004-07-07,6.1063,2004-07-30
2004-07-08,6.0626,2004-07-30
2004-07-09,6.115,2004-07-30
2004-07-12,6.04,2004-07-30
2004-07-13,6.115,2004-07-30
2004-07-14,6.06,2004-07-30
2004-07-15,6.095,2004-07-30
2004-07-16,5.9631,2004-07-30
2004-07-19,5.905,2004-07-30
2004-07-20,5.97,2004-07-30
2004-07-21,6.095,2004-07-30
2004-07-22,6.07,2004-07-30
2004-07-23,6.225,2004-07-30
2004-07-26,6.2475,2004-07-30
2004-07-27,6.341,2004-07-30
2004-07-28,6.27,2004-07-30
2004-07-29,6.27,2004-07-30
2004-07-30,6.2725,2004-07-30
2004-08-02,6.3255,2004-08-31
2004-08-03,6.275,2004-08-31
2004-08-04,6.275,2004-08-31
2004-08-05,6.2575,2004-08-31
2004-08-06,6.125,2004-08-31
2004-08-09,6.09,2004-08-31
2004-08-10,6.1575,2004-08-31
2004-08-11,6.221,2004-08-31
2004-08-12,6.4545,2004-08-31
2004-08-13,6.48,2004-08-31
2004-08-16,6.6,2004-08-31
2004-08-17,6.482,2004-08-31
2004-08-18,6.4999,2004-08-31
2004-08-19,6.605,2004-08-31
2004-08-20,6.5863,2004-08-31
2004-08-23,6.68,2004-08-31
2004-08-24,6.725,2004-08-31
2004-08-25,6.6901,2004-08-31
2004-08-26,6.625,2004-08-31
2004-08-27,6.74,2004-08-31
2004-08-30,6.7276,2004-08-31
2004-08-31,6.645,2004-08-31
2004-09-01,6.62,2004-09-30
2004-09-02,6.57,2004-09-30
2004-09-03,6.6576,2004-09-30
2004-09-07,6.64,2004-09-30
2004-09-08,6.6435,2004-09-30
2004-09-09,6.68,2004-09-30
2004-09-10,6.58,2004-09-30
2004-09-13,6.557,2004-09-30
2004-09-14,6.5037,2004-09-30
2004-09-15,6.58,2004-09-30
2004-09-16,6.5835,2004-09-30
2004-09-17,6.56,2004-09-30
2004-09-20,6.485,2004-09-30
2004-09-21,6.4475,2004-09-30
2004-09-22,6.525,2004-09-30
2004-09-23,6.44,2004-09-30
2004-09-24,6.4278,2004-09-30
2004-09-27,6.402,2004-09-30
2004-09-28,6.408,2004-09-30
2004-09-29,6.445,2004-09-30
2004-09-30,6.478,2004-09-30
2004-10-01,6.4775,2004-10-29
2004-10-04,6.48,2004-10-29
2004-10-05,6.5337,2004-10-29
2004-10-06,6.52,2004-10-29
2004-10-07,6.634,2004-10-29
2004-10-08,6.552,2004-10-29
2004-10-12,6.6,2004-10-29
2004-10-13,6.6195,2004-10-29
2004-10-14,6.545,2004-10-29
2004-10-15,6.4475,2004-10-29
2004-10-18,6.3525,2004-10-29
2004-10-19,6.3,2004-10-29
2004-10-20,6.295,2004-10-29
2004-10-21,6.235,2004-10-29
2004-10-22,6.19,2004-10-29
2004-10-25,6.22,2004-10-29
2004-10-26,6.2595,2004-10-29
2004-10-27,6.1575,2004-10-29
2004-10-28,6.075,2004-10-29
2004-10-29,6.1355,2004-10-29
2004-11-01,6.11,2004-11-30
2004-11-02,6.18,2004-11-30
2004-11-03,6.0845,2004-11-30
2004-11-04,6.0735,2004-11-30
2004-11-05,6.1107,2004-11-30
2004-11-08,6.1705,2004-11-30
2004-11-09,6.1575,2004-11-30
2004-11-10,6.1925,2004-11-30
2004-11-12,6.115,2004-11-30
2004-11-15,6.0665,2004-11-30
2004-11-16,6.0362,2004-11-30
2004-11-17,5.9626,2004-11-30
2004-11-18,6.0284,2004-11-30
2004-11-19,5.9975,2004-11-30
2004-11-22,6.006,2004-11-30
2004-11-23,5.975,2004-11-30
2004-11-24,5.9275,2004-11-30
2004-11-26,5.83,2004-11-30
2004-11-29,5.775,2004-11-30
2004-11-30,5.811,2004-11-30
2004-12-01,5.775,2004-12-31
2004-12-02,5.8375,2004-12-31
2004-12-03,5.775,2004-12-31
2004-12-06,5.726,2004-12-31
2004-12-07,5.751,2004-12-31
2004-12-08,5.875,2004-12-31
2004-12-09,5.82,2004-12-31
2004-12-10,5.8075,2004-12-31
2004-12-13,5.735,2004-12-31
2004-12-14,5.735,2004-12-31
2004-12-15,5.735,2004-12-31
2004-12-16,5.7725,2004-12-31
2004-12-17,5.78,2004-12-31
2004-12-20,5.72,2004-12-31
2004-12-21,5.6745,2004-12-31
2004-12-22,5.6525,2004-12-31
2004-12-23,5.64,2004-12-31
2004-12-24,5.615,2004-12-31
2004-12-27,5.615,2004-12-31
2004-12-28,5.625,2004-12-31
2004-12-29,5.7,2004-12-31
2004-12-30,5.6288,2004-12-31
2004-12-31,5.645,2004-12-31
2005-01-03,5.6425,2005-01-31
2005-01-04,5.86,2005-01-31
2005-01-05,5.895,2005-01-31
2005-01-06,6.103,2005-01-31
2005-01-07,6.0965,2005-01-31
2005-01-10,5.976,2005-01-31
2005-01-11,5.955,2005-01-31
2005-01-12,5.935,2005-01-31
2005-01-13,6.0057,2005-01-31
2005-01-14,6.0225,2005-01-31
2005-01-18,6.0375,2005-01-31
2005-01-19,6.0188,2005-01-31
2005-01-20,6.055,2005-01-31
2005-01-21,5.96,2005-01-31
2005-01-24,5.9465,2005-01-31
2005-01-25,5.97,2005-01-31
2005-01-26,5.92,2005-01-31
2005-01-27,5.9093,2005-01-31
2005-01-28,5.935,2005-01-31
2005-01-31,5.93,2005-01-31
2005-02-01,6.0015,2005-02-28
2005-02-02,6.0078,2005-02-28
2005-02-03,6.1257,2005-02-28
2005-02-04,6.1325,2005-02-28
2005-02-07,6.1975,2005-02-28
2005-02-08,6.2324,2005-02-28
2005-02-09,6.2225,2005-02-28
2005-02-10,6.1196,2005-02-28
2005-02-11,6.0638,2005-02-28
2005-02-14,6.0405,2005-02-28
2005-02-15,5.99,2005-02-28
2005-02-16,6.0031,2005-02-28
2005-02-17,5.927,2005-02-28
2005-02-18,5.937,2005-02-28
2005-02-22,5.7625,2005-02-28
2005-02-23,5.8025,2005-02-28
2005-02-24,5.8225,2005-02-28
2005-02-25,5.8262,2005-02-28
2005-02-28,5.7875,2005-02-28
2005-03-01,5.85,2005-03-31
2005-03-02,5.9,2005-03-31
2005-03-03,5.9388,2005-03-31
2005-03-04,5.8525,2005-03-31
2005-03-07,5.86,2005-03-31
2005-03-08,5.7669,2005-03-31
2005-03-09,5.7787,2005-03-31
2005-03-10,5.8501,2005-03-31
2005-03-11,5.7938,2005-03-31
2005-03-14,5.9825,2005-03-31
2005-03-15,6.0825,2005-03-31
2005-03-16,6.0564,2005-03-31
2005-03-17,6.0725,2005-03-31
2005-03-18,6.025,2005-03-31
2005-03-21,6.085,2005-03-31
2005-03-22,6.065,2005-03-31
2005-03-23,6.19,2005-03-31
2005-03-24,6.215,2005-03-31
2005-03-25,6.21,2005-03-31
2005-03-28,6.33,2005-03-31
2005-03-29,6.3475,2005-03-31
2005-03-30,6.2875,2005-03-31
2005-03-31,6.2155,2005-03-31
2005-04-01,6.215,2005-04-29
2005-04-04,6.24,2005-04-29
2005-04-05,6.2075,2005-04-29
2005-04-06,6.117,2005-04-29
2005-04-07,6.1225,2005-04-29
2005-04-08,6.145,2005-04-29
2005-04-11,6.139,2005-04-29
2005-04-12,6.18,2005-04-29
2005-04-13,6.1063,2005-04-29
2005-04-14,6.2675,2005-04-29
2005-04-15,6.2825,2005-04-29
2005-04-18,6.245,2005-04-29
2005-04-19,6.1937,2005-04-29
2005-04-20,6.1075,2005-04-29
2005-04-21,6.0675,2005-04-29
2005-04-22,6.034,2005-04-29
2005-04-25,6.06,2005-04-29
2005-04-26,6.085,2005-04-29
2005-04-27,6.0725,2005-04-29
2005-04-28,6.127,2005-04-29
2005-04-29,6.07,2005-04-29
2005-05-02,6.097,2005-05-31
2005-05-03,6.102,2005-05-31
2005-05-04,6.0,2005-05-31
2005-05-05,5.96,2005-05-31
2005-05-06,6.0425,2005-05-31
2005-05-09,6.12,2005-05-31
2005-05-10,6.16,2005-05-31
2005-05-11,6.174,2005-05-31
2005-05-12,6.27,2005-05-31
2005-05-13,6.306,2005-05-31
2005-05-16,6.35,2005-05-31
2005-05-17,6.4365,2005-05-31
2005-05-18,6.397,2005-05-31
2005-05-19,6.3895,2005-05-31
2005-05-20,6.5415,2005-05-31
2005-05-23,6.5325,2005-05-31
2005-05-24,6.5575,2005-05-31
2005-05-25,6.51,2005-05-31
2005-05-26,6.605,2005-05-31
2005-05-27,6.565,2005-05-31
2005-05-31,6.745,2005-05-31
2005-06-01,6.915,2005-06-30
2005-06-02,6.8075,2005-06-30
2005-06-03,6.86,2005-06-30
2005-06-06,6.755,2005-06-30
2005-06-07,6.6531,2005-06-30
2005-06-08,6.695,2005-06-30
2005-06-09,6.758,2005-06-30
2005-06-10,6.751,2005-06-30
2005-06-13,6.8625,2005-06-30
2005-06-14,6.865,2005-06-30
2005-06-15,6.7713,2005-06-30
2005-06-16,6.7325,2005-06-30
2005-06-17,6.641,2005-06-30
2005-06-20,6.7075,2005-06-30
2005-06-21,6.715,2005-06-30
2005-06-22,6.7125,2005-06-30
2005-06-23,6.75,2005-06-30
2005-06-24,6.7,2005-06-30
2005-06-27,6.6295,2005-06-30
2005-06-28,6.6475,2005-06-30
2005-06-29,6.675,2005-06-30
2005-06-30,6.667,2005-06-30
2005-07-01,6.82,2005-07-29
2005-07-05,6.8785,2005-07-29
2005-07-06,6.845,2005-07-29
2005-07-07,6.868,2005-07-29
2005-07-08,6.9025,2005-07-29
2005-07-11,6.735,2005-07-29
2005-07-12,6.5345,2005-07-29
2005-07-13,6.67,2005-07-29
2005-07-14,6.62,2005-07-29
2005-07-15,6.645,2005-07-29
2005-07-18,6.665,2005-07-29
2005-07-19,6.715,2005-07-29
2005-07-20,6.6755,2005-07-29
2005-07-21,6.583,2005-07-29
2005-07-22,6.635,2005-07-29
2005-07-25,6.6415,2005-07-29
2005-07-26,6.691,2005-07-29
2005-07-27,6.6385,2005-07-29
2005-07-28,6.6085,2005-07-29
2005-07-29,6.56,2005-07-29
2005-08-01,6.5225,2005-08-31
2005-08-02,6.525,2005-08-31
2005-08-03,6.441,2005-08-31
2005-08-04,6.4488,2005-08-31
2005-08-05,6.455,2005-08-31
2005-08-08,6.45,2005-08-31
2005-08-09,6.4725,2005-08-31
2005-08-10,6.402,2005-08-31
2005-08-11,6.3435,2005-08-31
2005-08-12,6.35,2005-08-31
2005-08-15,6.425,2005-08-31
2005-08-16,6.427,2005-08-31
2005-08-17,6.4625,2005-08-31
2005-08-18,6.53,2005-08-31
2005-08-19,6.5525,2005-08-31
2005-08-22,6.48,2005-08-31
2005-08-23,6.5,2005-08-31
2005-08-24,6.486,2005-08-31
2005-08-25,6.4625,2005-08-31
2005-08-26,6.455,2005-08-31
2005-08-29,6.4575,2005-08-31
2005-08-30,6.5285,2005-08-31
2005-08-31,6.4,2005-08-31
2005-09-01,6.3125,2005-09-30
2005-09-02,6.255,2005-09-30
2005-09-06,6.325,2005-09-30
2005-09-07,6.345,2005-09-30
2005-09-08,6.3275,2005-09-30
2005-09-09,6.295,2005-09-30
2005-09-12,6.391,2005-09-30
2005-09-13,6.385,2005-09-30
2005-09-14,6.3575,2005-09-30
2005-09-15,6.4,2005-09-30
2005-09-16,6.3865,2005-09-30
2005-09-19,6.42,2005-09-30
2005-09-20,6.3825,2005-09-30
2005-09-21,6.38,2005-09-30
2005-09-22,6.34,2005-09-30
2005-09-23,6.385,2005-09-30
2005-09-26,6.387,2005-09-30
2005-09-27,6.447,2005-09-30
2005-09-28,6.43,2005-09-30
2005-09-29,6.3875,2005-09-30
2005-09-30,6.35,2005-09-30
2005-10-03,6.44,2005-10-31
2005-10-04,6.457,2005-10-31
2005-10-05,6.5335,2005-10-31
2005-10-06,6.5265,2005-10-31
2005-10-07,6.5555,2005-10-31
2005-10-11,6.53,2005-10-31
2005-10-12,6.5615,2005-10-31
2005-10-13,6.635,2005-10-31
2005-10-14,6.553,2005-10-31
2005-10-17,6.538,2005-10-31
2005-10-18,6.57,2005-10-31
2005-10-19,6.5855,2005-10-31
2005-10-20,6.605,2005-10-31
2005-10-21,6.645,2005-10-31
2005-10-24,6.614,2005-10-31
2005-10-25,6.6035,2005-10-31
2005-10-26,6.68,2005-10-31
2005-10-27,6.695,2005-10-31
2005-10-28,6.72,2005-10-31
2005-10-31,6.7077,2005-10-31
2005-11-01,6.686,2005-11-30
2005-11-02,6.6425,2005-11-30
2005-11-03,6.622,2005-11-30
2005-11-04,6.6975,2005-11-30
2005-11-07,6.725,2005-11-30
2005-11-08,6.731,2005-11-30
2005-11-09,6.745,2005-11-30
2005-11-10,6.745,2005-11-30
2005-11-14,6.76,2005-11-30
2005-11-15,6.7875,2005-11-30
2005-11-16,6.7588,2005-11-30
2005-11-17,6.735,2005-11-30
2005-11-18,6.695,2005-11-30
2005-11-21,6.6505,2005-11-30
2005-11-22,6.6205,2005-11-30
2005-11-23,6.545,2005-11-30
2005-11-25,6.495,2005-11-30
2005-11-28,6.5055,2005-11-30
2005-11-29,6.499,2005-11-30
2005-11-30,6.4625,2005-11-30
2005-12-01,6.456,2005-12-30
2005-12-02,6.351,2005-12-30
2005-12-05,6.302,2005-12-30
2005-12-06,6.28,2005-12-30
2005-12-07,6.3175,2005-12-30
2005-12-08,6.336,2005-12-30
2005-12-09,6.365,2005-12-30
2005-12-12,6.3225,2005-12-30
2005-12-13,6.2925,2005-12-30
2005-12-14,6.3135,2005-12-30
2005-12-15,6.43,2005-12-30
2005-12-16,6.4005,2005-12-30
2005-12-19,6.35,2005-12-30
2005-12-20,6.36,2005-12-30
2005-12-21,6.378,2005-12-30
2005-12-22,6.37,2005-12-30
2005-12-23,6.338,2005-12-30
2005-12-27,6.345,2005-12-30
2005-12-28,6.35,2005-12-30
2005-12-29,6.3205,2005-12-30
2005-12-30,6.33,2005-12-30
2006-01-03,6.2329,2006-01-31
2006-01-04,6.1625,2006-01-31
2006-01-05,6.148,2006-01-31
2006-01-06,6.087,2006-01-31
2006-01-09,6.075,2006-01-31
2006-01-10,6.114,2006-01-31
2006-01-11,6.0575,2006-01-31
2006-01-12,6.05,2006-01-31
2006-01-13,6.005,2006-01-31
2006-01-17,6.032,2006-01-31
2006-01-18,6.055,2006-01-31
2006-01-19,5.9889,2006-01-31
2006-01-20,5.995,2006-01-31
2006-01-23,5.995,2006-01-31
2006-01-24,6.032,2006-01-31
2006-01-25,6.0325,2006-01-31
2006-01-26,6.1112,2006-01-31
2006-01-27,6.125,2006-01-31
2006-01-30,6.1395,2006-01-31
2006-01-31,6.082,2006-01-31
2006-02-01,6.112,2006-02-28
2006-02-02,6.085,2006-02-28
2006-02-03,6.0975,2006-02-28
2006-02-06,6.1115,2006-02-28
2006-02-07,6.1525,2006-02-28
2006-02-08,6.22,2006-02-28
2006-02-09,6.142,2006-02-28
2006-02-10,6.14,2006-02-28
2006-02-13,6.159,2006-02-28
2006-02-14,6.141,2006-02-28
2006-02-15,6.0725,2006-02-28
2006-02-16,6.0639,2006-02-28
2006-02-17,6.0248,2006-02-28
2006-02-21,6.0425,2006-02-28
2006-02-22,6.085,2006-02-28
2006-02-23,6.088,2006-02-28
2006-02-24,6.115,2006-02-28
2006-02-27,6.176,2006-02-28
2006-02-28,6.1629,2006-02-28
2006-03-01,6.1785,2006-03-31
2006-03-02,6.136,2006-03-31
2006-03-03,6.2035,2006-03-31
2006-03-06,6.2323,2006-03-31
2006-03-07,6.2775,2006-03-31
2006-03-08,6.325,2006-03-31
2006-03-09,6.26,2006-03-31
2006-03-10,6.2455,2006-03-31
2006-03-13,6.258,2006-03-31
2006-03-14,6.2225,2006-03-31
2006-03-15,6.1875,2006-03-31
2006-03-16,6.181,2006-03-31
2006-03-17,6.2075,2006-03-31
2006-03-20,6.2711,2006-03-31
2006-03-21,6.335,2006-03-31
2006-03-22,6.3276,2006-03-31
2006-03-23,6.2975,2006-03-31
2006-03-24,6.27,2006-03-31
2006-03-27,6.2835,2006-03-31
2006-03-28,6.2615,2006-03-31
2006-03-29,6.31,2006-03-31
2006-03-30,6.1815,2006-03-31
2006-03-31,6.15,2006-03-31
2006-04-03,6.1095,2006-04-28
2006-04-04,6.025,2006-04-28
2006-04-05,6.028,2006-04-28
2006-04-06,6.061,2006-04-28
2006-04-07,6.142,2006-04-28
2006-04-10,6.15,2006-04-28
2006-04-11,6.118,2006-04-28
2006-04-12,6.1125,2006-04-28
2006-04-13,6.1475,2006-04-28
2006-04-14,6.1125,2006-04-28
2006-04-17,6.07,2006-04-28
2006-04-18,6.0215,2006-04-28
2006-04-19,6.0,2006-04-28
2006-04-20,6.0675,2006-04-28
2006-04-21,5.985,2006-04-28
2006-04-24,6.06,2006-04-28
2006-04-25,6.0775,2006-04-28
2006-04-26,6.166,2006-04-28
2006-04-27,6.15,2006-04-28
2006-04-28,6.0185,2006-04-28
2006-05-01,5.9985,2006-05-31
2006-05-02,6.0375,2006-05-31
2006-05-03,6.047,2006-05-31
2006-05-04,6.041,2006-05-31
2006-05-05,6.0457,2006-05-31
2006-05-08,6.0575,2006-05-31
2006-05-09,6.042,2006-05-31
2006-05-10,6.044,2006-05-31
2006-05-11,6.0425,2006-05-31
2006-05-12,6.2375,2006-05-31
2006-05-15,6.4015,2006-05-31
2006-05-16,6.375,2006-05-31
2006-05-17,6.41,2006-05-31
2006-05-18,6.47,2006-05-31
2006-05-19,6.53,2006-05-31
2006-05-22,6.606,2006-05-31
2006-05-23,6.4935,2006-05-31
2006-05-24,6.637,2006-05-31
2006-05-25,6.5515,2006-05-31
2006-05-26,6.535,2006-05-31
2006-05-30,6.573,2006-05-31
2006-05-31,6.7058,2006-05-31
2006-06-01,6.6665,2006-06-30
2006-06-02,6.6735,2006-06-30
2006-06-05,6.634,2006-06-30
2006-06-06,6.795,2006-06-30
2006-06-07,6.71,2006-06-30
2006-06-08,6.7948,2006-06-30
2006-06-09,6.7235,2006-06-30
2006-06-12,6.7675,2006-06-30
2006-06-13,6.8425,2006-06-30
2006-06-14,6.83,2006-06-30
2006-06-15,6.9012,2006-06-30
2006-06-16,6.8862,2006-06-30
2006-06-19,6.9835,2006-06-30
2006-06-20,7.0785,2006-06-30
2006-06-21,7.1485,2006-06-30
2006-06-22,7.2955,2006-06-30
2006-06-23,7.43,2006-06-30
2006-06-26,7.338,2006-06-30
2006-06-27,7.285,2006-06-30
2006-06-28,7.21,2006-06-30
2006-06-29,7.265,2006-06-30
2006-06-30,7.165,2006-06-30
2006-07-03,7.03,2006-07-31
2006-07-05,7.2225,2006-07-31
2006-07-06,7.16,2006-07-31
2006-07-07,7.0926,2006-07-31
2006-07-10,7.1045,2006-07-31
2006-07-11,7.1205,2006-07-31
2006-07-12,7.1175,2006-07-31
2006-07-13,7.195,2006-07-31
2006-07-14,7.22,2006-07-31
2006-07-17,7.23,2006-07-31
2006-07-18,7.195,2006-07-31
2006-07-19,7.08,2006-07-31
2006-07-20,6.9645,2006-07-31
2006-07-21,7.006,2006-07-31
2006-07-24,7.02,2006-07-31
2006-07-25,7.0255,2006-07-31
2006-07-26,6.9725,2006-07-31
2006-07-27,6.83,2006-07-31
2006-07-28,6.87,2006-07-31
2006-07-31,6.92,2006-07-31
2006-08-01,6.97,2006-08-31
2006-08-02,6.885,2006-08-31
2006-08-03,6.848,2006-08-31
2006-08-04,6.81,2006-08-31
2006-08-07,6.784,2006-08-31
2006-08-08,6.8225,2006-08-31
2006-08-09,6.723,2006-08-31
2006-08-10,6.796,2006-08-31
2006-08-11,6.7705,2006-08-31
2006-08-14,6.8425,2006-08-31
2006-08-15,6.853,2006-08-31
2006-08-16,6.7455,2006-08-31
2006-08-17,6.7708,2006-08-31
2006-08-18,6.986,2006-08-31
2006-08-21,7.0375,2006-08-31
2006-08-22,7.12,2006-08-31
2006-08-23,7.123,2006-08-31
2006-08-24,7.1505,2006-08-31
2006-08-25,7.1915,2006-08-31
2006-08-28,7.1975,2006-08-31
2006-08-29,7.15,2006-08-31
2006-08-30,7.08,2006-08-31
2006-08-31,7.2,2006-08-31
2006-09-01,7.2155,2006-09-29
2006-09-05,7.163,2006-09-29
2006-09-06,7.302,2006-09-29
2006-09-07,7.355,2006-09-29
2006-09-08,7.385,2006-09-29
2006-09-11,7.4325,2006-09-29
2006-09-12,7.32,2006-09-29
2006-09-13,7.33,2006-09-29
2006-09-14,7.3925,2006-09-29
2006-09-15,7.3825,2006-09-29
2006-09-18,7.317,2006-09-29
2006-09-19,7.353,2006-09-29
2006-09-20,7.395,2006-09-29
2006-09-21,7.575,2006-09-29
2006-09-22,7.605,2006-09-29
2006-09-25,7.7,2006-09-29
2006-09-26,7.6485,2006-09-29
2006-09-27,7.6325,2006-09-29
2006-09-28,7.6675,2006-09-29
2006-09-29,7.7585,2006-09-29
2006-10-02,7.7201,2006-10-31
2006-10-03,7.8725,2006-10-31
2006-10-04,7.935,2006-10-31
2006-10-05,7.82,2006-10-31
2006-10-06,7.805,2006-10-31
2006-10-10,7.7525,2006-10-31
2006-10-11,7.691,2006-10-31
2006-10-12,7.5685,2006-10-31
2006-10-13,7.4935,2006-10-31
2006-10-16,7.5225,2006-10-31
2006-10-17,7.615,2006-10-31
2006-10-18,7.5925,2006-10-31
2006-10-19,7.4975,2006-10-31
2006-10-20,7.532,2006-10-31
2006-10-23,7.6775,2006-10-31
2006-10-24,7.7225,2006-10-31
2006-10-25,7.588,2006-10-31
2006-10-26,7.51,2006-10-31
2006-10-27,7.4269,2006-10-31
2006-10-30,7.5015,2006-10-31
2006-10-31,7.385,2006-10-31
2006-11-01,7.363,2006-11-30
2006-11-02,7.4135,2006-11-30
2006-11-03,7.39,2006-11-30
2006-11-06,7.3733,2006-11-30
2006-11-07,7.3,2006-11-30
2006-11-08,7.2925,2006-11-30
2006-11-09,7.21,2006-11-30
2006-11-10,7.2222,2006-11-30
2006-11-13,7.2565,2006-11-30
2006-11-14,7.245,2006-11-30
2006-11-15,7.26,2006-11-30
2006-11-16,7.205,2006-11-30
2006-11-17,7.285,2006-11-30
2006-11-20,7.23,2006-11-30
2006-11-21,7.2545,2006-11-30
2006-11-22,7.146,2006-11-30
2006-11-24,7.16,2006-11-30
2006-11-27,7.097,2006-11-30
2006-11-28,7.1625,2006-11-30
2006-11-29,7.14,2006-11-30
2006-11-30,7.15,2006-11-30
2006-12-01,7.145,2006-12-29
2006-12-04,7.155,2006-12-29
2006-12-05,7.118,2006-12-29
2006-12-06,7.0825,2006-12-29
2006-12-07,7.03,2006-12-29
2006-12-08,7.05,2006-12-29
2006-12-11,7.051,2006-12-29
2006-12-12,6.991,2006-12-29
2006-12-13,6.98,2006-12-29
2006-12-14,6.975,2006-12-29
2006-12-15,6.995,2006-12-29
2006-12-18,7.024,2006-12-29
2006-12-19,7.0175,2006-12-29
2006-12-20,6.942,2006-12-29
2006-12-21,7.01,2006-12-29
2006-12-22,7.0,2006-12-29
2006-12-26,7.043,2006-12-29
2006-12-27,7.043,2006-12-29
2006-12-28,7.0,2006-12-29
2006-12-29,7.0375,2006-12-29
2007-01-02,6.882,2007-01-31
2007-01-03,6.93,2007-01-31
2007-01-04,7.073,2007-01-31
2007-01-05,7.233,2007-01-31
2007-01-08,7.251,2007-01-31
2007-01-09,7.3235,2007-01-31
2007-01-10,7.32,2007-01-31
2007-01-11,7.26,2007-01-31
2007-01-12,7.2275,2007-01-31
2007-01-16,7.25,2007-01-31
2007-01-17,7.167,2007-01-31
2007-01-18,7.145,2007-01-31
2007-01-19,7.1355,2007-01-31
2007-01-22,7.12,2007-01-31
2007-01-23,7.12,2007-01-31
2007-01-24,7.134,2007-01-31
2007-01-25,7.2375,2007-01-31
2007-01-26,7.28,2007-01-31
2007-01-29,7.331,2007-01-31
2007-01-30,7.3145,2007-01-31
2007-01-31,7.2515,2007-01-31
2007-02-01,7.193,2007-02-28
2007-02-02,7.2225,2007-02-28
2007-02-05,7.21,2007-02-28
2007-02-06,7.196,2007-02-28
2007-02-07,7.1675,2007-02-28
2007-02-08,7.1706,2007-02-28
2007-02-09,7.1575,2007-02-28
2007-02-12,7.28,2007-02-28
2007-02-13,7.271,2007-02-28
2007-02-14,7.196,2007-02-28
2007-02-15,7.195,2007-02-28
2007-02-16,7.1735,2007-02-28
2007-02-20,7.109,2007-02-28
2007-02-21,7.119,2007-02-28
2007-02-22,7.074,2007-02-28
2007-02-23,7.07,2007-02-28
2007-02-26,7.0701,2007-02-28
2007-02-27,7.212,2007-02-28
2007-02-28,7.248,2007-02-28
2007-03-01,7.2875,2007-03-30
2007-03-02,7.368,2007-03-30
2007-03-05,7.4625,2007-03-30
2007-03-06,7.41,2007-03-30
2007-03-07,7.4247,2007-03-30
2007-03-08,7.3675,2007-03-30
2007-03-09,7.3202,2007-03-30
2007-03-12,7.352,2007-03-30
2007-03-13,7.42,2007-03-30
2007-03-14,7.4805,2007-03-30
2007-03-15,7.411,2007-03-30
2007-03-16,7.475,2007-03-30
2007-03-19,7.4265,2007-03-30
2007-03-20,7.3965,2007-03-30
2007-03-21,7.347,2007-03-30
2007-03-22,7.186,2007-03-30
2007-03-23,7.2205,2007-03-30
2007-03-26,7.228,2007-03-30
2007-03-27,7.2415,2007-03-30
2007-03-28,7.35,2007-03-30
2007-03-29,7.2907,2007-03-30
2007-03-30,7.29,2007-03-30
2007-04-02,7.28,2007-04-30
2007-04-03,7.175,2007-04-30
2007-04-04,7.171,2007-04-30
2007-04-05,7.131,2007-04-30
2007-04-06,7.125,2007-04-30
2007-04-09,7.1125,2007-04-30
2007-04-10,7.1525,2007-04-30
2007-04-11,7.133,2007-04-30
2007-04-12,7.186,2007-04-30
2007-04-13,7.195,2007-04-30
2007-04-16,7.097,2007-04-30
2007-04-17,7.0595,2007-04-30
2007-04-18,7.068,2007-04-30
2007-04-19,7.06,2007-04-30
2007-04-20,7.023,2007-04-30
2007-04-23,7.0725,2007-04-30
2007-04-24,7.0355,2007-04-30
2007-04-25,6.982,2007-04-30
2007-04-26,7.0125,2007-04-30
2007-04-27,7.053,2007-04-30
2007-04-30,7.031,2007-04-30
2007-05-01,7.039,2007-05-31
2007-05-02,7.041,2007-05-31
2007-05-03,6.97,2007-05-31
2007-05-04,6.928,2007-05-31
2007-05-07,6.878,2007-05-31
2007-05-08,6.9265,2007-05-31
2007-05-09,6.8976,2007-05-31
2007-05-10,6.985,2007-05-31
2007-05-11,6.9715,2007-05-31
2007-05-14,6.94,2007-05-31
2007-05-15,6.91,2007-05-31
2007-05-16,6.9725,2007-05-31
2007-05-17,7.0315,2007-05-31
2007-05-18,7.0305,2007-05-31
2007-05-21,7.032,2007-05-31
2007-05-22,7.0445,2007-05-31
2007-05-23,7.0431,2007-05-31
2007-05-24,7.1481,2007-05-31
2007-05-25,7.101,2007-05-31
2007-05-29,7.133,2007-05-31
2007-05-30,7.18,2007-05-31
2007-05-31,7.122,2007-05-31
2007-06-01,7.081,2007-06-29
2007-06-04,7.1215,2007-06-29
2007-06-05,7.1255,2007-06-29
2007-06-06,7.2085,2007-06-29
2007-06-07,7.2005,2007-06-29
2007-06-08,7.2685,2007-06-29
2007-06-11,7.223,2007-06-29
2007-06-12,7.2225,2007-06-29
2007-06-13,7.2503,2007-06-29
2007-06-14,7.197,2007-06-29
2007-06-15,7.1175,2007-06-29
2007-06-18,7.086,2007-06-29
2007-06-19,7.079,2007-06-29
2007-06-20,7.101,2007-06-29
2007-06-21,7.155,2007-06-29
2007-06-22,7.125,2007-06-29
2007-06-25,7.1455,2007-06-29
2007-06-26,7.1708,2007-06-29
2007-06-27,7.18,2007-06-29
2007-06-28,7.079,2007-06-29
2007-06-29,7.044,2007-06-29
2007-07-02,6.9661,2007-07-31
2007-07-03,6.968,2007-07-31
2007-07-05,7.02,2007-07-31
2007-07-06,6.9925,2007-07-31
2007-07-09,6.963,2007-07-31
2007-07-10,6.9865,2007-07-31
2007-07-11,7.03,2007-07-31
2007-07-12,6.9705,2007-07-31
2007-07-13,6.979,2007-07-31
2007-07-16,6.96,2007-07-31
2007-07-17,6.9664,2007-07-31
2007-07-18,6.968,2007-07-31
2007-07-19,6.8693,2007-07-31
2007-07-20,6.883,2007-07-31
2007-07-23,6.8075,2007-07-31
2007-07-24,6.833,2007-07-31
2007-07-25,6.898,2007-07-31
2007-07-26,7.025,2007-07-31
2007-07-27,7.112,2007-07-31
2007-07-30,7.1475,2007-07-31
2007-07-31,7.088,2007-07-31
2007-08-01,7.1225,2007-08-31
2007-08-02,7.095,2007-08-31
2007-08-03,7.0805,2007-08-31
2007-08-06,7.072,2007-08-31
2007-08-07,7.07,2007-08-31
2007-08-08,7.0225,2007-08-31
2007-08-09,7.137,2007-08-31
2007-08-10,7.1725,2007-08-31
2007-08-13,7.155,2007-08-31
2007-08-14,7.267,2007-08-31
2007-08-15,7.3725,2007-08-31
2007-08-16,7.4985,2007-08-31
2007-08-17,7.385,2007-08-31
2007-08-20,7.395,2007-08-31
2007-08-21,7.37,2007-08-31
2007-08-22,7.2425,2007-08-31
2007-08-23,7.2775,2007-08-31
2007-08-24,7.23,2007-08-31
2007-08-27,7.22,2007-08-31
2007-08-28,7.27,2007-08-31
2007-08-29,7.207,2007-08-31
2007-08-30,7.129,2007-08-31
2007-08-31,7.162,2007-08-31
2007-09-03,7.162,2007-09-28
2007-09-04,7.206,2007-09-28
2007-09-05,7.25,2007-09-28
2007-09-06,7.1876,2007-09-28
2007-09-07,7.2385,2007-09-28
2007-09-10,7.2375,2007-09-28
2007-09-11,7.1825,2007-09-28
2007-09-12,7.1405,2007-09-28
2007-09-13,7.128,2007-09-28
2007-09-14,7.16,2007-09-28
2007-09-17,7.1975,2007-09-28
2007-09-18,7.1825,2007-09-28
2007-09-19,7.075,2007-09-28
2007-09-20,7.03,2007-09-28
2007-09-21,6.981,2007-09-28
2007-09-24,6.965,2007-09-28
2007-09-25,6.9875,2007-09-28
2007-09-26,6.933,2007-09-28
2007-09-27,6.89,2007-09-28
2007-09-28,6.8808,2007-09-28
2007-10-01,6.865,2007-10-31
2007-10-02,6.9091,2007-10-31
2007-10-03,6.8906,2007-10-31
2007-10-04,6.912,2007-10-31
2007-10-05,6.8226,2007-10-31
2007-10-08,6.8226,2007-10-31
2007-10-09,6.86,2007-10-31
2007-10-10,6.854,2007-10-31
2007-10-11,6.725,2007-10-31
2007-10-12,6.7551,2007-10-31
2007-10-15,6.7855,2007-10-31
2007-10-16,6.88,2007-10-31
2007-10-17,6.805,2007-10-31
2007-10-18,6.7955,2007-10-31
2007-10-19,6.7975,2007-10-31
2007-10-22,6.84,2007-10-31
2007-10-23,6.7185,2007-10-31
2007-10-24,6.661,2007-10-31
2007-10-25,6.5811,2007-10-31
2007-10-26,6.488,2007-10-31
2007-10-29,6.5529,2007-10-31
2007-10-30,6.565,2007-10-31
2007-10-31,6.535,2007-10-31
2007-11-01,6.568,2007-11-30
2007-11-02,6.5725,2007-11-30
2007-11-05,6.5805,2007-11-30
2007-11-06,6.5115,2007-11-30
2007-11-07,6.4451,2007-11-30
2007-11-08,6.485,2007-11-30
2007-11-09,6.635,2007-11-30
2007-11-13,6.7225,2007-11-30
2007-11-14,6.61,2007-11-30
2007-11-15,6.69,2007-11-30
2007-11-16,6.6605,2007-11-30
2007-11-19,6.7533,2007-11-30
2007-11-20,6.7055,2007-11-30
2007-11-21,6.815,2007-11-30
2007-11-22,6.815,2007-11-30
2007-11-23,6.815,2007-11-30
2007-11-26,6.93,2007-11-30
2007-11-27,7.0,2007-11-30
2007-11-28,6.8825,2007-11-30
2007-11-29,6.805,2007-11-30
2007-11-30,6.8,2007-11-30
2007-12-03,6.8165,2007-12-31
2007-12-04,6.8,2007-12-31
2007-12-05,6.7435,2007-12-31
2007-12-06,6.746,2007-12-31
2007-12-07,6.7025,2007-12-31
2007-12-10,6.668,2007-12-31
2007-12-11,6.7005,2007-12-31
2007-12-12,6.695,2007-12-31
2007-12-13,6.77,2007-12-31
2007-12-14,6.87,2007-12-31
2007-12-17,6.9265,2007-12-31
2007-12-18,6.925,2007-12-31
2007-12-19,6.92,2007-12-31
2007-12-20,7.047,2007-12-31
2007-12-21,7.02,2007-12-31
2007-12-24,6.94,2007-12-31
2007-12-26,6.97,2007-12-31
2007-12-27,6.82,2007-12-31
2007-12-28,6.8125,2007-12-31
2007-12-31,6.8595,2007-12-31
2008-01-02,6.8125,2008-01-31
2008-01-03,6.86,2008-01-31
2008-01-04,6.867,2008-01-31
2008-01-07,6.9255,2008-01-31
2008-01-08,6.873,2008-01-31
2008-01-09,6.8635,2008-01-31
2008-01-10,6.861,2008-01-31
2008-01-11,6.753,2008-01-31
2008-01-14,6.74,2008-01-31
2008-01-15,6.8125,2008-01-31
2008-01-16,6.915,2008-01-31
2008-01-17,7.0385,2008-01-31
2008-01-18,7.0752,2008-01-31
2008-01-22,7.115,2008-01-31
2008-01-23,7.111,2008-01-31
2008-01-24,7.0,2008-01-31
2008-01-25,7.155,2008-01-31
2008-01-28,7.195,2008-01-31
2008-01-29,7.185,2008-01-31
2008-01-30,7.31,2008-01-31
2008-01-31,7.4525,2008-01-31
2008-02-01,7.41,2008-02-29
2008-02-04,7.444,2008-02-29
2008-02-05,7.591,2008-02-29
2008-02-06,7.625,2008-02-29
2008-02-07,7.715,2008-02-29
2008-02-08,7.795,2008-02-29
2008-02-11,7.791,2008-02-29
2008-02-12,7.695,2008-02-29
2008-02-13,7.7185,2008-02-29
2008-02-14,7.6725,2008-02-29
2008-02-15,7.66,2008-02-29
2008-02-19,7.665,2008-02-29
2008-02-20,7.895,2008-02-29
2008-02-21,7.751,2008-02-29
2008-02-22,7.74,2008-02-29
2008-02-25,7.707,2008-02-29
2008-02-26,7.5585,2008-02-29
2008-02-27,7.425,2008-02-29
2008-02-28,7.5575,2008-02-29
2008-02-29,7.74,2008-02-29
2008-03-03,7.7755,2008-03-31
2008-03-04,7.9145,2008-03-31
2008-03-05,7.76,2008-03-31
2008-03-06,7.92,2008-03-31
2008-03-07,7.9855,2008-03-31
2008-03-10,8.0225,2008-03-31
2008-03-11,7.8825,2008-03-31
2008-03-12,7.83,2008-03-31
2008-03-13,7.935,2008-03-31
2008-03-14,7.9037,2008-03-31
2008-03-17,8.1575,2008-03-31
2008-03-18,8.035,2008-03-31
2008-03-19,7.999,2008-03-31
2008-03-20,8.2125,2008-03-31
2008-03-21,8.155,2008-03-31
2008-03-24,8.1,2008-03-31
2008-03-25,8.035,2008-03-31
2008-03-26,8.0271,2008-03-31
2008-03-27,7.9639,2008-03-31
2008-03-28,8.075,2008-03-31
2008-03-31,8.144,2008-03-31
2008-04-01,8.0251,2008-04-30
2008-04-02,7.8011,2008-04-30
2008-04-03,7.74,2008-04-30
2008-04-04,7.8,2008-04-30
2008-04-07,7.7675,2008-04-30
2008-04-08,7.7805,2008-04-30
2008-04-09,7.84,2008-04-30
2008-04-10,7.785,2008-04-30
2008-04-11,7.805,2008-04-30
2008-04-14,7.8735,2008-04-30
2008-04-15,7.9525,2008-04-30
2008-04-16,7.9005,2008-04-30
2008-04-17,7.8375,2008-04-30
2008-04-18,7.7565,2008-04-30
2008-04-21,7.7525,2008-04-30
2008-04-22,7.63,2008-04-30
2008-04-23,7.6733,2008-04-30
2008-04-24,7.68,2008-04-30
2008-04-25,7.595,2008-04-30
2008-04-28,7.535,2008-04-30
2008-04-29,7.5876,2008-04-30
2008-04-30,7.5685,2008-04-30
2008-05-01,7.635,2008-05-30
2008-05-02,7.55,2008-05-30
2008-05-05,7.5725,2008-05-30
2008-05-06,7.56,2008-05-30
2008-05-07,7.51,2008-05-30
2008-05-08,7.575,2008-05-30
2008-05-09,7.726,2008-05-30
2008-05-12,7.611,2008-05-30
2008-05-13,7.583,2008-05-30
2008-05-14,7.6,2008-05-30
2008-05-15,7.5975,2008-05-30
2008-05-16,7.47,2008-05-30
2008-05-19,7.492,2008-05-30
2008-05-20,7.6433,2008-05-30
2008-05-21,7.6435,2008-05-30
2008-05-22,7.6735,2008-05-30
2008-05-23,7.661,2008-05-30
2008-05-27,7.7601,2008-05-30
2008-05-28,7.6985,2008-05-30
2008-05-29,7.582,2008-05-30
2008-05-30,7.615,2008-05-30
2008-06-02,7.7126,2008-06-30
2008-06-03,7.7005,2008-06-30
2008-06-04,7.763,2008-06-30
2008-06-05,7.883,2008-06-30
2008-06-06,7.845,2008-06-30
2008-06-09,7.9231,2008-06-30
2008-06-10,7.96,2008-06-30
2008-06-11,8.0175,2008-06-30
2008-06-12,8.12,2008-06-30
2008-06-13,8.12,2008-06-30
2008-06-16,8.098,2008-06-30
2008-06-17,8.0125,2008-06-30
2008-06-18,8.0181,2008-06-30
2008-06-19,7.963,2008-06-30
2008-06-20,7.9905,2008-06-30
2008-06-23,8.06,2008-06-30
2008-06-24,7.9925,2008-06-30
2008-06-25,7.895,2008-06-30
2008-06-26,7.886,2008-06-30
2008-06-27,7.9075,2008-06-30
2008-06-30,7.8035,2008-06-30
2008-07-01,7.9151,2008-07-31
2008-07-02,7.841,2008-07-31
2008-07-03,7.71,2008-07-31
2008-07-07,7.72,2008-07-31
2008-07-08,7.752,2008-07-31
2008-07-09,7.68,2008-07-31
2008-07-10,7.7227,2008-07-31
2008-07-11,7.6925,2008-07-31
2008-07-14,7.6465,2008-07-31
2008-07-15,7.6401,2008-07-31
2008-07-16,7.608,2008-07-31
2008-07-17,7.535,2008-07-31
2008-07-18,7.603,2008-07-31
2008-07-21,7.557,2008-07-31
2008-07-22,7.492,2008-07-31
2008-07-23,7.5325,2008-07-31
2008-07-24,7.642,2008-07-31
2008-07-25,7.5725,2008-07-31
2008-07-28,7.5,2008-07-31
2008-07-29,7.396,2008-07-31
2008-07-30,7.383,2008-07-31
2008-07-31,7.3105,2008-07-31
2008-08-01,7.2615,2008-08-29
2008-08-04,7.235,2008-08-29
2008-08-05,7.38,2008-08-29
2008-08-06,7.4325,2008-08-29
2008-08-07,7.487,2008-08-29
2008-08-08,7.6945,2008-08-29
2008-08-11,7.745,2008-08-29
2008-08-12,7.82,2008-08-29
2008-08-13,7.8975,2008-08-29
2008-08-14,7.8405,2008-08-29
2008-08-15,7.8801,2008-08-29
2008-08-18,7.7181,2008-08-29
2008-08-19,7.795,2008-08-29
2008-08-20,7.755,2008-08-29
2008-08-21,7.66,2008-08-29
2008-08-22,7.6575,2008-08-29
2008-08-25,7.725,2008-08-29
2008-08-26,7.7995,2008-08-29
2008-08-27,7.773,2008-08-29
2008-08-28,7.71,2008-08-29
2008-08-29,7.7004,2008-08-29
2008-09-02,7.7725,2008-09-30
2008-09-03,7.883,2008-09-30
2008-09-04,7.9425,2008-09-30
2008-09-05,7.99,2008-09-30
2008-09-08,7.9215,2008-09-30
2008-09-09,7.935,2008-09-30
2008-09-10,8.16,2008-09-30
2008-09-11,8.28,2008-09-30
2008-09-12,8.03,2008-09-30
2008-09-15,8.075,2008-09-30
2008-09-16,8.145,2008-09-30
2008-09-17,8.219,2008-09-30
2008-09-18,8.2325,2008-09-30
2008-09-19,7.925,2008-09-30
2008-09-22,7.975,2008-09-30
2008-09-23,8.135,2008-09-30
2008-09-24,8.143,2008-09-30
2008-09-25,8.1588,2008-09-30
2008-09-26,8.1322,2008-09-30
2008-09-29,8.212,2008-09-30
2008-09-30,8.3152,2008-09-30
2008-10-01,8.269,2008-10-31
2008-10-02,8.4797,2008-10-31
2008-10-03,8.415,2008-10-31
2008-10-06,8.8405,2008-10-31
2008-10-07,8.86,2008-10-31
2008-10-08,9.2275,2008-10-31
2008-10-09,9.0025,2008-10-31
2008-10-10,9.43,2008-10-31
2008-10-14,8.985,2008-10-31
2008-10-15,9.495,2008-10-31
2008-10-16,10.278,2008-10-31
2008-10-17,10.0775,2008-10-31
2008-10-20,10.165,2008-10-31
2008-10-21,10.6675,2008-10-31
2008-10-22,11.27,2008-10-31
2008-10-23,11.02,2008-10-31
2008-10-24,11.1075,2008-10-31
2008-10-27,10.9625,2008-10-31
2008-10-28,10.65,2008-10-31
2008-10-29,10.0,2008-10-31
2008-10-30,10.088,2008-10-31
2008-10-31,9.87,2008-10-31
2008-11-03,9.925,2008-11-28
2008-11-04,9.6305,2008-11-28
2008-11-05,9.6784,2008-11-28
2008-11-06,9.955,2008-11-28
2008-11-07,10.15,2008-11-28
2008-11-10,10.068,2008-11-28
2008-11-12,10.3802,2008-11-28
2008-11-13,10.48,2008-11-28
2008-11-14,10.0,2008-11-28
2008-11-17,10.125,2008-11-28
2008-11-18,10.17,2008-11-28
2008-11-19,10.36,2008-11-28
2008-11-20,10.64,2008-11-28
2008-11-21,10.6225,2008-11-28
2008-11-24,10.0675,2008-11-28
2008-11-25,9.75,2008-11-28
2008-11-26,9.9,2008-11-28
2008-11-28,10.1,2008-11-28
2008-12-01,10.275,2008-12-31
2008-12-02,10.378,2008-12-31
2008-12-03,10.15,2008-12-31
2008-12-04,10.193,2008-12-31
2008-12-05,10.4745,2008-12-31
2008-12-08,10.03,2008-12-31
2008-12-09,10.12,2008-12-31
2008-12-10,10.14,2008-12-31
2008-12-11,9.9225,2008-12-31
2008-12-12,10.215,2008-12-31
2008-12-15,10.1105,2008-12-31
2008-12-16,10.253,2008-12-31
2008-12-17,9.84,2008-12-31
2008-12-18,9.5205,2008-12-31
2008-12-19,9.7335,2008-12-31
2008-12-22,9.75,2008-12-31
2008-12-23,9.6384,2008-12-31
2008-12-24,9.735,2008-12-31
2008-12-26,9.71,2008-12-31
2008-12-29,9.46,2008-12-31
2008-12-30,9.35,2008-12-31
2008-12-31,9.3,2008-12-31
2009-01-02,9.31,2009-01-30
2009-01-05,9.29,2009-01-30
2009-01-06,9.3425,2009-01-30
2009-01-07,9.4575,2009-01-30
2009-01-08,9.647,2009-01-30
2009-01-09,9.785,2009-01-30
2009-01-12,10.1,2009-01-30
2009-01-13,10.005,2009-01-30
2009-01-14,10.15,2009-01-30
2009-01-15,10.126,2009-01-30
2009-01-16,10.045,2009-01-30
2009-01-20,10.169,2009-01-30
2009-01-21,10.168,2009-01-30
2009-01-22,10.1155,2009-01-30
2009-01-23,10.27,2009-01-30
2009-01-26,10.121,2009-01-30
2009-01-27,9.975,2009-01-30
2009-01-28,9.9025,2009-01-30
2009-01-29,9.972,2009-01-30
2009-01-30,10.2,2009-01-30
2009-02-02,10.175,2009-02-27
2009-02-03,10.0956,2009-02-27
2009-02-04,9.98,2009-02-27
2009-02-05,9.8605,2009-02-27
2009-02-06,9.6526,2009-02-27
2009-02-09,9.61,2009-02-27
2009-02-10,9.75,2009-02-27
2009-02-11,9.8775,2009-02-27
2009-02-12,10.0751,2009-02-27
2009-02-13,9.9345,2009-02-27
2009-02-17,10.25,2009-02-27
2009-02-18,10.185,2009-02-27
2009-02-19,10.0675,2009-02-27
2009-02-20,10.17,2009-02-27
2009-02-23,10.04,2009-02-27
2009-02-24,9.99,2009-02-27
2009-02-25,9.941,2009-02-27
2009-02-26,9.88,2009-02-27
2009-02-27,10.035,2009-02-27
2009-03-02,10.5,2009-03-31
2009-03-03,10.525,2009-03-31
2009-03-04,10.36,2009-03-31
2009-03-05,10.6425,2009-03-31
2009-03-06,10.41,2009-03-31
2009-03-09,10.59,2009-03-31
2009-03-10,10.288,2009-03-31
2009-03-11,10.145,2009-03-31
2009-03-12,9.96,2009-03-31
2009-03-13,9.9975,2009-03-31
2009-03-16,9.86,2009-03-31
2009-03-17,9.9825,2009-03-31
2009-03-18,9.93,2009-03-31
2009-03-19,9.6475,2009-03-31
2009-03-20,9.6,2009-03-31
2009-03-23,9.462,2009-03-31
2009-03-24,9.4501,2009-03-31
2009-03-25,9.4325,2009-03-31
2009-03-26,9.3701,2009-03-31
2009-03-27,9.56,2009-03-31
2009-03-30,9.7485,2009-03-31
2009-03-31,9.517,2009-03-31
2009-04-01,9.3705,2009-04-30
2009-04-02,9.1,2009-04-30
2009-04-03,9.041,2009-04-30
2009-04-06,9.11,2009-04-30
2009-04-07,9.1621,2009-04-30
2009-04-08,9.1015,2009-04-30
2009-04-09,9.075,2009-04-30
2009-04-10,9.034,2009-04-30
2009-04-13,9.02,2009-04-30
2009-04-14,9.0475,2009-04-30
2009-04-15,9.1522,2009-04-30
2009-04-16,8.935,2009-04-30
2009-04-17,8.9615,2009-04-30
2009-04-20,9.082,2009-04-30
2009-04-21,8.958,2009-04-30
2009-04-22,8.8706,2009-04-30
2009-04-23,8.993,2009-04-30
2009-04-24,8.815,2009-04-30
2009-04-27,8.745,2009-04-30
2009-04-28,8.718,2009-04-30
2009-04-29,8.485,2009-04-30
2009-04-30,8.44,2009-04-30
2009-05-01,8.435,2009-05-29
2009-05-04,8.34,2009-05-29
2009-05-05,8.4045,2009-05-29
2009-05-06,8.397,2009-05-29
2009-05-07,8.3725,2009-05-29
2009-05-08,8.36,2009-05-29
2009-05-11,8.39,2009-05-29
2009-05-12,8.467,2009-05-29
2009-05-13,8.505,2009-05-29
2009-05-14,8.565,2009-05-29
2009-05-15,8.7331,2009-05-29
2009-05-18,8.613,2009-05-29
2009-05-19,8.4375,2009-05-29
2009-05-20,8.335,2009-05-29
2009-05-21,8.36,2009-05-29
2009-05-22,8.305,2009-05-29
2009-05-26,8.2775,2009-05-29
2009-05-27,8.1175,2009-05-29
2009-05-28,8.04,2009-05-29
2009-05-29,8.0275,2009-05-29
2009-06-01,7.9425,2009-06-30
2009-06-02,8.0285,2009-06-30
2009-06-03,8.08,2009-06-30
2009-06-04,8.016,2009-06-30
2009-06-05,8.03,2009-06-30
2009-06-08,8.1855,2009-06-30
2009-06-09,8.095,2009-06-30
2009-06-10,8.0651,2009-06-30
2009-06-11,7.975,2009-06-30
2009-06-12,8.0225,2009-06-30
2009-06-15,8.105,2009-06-30
2009-06-16,8.0125,2009-06-30
2009-06-17,8.135,2009-06-30
2009-06-18,8.1145,2009-06-30
2009-06-19,8.07,2009-06-30
2009-06-22,8.1975,2009-06-30
2009-06-23,8.1725,2009-06-30
2009-06-24,8.025,2009-06-30
2009-06-25,8.002,2009-06-30
2009-06-26,7.904,2009-06-30
2009-06-29,7.823,2009-06-30
2009-06-30,7.73,2009-06-30
2009-07-01,7.7356,2009-07-31
2009-07-02,7.8275,2009-07-31
2009-07-03,7.9,2009-07-31
2009-07-06,7.9975,2009-07-31
2009-07-07,8.02,2009-07-31
2009-07-08,8.2056,2009-07-31
2009-07-09,8.115,2009-07-31
2009-07-10,8.23,2009-07-31
2009-07-13,8.2575,2009-07-31
2009-07-14,8.2444,2009-07-31
2009-07-15,8.1267,2009-07-31
2009-07-16,8.1125,2009-07-31
2009-07-17,8.0675,2009-07-31
2009-07-20,7.9005,2009-07-31
2009-07-21,7.8205,2009-07-31
2009-07-22,7.7035,2009-07-31
2009-07-23,7.6505,2009-07-31
2009-07-24,7.7501,2009-07-31
2009-07-27,7.7405,2009-07-31
2009-07-28,7.8195,2009-07-31
2009-07-29,7.895,2009-07-31
2009-07-30,7.793,2009-07-31
2009-07-31,7.8125,2009-07-31
2009-08-03,7.721,2009-08-31
2009-08-04,7.85,2009-08-31
2009-08-05,7.9488,2009-08-31
2009-08-06,8.07,2009-08-31
2009-08-07,8.0095,2009-08-31
2009-08-10,8.0725,2009-08-31
2009-08-11,8.1525,2009-08-31
2009-08-12,8.07,2009-08-31
2009-08-13,8.0567,2009-08-31
2009-08-14,8.0621,2009-08-31
2009-08-17,8.1456,2009-08-31
2009-08-18,8.0723,2009-08-31
2009-08-19,7.9875,2009-08-31
2009-08-20,7.905,2009-08-31
2009-08-21,7.7872,2009-08-31
2009-08-24,7.7805,2009-08-31
2009-08-25,7.7696,2009-08-31
2009-08-26,7.8795,2009-08-31
2009-08-27,7.8685,2009-08-31
2009-08-28,7.7665,2009-08-31
2009-08-31,7.778,2009-08-31
2009-09-01,7.87,2009-09-30
2009-09-02,7.844,2009-09-30
2009-09-03,7.6815,2009-09-30
2009-09-04,7.6152,2009-09-30
2009-09-08,7.5425,2009-09-30
2009-09-09,7.49,2009-09-30
2009-09-10,7.5725,2009-09-30
2009-09-11,7.4475,2009-09-30
2009-09-14,7.4599,2009-09-30
2009-09-15,7.39,2009-09-30
2009-09-16,7.3165,2009-09-30
2009-09-17,7.38,2009-09-30
2009-09-18,7.4315,2009-09-30
2009-09-21,7.475,2009-09-30
2009-09-22,7.383,2009-09-30
2009-09-23,7.45,2009-09-30
2009-09-24,7.4709,2009-09-30
2009-09-25,7.4011,2009-09-30
2009-09-28,7.3855,2009-09-30
2009-09-29,7.4075,2009-09-30
2009-09-30,7.539,2009-09-30
2009-10-01,7.704,2009-10-30
2009-10-02,7.65,2009-10-30
2009-10-05,7.5686,2009-10-30
2009-10-06,7.409,2009-10-30
2009-10-07,7.454,2009-10-30
2009-10-08,7.34,2009-10-30
2009-10-09,7.3867,2009-10-30
2009-10-13,7.3375,2009-10-30
2009-10-14,7.2575,2009-10-30
2009-10-15,7.2725,2009-10-30
2009-10-16,7.35,2009-10-30
2009-10-19,7.325,2009-10-30
2009-10-20,7.39,2009-10-30
2009-10-21,7.35,2009-10-30
2009-10-22,7.4235,2009-10-30
2009-10-23,7.455,2009-10-30
2009-10-26,7.556,2009-10-30
2009-10-27,7.65,2009-10-30
2009-10-28,7.785,2009-10-30
2009-10-29,7.744,2009-10-30
2009-10-30,7.821,2009-10-30
2009-11-02,7.8512,2009-11-30
2009-11-03,7.916,2009-11-30
2009-11-04,7.646,2009-11-30
2009-11-05,7.6,2009-11-30
2009-11-06,7.536,2009-11-30
2009-11-09,7.402,2009-11-30
2009-11-10,7.399,2009-11-30
2009-11-12,7.433,2009-11-30
2009-11-13,7.4401,2009-11-30
2009-11-16,7.358,2009-11-30
2009-11-17,7.5155,2009-11-30
2009-11-18,7.4226,2009-11-30
2009-11-19,7.521,2009-11-30
2009-11-20,7.578,2009-11-30
2009-11-23,7.475,2009-11-30
2009-11-24,7.465,2009-11-30
2009-11-25,7.337,2009-11-30
2009-11-27,7.41,2009-11-30
2009-11-30,7.377,2009-11-30
2009-12-01,7.3055,2009-12-31
2009-12-02,7.305,2009-12-31
2009-12-03,7.333,2009-12-31
2009-12-04,7.4325,2009-12-31
2009-12-07,7.45,2009-12-31
2009-12-08,7.528,2009-12-31
2009-12-09,7.5725,2009-12-31
2009-12-10,7.4979,2009-12-31
2009-12-11,7.561,2009-12-31
2009-12-14,7.4235,2009-12-31
2009-12-15,7.468,2009-12-31
2009-12-16,7.395,2009-12-31
2009-12-17,7.5745,2009-12-31
2009-12-18,7.6,2009-12-31
2009-12-21,7.735,2009-12-31
2009-12-22,7.73,2009-12-31
2009-12-23,7.605,2009-12-31
2009-12-24,7.5055,2009-12-31
2009-12-28,7.4835,2009-12-31
2009-12-29,7.413,2009-12-31
2009-12-30,7.385,2009-12-31
2009-12-31,7.3613,2009-12-31
2010-01-04,7.2955,2010-01-29
2010-01-05,7.306,2010-01-29
2010-01-06,7.306,2010-01-29
2010-01-07,7.44,2010-01-29
2010-01-08,7.3565,2010-01-29
2010-01-11,7.3425,2010-01-29
2010-01-12,7.425,2010-01-29
2010-01-13,7.4222,2010-01-29
2010-01-14,7.406,2010-01-29
2010-01-15,7.388,2010-01-29
2010-01-19,7.4,2010-01-29
2010-01-20,7.5551,2010-01-29
2010-01-21,7.57,2010-01-29
2010-01-22,7.61,2010-01-29
2010-01-25,7.61,2010-01-29
2010-01-26,7.6265,2010-01-29
2010-01-27,7.6005,2010-01-29
2010-01-28,7.5594,2010-01-29
2010-01-29,7.58,2010-01-29
2010-02-01,7.525,2010-02-26
2010-02-02,7.4661,2010-02-26
2010-02-03,7.4963,2010-02-26
2010-02-04,7.6835,2010-02-26
2010-02-05,7.7701,2010-02-26
2010-02-08,7.7375,2010-02-26
2010-02-09,7.68,2010-02-26
2010-02-10,7.74,2010-02-26
2010-02-11,7.6425,2010-02-26
2010-02-12,7.7025,2010-02-26
2010-02-16,7.67,2010-02-26
2010-02-17,7.6,2010-02-26
2010-02-18,7.6225,2010-02-26
2010-02-19,7.6493,2010-02-26
2010-02-22,7.715,2010-02-26
2010-02-23,7.7461,2010-02-26
2010-02-24,7.755,2010-02-26
2010-02-25,7.85,2010-02-26
2010-02-26,7.64,2010-02-26
2010-03-01,7.621,2010-03-31
2010-03-02,7.598,2010-03-31
2010-03-03,7.505,2010-03-31
2010-03-04,7.48,2010-03-31
2010-03-05,7.4202,2010-03-31
2010-03-08,7.4031,2010-03-31
2010-03-09,7.385,2010-03-31
2010-03-10,7.409,2010-03-31
2010-03-11,7.4366,2010-03-31
2010-03-12,7.3848,2010-03-31
2010-03-15,7.42,2010-03-31
2010-03-16,7.3675,2010-03-31
2010-03-17,7.2378,2010-03-31
2010-03-18,7.305,2010-03-31
2010-03-19,7.3396,2010-03-31
2010-03-22,7.338,2010-03-31
2010-03-23,7.329,2010-03-31
2010-03-24,7.3455,2010-03-31
2010-03-25,7.4445,2010-03-31
2010-03-26,7.4445,2010-03-31
2010-03-29,7.398,2010-03-31
2010-03-30,7.39,2010-03-31
2010-03-31,7.33,2010-03-31
2010-04-01,7.26,2010-04-30
2010-04-02,7.24,2010-04-30
2010-04-05,7.2375,2010-04-30
2010-04-06,7.265,2010-04-30
2010-04-07,7.2705,2010-04-30
2010-04-08,7.2675,2010-04-30
2010-04-09,7.253,2010-04-30
2010-04-12,7.2623,2010-04-30
2010-04-13,7.2744,2010-04-30
2010-04-14,7.3001,2010-04-30
2010-04-15,7.3406,2010-04-30
2010-04-16,7.4043,2010-04-30
2010-04-19,7.4875,2010-04-30
2010-04-20,7.3925,2010-04-30
2010-04-21,7.3938,2010-04-30
2010-04-22,7.5073,2010-04-30
2010-04-23,7.446,2010-04-30
2010-04-26,7.339,2010-04-30
2010-04-27,7.44,2010-04-30
2010-04-28,7.485,2010-04-30
2010-04-29,7.36,2010-04-30
2010-04-30,7.3515,2010-04-30
2010-05-03,7.423,2010-05-31
2010-05-04,7.548,2010-05-31
2010-05-05,7.6265,2010-05-31
2010-05-06,7.768,2010-05-31
2010-05-07,7.6353,2010-05-31
2010-05-10,7.4777,2010-05-31
2010-05-11,7.535,2010-05-31
2010-05-12,7.4935,2010-05-31
2010-05-13,7.474,2010-05-31
2010-05-14,7.5524,2010-05-31
2010-05-17,7.5941,2010-05-31
2010-05-18,7.5901,2010-05-31
2010-05-19,7.857,2010-05-31
2010-05-20,7.9799,2010-05-31
2010-05-21,7.8535,2010-05-31
2010-05-24,7.825,2010-05-31
2010-05-25,7.93,2010-05-31
2010-05-26,7.7149,2010-05-31
2010-05-27,7.6,2010-05-31
2010-05-28,7.5517,2010-05-31
2010-06-01,7.6718,2010-06-30
2010-06-02,7.6365,2010-06-30
2010-06-03,7.678,2010-06-30
2010-06-04,7.7753,2010-06-30
2010-06-07,7.7955,2010-06-30
2010-06-08,7.7427,2010-06-30
2010-06-09,7.7603,2010-06-30
2010-06-10,7.7,2010-06-30
2010-06-11,7.71,2010-06-30
2010-06-14,7.652,2010-06-30
2010-06-15,7.5742,2010-06-30
2010-06-16,7.571,2010-06-30
2010-06-17,7.5815,2010-06-30
2010-06-18,7.5376,2010-06-30
2010-06-21,7.482,2010-06-30
2010-06-22,7.52,2010-06-30
2010-06-23,7.5275,2010-06-30
2010-06-24,7.6402,2010-06-30
2010-06-25,7.6262,2010-06-30
2010-06-28,7.5419,2010-06-30
2010-06-29,7.6347,2010-06-30
2010-06-30,7.6252,2010-06-30
2010-07-01,7.7501,2010-07-30
2010-07-02,7.7165,2010-07-30
2010-07-06,7.621,2010-07-30
2010-07-07,7.6302,2010-07-30
2010-07-08,7.5521,2010-07-30
2010-07-09,7.58,2010-07-30
2010-07-12,7.6241,2010-07-30
2010-07-13,7.5302,2010-07-30
2010-07-14,7.5151,2010-07-30
2010-07-15,7.5616,2010-07-30
2010-07-16,7.6052,2010-07-30
2010-07-19,7.6602,2010-07-30
2010-07-20,7.583,2010-07-30
2010-07-21,7.5303,2010-07-30
2010-07-22,7.4424,2010-07-30
2010-07-23,7.4321,2010-07-30
2010-07-26,7.337,2010-07-30
2010-07-27,7.32,2010-07-30
2010-07-28,7.331,2010-07-30
2010-07-29,7.3319,2010-07-30
2010-07-30,7.2915,2010-07-30
2010-08-02,7.2762,2010-08-31
2010-08-03,7.2821,2010-08-31
2010-08-04,7.2642,2010-08-31
2010-08-05,7.2497,2010-08-31
2010-08-06,7.2425,2010-08-31
2010-08-09,7.1804,2010-08-31
2010-08-10,7.213,2010-08-31
2010-08-11,7.2766,2010-08-31
2010-08-12,7.277,2010-08-31
2010-08-13,7.31,2010-08-31
2010-08-16,7.265,2010-08-31
2010-08-17,7.254,2010-08-31
2010-08-18,7.2539,2010-08-31
2010-08-19,7.287,2010-08-31
2010-08-20,7.3325,2010-08-31
2010-08-23,7.3406,2010-08-31
2010-08-24,7.3492,2010-08-31
2010-08-25,7.3494,2010-08-31
2010-08-26,7.312,2010-08-31
2010-08-27,7.307,2010-08-31
2010-08-30,7.3355,2010-08-31
2010-08-31,7.3725,2010-08-31
2010-09-01,7.2905,2010-09-30
2010-09-02,7.2279,2010-09-30
2010-09-03,7.1825,2010-09-30
2010-09-07,7.2565,2010-09-30
2010-09-08,7.2403,2010-09-30
2010-09-09,7.19,2010-09-30
2010-09-10,7.1875,2010-09-30
2010-09-13,7.1334,2010-09-30
2010-09-14,7.0422,2010-09-30
2010-09-15,7.083,2010-09-30
2010-09-16,7.1626,2010-09-30
2010-09-17,7.1301,2010-09-30
2010-09-20,7.118,2010-09-30
2010-09-21,7.1208,2010-09-30
2010-09-22,7.0236,2010-09-30
2010-09-23,7.028,2010-09-30
2010-09-24,7.0045,2010-09-30
2010-09-27,7.0042,2010-09-30
2010-09-28,6.9754,2010-09-30
2010-09-29,6.9572,2010-09-30
2010-09-30,6.9509,2010-09-30
2010-10-01,6.932,2010-10-29
2010-10-04,7.021,2010-10-29
2010-10-05,6.8857,2010-10-29
2010-10-06,6.845,2010-10-29
2010-10-07,6.89,2010-10-29
2010-10-08,6.8415,2010-10-29
2010-10-12,6.871,2010-10-29
2010-10-13,6.81,2010-10-29
2010-10-14,6.79,2010-10-29
2010-10-15,6.8125,2010-10-29
2010-10-18,6.866,2010-10-29
2010-10-19,6.937,2010-10-29
2010-10-20,6.9192,2010-10-29
2010-10-21,6.916,2010-10-29
2010-10-22,6.9526,2010-10-29
2010-10-25,6.92,2010-10-29
2010-10-26,6.9271,2010-10-29
2010-10-27,7.072,2010-10-29
2010-10-28,6.99,2010-10-29
2010-10-29,6.9755,2010-10-29
2010-11-01,7.005,2010-11-30
2010-11-02,6.915,2010-11-30
2010-11-03,6.909,2010-11-30
2010-11-04,6.811,2010-11-30
2010-11-05,6.793,2010-11-30
2010-11-08,6.85,2010-11-30
2010-11-09,6.8354,2010-11-30
2010-11-10,6.896,2010-11-30
2010-11-12,6.907,2010-11-30
2010-11-15,6.9525,2010-11-30
2010-11-16,7.05,2010-11-30
2010-11-17,7.0204,2010-11-30
2010-11-18,7.0028,2010-11-30
2010-11-19,7.0165,2010-11-30
2010-11-22,6.9952,2010-11-30
2010-11-23,7.0976,2010-11-30
2010-11-24,7.068,2010-11-30
2010-11-26,7.121,2010-11-30
2010-11-29,7.1671,2010-11-30
2010-11-30,7.0855,2010-11-30
2010-12-01,7.01,2010-12-31
2010-12-02,6.8865,2010-12-31
2010-12-03,6.8537,2010-12-31
2010-12-06,6.887,2010-12-31
2010-12-07,6.88,2010-12-31
2010-12-08,6.9321,2010-12-31
2010-12-09,6.8855,2010-12-31
2010-12-10,6.8401,2010-12-31
2010-12-13,6.842,2010-12-31
2010-12-14,6.8251,2010-12-31
2010-12-15,6.826,2010-12-31
2010-12-16,6.838,2010-12-31
2010-12-17,6.8625,2010-12-31
2010-12-20,6.8425,2010-12-31
2010-12-21,6.81,2010-12-31
2010-12-22,6.79,2010-12-31
2010-12-23,6.7401,2010-12-31
2010-12-27,6.737,2010-12-31
2010-12-28,6.69,2010-12-31
2010-12-29,6.649,2010-12-31
2010-12-30,6.67,2010-12-31
2011-01-03,6.611,2011-01-31
2011-01-04,6.6922,2011-01-31
2011-01-05,6.7185,2011-01-31
2011-01-06,6.785,2011-01-31
2011-01-07,6.805,2011-01-31
2011-01-10,6.8336,2011-01-31
2011-01-11,6.873,2011-01-31
2011-01-12,6.8305,2011-01-31
2011-01-13,6.804,2011-01-31
2011-01-14,6.9391,2011-01-31
2011-01-18,6.915,2011-01-31
2011-01-19,6.9701,2011-01-31
2011-01-20,7.0776,2011-01-31
2011-01-21,7.05,2011-01-31
2011-01-24,7.0165,2011-01-31
2011-01-25,7.075,2011-01-31
2011-01-26,7.0951,2011-01-31
2011-01-27,7.0387,2011-01-31
2011-01-28,7.171,2011-01-31
2011-01-31,7.1776,2011-01-31
2011-02-01,7.1433,2011-02-28
2011-02-02,7.1715,2011-02-28
2011-02-03,7.288,2011-02-28
2011-02-04,7.257,2011-02-28
2011-02-07,7.2485,2011-02-28
2011-02-08,7.1639,2011-02-28
2011-02-09,7.2288,2011-02-28
2011-02-10,7.2565,2011-02-28
2011-02-11,7.3075,2011-02-28
2011-02-14,7.3085,2011-02-28
2011-02-15,7.305,2011-02-28
2011-02-16,7.2435,2011-02-28
2011-02-17,7.186,2011-02-28
2011-02-18,7.12,2011-02-28
2011-02-22,7.14,2011-02-28
2011-02-23,7.1265,2011-02-28
2011-02-24,7.068,2011-02-28
2011-02-25,6.9876,2011-02-28
2011-02-28,6.9538,2011-02-28
2011-03-01,6.9396,2011-03-31
2011-03-02,6.8885,2011-03-31
2011-03-03,6.901,2011-03-31
2011-03-04,6.8901,2011-03-31
2011-03-07,6.878,2011-03-31
2011-03-08,6.8833,2011-03-31
2011-03-09,6.8675,2011-03-31
2011-03-10,6.8875,2011-03-31
2011-03-11,6.879,2011-03-31
2011-03-14,6.851,2011-03-31
2011-03-15,6.9682,2011-03-31
2011-03-16,7.007,2011-03-31
2011-03-17,7.0705,2011-03-31
2011-03-18,6.988,2011-03-31
2011-03-21,6.9351,2011-03-31
2011-03-22,6.8882,2011-03-31
2011-03-23,6.919,2011-03-31
2011-03-24,6.8536,2011-03-31
2011-03-25,6.8422,2011-03-31
2011-03-28,6.8652,2011-03-31
2011-03-29,6.8651,2011-03-31
2011-03-30,6.8105,2011-03-31
2011-03-31,6.7675,2011-03-31
2011-04-01,6.702,2011-04-29
2011-04-04,6.6901,2011-04-29
2011-04-05,6.7183,2011-04-29
2011-04-06,6.6875,2011-04-29
2011-04-07,6.6901,2011-04-29
2011-04-08,6.6455,2011-04-29
2011-04-11,6.6474,2011-04-29
2011-04-12,6.7292,2011-04-29
2011-04-13,6.7751,2011-04-29
2011-04-14,6.856,2011-04-29
2011-04-15,6.8265,2011-04-29
2011-04-18,6.87,2011-04-29
2011-04-19,6.8335,2011-04-29
2011-04-20,6.7729,2011-04-29
2011-04-21,6.7135,2011-04-29
2011-04-22,6.7025,2011-04-29
2011-04-25,6.73,2011-04-29
2011-04-26,6.692,2011-04-29
2011-04-27,6.6503,2011-04-29
2011-04-28,6.625,2011-04-29
2011-04-29,6.581,2011-04-29
2011-05-02,6.573,2011-05-31
2011-05-03,6.6234,2011-05-31
2011-05-04,6.6525,2011-05-31
2011-05-05,6.745,2011-05-31
2011-05-06,6.6501,2011-05-31
2011-05-09,6.751,2011-05-31
2011-05-10,6.7809,2011-05-31
2011-05-11,6.84,2011-05-31
2011-05-12,6.891,2011-05-31
2011-05-13,7.0201,2011-05-31
2011-05-16,6.9781,2011-05-31
2011-05-17,6.9947,2011-05-31
2011-05-18,6.917,2011-05-31
2011-05-19,6.8888,2011-05-31
2011-05-20,6.9044,2011-05-31
2011-05-23,7.0215,2011-05-31
2011-05-24,6.9967,2011-05-31
2011-05-25,7.0276,2011-05-31
2011-05-26,6.9875,2011-05-31
2011-05-27,6.905,2011-05-31
2011-05-31,6.8185,2011-05-31
2011-06-01,6.7763,2011-06-30
2011-06-02,6.7661,2011-06-30
2011-06-03,6.712,2011-06-30
2011-06-06,6.759,2011-06-30
2011-06-07,6.721,2011-06-30
2011-06-08,6.7291,2011-06-30
2011-06-09,6.726,2011-06-30
2011-06-10,6.7941,2011-06-30
2011-06-13,6.7925,2011-06-30
2011-06-14,6.755,2011-06-30
2011-06-15,6.8219,2011-06-30
2011-06-16,6.8724,2011-06-30
2011-06-17,6.7606,2011-06-30
2011-06-20,6.7771,2011-06-30
2011-06-21,6.7275,2011-06-30
2011-06-22,6.7602,2011-06-30
2011-06-23,6.8612,2011-06-30
2011-06-24,6.8899,2011-06-30
2011-06-27,6.875,2011-06-30
2011-06-28,6.8341,2011-06-30
2011-06-29,6.8215,2011-06-30
2011-06-30,6.7563,2011-06-30
2011-07-01,6.7225,2011-07-29
2011-07-05,6.7301,2011-07-29
2011-07-06,6.7402,2011-07-29
2011-07-07,6.6771,2011-07-29
2011-07-08,6.7045,2011-07-29
2011-07-11,6.8278,2011-07-29
2011-07-12,6.8749,2011-07-29
2011-07-13,6.8224,2011-07-29
2011-07-14,6.843,2011-07-29
2011-07-15,6.8926,2011-07-29
2011-07-18,6.9958,2011-07-29
2011-07-19,6.9536,2011-07-29
2011-07-20,6.8897,2011-07-29
2011-07-21,6.7951,2011-07-29
2011-07-22,6.7782,2011-07-29
2011-07-25,6.7564,2011-07-29
2011-07-26,6.6719,2011-07-29
2011-07-27,6.67,2011-07-29
2011-07-28,6.691,2011-07-29
2011-07-29,6.7061,2011-07-29
2011-08-01,6.747,2011-08-31
2011-08-02,6.745,2011-08-31
2011-08-03,6.7365,2011-08-31
2011-08-04,6.9213,2011-08-31
2011-08-05,6.9446,2011-08-31
2011-08-08,7.0875,2011-08-31
2011-08-09,7.3012,2011-08-31
2011-08-10,7.2575,2011-08-31
2011-08-11,7.2286,2011-08-31
2011-08-12,7.1815,2011-08-31
2011-08-15,7.1182,2011-08-31
2011-08-16,7.1072,2011-08-31
2011-08-17,7.0868,2011-08-31
2011-08-18,7.223,2011-08-31
2011-08-19,7.1728,2011-08-31
2011-08-22,7.225,2011-08-31
2011-08-23,7.1985,2011-08-31
2011-08-24,7.246,2011-08-31
2011-08-25,7.2159,2011-08-31
2011-08-26,7.1301,2011-08-31
2011-08-29,7.0426,2011-08-31
2011-08-30,7.0851,2011-08-31
2011-08-31,7.001,2011-08-31
2011-09-01,6.9965,2011-09-30
2011-09-02,7.0552,2011-09-30
2011-09-06,7.1631,2011-09-30
2011-09-07,7.1465,2011-09-30
2011-09-08,7.1618,2011-09-30
2011-09-09,7.285,2011-09-30
2011-09-12,7.4039,2011-09-30
2011-09-13,7.3336,2011-09-30
2011-09-14,7.3625,2011-09-30
2011-09-15,7.3867,2011-09-30
2011-09-16,7.435,2011-09-30
2011-09-19,7.717,2011-09-30
2011-09-20,7.6738,2011-09-30
2011-09-21,7.86,2011-09-30
2011-09-22,8.2751,2011-09-30
2011-09-23,8.26,2011-09-30
2011-09-26,8.0752,2011-09-30
2011-09-27,7.8087,2011-09-30
2011-09-28,7.7979,2011-09-30
2011-09-29,7.897,2011-09-30
2011-09-30,8.0197,2011-09-30
2011-10-03,8.193,2011-10-31
2011-10-04,8.289,2011-10-31
2011-10-05,8.023,2011-10-31
2011-10-06,7.9687,2011-10-31
2011-10-07,7.8688,2011-10-31
2011-10-11,7.9082,2011-10-31
2011-10-12,7.7982,2011-10-31
2011-10-13,7.9028,2011-10-31
2011-10-14,7.825,2011-10-31
2011-10-17,7.9473,2011-10-31
2011-10-18,8.0352,2011-10-31
2011-10-19,8.0177,2011-10-31
2011-10-20,8.2325,2011-10-31
2011-10-21,8.031,2011-10-31
2011-10-24,7.8684,2011-10-31
2011-10-25,7.8918,2011-10-31
2011-10-26,7.9916,2011-10-31
2011-10-27,7.6935,2011-10-31
2011-10-28,7.7115,2011-10-31
2011-10-31,7.882,2011-10-31
2011-11-01,8.0986,2011-11-30
2011-11-02,7.9631,2011-11-30
2011-11-03,7.861,2011-11-30
2011-11-04,7.8775,2011-11-30
2011-11-07,7.968,2011-11-30
2011-11-08,7.891,2011-11-30
2011-11-09,7.9902,2011-11-30
2011-11-10,7.995,2011-11-30
2011-11-14,7.9933,2011-11-30
2011-11-15,8.2,2011-11-30
2011-11-16,8.1594,2011-11-30
2011-11-17,8.1658,2011-11-30
2011-11-18,8.2041,2011-11-30
2011-11-21,8.327,2011-11-30
2011-11-22,8.3752,2011-11-30
2011-11-23,8.5536,2011-11-30
2011-11-25,8.5025,2011-11-30
2011-11-28,8.382,2011-11-30
2011-11-29,8.3531,2011-11-30
2011-11-30,8.125,2011-11-30
2011-12-01,8.0925,2011-12-30
2011-12-02,8.0371,2011-12-30
2011-12-05,7.9923,2011-12-30
2011-12-06,8.0275,2011-12-30
2011-12-07,8.025,2011-12-30
2011-12-08,8.265,2011-12-30
2011-12-09,8.1225,2011-12-30
2011-12-12,8.2771,2011-12-30
2011-12-13,8.286,2011-12-30
2011-12-14,8.425,2011-12-30
2011-12-15,8.3801,2011-12-30
2011-12-16,8.3599,2011-12-30
2011-12-19,8.3866,2011-12-30
2011-12-20,8.2211,2011-12-30
2011-12-21,8.2679,2011-12-30
2011-12-22,8.175,2011-12-30
2011-12-23,8.135,2011-12-30
2011-12-27,8.1345,2011-12-30
2011-12-28,8.1915,2011-12-30
2011-12-29,8.1825,2011-12-30
2011-12-30,8.0751,2011-12-30
2012-01-03,8.025,2012-01-31
2012-01-04,8.1426,2012-01-31
2012-01-05,8.1715,2012-01-31
2012-01-06,8.145,2012-01-31
2012-01-09,8.1777,2012-01-31
2012-01-10,8.1109,2012-01-31
2012-01-11,8.1052,2012-01-31
2012-01-12,8.055,2012-01-31
2012-01-13,8.1393,2012-01-31
2012-01-17,8.0253,2012-01-31
2012-01-18,7.9932,2012-01-31
2012-01-19,7.9,2012-01-31
2012-01-20,7.937,2012-01-31
2012-01-23,7.9315,2012-01-31
2012-01-24,7.9501,2012-01-31
2012-01-25,8.032,2012-01-31
2012-01-26,7.771,2012-01-31
2012-01-27,7.7489,2012-01-31
2012-01-30,7.853,2012-01-31
2012-01-31,7.835,2012-01-31
2012-02-01,7.6609,2012-02-29
2012-02-02,7.6275,2012-02-29
2012-02-03,7.578,2012-02-29
2012-02-06,7.544,2012-02-29
2012-02-07,7.5665,2012-02-29
2012-02-08,7.5851,2012-02-29
2012-02-09,7.5855,2012-02-29
2012-02-10,7.7425,2012-02-29
2012-02-13,7.6958,2012-02-29
2012-02-14,7.7165,2012-02-29
2012-02-15,7.6966,2012-02-29
2012-02-16,7.7837,2012-02-29
2012-02-17,7.7485,2012-02-29
2012-02-21,7.7007,2012-02-29
2012-02-22,7.7282,2012-02-29
2012-02-23,7.681,2012-02-29
2012-02-24,7.5917,2012-02-29
2012-02-27,7.5359,2012-02-29
2012-02-28,7.5402,2012-02-29
2012-02-29,7.4663,2012-02-29
2012-03-01,7.465,2012-03-30
2012-03-02,7.5286,2012-03-30
2012-03-05,7.5528,2012-03-30
2012-03-06,7.6596,2012-03-30
2012-03-07,7.6212,2012-03-30
2012-03-08,7.5199,2012-03-30
2012-03-09,7.518,2012-03-30
2012-03-12,7.563,2012-03-30
2012-03-13,7.5285,2012-03-30
2012-03-14,7.681,2012-03-30
2012-03-15,7.6107,2012-03-30
2012-03-16,7.595,2012-03-30
2012-03-19,7.5333,2012-03-30
2012-03-20,7.6168,2012-03-30
2012-03-21,7.6408,2012-03-30
2012-03-22,7.7173,2012-03-30
2012-03-23,7.715,2012-03-30
2012-03-26,7.595,2012-03-30
2012-03-27,7.5971,2012-03-30
2012-03-28,7.6929,2012-03-30
2012-03-29,7.7454,2012-03-30
2012-03-30,7.6585,2012-03-30
2012-04-02,7.6274,2012-04-30
2012-04-03,7.6945,2012-04-30
2012-04-04,7.809,2012-04-30
2012-04-05,7.8328,2012-04-30
2012-04-06,7.875,2012-04-30
2012-04-09,7.8714,2012-04-30
2012-04-10,8.0173,2012-04-30
2012-04-11,8.002,2012-04-30
2012-04-12,7.8877,2012-04-30
2012-04-13,7.94,2012-04-30
2012-04-16,7.9616,2012-04-30
2012-04-17,7.7901,2012-04-30
2012-04-18,7.8103,2012-04-30
2012-04-19,7.8552,2012-04-30
2012-04-20,7.802,2012-04-30
2012-04-23,7.8621,2012-04-30
2012-04-24,7.7921,2012-04-30
2012-04-25,7.762,2012-04-30
2012-04-26,7.7846,2012-04-30
2012-04-27,7.755,2012-04-30
2012-04-30,7.7594,2012-04-30
2012-05-01,7.72,2012-05-31
2012-05-02,7.7433,2012-05-31
2012-05-03,7.7317,2012-05-31
2012-05-04,7.8261,2012-05-31
2012-05-07,7.8105,2012-05-31
2012-05-08,7.896,2012-05-31
2012-05-09,7.9918,2012-05-31
2012-05-10,8.016,2012-05-31
2012-05-11,8.0901,2012-05-31
2012-05-14,8.1667,2012-05-31
2012-05-15,8.2751,2012-05-31
2012-05-16,8.291,2012-05-31
2012-05-17,8.3101,2012-05-31
2012-05-18,8.3417,2012-05-31
2012-05-21,8.2745,2012-05-31
2012-05-22,8.2824,2012-05-31
2012-05-23,8.4371,2012-05-31
2012-05-24,8.3515,2012-05-31
2012-05-25,8.38,2012-05-31
2012-05-29,8.34,2012-05-31
2012-05-30,8.5068,2012-05-31
2012-05-31,8.53,2012-05-31
2012-06-01,8.58,2012-06-29
2012-06-04,8.4926,2012-06-29
2012-06-05,8.4633,2012-06-29
2012-06-06,8.3231,2012-06-29
2012-06-07,8.3156,2012-06-29
2012-06-08,8.4288,2012-06-29
2012-06-11,8.4353,2012-06-29
2012-06-12,8.4352,2012-06-29
2012-06-13,8.358,2012-06-29
2012-06-14,8.406,2012-06-29
2012-06-15,8.364,2012-06-29
2012-06-18,8.3355,2012-06-29
2012-06-19,8.2027,2012-06-29
2012-06-20,8.1791,2012-06-29
2012-06-21,8.3111,2012-06-29
2012-06-22,8.413,2012-06-29
2012-06-25,8.5051,2012-06-29
2012-06-26,8.4463,2012-06-29
2012-06-27,8.426,2012-06-29
2012-06-28,8.4222,2012-06-29
2012-06-29,8.175,2012-06-29
2012-07-02,8.1725,2012-07-31
2012-07-03,8.0753,2012-07-31
2012-07-05,8.13,2012-07-31
2012-07-06,8.2731,2012-07-31
2012-07-09,8.2738,2012-07-31
2012-07-10,8.195,2012-07-31
2012-07-11,8.2401,2012-07-31
2012-07-12,8.344,2012-07-31
2012-07-13,8.2722,2012-07-31
2012-07-16,8.2175,2012-07-31
2012-07-17,8.2226,2012-07-31
2012-07-18,8.1568,2012-07-31
2012-07-19,8.1865,2012-07-31
2012-07-20,8.2617,2012-07-31
2012-07-23,8.4465,2012-07-31
2012-07-24,8.5175,2012-07-31
2012-07-25,8.4563,2012-07-31
2012-07-26,8.2604,2012-07-31
2012-07-27,8.1796,2012-07-31
2012-07-30,8.206,2012-07-31
2012-07-31,8.2351,2012-07-31
2012-08-01,8.2643,2012-08-31
2012-08-02,8.381,2012-08-31
2012-08-03,8.1325,2012-08-31
2012-08-06,8.135,2012-08-31
2012-08-07,8.14,2012-08-31
2012-08-08,8.1078,2012-08-31
2012-08-09,8.1051,2012-08-31
2012-08-10,8.085,2012-08-31
2012-08-13,8.1461,2012-08-31
2012-08-14,8.1671,2012-08-31
2012-08-15,8.213,2012-08-31
2012-08-16,8.211,2012-08-31
2012-08-17,8.3201,2012-08-31
2012-08-20,8.3013,2012-08-31
2012-08-21,8.2433,2012-08-31
2012-08-22,8.3075,2012-08-31
2012-08-23,8.2821,2012-08-31
2012-08-24,8.3867,2012-08-31
2012-08-27,8.3991,2012-08-31
2012-08-28,8.3761,2012-08-31
2012-08-29,8.4035,2012-08-31
2012-08-30,8.4795,2012-08-31
2012-08-31,8.3844,2012-08-31
2012-09-04,8.4116,2012-09-28
2012-09-05,8.398,2012-09-28
2012-09-06,8.2755,2012-09-28
2012-09-07,8.1803,2012-09-28
2012-09-10,8.142,2012-09-28
2012-09-11,8.1565,2012-09-28
2012-09-12,8.3515,2012-09-28
2012-09-13,8.3346,2012-09-28
2012-09-14,8.2182,2012-09-28
2012-09-17,8.2151,2012-09-28
2012-09-18,8.1725,2012-09-28
2012-09-19,8.2431,2012-09-28
2012-09-20,8.3315,2012-09-28
2012-09-21,8.2385,2012-09-28
2012-09-24,8.2651,2012-09-28
2012-09-25,8.1885,2012-09-28
2012-09-26,8.237,2012-09-28
2012-09-27,8.2416,2012-09-28
2012-09-28,8.29,2012-09-28
2012-10-01,8.3558,2012-10-31
2012-10-02,8.3665,2012-10-31
2012-10-03,8.4255,2012-10-31
2012-10-04,8.5338,2012-10-31
2012-10-05,8.66,2012-10-31
2012-10-09,8.7553,2012-10-31
2012-10-10,8.7049,2012-10-31
2012-10-11,8.7031,2012-10-31
2012-10-12,8.6405,2012-10-31
2012-10-15,8.813,2012-10-31
2012-10-16,8.7292,2012-10-31
2012-10-17,8.5889,2012-10-31
2012-10-18,8.6255,2012-10-31
2012-10-19,8.64,2012-10-31
2012-10-22,8.6229,2012-10-31
2012-10-23,8.7801,2012-10-31
2012-10-24,8.7805,2012-10-31
2012-10-25,8.7193,2012-10-31
2012-10-26,8.6604,2012-10-31
2012-10-29,8.7,2012-10-31
2012-10-30,8.6303,2012-10-31
2012-10-31,8.6982,2012-10-31
2012-11-01,8.6457,2012-11-30
2012-11-02,8.7376,2012-11-30
2012-11-05,8.728,2012-11-30
2012-11-06,8.6367,2012-11-30
2012-11-07,8.6579,2012-11-30
2012-11-08,8.7179,2012-11-30
2012-11-09,8.7024,2012-11-30
2012-11-13,8.7776,2012-11-30
2012-11-14,8.8905,2012-11-30
2012-11-15,8.9245,2012-11-30
2012-11-16,8.8703,2012-11-30
2012-11-19,8.8183,2012-11-30
2012-11-20,8.8539,2012-11-30
2012-11-21,8.9691,2012-11-30
2012-11-23,8.87,2012-11-30
2012-11-26,8.864,2012-11-30
2012-11-27,8.8269,2012-11-30
2012-11-28,8.8245,2012-11-30
2012-11-29,8.7916,2012-11-30
2012-11-30,8.8815,2012-11-30
2012-12-03,8.8489,2012-12-31
2012-12-04,8.8007,2012-12-31
2012-12-05,8.7625,2012-12-31
2012-12-06,8.669,2012-12-31
2012-12-07,8.656,2012-12-31
2012-12-10,8.6785,2012-12-31
2012-12-11,8.6655,2012-12-31
2012-12-12,8.6579,2012-12-31
2012-12-13,8.658,2012-12-31
2012-12-14,8.6256,2012-12-31
2012-12-17,8.5455,2012-12-31
2012-12-18,8.5002,2012-12-31
2012-12-19,8.4837,2012-12-31
2012-12-20,8.5025,2012-12-31
2012-12-21,8.567,2012-12-31
2012-12-24,8.5811,2012-12-31
2012-12-26,8.565,2012-12-31
2012-12-27,8.5031,2012-12-31
2012-12-28,8.477,2012-12-31
2012-12-31,8.4845,2012-12-31
2013-01-02,8.4927,2013-01-31
2013-01-03,8.552,2013-01-31
2013-01-04,8.593,2013-01-31
2013-01-07,8.5751,2013-01-31
2013-01-08,8.591,2013-01-31
2013-01-09,8.5801,2013-01-31
2013-01-10,8.6251,2013-01-31
2013-01-11,8.7364,2013-01-31
2013-01-14,8.7117,2013-01-31
2013-01-15,8.805,2013-01-31
2013-01-16,8.7816,2013-01-31
2013-01-17,8.8065,2013-01-31
2013-01-18,8.8855,2013-01-31
2013-01-22,8.855,2013-01-31
2013-01-23,9.0251,2013-01-31
2013-01-24,9.0265,2013-01-31
2013-01-25,8.9571,2013-01-31
2013-01-28,9.1271,2013-01-31
2013-01-29,9.026,2013-01-31
2013-01-30,9.0486,2013-01-31
2013-01-31,8.952,2013-01-31
2013-02-01,8.8385,2013-02-28
2013-02-04,8.928,2013-02-28
2013-02-05,8.8465,2013-02-28
2013-02-06,8.9014,2013-02-28
2013-02-07,8.9321,2013-02-28
2013-02-08,8.8888,2013-02-28
2013-02-11,8.9071,2013-02-28
2013-02-12,8.9001,2013-02-28
2013-02-13,8.8555,2013-02-28
2013-02-14,8.802,2013-02-28
2013-02-15,8.8521,2013-02-28
2013-02-19,8.867,2013-02-28
2013-02-20,8.888,2013-02-28
2013-02-21,8.882,2013-02-28
2013-02-22,8.8701,2013-02-28
2013-02-25,8.8271,2013-02-28
2013-02-26,8.8496,2013-02-28
2013-02-27,8.85,2013-02-28
2013-02-28,8.9703,2013-02-28
2013-03-01,9.0716,2013-03-29
2013-03-04,9.0994,2013-03-29
2013-03-05,9.058,2013-03-29
2013-03-06,9.0929,2013-03-29
2013-03-07,9.1455,2013-03-29
2013-03-08,9.1256,2013-03-29
2013-03-11,9.118,2013-03-29
2013-03-12,9.1675,2013-03-29
2013-03-13,9.24,2013-03-29
2013-03-14,9.1853,2013-03-29
2013-03-15,9.1871,2013-03-29
2013-03-18,9.1591,2013-03-29
2013-03-19,9.27,2013-03-29
2013-03-20,9.2712,2013-03-29
2013-03-21,9.315,2013-03-29
2013-03-22,9.3161,2013-03-29
2013-03-25,9.2931,2013-03-29
2013-03-26,9.2423,2013-03-29
2013-03-27,9.2875,2013-03-29
2013-03-28,9.175,2013-03-29
2013-03-29,9.2275,2013-03-29
2013-04-01,9.1776,2013-04-30
2013-04-02,9.2126,2013-04-30
2013-04-03,9.2027,2013-04-30
2013-04-04,9.1785,2013-04-30
2013-04-05,9.0937,2013-04-30
2013-04-08,9.0186,2013-04-30
2013-04-09,8.9112,2013-04-30
2013-04-10,8.9015,2013-04-30
2013-04-11,8.8989,2013-04-30
2013-04-12,8.9576,2013-04-30
2013-04-15,9.1326,2013-04-30
2013-04-16,9.1315,2013-04-30
2013-04-17,9.1801,2013-04-30
2013-04-18,9.1913,2013-04-30
2013-04-19,9.2251,2013-04-30
2013-04-22,9.2526,2013-04-30
2013-04-23,9.2255,2013-04-30
2013-04-24,9.1795,2013-04-30
2013-04-25,9.0701,2013-04-30
2013-04-26,9.1225,2013-04-30
2013-04-29,8.978,2013-04-30
2013-04-30,8.9741,2013-04-30
2013-05-01,9.0201,2013-05-31
2013-05-02,8.9636,2013-05-31
2013-05-03,8.926,2013-05-31
2013-05-06,8.9954,2013-05-31
2013-05-07,9.0161,2013-05-31
2013-05-08,9.011,2013-05-31
2013-05-09,8.9835,2013-05-31
2013-05-10,9.1105,2013-05-31
2013-05-13,9.1466,2013-05-31
2013-05-14,9.2052,2013-05-31
2013-05-15,9.2795,2013-05-31
2013-05-16,9.3001,2013-05-31
2013-05-17,9.41,2013-05-31
2013-05-20,9.481,2013-05-31
2013-05-21,9.5256,2013-05-31
2013-05-22,9.555,2013-05-31
2013-05-23,9.535,2013-05-31
2013-05-24,9.58,2013-05-31
2013-05-28,9.7675,2013-05-31
2013-05-29,9.79,2013-05-31
2013-05-30,10.0175,2013-05-31
2013-05-31,10.068,2013-05-31
2013-06-03,9.83,2013-06-28
2013-06-04,9.7628,2013-06-28
2013-06-05,10.0085,2013-06-28
2013-06-06,9.88,2013-06-28
2013-06-07,9.975,2013-06-28
2013-06-10,10.1441,2013-06-28
2013-06-11,10.05,2013-06-28
2013-06-12,10.0075,2013-06-28
2013-06-13,9.9189,2013-06-28
2013-06-14,9.9636,2013-06-28
2013-06-17,9.903,2013-06-28
2013-06-18,9.9736,2013-06-28
2013-06-19,9.9543,2013-06-28
2013-06-20,10.2015,2013-06-28
2013-06-21,10.2385,2013-06-28
2013-06-24,10.1135,2013-06-28
2013-06-25,10.0876,2013-06-28
2013-06-26,10.1348,2013-06-28
2013-06-27,9.9745,2013-06-28
2013-06-28,9.8799,2013-06-28
2013-07-01,9.8895,2013-07-31
2013-07-02,9.9155,2013-07-31
2013-07-03,10.0835,2013-07-31
2013-07-05,10.179,2013-07-31
2013-07-08,10.202,2013-07-31
2013-07-09,10.04,2013-07-31
2013-07-10,10.03,2013-07-31
2013-07-11,9.9905,2013-07-31
2013-07-12,9.9915,2013-07-31
2013-07-15,9.8955,2013-07-31
2013-07-16,9.873,2013-07-31
2013-07-17,9.845,2013-07-31
2013-07-18,9.925,2013-07-31
2013-07-19,9.8615,2013-07-31
2013-07-22,9.801,2013-07-31
2013-07-23,9.7265,2013-07-31
2013-07-24,9.7485,2013-07-31
2013-07-25,9.807,2013-07-31
2013-07-26,9.793,2013-07-31
2013-07-29,9.7845,2013-07-31
2013-07-30,9.797,2013-07-31
2013-07-31,9.9145,2013-07-31
2013-08-01,9.9825,2013-08-30
2013-08-02,9.8665,2013-08-30
2013-08-05,9.8565,2013-08-30
2013-08-06,9.913,2013-08-30
2013-08-07,9.894,2013-08-30
2013-08-08,9.811,2013-08-30
2013-08-09,9.768,2013-08-30
2013-08-12,9.821,2013-08-30
2013-08-13,9.982,2013-08-30
2013-08-14,9.935,2013-08-30
2013-08-15,9.99,2013-08-30
2013-08-16,10.037,2013-08-30
2013-08-19,10.1675,2013-08-30
2013-08-20,10.135,2013-08-30
2013-08-21,10.2525,2013-08-30
2013-08-22,10.297,2013-08-30
2013-08-23,10.213,2013-08-30
2013-08-26,10.318,2013-08-30
2013-08-27,10.408,2013-08-30
2013-08-28,10.315,2013-08-30
2013-08-29,10.3375,2013-08-30
2013-08-30,10.257,2013-08-30
2013-09-03,10.3175,2013-09-30
2013-09-04,10.217,2013-09-30
2013-09-05,10.23,2013-09-30
2013-09-06,10.0125,2013-09-30
2013-09-09,9.9755,2013-09-30
2013-09-10,10.0325,2013-09-30
2013-09-11,9.9,2013-09-30
2013-09-12,9.943,2013-09-30
2013-09-13,9.9375,2013-09-30
2013-09-16,9.793,2013-09-30
2013-09-17,9.799,2013-09-30
2013-09-18,9.8115,2013-09-30
2013-09-19,9.693,2013-09-30
2013-09-20,9.865,2013-09-30
2013-09-23,9.825,2013-09-30
2013-09-24,9.8355,2013-09-30
2013-09-25,9.93,2013-09-30
2013-09-26,10.0,2013-09-30
2013-09-27,10.07,2013-09-30
2013-09-30,10.045,2013-09-30
2013-10-01,10.08,2013-10-31
2013-10-02,10.0335,2013-10-31
2013-10-03,10.075,2013-10-31
2013-10-04,9.995,2013-10-31
2013-10-07,9.971,2013-10-31
2013-10-08,9.9775,2013-10-31
2013-10-09,9.9975,2013-10-31
2013-10-10,9.89,2013-10-31
2013-10-11,9.898,2013-10-31
2013-10-15,9.9335,2013-10-31
2013-10-16,9.876,2013-10-31
2013-10-17,9.8075,2013-10-31
2013-10-18,9.75,2013-10-31
2013-10-21,9.84,2013-10-31
2013-10-22,9.7305,2013-10-31
2013-10-23,9.767,2013-10-31
2013-10-24,9.7665,2013-10-31
2013-10-25,9.8185,2013-10-31
2013-10-28,9.8085,2013-10-31
2013-10-29,9.869,2013-10-31
2013-10-30,9.868,2013-10-31
2013-10-31,10.002,2013-10-31
2013-11-01,10.168,2013-11-29
2013-11-04,10.117,2013-11-29
2013-11-05,10.236,2013-11-29
2013-11-06,10.2785,2013-11-29
2013-11-07,10.29,2013-11-29
2013-11-08,10.336,2013-11-29
2013-11-12,10.382,2013-11-29
2013-11-13,10.333,2013-11-29
2013-11-14,10.29,2013-11-29
2013-11-15,10.171,2013-11-29
2013-11-18,10.12,2013-11-29
2013-11-19,10.188,2013-11-29
2013-11-20,10.0675,2013-11-29
2013-11-21,10.1445,2013-11-29
2013-11-22,10.083,2013-11-29
2013-11-25,10.0755,2013-11-29
2013-11-26,10.136,2013-11-29
2013-11-27,10.2255,2013-11-29
2013-11-29,10.1765,2013-11-29
2013-12-02,10.2635,2013-12-31
2013-12-03,10.3375,2013-12-31
2013-12-04,10.4755,2013-12-31
2013-12-05,10.415,2013-12-31
2013-12-06,10.3525,2013-12-31
2013-12-09,10.3747,2013-12-31
2013-12-10,10.355,2013-12-31
2013-12-11,10.3535,2013-12-31
2013-12-12,10.42,2013-12-31
2013-12-13,10.3125,2013-12-31
2013-12-16,10.2715,2013-12-31
2013-12-17,10.335,2013-12-31
2013-12-18,10.3575,2013-12-31
2013-12-19,10.3785,2013-12-31
2013-12-20,10.335,2013-12-31
2013-12-23,10.3265,2013-12-31
2013-12-24,10.3325,2013-12-31
2013-12-26,10.341,2013-12-31
2013-12-27,10.4925,2013-12-31
2013-12-30,10.42,2013-12-31
2013-12-31,10.485,2013-12-31
2014-01-02,10.68,2014-01-31
2014-01-03,10.6595,2014-01-31
2014-01-06,10.645,2014-01-31
2014-01-07,10.6425,2014-01-31
2014-01-08,10.7595,2014-01-31
2014-01-09,10.8055,2014-01-31
2014-01-10,10.6615,2014-01-31
2014-01-13,10.79,2014-01-31
2014-01-14,10.8155,2014-01-31
2014-01-15,10.8585,2014-01-31
2014-01-16,10.93,2014-01-31
2014-01-17,10.845,2014-01-31
2014-01-21,10.86,2014-01-31
2014-01-22,10.877,2014-01-31
2014-01-23,10.99,2014-01-31
2014-01-24,11.0855,2014-01-31
2014-01-27,11.176,2014-01-31
2014-01-28,11.0565,2014-01-31
2014-01-29,11.19,2014-01-31
2014-01-30,11.16,2014-01-31
2014-01-31,11.1445,2014-01-31
2014-02-03,11.2515,2014-02-28
2014-02-04,11.091,2014-02-28
2014-02-05,11.136,2014-02-28
2014-02-06,11.015,2014-02-28
2014-02-07,11.038,2014-02-28
2014-02-10,11.1135,2014-02-28
2014-02-11,10.975,2014-02-28
2014-02-12,11.001,2014-02-28
2014-02-13,11.0195,2014-02-28
2014-02-14,10.87,2014-02-28
2014-02-18,10.8605,2014-02-28
2014-02-19,10.927,2014-02-28
2014-02-20,11.0,2014-02-28
2014-02-21,10.9405,2014-02-28
2014-02-24,10.81,2014-02-28
2014-02-25,10.7155,2014-02-28
2014-02-26,10.846,2014-02-28
2014-02-27,10.7245,2014-02-28
2014-02-28,10.7265,2014-02-28
2014-03-03,10.8735,2014-03-31
2014-03-04,10.785,2014-03-31
2014-03-05,10.6995,2014-03-31
2014-03-06,10.6,2014-03-31
2014-03-07,10.715,2014-03-31
2014-03-10,10.753,2014-03-31
2014-03-11,10.805,2014-03-31
2014-03-12,10.854,2014-03-31
2014-03-13,10.776,2014-03-31
2014-03-14,10.72,2014-03-31
2014-03-17,10.732,2014-03-31
2014-03-18,10.73,2014-03-31
2014-03-19,10.75,2014-03-31
2014-03-20,10.93,2014-03-31
2014-03-21,10.865,2014-03-31
2014-03-24,10.8555,2014-03-31
2014-03-25,10.7635,2014-03-31
2014-03-26,10.6855,2014-03-31
2014-03-27,10.62,2014-03-31
2014-03-28,10.595,2014-03-31
2014-03-31,10.5275,2014-03-31
2014-04-01,10.563,2014-04-30
2014-04-02,10.6165,2014-04-30
2014-04-03,10.6455,2014-04-30
2014-04-04,10.5295,2014-04-30
2014-04-07,10.518,2014-04-30
2014-04-08,10.4295,2014-04-30
2014-04-09,10.451,2014-04-30
2014-04-10,10.3775,2014-04-30
2014-04-11,10.479,2014-04-30
2014-04-14,10.4985,2014-04-30
2014-04-15,10.55,2014-04-30
2014-04-16,10.55,2014-04-30
2014-04-17,10.485,2014-04-30
2014-04-18,10.4825,2014-04-30
2014-04-21,10.4925,2014-04-30
2014-04-22,10.541,2014-04-30
2014-04-23,10.6085,2014-04-30
2014-04-24,10.623,2014-04-30
2014-04-25,10.652,2014-04-30
2014-04-28,10.6275,2014-04-30
2014-04-29,10.5615,2014-04-30
2014-04-30,10.5195,2014-04-30
2014-05-01,10.482,2014-05-30
2014-05-02,10.4775,2014-05-30
2014-05-05,10.47,2014-05-30
2014-05-06,10.5,2014-05-30
2014-05-07,10.4635,2014-05-30
2014-05-08,10.3205,2014-05-30
2014-05-09,10.3745,2014-05-30
2014-05-12,10.3695,2014-05-30
2014-05-13,10.32,2014-05-30
2014-05-14,10.3075,2014-05-30
2014-05-15,10.419,2014-05-30
2014-05-16,10.3495,2014-05-30
2014-05-19,10.3445,2014-05-30
2014-05-20,10.44,2014-05-30
2014-05-21,10.4075,2014-05-30
2014-05-22,10.32,2014-05-30
2014-05-23,10.299,2014-05-30
2014-05-27,10.4605,2014-05-30
2014-05-28,10.478,2014-05-30
2014-05-29,10.405,2014-05-30
2014-05-30,10.586,2014-05-30
2014-06-02,10.684,2014-06-30
2014-06-03,10.7335,2014-06-30
2014-06-04,10.763,2014-06-30
2014-06-05,10.6955,2014-06-30
2014-06-06,10.587,2014-06-30
2014-06-09,10.6285,2014-06-30
2014-06-10,10.707,2014-06-30
2014-06-11,10.732,2014-06-30
2014-06-12,10.688,2014-06-30
2014-06-13,10.71,2014-06-30
2014-06-16,10.7372,2014-06-30
2014-06-17,10.8165,2014-06-30
2014-06-18,10.7355,2014-06-30
2014-06-19,10.706,2014-06-30
2014-06-20,10.6925,2014-06-30
2014-06-23,10.564,2014-06-30
2014-06-24,10.5805,2014-06-30
2014-06-25,10.578,2014-06-30
2014-06-26,10.63,2014-06-30
2014-06-27,10.6165,2014-06-30
2014-06-30,10.624,2014-06-30
2014-07-01,10.675,2014-07-31
2014-07-02,10.7435,2014-07-31
2014-07-03,10.7435,2014-07-31
2014-07-07,10.784,2014-07-31
2014-07-08,10.694,2014-07-31
2014-07-09,10.688,2014-07-31
2014-07-10,10.706,2014-07-31
2014-07-11,10.7155,2014-07-31
2014-07-14,10.6795,2014-07-31
2014-07-15,10.7115,2014-07-31
2014-07-16,10.6675,2014-07-31
2014-07-17,10.7225,2014-07-31
2014-07-18,10.6535,2014-07-31
2014-07-21,10.6115,2014-07-31
2014-07-22,10.565,2014-07-31
2014-07-23,10.5,2014-07-31
2014-07-24,10.522,2014-07-31
2014-07-25,10.5095,2014-07-31
2014-07-28,10.581,2014-07-31
2014-07-29,10.6,2014-07-31
2014-07-30,10.6895,2014-07-31
2014-07-31,10.706,2014-07-31
2014-08-01,10.7015,2014-08-29
2014-08-04,10.698,2014-08-29
2014-08-05,10.7555,2014-08-29
2014-08-06,10.7275,2014-08-29
2014-08-07,10.7375,2014-08-29
2014-08-08,10.669,2014-08-29
2014-08-11,10.633,2014-08-29
2014-08-12,10.6355,2014-08-29
2014-08-13,10.582,2014-08-29
2014-08-14,10.54,2014-08-29
2014-08-15,10.6,2014-08-29
2014-08-18,10.6135,2014-08-29
2014-08-19,10.641,2014-08-29
2014-08-20,10.702,2014-08-29
2014-08-21,10.694,2014-08-29
2014-08-22,10.6985,2014-08-29
2014-08-25,10.702,2014-08-29
2014-08-26,10.685,2014-08-29
2014-08-27,10.6195,2014-08-29
2014-08-28,10.6455,2014-08-29
2014-08-29,10.6475,2014-08-29
2014-09-02,10.742,2014-09-30
2014-09-03,10.6805,2014-09-30
2014-09-04,10.7055,2014-09-30
2014-09-05,10.6915,2014-09-30
2014-09-08,10.778,2014-09-30
2014-09-09,10.9245,2014-09-30
2014-09-10,10.9265,2014-09-30
2014-09-11,10.9545,2014-09-30
2014-09-12,10.993,2014-09-30
2014-09-15,10.985,2014-09-30
2014-09-16,10.872,2014-09-30
2014-09-17,10.967,2014-09-30
2014-09-18,11.054,2014-09-30
2014-09-19,11.08,2014-09-30
2014-09-22,11.1635,2014-09-30
2014-09-23,11.135,2014-09-30
2014-09-24,11.1495,2014-09-30
2014-09-25,11.183,2014-09-30
2014-09-26,11.25,2014-09-30
2014-09-29,11.2655,2014-09-30
2014-09-30,11.3055,2014-09-30
2014-10-01,11.25,2014-10-31
2014-10-02,11.215,2014-10-31
2014-10-03,11.3425,2014-10-31
2014-10-06,11.245,2014-10-31
2014-10-07,11.1795,2014-10-31
2014-10-08,11.173,2014-10-31
2014-10-09,11.085,2014-10-31
2014-10-10,11.0875,2014-10-31
2014-10-14,11.0405,2014-10-31
2014-10-15,11.064,2014-10-31
2014-10-16,11.0975,2014-10-31
2014-10-17,11.091,2014-10-31
2014-10-20,11.018,2014-10-31
2014-10-21,10.9925,2014-10-31
2014-10-22,10.9835,2014-10-31
2014-10-23,10.965,2014-10-31
2014-10-24,10.929,2014-10-31
2014-10-27,10.942,2014-10-31
2014-10-28,10.8555,2014-10-31
2014-10-29,10.8325,2014-10-31
2014-10-30,10.871,2014-10-31
2014-10-31,11.047,2014-10-31
2014-11-03,11.0755,2014-11-28
2014-11-04,11.046,2014-11-28
2014-11-05,11.14,2014-11-28
2014-11-06,11.2455,2014-11-28
2014-11-07,11.2695,2014-11-28
2014-11-10,11.252,2014-11-28
2014-11-12,11.174,2014-11-28
2014-11-13,11.2125,2014-11-28
2014-11-14,11.107,2014-11-28
2014-11-17,11.115,2014-11-28
2014-11-18,11.0245,2014-11-28
2014-11-19,11.0665,2014-11-28
2014-11-20,10.9625,2014-11-28
2014-11-21,10.936,2014-11-28
2014-11-24,11.033,2014-11-28
2014-11-25,10.9375,2014-11-28
2014-11-26,10.9645,2014-11-28
2014-11-28,11.0595,2014-11-28
2014-12-01,10.994,2014-12-31
2014-12-02,11.121,2014-12-31
2014-12-03,11.2375,2014-12-31
2014-12-04,11.178,2014-12-31
2014-12-05,11.3435,2014-12-31
2014-12-08,11.556,2014-12-31
2014-12-09,11.421,2014-12-31
2014-12-10,11.53,2014-12-31
2014-12-11,11.63,2014-12-31
2014-12-12,11.6625,2014-12-31
2014-12-15,11.7455,2014-12-31
2014-12-16,11.6675,2014-12-31
2014-12-17,11.624,2014-12-31
2014-12-18,11.5605,2014-12-31
2014-12-19,11.616,2014-12-31
2014-12-22,11.527,2014-12-31
2014-12-23,11.6355,2014-12-31
2014-12-24,11.654,2014-12-31
2014-12-29,11.637,2014-12-31
2014-12-30,11.565,2014-12-31
2014-12-31,11.5425,2014-12-31
2015-01-02,11.699,2015-01-30
2015-01-05,11.7155,2015-01-30
2015-01-06,11.7005,2015-01-30
2015-01-07,11.7075,2015-01-30
2015-01-08,11.553,2015-01-30
2015-01-09,11.485,2015-01-30
2015-01-12,11.526,2015-01-30
2015-01-13,11.51,2015-01-30
2015-01-14,11.4405,2015-01-30
2015-01-15,11.51,2015-01-30
2015-01-16,11.574,2015-01-30
2015-01-20,11.613,2015-01-30
2015-01-21,11.524,2015-01-30
2015-01-22,11.3765,2015-01-30
2015-01-23,11.402,2015-01-30
2015-01-26,11.443,2015-01-30
2015-01-27,11.541,2015-01-30
2015-01-28,11.525,2015-01-30
2015-01-29,11.557,2015-01-30
2015-01-30,11.651,2015-01-30
2015-02-02,11.5185,2015-02-27
2015-02-03,11.4065,2015-02-27
2015-02-04,11.4375,2015-02-27
2015-02-05,11.2705,2015-02-27
2015-02-06,11.5005,2015-02-27
2015-02-09,11.593,2015-02-27
2015-02-10,11.704,2015-02-27
2015-02-11,11.8645,2015-02-27
2015-02-12,11.692,2015-02-27
2015-02-13,11.63,2015-02-27
2015-02-17,11.631,2015-02-27
2015-02-18,11.682,2015-02-27
2015-02-19,11.6225,2015-02-27
2015-02-20,11.623,2015-02-27
2015-02-23,11.625,2015-02-27
2015-02-24,11.5385,2015-02-27
2015-02-25,11.444,2015-02-27
2015-02-26,11.5,2015-02-27
2015-02-27,11.6865,2015-02-27
2015-03-02,11.749,2015-03-31
2015-03-03,11.766,2015-03-31
2015-03-04,11.823,2015-03-31
2015-03-05,11.8145,2015-03-31
2015-03-06,12.0555,2015-03-31
2015-03-09,12.091,2015-03-31
2015-03-10,12.3335,2015-03-31
2015-03-11,12.276,2015-03-31
2015-03-12,12.2625,2015-03-31
2015-03-13,12.4655,2015-03-31
2015-03-16,12.42,2015-03-31
2015-03-17,12.3875,2015-03-31
2015-03-18,12.3265,2015-03-31
2015-03-19,12.3285,2015-03-31
2015-03-20,12.04,2015-03-31
2015-03-23,11.903,2015-03-31
2015-03-24,11.836,2015-03-31
2015-03-25,11.855,2015-03-31
2015-03-26,11.922,2015-03-31
2015-03-27,12.0155,2015-03-31
2015-03-30,12.1355,2015-03-31
2015-03-31,12.1385,2015-03-31
2015-04-01,11.961,2015-04-30
2015-04-02,11.973,2015-04-30
2015-04-03,11.7765,2015-04-30
2015-04-06,11.734,2015-04-30
2015-04-07,11.8575,2015-04-30
2015-04-08,11.8145,2015-04-30
2015-04-09,11.904,2015-04-30
2015-04-10,11.9935,2015-04-30
2015-04-13,12.1095,2015-04-30
2015-04-14,11.994,2015-04-30
2015-04-15,12.172,2015-04-30
2015-04-16,11.965,2015-04-30
2015-04-17,12.067,2015-04-30
2015-04-20,12.0945,2015-04-30
2015-04-21,12.112,2015-04-30
2015-04-22,12.205,2015-04-30
2015-04-23,12.18,2015-04-30
2015-04-24,12.1055,2015-04-30
2015-04-27,11.9785,2015-04-30
2015-04-28,11.81,2015-04-30
2015-04-29,11.7185,2015-04-30
2015-04-30,11.9355,2015-04-30
2015-05-01,12.065,2015-05-29
2015-05-04,12.0455,2015-05-29
2015-05-05,12.004,2015-05-29
2015-05-06,11.9775,2015-05-29
2015-05-07,12.0405,2015-05-29
2015-05-08,11.9215,2015-05-29
2015-05-11,12.082,2015-05-29
2015-05-12,12.043,2015-05-29
2015-05-13,11.876,2015-05-29
2015-05-14,11.822,2015-05-29
2015-05-15,11.7645,2015-05-29
2015-05-18,11.852,2015-05-29
2015-05-19,11.913,2015-05-29
2015-05-20,11.8705,2015-05-29
2015-05-21,11.8395,2015-05-29
2015-05-22,11.86,2015-05-29
2015-05-26,12.079,2015-05-29
2015-05-27,12.0775,2015-05-29
2015-05-28,12.1655,2015-05-29
2015-05-29,12.142,2015-05-29
2015-06-01,12.253,2015-06-30
2015-06-02,12.229,2015-06-30
2015-06-03,12.2625,2015-06-30
2015-06-04,12.3625,2015-06-30
2015-06-05,12.5715,2015-06-30
2015-06-08,12.54,2015-06-30
2015-06-09,12.43,2015-06-30
2015-06-10,12.3115,2015-06-30
2015-06-11,12.337,2015-06-30
2015-06-12,12.405,2015-06-30
2015-06-15,12.4025,2015-06-30
2015-06-16,12.3815,2015-06-30
2015-06-17,12.41,2015-06-30
2015-06-18,12.189,2015-06-30
2015-06-19,12.1545,2015-06-30
2015-06-22,12.1105,2015-06-30
2015-06-23,12.1955,2015-06-30
2015-06-24,12.1455,2015-06-30
2015-06-25,12.0845,2015-06-30
2015-06-26,12.214,2015-06-30
2015-06-29,12.274,2015-06-30
2015-06-30,12.145,2015-06-30
2015-07-01,12.253,2015-07-31
2015-07-02,12.27,2015-07-31
2015-07-06,12.3985,2015-07-31
2015-07-07,12.509,2015-07-31
2015-07-08,12.5225,2015-07-31
2015-07-09,12.519,2015-07-31
2015-07-10,12.463,2015-07-31
2015-07-13,12.446,2015-07-31
2015-07-14,12.3375,2015-07-31
2015-07-15,12.4355,2015-07-31
2015-07-16,12.3735,2015-07-31
2015-07-17,12.337,2015-07-31
2015-07-20,12.435,2015-07-31
2015-07-21,12.3355,2015-07-31
2015-07-22,12.4045,2015-07-31
2015-07-23,12.4245,2015-07-31
2015-07-24,12.614,2015-07-31
2015-07-27,12.6095,2015-07-31
2015-07-28,12.566,2015-07-31
2015-07-29,12.5105,2015-07-31
2015-07-30,12.7405,2015-07-31
2015-07-31,12.62,2015-07-31
2015-08-03,12.687,2015-08-31
2015-08-04,12.655,2015-08-31
2015-08-05,12.81,2015-08-31
2015-08-06,12.7405,2015-08-31
2015-08-07,12.6275,2015-08-31
2015-08-10,12.6735,2015-08-31
2015-08-11,12.803,2015-08-31
2015-08-12,12.76,2015-08-31
2015-08-13,12.8205,2015-08-31
2015-08-14,12.798,2015-08-31
2015-08-17,12.8765,2015-08-31
2015-08-18,12.926,2015-08-31
2015-08-19,12.946,2015-08-31
2015-08-20,12.8615,2015-08-31
2015-08-21,12.925,2015-08-31
2015-08-24,13.169,2015-08-31
2015-08-25,13.046,2015-08-31
2015-08-26,13.125,2015-08-31
2015-08-27,13.112,2015-08-31
2015-08-28,13.3185,2015-08-31
2015-08-31,13.2455,2015-08-31
2015-09-01,13.398,2015-09-30
2015-09-02,13.479,2015-09-30
2015-09-03,13.525,2015-09-30
2015-09-04,13.83,2015-09-30
2015-09-08,13.744,2015-09-30
2015-09-09,13.722,2015-09-30
2015-09-10,13.6425,2015-09-30
2015-09-11,13.6175,2015-09-30
2015-09-14,13.5195,2015-09-30
2015-09-15,13.4655,2015-09-30
2015-09-16,13.2715,2015-09-30
2015-09-17,13.3755,2015-09-30
2015-09-18,13.276,2015-09-30
2015-09-21,13.48,2015-09-30
2015-09-22,13.6945,2015-09-30
2015-09-23,13.8285,2015-09-30
2015-09-24,13.934,2015-09-30
2015-09-25,13.8645,2015-09-30
2015-09-28,13.973,2015-09-30
2015-09-29,13.958,2015-09-30
2015-09-30,13.8155,2015-09-30
2015-10-01,13.87,2015-10-30
2015-10-02,13.7865,2015-10-30
2015-10-05,13.5725,2015-10-30
2015-10-06,13.5185,2015-10-30
2015-10-07,13.397,2015-10-30
2015-10-08,13.373,2015-10-30
2015-10-09,13.3155,2015-10-30
2015-10-13,13.437,2015-10-30
2015-10-14,13.3305,2015-10-30
2015-10-15,13.0785,2015-10-30
2015-10-16,13.108,2015-10-30
2015-10-19,13.2755,2015-10-30
2015-10-20,13.2565,2015-10-30
2015-10-21,13.4925,2015-10-30
2015-10-22,13.4225,2015-10-30
2015-10-23,13.655,2015-10-30
2015-10-26,13.6025,2015-10-30
2015-10-27,13.6605,2015-10-30
2015-10-28,13.5495,2015-10-30
2015-10-29,13.8335,2015-10-30
2015-10-30,13.8135,2015-10-30
2015-11-02,13.7865,2015-11-30
2015-11-03,13.795,2015-11-30
2015-11-04,13.9655,2015-11-30
2015-11-05,13.9005,2015-11-30
2015-11-06,14.186,2015-11-30
2015-11-09,14.305,2015-11-30
2015-11-10,14.2645,2015-11-30
2015-11-12,14.2725,2015-11-30
2015-11-13,14.3825,2015-11-30
2015-11-16,14.386,2015-11-30
2015-11-17,14.286,2015-11-30
2015-11-18,14.2005,2015-11-30
2015-11-19,14.0085,2015-11-30
2015-11-20,13.9355,2015-11-30
2015-11-23,14.083,2015-11-30
2015-11-24,13.9835,2015-11-30
2015-11-25,14.144,2015-11-30
2015-11-27,14.388,2015-11-30
2015-11-30,14.48,2015-11-30
2015-12-01,14.4325,2015-12-31
2015-12-02,14.375,2015-12-31
2015-12-03,14.37,2015-12-31
2015-12-04,14.3255,2015-12-31
2015-12-07,14.5425,2015-12-31
2015-12-08,14.6,2015-12-31
2015-12-09,14.5775,2015-12-31
2015-12-10,15.2519,2015-12-31
2015-12-11,15.751,2015-12-31
2015-12-14,15.1465,2015-12-31
2015-12-15,14.9815,2015-12-31
2015-12-16,15.0725,2015-12-31
2015-12-17,15.206,2015-12-31
2015-12-18,15.0435,2015-12-31
2015-12-21,15.1045,2015-12-31
2015-12-22,15.1855,2015-12-31
2015-12-23,15.1845,2015-12-31
2015-12-24,15.274,2015-12-31
2015-12-28,15.2935,2015-12-31
2015-12-29,15.2885,2015-12-31
2015-12-30,15.5795,2015-12-31
2015-12-31,15.466,2015-12-31
2016-01-04,15.615,2016-01-29
2016-01-05,15.626,2016-01-29
2016-01-06,15.7855,2016-01-29
2016-01-07,15.974,2016-01-29
2016-01-08,16.18,2016-01-29
2016-01-11,16.8025,2016-01-29
2016-01-12,16.7125,2016-01-29
2016-01-13,16.3905,2016-01-29
2016-01-14,16.4305,2016-01-29
2016-01-15,16.8125,2016-01-29
2016-01-19,16.693,2016-01-29
2016-01-20,16.8845,2016-01-29
2016-01-21,16.5125,2016-01-29
2016-01-22,16.4625,2016-01-29
2016-01-25,16.451,2016-01-29
2016-01-26,16.3535,2016-01-29
2016-01-27,16.3355,2016-01-29
2016-01-28,16.1995,2016-01-29
2016-01-29,15.9535,2016-01-29
2016-02-01,15.948,2016-02-29
2016-02-02,16.1835,2016-02-29
2016-02-03,16.14,2016-02-29
2016-02-04,15.8305,2016-02-29
2016-02-05,15.9785,2016-02-29
2016-02-08,16.14,2016-02-29
2016-02-09,16.0532,2016-02-29
2016-02-10,15.8555,2016-02-29
2016-02-11,15.82,2016-02-29
2016-02-12,15.825,2016-02-29
2016-02-16,15.705,2016-02-29
2016-02-17,15.47,2016-02-29
2016-02-18,15.37,2016-02-29
2016-02-19,15.4095,2016-02-29
2016-02-22,15.183,2016-02-29
2016-02-23,15.205,2016-02-29
2016-02-24,15.6445,2016-02-29
2016-02-25,15.5805,2016-02-29
2016-02-26,16.155,2016-02-29
2016-02-29,15.7465,2016-02-29
2016-03-01,15.5465,2016-03-31
2016-03-02,15.6055,2016-03-31
2016-03-03,15.5825,2016-03-31
2016-03-04,15.3095,2016-03-31
2016-03-07,15.283,2016-03-31
2016-03-08,15.3825,2016-03-31
2016-03-09,15.145,2016-03-31
2016-03-10,15.3835,2016-03-31
2016-03-11,15.2005,2016-03-31
2016-03-14,15.5555,2016-03-31
2016-03-15,15.945,2016-03-31
2016-03-16,16.14,2016-03-31
2016-03-17,15.161,2016-03-31
2016-03-18,15.256,2016-03-31
2016-03-21,15.156,2016-03-31
2016-03-22,15.219,2016-03-31
2016-03-23,15.3215,2016-03-31
2016-03-24,15.5225,2016-03-31
2016-03-25,15.4675,2016-03-31
2016-03-28,15.5755,2016-03-31
2016-03-29,15.3655,2016-03-31
2016-03-30,14.887,2016-03-31
2016-03-31,14.71,2016-03-31
2016-04-01,14.735,2016-04-29
2016-04-04,14.6805,2016-04-29
2016-04-05,15.07,2016-04-29
2016-04-06,15.11,2016-04-29
2016-04-07,15.1465,2016-04-29
2016-04-08,14.9605,2016-04-29
2016-04-11,14.7055,2016-04-29
2016-04-12,14.6855,2016-04-29
2016-04-13,14.58,2016-04-29
2016-04-14,14.5225,2016-04-29
2016-04-15,14.5785,2016-04-29
2016-04-18,14.481,2016-04-29
2016-04-19,14.2855,2016-04-29
2016-04-20,14.215,2016-04-29
2016-04-21,14.28,2016-04-29
2016-04-22,14.4025,2016-04-29
2016-04-25,14.5175,2016-04-29
2016-04-26,14.3605,2016-04-29
2016-04-27,14.5055,2016-04-29
2016-04-28,14.2645,2016-04-29
2016-04-29,14.2355,2016-04-29
2016-05-02,14.3255,2016-05-31
2016-05-03,14.6085,2016-05-31
2016-05-04,14.9215,2016-05-31
2016-05-05,14.929,2016-05-31
2016-05-06,14.885,2016-05-31
2016-05-09,15.184,2016-05-31
2016-05-10,15.1305,2016-05-31
2016-05-11,15.0265,2016-05-31
2016-05-12,15.06,2016-05-31
2016-05-13,15.3505,2016-05-31
2016-05-16,15.6075,2016-05-31
2016-05-17,15.5215,2016-05-31
2016-05-18,15.743,2016-05-31
2016-05-19,15.8805,2016-05-31
2016-05-20,15.669,2016-05-31
2016-05-23,15.7625,2016-05-31
2016-05-24,15.615,2016-05-31
2016-05-25,15.69,2016-05-31
2016-05-26,15.565,2016-05-31
2016-05-27,15.65,2016-05-31
2016-05-31,15.715,2016-05-31
2016-06-01,15.5975,2016-06-30
2016-06-02,15.591,2016-06-30
2016-06-03,15.101,2016-06-30
2016-06-06,14.9605,2016-06-30
2016-06-07,14.876,2016-06-30
2016-06-08,14.7125,2016-06-30
2016-06-09,14.8345,2016-06-30
2016-06-10,15.1055,2016-06-30
2016-06-13,15.1535,2016-06-30
2016-06-14,15.3035,2016-06-30
2016-06-15,15.2525,2016-06-30
2016-06-16,15.4485,2016-06-30
2016-06-17,15.217,2016-06-30
2016-06-20,14.8215,2016-06-30
2016-06-21,14.7555,2016-06-30
2016-06-22,14.63,2016-06-30
2016-06-23,14.426,2016-06-30
2016-06-24,15.0,2016-06-30
2016-06-27,15.49,2016-06-30
2016-06-28,15.218,2016-06-30
2016-06-29,14.831,2016-06-30
2016-06-30,14.7755,2016-06-30
2016-07-01,14.5755,2016-07-29
2016-07-05,14.7865,2016-07-29
2016-07-06,14.7775,2016-07-29
2016-07-07,14.7,2016-07-29
2016-07-08,14.575,2016-07-29
2016-07-11,14.436,2016-07-29
2016-07-12,14.331,2016-07-29
2016-07-13,14.424,2016-07-29
2016-07-14,14.232,2016-07-29
2016-07-15,14.353,2016-07-29
2016-07-18,14.2585,2016-07-29
2016-07-19,14.332,2016-07-29
2016-07-20,14.338,2016-07-29
2016-07-21,14.2245,2016-07-29
2016-07-22,14.346,2016-07-29
2016-07-25,14.37,2016-07-29
2016-07-26,14.3635,2016-07-29
2016-07-27,14.3505,2016-07-29
2016-07-28,14.199,2016-07-29
2016-07-29,13.8875,2016-07-29
2016-08-01,13.9005,2016-08-31
2016-08-02,14.0125,2016-08-31
2016-08-03,13.9645,2016-08-31
2016-08-04,13.68,2016-08-31
2016-08-05,13.797,2016-08-31
2016-08-08,13.6275,2016-08-31
2016-08-09,13.4205,2016-08-31
2016-08-10,13.3105,2016-08-31
2016-08-11,13.321,2016-08-31
2016-08-12,13.5175,2016-08-31
2016-08-15,13.3105,2016-08-31
2016-08-16,13.306,2016-08-31
2016-08-17,13.4905,2016-08-31
2016-08-18,13.35,2016-08-31
2016-08-19,13.5065,2016-08-31
2016-08-22,13.5705,2016-08-31
2016-08-23,13.8,2016-08-31
2016-08-24,14.19,2016-08-31
2016-08-25,14.232,2016-08-31
2016-08-26,14.1205,2016-08-31
2016-08-29,14.3925,2016-08-31
2016-08-30,14.485,2016-08-31
2016-08-31,14.6985,2016-08-31
2016-09-01,14.6845,2016-09-30
2016-09-02,14.4705,2016-09-30
2016-09-06,14.063,2016-09-30
2016-09-07,14.05,2016-09-30
2016-09-08,14.113,2016-09-30
2016-09-09,14.391,2016-09-30
2016-09-12,14.39,2016-09-30
2016-09-13,14.4735,2016-09-30
2016-09-14,14.255,2016-09-30
2016-09-15,14.1875,2016-09-30
2016-09-16,14.2265,2016-09-30
2016-09-19,14.005,2016-09-30
2016-09-20,13.855,2016-09-30
2016-09-21,13.68,2016-09-30
2016-09-22,13.6075,2016-09-30
2016-09-23,13.69,2016-09-30
2016-09-26,13.675,2016-09-30
2016-09-27,13.48,2016-09-30
2016-09-28,13.6825,2016-09-30
2016-09-29,13.855,2016-09-30
2016-09-30,13.72,2016-09-30
2016-10-03,13.645,2016-10-31
2016-10-04,13.73,2016-10-31
2016-10-05,13.715,2016-10-31
2016-10-06,13.855,2016-10-31
2016-10-07,13.9325,2016-10-31
2016-10-11,14.36,2016-10-31
2016-10-12,14.255,2016-10-31
2016-10-13,14.2225,2016-10-31
2016-10-14,14.2475,2016-10-31
2016-10-17,14.145,2016-10-31
2016-10-18,13.89,2016-10-31
2016-10-19,13.86,2016-10-31
2016-10-20,13.9125,2016-10-31
2016-10-21,14.0275,2016-10-31
2016-10-24,13.9175,2016-10-31
2016-10-25,13.775,2016-10-31
2016-10-26,13.8775,2016-10-31
2016-10-27,13.86,2016-10-31
2016-10-28,13.8325,2016-10-31
2016-10-31,13.485,2016-10-31
2016-11-01,13.575,2016-11-30
2016-11-02,13.51,2016-11-30
2016-11-03,13.475,2016-11-30
2016-11-04,13.61,2016-11-30
2016-11-07,13.3425,2016-11-30
2016-11-08,13.2725,2016-11-30
2016-11-09,13.475,2016-11-30
2016-11-10,14.0425,2016-11-30
2016-11-14,14.37,2016-11-30
2016-11-15,14.2,2016-11-30
2016-11-16,14.295,2016-11-30
2016-11-17,14.305,2016-11-30
2016-11-18,14.38,2016-11-30
2016-11-21,14.2675,2016-11-30
2016-11-22,14.1325,2016-11-30
2016-11-23,14.2025,2016-11-30
2016-11-25,14.105,2016-11-30
2016-11-28,13.7325,2016-11-30
2016-11-29,13.88,2016-11-30
2016-11-30,14.0775,2016-11-30
2016-12-01,14.075,2016-12-30
2016-12-02,13.8825,2016-12-30
2016-12-05,13.7725,2016-12-30
2016-12-06,13.5975,2016-12-30
2016-12-07,13.52,2016-12-30
2016-12-08,13.65,2016-12-30
2016-12-09,13.765,2016-12-30
2016-12-12,13.645,2016-12-30
2016-12-13,13.6375,2016-12-30
2016-12-14,13.6725,2016-12-30
2016-12-15,14.1025,2016-12-30
2016-12-16,14.075,2016-12-30
2016-12-19,14.0925,2016-12-30
2016-12-20,14.015,2016-12-30
2016-12-21,13.9385,2016-12-30
2016-12-22,14.0305,2016-12-30
2016-12-23,14.0081,2016-12-30
2016-12-27,13.9325,2016-12-30
2016-12-28,13.8575,2016-12-30
2016-12-29,13.6225,2016-12-30
2016-12-30,13.7,2016-12-30
2017-01-03,13.78,2017-01-31
2017-01-04,13.6275,2017-01-31
2017-01-05,13.5575,2017-01-31
2017-01-06,13.715,2017-01-31
2017-01-09,13.6325,2017-01-31
2017-01-10,13.6725,2017-01-31
2017-01-11,13.8375,2017-01-31
2017-01-12,13.4675,2017-01-31
2017-01-13,13.4425,2017-01-31
2017-01-17,13.495,2017-01-31
2017-01-18,13.505,2017-01-31
2017-01-19,13.6,2017-01-31
2017-01-23,13.5,2017-01-31
2017-01-24,13.3375,2017-01-31
2017-01-25,13.2625,2017-01-31
2017-01-26,13.3825,2017-01-31
2017-01-27,13.49,2017-01-31
2017-01-30,13.535,2017-01-31
2017-01-31,13.5075,2017-01-31
2017-02-01,13.425,2017-02-28
2017-02-02,13.3675,2017-02-28
2017-02-03,13.23,2017-02-28
2017-02-06,13.4,2017-02-28
2017-02-07,13.4175,2017-02-28
2017-02-08,13.3875,2017-02-28
2017-02-09,13.3925,2017-02-28
2017-02-10,13.38,2017-02-28
2017-02-13,13.3125,2017-02-28
2017-02-14,13.1625,2017-02-28
2017-02-15,12.9625,2017-02-28
2017-02-16,13.05,2017-02-28
2017-02-17,13.0975,2017-02-28
2017-02-21,13.12,2017-02-28
2017-02-22,13.065,2017-02-28
2017-02-23,12.8975,2017-02-28
2017-02-24,12.9275,2017-02-28
2017-02-27,12.925,2017-02-28
2017-02-28,13.1,2017-02-28
2017-03-01,13.0325,2017-03-31
2017-03-02,13.1,2017-03-31
2017-03-03,13.09,2017-03-31
2017-03-06,13.0,2017-03-31
2017-03-07,12.955,2017-03-31
2017-03-08,13.0975,2017-03-31
2017-03-09,13.29,2017-03-31
2017-03-10,13.215,2017-03-31
2017-03-13,13.1125,2017-03-31
2017-03-14,13.14,2017-03-31
2017-03-15,13.0275,2017-03-31
2017-03-16,12.7375,2017-03-31
2017-03-17,12.7425,2017-03-31
2017-03-20,12.63,2017-03-31
2017-03-21,12.615,2017-03-31
2017-03-22,12.56,2017-03-31
2017-03-23,12.495,2017-03-31
2017-03-24,12.43,2017-03-31
2017-03-27,12.7425,2017-03-31
2017-03-28,12.9,2017-03-31
2017-03-29,13.025,2017-03-31
2017-03-30,12.8075,2017-03-31
2017-03-31,13.4225,2017-03-31
2017-04-03,13.705,2017-04-28
2017-04-04,13.5375,2017-04-28
2017-04-05,13.7525,2017-04-28
2017-04-06,13.77,2017-04-28
2017-04-07,13.77,2017-04-28
2017-04-10,13.9025,2017-04-28
2017-04-11,13.8275,2017-04-28
2017-04-12,13.6225,2017-04-28
2017-04-13,13.4225,2017-04-28
2017-04-14,13.415,2017-04-28
2017-04-17,13.295,2017-04-28
2017-04-18,13.285,2017-04-28
2017-04-19,13.3025,2017-04-28
2017-04-20,13.1875,2017-04-28
2017-04-21,13.1575,2017-04-28
2017-04-24,12.985,2017-04-28
2017-04-25,13.0875,2017-04-28
2017-04-26,13.2825,2017-04-28
2017-04-27,13.3725,2017-04-28
2017-04-28,13.335,2017-04-28
2017-05-01,13.375,2017-05-31
2017-05-02,13.285,2017-05-31
2017-05-03,13.3525,2017-05-31
2017-05-04,13.615,2017-05-31
2017-05-05,13.4775,2017-05-31
2017-05-08,13.6,2017-05-31
2017-05-09,13.59,2017-05-31
2017-05-10,13.45,2017-05-31
2017-05-11,13.33,2017-05-31
2017-05-12,13.375,2017-05-31
2017-05-15,13.16,2017-05-31
2017-05-16,13.0925,2017-05-31
2017-05-17,13.1675,2017-05-31
2017-05-18,13.41,2017-05-31
2017-05-19,13.2225,2017-05-31
2017-05-22,13.2175,2017-05-31
2017-05-23,13.105,2017-05-31
2017-05-24,12.9525,2017-05-31
2017-05-25,12.875,2017-05-31
2017-05-26,12.87,2017-05-31
2017-05-30,13.1125,2017-05-31
2017-05-31,13.1725,2017-05-31
2017-06-01,12.9775,2017-06-30
2017-06-02,12.8,2017-06-30
2017-06-05,12.685,2017-06-30
2017-06-06,12.8325,2017-06-30
2017-06-07,12.8275,2017-06-30
2017-06-08,12.8975,2017-06-30
2017-06-09,12.8525,2017-06-30
2017-06-12,12.83,2017-06-30
2017-06-13,12.8,2017-06-30
2017-06-14,12.5925,2017-06-30
2017-06-15,12.8725,2017-06-30
2017-06-16,12.815,2017-06-30
2017-06-19,12.955,2017-06-30
2017-06-20,13.065,2017-06-30
2017-06-21,13.0425,2017-06-30
2017-06-22,12.98,2017-06-30
2017-06-23,12.9175,2017-06-30
2017-06-26,12.85,2017-06-30
2017-06-27,12.96,2017-06-30
2017-06-28,12.955,2017-06-30
2017-06-29,13.0325,2017-06-30
2017-06-30,13.0925,2017-06-30
2017-07-03,13.2225,2017-07-31
2017-07-05,13.4,2017-07-31
2017-07-06,13.45,2017-07-31
2017-07-07,13.425,2017-07-31
2017-07-10,13.43,2017-07-31
2017-07-11,13.595,2017-07-31
2017-07-12,13.235,2017-07-31
2017-07-13,13.2525,2017-07-31
2017-07-14,13.0275,2017-07-31
2017-07-17,12.91,2017-07-31
2017-07-18,12.905,2017-07-31
2017-07-19,12.92,2017-07-31
2017-07-20,13.005,2017-07-31
2017-07-21,12.9425,2017-07-31
2017-07-24,12.965,2017-07-31
2017-07-25,13.025,2017-07-31
2017-07-26,13.0275,2017-07-31
2017-07-27,13.025,2017-07-31
2017-07-28,13.0225,2017-07-31
2017-07-31,13.2225,2017-07-31
2017-08-01,13.215,2017-08-31
2017-08-02,13.21,2017-08-31
2017-08-03,13.3925,2017-08-31
2017-08-04,13.46,2017-08-31
2017-08-07,13.27,2017-08-31
2017-08-08,13.2,2017-08-31
2017-08-09,13.455,2017-08-31
2017-08-10,13.355,2017-08-31
2017-08-11,13.47,2017-08-31
2017-08-14,13.2975,2017-08-31
2017-08-15,13.3075,2017-08-31
2017-08-16,13.21,2017-08-31
2017-08-17,13.1825,2017-08-31
2017-08-18,13.1525,2017-08-31
2017-08-21,13.155,2017-08-31
2017-08-22,13.21,2017-08-31
2017-08-23,13.2075,2017-08-31
2017-08-24,13.2,2017-08-31
2017-08-25,13.0325,2017-08-31
2017-08-28,13.0425,2017-08-31
2017-08-29,12.945,2017-08-31
2017-08-30,12.98,2017-08-31
2017-08-31,12.9925,2017-08-31
2017-09-01,12.925,2017-09-29
2017-09-05,12.895,2017-09-29
2017-09-06,12.7625,2017-09-29
2017-09-07,12.855,2017-09-29
2017-09-08,12.92,2017-09-29
2017-09-11,12.9525,2017-09-29
2017-09-12,12.9975,2017-09-29
2017-09-13,13.155,2017-09-29
2017-09-14,13.16,2017-09-29
2017-09-15,13.16,2017-09-29
2017-09-18,13.2875,2017-09-29
2017-09-19,13.3325,2017-09-29
2017-09-20,13.2325,2017-09-29
2017-09-21,13.2575,2017-09-29
2017-09-22,13.19,2017-09-29
2017-09-25,13.35,2017-09-29
2017-09-26,13.3875,2017-09-29
2017-09-27,13.5375,2017-09-29
2017-09-28,13.5275,2017-09-29
2017-09-29,13.51,2017-09-29
2017-10-02,13.59,2017-10-31
2017-10-03,13.66,2017-10-31
2017-10-04,13.59,2017-10-31
2017-10-05,13.6325,2017-10-31
2017-10-06,13.73,2017-10-31
2017-10-10,13.6425,2017-10-31
2017-10-11,13.555,2017-10-31
2017-10-12,13.4575,2017-10-31
2017-10-13,13.26,2017-10-31
2017-10-16,13.2775,2017-10-31
2017-10-17,13.425,2017-10-31
2017-10-18,13.5675,2017-10-31
2017-10-19,13.5375,2017-10-31
2017-10-20,13.675,2017-10-31
2017-10-23,13.735,2017-10-31
2017-10-24,13.735,2017-10-31
2017-10-25,14.07,2017-10-31
2017-10-26,14.1725,2017-10-31
2017-10-27,14.1725,2017-10-31
2017-10-30,14.03,2017-10-31
2017-10-31,14.1325,2017-10-31
2017-11-01,14.08,2017-11-30
2017-11-02,14.0175,2017-11-30
2017-11-03,14.215,2017-11-30
2017-11-06,14.1525,2017-11-30
2017-11-07,14.235,2017-11-30
2017-11-08,14.1205,2017-11-30
2017-11-09,14.2525,2017-11-30
2017-11-13,14.4925,2017-11-30
2017-11-14,14.3875,2017-11-30
2017-11-15,14.395,2017-11-30
2017-11-16,14.185,2017-11-30
2017-11-17,13.97,2017-11-30
2017-11-20,14.045,2017-11-30
2017-11-21,13.965,2017-11-30
2017-11-22,13.8725,2017-11-30
2017-11-24,13.8575,2017-11-30
2017-11-27,13.7375,2017-11-30
2017-11-28,13.595,2017-11-30
2017-11-29,13.6375,2017-11-30
2017-11-30,13.6425,2017-11-30
2017-12-01,13.7225,2017-12-29
2017-12-04,13.5725,2017-12-29
2017-12-05,13.47,2017-12-29
2017-12-06,13.53,2017-12-29
2017-12-07,13.6375,2017-12-29
2017-12-08,13.6575,2017-12-29
2017-12-11,13.5675,2017-12-29
2017-12-12,13.695,2017-12-29
2017-12-13,13.525,2017-12-29
2017-12-14,13.4775,2017-12-29
2017-12-15,13.185,2017-12-29
2017-12-18,12.595,2017-12-29
2017-12-19,12.725,2017-12-29
2017-12-20,12.5875,2017-12-29
2017-12-21,12.73,2017-12-29
2017-12-22,12.605,2017-12-29
2017-12-26,12.505,2017-12-29
2017-12-27,12.3,2017-12-29
2017-12-28,12.3725,2017-12-29
2017-12-29,12.375,2017-12-29
2018-01-02,12.44,2018-01-31
2018-01-03,12.34,2018-01-31
2018-01-04,12.31,2018-01-31
2018-01-05,12.34,2018-01-31
2018-01-08,12.385,2018-01-31
2018-01-09,12.38,2018-01-31
2018-01-10,12.495,2018-01-31
2018-01-11,12.455,2018-01-31
2018-01-12,12.42,2018-01-31
2018-01-16,12.265,2018-01-31
2018-01-17,12.2775,2018-01-31
2018-01-18,12.1175,2018-01-31
2018-01-19,12.215,2018-01-31
2018-01-22,12.09,2018-01-31
2018-01-23,12.08,2018-01-31
2018-01-24,11.9275,2018-01-31
2018-01-25,11.8525,2018-01-31
2018-01-26,11.885,2018-01-31
2018-01-29,11.97,2018-01-31
2018-01-30,11.9625,2018-01-31
2018-01-31,11.89,2018-01-31
2018-02-01,11.84,2018-02-28
2018-02-02,12.04,2018-02-28
2018-02-05,12.03,2018-02-28
2018-02-06,12.005,2018-02-28
2018-02-07,11.965,2018-02-28
2018-02-08,12.1325,2018-02-28
2018-02-09,12.0525,2018-02-28
2018-02-12,11.91,2018-02-28
2018-02-13,11.94,2018-02-28
2018-02-14,11.7425,2018-02-28
2018-02-15,11.66,2018-02-28
2018-02-16,11.6125,2018-02-28
2018-02-20,11.725,2018-02-28
2018-02-21,11.6325,2018-02-28
2018-02-22,11.67,2018-02-28
2018-02-23,11.55,2018-02-28
2018-02-26,11.615,2018-02-28
2018-02-27,11.7075,2018-02-28
2018-02-28,11.78,2018-02-28
2018-03-01,11.8825,2018-03-30
2018-03-02,11.9575,2018-03-30
2018-03-05,11.84,2018-03-30
2018-03-06,11.77,2018-03-30
2018-03-07,11.8725,2018-03-30
2018-03-08,11.9075,2018-03-30
2018-03-09,11.81,2018-03-30
2018-03-12,11.8275,2018-03-30
2018-03-13,11.7725,2018-03-30
2018-03-14,11.775,2018-03-30
2018-03-15,11.87,2018-03-30
2018-03-16,11.9925,2018-03-30
2018-03-19,12.0625,2018-03-30
2018-03-20,11.9575,2018-03-30
2018-03-21,11.9075,2018-03-30
2018-03-22,11.88,2018-03-30
2018-03-23,11.755,2018-03-30
2018-03-26,11.665,2018-03-30
2018-03-27,11.6275,2018-03-30
2018-03-28,11.73,2018-03-30
2018-03-29,11.85,2018-03-30
2018-03-30,11.815,2018-03-30
2018-04-02,11.8525,2018-04-30
2018-04-03,11.82,2018-04-30
2018-04-04,11.905,2018-04-30
2018-04-05,11.9675,2018-04-30
2018-04-06,12.05,2018-04-30
2018-04-09,12.0775,2018-04-30
2018-04-10,12.05,2018-04-30
2018-04-11,11.985,2018-04-30
2018-04-12,12.015,2018-04-30
2018-04-13,12.085,2018-04-30
2018-04-16,12.0575,2018-04-30
2018-04-17,11.9775,2018-04-30
2018-04-18,11.935,2018-04-30
2018-04-19,11.98,2018-04-30
2018-04-20,12.0875,2018-04-30
2018-04-23,12.315,2018-04-30
2018-04-24,12.3325,2018-04-30
2018-04-25,12.4625,2018-04-30
2018-04-26,12.44,2018-04-30
2018-04-27,12.3675,2018-04-30
2018-04-30,12.4775,2018-04-30
2018-05-01,12.62,2018-05-31
2018-05-02,12.6625,2018-05-31
2018-05-03,12.675,2018-05-31
2018-05-04,12.52,2018-05-31
2018-05-07,12.5325,2018-05-31
2018-05-08,12.6275,2018-05-31
2018-05-09,12.59,2018-05-31
2018-05-10,12.3375,2018-05-31
2018-05-11,12.275,2018-05-31
2018-05-14,12.265,2018-05-31
2018-05-15,12.545,2018-05-31
2018-05-16,12.4375,2018-05-31
2018-05-17,12.58,2018-05-31
2018-05-18,12.72,2018-05-31
2018-05-21,12.7,2018-05-31
2018-05-22,12.525,2018-05-31
2018-05-23,12.535,2018-05-31
2018-05-24,12.4375,2018-05-31
2018-05-25,12.4575,2018-05-31
2018-05-29,12.6275,2018-05-31
2018-05-30,12.515,2018-05-31
2018-05-31,12.6825,2018-05-31
2018-06-01,12.64,2018-06-29
2018-06-04,12.5675,2018-06-29
2018-06-05,12.7625,2018-06-29
2018-06-06,12.7,2018-06-29
2018-06-07,12.945,2018-06-29
2018-06-08,13.095,2018-06-29
2018-06-11,13.1169,2018-06-29
2018-06-12,13.2405,2018-06-29
2018-06-13,13.2424,2018-06-29
2018-06-14,13.3075,2018-06-29
2018-06-15,13.375,2018-06-29
2018-06-18,13.705,2018-06-29
2018-06-19,13.705,2018-06-29
2018-06-20,13.6,2018-06-29
2018-06-21,13.645,2018-06-29
2018-06-22,13.43,2018-06-29
2018-06-25,13.6025,2018-06-29
2018-06-26,13.5325,2018-06-29
2018-06-27,13.84,2018-06-29
2018-06-28,13.825,2018-06-29
2018-06-29,13.7125,2018-06-29
2018-07-02,13.8925,2018-07-31
2018-07-03,13.6875,2018-07-31
2018-07-05,13.57,2018-07-31
2018-07-06,13.49,2018-07-31
2018-07-09,13.38,2018-07-31
2018-07-10,13.3375,2018-07-31
2018-07-11,13.4925,2018-07-31
2018-07-12,13.23,2018-07-31
2018-07-13,13.2825,2018-07-31
2018-07-16,13.22,2018-07-31
2018-07-17,13.235,2018-07-31
2018-07-18,13.2575,2018-07-31
2018-07-19,13.53,2018-07-31
2018-07-20,13.43,2018-07-31
2018-07-23,13.515,2018-07-31
2018-07-24,13.3225,2018-07-31
2018-07-25,13.175,2018-07-31
2018-07-26,13.245,2018-07-31
2018-07-27,13.1775,2018-07-31
2018-07-30,13.1425,2018-07-31
2018-07-31,13.095,2018-07-31
2018-08-01,13.2225,2018-08-31
2018-08-02,13.3875,2018-08-31
2018-08-03,13.285,2018-08-31
2018-08-06,13.3925,2018-08-31
2018-08-07,13.305,2018-08-31
2018-08-08,13.405,2018-08-31
2018-08-09,13.6625,2018-08-31
2018-08-10,14.065,2018-08-31
2018-08-13,14.3675,2018-08-31
2018-08-14,14.2525,2018-08-31
2018-08-15,14.61,2018-08-31
2018-08-16,14.575,2018-08-31
2018-08-17,14.7775,2018-08-31
2018-08-20,14.6125,2018-08-31
2018-08-21,14.3425,2018-08-31
2018-08-22,14.1825,2018-08-31
2018-08-23,14.315,2018-08-31
2018-08-24,14.2825,2018-08-31
2018-08-27,14.135,2018-08-31
2018-08-28,14.12,2018-08-31
2018-08-29,14.3425,2018-08-31
2018-08-30,14.7675,2018-08-31
2018-08-31,14.7,2018-08-31
2018-09-04,15.305,2018-09-28
2018-09-05,15.4725,2018-09-28
2018-09-06,15.3,2018-09-28
2018-09-07,15.1425,2018-09-28
2018-09-10,15.2,2018-09-28
2018-09-11,15.125,2018-09-28
2018-09-12,14.97,2018-09-28
2018-09-13,14.815,2018-09-28
2018-09-14,14.9175,2018-09-28
2018-09-17,14.91,2018-09-28
2018-09-18,14.8275,2018-09-28
2018-09-19,14.6225,2018-09-28
2018-09-20,14.3725,2018-09-28
2018-09-21,14.3,2018-09-28
2018-09-24,14.2425,2018-09-28
2018-09-25,14.375,2018-09-28
2018-09-26,14.16,2018-09-28
2018-09-27,14.045,2018-09-28
2018-09-28,14.155,2018-09-28
2018-10-01,14.2,2018-10-31
2018-10-02,14.33,2018-10-31
2018-10-03,14.45,2018-10-31
2018-10-04,14.7875,2018-10-31
2018-10-05,14.845,2018-10-31
2018-10-09,14.6625,2018-10-31
2018-10-10,14.62,2018-10-31
2018-10-11,14.63,2018-10-31
2018-10-12,14.585,2018-10-31
2018-10-15,14.3625,2018-10-31
2018-10-16,14.175,2018-10-31
2018-10-17,14.14,2018-10-31
2018-10-18,14.3875,2018-10-31
2018-10-19,14.4025,2018-10-31
2018-10-22,14.2825,2018-10-31
2018-10-23,14.3675,2018-10-31
2018-10-24,14.49,2018-10-31
2018-10-25,14.5275,2018-10-31
2018-10-26,14.5625,2018-10-31
2018-10-29,14.5225,2018-10-31
2018-10-30,14.6225,2018-10-31
2018-10-31,14.76,2018-10-31
2018-11-01,14.505,2018-11-30
2018-11-02,14.38,2018-11-30
2018-11-05,14.2225,2018-11-30
2018-11-06,14.165,2018-11-30
2018-11-07,13.9275,2018-11-30
2018-11-08,14.075,2018-11-30
2018-11-09,14.35,2018-11-30
2018-11-13,14.4425,2018-11-30
2018-11-14,14.3575,2018-11-30
2018-11-15,14.225,2018-11-30
2018-11-16,14.03,2018-11-30
2018-11-19,14.0375,2018-11-30
2018-11-20,14.09,2018-11-30
2018-11-21,13.8675,2018-11-30
2018-11-23,13.85,2018-11-30
2018-11-26,13.88,2018-11-30
2018-11-27,13.9775,2018-11-30
2018-11-28,13.935,2018-11-30
2018-11-29,13.645,2018-11-30
2018-11-30,13.84,2018-11-30
2018-12-03,13.6725,2018-12-31
2018-12-04,13.745,2018-12-31
2018-12-06,14.125,2018-12-31
2018-12-07,14.1575,2018-12-31
2018-12-10,14.4358,2018-12-31
2018-12-11,14.3525,2018-12-31
2018-12-12,14.1875,2018-12-31
2018-12-13,14.185,2018-12-31
2018-12-14,14.38,2018-12-31
2018-12-17,14.3875,2018-12-31
2018-12-18,14.3,2018-12-31
2018-12-19,14.135,2018-12-31
2018-12-20,14.38,2018-12-31
2018-12-21,14.46,2018-12-31
2018-12-26,14.51,2018-12-31
2018-12-27,14.49,2018-12-31
2018-12-28,14.3525,2018-12-31
2018-12-31,14.3775,2018-12-31
2019-01-02,14.41,2019-01-31
2019-01-03,14.3125,2019-01-31
2019-01-04,13.9625,2019-01-31
2019-01-07,13.8775,2019-01-31
2019-01-08,13.94,2019-01-31
2019-01-09,13.8825,2019-01-31
2019-01-10,13.85,2019-01-31
2019-01-11,13.8425,2019-01-31
2019-01-15,13.7825,2019-01-31
2019-01-16,13.6825,2019-01-31
2019-01-17,13.77,2019-01-31
2019-01-18,13.8275,2019-01-31
2019-01-22,13.935,2019-01-31
2019-01-23,13.845,2019-01-31
2019-01-24,13.705,2019-01-31
2019-01-25,13.615,2019-01-31
2019-01-28,13.705,2019-01-31
2019-01-29,13.5875,2019-01-31
2019-01-30,13.58,2019-01-31
2019-01-31,13.285,2019-01-31
2019-02-01,13.3125,2019-02-28
2019-02-04,13.3975,2019-02-28
2019-02-05,13.39,2019-02-28
2019-02-06,13.5125,2019-02-28
2019-02-07,13.665,2019-02-28
2019-02-08,13.6475,2019-02-28
2019-02-11,13.825,2019-02-28
2019-02-12,13.785,2019-02-28
2019-02-13,13.965,2019-02-28
2019-02-14,14.24,2019-02-28
2019-02-15,14.1225,2019-02-28
2019-02-19,14.12,2019-02-28
2019-02-21,14.0125,2019-02-28
2019-02-22,13.975,2019-02-28
2019-02-25,13.8075,2019-02-28
2019-02-26,13.885,2019-02-28
2019-02-27,13.9125,2019-02-28
2019-02-28,14.075,2019-02-28
2019-03-01,14.1975,2019-03-29
2019-03-04,14.2425,2019-03-29
2019-03-05,14.1775,2019-03-29
2019-03-06,14.235,2019-03-29
2019-03-07,14.5,2019-03-29
2019-03-08,14.405,2019-03-29
2019-03-11,14.36,2019-03-29
2019-03-12,14.3225,2019-03-29
2019-03-13,14.4075,2019-03-29
2019-03-14,14.4875,2019-03-29
2019-03-15,14.3975,2019-03-29
2019-03-18,14.4325,2019-03-29
2019-03-19,14.435,2019-03-29
2019-03-20,14.3725,2019-03-29
2019-03-21,14.235,2019-03-29
2019-03-22,14.485,2019-03-29
2019-03-25,14.3175,2019-03-29
2019-03-26,14.4275,2019-03-29
2019-03-27,14.6175,2019-03-29
2019-03-28,14.62,2019-03-29
2019-03-29,14.4275,2019-03-29
2019-04-01,14.1675,2019-04-30
2019-04-02,14.2525,2019-04-30
2019-04-03,14.1375,2019-04-30
2019-04-04,14.1275,2019-04-30
2019-04-05,14.0625,2019-04-30
2019-04-08,14.12,2019-04-30
2019-04-09,14.05,2019-04-30
2019-04-10,13.905,2019-04-30
2019-04-11,14.005,2019-04-30
2019-04-12,13.935,2019-04-30
2019-04-15,14.015,2019-04-30
2019-04-16,14.055,2019-04-30
2019-04-17,14.005,2019-04-30
2019-04-18,14.0375,2019-04-30
2019-04-19,14.0725,2019-04-30
2019-04-22,14.16,2019-04-30
2019-04-23,14.305,2019-04-30
2019-04-24,14.405,2019-04-30
2019-04-25,14.4275,2019-04-30
2019-04-26,14.3225,2019-04-30
2019-04-29,14.3075,2019-04-30
2019-04-30,14.325,2019-04-30
2019-05-01,14.365,2019-05-31
2019-05-02,14.5375,2019-05-31
2019-05-03,14.37,2019-05-31
2019-05-06,14.4825,2019-05-31
2019-05-07,14.44,2019-05-31
2019-05-08,14.3375,2019-05-31
2019-05-09,14.39,2019-05-31
2019-05-10,14.1825,2019-05-31
2019-05-13,14.35,2019-05-31
2019-05-14,14.2275,2019-05-31
2019-05-15,14.1975,2019-05-31
2019-05-16,14.2125,2019-05-31
2019-05-17,14.4275,2019-05-31
2019-05-20,14.375,2019-05-31
2019-05-21,14.3875,2019-05-31
2019-05-22,14.385,2019-05-31
2019-05-23,14.4475,2019-05-31
2019-05-24,14.4275,2019-05-31
2019-05-28,14.73,2019-05-31
2019-05-29,14.73,2019-05-31
2019-05-30,14.7,2019-05-31
2019-05-31,14.585,2019-05-31
2019-06-03,14.49,2019-06-28
2019-06-04,14.7125,2019-06-28
2019-06-05,14.8925,2019-06-28
2019-06-06,14.98,2019-06-28
2019-06-07,14.985,2019-06-28
2019-06-10,14.785,2019-06-28
2019-06-11,14.68,2019-06-28
2019-06-12,14.8425,2019-06-28
2019-06-13,14.8975,2019-06-28
2019-06-14,14.795,2019-06-28
2019-06-17,14.7975,2019-06-28
2019-06-18,14.5025,2019-06-28
2019-06-19,14.4825,2019-06-28
2019-06-20,14.335,2019-06-28
2019-06-21,14.34,2019-06-28
2019-06-24,14.3775,2019-06-28
2019-06-25,14.2925,2019-06-28
2019-06-26,14.22,2019-06-28
2019-06-27,14.1525,2019-06-28
2019-06-28,14.14,2019-06-28
2019-07-01,14.1375,2019-07-31
2019-07-02,14.075,2019-07-31
2019-07-03,14.0925,2019-07-31
2019-07-05,14.1875,2019-07-31
2019-07-08,14.125,2019-07-31
2019-07-09,14.135,2019-07-31
2019-07-10,14.04,2019-07-31
2019-07-11,13.92,2019-07-31
2019-07-12,13.985,2019-07-31
2019-07-15,13.9125,2019-07-31
2019-07-16,13.935,2019-07-31
2019-07-17,13.95,2019-07-31
2019-07-18,13.8775,2019-07-31
2019-07-19,13.91,2019-07-31
2019-07-22,13.865,2019-07-31
2019-07-23,13.88,2019-07-31
2019-07-24,13.8575,2019-07-31
2019-07-25,14.0775,2019-07-31
2019-07-26,14.2675,2019-07-31
2019-07-29,14.1975,2019-07-31
2019-07-30,14.2025,2019-07-31
2019-07-31,14.1525,2019-07-31
2019-08-01,14.5175,2019-08-30
2019-08-02,14.6825,2019-08-30
2019-08-05,14.8625,2019-08-30
2019-08-06,14.9125,2019-08-30
2019-08-07,15.0675,2019-08-30
2019-08-08,15.025,2019-08-30
2019-08-09,15.2525,2019-08-30
2019-08-12,15.3,2019-08-30
2019-08-13,15.1225,2019-08-30
2019-08-14,15.4025,2019-08-30
2019-08-15,15.24,2019-08-30
2019-08-16,15.215,2019-08-30
2019-08-19,15.415,2019-08-30
2019-08-20,15.365,2019-08-30
2019-08-21,15.2025,2019-08-30
2019-08-22,15.205,2019-08-30
2019-08-23,15.25,2019-08-30
2019-08-26,15.2525,2019-08-30
2019-08-27,15.3275,2019-08-30
2019-08-28,15.3425,2019-08-30
2019-08-29,15.2875,2019-08-30
2019-08-30,15.1925,2019-08-30
2019-09-03,15.1275,2019-09-30
2019-09-04,14.8025,2019-09-30
2019-09-05,14.8475,2019-09-30
2019-09-06,14.7525,2019-09-30
2019-09-09,14.76,2019-09-30
2019-09-10,14.6625,2019-09-30
2019-09-11,14.74,2019-09-30
2019-09-12,14.5925,2019-09-30
2019-09-13,14.53,2019-09-30
2019-09-16,14.6225,2019-09-30
2019-09-17,14.75,2019-09-30
2019-09-18,14.6275,2019-09-30
2019-09-19,14.7175,2019-09-30
2019-09-20,14.9275,2019-09-30
2019-09-23,14.865,2019-09-30
2019-09-24,14.915,2019-09-30
2019-09-25,14.9975,2019-09-30
2019-09-26,14.9925,2019-09-30
2019-09-27,15.1375,2019-09-30
2019-09-30,15.1575,2019-09-30
2019-10-01,15.3525,2019-10-31
2019-10-02,15.2075,2019-10-31
2019-10-03,15.1375,2019-10-31
2019-10-04,15.05,2019-10-31
2019-10-07,15.14,2019-10-31
2019-10-08,15.2675,2019-10-31
2019-10-09,15.18,2019-10-31
2019-10-10,15.0175,2019-10-31
2019-10-11,14.7725,2019-10-31
2019-10-15,14.862,2019-10-31
2019-10-16,14.911,2019-10-31
2019-10-17,14.792,2019-10-31
2019-10-18,14.777,2019-10-31
2019-10-21,14.775,2019-10-31
2019-10-22,14.607,2019-10-31
2019-10-23,14.637,2019-10-31
2019-10-24,14.653,2019-10-31
2019-10-25,14.6,2019-10-31
2019-10-28,14.552,2019-10-31
2019-10-29,14.593,2019-10-31
2019-10-30,14.976,2019-10-31
2019-10-31,15.064,2019-10-31
2019-11-01,15.035,2019-11-29
2019-11-04,14.751,2019-11-29
2019-11-05,14.779,2019-11-29
2019-11-06,14.841,2019-11-29
2019-11-07,14.742,2019-11-29
2019-11-08,14.798,2019-11-29
2019-11-12,14.925,2019-11-29
2019-11-13,14.911,2019-11-29
2019-11-14,14.828,2019-11-29
2019-11-15,14.695,2019-11-29
2019-11-18,14.782,2019-11-29
2019-11-19,14.755,2019-11-29
2019-11-20,14.772,2019-11-29
2019-11-21,14.699,2019-11-29
2019-11-22,14.725,2019-11-29
2019-11-25,14.774,2019-11-29
2019-11-26,14.792,2019-11-29
2019-11-27,14.736,2019-11-29
2019-11-29,14.636,2019-11-29
2019-12-02,14.564,2019-12-31
2019-12-03,14.653,2019-12-31
2019-12-04,14.598,2019-12-31
2019-12-05,14.671,2019-12-31
2019-12-06,14.633,2019-12-31
2019-12-09,14.67,2019-12-31
2019-12-10,14.829,2019-12-31
2019-12-11,14.718,2019-12-31
2019-12-12,14.533,2019-12-31
2019-12-13,14.515,2019-12-31
2019-12-16,14.396,2019-12-31
2019-12-17,14.406,2019-12-31
2019-12-18,14.302,2019-12-31
2019-12-19,14.215,2019-12-31
2019-12-20,14.232,2019-12-31
2019-12-23,14.187,2019-12-31
2019-12-24,14.143,2019-12-31
2019-12-26,14.132,2019-12-31
2019-12-27,14.025,2019-12-31
2019-12-30,14.056,2019-12-31
2019-12-31,13.973,2019-12-31
2020-01-02,14.122,2020-01-31
2020-01-03,14.243,2020-01-31
2020-01-06,14.206,2020-01-31
2020-01-07,14.301,2020-01-31
2020-01-08,14.156,2020-01-31
2020-01-09,14.2,2020-01-31
2020-01-10,14.255,2020-01-31
2020-01-13,14.422,2020-01-31
2020-01-14,14.397,2020-01-31
2020-01-15,14.367,2020-01-31
2020-01-16,14.377,2020-01-31
2020-01-17,14.467,2020-01-31
2020-01-21,14.468,2020-01-31
2020-01-22,14.338,2020-01-31
2020-01-23,14.418,2020-01-31
2020-01-24,14.425,2020-01-31
2020-01-27,14.608,2020-01-31
2020-01-28,14.566,2020-01-31
2020-01-29,14.625,2020-01-31
2020-01-30,14.7879,2020-01-31
2020-01-31,14.936,2020-01-31
2020-02-03,14.91,2020-02-28
2020-02-04,14.747,2020-02-28
2020-02-05,14.798,2020-02-28
2020-02-06,14.901,2020-02-28
2020-02-07,15.062,2020-02-28
2020-02-10,15.019,2020-02-28
2020-02-11,14.851,2020-02-28
2020-02-12,14.818,2020-02-28
2020-02-13,14.887,2020-02-28
2020-02-14,14.9,2020-02-28
2020-02-18,14.975,2020-02-28
2020-02-19,14.98,2020-02-28
2020-02-20,15.118,2020-02-28
2020-02-21,14.966,2020-02-28
2020-02-24,15.128,2020-02-28
2020-02-25,15.2,2020-02-28
2020-02-26,15.176,2020-02-28
2020-02-27,15.392,2020-02-28
2020-02-28,15.636,2020-02-28
2020-03-02,15.537,2020-03-31
2020-03-03,15.293,2020-03-31
2020-03-04,15.348,2020-03-31
2020-03-05,15.578,2020-03-31
2020-03-06,15.635,2020-03-31
2020-03-09,15.933,2020-03-31
2020-03-10,16.103,2020-03-31
2020-03-11,16.1516,2020-03-31
2020-03-12,16.531,2020-03-31
2020-03-13,16.324,2020-03-31
2020-03-16,16.533,2020-03-31
2020-03-17,16.585,2020-03-31
2020-03-18,17.096,2020-03-31
2020-03-19,17.3721,2020-03-31
2020-03-20,17.5,2020-03-31
2020-03-23,17.755,2020-03-31
2020-03-24,17.655,2020-03-31
2020-03-25,17.4,2020-03-31
2020-03-26,17.2768,2020-03-31
2020-03-27,17.555,2020-03-31
2020-03-30,17.945,2020-03-31
2020-03-31,17.7682,2020-03-31
2020-04-01,18.145,2020-04-30
2020-04-02,18.5312,2020-04-30
2020-04-03,18.985,2020-04-30
2020-04-06,18.674,2020-04-30
2020-04-07,18.222,2020-04-30
2020-04-08,18.2108,2020-04-30
2020-04-09,17.903,2020-04-30
2020-04-10,18.0158,2020-04-30
2020-04-13,18.14,2020-04-30
2020-04-14,18.357,2020-04-30
2020-04-15,18.732,2020-04-30
2020-04-16,18.668,2020-04-30
2020-04-17,18.85,2020-04-30
2020-04-20,18.806,2020-04-30
2020-04-21,18.965,2020-04-30
2020-04-22,19.007,2020-04-30
2020-04-23,19.04,2020-04-30
2020-04-24,18.972,2020-04-30
2020-04-27,18.851,2020-04-30
2020-04-28,18.658,2020-04-30
2020-04-29,18.251,2020-04-30
2020-04-30,18.448,2020-04-30
2020-05-01,18.85,2020-05-29
2020-05-04,18.704,2020-05-29
2020-05-05,18.388,2020-05-29
2020-05-06,18.77,2020-05-29
2020-05-07,18.521,2020-05-29
2020-05-08,18.36,2020-05-29
2020-05-11,18.389,2020-05-29
2020-05-12,18.278,2020-05-29
2020-05-13,18.521,2020-05-29
2020-05-14,18.564,2020-05-29
2020-05-15,18.54,2020-05-29
2020-05-18,18.383,2020-05-29
2020-05-19,18.265,2020-05-29
2020-05-20,17.9599,2020-05-29
2020-05-21,17.653,2020-05-29
2020-05-22,17.701,2020-05-29
2020-05-26,17.404,2020-05-29
2020-05-27,17.418,2020-05-29
2020-05-28,17.413,2020-05-29
2020-05-29,17.596,2020-05-29
2020-06-01,17.4,2020-06-30
2020-06-02,17.195,2020-06-30
2020-06-03,16.89,2020-06-30
2020-06-04,16.931,2020-06-30
2020-06-05,16.836,2020-06-30
2020-06-08,16.79,2020-06-30
2020-06-09,16.681,2020-06-30
2020-06-10,16.556,2020-06-30
2020-06-11,17.0834,2020-06-30
2020-06-12,17.011,2020-06-30
2020-06-15,17.265,2020-06-30
2020-06-16,17.1525,2020-06-30
2020-06-17,17.22,2020-06-30
2020-06-18,17.485,2020-06-30
2020-06-19,17.3375,2020-06-30
2020-06-22,17.335,2020-06-30
2020-06-23,17.2275,2020-06-30
2020-06-24,17.405,2020-06-30
2020-06-25,17.2375,2020-06-30
2020-06-26,17.2625,2020-06-30
2020-06-29,17.3,2020-06-30
2020-06-30,17.3525,2020-06-30
2020-07-01,17.08,2020-07-31
2020-07-02,16.9675,2020-07-31
2020-07-06,16.975,2020-07-31
2020-07-07,17.0775,2020-07-31
2020-07-08,16.975,2020-07-31
2020-07-09,16.9125,2020-07-31
2020-07-10,16.7475,2020-07-31
2020-07-13,16.69,2020-07-31
2020-07-14,16.75,2020-07-31
2020-07-15,16.585,2020-07-31
2020-07-16,16.64,2020-07-31
2020-07-17,16.6575,2020-07-31
2020-07-20,16.67,2020-07-31
2020-07-21,16.46,2020-07-31
2020-07-22,16.455,2020-07-31
2020-07-23,16.5475,2020-07-31
2020-07-24,16.6925,2020-07-31
2020-07-27,16.4175,2020-07-31
2020-07-28,16.5425,2020-07-31
2020-07-29,16.5,2020-07-31
2020-07-30,16.9125,2020-07-31
2020-07-31,17.005,2020-07-31
2020-08-03,17.1925,2020-08-31
2020-08-04,17.3775,2020-08-31
2020-08-05,17.3175,2020-08-31
2020-08-06,17.4575,2020-08-31
2020-08-07,17.6325,2020-08-31
2020-08-10,17.685,2020-08-31
2020-08-11,17.535,2020-08-31
2020-08-12,17.3975,2020-08-31
2020-08-13,17.4175,2020-08-31
2020-08-14,17.3475,2020-08-31
2020-08-17,17.46,2020-08-31
2020-08-18,17.3525,2020-08-31
2020-08-19,17.18,2020-08-31
2020-08-20,17.275,2020-08-31
2020-08-21,17.1275,2020-08-31
2020-08-24,16.93,2020-08-31
2020-08-25,16.8625,2020-08-31
2020-08-26,16.9675,2020-08-31
2020-08-27,17.0025,2020-08-31
2020-08-28,16.59,2020-08-31
2020-08-31,16.915,2020-08-31
2020-09-01,16.63,2020-09-30
2020-09-02,16.8325,2020-09-30
2020-09-03,16.7775,2020-09-30
2020-09-04,16.6025,2020-09-30
2020-09-08,16.9525,2020-09-30
2020-09-09,16.64,2020-09-30
2020-09-10,16.87,2020-09-30
2020-09-11,16.74,2020-09-30
2020-09-14,16.6775,2020-09-30
2020-09-15,16.42,2020-09-30
2020-09-16,16.305,2020-09-30
2020-09-17,16.245,2020-09-30
2020-09-18,16.2225,2020-09-30
2020-09-21,16.8625,2020-09-30
2020-09-22,16.7525,2020-09-30
2020-09-23,17.0,2020-09-30
2020-09-24,16.96,2020-09-30
2020-09-25,17.1875,2020-09-30
2020-09-28,17.095,2020-09-30
2020-09-29,16.9475,2020-09-30
2020-09-30,16.6925,2020-09-30
2020-10-01,16.65,2020-10-30
2020-10-02,16.4725,2020-10-30
2020-10-05,16.5825,2020-10-30
2020-10-06,16.575,2020-10-30
2020-10-07,16.7075,2020-10-30
2020-10-08,16.5875,2020-10-30
2020-10-09,16.4075,2020-10-30
2020-10-13,16.49,2020-10-30
2020-10-14,16.5125,2020-10-30
2020-10-15,16.6775,2020-10-30
2020-10-16,16.5375,2020-10-30
2020-10-19,16.465,2020-10-30
2020-10-20,16.4525,2020-10-30
2020-10-21,16.2875,2020-10-30
2020-10-22,16.22,2020-10-30
2020-10-23,16.2,2020-10-30
2020-10-26,16.1725,2020-10-30
2020-10-27,16.1,2020-10-30
2020-10-28,16.33,2020-10-30
2020-10-29,16.4175,2020-10-30
2020-10-30,16.25,2020-10-30
2020-11-02,16.225,2020-11-30
2020-11-03,16.025,2020-11-30
2020-11-04,15.855,2020-11-30
2020-11-05,15.8,2020-11-30
2020-11-06,15.6525,2020-11-30
2020-11-09,15.3975,2020-11-30
2020-11-10,15.625,2020-11-30
2020-11-12,15.5725,2020-11-30
2020-11-13,15.555,2020-11-30
2020-11-16,15.3175,2020-11-30
2020-11-17,15.415,2020-11-30
2020-11-18,15.425,2020-11-30
2020-11-19,15.455,2020-11-30
2020-11-20,15.2925,2020-11-30
2020-11-23,15.42,2020-11-30
2020-11-24,15.2175,2020-11-30
2020-11-25,15.2175,2020-11-30
2020-11-30,15.4325,2020-11-30
2020-12-01,15.27,2020-12-31
2020-12-02,15.325,2020-12-31
2020-12-03,15.1675,2020-12-31
2020-12-04,15.17,2020-12-31
2020-12-07,15.125,2020-12-31
2020-12-08,15.0275,2020-12-31
2020-12-09,14.95,2020-12-31
2020-12-10,15.04,2020-12-31
2020-12-11,15.1275,2020-12-31
2020-12-14,15.045,2020-12-31
2020-12-15,14.885,2020-12-31
2020-12-16,14.8375,2020-12-31
2020-12-17,14.665,2020-12-31
2020-12-18,14.53,2020-12-31
2020-12-21,14.5675,2020-12-31
2020-12-22,14.6525,2020-12-31
2020-12-23,14.5775,2020-12-31
2020-12-28,14.62,2020-12-31
2020-12-29,14.68,2020-12-31
2020-12-30,14.605,2020-12-31
2020-12-31,14.65,2020-12-31
2021-01-04,14.74,2021-01-29
2021-01-05,15.0,2021-01-29
2021-01-06,15.11,2021-01-29
2021-01-07,15.4075,2021-01-29
2021-01-08,15.24,2021-01-29
2021-01-11,15.4863,2021-01-29
2021-01-12,15.3425,2021-01-29
2021-01-13,15.245,2021-01-29
2021-01-14,15.1,2021-01-29
2021-01-15,15.165,2021-01-29
2021-01-19,14.945,2021-01-29
2021-01-21,14.8925,2021-01-29
2021-01-22,15.0625,2021-01-29
2021-01-25,15.215,2021-01-29
2021-01-26,15.105,2021-01-29
2021-01-27,15.205,2021-01-29
2021-01-28,15.0825,2021-01-29
2021-01-29,15.1375,2021-01-29
2021-02-01,15.03,2021-02-26
2021-02-02,14.97,2021-02-26
2021-02-03,14.93,2021-02-26
2021-02-04,15.05,2021-02-26
2021-02-05,14.8825,2021-02-26
2021-02-08,14.8675,2021-02-26
2021-02-09,14.76,2021-02-26
2021-02-10,14.72,2021-02-26
2021-02-11,14.63,2021-02-26
2021-02-12,14.52,2021-02-26
2021-02-16,14.6575,2021-02-26
2021-02-17,14.68,2021-02-26
2021-02-18,14.63,2021-02-26
2021-02-19,14.625,2021-02-26
2021-02-22,14.7,2021-02-26
2021-02-23,14.5725,2021-02-26
2021-02-24,14.5425,2021-02-26
2021-02-25,14.8775,2021-02-26
2021-02-26,15.1575,2021-02-26
2021-03-01,14.9475,2021-03-31
2021-03-02,14.95,2021-03-31
2021-03-03,15.0,2021-03-31
2021-03-04,15.0925,2021-03-31
2021-03-05,15.4,2021-03-31
2021-03-08,15.535,2021-03-31
2021-03-09,15.3675,2021-03-31
2021-03-10,15.105,2021-03-31
2021-03-11,14.8425,2021-03-31
2021-03-12,14.915,2021-03-31
2021-03-15,14.94,2021-03-31
2021-03-16,14.86,2021-03-31
2021-03-17,14.885,2021-03-31
2021-03-18,14.7625,2021-03-31
2021-03-19,14.725,2021-03-31
2021-03-22,14.7,2021-03-31
2021-03-23,14.7225,2021-03-31
2021-03-24,14.8675,2021-03-31
2021-03-25,15.045,2021-03-31
2021-03-26,14.995,2021-03-31
2021-03-29,14.8825,2021-03-31
2021-03-30,14.91,2021-03-31
2021-03-31,14.7475,2021-03-31
2021-04-01,14.645,2021-04-30
2021-04-02,14.6457,2021-04-30
2021-04-05,14.5325,2021-04-30
2021-04-06,14.525,2021-04-30
2021-04-07,14.5275,2021-04-30
2021-04-08,14.51,2021-04-30
2021-04-09,14.585,2021-04-30
2021-04-12,14.575,2021-04-30
2021-04-13,14.5225,2021-04-30
2021-04-14,14.39,2021-04-30
2021-04-15,14.165,2021-04-30
2021-04-16,14.31,2021-04-30
2021-04-19,14.2375,2021-04-30
2021-04-20,14.2725,2021-04-30
2021-04-21,14.235,2021-04-30
2021-04-22,14.2925,2021-04-30
2021-04-23,14.275,2021-04-30
2021-04-26,14.25,2021-04-30
2021-04-27,14.355,2021-04-30
2021-04-28,14.265,2021-04-30
2021-04-29,14.31,2021-04-30
2021-04-30,14.49,2021-04-30
2021-05-03,14.3875,2021-05-31
2021-05-04,14.485,2021-05-31
2021-05-05,14.3625,2021-05-31
2021-05-06,14.2225,2021-05-31
2021-05-07,14.055,2021-05-31
2021-05-10,13.9975,2021-05-31
2021-05-11,13.9775,2021-05-31
2021-05-12,14.07,2021-05-31
2021-05-13,14.1075,2021-05-31
2021-05-14,14.1125,2021-05-31
2021-05-17,14.105,2021-05-31
2021-05-18,14.01,2021-05-31
2021-05-19,14.015,2021-05-31
2021-05-20,13.97,2021-05-31
2021-05-21,13.9425,2021-05-31
2021-05-24,13.92,2021-05-31
2021-05-25,13.8525,2021-05-31
2021-05-26,13.76,2021-05-31
2021-05-27,13.785,2021-05-31
2021-05-28,13.7475,2021-05-31
2021-06-01,13.755,2021-06-30
2021-06-02,13.56,2021-06-30
2021-06-03,13.6425,2021-06-30
2021-06-04,13.45,2021-06-30
2021-06-07,13.5,2021-06-30
2021-06-08,13.5725,2021-06-30
2021-06-09,13.67,2021-06-30
2021-06-10,13.6,2021-06-30
2021-06-11,13.7275,2021-06-30
2021-06-14,13.7475,2021-06-30
2021-06-15,13.835,2021-06-30
2021-06-16,13.695,2021-06-30
2021-06-17,14.1125,2021-06-30
2021-06-18,14.295,2021-06-30
2021-06-21,14.2425,2021-06-30
2021-06-22,14.3325,2021-06-30
2021-06-23,14.1775,2021-06-30
2021-06-24,14.255,2021-06-30
2021-06-25,14.0975,2021-06-30
2021-06-28,14.205,2021-06-30
2021-06-29,14.325,2021-06-30
2021-06-30,14.29,2021-06-30
2021-07-01,14.4375,2021-07-30
2021-07-02,14.2625,2021-07-30
2021-07-06,14.3675,2021-07-30
2021-07-07,14.3425,2021-07-30
2021-07-08,14.2875,2021-07-30
2021-07-09,14.2575,2021-07-30
2021-07-12,14.4,2021-07-30
2021-07-13,14.605,2021-07-30
2021-07-14,14.5525,2021-07-30
2021-07-15,14.5475,2021-07-30
2021-07-16,14.4,2021-07-30
2021-07-19,14.5125,2021-07-30
2021-07-20,14.6275,2021-07-30
2021-07-21,14.575,2021-07-30
2021-07-22,14.7275,2021-07-30
2021-07-23,14.8175,2021-07-30
2021-07-26,14.785,2021-07-30
2021-07-27,14.805,2021-07-30
2021-07-28,14.815,2021-07-30
2021-07-29,14.55,2021-07-30
2021-07-30,14.585,2021-07-30
2021-08-02,14.4025,2021-08-31
2021-08-03,14.305,2021-08-31
2021-08-04,14.3875,2021-08-31
2021-08-05,14.36,2021-08-31
2021-08-06,14.625,2021-08-31
2021-08-09,14.735,2021-08-31
2021-08-10,14.7975,2021-08-31
2021-08-11,14.6575,2021-08-31
2021-08-12,14.775,2021-08-31
2021-08-13,14.72,2021-08-31
2021-08-16,14.7825,2021-08-31
2021-08-17,14.87,2021-08-31
2021-08-18,14.9325,2021-08-31
2021-08-19,15.135,2021-08-31
2021-08-20,15.3325,2021-08-31
2021-08-23,15.1875,2021-08-31
2021-08-24,15.0325,2021-08-31
2021-08-25,14.965,2021-08-31
2021-08-26,14.9,2021-08-31
2021-08-27,14.7225,2021-08-31
2021-08-30,14.6375,2021-08-31
2021-08-31,14.5075,2021-08-31
2021-09-01,14.385,2021-09-30
2021-09-02,14.4625,2021-09-30
2021-09-03,14.275,2021-09-30
2021-09-07,14.31,2021-09-30
2021-09-08,14.245,2021-09-30
2021-09-09,14.13,2021-09-30
2021-09-10,14.175,2021-09-30
2021-09-13,14.1325,2021-09-30
2021-09-14,14.27,2021-09-30
2021-09-15,14.465,2021-09-30
2021-09-16,14.5825,2021-09-30
2021-09-17,14.7375,2021-09-30
2021-09-20,14.795,2021-09-30
2021-09-21,14.8225,2021-09-30
2021-09-22,14.715,2021-09-30
2021-09-23,14.745,2021-09-30
2021-09-24,14.9425,2021-09-30
2021-09-27,14.9275,2021-09-30
2021-09-28,15.095,2021-09-30
2021-09-29,15.16,2021-09-30
2021-09-30,15.045,2021-09-30
2021-10-01,14.865,2021-10-29
2021-10-04,15.0025,2021-10-29
2021-10-05,14.975,2021-10-29
2021-10-06,15.055,2021-10-29
2021-10-07,14.87,2021-10-29
2021-10-08,14.935,2021-10-29
2021-10-12,14.9475,2021-10-29
2021-10-13,14.805,2021-10-29
2021-10-14,14.7825,2021-10-29
2021-10-15,14.64,2021-10-29
2021-10-18,14.665,2021-10-29
2021-10-19,14.52,2021-10-29
2021-10-20,14.4325,2021-10-29
2021-10-21,14.58,2021-10-29
2021-10-22,14.805,2021-10-29
2021-10-25,14.7075,2021-10-29
2021-10-26,14.855,2021-10-29
2021-10-27,15.0375,2021-10-29
2021-10-28,15.1075,2021-10-29
2021-10-29,15.2575,2021-10-29
2021-11-01,15.3875,2021-11-30
2021-11-02,15.4175,2021-11-30
2021-11-03,15.4375,2021-11-30
2021-11-04,15.2,2021-11-30
2021-11-05,15.0975,2021-11-30
2021-11-08,14.905,2021-11-30
2021-11-09,15.06,2021-11-30
2021-11-10,15.325,2021-11-30
2021-11-12,15.295,2021-11-30
2021-11-15,15.24,2021-11-30
2021-11-16,15.525,2021-11-30
2021-11-17,15.4975,2021-11-30
2021-11-18,15.6225,2021-11-30
2021-11-19,15.7075,2021-11-30
2021-11-22,15.7775,2021-11-30
2021-11-23,15.83,2021-11-30
2021-11-24,15.8875,2021-11-30
2021-11-26,16.225,2021-11-30
2021-11-29,16.1925,2021-11-30
2021-11-30,15.995,2021-11-30
2021-12-01,15.905,2021-12-31
2021-12-02,15.905,2021-12-31
2021-12-03,16.1225,2021-12-31
2021-12-06,15.905,2021-12-31
2021-12-07,15.895,2021-12-31
2021-12-08,15.705,2021-12-31
2021-12-09,15.955,2021-12-31
2021-12-10,15.98,2021-12-31
2021-12-13,16.0,2021-12-31
2021-12-14,16.13,2021-12-31
2021-12-15,16.1864,2021-12-31
2021-12-16,15.9625,2021-12-31
2021-12-17,15.8475,2021-12-31
2021-12-20,15.77,2021-12-31
2021-12-21,15.87,2021-12-31
2021-12-22,15.815,2021-12-31
2021-12-23,15.6275,2021-12-31
2021-12-27,15.5225,2021-12-31
2021-12-28,15.73,2021-12-31
2021-12-29,15.96,2021-12-31
2021-12-30,15.93,2021-12-31
2022-01-03,15.8325,2022-01-31
2022-01-04,16.0,2022-01-31
2022-01-05,15.765,2022-01-31
2022-01-06,15.7075,2022-01-31
2022-01-07,15.57,2022-01-31
2022-01-10,15.7,2022-01-31
2022-01-11,15.5125,2022-01-31
2022-01-12,15.3325,2022-01-31
2022-01-13,15.3775,2022-01-31
2022-01-14,15.38,2022-01-31
2022-01-18,15.4675,2022-01-31
2022-01-19,15.29,2022-01-31
2022-01-20,15.105,2022-01-31
2022-01-21,15.07,2022-01-31
2022-01-24,15.35,2022-01-31
2022-01-25,15.2775,2022-01-31
2022-01-26,15.1925,2022-01-31
2022-01-27,15.46,2022-01-31
2022-01-28,15.6275,2022-01-31
2022-01-31,15.3975,2022-01-31
2022-02-01,15.28,2022-02-28
2022-02-02,15.385,2022-02-28
2022-02-03,15.28,2022-02-28
2022-02-04,15.47,2022-02-28
2022-02-07,15.5125,2022-02-28
2022-02-08,15.35,2022-02-28
2022-02-09,15.2325,2022-02-28
2022-02-10,15.0275,2022-02-28
2022-02-11,15.0825,2022-02-28
2022-02-14,15.1075,2022-02-28
2022-02-15,15.075,2022-02-28
2022-02-16,15.06,2022-02-28
2022-02-17,14.97,2022-02-28
2022-02-18,15.1175,2022-02-28
2022-02-22,15.045,2022-02-28
2022-02-23,15.0975,2022-02-28
2022-02-24,15.43,2022-02-28
2022-02-25,15.2025,2022-02-28
2022-02-28,15.3975,2022-02-28
2022-03-01,15.415,2022-03-31
2022-03-02,15.29,2022-03-31
2022-03-03,15.215,2022-03-31
2022-03-04,15.4,2022-03-31
2022-03-07,15.3525,2022-03-31
2022-03-08,15.3025,2022-03-31
2022-03-09,14.9975,2022-03-31
2022-03-10,15.04,2022-03-31
2022-03-11,15.06,2022-03-31
2022-03-14,15.06,2022-03-31
2022-03-15,15.1025,2022-03-31
2022-03-16,15.01,2022-03-31
2022-03-17,14.875,2022-03-31
2022-03-18,14.995,2022-03-31
2022-03-21,14.8975,2022-03-31
2022-03-22,14.845,2022-03-31
2022-03-23,14.7525,2022-03-31
2022-03-24,14.5375,2022-03-31
2022-03-25,14.58,2022-03-31
2022-03-28,14.7,2022-03-31
2022-03-29,14.555,2022-03-31
2022-03-30,14.4775,2022-03-31
2022-03-31,14.615,2022-03-31
2022-04-01,14.6575,2022-04-29
2022-04-04,14.575,2022-04-29
2022-04-05,14.6475,2022-04-29
2022-04-06,14.6425,2022-04-29
2022-04-07,14.7975,2022-04-29
2022-04-08,14.6475,2022-04-29
2022-04-11,14.6025,2022-04-29
2022-04-12,14.49,2022-04-29
2022-04-13,14.535,2022-04-29
2022-04-14,14.6525,2022-04-29
2022-04-15,14.615,2022-04-29
2022-04-18,14.6975,2022-04-29
2022-04-19,14.935,2022-04-29
2022-04-20,15.0575,2022-04-29
2022-04-21,15.39,2022-04-29
2022-04-22,15.575,2022-04-29
2022-04-25,15.755,2022-04-29
2022-04-26,15.83,2022-04-29
2022-04-27,15.95,2022-04-29
2022-04-28,16.0625,2022-04-29
2022-04-29,15.7675,2022-04-29
2022-05-02,16.025,2022-05-31
2022-05-03,15.8075,2022-05-31
2022-05-04,15.7875,2022-05-31
2022-05-05,16.04,2022-05-31
2022-05-06,15.9925,2022-05-31
2022-05-09,16.1625,2022-05-31
2022-05-10,16.17,2022-05-31
2022-05-11,16.0475,2022-05-31
2022-05-12,16.1325,2022-05-31
2022-05-13,16.1575,2022-05-31
2022-05-16,16.19,2022-05-31
2022-05-17,15.9275,2022-05-31
2022-05-18,15.985,2022-05-31
2022-05-19,15.835,2022-05-31
2022-05-20,15.8475,2022-05-31
2022-05-23,15.7325,2022-05-31
2022-05-24,15.66,2022-05-31
2022-05-25,15.7275,2022-05-31
2022-05-26,15.7575,2022-05-31
2022-05-27,15.5875,2022-05-31
2022-05-31,15.5925,2022-05-31
2022-06-01,15.62,2022-06-30
2022-06-02,15.4775,2022-06-30
2022-06-03,15.56,2022-06-30
2022-06-06,15.41,2022-06-30
2022-06-07,15.3525,2022-06-30
2022-06-08,15.2625,2022-06-30
2022-06-09,15.41,2022-06-30
2022-06-10,15.8334,2022-06-30
2022-06-13,16.065,2022-06-30
2022-06-14,16.05,2022-06-30
2022-06-15,16.0225,2022-06-30
2022-06-16,16.0225,2022-06-30
2022-06-17,16.0325,2022-06-30
2022-06-21,15.8625,2022-06-30
2022-06-22,15.8925,2022-06-30
2022-06-23,15.9722,2022-06-30
2022-06-24,15.8291,2022-06-30
2022-06-27,15.8375,2022-06-30
2022-06-28,16.015,2022-06-30
2022-06-29,16.265,2022-06-30
2022-06-30,16.31,2022-06-30
2022-07-01,16.4075,2022-07-29
2022-07-05,16.5575,2022-07-29
2022-07-06,16.82,2022-07-29
2022-07-07,16.7475,2022-07-29
2022-07-08,16.855,2022-07-29
2022-07-11,17.0175,2022-07-29
2022-07-12,16.9625,2022-07-29
2022-07-13,16.9125,2022-07-29
2022-07-14,17.145,2022-07-29
2022-07-15,17.0825,2022-07-29
2022-07-18,17.0725,2022-07-29
2022-07-19,17.0533,2022-07-29
2022-07-20,17.1025,2022-07-29
2022-07-21,17.0675,2022-07-29
2022-07-22,16.83,2022-07-29
2022-07-25,16.7925,2022-07-29
2022-07-26,16.9525,2022-07-29
2022-07-27,16.82,2022-07-29
2022-07-28,16.555,2022-07-29
2022-07-29,16.6175,2022-07-29
2022-08-01,16.4525,2022-08-31
2022-08-02,16.6575,2022-08-31
2022-08-03,16.7825,2022-08-31
2022-08-04,16.675,2022-08-31
2022-08-05,16.7925,2022-08-31
2022-08-08,16.6361,2022-08-31
2022-08-09,16.5875,2022-08-31
2022-08-10,16.1725,2022-08-31
2022-08-11,16.2146,2022-08-31
2022-08-12,16.2325,2022-08-31
2022-08-15,16.395,2022-08-31
2022-08-16,16.4025,2022-08-31
2022-08-17,16.67,2022-08-31
2022-08-18,16.84,2022-08-31
2022-08-19,17.0175,2022-08-31
2022-08-22,17.0075,2022-08-31
2022-08-23,16.9525,2022-08-31
2022-08-24,16.9225,2022-08-31
2022-08-25,16.7825,2022-08-31
2022-08-26,16.805,2022-08-31
2022-08-29,16.825,2022-08-31
2022-08-30,16.9475,2022-08-31
2022-08-31,17.035,2022-08-31
2022-09-01,17.2825,2022-09-30
2022-09-02,17.2125,2022-09-30
2022-09-06,17.2575,2022-09-30
2022-09-07,17.33,2022-09-30
2022-09-08,17.4825,2022-09-30
2022-09-09,17.2625,2022-09-30
2022-09-12,17.12,2022-09-30
2022-09-13,17.3875,2022-09-30
2022-09-14,17.4525,2022-09-30
2022-09-15,17.555,2022-09-30
2022-09-16,17.6525,2022-09-30
2022-09-19,17.7175,2022-09-30
2022-09-20,17.6975,2022-09-30
2022-09-21,17.6933,2022-09-30
2022-09-22,17.581,2022-09-30
2022-09-23,17.9175,2022-09-30
2022-09-26,18.0827,2022-09-30
2022-09-27,17.9675,2022-09-30
2022-09-28,17.8625,2022-09-30
2022-09-29,17.975,2022-09-30
2022-09-30,18.075,2022-09-30
2022-10-03,17.875,2022-10-31
2022-10-04,17.62,2022-10-31
2022-10-05,17.8225,2022-10-31
2022-10-06,17.9325,2022-10-31
2022-10-07,18.08,2022-10-31
2022-10-11,18.025,2022-10-31
2022-10-12,18.28,2022-10-31
2022-10-13,18.2575,2022-10-31
2022-10-14,18.295,2022-10-31
2022-10-17,18.0,2022-10-31
2022-10-18,18.1575,2022-10-31
2022-10-19,18.28,2022-10-31
2022-10-20,18.2075,2022-10-31
2022-10-21,18.12,2022-10-31
2022-10-24,18.3975,2022-10-31
2022-10-25,18.2025,2022-10-31
2022-10-26,17.949,2022-10-31
2022-10-27,17.9075,2022-10-31
2022-10-28,18.1761,2022-10-31
2022-10-31,18.3775,2022-10-31
2022-11-01,18.2425,2022-11-30
2022-11-02,18.19,2022-11-30
2022-11-03,18.405,2022-11-30
2022-11-04,17.985,2022-11-30
2022-11-07,17.745,2022-11-30
2022-11-08,17.6525,2022-11-30
2022-11-09,17.715,2022-11-30
2022-11-10,17.4325,2022-11-30
2022-11-14,17.3425,2022-11-30
2022-11-15,17.2548,2022-11-30
2022-11-16,17.2425,2022-11-30
2022-11-17,17.3975,2022-11-30
2022-11-18,17.23,2022-11-30
2022-11-21,17.33,2022-11-30
2022-11-22,17.2675,2022-11-30
2022-11-23,17.0225,2022-11-30
2022-11-25,17.105,2022-11-30
2022-11-28,17.1075,2022-11-30
2022-11-29,16.985,2022-11-30
2022-11-30,16.955,2022-11-30
2022-12-01,17.6389,2022-12-30
2022-12-02,17.4425,2022-12-30
2022-12-05,17.4672,2022-12-30
2022-12-06,17.34,2022-12-30
2022-12-07,17.1575,2022-12-30
2022-12-08,17.1444,2022-12-30
2022-12-09,17.34,2022-12-30
2022-12-12,17.5725,2022-12-30
2022-12-13,17.255,2022-12-30
2022-12-14,17.1625,2022-12-30
2022-12-15,17.4775,2022-12-30
2022-12-16,17.6775,2022-12-30
2022-12-19,17.2925,2022-12-30
2022-12-20,17.32,2022-12-30
2022-12-21,17.175,2022-12-30
2022-12-22,17.1425,2022-12-30
2022-12-23,16.9725,2022-12-30
2022-12-27,17.303,2022-12-30
2022-12-28,17.115,2022-12-30
2022-12-29,16.89,2022-12-30
2022-12-30,16.995,2022-12-30
2023-01-03,17.015,2023-01-31
2023-01-04,16.87,2023-01-31
2023-01-05,17.225,2023-01-31
2023-01-06,17.1875,2023-01-31
2023-01-09,16.8875,2023-01-31
2023-01-10,17.035,2023-01-31
2023-01-11,16.92,2023-01-31
2023-01-12,16.8278,2023-01-31
2023-01-13,16.82,2023-01-31
2023-01-17,17.0775,2023-01-31
2023-01-18,17.025,2023-01-31
2023-01-19,17.3325,2023-01-31
2023-01-20,17.1525,2023-01-31
2023-01-23,17.1775,2023-01-31
2023-01-24,17.2,2023-01-31
2023-01-25,17.1625,2023-01-31
2023-01-26,17.2275,2023-01-31
2023-01-27,17.185,2023-01-31
2023-01-30,17.355,2023-01-31
2023-01-31,17.4275,2023-01-31
2023-02-01,17.165,2023-02-28
2023-02-02,17.0975,2023-02-28
2023-02-03,17.475,2023-02-28
2023-02-06,17.665,2023-02-28
2023-02-07,17.5925,2023-02-28
2023-02-08,17.75,2023-02-28
2023-02-09,17.705,2023-02-28
2023-02-10,17.9325,2023-02-28
2023-02-13,17.85,2023-02-28
2023-02-14,17.9075,2023-02-28
2023-02-15,18.06,2023-02-28
2023-02-16,18.135,2023-02-28
2023-02-17,18.025,2023-02-28
2023-02-21,18.2452,2023-02-28
2023-02-22,18.1975,2023-02-28
2023-02-23,18.255,2023-02-28
2023-02-24,18.405,2023-02-28
2023-02-27,18.4215,2023-02-28
2023-02-28,18.3425,2023-02-28
2023-03-01,18.1025,2023-03-31
2023-03-02,18.205,2023-03-31
2023-03-03,18.1525,2023-03-31
2023-03-06,18.2225,2023-03-31
2023-03-07,18.57,2023-03-31
2023-03-08,18.59,2023-03-31
2023-03-09,18.5275,2023-03-31
2023-03-10,18.2625,2023-03-31
2023-03-13,18.18,2023-03-31
2023-03-14,18.1775,2023-03-31
2023-03-15,18.4175,2023-03-31
2023-03-16,18.3575,2023-03-31
2023-03-17,18.43,2023-03-31
2023-03-20,18.53,2023-03-31
2023-03-21,18.575,2023-03-31
2023-03-22,18.32,2023-03-31
2023-03-23,18.0375,2023-03-31
2023-03-24,18.1575,2023-03-31
2023-03-27,18.3375,2023-03-31
2023-03-28,18.145,2023-03-31
2023-03-29,18.0875,2023-03-31
2023-03-30,17.8525,2023-03-31
2023-03-31,17.73,2023-03-31
2023-04-03,17.8,2023-04-28
2023-04-04,17.9325,2023-04-28
2023-04-05,18.0,2023-04-28
2023-04-06,18.225,2023-04-28
2023-04-07,18.2,2023-04-28
2023-04-10,18.5275,2023-04-28
2023-04-11,18.38,2023-04-28
2023-04-12,18.365,2023-04-28
2023-04-13,18.0625,2023-04-28
2023-04-14,18.1275,2023-04-28
2023-04-17,18.3073,2023-04-28
2023-04-18,18.1914,2023-04-28
2023-04-19,18.1437,2023-04-28
2023-04-20,18.0333,2023-04-28
2023-04-21,18.0847,2023-04-28
2023-04-24,18.1605,2023-04-28
2023-04-25,18.371,2023-04-28
2023-04-26,18.3729,2023-04-28
2023-04-27,18.2757,2023-04-28
2023-04-28,18.2909,2023-04-28
2023-05-01,18.3728,2023-05-31
2023-05-02,18.4605,2023-05-31
2023-05-03,18.2538,2023-05-31
2023-05-04,18.313,2023-05-31
2023-05-05,18.4017,2023-05-31
2023-05-08,18.3061,2023-05-31
2023-05-09,18.5963,2023-05-31
2023-05-10,18.8769,2023-05-31
2023-05-11,19.1673,2023-05-31
2023-05-12,19.3267,2023-05-31
2023-05-15,19.0346,2023-05-31
2023-05-16,19.0723,2023-05-31
2023-05-17,19.2699,2023-05-31
2023-05-18,19.3549,2023-05-31
2023-05-19,19.4128,2023-05-31
2023-05-22,19.2376,2023-05-31
2023-05-23,19.1925,2023-05-31
2023-05-24,19.2327,2023-05-31
2023-05-25,19.7324,2023-05-31
2023-05-26,19.6087,2023-05-31
2023-05-30,19.7067,2023-05-31
2023-05-31,19.7787,2023-05-31
2023-06-01,19.5935,2023-06-30
2023-06-02,19.5208,2023-06-30
2023-06-05,19.2904,2023-06-30
2023-06-06,19.2337,2023-06-30
2023-06-07,19.0903,2023-06-30
2023-06-08,18.8495,2023-06-30
2023-06-09,18.7179,2023-06-30
2023-06-12,18.5684,2023-06-30
2023-06-13,18.5533,2023-06-30
2023-06-14,18.3143,2023-06-30
2023-06-15,18.2473,2023-06-30
2023-06-16,18.2033,2023-06-30
2023-06-20,18.3773,2023-06-30
2023-06-21,18.3869,2023-06-30
2023-06-22,18.5076,2023-06-30
2023-06-23,18.7525,2023-06-30
2023-06-26,18.6602,2023-06-30
2023-06-27,18.5002,2023-06-30
2023-06-28,18.6787,2023-06-30
2023-06-29,18.7508,2023-06-30
2023-06-30,18.8444,2023-06-30
2023-07-03,18.7457,2023-07-31
2023-07-05,18.7655,2023-07-31
2023-07-06,19.1055,2023-07-31
2023-07-07,18.8248,2023-07-31
2023-07-10,18.8343,2023-07-31
2023-07-11,18.555,2023-07-31
2023-07-12,18.169,2023-07-31
2023-07-13,17.9797,2023-07-31
2023-07-14,18.0929,2023-07-31
2023-07-17,18.0349,2023-07-31
2023-07-18,17.8501,2023-07-31
2023-07-19,17.9255,2023-07-31
2023-07-20,17.9679,2023-07-31
2023-07-21,17.9457,2023-07-31
2023-07-24,17.7303,2023-07-31
2023-07-25,17.6044,2023-07-31
2023-07-26,17.6525,2023-07-31
2023-07-27,17.6208,2023-07-31
2023-07-28,17.5949,2023-07-31
2023-07-31,17.8081,2023-07-31
2023-08-01,18.2365,2023-08-31
2023-08-02,18.5437,2023-08-31
2023-08-03,18.7496,2023-08-31
2023-08-04,18.3939,2023-08-31
2023-08-07,18.7199,2023-08-31
2023-08-08,18.9689,2023-08-31
2023-08-09,18.9966,2023-08-31
2023-08-10,18.7229,2023-08-31
2023-08-11,18.9245,2023-08-31
2023-08-14,19.0342,2023-08-31
2023-08-15,19.1134,2023-08-31
2023-08-16,19.0909,2023-08-31
2023-08-17,19.1056,2023-08-31
2023-08-18,18.9565,2023-08-31
2023-08-21,18.996,2023-08-31
2023-08-22,18.7985,2023-08-31
2023-08-23,18.4723,2023-08-31
2023-08-24,18.7636,2023-08-31
2023-08-25,18.6738,2023-08-31
2023-08-28,18.5492,2023-08-31
2023-08-29,18.4873,2023-08-31
2023-08-30,18.6027,2023-08-31
2023-08-31,18.9061,2023-08-31
2023-09-01,18.8117,2023-09-29
2023-09-05,19.1981,2023-09-29
2023-09-06,19.214,2023-09-29
2023-09-07,19.1641,2023-09-29
2023-09-08,19.119,2023-09-29
2023-09-11,18.8656,2023-09-29
2023-09-12,18.9208,2023-09-29
2023-09-13,18.7823,2023-09-29
2023-09-14,18.9677,2023-09-29
2023-09-15,19.0578,2023-09-29
2023-09-18,19.0025,2023-09-29
2023-09-19,18.9353,2023-09-29
2023-09-20,18.7502,2023-09-29
2023-09-21,18.8952,2023-09-29
2023-09-22,18.7435,2023-09-29
2023-09-25,18.7869,2023-09-29
2023-09-26,19.0449,2023-09-29
2023-09-27,19.1989,2023-09-29
2023-09-28,18.9731,2023-09-29
2023-09-29,18.8828,2023-09-29
2023-10-02,19.1882,2023-10-31
2023-10-03,19.3624,2023-10-31
2023-10-04,19.3111,2023-10-31
2023-10-05,19.538,2023-10-31
2023-10-06,19.2886,2023-10-31
2023-10-10,19.0291,2023-10-31
2023-10-11,18.8249,2023-10-31
2023-10-12,18.9178,2023-10-31
2023-10-13,18.9936,2023-10-31
2023-10-16,18.7791,2023-10-31
2023-10-17,18.7447,2023-10-31
2023-10-18,19.0484,2023-10-31
2023-10-19,19.0327,2023-10-31
2023-10-20,18.9511,2023-10-31
2023-10-23,18.9059,2023-10-31
2023-10-24,19.045,2023-10-31
2023-10-25,19.0736,2023-10-31
2023-10-26,18.9799,2023-10-31
2023-10-27,18.8069,2023-10-31
2023-10-30,18.7864,2023-10-31
2023-10-31,18.7424,2023-10-31
2023-11-01,18.6407,2023-11-30
2023-11-02,18.4556,2023-11-30
2023-11-03,18.2306,2023-11-30
2023-11-06,18.2875,2023-11-30
2023-11-07,18.3615,2023-11-30
2023-11-08,18.4436,2023-11-30
2023-11-09,18.552,2023-11-30
2023-11-13,18.7147,2023-11-30
2023-11-14,18.3159,2023-11-30
2023-11-15,18.2185,2023-11-30
2023-11-16,18.4075,2023-11-30
2023-11-17,18.3771,2023-11-30
2023-11-20,18.3465,2023-11-30
2023-11-21,18.5585,2023-11-30
2023-11-22,18.8446,2023-11-30
2023-11-24,18.8548,2023-11-30
2023-11-27,18.7252,2023-11-30
2023-11-28,18.6077,2023-11-30
2023-11-29,18.66,2023-11-30
2023-11-30,18.8698,2023-11-30
2023-12-01,18.6297,2023-12-29
2023-12-04,18.8367,2023-12-29
2023-12-05,18.9994,2023-12-29
2023-12-06,18.8885,2023-12-29
2023-12-07,18.7601,2023-12-29
2023-12-08,18.9776,2023-12-29
2023-12-11,19.1039,2023-12-29
2023-12-12,19.0167,2023-12-29
2023-12-13,19.0511,2023-12-29
2023-12-14,18.2946,2023-12-29
2023-12-15,18.2575,2023-12-29
2023-12-18,18.6169,2023-12-29
2023-12-19,18.3354,2023-12-29
2023-12-20,18.2537,2023-12-29
2023-12-21,18.3904,2023-12-29
2023-12-22,18.4731,2023-12-29
2023-12-26,18.6438,2023-12-29
2023-12-27,18.3597,2023-12-29
2023-12-28,18.504,2023-12-29
2023-12-29,18.2622,2023-12-29
2024-01-02,18.5446,2024-01-31
2024-01-03,18.7338,2024-01-31
2024-01-04,18.7012,2024-01-31
2024-01-05,18.6733,2024-01-31
2024-01-08,18.5699,2024-01-31
2024-01-09,18.6455,2024-01-31
2024-01-10,18.6675,2024-01-31
2024-01-11,18.6977,2024-01-31
2024-01-12,18.6225,2024-01-31
2024-01-16,18.9341,2024-01-31
2024-01-17,19.0998,2024-01-31
2024-01-18,18.9243,2024-01-31
2024-01-19,19.0253,2024-01-31
2024-01-22,19.1866,2024-01-31
2024-01-23,19.0653,2024-01-31
2024-01-24,18.8873,2024-01-31
2024-01-25,18.9138,2024-01-31
2024-01-26,18.7631,2024-01-31
2024-01-29,18.7955,2024-01-31
2024-01-30,18.8145,2024-01-31
2024-01-31,18.6527,2024-01-31
2024-02-01,18.5839,2024-02-29
2024-02-02,18.9105,2024-02-29
2024-02-05,19.0535,2024-02-29
2024-02-06,18.8599,2024-02-29
2024-02-07,18.8987,2024-02-29
2024-02-08,18.9619,2024-02-29
2024-02-09,19.0385,2024-02-29
2024-02-12,18.9289,2024-02-29
2024-02-13,19.0977,2024-02-29
2024-02-14,19.035,2024-02-29
2024-02-15,18.9724,2024-02-29
2024-02-16,18.8709,2024-02-29
2024-02-20,18.9106,2024-02-29
2024-02-21,18.9083,2024-02-29
2024-02-22,19.1626,2024-02-29
2024-02-23,19.255,2024-02-29
2024-02-26,19.3233,2024-02-29
2024-02-27,19.1006,2024-02-29
2024-02-28,19.2748,2024-02-29
2024-02-29,19.1884,2024-02-29
2024-03-01,19.1166,2024-03-29
2024-03-04,19.0209,2024-03-29
2024-03-05,18.9694,2024-03-29
2024-03-06,18.7948,2024-03-29
2024-03-07,18.6885,2024-03-29
2024-03-08,18.7333,2024-03-29
2024-03-11,18.6485,2024-03-29
2024-03-12,18.6594,2024-03-29
2024-03-13,18.5575,2024-03-29
2024-03-14,18.7333,2024-03-29
2024-03-15,18.7517,2024-03-29
2024-03-18,18.9625,2024-03-29
2024-03-19,18.9132,2024-03-29
2024-03-20,18.8084,2024-03-29
2024-03-21,18.8479,2024-03-29
2024-03-22,18.9742,2024-03-29
2024-03-25,18.9192,2024-03-29
2024-03-26,18.9949,2024-03-29
2024-03-27,18.88,2024-03-29
2024-03-28,18.9373,2024-03-29
2024-03-29,18.8926,2024-03-29
2024-04-01,19.0076,2024-04-30
2024-04-02,18.7811,2024-04-30
2024-04-03,18.6762,2024-04-30
2024-04-04,18.6603,2024-04-30
2024-04-05,18.6497,2024-04-30
2024-04-08,18.62,2024-04-30
2024-04-09,18.4886,2024-04-30
2024-04-10,18.7645,2024-04-30
2024-04-11,18.742,2024-04-30
2024-04-12,18.8716,2024-04-30
2024-04-15,18.9702,2024-04-30
2024-04-16,19.0187,2024-04-30
2024-04-17,19.0558,2024-04-30
2024-04-18,19.1423,2024-04-30
2024-04-19,19.1099,2024-04-30
2024-04-22,19.1449,2024-04-30
2024-04-23,19.1254,2024-04-30
2024-04-24,19.2392,2024-04-30
2024-04-25,19.0343,2024-04-30
2024-04-26,18.809,2024-04-30
2024-04-29,18.6291,2024-04-30
2024-04-30,18.8085,2024-04-30
2024-05-01,18.6203,2024-05-31
2024-05-02,18.6017,2024-05-31
2024-05-03,18.5025,2024-05-31
2024-05-06,18.4649,2024-05-31
2024-05-07,18.4712,2024-05-31
2024-05-08,18.5724,2024-05-31
2024-05-09,18.4859,2024-05-31
2024-05-10,18.4408,2024-05-31
2024-05-13,18.3308,2024-05-31
2024-05-14,18.4204,2024-05-31
2024-05-15,18.312,2024-05-31
2024-05-16,18.2025,2024-05-31
2024-05-17,18.1813,2024-05-31
2024-05-20,18.1883,2024-05-31
2024-05-21,18.0719,2024-05-31
2024-05-22,18.243,2024-05-31
2024-05-23,18.4327,2024-05-31
2024-05-24,18.4281,2024-05-31
2024-05-28,18.2764,2024-05-31
2024-05-29,18.4034,2024-05-31
2024-05-30,18.6122,2024-05-31
2024-05-31,18.8402,2024-05-31
2024-06-03,18.5016,2024-06-28
2024-06-04,18.6927,2024-06-28
2024-06-05,18.9477,2024-06-28
2024-06-06,18.9073,2024-06-28
2024-06-07,18.8771,2024-06-28
2024-06-10,18.739,2024-06-28
2024-06-11,18.6441,2024-06-28
2024-06-12,18.3658,2024-06-28
2024-06-13,18.4667,2024-06-28
2024-06-14,18.4008,2024-06-28
2024-06-17,18.2619,2024-06-28
2024-06-18,18.0691,2024-06-28
2024-06-20,18.0615,2024-06-28
2024-06-21,17.9548,2024-06-28
2024-06-24,18.1403,2024-06-28
2024-06-25,18.2047,2024-06-28
2024-06-26,18.2193,2024-06-28
2024-06-27,18.4702,2024-06-28
2024-06-28,18.2283,2024-06-28
2024-07-01,18.3154,2024-07-31
2024-07-02,18.6118,2024-07-31
2024-07-03,18.3525,2024-07-31
2024-07-05,18.1935,2024-07-31
2024-07-08,18.1194,2024-07-31
2024-07-09,18.1403,2024-07-31
2024-07-10,18.126,2024-07-31
2024-07-11,18.0001,2024-07-31
2024-07-12,18.0051,2024-07-31
2024-07-15,18.1849,2024-07-31
2024-07-16,18.0947,2024-07-31
2024-07-17,18.2536,2024-07-31
2024-07-18,18.1746,2024-07-31
2024-07-19,18.2511,2024-07-31
2024-07-22,18.2702,2024-07-31
2024-07-23,18.3808,2024-07-31
2024-07-24,18.3167,2024-07-31
2024-07-25,18.3221,2024-07-31
2024-07-26,18.2605,2024-07-31
2024-07-29,18.4617,2024-07-31
2024-07-30,18.3542,2024-07-31
2024-07-31,18.2081,2024-07-31
2024-08-01,18.1732,2024-08-30
2024-08-02,18.2484,2024-08-30
2024-08-05,18.5369,2024-08-30
2024-08-06,18.4788,2024-08-30
2024-08-07,18.3697,2024-08-30
2024-08-08,18.3533,2024-08-30
2024-08-09,18.3118,2024-08-30
2024-08-12,18.2242,2024-08-30
2024-08-13,18.1617,2024-08-30
2024-08-14,18.0694,2024-08-30
2024-08-15,17.9853,2024-08-30
2024-08-16,17.8842,2024-08-30
2024-08-19,17.7142,2024-08-30
2024-08-20,17.8594,2024-08-30
2024-08-21,17.8592,2024-08-30
2024-08-22,18.0258,2024-08-30
2024-08-23,17.73,2024-08-30
2024-08-26,17.7007,2024-08-30
2024-08-27,17.7403,2024-08-30
2024-08-28,17.7987,2024-08-30
2024-08-29,17.7537,2024-08-30
2024-08-30,17.791,2024-08-30
2024-09-03,17.9626,2024-09-30
2024-09-04,17.8623,2024-09-30
2024-09-05,17.722,2024-09-30
2024-09-06,17.8718,2024-09-30
2024-09-09,17.87,2024-09-30
2024-09-10,17.9421,2024-09-30
2024-09-11,17.9033,2024-09-30
2024-09-12,17.8525,2024-09-30
2024-09-13,17.7048,2024-09-30
2024-09-16,17.6415,2024-09-30
2024-09-17,17.6403,2024-09-30
2024-09-18,17.5604,2024-09-30
2024-09-19,17.4771,2024-09-30
2024-09-20,17.49,2024-09-30
2024-09-23,17.3138,2024-09-30
2024-09-24,17.3316,2024-09-30
2024-09-25,17.2318,2024-09-30
2024-09-26,17.1564,2024-09-30
2024-09-27,17.0992,2024-09-30
2024-09-30,17.2618,2024-09-30
2024-10-01,17.3832,2024-10-31
2024-10-02,17.3123,2024-10-31
2024-10-03,17.5116,2024-10-31
2024-10-04,17.4719,2024-10-31
2024-10-07,17.3975,2024-10-31
2024-10-08,17.5579,2024-10-31
2024-10-09,17.6388,2024-10-31
2024-10-10,17.5276,2024-10-31
2024-10-11,17.3978,2024-10-31
2024-10-15,17.6198,2024-10-31
2024-10-16,17.6468,2024-10-31
2024-10-17,17.6858,2024-10-31
2024-10-18,17.5919,2024-10-31
2024-10-21,17.6513,2024-10-31
2024-10-22,17.5267,2024-10-31
2024-10-23,17.8501,2024-10-31
2024-10-24,17.6862,2024-10-31
2024-10-25,17.6625,2024-10-31
2024-10-28,17.7092,2024-10-31
2024-10-29,17.6824,2024-10-31
2024-10-30,17.6784,2024-10-31
2024-10-31,17.675,2024-10-31
2024-11-01,17.5778,2024-11-29
2024-11-04,17.5526,2024-11-29
2024-11-05,17.4283,2024-11-29
2024-11-06,17.6243,2024-11-29
2024-11-07,17.3211,2024-11-29
2024-11-08,17.5749,2024-11-29
2024-11-12,18.1704,2024-11-29
2024-11-13,18.2508,2024-11-29
2024-11-14,18.2145,2024-11-29
2024-11-15,18.2405,2024-11-29
2024-11-18,17.9721,2024-11-29
2024-11-19,18.0528,2024-11-29
2024-11-20,18.0953,2024-11-29
2024-11-21,18.1114,2024-11-29
2024-11-22,18.106,2024-11-29
2024-11-25,18.09,2024-11-29
2024-11-26,18.1857,2024-11-29
2024-11-27,18.211,2024-11-29
2024-11-29,18.0405,2024-11-29
2024-12-02,18.2043,2024-12-31
2024-12-03,18.0848,2024-12-31
2024-12-04,18.0795,2024-12-31
2024-12-05,18.0432,2024-12-31
2024-12-06,18.0064,2024-12-31
2024-12-09,17.7605,2024-12-31
2024-12-10,17.8417,2024-12-31
2024-12-11,17.7029,2024-12-31
2024-12-12,17.7552,2024-12-31
2024-12-13,17.8699,2024-12-31
2024-12-16,17.8355,2024-12-31
2024-12-17,18.1224,2024-12-31
2024-12-18,18.0932,2024-12-31
2024-12-19,18.423,2024-12-31
2024-12-20,18.3194,2024-12-31
2024-12-23,18.5472,2024-12-31
2024-12-24,18.6712,2024-12-31
2024-12-26,18.8764,2024-12-31
2024-12-27,18.6502,2024-12-31
2024-12-30,18.8154,2024-12-31
2024-12-31,18.8792,2024-12-31
2025-01-02,18.7025,2025-01-31
2025-01-03,18.7892,2025-01-31
2025-01-06,18.5663,2025-01-31
2025-01-07,18.685,2025-01-31
2025-01-08,18.8691,2025-01-31
2025-01-09,18.9276,2025-01-31
2025-01-10,19.115,2025-01-31
2025-01-13,19.0666,2025-01-31
2025-01-14,18.9298,2025-01-31
2025-01-15,18.7891,2025-01-31
2025-01-16,18.8121,2025-01-31
2025-01-17,18.7297,2025-01-31
2025-01-21,18.5033,2025-01-31
2025-01-22,18.4884,2025-01-31
2025-01-23,18.4882,2025-01-31
2025-01-24,18.3869,2025-01-31
2025-01-27,18.7281,2025-01-31
2025-01-28,18.7017,2025-01-31
2025-01-29,18.5868,2025-01-31
2025-01-30,18.4681,2025-01-31
2025-01-31,18.6424,2025-01-31
2025-02-03,18.8044,2025-02-28
2025-02-04,18.6729,2025-02-28
2025-02-05,18.5275,2025-02-28
2025-02-06,18.4817,2025-02-28
2025-02-07,18.4199,2025-02-28
2025-02-10,18.4596,2025-02-28
2025-02-11,18.4715,2025-02-28
2025-02-12,18.5101,2025-02-28
2025-02-13,18.5481,2025-02-28
2025-02-14,18.3533,2025-02-28
2025-02-18,18.3923,2025-02-28
2025-02-19,18.5782,2025-02-28
2025-02-20,18.3474,2025-02-28
2025-02-21,18.3168,2025-02-28
2025-02-24,18.3472,2025-02-28
2025-02-25,18.4225,2025-02-28
2025-02-26,18.3772,2025-02-28
2025-02-27,18.4586,2025-02-28
2025-02-28,18.6012,2025-02-28
2025-03-03,18.5825,2025-03-31
2025-03-04,18.5699,2025-03-31
2025-03-05,18.3507,2025-03-31
2025-03-06,18.1382,2025-03-31
2025-03-07,18.2291,2025-03-31
2025-03-10,18.2912,2025-03-31
2025-03-11,18.1873,2025-03-31
2025-03-12,18.338,2025-03-31
2025-03-13,18.3092,2025-03-31
2025-03-14,18.1609,2025-03-31
2025-03-17,18.078,2025-03-31
2025-03-18,18.1039,2025-03-31
2025-03-19,18.1544,2025-03-31
2025-03-20,18.1343,2025-03-31
2025-03-21,18.2273,2025-03-31
2025-03-24,18.1672,2025-03-31
2025-03-25,18.2244,2025-03-31
2025-03-26,18.2614,2025-03-31
2025-03-27,18.2434,2025-03-31
2025-03-28,18.4005,2025-03-31
2025-03-31,18.3845,2025-03-31
2025-04-01,18.3846,2025-04-30
2025-04-02,18.7572,2025-04-30
2025-04-03,18.735,2025-04-30
2025-04-04,19.0676,2025-04-30
2025-04-07,19.5774,2025-04-30
2025-04-08,19.5862,2025-04-30
2025-04-09,19.8177,2025-04-30
2025-04-10,19.5173,2025-04-30
2025-04-11,19.1672,2025-04-30
2025-04-14,18.8924,2025-04-30
2025-04-15,18.9895,2025-04-30
2025-04-16,18.7977,2025-04-30
2025-04-17,18.7973,2025-04-30
2025-04-18,18.8387,2025-04-30
2025-04-21,18.7294,2025-04-30
2025-04-22,18.5732,2025-04-30
2025-04-23,18.6327,2025-04-30
2025-04-24,18.8015,2025-04-30
2025-04-25,18.7159,2025-04-30
2025-04-28,18.5482,2025-04-30
2025-04-29,18.5639,2025-04-30
2025-04-30,18.5814,2025-04-30
2025-05-01,18.6396,2025-05-30
2025-05-02,18.4324,2025-05-30
2025-05-05,18.2733,2025-05-30
2025-05-06,18.1638,2025-05-30
2025-05-07,18.216,2025-05-30
2025-05-08,18.1881,2025-05-30
2025-05-09,18.2278,2025-05-30
2025-05-12,18.3017,2025-05-30
2025-05-13,18.3135,2025-05-30
2025-05-14,18.2427,2025-05-30
2025-05-15,18.031,2025-05-30
2025-05-16,18.0935,2025-05-30
2025-05-19,18.0641,2025-05-30
2025-05-20,17.9317,2025-05-30
2025-05-21,17.8989,2025-05-30
2025-05-22,17.9822,2025-05-30
2025-05-23,17.8504,2025-05-30
2025-05-27,17.9181,2025-05-30
2025-05-28,17.9618,2025-05-30
2025-05-29,17.8028,2025-05-30
2025-05-30,18.0319,2025-05-30
2025-06-02,17.8711,2025-06-30
2025-06-03,17.89,2025-06-30
2025-06-04,17.8027,2025-06-30
2025-06-05,17.7622,2025-06-30
2025-06-06,17.7716,2025-06-30
2025-06-09,17.7056,2025-06-30
2025-06-10,17.7102,2025-06-30
2025-06-11,17.6945,2025-06-30
2025-06-12,17.7854,2025-06-30
2025-06-13,17.9063,2025-06-30
2025-06-16,17.7842,2025-06-30
2025-06-17,17.9299,2025-06-30
2025-06-18,17.9332,2025-06-30
2025-06-20,17.9858,2025-06-30
2025-06-23,17.9993,2025-06-30
2025-06-24,17.7756,2025-06-30
2025-06-25,17.7682,2025-06-30
2025-06-26,17.7907,2025-06-30
2025-06-27,17.8113,2025-06-30
2025-06-30,17.7172,2025-06-30
2025-07-01,17.6221,2025-07-31
2025-07-02,17.5916,2025-07-31
2025-07-03,17.4911,2025-07-31
2025-07-07,17.735,2025-07-31
2025-07-08,17.8229,2025-07-31
2025-07-09,17.7926,2025-07-31
2025-07-10,17.7196,2025-07-31
2025-07-11,17.9208,2025-07-31
2025-07-14,17.9118,2025-07-31
2025-07-15,17.8933,2025-07-31
2025-07-16,17.8509,2025-07-31
2025-07-17,17.8056,2025-07-31
2025-07-18,17.6758,2025-07-31
2025-07-21,17.68,2025-07-31
2025-07-22,17.5531,2025-07-31
2025-07-23,17.5416,2025-07-31
2025-07-24,17.6247,2025-07-31
2025-07-25,17.8091,2025-07-31
2025-07-28,17.8854,2025-07-31
2025-07-29,17.8835,2025-07-31
2025-07-30,17.9588,2025-07-31
2025-07-31,18.1741,2025-07-31
2025-08-01,18.0357,2025-08-29
2025-08-04,17.9311,2025-08-29
2025-08-05,17.8946,2025-08-29
2025-08-06,17.7573,2025-08-29
2025-08-07,17.789,2025-08-29
2025-08-08,17.7084,2025-08-29
2025-08-11,17.7358,2025-08-29
2025-08-12,17.569,2025-08-29
2025-08-13,17.5122,2025-08-29
2025-08-14,17.6253,2025-08-29
2025-08-15,17.5905,2025-08-29
2025-08-18,17.6567,2025-08-29
2025-08-19,17.662,2025-08-29
2025-08-20,17.6918,2025-08-29
2025-08-21,17.7462,2025-08-29
2025-08-22,17.4469,2025-08-29
2025-08-25,17.5833,2025-08-29
2025-08-26,17.6123,2025-08-29
2025-08-27,17.7122,2025-08-29
2025-08-28,17.6977,2025-08-29
2025-08-29,17.6519,2025-08-29
2025-09-02,17.6973,2025-09-30
2025-09-03,17.6535,2025-09-30
2025-09-04,17.7615,2025-09-30
2025-09-05,17.5486,2025-09-30
2025-09-08,17.49,2025-09-30
2025-09-09,17.5247,2025-09-30
2025-09-10,17.4681,2025-09-30
2025-09-11,17.3906,2025-09-30
2025-09-12,17.3878,2025-09-30
2025-09-15,17.3758,2025-09-30
2025-09-16,17.3416,2025-09-30
2025-09-17,17.3504,2025-09-30
2025-09-18,17.3425,2025-09-30
2025-09-19,17.3498,2025-09-30
2025-09-22,17.3495,2025-09-30
2025-09-23,17.2387,2025-09-30
2025-09-24,17.3403,2025-09-30
2025-09-25,17.4359,2025-09-30
2025-09-26,17.358,2025-09-30
2025-09-29,17.2564,2025-09-30
2025-09-30,17.2681,2025-09-30
2025-10-01,17.2111,2025-10-31
2025-10-02,17.3221,2025-10-31
2025-10-03,17.2085,2025-10-31
2025-10-06,17.1995,2025-10-31
2025-10-07,17.2092,2025-10-31
2025-10-08,17.1511,2025-10-31
2025-10-09,17.1619,2025-10-31
2025-10-10,17.4215,2025-10-31
2025-10-14,17.3797,2025-10-31
2025-10-15,17.3305,2025-10-31
2025-10-16,17.308,2025-10-31
2025-10-17,17.3847,2025-10-31
2025-10-20,17.2367,2025-10-31
2025-10-21,17.372,2025-10-31
2025-10-22,17.3967,2025-10-31
2025-10-23,17.315,2025-10-31
2025-10-24,17.2573,2025-10-31
2025-10-27,17.2429,2025-10-31
2025-10-28,17.1506,2025-10-31
2025-10-29,17.1073,2025-10-31
2025-10-30,17.2901,2025-10-31
2025-10-31,17.3312,2025-10-31
2025-11-03,17.296,2025-11-28
2025-11-04,17.474,2025-11-28
2025-11-05,17.404,2025-11-28
2025-11-06,17.3948,2025-11-28
2025-11-07,17.3106,2025-11-28
2025-11-10,17.1616,2025-11-28
2025-11-12,17.0961,2025-11-28
2025-11-13,17.0096,2025-11-28
2025-11-14,17.1235,2025-11-28
2025-11-17,17.0992,2025-11-28
2025-11-18,17.1738,2025-11-28
2025-11-19,17.2106,2025-11-28
2025-11-20,17.2353,2025-11-28
2025-11-21,17.3699,2025-11-28
2025-11-24,17.3182,2025-11-28
2025-11-25,17.2412,2025-11-28
2025-11-26,17.0926,2025-11-28
2025-11-28,17.1229,2025-11-28
2025-12-01,17.0764,2025-12-31
2025-12-02,17.1427,2025-12-31
2025-12-03,17.047,2025-12-31
2025-12-04,16.9866,2025-12-31
2025-12-05,16.964,2025-12-31
2025-12-08,17.0396,2025-12-31
2025-12-09,17.0537,2025-12-31
2025-12-10,16.9856,2025-12-31
2025-12-11,16.8415,2025-12-31
2025-12-12,16.8635,2025-12-31
2025-12-15,16.7817,2025-12-31
2025-12-16,16.733,2025-12-31
2025-12-17,16.7375,2025-12-31
2025-12-18,16.7311,2025-12-31
2025-12-19,16.7492,2025-12-31
2025-12-22,16.7171,2025-12-31
2025-12-23,16.6973,2025-12-31
2025-12-24,16.6621,2025-12-31
2025-12-26,16.6799,2025-12-31
2025-12-29,16.696,2025-12-31
2025-12-30,16.5832,2025-12-31
2025-12-31,16.5496,2025-12-31
2026-01-02,16.4833,2026-01-30
2026-01-05,16.3556,2026-01-30
2026-01-06,16.3755,2026-01-30
2026-01-07,16.4533,2026-01-30
2026-01-08,16.518,2026-01-30
2026-01-09,16.4812,2026-01-30
2026-01-12,16.3837,2026-01-30
2026-01-13,16.4303,2026-01-30
2026-01-14,16.4035,2026-01-30
2026-01-15,16.3335,2026-01-30
2026-01-16,16.4111,2026-01-30
2026-01-20,16.3853,2026-01-30
2026-01-21,16.2448,2026-01-30
2026-01-22,16.1508,2026-01-30
2026-01-23,16.1502,2026-01-30
2026-01-26,15.9591,2026-01-30
2026-01-27,15.9726,2026-01-30
2026-01-28,15.906,2026-01-30
2026-01-29,15.8167,2026-01-30
2026-01-30,16.0354,2026-01-30
2026-02-02,16.0678,2026-02-27
2026-02-03,15.9194,2026-02-27
2026-02-04,16.0591,2026-02-27
2026-02-05,16.1822,2026-02-27
2026-02-06,16.015,2026-02-27
2026-02-09,15.9106,2026-02-27
2026-02-10,15.9588,2026-02-27
2026-02-11,15.87,2026-02-27
2026-02-12,15.937,2026-02-27
2026-02-13,15.9807,2026-02-27
2026-02-17,16.0498,2026-02-27
2026-02-18,16.0423,2026-02-27
2026-02-19,16.1808,2026-02-27
2026-02-20,16.0414,2026-02-27
2026-02-23,16.0034,2026-02-27
2026-02-24,15.9353,2026-02-27
2026-02-25,15.8404,2026-02-27
2026-02-26,15.9692,2026-02-27
2026-02-27,15.9167,2026-02-27
2026-03-02,16.1396,2026-03-31
2026-03-03,16.5394,2026-03-31
2026-03-04,16.325,2026-03-31
2026-03-05,16.6306,2026-03-31
2026-03-06,16.5786,2026-03-31
2026-03-09,16.5367,2026-03-31
2026-03-10,16.1724,2026-03-31
2026-03-11,16.4612,2026-03-31
2026-03-12,16.75,2026-03-31
2026-03-13,16.9434,2026-03-31
2026-03-16,16.7741,2026-03-31
2026-03-17,16.6831,2026-03-31
2026-03-18,16.823,2026-03-31
2026-03-19,16.8888,2026-03-31
2026-03-20,17.0401,2026-03-31
2026-03-23,16.8367,2026-03-31
2026-03-24,17.069,2026-03-31
2026-03-25,16.9332,2026-03-31
2026-03-26,17.0548,2026-03-31
2026-03-27,17.0772,2026-03-31
2026-03-30,17.1465,2026-03-31
2026-03-31,17.0824,2026-03-31
2026-04-01,16.7806,2026-04-30
2026-04-02,16.9049,2026-04-30
2026-04-03,17.0047,2026-04-30
2026-04-06,16.8556,2026-04-30
2026-04-07,16.9001,2026-04-30
2026-04-08,16.3306,2026-04-30
2026-04-09,16.3358,2026-04-30
2026-04-10,16.4284,2026-04-30
2026-04-13,16.5116,2026-04-30
2026-04-14,16.3583,2026-04-30
2026-04-15,16.3849,2026-04-30
2026-04-16,16.3973,2026-04-30
2026-04-17,16.2142,2026-04-30
2026-04-20,16.3701,2026-04-30
2026-04-21,16.4386,2026-04-30
2026-04-22,16.4704,2026-04-30
2026-04-23,16.4965,2026-04-30
2026-04-24,16.4929,2026-04-30
2026-04-27,16.538,2026-04-30
2026-04-28,16.5144,2026-04-30
2026-04-29,16.7594,2026-04-30
2026-04-30,16.6986,2026-04-30
2026-05-01,16.5834,2026-05-29
2026-05-04,16.8284,2026-05-29
2026-05-05,16.6371,2026-05-29
2026-05-06,16.4254,2026-05-29
2026-05-07,16.3653,2026-05-29
2026-05-08,16.4024,2026-05-29
2026-05-11,16.4139,2026-05-29
2026-05-12,16.5434,2026-05-29
2026-05-13,16.4063,2026-05-29
2026-05-14,16.4633,2026-05-29
2026-05-15,16.6903,2026-05-29
2026-05-18,16.6191,2026-05-29
2026-05-19,16.7094,2026-05-29
2026-05-20,16.4796,2026-05-29
2026-05-21,16.5206,2026-05-29
2026-05-22,16.4467,2026-05-29
2026-05-26,16.3916,2026-05-29
2026-05-27,16.372,2026-05-29
2026-05-28,16.265,2026-05-29
2026-05-29,16.2088,2026-05-29
2026-06-01,16.336,2026-06-30
2026-06-02,16.2273,2026-06-30
2026-06-03,16.303,2026-06-30
2026-06-04,16.2867,2026-06-30
2026-06-05,16.5641,2026-06-30
2026-06-08,16.5039,2026-06-30
2026-06-09,16.4797,2026-06-30
2026-06-10,16.5164,2026-06-30
2026-06-11,16.4958,2026-06-30
2026-06-12,16.3064,2026-06-30
2026-06-15,16.1876,2026-06-30
2026-06-16,16.1782,2026-06-30
2026-06-17,16.156,2026-06-30
2026-06-18,16.433,2026-06-30
2026-06-22,16.3882,2026-06-30
2026-06-23,16.5144,2026-06-30
2026-06-24,16.5758,2026-06-30
2026-06-25,16.4381,2026-06-30
2026-06-26,16.4457,2026-06-30
2026-06-29,16.4296,2026-06-30
2026-06-30,16.3938,2026-06-30
2026-07-01,16.3966,2026-07-31
2026-07-02,16.2256,2026-07-31
2026-07-06,16.2213,2026-07-31
2026-07-07,16.2477,2026-07-31
2026-07-08,16.4765,2026-07-31
2026-07-09,16.3154,2026-07-31
2026-07-10,16.2746,2026-07-31
2026-07-13,16.399,2026-07-31
2026-07-14,16.3858,2026-07-31
2026-07-15,16.3249,2026-07-31
2026-07-16,16.3976,2026-07-31
2026-07-17,16.4972,2026-07-31
2026-07-20,16.5135,2026-07-31
2026-07-21,16.4553,2026-07-31
2026-07-22,16.3849,2026-07-31
2026-07-23,16.7654,2026-07-31
2026-07-24,16.7909,2026-07-31
