idx,ts,last_close,p_up,gen_sd,trailing_sd,disp_ratio,gen_distinct
299070,2024-07-08 09:30:00,1.08296,0.3,0.0002303944660051632,0.0004225857262750652,0.5452017228220273,8
299078,2024-07-08 11:30:00,1.08407,0.0,0.000126077029343419,0.00043057164281685143,0.29281312749397037,4
299094,2024-07-08 15:30:00,1.08438,0.4,0.00031880251555874796,0.00042792115947050657,0.7450029251958985,9
299096,2024-07-08 16:00:00,1.08406,0.3,0.0003453173178341444,0.0004311913815816043,0.800844665696993,12
299119,2024-07-08 21:45:00,1.08233,1.0,8.898738148377151e-05,0.00039868296594661737,0.22320336980659136,3
299135,2024-07-09 01:45:00,1.08301,0.6,0.00010356952472168537,0.00028361952811988315,0.36517064042891845,3
299144,2024-07-09 04:00:00,1.0823,1.0,3.9124488830566405e-05,0.00028093801949699755,0.13926377391218328,2
299151,2024-07-09 05:45:00,1.08283,0.6,0.00012930843884611438,0.0002842926376931746,0.4548427278854533,4
299165,2024-07-09 09:15:00,1.08265,0.03333333333333333,0.00015074642325954855,0.00027418748635877694,0.5497932282084362,3
299169,2024-07-09 10:15:00,1.08181,0.8333333333333334,0.00022125443621170995,0.0002371237884564331,0.9330756633569945,3
299170,2024-07-09 10:30:00,1.0818,0.8333333333333334,0.00022503725933415816,0.00023515871765150085,0.9569590342283528,3
299179,2024-07-09 12:45:00,1.08256,0.7333333333333333,0.00020899266148770125,0.00021092563501814106,0.9908357581558375,4
299209,2024-07-09 20:15:00,1.08105,0.06666666666666667,8.958019402874333e-05,0.0002365342990888375,0.378719679868072,4
299247,2024-07-10 05:45:00,1.08205,0.9666666666666667,0.000152492504969438,0.0002191642211238833,0.69579105653035,4
299263,2024-07-10 09:45:00,1.08217,0.13333333333333333,0.0001260754205676847,0.00022000268987606183,0.5730630868136616,3
299283,2024-07-10 14:45:00,1.0825,0.7666666666666667,0.000199732904914085,0.0002156754184743198,0.9260809893264074,8
299288,2024-07-10 16:00:00,1.08223,0.5,0.0001694149376983303,0.00021727890237247633,0.7797118627187563,9
299293,2024-07-10 17:15:00,1.0824,0.4666666666666667,0.00012818604339069866,0.00020791167000493136,0.6165408771314197,4
299295,2024-07-10 17:45:00,1.08241,0.8,0.00017564274791938118,0.00020891975623296255,0.8407187098357765,7
299297,2024-07-10 18:15:00,1.08251,0.5,0.00016335961899353166,0.00018765029007212968,0.870553511698484,7
299301,2024-07-10 19:15:00,1.08253,0.26666666666666666,0.00011603524821643415,0.00017892672802758777,0.6485070704391537,4
299354,2024-07-11 08:30:00,1.08363,0.36666666666666664,0.00016406656819239142,0.00019007970124993072,0.8631461808573904,16
299355,2024-07-11 08:45:00,1.08339,0.6,0.00015465711336713837,0.00019181985733386807,0.8062622687595536,12
299366,2024-07-11 11:30:00,1.08463,0.8,0.00023609166799727461,0.00018830694127468513,1.2537597732676538,8
299367,2024-07-11 11:45:00,1.08454,0.4666666666666667,0.00024083273980275946,0.00018844754792391203,1.2779828788220613,10
299376,2024-07-11 14:00:00,1.08541,0.6333333333333333,0.0001702425654329695,0.00018966587884326205,0.8975919468027046,6
299389,2024-07-11 17:15:00,1.08782,0.23333333333333334,0.0004030690605833619,0.0005920869552311182,0.680759907007284,8
299400,2024-07-11 20:00:00,1.08604,0.5,0.00019273809812890325,0.000599515414966442,0.32148981213384115,5
299404,2024-07-11 21:00:00,1.08675,0.6,0.00021910420438185974,0.0005992208660941577,0.3656484891956869,6
299420,2024-07-12 01:00:00,1.08658,0.36666666666666664,0.0001692850927906337,0.0005970966553883447,0.2835137180269962,3
299426,2024-07-12 02:30:00,1.08703,0.06666666666666667,0.00015983462132693795,0.0006095527337741345,0.2622162324452203,3
299435,2024-07-12 04:45:00,1.08664,0.16666666666666666,0.00016150398724945218,0.0006091047789767238,0.2651497621160905,3
299444,2024-07-12 07:00:00,1.08692,0.1,0.00013645307156976731,0.0006091204240968693,0.22401657565839064,3
299448,2024-07-12 08:00:00,1.08691,0.1,0.00018899563565939425,0.0006093532945741932,0.3101577317169697,6
299451,2024-07-12 08:45:00,1.08643,0.5,0.00010995145562412658,0.0006100672109174231,0.18022843000983588,9
299456,2024-07-12 10:00:00,1.08751,0.06666666666666667,0.00019345242207966038,0.0006123160672626118,0.31593556403721146,3
299462,2024-07-12 11:30:00,1.08831,0.1,0.00019844917052602642,0.0006138856125961343,0.3232673424072947,3
299474,2024-07-12 14:30:00,1.08859,0.9,0.00023168730738367202,0.0006109147192568602,0.37924656270437423,3
299503,2024-07-12 21:45:00,1.09069,0.3,0.00020381915471411036,0.00024274099676624276,0.8396569076890882,2
299514,2024-07-15 00:30:00,1.08862,0.4,0.00024376784241011173,0.00029111230276149177,0.8373670233024493,9
299518,2024-07-15 01:30:00,1.08831,0.6,0.00015731100639162568,0.0002921695476727251,0.5384236914650607,8
299530,2024-07-15 04:30:00,1.08882,0.0,9.820784486123732e-05,0.00026473153848883516,0.3709714581867969,6
299559,2024-07-15 11:45:00,1.09097,0.16666666666666666,0.00021794971104328916,0.00027904855328838804,0.7810458376325817,3
299580,2024-07-15 17:00:00,1.09166,0.03333333333333333,0.00020921951884076816,0.0002939486964406749,0.7117552191050219,3
299592,2024-07-15 20:00:00,1.08944,0.7333333333333333,0.00016841730958831988,0.00031829582693708176,0.5291219530239437,5
299595,2024-07-15 20:45:00,1.09003,0.16666666666666666,0.00018534797347067314,0.0003190903175465495,0.5808636717522281,6
299627,2024-07-16 04:45:00,1.08891,0.3,8.479067047420394e-05,0.0002748498026911773,0.30849820390620836,4
299663,2024-07-16 13:45:00,1.08946,0.36666666666666664,0.00017974909955160195,0.0002575775401007617,0.69784461596025,7
299668,2024-07-16 15:00:00,1.08802,0.2,0.00029806018835875855,0.0003073982171578552,0.9696223716408174,12
299680,2024-07-16 18:00:00,1.08841,0.3333333333333333,0.00017294050561271343,0.00030607074023956786,0.5650344279147669,3
299689,2024-07-16 20:15:00,1.08909,0.06666666666666667,0.00015254485000121558,0.00028118015463264606,0.542516416923204,3
299694,2024-07-16 21:30:00,1.08973,0.1,8.295502417765842e-05,0.00028096678169322697,0.29524851186227663,4
299697,2024-07-16 22:15:00,1.09016,0.0,8.121263649282834e-05,0.00028072627977934126,0.2892947413283279,3
299704,2024-07-17 00:00:00,1.08982,0.16666666666666666,0.00011356096334324628,0.0002781880899801138,0.4082164817025925,4
299707,2024-07-17 00:45:00,1.08989,0.23333333333333334,0.00011175923877166623,0.00027799143298411026,0.40202403927337677,4
299718,2024-07-17 03:30:00,1.08977,0.5666666666666667,5.753656609808693e-05,0.0002794583505586469,0.20588601479637073,2
299729,2024-07-17 06:15:00,1.0905,0.6,0.00011090378315219556,0.0002839546833882669,0.3905685999922414,3
299738,2024-07-17 08:30:00,1.09016,0.36666666666666664,0.00020188411903412115,0.0002842705290750957,0.7101830769829449,6
299742,2024-07-17 09:30:00,1.09055,0.1,0.00015102056939180145,0.00029460980854666526,0.5126121568619812,6
299745,2024-07-17 10:15:00,1.09094,0.5,0.00016286530489508842,0.00029909191543773226,0.5445326218755493,7
299751,2024-07-17 11:45:00,1.09429,0.4666666666666667,0.000303498943762244,0.0003695327504121611,0.8213045891703352,3
299763,2024-07-17 14:45:00,1.09434,0.6,0.00046369714784047337,0.0003932886103454398,1.1790251119481725,6
299767,2024-07-17 15:45:00,1.09372,0.7333333333333333,0.0002963990358875764,0.00035111392985118684,0.8441676922735583,7
299778,2024-07-17 18:30:00,1.09243,0.43333333333333335,0.00017680882513832519,0.0003539905006689254,0.4994733610201821,8
299803,2024-07-18 00:45:00,1.09388,0.7666666666666667,4.4241357701809435e-05,0.0003529056730054079,0.1253631241601817,3
299815,2024-07-18 03:45:00,1.09351,0.9,0.00011760839442106794,0.0003510744363684945,0.33499560844590776,6
299822,2024-07-18 05:30:00,1.09354,0.0,0.00011503930904785969,0.00034879874605344785,0.32981571851818453,5
299823,2024-07-18 05:45:00,1.09336,0.4666666666666667,0.0001007459691426842,0.0003488581516877491,0.28878777421505814,6
299834,2024-07-18 08:30:00,1.0931,0.3333333333333333,0.0001522763112577655,0.0003490709461650998,0.4362331294846392,6
299837,2024-07-18 09:15:00,1.09334,0.36666666666666664,0.00015133182024054196,0.00034900225094720914,0.4336127341007687,8
299851,2024-07-18 12:45:00,1.09357,0.4,0.00021840360655824167,0.0002589655908162671,0.8433692131446001,9
299872,2024-07-18 18:00:00,1.09119,0.7333333333333333,0.0002420321326474297,0.0002441446529626381,0.9913472595464474,12
299874,2024-07-18 18:30:00,1.09154,0.5333333333333333,0.00018614624871927005,0.00023598640362452883,0.7888007353823739,6
299876,2024-07-18 19:00:00,1.09157,0.5666666666666667,0.00018042375437224797,0.00023014268740424742,0.7839647499002749,5
299882,2024-07-18 20:30:00,1.08989,0.6666666666666666,0.00022046827769783332,0.00023706117397004461,0.9300058461943329,18
299883,2024-07-18 20:45:00,1.08954,0.8,0.00019493938972176545,0.00023865824815476322,0.8168139640216947,11
299886,2024-07-18 21:30:00,1.08951,0.3,0.00013715911253880359,0.00023558340532213554,0.5822104165242578,8
299907,2024-07-19 02:45:00,1.0894,0.9,0.00010555927476129362,0.00024283139210432302,0.43470192978980327,4
299929,2024-07-19 08:15:00,1.08851,0.43333333333333335,0.00018749903364901415,0.0002479185877674197,0.7562927626262252,10
299945,2024-07-19 12:15:00,1.08793,0.6333333333333333,0.00015427333385383595,0.00025629644668789234,0.6019331748352481,5
299946,2024-07-19 12:30:00,1.08851,0.36666666666666664,0.00017435582078170278,0.0002639127001001606,0.6606571821497448,11
299952,2024-07-19 14:00:00,1.08927,0.43333333333333335,0.00018500439918737313,0.0002623203346358704,0.7052613722995575,13
299953,2024-07-19 14:15:00,1.08882,0.5666666666666667,0.0002361661784808927,0.00026520466999671187,0.8905053537851381,16
299957,2024-07-19 15:15:00,1.08861,0.4,0.0001905809814866314,0.00026787196999109904,0.7114629481127275,12
299964,2024-07-19 17:00:00,1.08893,0.23333333333333334,0.00020837900904524827,0.0002600070635474883,0.8014359540935679,10
299976,2024-07-19 20:00:00,1.08834,0.3333333333333333,0.0001330650349587012,0.0002377476959765462,0.5596901135556243,7
299990,2024-07-21 23:30:00,1.08837,0.5,0.00017150071029518513,0.00022975324239848523,0.7464561044049746,8
299993,2024-07-22 00:15:00,1.08876,0.5666666666666667,0.00012889108641041342,0.0002315445007575036,0.5566579469119025,6
300004,2024-07-22 03:00:00,1.08933,0.8333333333333334,0.00011495686632099086,0.00024115987624313758,0.47668321991130586,7
300027,2024-07-22 08:45:00,1.08867,0.43333333333333335,0.00016298256017594824,0.0002592166784744953,0.6287502838749025,8
300033,2024-07-22 10:15:00,1.08911,0.3333333333333333,0.00020398308962321356,0.00025872522286163855,0.7884159393778933,12
300036,2024-07-22 11:00:00,1.08877,0.5333333333333333,0.000155560686188258,0.00025164436257504044,0.6181767181129271,9
300053,2024-07-22 15:15:00,1.08762,0.8,0.00018243517127651467,0.0002525069892385671,0.7224955310213256,7
300054,2024-07-22 15:30:00,1.08796,0.6333333333333333,0.00018354394317165752,0.00025233192599720877,0.7273908858195289,7
300063,2024-07-22 17:45:00,1.08786,0.7666666666666667,0.0001692199804371765,0.0002494465662815332,0.6783816789291441,10
300065,2024-07-22 18:15:00,1.08827,0.5333333333333333,0.00018324589301420293,0.00025021745465661087,0.7323465633749763,10
300066,2024-07-22 18:30:00,1.08828,0.5,0.0001667754821019525,0.00025016460247972983,0.6666629908820368,9
300087,2024-07-22 23:45:00,1.08895,0.13333333333333333,0.00010283745429834117,0.00024878215768713827,0.41336346325795104,4
300120,2024-07-23 08:00:00,1.08895,0.7333333333333333,0.0001455302519337924,0.00021811109965023354,0.6672299216645419,8
300152,2024-07-23 16:00:00,1.08489,0.7,0.0002195912804925048,0.00025512956070522014,0.8607049684306214,8
300168,2024-07-23 20:00:00,1.08527,0.3333333333333333,0.00018719447892533202,0.0002564430630516009,0.729965071769811,3
300175,2024-07-23 21:45:00,1.085,0.13333333333333333,0.00012375498452868404,0.000254430710068373,0.48639955646638505,3
300183,2024-07-23 23:45:00,1.08535,0.9666666666666667,0.00010968036014772278,0.00025279230323860117,0.43387539392051666,3
300236,2024-07-24 13:00:00,1.08423,0.36666666666666664,0.00019726790234596324,0.00026025879297829883,0.7579682518638747,4
300239,2024-07-24 13:45:00,1.08432,0.26666666666666666,0.0001489287740076348,0.000259360817923792,0.5742146219302661,3
300270,2024-07-24 21:30:00,1.08395,0.6333333333333333,0.00021495928411508774,0.00029765868676514287,0.7221670109856186,3
300274,2024-07-24 22:30:00,1.08385,0.3333333333333333,0.00016279528363797417,0.00029873033368583437,0.5449573253219776,3
300275,2024-07-24 22:45:00,1.08378,0.36666666666666664,0.0002155278410497618,0.0002987408531436597,0.7214541927619049,3
300276,2024-07-24 23:00:00,1.08386,0.3333333333333333,0.0001960948068252584,0.000298819532406524,0.6562315563712365,3
300319,2024-07-25 09:45:00,1.08409,0.36666666666666664,0.00017831352596635325,0.0003216236484586079,0.5544167128907554,9
300321,2024-07-25 10:15:00,1.08547,0.36666666666666664,0.0003155300112805069,0.0003355663800636635,0.9402908933268127,11
300323,2024-07-25 10:45:00,1.08448,0.6,0.0003217088059952544,0.0003256068714120418,0.9880283072654982,11
300331,2024-07-25 12:45:00,1.08481,0.5666666666666667,0.0002729744569384643,0.00032550278972029304,0.8386240166268107,10
300333,2024-07-25 13:15:00,1.0851,0.4666666666666667,0.0002676666634975241,0.00032493142440875075,0.8237635494460829,11
300338,2024-07-25 14:30:00,1.08504,0.7333333333333333,0.00022323109138881582,0.00032926246993041157,0.6779730815844117,10
300342,2024-07-25 15:30:00,1.08397,0.8666666666666667,0.0002819477636418093,0.0003502946709475085,0.8048873906050915,10
300345,2024-07-25 16:15:00,1.08423,0.23333333333333334,0.00023858052422749367,0.00033942093447233924,0.7029045647947109,9
300348,2024-07-25 17:00:00,1.08542,0.5,0.00031193218352453976,0.00032128786985630424,0.9708806736589564,12
300351,2024-07-25 17:45:00,1.08597,0.3,0.0001850164508493516,0.0003175552271874102,0.5826276345316188,10
300360,2024-07-25 20:00:00,1.08539,0.7666666666666667,0.00021581566216694083,0.0003247769909768368,0.6645041618183256,8
300363,2024-07-25 20:45:00,1.08498,0.6666666666666666,0.00020443824884359347,0.0003221986312253191,0.6345099855518203,10
300369,2024-07-25 22:15:00,1.08458,0.3333333333333333,0.00017787216651348085,0.0003259715998828862,0.545667679568975,8
300395,2024-07-26 04:45:00,1.08545,0.8333333333333334,0.00016323336545088783,0.00032831999789574535,0.49717765136780034,7
300399,2024-07-26 05:45:00,1.08543,0.5666666666666667,0.00018699101149715434,0.0003266120654254846,0.5725171580956665,8
300433,2024-07-26 14:15:00,1.08588,0.5666666666666667,0.0002240200974456538,0.0002775165714030891,0.8072314251831385,19
300473,2024-07-29 00:15:00,1.08587,0.4,0.00010883517369953008,0.00023566191268010423,0.4618275921712762,14
300503,2024-07-29 07:45:00,1.08579,0.7,0.000149777234409435,0.00024355736863653594,0.6149566947939468,16
300512,2024-07-29 10:00:00,1.08439,0.6333333333333333,0.00026264780824963516,0.00025697688351552367,1.022067839941599,10
300539,2024-07-29 16:45:00,1.08027,0.9666666666666667,0.0002119472340157122,0.0002757372619890314,0.7686564829389771,7
300544,2024-07-29 18:00:00,1.08185,0.36666666666666664,0.00026675941774165023,0.00029941022870392115,0.8909495807688038,7
300546,2024-07-29 18:30:00,1.08169,0.16666666666666666,0.00022708762754700335,0.0002976625943916695,0.7629028027895155,7
300550,2024-07-29 19:30:00,1.08219,0.36666666666666664,0.00018589909295365107,0.0002980429311650564,0.6237326019676676,6
300560,2024-07-29 22:00:00,1.08231,0.23333333333333334,0.00014010772722987527,0.00029898607696163753,0.4686095374529841,4
300600,2024-07-30 08:00:00,1.08197,0.9666666666666667,0.00015401980870744262,0.0002855046529327222,0.5394651440014767,7
300622,2024-07-30 13:30:00,1.08286,0.6,0.00015732235896489337,0.00027246114962184485,0.5774120794221295,14
300634,2024-07-30 16:30:00,1.08024,0.26666666666666666,0.00027686918025666854,0.0003118221574090567,0.8879073333248223,12
300637,2024-07-30 17:15:00,1.08032,0.4666666666666667,0.00018198948501167304,0.0003132410364945665,0.5809886439155294,10
300650,2024-07-30 20:30:00,1.08126,0.43333333333333335,0.00013912540155980795,0.00027609041222557035,0.5039124699706712,4
300663,2024-07-30 23:45:00,1.08131,0.13333333333333333,8.343187612683235e-05,0.0002764340686433263,0.301814738452089,3
300672,2024-07-31 02:00:00,1.08152,0.4,0.00014224633921710737,0.0002769422143752206,0.5136318402668006,4
300675,2024-07-31 02:45:00,1.08184,0.43333333333333335,0.0001207787223686685,0.000279067638873852,0.4327937228983564,8
300677,2024-07-31 03:15:00,1.08228,0.36666666666666664,0.0001510790006062659,0.00028053452993794095,0.5385397677772042,8
300692,2024-07-31 07:00:00,1.08251,0.2,0.00014318650760088855,0.000289628846786584,0.49437930368309274,9
300707,2024-07-31 10:45:00,1.08166,0.4,0.000274809747863413,0.0003286430347060214,0.8361952600311049,14
300709,2024-07-31 11:15:00,1.08234,0.5,0.00019178454840699082,0.00032101165843077665,0.5974379539500354,9
300716,2024-07-31 13:00:00,1.08327,0.36666666666666664,0.00023557345367348242,0.0003163534771386262,0.7446526455287041,22
300727,2024-07-31 15:45:00,1.08414,0.5666666666666667,0.0002359133296804471,0.00031951326363742103,0.7383522267424807,18
300743,2024-07-31 19:45:00,1.08102,0.36666666666666664,0.00017701470879621331,0.00033486510615845524,0.5286149722403489,6
300756,2024-07-31 23:00:00,1.08247,0.5,0.00019153683205693474,0.00039502554229234896,0.4848720185166733,13
300793,2024-08-01 08:15:00,1.08223,0.4666666666666667,0.00021682844758802423,0.0004001214232601201,0.5419066187992224,11
300801,2024-08-01 10:15:00,1.07838,0.9,0.00043429866236540055,0.0004287786580964882,1.0128737850279623,18
300824,2024-08-01 16:00:00,1.08022,0.9,0.0003690531574899626,0.00043137711540169703,0.8555232633198482,12
300835,2024-08-01 18:45:00,1.07841,0.6333333333333333,0.00020152754872242648,0.00043716371190789897,0.4609887399914932,8
300838,2024-08-01 19:30:00,1.07888,0.4666666666666667,0.00019577028900397646,0.0004254227687731394,0.4601782118257351,4
300843,2024-08-01 20:45:00,1.07853,0.7333333333333333,0.0001852717395751121,0.00042479821698131773,0.436140577264382,5
300851,2024-08-01 22:45:00,1.0788,0.7,0.00012744842882552118,0.0003758849843734187,0.33906230395973724,2
300856,2024-08-02 00:00:00,1.07911,0.13333333333333333,0.00016144180879862572,0.00037515317417213063,0.43033571328534664,3
300870,2024-08-02 03:30:00,1.07895,0.2,9.675025939941405e-05,0.00037860895437459444,0.25554139246186364,2
300876,2024-08-02 05:00:00,1.07898,0.5666666666666667,0.00017020256511140414,0.0003773441577748348,0.45105392942896916,3
300896,2024-08-02 10:00:00,1.08035,0.6666666666666666,0.00030836486861073444,0.00037755046366953825,0.8167513969222391,12
300898,2024-08-02 10:30:00,1.08098,0.16666666666666666,0.0002613931414354082,0.00037923410753185435,0.689265907902158,12
300903,2024-08-02 11:45:00,1.08179,0.7,0.00018290120671113607,0.00034124004885379626,0.5359898620501599,17
300918,2024-08-02 15:30:00,1.08936,0.4,0.0007061730840958243,0.0005325019537828673,1.326141771084981,13
300928,2024-08-02 18:00:00,1.09129,0.13333333333333333,0.0004646817329173352,0.0005293214773702838,0.8778818785625616,8
300929,2024-08-02 18:15:00,1.09057,0.2,0.00031483341242913884,0.000535573996916235,0.5878429763989821,6
300944,2024-08-02 22:00:00,1.09122,0.8333333333333334,0.00024022990976044415,0.0005354822601102265,0.44862347019860926,4
300956,2024-08-05 01:00:00,1.09057,0.4,0.000304238473480369,0.0005557331213019598,0.5474542758358644,3
300966,2024-08-05 03:30:00,1.09179,0.03333333333333333,0.00026788898653112045,0.000560823381300888,0.47767085942409204,3
300975,2024-08-05 05:45:00,1.09238,0.1,0.0003646317749100035,0.0005660055200703578,0.6442194677972003,3
300976,2024-08-05 06:00:00,1.09301,0.06666666666666667,0.0003286931313854753,0.000567933781999847,0.5787525620118225,3
300978,2024-08-05 06:30:00,1.09382,0.0,0.00029866940212277583,0.0005687785598076985,0.5251066464666928,3
300979,2024-08-05 06:45:00,1.09367,0.26666666666666666,0.00042479711048693767,0.0005695207299570605,0.7458852472656536,5
300981,2024-08-05 07:15:00,1.09313,0.06666666666666667,0.0002877715350973486,0.0005730878739372741,0.5021420766073406,3
300990,2024-08-05 09:30:00,1.09422,0.43333333333333335,0.0008653162041735495,0.000690170894552475,1.2537709297849242,8
300996,2024-08-05 11:00:00,1.09505,0.36666666666666664,0.0006316318370505269,0.0007509822700718277,0.8410742333372457,4
301010,2024-08-05 14:30:00,1.09686,0.3,0.0006184765640317539,0.0007779759291075573,0.7949816194714784,6
301012,2024-08-05 15:00:00,1.09904,0.4,0.001098237565108227,0.000792905732134027,1.3850796136287598,10
301028,2024-08-05 19:00:00,1.09593,0.16666666666666666,0.0003418632961682654,0.0007159214026340432,0.4775151223450925,2
301030,2024-08-05 19:30:00,1.09525,1.0,0.00031389399490586693,0.0007147390667062741,0.43917285276203233,2
301031,2024-08-05 19:45:00,1.09514,1.0,0.0,0.0007146531534112369,0.0,1
301039,2024-08-05 21:45:00,1.09532,0.8666666666666667,0.00024540950595790473,0.0007140875210044635,0.34366866628995574,2
301049,2024-08-06 00:15:00,1.09601,0.0,0.000392913818359375,0.0007105743497623097,0.5529524369839784,2
301057,2024-08-06 02:15:00,1.09437,0.6333333333333333,0.00041587917401553746,0.0007083211309919482,0.5871336542411649,10
301061,2024-08-06 03:15:00,1.09589,0.2,0.0003375053405761719,0.0007100000790376178,0.47535958169701825,2
301064,2024-08-06 04:00:00,1.09543,0.7,0.0002021495875439467,0.0007087734332029545,0.2852104467720109,5
301101,2024-08-06 13:15:00,1.09067,0.43333333333333335,0.00046732696479204216,0.0004901953284713002,0.9533484667212676,3
301139,2024-08-06 22:45:00,1.09287,0.8666666666666667,0.00019520680011947427,0.0003581193722021338,0.5450886360017783,4
301147,2024-08-07 00:45:00,1.09281,0.13333333333333333,0.00018392256108036337,0.0003568891713465435,0.5153492340112849,4
301161,2024-08-07 04:15:00,1.09144,1.0,0.00026772954757923664,0.0003338582643570809,0.8019257755826714,2
301162,2024-08-07 04:30:00,1.09165,0.23333333333333334,0.0002622337809716779,0.0003345462170000587,0.7838491892784785,2
301164,2024-08-07 05:00:00,1.09158,0.23333333333333334,0.0002535615621047045,0.00033504083632279345,0.7568079309007331,2
301167,2024-08-07 05:45:00,1.09145,0.16666666666666666,0.00021817942137522433,0.00033738093502271976,0.6466856859014034,2
301175,2024-08-07 07:45:00,1.09092,0.9333333333333333,0.000253039189607695,0.0003370207734465584,0.750811847649562,3
301176,2024-08-07 08:00:00,1.09098,0.9,0.0002927005453023511,0.00033643318357666366,0.8700109251727628,3
301182,2024-08-07 09:30:00,1.0921,0.6,0.0003065436282126642,0.0003369195818170512,0.9098421248163566,2
301191,2024-08-07 11:45:00,1.09127,0.9333333333333333,0.0003042611387506701,0.0003422602926840498,0.8889758620978631,3
301193,2024-08-07 12:15:00,1.09135,0.8333333333333334,0.0003854352672452868,0.000317549572262026,1.2137798344355664,3
301206,2024-08-07 15:30:00,1.09217,0.4666666666666667,0.00040005664652342776,0.00032511967925079327,1.2304904072411718,3
301211,2024-08-07 16:45:00,1.09322,0.7333333333333333,0.00026854923194626637,0.000309173785680592,0.8686028518074461,4
301228,2024-08-07 21:00:00,1.09217,0.16666666666666666,0.0002025856569886017,0.00028490940676693396,0.7110528897149542,2
301232,2024-08-07 22:00:00,1.09227,0.16666666666666666,0.00020325205717606421,0.0002788362935563288,0.7289297048951215,2
301240,2024-08-08 00:00:00,1.09225,0.13333333333333333,0.0002582647094393758,0.00027924274851956525,0.9248752592810137,3
301251,2024-08-08 02:45:00,1.09279,0.13333333333333333,0.00018332770887608335,0.00028731363984336333,0.6380752023329951,2
301254,2024-08-08 03:30:00,1.09246,0.0,9.706460462078296e-05,0.00028592460957208374,0.33947621635664854,2
301265,2024-08-08 06:15:00,1.0937,0.7666666666666667,0.00025351114222757097,0.00026492837171311693,0.9569044666234942,2
301300,2024-08-08 15:00:00,1.08971,0.9333333333333333,0.0003715402509363213,0.0003675500114504933,1.0108563171310512,15
301304,2024-08-08 16:00:00,1.08924,0.6333333333333333,0.0004165163895876596,0.0003847209152547226,1.0826455570056162,16
301309,2024-08-08 17:15:00,1.09075,0.5,0.00022944245845991882,0.00039050682719188144,0.58755044082028,9
301310,2024-08-08 17:30:00,1.09074,0.8666666666666667,0.00017486816192241095,0.00038080556224551757,0.4592059025904349,8
301322,2024-08-08 20:30:00,1.09124,0.9666666666666667,5.945673777282619e-05,0.0003847649634971768,0.15452742170809025,3
301369,2024-08-09 08:15:00,1.09216,0.13333333333333333,0.00017794231704969672,0.0003788206046469156,0.4697271343398811,6
301372,2024-08-09 09:00:00,1.09268,0.5,0.0001954909197762004,0.0003757321594532289,0.5202932856763758,4
301383,2024-08-09 11:45:00,1.09221,0.8,0.00014326130124002787,0.00036030927435526746,0.39760647709215285,8
301462,2024-08-12 07:30:00,1.09199,0.26666666666666666,0.00012938539230985838,0.00022767605065629964,0.5682872306370902,11
301474,2024-08-12 10:30:00,1.09169,0.5666666666666667,0.00020232551345254732,0.00024049535656417664,0.8412865692837457,15
301475,2024-08-12 10:45:00,1.09184,0.43333333333333335,0.00012137715726112948,0.00024055262363627803,0.5045763185882145,11
301486,2024-08-12 13:30:00,1.09215,0.8,0.00028579960082688834,0.00023917097403519083,1.194959388277763,19
301489,2024-08-12 14:15:00,1.09223,0.8666666666666667,0.00012621075697472127,0.00024094019662387512,0.5238260727899433,16
301494,2024-08-12 15:30:00,1.0926,0.4666666666666667,0.00019670246798467005,0.00024124921461572037,0.8153496719066726,19
301502,2024-08-12 17:30:00,1.09374,0.3,0.00019813129450947008,0.0002467819616550339,0.8028597113853462,13
301505,2024-08-12 18:15:00,1.09281,0.4666666666666667,0.00019662167317236018,0.0002606376928574755,0.7543869461731262,16
301508,2024-08-12 19:00:00,1.09223,0.7,0.00017273323953914885,0.00025773819397799136,0.6701887557802115,19
301529,2024-08-13 00:15:00,1.09313,0.36666666666666664,0.00011637066640049189,0.0002621563394846841,0.44389796801877673,9
301541,2024-08-13 03:15:00,1.09293,0.26666666666666666,0.00010394621270843662,0.00025184097187468606,0.4127454398490782,13
301546,2024-08-13 04:30:00,1.09363,0.2,0.00011243438695413403,0.00025135559419108363,0.44731205333214114,8
301547,2024-08-13 04:45:00,1.09343,0.2,9.547237782690743e-05,0.00025224283197148635,0.3784939182640467,10
301556,2024-08-13 07:00:00,1.09387,0.4666666666666667,0.0001676532185262106,0.0002497936705955715,0.6711667998892158,16
301563,2024-08-13 08:45:00,1.09346,0.6333333333333333,0.00011287378099662526,0.0002529336092186733,0.44625853141976257,12
301566,2024-08-13 09:30:00,1.09327,0.43333333333333335,0.00014159628273032523,0.00025553415489106435,0.5541188135522961,17
301584,2024-08-13 14:00:00,1.09297,0.5666666666666667,0.00019134370752614186,0.00026574926369795005,0.7200159460973056,16
301585,2024-08-13 14:15:00,1.093,0.4666666666666667,0.00016300365624380715,0.000262905329587041,0.6200089458051133,13
301600,2024-08-13 18:00:00,1.09529,0.4,0.0002277411032076342,0.0002999797972995498,0.7591881361937836,12
301625,2024-08-14 00:15:00,1.09938,1.0,0.00019175788262878248,0.0003176578016210466,0.6036618072977228,4
301631,2024-08-14 01:45:00,1.09956,0.5333333333333333,0.0004240830889760067,0.0003187894470650491,1.3302921187647483,6
301633,2024-08-14 02:15:00,1.09948,0.26666666666666666,0.00024494381223708566,0.00031870638176825604,0.7685563460577138,6
301660,2024-08-14 09:00:00,1.09993,0.0,0.00021873271173330285,0.00032155292891412397,0.6802385923585197,3
301671,2024-08-14 11:45:00,1.10271,0.2,0.0006399236026634706,0.00031771712097768465,2.0141300559890714,9
301673,2024-08-14 12:15:00,1.10207,0.8333333333333334,0.0003375543938600823,0.0003150500354616752,1.0714310613088145,6
301686,2024-08-14 15:30:00,1.10217,0.23333333333333334,0.00031333462290178627,0.0003345683579238603,0.9365339413630194,4
301701,2024-08-14 19:15:00,1.10149,0.3333333333333333,0.0002758651724533051,0.0004027214583341253,0.6850024172896902,2
301704,2024-08-14 20:00:00,1.10137,1.0,0.00027985507411233635,0.00039608864625521114,0.7065465692041518,2
301710,2024-08-14 21:30:00,1.10125,1.0,0.00015159423635620716,0.0003830808313857203,0.3957238888927032,2
301712,2024-08-14 22:00:00,1.10125,1.0,0.00022719803724555022,0.00038066664039965463,0.596842520813012,2
301718,2024-08-14 23:30:00,1.10122,0.5666666666666667,0.00024739541973181525,0.0003789628148234139,0.6528224143761825,2
301749,2024-08-15 07:15:00,1.10093,0.4,0.000169839935728634,0.0003770986441363284,0.45038596231927475,6
301754,2024-08-15 08:30:00,1.10127,0.8,0.0001972845034060776,0.0003798412021397681,0.5193867918875318,6
301758,2024-08-15 09:30:00,1.10118,0.5,0.00016012892035793954,0.0003828444600936988,0.41826103561417344,6
301764,2024-08-15 11:00:00,1.10057,0.6,0.00019645541648596017,0.0003823756018734458,0.5137760242113478,5
301788,2024-08-15 17:00:00,1.09826,0.9,0.00031381639392566966,0.0005803157685127806,0.5407683384684011,6
301800,2024-08-15 20:00:00,1.09739,0.43333333333333335,0.00023111278528331885,0.000564802656339457,0.4091921004429833,4
301816,2024-08-16 00:00:00,1.09711,0.13333333333333333,0.00010321301381684002,0.0005651234861844686,0.18263798327282588,2
301829,2024-08-16 03:15:00,1.09748,0.8333333333333334,0.00012124040743901186,0.0005660025997864379,0.2142046829550922,2
301837,2024-08-16 05:15:00,1.09798,0.9666666666666667,6.276245267917911e-05,0.0005653681082685516,0.11101166082995038,2
301847,2024-08-16 07:45:00,1.09844,0.5,0.00019550323486328125,0.000565766583817528,0.3455545810855724,2
301869,2024-08-16 13:15:00,1.09912,0.7,0.0002585265649906646,0.0005669500182840834,0.4559953376015659,6
301880,2024-08-16 16:00:00,1.10014,0.36666666666666664,0.00018095029264227777,0.0002630012474448126,0.6880206630208012,6
301884,2024-08-16 17:00:00,1.099,0.6,0.00024075085355287633,0.0002777318603003442,0.8668463650246107,4
301886,2024-08-16 17:30:00,1.09944,0.6,0.00021939826259862418,0.0002668060930271185,0.8223135390552129,3
301893,2024-08-16 19:15:00,1.10051,0.5,0.00011598021204583113,0.0002592951525286926,0.44729032114473183,4
301911,2024-08-18 23:45:00,1.10243,0.26666666666666666,0.0001493827690312285,0.0002607045072842968,0.5729964954857011,6
301917,2024-08-19 01:15:00,1.10233,0.03333333333333333,0.00012999129082631172,0.0002699157361888646,0.48159952680696844,4
301920,2024-08-19 02:00:00,1.10242,0.1,0.00013840555997489154,0.0002683958323525081,0.5156770086992678,4
301946,2024-08-19 08:30:00,1.10407,0.26666666666666666,0.00031627282353391173,0.0002956678673907002,1.0696895348319464,10
301955,2024-08-19 10:45:00,1.1038,0.7,0.0002723461143306361,0.00031094161065416093,0.8758754216191027,9
301965,2024-08-19 13:15:00,1.10349,0.23333333333333334,0.00021250729014204517,0.00030667658120010945,0.6929361521849694,6
301968,2024-08-19 14:00:00,1.10417,0.3333333333333333,0.00040853544920945394,0.0003097587687983467,1.3188825962677138,12
301973,2024-08-19 15:15:00,1.10337,0.23333333333333334,0.00023371927868801753,0.0003148966853698169,0.7422093961183998,7
301984,2024-08-19 18:00:00,1.10688,0.06666666666666667,0.000222543936075448,0.0003325395507315493,0.6692254668230487,3
301989,2024-08-19 19:15:00,1.10724,0.0,0.00017303477385076832,0.000331854571133212,0.5214174789272656,2
302002,2024-08-19 22:30:00,1.1082,0.03333333333333333,0.00012053900304869277,0.0003270518646190728,0.3685623477153637,2
302009,2024-08-20 00:15:00,1.10862,0.4666666666666667,0.0003336976305196855,0.0003214969514106802,1.0379495950287259,2
302012,2024-08-20 01:00:00,1.10847,0.0,0.000129500372564002,0.00031959257554812673,0.40520457129486986,2
302027,2024-08-20 04:45:00,1.10779,1.0,0.00023527298671970602,0.00031752920084370044,0.7409491350545616,2
302044,2024-08-20 09:00:00,1.10807,0.23333333333333334,0.0002668995397696802,0.0003080641823631283,0.8663764080664021,4
302064,2024-08-20 14:00:00,1.10804,0.6333333333333333,0.000551017824075642,0.0003370577362403048,1.6347876486145825,12
302070,2024-08-20 15:30:00,1.10976,0.06666666666666667,0.00021883128365306602,0.0003505567161292866,0.6242393130256282,3
302071,2024-08-20 15:45:00,1.11028,0.0,0.00029480515054630007,0.00035314850407732227,0.8347908801611464,2
302072,2024-08-20 16:00:00,1.11015,0.2,0.0004065937953701036,0.0003497166634862111,1.1626377517070619,3
302082,2024-08-20 18:30:00,1.11164,0.7,0.0003330156974369383,0.00034151979717143025,0.9750992481111623,2
302088,2024-08-20 20:00:00,1.11156,0.16666666666666666,0.0002672709018516289,0.00034111656986027304,0.7835177926452165,2
302099,2024-08-20 22:45:00,1.11288,0.9,0.00022394657135009767,0.00034125646349953483,0.6562412592967721,2
302119,2024-08-21 03:45:00,1.11202,0.4666666666666667,0.0002904614556154241,0.00035277042789679235,0.8233724616520363,2
302139,2024-08-21 08:45:00,1.11185,0.7,0.0001528932883289603,0.00034774320144263424,0.4396729761924115,4
302142,2024-08-21 09:30:00,1.11244,0.5666666666666667,0.0003342319209270799,0.00034955409086807155,0.9561665266083968,2
302157,2024-08-21 13:15:00,1.11164,0.43333333333333335,0.0003504223556474967,0.0003354759725378177,1.0445527678081152,9
302185,2024-08-21 20:15:00,1.11706,0.0,0.00044302533122904755,0.00033615120540406336,1.3179346797121207,2
302197,2024-08-21 23:15:00,1.1148,1.0,0.00018680168552171307,0.0003682717463716198,0.5072387098987852,2
302208,2024-08-22 02:00:00,1.11543,0.0,6.510938428932656e-05,0.00037370065339675015,0.17422871407238694,3
302213,2024-08-22 03:15:00,1.1145,1.0,0.00018643934623713198,0.00037104770632267374,0.5024673190541137,4
302217,2024-08-22 04:15:00,1.11414,0.3333333333333333,0.0001683211583463675,0.0003687700196810685,0.45643937783212524,3
302223,2024-08-22 05:45:00,1.11438,0.1,0.00016982708228648703,0.00036637799249457327,0.463529703654355,4
302228,2024-08-22 07:00:00,1.11426,0.3,0.00021662743220954297,0.0003679247138224489,0.588781954761761,3
302230,2024-08-22 07:30:00,1.1143,0.7666666666666667,0.0001727898773510134,0.00036779540765438125,0.46979889839566646,4
302235,2024-08-22 08:45:00,1.11452,0.5,0.00016143926765440397,0.00037314129369272217,0.4326491610101654,3
302244,2024-08-22 11:00:00,1.11419,0.43333333333333335,0.00029245727183931433,0.0003892195105137519,0.7513941720272043,5
302268,2024-08-22 17:00:00,1.11144,0.6,0.00030891388891045833,0.0004606535284773755,0.670599202683911,3
302285,2024-08-22 21:15:00,1.11115,0.4,0.0002925275354767069,0.0004301192522617646,0.6801079792138175,2
302287,2024-08-22 21:45:00,1.1105,0.5,0.00027632713317871094,0.00041245666185477824,0.6699543460786745,2
302301,2024-08-23 01:15:00,1.11161,0.36666666666666664,0.0002802804500513628,0.00040399416402072937,0.693773512126728,2
302309,2024-08-23 03:15:00,1.11209,0.8333333333333334,0.000221022728841731,0.00040441207652596833,0.5465285081009161,2
302311,2024-08-23 03:45:00,1.1124,0.0,0.0002425670623779297,0.0004045594393476923,0.5995832473197078,2
302325,2024-08-23 07:15:00,1.11257,0.9333333333333333,0.00014989928314469207,0.00040372518006469364,0.3712903988814172,2
302362,2024-08-23 16:30:00,1.11692,0.26666666666666666,0.000999232376856453,0.0006163694466518039,1.621158190569647,15
302363,2024-08-23 16:45:00,1.11761,0.16666666666666666,0.0005999924506522182,0.0006099672239426231,0.9836470339735119,11
302368,2024-08-23 18:00:00,1.11749,0.3,0.0005817872435466636,0.0006128528647341766,0.949309821369624,12
302380,2024-08-23 21:00:00,1.11868,0.8,0.0003073349210672225,0.0006323824640667316,0.48599532487161323,5
302388,2024-08-25 23:00:00,1.11914,0.5333333333333333,0.00030830306836821425,0.0006366640144048134,0.4842476744290817,2
302391,2024-08-25 23:45:00,1.11903,0.26666666666666666,0.0002553677863989193,0.0006375061893143912,0.40057303078665896,4
302396,2024-08-26 01:00:00,1.11906,0.3,0.0003169663307071568,0.0006391240274764508,0.4959386865154835,5
302403,2024-08-26 02:45:00,1.11962,0.5333333333333333,0.0003041994974350724,0.0006433079970460308,0.4728675826072561,2
302404,2024-08-26 03:00:00,1.11931,0.7333333333333333,0.000266639203860245,0.00064408810324867,0.4139793958549498,2
302412,2024-08-26 05:00:00,1.11863,0.4666666666666667,0.00019735791354257853,0.0006531292823033716,0.3021728146172872,5
302426,2024-08-26 08:30:00,1.1183,0.1,0.00020379572133378393,0.0006540142968932557,0.311607440849334,5
302445,2024-08-26 13:15:00,1.11693,0.7666666666666667,0.00021547302221048905,0.0006542941592681249,0.32932132918855817,5
302446,2024-08-26 13:30:00,1.11652,0.6666666666666666,0.00019915852026702172,0.0006544260709184395,0.3043254679440218,7
302452,2024-08-26 15:00:00,1.11608,0.9,0.0002764776790671883,0.0006528977733916472,0.4234624321522083,9
302481,2024-08-26 22:15:00,1.11599,0.8666666666666667,0.00014716311023641208,0.00031679031948552545,0.46454421484661607,4
302491,2024-08-27 00:45:00,1.11621,1.0,0.00012629398211972623,0.00030873270985444225,0.4090722430391968,4
302511,2024-08-27 05:45:00,1.11657,1.0,0.00012501771083892605,0.00028576205672904063,0.4374888404357607,4
302534,2024-08-27 11:30:00,1.11709,0.8333333333333334,0.00012975166345036778,0.00029676740172303177,0.4372166979830989,6
302542,2024-08-27 13:30:00,1.1169,0.4666666666666667,0.00021092919450657328,0.000288513530249506,0.731089437379807,8
302546,2024-08-27 14:30:00,1.11542,0.9,0.00025386882575564575,0.00029562621275453627,0.8587493760793045,10
302549,2024-08-27 15:15:00,1.11603,0.7,0.0002385237058361235,0.00029749873854999285,0.8017637553647678,8
302550,2024-08-27 15:30:00,1.11556,0.3333333333333333,0.00031566550184155667,0.000295741361260011,1.0673701524083699,10
302558,2024-08-27 17:30:00,1.11627,0.43333333333333335,0.00022757104598199128,0.0003112286279427694,0.7312021631372498,8
302569,2024-08-27 20:15:00,1.11859,0.06666666666666667,0.0002747236530464879,0.0003233468547089336,0.8496252524051464,8
302572,2024-08-27 21:00:00,1.11853,0.23333333333333334,0.00017390459846402227,0.00032089734274556956,0.5419321860882667,9
302577,2024-08-27 22:15:00,1.11833,0.06666666666666667,0.00010003384124557655,0.00031189128859334986,0.3207330403383042,4
302588,2024-08-28 01:00:00,1.11832,0.6666666666666666,0.00016639288946234003,0.00031471444050656846,0.5287106914907109,6
302602,2024-08-28 04:30:00,1.11731,1.0,0.0001250838658680347,0.0003218294366702935,0.3886650865818098,6
302604,2024-08-28 05:00:00,1.1166,0.7333333333333333,0.00020572257639191288,0.00032803207206309764,0.6271416544670722,6
302606,2024-08-28 05:30:00,1.11647,0.4,0.00019318828090748877,0.0003285441384239955,0.5880131717893375,7
302607,2024-08-28 05:45:00,1.11652,0.4,0.00018140130078363325,0.0003269968284615245,0.5547494195497297,5
302625,2024-08-28 10:15:00,1.11576,0.3333333333333333,0.000242046045978273,0.000361868937102971,0.6688776547554232,14
302629,2024-08-28 11:15:00,1.11415,0.26666666666666666,0.000276927639718279,0.00038356502759617555,0.7219835485362175,11
302668,2024-08-28 21:00:00,1.11154,0.2,0.0002627146630061158,0.0003855136223071526,0.6814666144191438,10
302670,2024-08-28 21:30:00,1.11164,0.13333333333333333,0.0002589360816937313,0.00038630309157888315,0.6702925431826541,8
302678,2024-08-28 23:30:00,1.11186,0.3,0.0001827677026599991,0.0003877735284366116,0.47132588806890596,6
302679,2024-08-28 23:45:00,1.11189,0.23333333333333334,0.00014665619745350548,0.0003878204922522612,0.37815484324152654,7
302719,2024-08-29 09:45:00,1.11254,0.7666666666666667,0.00025838319266380743,0.00037819420142895814,0.6832024174023287,10
302722,2024-08-29 10:30:00,1.10792,0.7,0.0006859901813946187,0.0005661471898251207,1.2116816858289392,17
302742,2024-08-29 15:30:00,1.1083,0.4,0.0002365996348801769,0.0005643886222152521,0.4192140407641673,6
302748,2024-08-29 17:00:00,1.10694,0.9,0.00021570727784113344,0.0005775004102194983,0.3735188305046341,5
302750,2024-08-29 17:30:00,1.10748,0.6,0.00027000886320272503,0.000571756664231873,0.47224436564367583,4
302761,2024-08-29 20:15:00,1.10802,0.36666666666666664,0.00023857564997418183,0.0005710532069133343,0.4177818232800664,3
302777,2024-08-30 00:15:00,1.1077,0.36666666666666664,0.0001965237588902874,0.0005648222743590034,0.34793910901144115,2
302782,2024-08-30 01:30:00,1.10805,0.9,0.00017896182867150159,0.000564196202904537,0.31719786086859264,3
302795,2024-08-30 04:45:00,1.10711,0.06666666666666667,0.00010571155556028177,0.000568151837592862,0.1860621555113842,2
302802,2024-08-30 06:30:00,1.10761,0.16666666666666666,0.00021788952011159773,0.0005678199431222579,0.3837299530437304,3
302818,2024-08-30 10:30:00,1.10926,0.43333333333333335,0.00031462027624357846,0.0005614153227113096,0.5604055741196116,10
302822,2024-08-30 11:30:00,1.10813,0.6666666666666666,0.0002992247214671521,0.0003954710963163105,0.7566285482158791,3
302835,2024-08-30 14:45:00,1.10659,0.9666666666666667,0.0004111479185852364,0.0004340017683666772,0.9473415745114381,5
302836,2024-08-30 15:00:00,1.10674,0.43333333333333335,0.0004820312256858387,0.0004330030763353723,1.113228177881334,5
302852,2024-08-30 19:00:00,1.10491,0.8,0.00023843067376930685,0.00038262636928949184,0.6231422946935271,3
302855,2024-08-30 19:45:00,1.10517,0.16666666666666666,0.00030788073058767116,0.00038833230536468175,0.7928280143948911,3
302869,2024-09-01 23:15:00,1.10458,0.23333333333333334,0.0002232592159474312,0.000389112568494127,0.5737651107273368,2
302886,2024-09-02 03:30:00,1.10533,0.16666666666666666,0.0001639344461157764,0.0003961898423540977,0.41377750913981975,2
302888,2024-09-02 04:00:00,1.10509,0.1,0.00013282299041748047,0.0003955744106689366,0.3357724535135374,2
302891,2024-09-02 04:45:00,1.10509,0.1,0.00013489723205566405,0.00039177137168592847,0.3443264153660701,2
302894,2024-09-02 05:30:00,1.10538,0.4666666666666667,0.000219035532561754,0.0003923442711956868,0.5582738136948792,2
302896,2024-09-02 06:00:00,1.10481,1.0,0.00021062185095844108,0.00039548007451426545,0.5325725985490672,2
302900,2024-09-02 07:00:00,1.1048,0.26666666666666666,0.00030480887560482687,0.0003966128398323894,0.7685300247305171,3
302905,2024-09-02 08:15:00,1.10562,0.4666666666666667,0.00027633120518992743,0.0003984278357903811,0.6935539647769727,3
302906,2024-09-02 08:30:00,1.10579,0.5,0.00019628510198949504,0.0003981565520428967,0.492984734226721,3
302910,2024-09-02 09:30:00,1.1056,0.6,0.00030532941225322387,0.00040859710813444055,0.7472627832519104,3
302934,2024-09-02 15:30:00,1.10683,0.7666666666666667,0.00030046146161890426,0.0003322865105129451,0.9042240720367701,7
302942,2024-09-02 17:30:00,1.10661,0.5,0.00021626758256855987,0.00031610345739321405,0.6841670899522486,5
302943,2024-09-02 17:45:00,1.10676,0.7333333333333333,0.00024114642024464632,0.0003154921753755457,0.7643499239168071,5
302951,2024-09-02 19:45:00,1.10678,0.8,0.00014391883098624088,0.00028418904253461945,0.506419352775394,4
302956,2024-09-02 21:00:00,1.10705,0.8333333333333334,0.00011392266045560947,0.0002688648305608957,0.4237172270465732,4
302958,2024-09-02 21:30:00,1.10712,0.8666666666666667,0.00016382545886240335,0.0002687520996233009,0.6095783403814555,5
302962,2024-09-02 22:30:00,1.10704,0.9666666666666667,5.856830309679961e-05,0.00026548871295875706,0.22060562365940595,2
302969,2024-09-03 00:15:00,1.10708,0.9333333333333333,0.00014403845543923223,0.000263361403113927,0.5469231775657077,4
302990,2024-09-03 05:30:00,1.10581,0.4666666666666667,0.0002212587789120809,0.00026279314821956275,0.8419503339836698,5
302991,2024-09-03 05:45:00,1.10582,0.5333333333333333,0.00017194409401470945,0.0002627931482195628,0.6542944333961506,5
302995,2024-09-03 06:45:00,1.10538,0.8666666666666667,0.00017095462637368075,0.00025746664355527686,0.6639874743113183,6
303012,2024-09-03 11:00:00,1.10482,0.5,0.00030347480866570404,0.0002297177571148643,1.3210768400196398,4
303022,2024-09-03 13:30:00,1.10376,0.16666666666666666,0.00025304124024446925,0.0002477369050526847,1.021411162744027,3
303024,2024-09-03 14:00:00,1.10359,0.9666666666666667,0.0003364453889898387,0.0002518592024350777,1.335847115122049,7
303026,2024-09-03 14:30:00,1.10384,0.36666666666666664,0.00031416669114886476,0.0002528634906497474,1.2424359496960011,4
303070,2024-09-04 01:30:00,1.1049,0.0,0.00014582376497137713,0.0003754588255191628,0.38838816685089356,5
303081,2024-09-04 04:15:00,1.10536,0.23333333333333334,0.00017453675785170778,0.00037231185960695686,0.4687918296128498,6
303099,2024-09-04 08:45:00,1.10533,0.13333333333333333,0.0002443302449878852,0.0003743385010059308,0.6526986786860435,7
303107,2024-09-04 10:45:00,1.10563,0.8,0.00023657806862169327,0.00037507622597043893,0.6307466382589091,7
303125,2024-09-04 15:15:00,1.10508,0.5666666666666667,0.0002754212990024355,0.0003688648802303577,0.7466725995449437,9
303134,2024-09-04 17:30:00,1.10796,0.5333333333333333,0.00041468848758014756,0.000353576188117925,1.1728405404999738,20
303135,2024-09-04 17:45:00,1.10792,0.5333333333333333,0.00032606341099255376,0.00034406314983796726,0.9476847815469623,14
303142,2024-09-04 19:30:00,1.10711,0.9666666666666667,0.00016617450992395972,0.00036380495530649603,0.4567681322096399,16
303153,2024-09-04 22:15:00,1.108,0.1,0.00015202508741532202,0.00036796533797357035,0.4131505653563528,3
303161,2024-09-05 00:15:00,1.10832,0.4666666666666667,0.00019899260171366028,0.0003664287844535597,0.5430594160620046,5
303172,2024-09-05 03:00:00,1.10786,0.5666666666666667,0.0001358373385536874,0.0003648236789222657,0.37233695728020644,3
303174,2024-09-05 03:30:00,1.10812,0.23333333333333334,0.00015447037894225974,0.00036586424706561464,0.4222068162745533,4
303181,2024-09-05 05:15:00,1.10768,0.7,0.00013134242621528692,0.0003700248035873662,0.3549557352424235,10
303185,2024-09-05 06:15:00,1.10747,0.6666666666666666,0.00011411676316619833,0.00036880272152374954,0.30942494864113856,9
303200,2024-09-05 10:00:00,1.10867,0.3333333333333333,0.00012121846456699227,0.0003624189216189952,0.33447057351610127,6
303203,2024-09-05 10:45:00,1.10955,0.23333333333333334,0.00022922273067318603,0.00036490866087635456,0.6281646758470765,12
303215,2024-09-05 13:45:00,1.10981,0.6666666666666666,0.00031198384027824065,0.0003737760012798298,0.8346813043373321,17
303218,2024-09-05 14:30:00,1.11134,0.6333333333333333,0.0005723501015459058,0.0003874957336244876,1.4770487824275143,13
303237,2024-09-05 19:15:00,1.11053,0.43333333333333335,0.00026782999870437015,0.0004142172633177931,0.6465930380571496,6
303259,2024-09-06 00:45:00,1.11086,0.23333333333333334,0.0001590741078586897,0.00038581529716455047,0.412306378279357,3
303260,2024-09-06 01:00:00,1.1109,0.16666666666666666,0.00013365274342355224,0.0003856774655564105,0.34654019319156654,3
303268,2024-09-06 03:00:00,1.11128,0.5,0.0001927664502005608,0.00038523626371319967,0.5003850061843383,3
303279,2024-09-06 05:45:00,1.11147,0.4666666666666667,0.00022309008756885148,0.00038225299916665417,0.5836189331547637,3
303295,2024-09-06 09:45:00,1.11119,0.5333333333333333,0.0002754178041577381,0.00038846050129350115,0.7089982205157231,11
303296,2024-09-06 10:00:00,1.11151,0.6666666666666666,0.00022178739509042276,0.000389179400868812,0.5698847230745,6
303298,2024-09-06 10:30:00,1.11156,0.8666666666666667,0.00017712156304118017,0.000388130232052281,0.4563457015564867,3
303321,2024-09-06 16:15:00,1.10881,0.5666666666666667,0.00043530207503317226,0.0005135434994466415,0.8476440175023602,17
303329,2024-09-06 18:15:00,1.10752,0.8,0.0003294592863498134,0.0005603244355862036,0.5879795087022,18
303348,2024-09-08 23:00:00,1.10841,0.3333333333333333,0.00016228278677253566,0.0005571378019431565,0.2912794396763855,8
303356,2024-09-09 01:00:00,1.1086,0.6666666666666666,0.0001881983895187365,0.0005587341575292519,0.33682993420512974,5
303378,2024-09-09 06:30:00,1.10788,0.8,0.0001266577744778064,0.0005636113458840819,0.22472538106757015,10
303388,2024-09-09 09:00:00,1.10642,0.6333333333333333,0.00025168001585818695,0.0005660732592187829,0.4446067920705553,14
303402,2024-09-09 12:30:00,1.10419,0.9333333333333333,0.0003174923582482212,0.0005779913781899446,0.5493029312002714,9
303410,2024-09-09 14:30:00,1.10417,0.7,0.00034865428890868723,0.0005803865136739212,0.6007277576139058,11
303415,2024-09-09 15:45:00,1.10442,0.5666666666666667,0.00025356003207191484,0.0005090566566960517,0.4980978614789254,9
303419,2024-09-09 16:45:00,1.10346,0.6,0.00028179240012292747,0.0004373774231771236,0.6442774253777858,6
303428,2024-09-09 19:00:00,1.10483,0.6666666666666666,0.00019312293862453855,0.0003537677158473159,0.5459032296431744,6
303435,2024-09-09 20:45:00,1.1044,0.6666666666666666,0.00023413583768143052,0.000339616299212415,0.6894128409749525,9
303464,2024-09-10 04:00:00,1.10343,0.16666666666666666,0.00016910286947165407,0.00032187039466868936,0.5253756551475217,3
303478,2024-09-10 07:30:00,1.10402,0.43333333333333335,0.0001578495313043525,0.00032090754888777653,0.49188475575422974,9
303483,2024-09-10 08:45:00,1.10399,0.5666666666666667,0.00021274869416152773,0.000325430216848638,0.6537459742420908,8
303485,2024-09-10 09:15:00,1.10418,0.36666666666666664,0.00031248535261744744,0.00034434584921416516,0.9074752994135784,12
303493,2024-09-10 11:15:00,1.10338,0.8333333333333334,0.00021846181148392203,0.0003268611640891701,0.6683627040633192,5
303502,2024-09-10 13:30:00,1.10352,0.6666666666666666,0.00021789724396130053,0.00031395034625929106,0.6940500195573588,6
303506,2024-09-10 14:30:00,1.10277,0.43333333333333335,0.00035531051176136187,0.0003136807171097592,1.1327139106132433,9
303512,2024-09-10 16:00:00,1.10191,0.9333333333333333,0.00037380953268524776,0.0003096246464538293,1.2072990214653005,9
303521,2024-09-10 18:15:00,1.10234,0.3333333333333333,0.00017437062868862977,0.00028077828488094856,0.6210260482307733,3
303526,2024-09-10 19:30:00,1.10239,0.4666666666666667,0.00019374292597596643,0.00027804989426291924,0.6967919426459713,3
303538,2024-09-10 22:30:00,1.10227,0.43333333333333335,0.00014118315500454595,0.0002715070345107018,0.5199981475948868,2
303573,2024-09-11 07:15:00,1.10475,0.5,0.00021614541729519604,0.000304800285363644,0.7091378442684931,8
303575,2024-09-11 07:45:00,1.10458,0.06666666666666667,0.0002197119087716908,0.0003073730568908731,0.7148053606067863,9
303581,2024-09-11 09:15:00,1.10437,0.36666666666666664,0.00021959485920410214,0.00031048076638541094,0.7072736316668039,6
303598,2024-09-11 13:30:00,1.10519,0.26666666666666666,0.00030552364537196023,0.0002964900613751333,1.0304684209478348,13
303601,2024-09-11 14:15:00,1.10417,0.5333333333333333,0.0002400889757552059,0.00029758340352386187,0.8067955837327273,9
303610,2024-09-11 16:30:00,1.10082,0.6666666666666666,0.00042539446082251426,0.00046332629758613826,0.9181314832306233,5
303625,2024-09-11 20:15:00,1.10196,0.36666666666666664,0.0002792146070588343,0.0004561901110352712,0.6120575617590411,5
303629,2024-09-11 21:15:00,1.10226,0.0,0.00014524797777225787,0.00045983816461773184,0.3158676007090538,3
303638,2024-09-11 23:30:00,1.10122,0.4,0.00016439708771549813,0.0004654799945694093,0.3531775578616931,2
303660,2024-09-12 05:00:00,1.10091,0.6666666666666666,0.00019663082712501035,0.00044810845065975063,0.43880187225996414,3
303669,2024-09-12 07:15:00,1.10163,0.16666666666666666,0.0001320923077952177,0.00044275215005798045,0.2983436845601305,6
303675,2024-09-12 08:45:00,1.10176,0.26666666666666666,0.0001968239217782858,0.0004410270822255519,0.4462853409932438,8
303679,2024-09-12 09:45:00,1.10123,0.7666666666666667,0.00019751955249579234,0.0004486553275039213,0.44024787044140473,7
303700,2024-09-12 15:00:00,1.10246,0.6666666666666666,0.0002804839187656086,0.0004604341784560848,0.609172671989989,10
303717,2024-09-12 19:15:00,1.1046,0.4666666666666667,0.0001991148418912241,0.0002986001759801866,0.6668276106589979,12
303729,2024-09-12 22:15:00,1.10711,0.4,0.00027074167505721083,0.0003222476478996764,0.8401664894122031,6
303731,2024-09-12 22:45:00,1.10743,0.0,0.0002014994211836979,0.0003136637701716444,0.6424057871695942,5
303742,2024-09-13 01:30:00,1.10747,0.6666666666666666,0.00018097538204585008,0.00031362274893593703,0.5770480064340533,4
303746,2024-09-13 02:30:00,1.10819,0.6,0.00016239377104207677,0.0003156012072669554,0.514553706712262,5
303772,2024-09-13 09:00:00,1.10785,0.26666666666666666,0.0001994045215073252,0.0003265308651214278,0.6106758741877959,7
303776,2024-09-13 10:00:00,1.10919,0.03333333333333333,0.00023420088452400854,0.0003233200638490805,0.7243623601204314,10
303786,2024-09-13 12:30:00,1.1092,0.2,0.00026155160618741467,0.00032504764863049455,0.8046562012966275,12
303802,2024-09-13 16:30:00,1.10902,0.23333333333333334,0.0002518907983390701,0.000327227269570267,0.7697732486350146,11
303804,2024-09-13 17:00:00,1.10886,0.4,0.00021596981738684714,0.0003298799069121798,0.6546922466676406,9
303808,2024-09-13 18:00:00,1.10838,0.7333333333333333,0.00014941511623468463,0.00032999135822072264,0.4527849366732348,6
303809,2024-09-13 18:15:00,1.10809,0.43333333333333335,0.00020264835375180358,0.0003301920858991771,0.6137286822000982,8
303812,2024-09-13 19:00:00,1.10835,0.1,0.00015305321162532666,0.0003364188082273748,0.4549484389168957,6
303820,2024-09-13 21:00:00,1.10775,0.4666666666666667,0.00013917798686915303,0.0003052458736214423,0.4559537045265936,7
303854,2024-09-16 05:30:00,1.10964,0.43333333333333335,0.00027636751807434077,0.00029968214294025984,0.9222021551328577,7
303855,2024-09-16 05:45:00,1.10989,0.5,0.0003208696175589267,0.00030050476190462527,1.0677688284379494,7
303864,2024-09-16 08:00:00,1.10978,0.13333333333333333,0.00017269773012350528,0.00030548550829121666,0.5653221689287927,9
303876,2024-09-16 11:00:00,1.11224,0.06666666666666667,0.00025156183146507705,0.00030969700264221284,0.8122837138197999,3
303877,2024-09-16 11:15:00,1.11275,0.43333333333333335,0.000371289400824979,0.0003129591902301626,1.1863828013867177,6
303891,2024-09-16 14:45:00,1.11196,0.2,0.0003842352181142585,0.00030965469807117495,1.2408506007098947,7
303894,2024-09-16 15:30:00,1.11301,0.06666666666666667,0.00029254590198963084,0.0003143024693517226,0.9307782487138372,3
303902,2024-09-16 17:30:00,1.11226,0.1,0.00018829120601297674,0.00031391453042995684,0.5998167901150718,3
303905,2024-09-16 18:15:00,1.11207,0.8333333333333334,0.00016491183305738803,0.00031281440463927165,0.5271874651922104,2
303917,2024-09-16 21:15:00,1.11185,0.13333333333333333,0.00014617326789358358,0.0003108736795685837,0.47020149179704174,3
303926,2024-09-16 23:30:00,1.1131,0.7333333333333333,0.0002149771991581809,0.0003093896357994757,0.6948429238835712,2
303928,2024-09-17 00:00:00,1.1131,0.7666666666666667,0.00027354182195599093,0.00030909566247088333,0.8849746378494019,3
303943,2024-09-17 03:45:00,1.11263,0.0,7.477380195068768e-05,0.00030624989979155775,0.24415943320007885,3
303952,2024-09-17 06:00:00,1.11233,0.7333333333333333,0.00014630298382484,0.0003055419481067317,0.4788310892543421,6
303953,2024-09-17 06:15:00,1.11222,0.9666666666666667,0.00013734371731765035,0.00029813839299462223,0.46067101904627134,6
303969,2024-09-17 10:15:00,1.11352,0.2,0.00030961038449246384,0.0003303511224371753,0.937216081508378,9
303973,2024-09-17 11:15:00,1.11394,0.36666666666666664,0.00029017846470748846,0.00032897174024063474,0.8820771793201144,4
303978,2024-09-17 12:30:00,1.11358,0.16666666666666666,0.00026282024133695377,0.0003225187831319448,0.8148990231971452,8
303990,2024-09-17 15:30:00,1.11191,0.8666666666666667,0.00021607600521500271,0.0003226230052396207,0.6697476674191827,6
303994,2024-09-17 16:30:00,1.11237,0.36666666666666664,0.00021896990994286445,0.00035185615643460556,0.6223279199139471,6
304002,2024-09-17 18:30:00,1.11172,0.43333333333333335,0.00015041623562004393,0.0003367254401416119,0.44670291486376995,4
304018,2024-09-17 22:30:00,1.11149,0.8666666666666667,0.00016051858523726252,0.0003314168352111213,0.48434046850700246,4
304022,2024-09-17 23:30:00,1.1113,0.7333333333333333,0.00011936665479745616,0.0003287190264452338,0.36312669847038265,4
304023,2024-09-17 23:45:00,1.1114,0.7666666666666667,0.00014636724389134264,0.0003289086808131527,0.4450087590558041,4
304025,2024-09-18 00:15:00,1.11146,0.5666666666666667,0.00015804264341453257,0.0003291684092509579,0.48012700785645834,4
304028,2024-09-18 01:00:00,1.11176,0.5333333333333333,0.00014132685141899756,0.00032936121247782664,0.4290937914509651,4
304029,2024-09-18 01:15:00,1.11187,0.8333333333333334,0.00011333347358227579,0.00032956040447531593,0.3438928707552441,4
304053,2024-09-18 07:15:00,1.11193,0.9,0.00016873789039867438,0.0003314314275136776,0.509118557840176,5
304073,2024-09-18 12:15:00,1.1135,0.2,0.0001729896769233087,0.00027984487081097407,0.6181627571804147,6
304086,2024-09-18 15:30:00,1.1139,0.1,0.00028040082620317433,0.0002885316714965309,0.9718199210118451,8
304087,2024-09-18 15:45:00,1.1138,0.03333333333333333,0.00022857242042184642,0.0002886036947850869,0.7919940893066401,9
304118,2024-09-18 23:30:00,1.11152,0.7,0.0002331848970607957,0.0005960678894931229,0.39120526566040775,5
304126,2024-09-19 01:30:00,1.11124,0.43333333333333335,0.0002934488096450849,0.0006006248659258037,0.4885725288658548,5
304134,2024-09-19 03:30:00,1.10755,0.7,0.0006466217022190744,0.0006366957286430745,1.0155898227826252,17
304135,2024-09-19 03:45:00,1.1075,0.7333333333333333,0.000479087564145657,0.0006350179775832082,0.7544472456811364,17
304138,2024-09-19 04:30:00,1.10989,0.23333333333333334,0.0003518285683100666,0.0006516438366374273,0.5399093009542618,9
304154,2024-09-19 08:30:00,1.11312,0.6666666666666666,0.0001853540245625178,0.0006634305447792766,0.2793872335561292,6
304156,2024-09-19 09:00:00,1.11448,0.03333333333333333,0.00024084623724558406,0.0006702414868149165,0.35934247876854036,10
304168,2024-09-19 12:00:00,1.11773,0.36666666666666664,0.0004072328631264392,0.0006962595855485911,0.5848865445860622,4
304178,2024-09-19 14:30:00,1.11526,0.5666666666666667,0.0002783130507851183,0.0007055637621266118,0.3944548540110194,11
304179,2024-09-19 14:45:00,1.1132,0.6333333333333333,0.0004998207175211545,0.0007358176607242202,0.6792725211694588,15
304185,2024-09-19 16:15:00,1.11195,0.8666666666666667,0.0003248214998761358,0.0007434895263884921,0.4368877951165762,12
304189,2024-09-19 17:15:00,1.11295,0.5666666666666667,0.00029602832687167463,0.000741527239330218,0.3992143662032715,7
304201,2024-09-19 20:15:00,1.11636,0.3333333333333333,0.000340160191432013,0.0007487168631254695,0.4543242020916112,8
304214,2024-09-19 23:30:00,1.11612,0.5666666666666667,0.00016497178616012471,0.0005401741038245069,0.30540484075801083,8
304218,2024-09-20 00:30:00,1.11611,0.4666666666666667,0.0001621945474778243,0.0005392427435352884,0.30078206785773876,8
304219,2024-09-20 00:45:00,1.11607,0.8,0.00022502786254701012,0.0005392725433702879,0.4172803998895531,9
304220,2024-09-20 01:00:00,1.11603,0.9,0.000132050369861536,0.0005388122123178383,0.24507679455424297,8
304238,2024-09-20 05:30:00,1.11661,0.5333333333333333,0.0002551814193138805,0.000464667786072073,0.5491695937671482,5
304242,2024-09-20 06:30:00,1.11666,0.16666666666666666,0.00021751609168843488,0.00045615797029973244,0.4768437818712437,10
304260,2024-09-20 11:00:00,1.11636,0.5333333333333333,0.0003530640112583579,0.00047560777413845436,0.7423428094671499,12
304282,2024-09-20 16:30:00,1.1144,0.43333333333333335,0.00033840639716808827,0.0003758313167569154,0.9004209656827686,14
304288,2024-09-20 18:00:00,1.11583,0.23333333333333334,0.00025473542173497194,0.0004007923740405522,0.6355795125712591,12
304308,2024-09-22 23:00:00,1.11623,0.26666666666666666,0.00022341925210249275,0.0003945873459117895,0.5662098757531835,10
304312,2024-09-23 00:00:00,1.11606,0.13333333333333333,0.00013591339871151501,0.0003958350144149255,0.34335870694108617,6
304314,2024-09-23 00:30:00,1.11636,0.36666666666666664,0.0001545709764904417,0.0003964414713679384,0.3898960821558044,7
304333,2024-09-23 05:15:00,1.11644,0.5333333333333333,0.00015820901611370518,0.0003999983420024691,0.39552417972954645,8
304345,2024-09-23 08:15:00,1.11606,0.23333333333333334,0.00013083635145946367,0.0003998339365520169,0.32722672964615235,8
304353,2024-09-23 10:15:00,1.10866,0.5333333333333333,0.0005736790534357122,0.0004990789394241675,1.1494755801509429,18
304357,2024-09-23 11:15:00,1.1099,0.5333333333333333,0.00035843231324745635,0.0005019889631156106,0.7140242905398452,5
304376,2024-09-23 16:00:00,1.11288,0.5333333333333333,0.00036380509091247544,0.0005140068288456753,0.7077826022846553,25
304390,2024-09-23 19:30:00,1.11249,0.4666666666666667,0.0002358506177432236,0.0004625118291711639,0.5099342392298928,11
304394,2024-09-23 20:30:00,1.1122,0.36666666666666664,0.00018324151380080518,0.00045715167539996007,0.4008330793942469,10
304413,2024-09-24 01:15:00,1.11096,0.6666666666666666,0.00018234655350986986,0.00044907148365136326,0.4060523995583622,9
304416,2024-09-24 02:00:00,1.11103,0.4,0.00016367194468838866,0.00045077119918297587,0.36309317229016524,9
304417,2024-09-24 02:15:00,1.11124,0.7666666666666667,0.00020062321280474822,0.0004512793319049224,0.4445654800052231,10
304424,2024-09-24 04:00:00,1.11068,0.7,0.00017230986952092563,0.00045690005185150106,0.377128146128836,9
304427,2024-09-24 04:45:00,1.11042,0.8666666666666667,0.00016885526160549942,0.0004564495025215967,0.3699319654697402,6
304461,2024-09-24 13:15:00,1.11245,0.6333333333333333,0.0002806742415880543,0.00034403562930784056,0.8158289946676106,16
304471,2024-09-24 15:45:00,1.1134,0.7333333333333333,0.00033452928859918597,0.0003505060693374465,0.954417962666207,19
304472,2024-09-24 16:00:00,1.11367,0.6,0.0002598614748334793,0.0003485626907644037,0.7455229194599078,21
304503,2024-09-24 23:45:00,1.11784,0.3333333333333333,0.00016480233707672593,0.0003710652770781529,0.4441330063928769,7
304539,2024-09-25 08:45:00,1.11922,0.6666666666666666,0.0003777322369308337,0.00038238552792987316,0.9878308914455235,7
304554,2024-09-25 12:30:00,1.11852,0.2,0.00026714838448308815,0.0003614146213388443,0.7391742577913669,11
304559,2024-09-25 13:45:00,1.11868,0.6666666666666666,0.00029880301870659025,0.00035513542671641076,0.8413776723694646,12
304565,2024-09-25 15:15:00,1.12053,0.5,0.0004608749650402797,0.00035868548907568476,1.2848999445947265,9
304618,2024-09-26 04:30:00,1.11407,0.13333333333333333,0.0001631433877780004,0.0003523907010740231,0.4629616708975829,10
304622,2024-09-26 05:30:00,1.11419,0.43333333333333335,0.00017007507659419952,0.0003514270468942895,0.4839555694338993,12
304640,2024-09-26 10:00:00,1.11345,0.5333333333333333,0.00039481079285223606,0.0003782412486757236,1.043806814392996,17
304647,2024-09-26 11:45:00,1.11477,0.6666666666666666,0.00016220626327512942,0.0003793573900489483,0.4275816618577011,14
304663,2024-09-26 15:45:00,1.11435,0.6,0.00048176661905140937,0.00043900946838921606,1.0973945979321926,22
304676,2024-09-26 19:00:00,1.11687,0.8,0.0003092222513326465,0.00046946015535461236,0.6586762429264561,12
304684,2024-09-26 21:00:00,1.11791,0.36666666666666664,0.00019132340385295715,0.00045830265361883403,0.41746082494228587,8
304688,2024-09-26 22:00:00,1.11773,0.7666666666666667,0.00015512334621895662,0.00045822960397846766,0.3385275522841294,4
304694,2024-09-26 23:30:00,1.1174,0.6,0.00016489786434444113,0.00045742662630996394,0.3604903056795433,8
304707,2024-09-27 02:45:00,1.11692,0.4,0.00016783249292849883,0.0004609847149943677,0.3640738780906204,5
304710,2024-09-27 03:30:00,1.11691,0.3,0.0001715622907712862,0.0004589493731220118,0.3738152851244364,3
304718,2024-09-27 05:30:00,1.11713,0.3333333333333333,0.00015934274920961975,0.000463100920981586,0.3440778067810312,5
304740,2024-09-27 11:00:00,1.1144,0.6,0.00024744107621827154,0.0004928670270327589,0.5020442891218713,15
304753,2024-09-27 14:15:00,1.11564,0.4666666666666667,0.00033757112935697955,0.0004971887502777346,0.6789597093023706,21
304756,2024-09-27 15:00:00,1.11991,0.2,0.000604958917779361,0.0005915140303295822,1.0227296171525933,16
304760,2024-09-27 16:00:00,1.11847,0.3,0.0004946321928466183,0.0005853829312565634,0.8449720113718681,18
304763,2024-09-27 16:45:00,1.11829,0.6,0.00039428156330205313,0.0005606101555952071,0.7033079214974963,16
304775,2024-09-27 19:45:00,1.11578,0.5666666666666667,0.00015040369240065367,0.0005097404666419129,0.2950593532263363,13
304779,2024-09-27 20:45:00,1.11633,0.36666666666666664,0.0001981130653047522,0.0005089121258945031,0.38928737442939376,7
304812,2024-09-30 05:00:00,1.11599,0.0,9.664606775451594e-05,0.000521261801719683,0.18540792253657007,11
304819,2024-09-30 06:45:00,1.11602,0.06666666666666667,0.00011463446257146052,0.0005201553965573164,0.22038502980104877,11
304848,2024-09-30 14:00:00,1.11971,0.3333333333333333,0.0004183022939040802,0.0005115576561720091,0.8177031246765816,12
304850,2024-09-30 14:30:00,1.11913,0.3333333333333333,0.00039180785208388667,0.0005118725912156134,0.765440187280603,13
304865,2024-09-30 18:15:00,1.11446,0.5333333333333333,0.00034275959621871225,0.0004500192833333912,0.7616553532546805,14
304872,2024-09-30 20:00:00,1.11524,0.9666666666666667,0.00013563180884943433,0.00044432064391463564,0.3052565995009054,14
304883,2024-09-30 22:45:00,1.11348,0.6,0.00021736399993460648,0.0005450057824723233,0.39882879581308806,9
304894,2024-10-01 01:30:00,1.11383,0.9,0.00017311811175524725,0.0005302605658803759,0.326477439384587,6
304927,2024-10-01 09:45:00,1.1122,0.6333333333333333,0.00032730354074791317,0.000577860593061828,0.5664057121695673,7
304957,2024-10-01 17:15:00,1.10673,0.7333333333333333,0.0002782838103412753,0.0005791222261325703,0.4805269039658162,4
304960,2024-10-01 18:00:00,1.10657,0.8666666666666667,0.00019826184961446833,0.0005673917110245994,0.3494267641951375,4
304963,2024-10-01 18:45:00,1.10534,0.8666666666666667,0.00026127399790640065,0.0005621960707775884,0.4647382140985539,3
305040,2024-10-02 14:00:00,1.1075,0.43333333333333335,0.00042941730314340185,0.00039133969966596936,1.0973006406197323,5
305046,2024-10-02 15:30:00,1.10542,0.8,0.0002591097614058609,0.00040819860286093746,0.6347639594791381,3
305056,2024-10-02 18:00:00,1.10487,0.5333333333333333,0.00032529552702638236,0.00036092270284485107,0.9012886262414375,3
305057,2024-10-02 18:15:00,1.10509,0.7666666666666667,0.0002930883654188776,0.0003615603478172937,0.8106208747397907,3
305073,2024-10-02 22:15:00,1.10498,0.0,0.00022144410037062284,0.0003291907879016406,0.6726922760572159,2
305077,2024-10-02 23:15:00,1.10469,0.0,0.00022235165815902703,0.000328863728469513,0.676120955004133,2
305078,2024-10-02 23:30:00,1.10457,0.6333333333333333,0.0003333405351090745,0.00032882202804859225,1.0137414974516687,3
305081,2024-10-03 00:15:00,1.10477,0.2,0.0002932113863843573,0.00032887877531418867,0.8915485230211128,3
305102,2024-10-03 05:30:00,1.10328,0.4666666666666667,0.00027595027724315466,0.0003228612453304976,0.8547023875865857,2
305145,2024-10-03 16:15:00,1.10262,0.8666666666666667,0.00030211304209811835,0.0003022208718167938,0.9996432088954438,3
305147,2024-10-03 16:45:00,1.10129,0.13333333333333333,0.0003892501580637033,0.00033427757293264063,1.1644519093781385,3
305148,2024-10-03 17:00:00,1.10163,0.2,0.00033574835031557215,0.0003363461032224728,0.9982228041259474,3
305150,2024-10-03 17:30:00,1.10121,0.43333333333333335,0.00032613899530548046,0.0003339940498025932,0.9764814537811214,2
305154,2024-10-03 18:30:00,1.10245,0.06666666666666667,0.0003260919981474084,0.0003419165211837794,0.9537181678686262,3
305160,2024-10-03 20:00:00,1.10325,0.26666666666666666,0.00028434716519434736,0.0003432639506001954,0.8283630270442547,3
305165,2024-10-03 21:15:00,1.10259,0.26666666666666666,0.00024544723866613296,0.0003427080555600893,0.7161992100389862,2
305166,2024-10-03 21:30:00,1.10306,0.5333333333333333,0.0003713829134697057,0.0003459778362809226,1.0734297822712409,3
305193,2024-10-04 04:15:00,1.10301,0.6,0.00020229893848898244,0.000334525904615903,0.6047332529337561,2
305204,2024-10-04 07:00:00,1.1027,0.7333333333333333,0.0002347965682738225,0.00033428898821233864,0.7023760176170714,4
305216,2024-10-04 10:00:00,1.10272,0.8333333333333334,0.00021102816728246177,0.0003252775258601543,0.6487634420005658,3
305224,2024-10-04 12:00:00,1.10268,0.06666666666666667,0.00018974412696511392,0.00031784593462771325,0.5969688653949831,4
305229,2024-10-04 13:15:00,1.10294,0.2,0.00024090021054023637,0.00031218694348886965,0.7716537016187711,6
305235,2024-10-04 14:45:00,1.09676,0.9,0.0014117511778495007,0.0006869039652259353,2.0552380672095114,13
305255,2024-10-04 19:45:00,1.09682,0.5333333333333333,0.00041484648118271983,0.0006972406734248193,0.5949831915929544,3
305258,2024-10-04 20:30:00,1.09679,0.7,0.0004218777339467669,0.00069478600966382,0.6072052805883313,3
305268,2024-10-06 23:00:00,1.09735,0.2,0.00024237632751464844,0.0006944710738695992,0.3490085284101544,2
305314,2024-10-07 10:30:00,1.09743,0.5333333333333333,0.0002578707763203273,0.0007124963550887159,0.3619257480808007,2
305355,2024-10-07 20:45:00,1.09721,0.4,0.00023003912202889773,0.0003006332465712857,0.7651819106918076,2
305391,2024-10-08 05:45:00,1.09852,0.6333333333333333,0.00018086268600964306,0.00027606258338261634,0.6551510305870447,4
305393,2024-10-08 06:15:00,1.09829,0.5333333333333333,0.00020169122881870632,0.0002774080183631661,0.7270562329408379,6
305436,2024-10-08 17:00:00,1.09702,0.6333333333333333,0.00020997511165639067,0.0002832623292798818,0.7412743946228073,5
305437,2024-10-08 17:15:00,1.09692,0.8,0.00025783006012749,0.0002750353512631523,0.9374433466220116,8
305445,2024-10-08 19:15:00,1.09668,1.0,0.0002007873120110806,0.0002949146582443514,0.6808319166174451,7
305459,2024-10-08 22:45:00,1.09779,0.5,0.00024145042135259747,0.0002935946466632717,0.8223938143855898,8
305469,2024-10-09 01:15:00,1.09755,0.36666666666666664,0.00019457990038655626,0.0002986294920347054,0.6515763029993803,6
305509,2024-10-09 11:15:00,1.09582,0.6,0.0002556988366852328,0.00030873968293233225,0.8282020447020909,6
305524,2024-10-09 15:00:00,1.09563,0.5333333333333333,0.00025088638741793836,0.0002919954463335267,0.8592133561266835,9
305529,2024-10-09 16:15:00,1.09573,0.16666666666666666,0.000277695499361555,0.00030162871150491447,0.9206534019127369,8
305535,2024-10-09 17:45:00,1.09522,0.3,0.0002761518870661454,0.00031464061151874047,0.8776740095094093,5
305551,2024-10-09 21:45:00,1.09372,0.9333333333333333,0.00015131271562567728,0.00030058318311989473,0.5033971430308615,3
305556,2024-10-09 23:00:00,1.09378,0.16666666666666666,0.00022758493735347906,0.00029582649470231016,0.7693189806494429,3
305557,2024-10-09 23:15:00,1.09375,0.26666666666666666,0.00024118275782122878,0.00029581214653586315,0.8153240515834893,3
305565,2024-10-10 01:15:00,1.09402,0.0,0.00013699489831630384,0.00029268882501897104,0.4680564702373735,3
305571,2024-10-10 02:45:00,1.09413,0.8,0.00017460822577270487,0.0002888570654224351,0.6044796775780833,3
305619,2024-10-10 14:45:00,1.09323,0.0,0.00029023183765846425,0.0002605770871060184,1.1138041371242302,6
305623,2024-10-10 15:45:00,1.0936,0.8666666666666667,0.0003087253370793888,0.0002984281167778727,1.0345048597052287,9
305626,2024-10-10 16:30:00,1.0922,0.9333333333333333,0.00036525130102773977,0.0003211060748649496,1.1374786390489706,6
305636,2024-10-10 19:00:00,1.09056,0.6666666666666666,0.0005889037788237012,0.000343739525723688,1.71322683239252,12
305640,2024-10-10 20:00:00,1.09185,0.8,0.00025087434085475897,0.00037392403201206117,0.6709232875587596,3
305655,2024-10-10 23:45:00,1.09343,0.26666666666666666,0.00016399418148269382,0.00037813020346215756,0.43369765224032414,6
305672,2024-10-11 04:00:00,1.09313,0.8666666666666667,0.0001520349886480336,0.00037761369525832813,0.40262043076595894,8
305704,2024-10-11 12:00:00,1.09383,0.5666666666666667,0.00017570713596774484,0.00037697578675779356,0.4660966092250281,7
305712,2024-10-11 14:00:00,1.09305,0.8666666666666667,0.00024981316699745557,0.0003819782679739399,0.6539983761968857,12
305748,2024-10-13 23:00:00,1.0935,0.43333333333333335,0.00011228635306754826,0.00027178726894250786,0.4131405915532438,8
305749,2024-10-13 23:15:00,1.0931,0.7333333333333333,0.00019100032936620763,0.0002746027916729363,0.6955513023104922,6
305762,2024-10-14 02:30:00,1.09218,0.23333333333333334,0.00017107086217925301,0.00028391691641569425,0.6025384620928372,4
305774,2024-10-14 05:30:00,1.09287,0.3,0.00013353003357668048,0.0002816712263021572,0.4740634509590937,8
305807,2024-10-14 13:45:00,1.09143,0.6,0.00029222682652914794,0.0002729612165346395,1.0705800268591035,7
305813,2024-10-14 15:15:00,1.091,0.36666666666666664,0.0002853292195330459,0.00025825902640947096,1.1048179941662717,7
305833,2024-10-14 20:15:00,1.09041,0.7666666666666667,0.00019165622353046897,0.00024742918566363813,0.7745902045323447,3
305835,2024-10-14 20:45:00,1.09013,0.2,0.00013115499489972594,0.0002471259962749651,0.5307211579383828,3
305841,2024-10-14 22:15:00,1.09061,0.1,0.00018119477124633047,0.0002562852201551881,0.7070043724589806,3
305866,2024-10-15 04:30:00,1.09038,0.26666666666666666,0.0001274266249448234,0.0002497443239069564,0.5102283125053,3
305868,2024-10-15 05:00:00,1.09015,0.0,0.0001518321245262444,0.000250105619970244,0.6070720223892148,2
305892,2024-10-15 11:00:00,1.09099,0.7333333333333333,0.00025087375954733023,0.00028265589984750454,0.8875589000005977,10
305979,2024-10-16 08:45:00,1.08776,0.3,0.0002198234498520108,0.0002909496324163302,0.7555378160349677,6
305987,2024-10-16 10:45:00,1.08807,0.6333333333333333,0.00019251371010379253,0.0002748040271566098,0.7005490861823493,3
306008,2024-10-16 16:00:00,1.08894,0.36666666666666664,0.0002788578883680953,0.00025404315519525565,1.0976792039674017,8
306017,2024-10-16 18:15:00,1.08736,0.13333333333333333,0.00021114208773664008,0.0002686537915388355,0.7859263274388526,6
306027,2024-10-16 20:45:00,1.08572,0.3333333333333333,0.00020362178141035943,0.00026225346501087914,0.7764312338138698,8
306039,2024-10-16 23:45:00,1.08621,0.7666666666666667,0.0001516051976076161,0.0002631946064748644,0.5760193935512684,3
306049,2024-10-17 02:15:00,1.08593,0.5666666666666667,0.00018518377505240854,0.000255838347148038,0.7238311891737403,5
306051,2024-10-17 02:45:00,1.08606,0.13333333333333333,0.0001602813110890052,0.0002538663781305154,0.6313609240787407,3
306053,2024-10-17 03:15:00,1.08618,0.2,0.0001638556488757984,0.0002548331707285756,0.6429918381791909,3
306065,2024-10-17 06:15:00,1.08543,0.6666666666666666,0.00018052742614555544,0.00025730506671538576,0.701608516497824,3
306068,2024-10-17 07:00:00,1.08529,0.8,0.00017180660662394925,0.0002567513048210074,0.6691557292911254,3
306111,2024-10-17 17:45:00,1.08362,0.13333333333333333,0.0002545754830546057,0.0004466368788864972,0.5699831229550133,4
306123,2024-10-17 20:45:00,1.08285,0.5,0.00019720560554827913,0.0004487227961002544,0.43948203046991874,4
306129,2024-10-17 22:15:00,1.08277,0.7666666666666667,0.0001425874125337253,0.0004495992388380164,0.3171433583878849,2
306172,2024-10-18 09:00:00,1.08439,0.6333333333333333,0.00015985559568493053,0.00045565288216538026,0.3508275749848337,4
306191,2024-10-18 13:45:00,1.08478,0.36666666666666664,0.0002588183911549181,0.0004727644593851678,0.547457377594569,10
306226,2024-10-18 22:30:00,1.08685,0.13333333333333333,0.00012726414124331786,0.0002758812391528585,0.4613004553484848,5
306255,2024-10-21 05:45:00,1.08657,0.4,9.007947165729845e-05,0.00027637293976897845,0.32593448451428114,3
306278,2024-10-21 11:30:00,1.08559,0.3333333333333333,0.00015686409014391568,0.00025673731631138924,0.6109906124969374,4
306282,2024-10-21 12:30:00,1.08455,0.43333333333333335,0.00025289407411559944,0.0002468218970686398,1.0246014519743805,10
306284,2024-10-21 13:00:00,1.08471,0.5333333333333333,0.0002108126721987056,0.0002312093190363736,0.9117827649738495,7
306294,2024-10-21 15:30:00,1.08522,0.8,0.00021490958454266088,0.0002284627877426094,0.9406765393442638,9
306295,2024-10-21 15:45:00,1.08517,0.8,0.00021657557249925316,0.00022186454226573674,0.9761612661830895,9
306298,2024-10-21 16:30:00,1.084,0.7,0.00018551864288718353,0.0002287065880065812,0.8111644028454706,6
306300,2024-10-21 17:00:00,1.08345,0.8,0.0002286046537541268,0.00022804313867025614,1.0024623195731515,5
306307,2024-10-21 18:45:00,1.0818,0.13333333333333333,0.00014319149369156357,0.0002304070737869257,0.6214717774853703,3
306308,2024-10-21 19:00:00,1.08182,0.23333333333333334,0.0002094077750426811,0.00022812526966410108,0.9179508054983114,3
306321,2024-10-21 22:15:00,1.08156,0.5666666666666667,0.00016859277170835736,0.00021693884625390144,0.7771442257558581,2
306337,2024-10-22 02:15:00,1.08143,0.8666666666666667,0.00013823353961454183,0.00020900456910590885,0.6613900366192222,3
306345,2024-10-22 04:15:00,1.08193,0.6333333333333333,0.00013126477318453866,0.00021047456108321235,0.623660990235501,2
306348,2024-10-22 05:00:00,1.08152,0.23333333333333334,0.00011657075593280511,0.00021002344139186448,0.5550368814084228,2
306354,2024-10-22 06:30:00,1.08188,0.13333333333333333,0.00013626146158107855,0.0002091569699965721,0.6514794203765323,3
306362,2024-10-22 08:30:00,1.08248,0.23333333333333334,0.00016181882774577856,0.00021287216760017283,0.7601690233629546,7
306364,2024-10-22 09:00:00,1.08251,0.26666666666666666,0.00015041345167592787,0.00021001047000197959,0.7162188231591979,7
306365,2024-10-22 09:15:00,1.08262,0.13333333333333333,0.00015776051987481467,0.00021046103574431208,0.7495949039539891,7
306374,2024-10-22 11:30:00,1.08267,0.3,0.0001776988646896299,0.00022393486051277485,0.7935292624057195,7
306375,2024-10-22 11:45:00,1.08224,0.8333333333333334,0.00023381401570098467,0.00022736191291627497,1.0283781162022756,9
306402,2024-10-22 18:30:00,1.08081,0.6666666666666666,0.000208168387240687,0.00030159633781692683,0.6902218665766695,3
306433,2024-10-23 02:15:00,1.07943,0.1,0.00011401954009277871,0.00030474846241506265,0.3741431185220744,3
306438,2024-10-23 03:30:00,1.07947,0.4,0.0001599586583491117,0.00030611940629284473,0.5225368109988086,2
306447,2024-10-23 05:45:00,1.08005,0.36666666666666664,0.0001642782802846005,0.00031116387457597283,0.5279477912031553,3
306469,2024-10-23 11:15:00,1.07837,0.13333333333333333,0.00016150247179744844,0.00031276273518034863,0.5163737671763267,3
306473,2024-10-23 12:15:00,1.07824,0.2,0.00031388921519541143,0.0003142454275820796,0.9988664516476532,6
306522,2024-10-24 00:30:00,1.0782,0.0,0.000166516019397997,0.0003046918086448751,0.5465063866947439,3
306523,2024-10-24 00:45:00,1.07807,0.23333333333333334,0.00017733895395722563,0.00030468410666894386,0.5820420234453326,3
306532,2024-10-24 03:00:00,1.07882,0.26666666666666666,0.00017963981112173038,0.0003091556016012532,0.5810660075097994,8
306543,2024-10-24 05:45:00,1.07861,0.16666666666666666,0.0001584705624133406,0.0003051555775962691,0.5193107190162599,3
306546,2024-10-24 06:30:00,1.07908,0.5333333333333333,0.00019395883277297538,0.00030580901083361383,0.6342482592133477,9
306551,2024-10-24 07:45:00,1.07899,0.26666666666666666,0.0001695642323430567,0.0003055700973249002,0.5549110787590121,8
306562,2024-10-24 10:30:00,1.07995,0.36666666666666664,0.0002186924257375502,0.0004182200246051343,0.5229123735622903,7
306567,2024-10-24 11:45:00,1.07973,0.5333333333333333,0.00029823567778298034,0.00041747431977630616,0.714380893997942,11
306569,2024-10-24 12:15:00,1.0802,0.3333333333333333,0.00030518670453698674,0.00041870915367580225,0.7288751675423997,14
306585,2024-10-24 16:15:00,1.08089,0.4,0.0003612501960187588,0.0004242231597357668,0.8515569877037558,16
306592,2024-10-24 18:00:00,1.08047,0.2,0.00020638532329116495,0.00041628344789202966,0.49578075788565723,7
306618,2024-10-25 00:30:00,1.0827,0.3,0.00011773793933409044,0.0004086123900439303,0.2881408939201093,6
306622,2024-10-25 01:30:00,1.08236,0.1,0.00012716058138656839,0.0004084659648544033,0.3113125506843501,8
306629,2024-10-25 03:15:00,1.08223,0.7333333333333333,6.35223302608486e-05,0.0004080180719853228,0.15568509000536038,6
306633,2024-10-25 04:15:00,1.08263,0.36666666666666664,9.978420613634299e-05,0.00040485992644973895,0.24646599877483955,2
306645,2024-10-25 07:15:00,1.08219,0.8333333333333334,8.266525290466673e-05,0.00040440256496155914,0.20441327545121912,5
306653,2024-10-25 09:15:00,1.08195,0.5333333333333333,0.00015068403754190282,0.00040768702873231747,0.3696071420531758,13
306667,2024-10-25 12:45:00,1.08249,0.43333333333333335,0.00019910913207897633,0.0002999507152660405,0.6638061586296835,11
306683,2024-10-25 16:45:00,1.08278,0.06666666666666667,0.00018660352526322232,0.000321053705933544,0.5812221501092033,13
306687,2024-10-25 17:45:00,1.08118,0.8333333333333334,0.0003503059251486725,0.00032592157801034896,1.074816608606225,16
306688,2024-10-25 18:00:00,1.08119,0.7666666666666667,0.00026959452414060137,0.0003257479757414079,0.8276168824288154,20
306689,2024-10-25 18:15:00,1.08085,0.7333333333333333,0.0003789658834937336,0.0003270374512825337,1.1587843594290306,12
306691,2024-10-25 18:45:00,1.08057,0.7,0.00023170830851062003,0.0003243470362096329,0.7143839241400117,7
306696,2024-10-25 20:00:00,1.08027,0.5666666666666667,0.00012919373778225935,0.0003133279929730125,0.4123274673175692,4
306699,2024-10-25 20:45:00,1.08019,0.8333333333333334,0.00010944141142307842,0.0003105364297413669,0.35242696489499703,4
306706,2024-10-25 22:30:00,1.07956,0.1,0.00018583016653710073,0.0003091954005724099,0.6010120661338283,6
306718,2024-10-28 00:30:00,1.08004,0.1,9.179914633720835e-05,0.0003158035213475374,0.2906843658534911,4
306723,2024-10-28 01:45:00,1.07984,0.13333333333333333,0.00010663817332590177,0.0003210284717362948,0.33217668435807307,4
306751,2024-10-28 08:45:00,1.07987,0.6,0.00014626925334571561,0.0003338601896941717,0.43811528855747567,10
306763,2024-10-28 11:45:00,1.0817,0.6,0.00029010840521664964,0.00034159540343959693,0.8492749091336894,11
306773,2024-10-28 14:15:00,1.08194,0.26666666666666666,0.00031346101536801243,0.000342732259190243,0.9145944303830975,20
306796,2024-10-28 20:00:00,1.08117,0.7666666666666667,9.602627532503693e-05,0.00028371728967254914,0.33845760840259387,9
306802,2024-10-28 21:30:00,1.08153,0.2,0.00012236740608531125,0.0002780200229294299,0.44013882452046227,3
306804,2024-10-28 22:00:00,1.08113,0.6333333333333333,0.00011938914162706116,0.0002787647479790949,0.42827919416846194,12
306807,2024-10-28 22:45:00,1.08127,0.5333333333333333,9.664540893059743e-05,0.0002787710798627858,0.34668376998850586,5
306808,2024-10-28 23:00:00,1.08134,0.1,0.00011105609478183688,0.000276050719238114,0.4023032256113879,7
306810,2024-10-28 23:30:00,1.08111,0.36666666666666664,7.154040547081964e-05,0.0002759975645678514,0.25920665489507283,5
306813,2024-10-29 00:15:00,1.08124,0.6,0.00010422437756992207,0.00027343883978347814,0.3811615703623227,4
306814,2024-10-29 00:30:00,1.08108,0.8333333333333334,9.603056568367024e-05,0.0002740113802499467,0.350461961091081,7
306815,2024-10-29 00:45:00,1.08134,0.43333333333333335,0.00014263176532274517,0.00027508568755276873,0.5184994050095195,4
306834,2024-10-29 05:30:00,1.08073,0.5333333333333333,9.951322453202066e-05,0.00026959245884850073,0.36912465933604904,13
306836,2024-10-29 06:00:00,1.08082,0.3,0.00013477441506519307,0.0002682056144210751,0.5025040782837644,11
306845,2024-10-29 08:15:00,1.08081,0.5,0.00017256811693349783,0.00026331820269365295,0.6553596187737364,17
306850,2024-10-29 09:30:00,1.08184,0.23333333333333334,0.00020286192434288507,0.00027149602355663774,0.7472003519070523,13
306863,2024-10-29 12:45:00,1.0799,0.8666666666666667,0.0002183307962622134,0.000256704408516291,0.8505144010737068,16
306903,2024-10-29 22:45:00,1.08152,0.23333333333333334,0.00011893551436369099,0.00039299630702718206,0.30263774044946606,7
306909,2024-10-30 00:15:00,1.08196,0.6333333333333333,0.00016906025840706277,0.00039421834205698565,0.42884929586209997,11
306916,2024-10-30 02:00:00,1.08213,0.23333333333333334,0.00016155684362990124,0.0003956003317585795,0.4083839942998165,10
306946,2024-10-30 09:30:00,1.08438,0.2,0.0002982689777764492,0.0004396419362840343,0.6784361389577496,7
306955,2024-10-30 11:45:00,1.08334,0.5666666666666667,0.0002586760199810186,0.0004613322513969307,0.5607152311544191,17
306971,2024-10-30 15:45:00,1.08532,0.5,0.00035446991051318974,0.0005052597142449481,0.7015598127448254,9
306973,2024-10-30 16:15:00,1.08536,0.3,0.0002701102764761878,0.0004923021967379028,0.5486676238009802,7
306979,2024-10-30 17:45:00,1.08592,0.7333333333333333,0.00021968626041861858,0.0004703589556807222,0.46706086440021083,7
307021,2024-10-31 04:15:00,1.08502,0.1,0.00012998462379958952,0.00044968133690961957,0.28905941414623315,6
307024,2024-10-31 05:00:00,1.08494,0.26666666666666666,9.362092015204817e-05,0.00044990978474211403,0.20808820640722717,7
307027,2024-10-31 05:45:00,1.08483,0.2,0.00019615056173567612,0.0004517806825484769,0.43417208683912417,11
307028,2024-10-31 06:00:00,1.08474,0.5,0.00013313391777765212,0.00045195382391696677,0.29457415942145354,9
307042,2024-10-31 09:30:00,1.08562,0.23333333333333334,0.0001922672774724463,0.000461344061440286,0.41675463833261545,10
307046,2024-10-31 10:30:00,1.08568,0.2,0.00022528557899775863,0.00041554779680739773,0.542141194655825,10
307052,2024-10-31 12:00:00,1.08666,0.3,0.0002703995539114708,0.00039622275320342373,0.6824432764784854,5
307066,2024-10-31 15:30:00,1.08705,0.7,0.0003896397023850515,0.0004067219349558615,0.9580002180785656,10
307068,2024-10-31 16:00:00,1.0865,0.4666666666666667,0.0003507556288040896,0.0003828635148095798,0.9161375143790881,12
307076,2024-10-31 18:00:00,1.08576,0.6666666666666666,0.0002768918911650258,0.000376032890341943,0.7363501924345927,11
307078,2024-10-31 18:30:00,1.08583,0.6333333333333333,0.00020254549113299166,0.0003783939770088127,0.5352767312368569,10
307088,2024-10-31 21:00:00,1.08768,0.5333333333333333,0.00032039143399241135,0.00037559660394771065,0.8530200503011343,4
307101,2024-11-01 00:15:00,1.08845,0.6666666666666666,0.00029771377010442035,0.0003730149446930942,0.798128263599118,3
307110,2024-11-01 02:30:00,1.08849,0.16666666666666666,0.0001764183429609073,0.0003753704696574696,0.46998460779797446,2
307127,2024-11-01 06:45:00,1.08709,0.43333333333333335,0.00016173504378013824,0.000374447973105477,0.43192928095935945,6
307130,2024-11-01 07:30:00,1.08736,0.6666666666666666,0.0001446513386056017,0.00037485663688197995,0.3858844272007482,9
307137,2024-11-01 09:15:00,1.08597,0.9,0.0001973849403155395,0.00038777313375861096,0.509021701432291,8
307141,2024-11-01 10:15:00,1.08663,0.6333333333333333,0.00022122091963659073,0.00037588946311485134,0.5885265253338524,9
307157,2024-11-01 14:15:00,1.08783,0.2,0.00042122216809027164,0.0005714405941277661,0.7371232852878007,19
307159,2024-11-01 14:45:00,1.08755,0.4666666666666667,0.0004506835346156933,0.0005756341884445771,0.7829339251608503,16
307160,2024-11-01 15:00:00,1.08679,0.7,0.0003652727062225995,0.00058057966523021,0.6291517393702765,14
307180,2024-11-01 20:00:00,1.08385,0.7,0.0001669304028118431,0.000530045728824841,0.3149358512555941,12
307206,2024-11-04 03:30:00,1.08882,0.1,0.00017405023057802274,0.0007010266786966636,0.24827903968164783,4
307220,2024-11-04 07:00:00,1.08984,0.5666666666666667,0.00020668142872717882,0.0007013407219639271,0.29469475000456247,4
307221,2024-11-04 07:15:00,1.0895,0.3333333333333333,0.00021990037239903127,0.0007022222367518782,0.3131492580129308,4
307229,2024-11-04 09:15:00,1.08986,0.36666666666666664,0.0002408061198107339,0.0007077412404994759,0.3402459910924355,6
307233,2024-11-04 10:15:00,1.08959,0.1,0.00018392777985647968,0.0007101050907249549,0.2590148729517001,9
307264,2024-11-04 18:00:00,1.08835,0.7666666666666667,0.00019023753038274654,0.000581897002938127,0.32692646537479153,8
307288,2024-11-05 00:00:00,1.08782,0.3,0.00019395445520138427,0.0003734063781355788,0.519419234802042,5
307294,2024-11-05 01:30:00,1.08743,0.7,0.00016982111591336,0.0003702630484237766,0.4586499156107927,3
307311,2024-11-05 05:45:00,1.08755,0.26666666666666666,0.00016075756309226304,0.00035312174940243943,0.45524684719732106,3
307313,2024-11-05 06:15:00,1.0876,0.6,0.0001637546834651001,0.00035311833991380243,0.46373882337879496,2
307323,2024-11-05 08:45:00,1.08888,0.4666666666666667,0.0001652324180368336,0.00034911747584096507,0.47328601250572344,7
307328,2024-11-05 10:00:00,1.08915,0.26666666666666666,0.0001643280725730941,0.0003397742578106788,0.4836389714510309,5
307332,2024-11-05 11:00:00,1.08915,0.13333333333333333,0.00010956195287605674,0.0003410359210388865,0.32126220763578733,5
307340,2024-11-05 13:00:00,1.0899,0.26666666666666666,0.0002578671133285358,0.00033936607028436184,0.7598494248775772,11
307344,2024-11-05 14:00:00,1.08954,0.13333333333333333,0.00020433991708420051,0.000311350327814094,0.6563022384425142,8
307350,2024-11-05 15:30:00,1.09068,0.6333333333333333,0.00033916916282894266,0.00030068907021582467,1.1279730340231464,10
307354,2024-11-05 16:30:00,1.09033,0.8333333333333334,0.0003233061509112453,0.0003072987258142528,1.0520907630013026,11
307357,2024-11-05 17:15:00,1.09125,0.43333333333333335,0.000434061311914629,0.00032278577108495215,1.34473496293116,6
307360,2024-11-05 18:00:00,1.09195,0.6,0.0003312349350919947,0.0003096003262334998,1.0698791539456523,5
307370,2024-11-05 20:30:00,1.09312,0.2,0.00021915435791015623,0.0002777374810073372,0.7890701576009709,2
307379,2024-11-05 22:45:00,1.09257,0.13333333333333333,0.00014622409375812258,0.00027232589244274293,0.5369452476461323,3
307394,2024-11-06 02:30:00,1.08351,0.9,0.0008175161563824653,0.0006184731603690913,1.3218296423640914,22
307396,2024-11-06 03:00:00,1.08357,0.7333333333333333,0.0006514969184258161,0.0006194651134922769,1.0517088117407576,17
307417,2024-11-06 08:15:00,1.07392,0.23333333333333334,0.0007433868601047769,0.0010113152298028625,0.7350693811361732,4
307420,2024-11-06 09:00:00,1.07336,0.16666666666666666,0.0005534283055621389,0.0010307814496285164,0.5369016931393061,4
307440,2024-11-06 14:00:00,1.06881,0.1,0.0004988636113111794,0.00109212273493243,0.4567834688855225,5
307441,2024-11-06 14:15:00,1.07036,0.3333333333333333,0.000976136401469221,0.0011062031825452945,0.8824205325672639,4
307455,2024-11-06 17:45:00,1.073,0.8333333333333334,0.00038396238282861956,0.0011225852452685181,0.3420340543820146,6
307457,2024-11-06 18:15:00,1.0737,0.3,0.00032303019728579293,0.0011177004885951662,0.28901320217888465,4
307476,2024-11-06 23:00:00,1.07256,0.8,0.00047422614531470434,0.0011481649652687728,0.4130296252365558,6
307490,2024-11-07 02:30:00,1.07135,0.6666666666666666,0.0004065000793214516,0.0010454466793243249,0.38882908842770797,5
307501,2024-11-07 05:15:00,1.07368,0.23333333333333334,0.00041086837252512717,0.0009617495345077055,0.42720932819108665,3
307502,2024-11-07 05:30:00,1.07402,0.13333333333333333,0.00031598093105233836,0.0008624423431308167,0.3663791945850806,3
307507,2024-11-07 06:45:00,1.07413,0.16666666666666666,0.0003669438453580341,0.0007820949840166946,0.46918066584889556,3
307525,2024-11-07 11:15:00,1.07563,0.7666666666666667,0.0002590539046071701,0.0006516374014191334,0.39754302629499705,5
307529,2024-11-07 12:15:00,1.07542,0.4,0.00031723801803856057,0.0006371691070448741,0.4978866905677182,3
307536,2024-11-07 14:00:00,1.07747,0.06666666666666667,0.0004198522469757702,0.0006016716840827771,0.6978095497643654,8
307541,2024-11-07 15:15:00,1.07819,0.9333333333333333,0.00040823180042975167,0.000602308842065682,0.6777781960325826,7
307558,2024-11-07 19:30:00,1.08007,0.2,0.0002905546302591844,0.0006435820200637525,0.4514648035543355,4
307570,2024-11-07 22:30:00,1.08014,0.3,0.000316257010350793,0.0006588238090307612,0.48003275840328136,3
307579,2024-11-08 00:45:00,1.08006,0.43333333333333335,0.000283537111201988,0.0006617650383813655,0.42845586387504153,3
307601,2024-11-08 06:15:00,1.07829,0.06666666666666667,0.00021963595994460325,0.000639565266592567,0.34341445887886474,4
307604,2024-11-08 07:00:00,1.07812,0.36666666666666664,0.00044636200575730317,0.0006388826685527927,0.6986603765107756,5
307606,2024-11-08 07:30:00,1.07769,1.0,0.00023543113571369194,0.0006411084454065213,0.3672251354673812,2
307621,2024-11-08 11:15:00,1.07756,0.9333333333333333,0.0003668728564147295,0.0006212706221940866,0.590520206989793,5
307623,2024-11-08 11:45:00,1.07689,0.6,0.0004435419382710498,0.0006145804185857962,0.7216987799443382,8
307625,2024-11-08 12:15:00,1.0785,0.13333333333333333,0.00032425637184803195,0.0006159616665141097,0.5264229731747507,5
307627,2024-11-08 12:45:00,1.07904,0.3,0.0003897956848685795,0.0006232553242976643,0.6254189409578387,5
307629,2024-11-08 13:15:00,1.07758,0.9333333333333333,0.00046706220579118305,0.0006298627703544876,0.7415301042929079,6
307648,2024-11-08 18:00:00,1.07092,0.6,0.0008414496784462888,0.0005807326960300675,1.4489449004653987,5
307665,2024-11-10 23:15:00,1.07101,0.4,0.00035232953115012434,0.0005337050089974049,0.6601578122940898,2
307691,2024-11-11 05:45:00,1.07084,0.8666666666666667,0.0004107796997621951,0.0005185407227743976,0.7921840691013842,3
307707,2024-11-11 09:45:00,1.06892,0.43333333333333335,0.0006154072237066537,0.0005519144039013314,1.1150410631730374,4
307711,2024-11-11 10:45:00,1.06732,0.9333333333333333,0.0004437239949458886,0.0005665544281074556,0.7831974704144925,3
307713,2024-11-11 11:15:00,1.0677,0.16666666666666666,0.0005336646337162468,0.000552760295693766,0.9654539913118173,3
307725,2024-11-11 14:15:00,1.065,0.36666666666666664,0.000626141362393903,0.0005379669202705457,1.1639030929244012,3
307730,2024-11-11 15:30:00,1.06556,0.13333333333333333,0.0005783840938865603,0.0005482872758355573,1.0548924247879679,3
307731,2024-11-11 15:45:00,1.06429,0.36666666666666664,0.00045853628864725936,0.0005594062144123818,0.8196839377784185,2
307756,2024-11-11 22:00:00,1.06552,0.0,0.00039294993602102075,0.0004383817204249826,0.8963647837325,2
307757,2024-11-11 22:15:00,1.06569,0.0,0.0003805242265095773,0.0004388699069484826,0.867054725067412,2
307758,2024-11-11 22:30:00,1.0657,0.0,0.00031523704528808595,0.0004370385726783949,0.7213025691443042,2
307768,2024-11-12 01:00:00,1.06627,0.43333333333333335,0.0004271502697942367,0.0004394137926549209,0.9720911745018551,3
307775,2024-11-12 02:45:00,1.06545,0.06666666666666667,0.0002681736155613716,0.0004384617069975498,0.6116238003946607,3
307802,2024-11-12 09:30:00,1.06191,1.0,0.0003483005112386754,0.00043879690077596963,0.7937624687474771,2
307824,2024-11-12 15:00:00,1.06224,0.23333333333333334,0.0005770643108190175,0.0004169181610153295,1.3841189105643197,3
307836,2024-11-12 18:00:00,1.05977,0.8333333333333334,0.000494246811755367,0.00039266205760230585,1.2587078435165429,3
307848,2024-11-12 21:00:00,1.06119,0.7666666666666667,0.0005071878363491565,0.0004010314474129411,1.2647083903794367,3
307870,2024-11-13 02:30:00,1.06193,0.0,0.0003132820129394531,0.0004030213664486253,0.7773335088907461,2
307879,2024-11-13 04:45:00,1.06189,0.5666666666666667,0.0002888642794862886,0.0004023092205098838,0.71801555808287,2
307882,2024-11-13 05:30:00,1.06211,0.5666666666666667,0.0002814802232622015,0.0003968665144643053,0.7092566719622252,2
307904,2024-11-13 11:00:00,1.06265,0.43333333333333335,0.0005637268477684659,0.0004077788411723125,1.3824328063413556,11
307907,2024-11-13 11:45:00,1.06133,0.7666666666666667,0.0004723762421346485,0.0004033692152404522,1.1710765826615215,5
307913,2024-11-13 13:15:00,1.06292,0.5,0.0006238089079921126,0.00046298801523892894,1.3473543319910575,10
307923,2024-11-13 15:45:00,1.06148,0.4,0.0006087971099803629,0.0004801406113129679,1.2679558771660193,7
307926,2024-11-13 16:30:00,1.05716,0.8666666666666667,0.0007823875870191003,0.0005934473499541899,1.3183774214839705,5
307933,2024-11-13 18:15:00,1.0573,0.6,0.0005539253182183048,0.0006337220787495057,0.8740824042478367,3
307941,2024-11-13 20:15:00,1.05671,0.0,0.00039072938359499505,0.0006313960188011286,0.618834094546395,2
307952,2024-11-13 23:00:00,1.05625,0.9666666666666667,0.00026785257401506894,0.0006347393572383827,0.42198828694101953,3
307966,2024-11-14 02:30:00,1.05573,1.0,0.0002987881918935134,0.0006335957763394044,0.47157541614270276,2
307991,2024-11-14 08:45:00,1.05453,0.1,0.00022577047348022462,0.0006370270391652926,0.3544127008738209,2
308003,2024-11-14 11:45:00,1.05118,0.16666666666666666,0.0005740896798687137,0.0006267118134946595,0.9160345592777083,3
308004,2024-11-14 12:00:00,1.05109,0.3,0.0006428081643886273,0.0006261039388395438,1.026679636579262,3
308014,2024-11-14 14:30:00,1.05373,0.6666666666666666,0.0004950594684892184,0.0005997717655899586,0.8254130935994608,3
308019,2024-11-14 15:45:00,1.0556,0.5333333333333333,0.0006123113394283633,0.0006383923570586165,0.9591457865341291,8
308035,2024-11-14 19:45:00,1.05498,0.6,0.0003317725951373871,0.0005199784161971403,0.6380507051885046,2
308039,2024-11-14 20:45:00,1.05462,0.43333333333333335,0.00033706739851712943,0.0005168334594565192,0.6521779740645577,2
308046,2024-11-14 22:30:00,1.05221,0.5333333333333333,0.0005203461964993336,0.0005795674232758887,0.897818227184304,3
308051,2024-11-14 23:45:00,1.05304,0.03333333333333333,0.00039448359074040364,0.0005818398038911707,0.6779934753556139,3
308074,2024-11-15 05:30:00,1.05436,0.4,0.0005167561770951765,0.0005997347133145347,0.8616412650840846,7
308080,2024-11-15 07:00:00,1.05396,0.13333333333333333,0.0003660401470314238,0.0005925849498282902,0.6177007147034178,6
308090,2024-11-15 09:30:00,1.05595,0.6,0.0004879491707668325,0.0005973073614757055,0.8169147113159746,8
308093,2024-11-15 10:15:00,1.05776,0.23333333333333334,0.0003376954159938097,0.0006066485027402328,0.5566574622181357,4
308095,2024-11-15 10:45:00,1.05694,0.3,0.0004967010587028047,0.0006041506436345796,0.8221476943476274,5
308096,2024-11-15 11:00:00,1.05617,0.43333333333333335,0.0004954115790300774,0.0006088858391403239,0.8136362306102257,6
308105,2024-11-15 13:15:00,1.05709,0.5333333333333333,0.0005586580533396138,0.0005861464287663351,0.9531032280029819,9
308123,2024-11-15 17:45:00,1.05434,0.4,0.00033719101491239654,0.0005903675840504199,0.5711543520038509,6
308127,2024-11-15 18:45:00,1.05549,0.13333333333333333,0.0004499434921572001,0.000577993019877798,0.7784583492934383,6
308129,2024-11-15 19:15:00,1.05472,0.5666666666666667,0.0003515621213589618,0.0005816539295367526,0.6044180284984181,7
308142,2024-11-15 22:30:00,1.05291,0.16666666666666666,0.00028954514294101454,0.0005154058393803984,0.5617808740566363,6
308191,2024-11-18 10:45:00,1.05633,0.4,0.00037474017958931817,0.0005258161893990802,0.7126828483877292,8
308232,2024-11-18 21:00:00,1.05905,0.4,0.0004021664082947345,0.00046022467818751484,0.8738479863326125,10
308235,2024-11-18 21:45:00,1.05887,0.6,0.00021549307856818481,0.0004593503173056085,0.4691257858102577,10
308250,2024-11-19 01:30:00,1.05915,0.3,0.00017560352662325366,0.0004388628858635674,0.4001330080070723,3
308254,2024-11-19 02:30:00,1.05924,0.43333333333333335,0.00017985263630775625,0.0004404876901375623,0.4083034335229416,5
308260,2024-11-19 04:00:00,1.05914,0.4666666666666667,0.0001505832116335491,0.0004334388513191435,0.3474151225144186,2
308269,2024-11-19 06:15:00,1.05871,0.1,0.0001885170028254845,0.00043173813423105995,0.4366466334071684,9
308310,2024-11-19 16:30:00,1.05781,0.7,0.0003481588187371388,0.0006495824909192983,0.5359732191125095,12
308311,2024-11-19 16:45:00,1.05934,0.6333333333333333,0.00034344199650488566,0.0006670544479783423,0.5148635130846716,10
308325,2024-11-19 20:15:00,1.05885,0.5666666666666667,0.0003512315796493268,0.0006631128110230081,0.5296709305125159,11
308371,2024-11-20 07:45:00,1.05931,0.43333333333333335,0.00018978797698381377,0.00065799048195194,0.2884357482205586,8
308386,2024-11-20 11:30:00,1.05505,0.6,0.0004082630763801723,0.0004991878517916676,0.8178545910419268,14
308390,2024-11-20 12:30:00,1.05471,0.6333333333333333,0.0003084602089406156,0.0004875493167795499,0.6326748870824258,11
308398,2024-11-20 14:30:00,1.05561,0.7,0.0004989825619373467,0.0004898620417181976,1.0186185485757557,18
308416,2024-11-20 19:00:00,1.05316,0.6,0.00032498297367741666,0.0004445244877416934,0.7310800251487145,11
308421,2024-11-20 20:15:00,1.05378,0.4666666666666667,0.0003205726041029143,0.00044586144635294157,0.7189960170926076,10
308426,2024-11-20 21:30:00,1.05376,0.8,0.00022984296978193,0.00043822012024595785,0.5244920512844711,8
308428,2024-11-20 22:00:00,1.05389,0.8,0.00022530690383536757,0.0004315296454645924,0.5221122261317601,8
308430,2024-11-20 22:30:00,1.05419,0.7333333333333333,0.0001424140052893744,0.0004320219142525547,0.32964532721856543,4
308443,2024-11-21 01:45:00,1.05439,0.5333333333333333,0.00022691949525371384,0.0004249590868391744,0.5339796283485319,10
308446,2024-11-21 02:30:00,1.05469,0.4666666666666667,0.0001615279934443261,0.0004251784047307586,0.3799063914043627,8
308449,2024-11-21 03:15:00,1.05484,0.4,0.00017473220414753254,0.00042239339722850033,0.413671722365983,11
308456,2024-11-21 05:00:00,1.05525,0.43333333333333335,0.00014658194812730292,0.0004195579027887117,0.3493723921132317,11
308461,2024-11-21 06:15:00,1.05475,0.9666666666666667,0.00013656893448574792,0.0004191344003376051,0.32583566124790553,10
308474,2024-11-21 09:30:00,1.05281,0.7666666666666667,0.0003839409548009899,0.00042872304419950364,0.8955454109490912,11
308481,2024-11-21 11:15:00,1.05146,0.4,0.00047602996900415105,0.000435066980149732,1.0941532929948425,7
308507,2024-11-21 17:45:00,1.04789,0.9333333333333333,0.0004672643008145653,0.0004906388040890691,0.9523590407450518,11
308515,2024-11-21 19:45:00,1.04851,0.6666666666666666,0.0002739569787317921,0.0004986759327964533,0.5493687597785359,7
308516,2024-11-21 20:00:00,1.04858,0.1,0.00018029559218934327,0.000497139373186029,0.36266608905643216,5
308536,2024-11-22 01:00:00,1.04684,0.7666666666666667,0.000272821323597342,0.0004934157849347476,0.5529237854306214,9
308555,2024-11-22 05:45:00,1.04698,0.9333333333333333,0.00019590435933649884,0.0004993861143187419,0.39229036154469343,4
308566,2024-11-22 08:30:00,1.04787,0.26666666666666666,0.0004157004356286735,0.0005301013950479051,0.7841904200065475,4
308609,2024-11-22 19:15:00,1.04217,0.03333333333333333,0.000337894859670481,0.0014119507057362276,0.23931066311149574,5
308620,2024-11-22 22:00:00,1.0414,0.8,0.0003485348972157205,0.0014066891881267325,0.24776965669286144,3
308621,2024-11-22 22:15:00,1.04157,0.8333333333333334,0.000210626885917316,0.0014068263182661683,0.14971776059528186,2
308626,2024-11-24 23:30:00,1.04647,0.7333333333333333,0.0003830484212983248,0.001534115449776691,0.24968682855914276,6
308645,2024-11-25 04:15:00,1.04829,0.2,0.00023032118660993784,0.001565571799595207,0.14711633581384737,5
308648,2024-11-25 05:00:00,1.04775,0.6333333333333333,0.00035031566217119507,0.001565834027088345,0.2237246452119859,6
308651,2024-11-25 05:45:00,1.04791,0.5333333333333333,0.0003630539410972234,0.00156527555481251,0.2319425100462329,8
308653,2024-11-25 06:15:00,1.04817,0.23333333333333334,0.00029720362911569265,0.0015653738356645394,0.1898611196535826,7
308659,2024-11-25 07:45:00,1.04867,0.7,0.00025933690553392154,0.0015658844213473266,0.16561688844875377,5
308671,2024-11-25 10:45:00,1.04788,0.6666666666666666,0.0003525103303705989,0.0015398998479379776,0.22891769931832404,7
308678,2024-11-25 12:30:00,1.04829,0.3333333333333333,0.00047722413250322036,0.0008714483591288146,0.5476218154570863,8
308684,2024-11-25 14:00:00,1.04882,0.3333333333333333,0.0005244413521028827,0.0008692755933172326,0.6033084974830227,8
308696,2024-11-25 17:00:00,1.04878,0.6333333333333333,0.0007879951660484267,0.0009147920225080898,0.8613926954544012,14
308711,2024-11-25 20:45:00,1.05055,0.23333333333333334,0.0002746787448033222,0.000920039502663095,0.29855103395914245,10
308718,2024-11-25 22:30:00,1.04933,0.4,0.0001992558566307398,0.000925112456867396,0.21538555140145604,4
308732,2024-11-26 02:00:00,1.04344,0.7333333333333333,0.0006649658512754665,0.0007925312518279328,0.8390405422395101,6
308740,2024-11-26 04:00:00,1.04603,0.6,0.0004004593303590558,0.0007947187939343662,0.5039006670227667,7
308741,2024-11-26 04:15:00,1.0467,0.13333333333333333,0.0003832163557536065,0.0007970856517148988,0.4807718655192593,7
308746,2024-11-26 05:30:00,1.04835,0.3333333333333333,0.00039224973555785936,0.0008019866033722494,0.4890976157313604,8
308747,2024-11-26 05:45:00,1.04786,0.13333333333333333,0.0004616083294911251,0.000802730049960041,0.5750480245682885,6
308754,2024-11-26 07:30:00,1.0478,0.6333333333333333,0.0003789158891499179,0.0008052734948386353,0.4705431031550926,8
308755,2024-11-26 07:45:00,1.04798,0.2,0.00036404517594364265,0.0008052503459046877,0.4520894375210021,7
308765,2024-11-26 10:15:00,1.05151,0.06666666666666667,0.00045488238402326646,0.0008423401963743075,0.5400221739164542,10
308766,2024-11-26 10:30:00,1.04979,0.5333333333333333,0.0004189814774143358,0.0008609911406697484,0.48662693217542075,12
308773,2024-11-26 12:15:00,1.05123,0.5666666666666667,0.00030381628283096274,0.000832112506422386,0.3651144292220787,13
308797,2024-11-26 18:15:00,1.04696,0.7,0.00048266542623757016,0.0008191821045881612,0.5892040652917183,10
308803,2024-11-26 19:45:00,1.04639,0.16666666666666666,0.0004647115803951598,0.0008128298330625964,0.5717206252681577,8
308830,2024-11-27 02:30:00,1.04869,0.3333333333333333,0.00029978494907528585,0.0006743620292659301,0.4445460095100753,10
308831,2024-11-27 02:45:00,1.04869,0.3,0.0002451617324506744,0.0006661034811247979,0.3680535223096096,10
308856,2024-11-27 09:00:00,1.04977,0.06666666666666667,0.00022002229080767728,0.0006440874696058086,0.3416031225422446,12
308866,2024-11-27 11:30:00,1.05186,0.6666666666666666,0.0004630778054364538,0.000588154123450076,0.7873409145209554,9
308890,2024-11-27 17:30:00,1.05571,0.5,0.0003893764357932949,0.0006458262472828326,0.6029120640907797,11
308899,2024-11-27 19:45:00,1.05705,0.36666666666666664,0.00034015662354587367,0.0006401262661129488,0.531389885953928,6
308900,2024-11-27 20:00:00,1.05659,0.6333333333333333,0.00043362535244812335,0.0006424769846845982,0.674927449208156,7
308929,2024-11-28 03:15:00,1.05581,0.2,0.00022003711133836325,0.0006348811656366605,0.3465799951991164,6
308932,2024-11-28 04:00:00,1.05565,0.2,0.000291938815989943,0.000636075467862307,0.45896883426596763,6
308944,2024-11-28 07:00:00,1.05494,0.36666666666666664,0.00036701233595705504,0.0006377047916439031,0.5755207437142736,10
308949,2024-11-28 08:15:00,1.05461,0.26666666666666666,0.0002610400951271801,0.000637447961869381,0.4095080865293748,8
308962,2024-11-28 11:30:00,1.05394,0.4,0.00034893179135231676,0.0006108650477149294,0.5712092919010022,7
308980,2024-11-28 16:00:00,1.05487,0.06666666666666667,0.0002887586272399222,0.0005083109104028192,0.5680748166729114,9
308982,2024-11-28 16:30:00,1.05537,0.4666666666666667,0.0003574822799720951,0.0005061756557863902,0.7062415505082196,10
308999,2024-11-28 20:45:00,1.05543,0.16666666666666666,0.00016801797914784195,0.0003607288928677441,0.4657735559026686,3
309006,2024-11-28 22:30:00,1.05557,0.1,0.00015769728505050275,0.0003490448728062557,0.45179659504133657,4
309014,2024-11-29 00:30:00,1.05586,0.2,0.00025307749840524794,0.0003654934900602357,0.6924268291715377,8
309032,2024-11-29 05:00:00,1.05731,0.13333333333333333,0.00017766003585637693,0.00038666574311449806,0.45946670740823525,6
309055,2024-11-29 10:45:00,1.05573,0.6,0.0003154238421254449,0.00045302452616161916,0.6962621754675499,8
309072,2024-11-29 15:00:00,1.05624,0.3,0.0004330516458573098,0.00048281171519692884,0.8969369056852257,11
309084,2024-11-29 18:00:00,1.05463,0.4666666666666667,0.00031825931544338494,0.0005481070931605478,0.5806517000322099,6
309087,2024-11-29 18:45:00,1.05546,0.4,0.0003080522243365607,0.0005546101965850539,0.5554391647202945,6
309088,2024-11-29 19:00:00,1.05668,0.23333333333333334,0.0004396791197900419,0.0005675079550571639,0.774754108505411,10
309089,2024-11-29 19:15:00,1.05702,0.26666666666666666,0.00035526672088741126,0.0005683243906420697,0.6251125708084522,10
309107,2024-12-01 23:45:00,1.05673,0.6666666666666666,0.00024273977728655582,0.0005714243280411527,0.4247977647690811,5
309115,2024-12-02 01:45:00,1.05329,0.5333333333333333,0.0004094179808490319,0.0006206602130730054,0.6596491481577762,16
309117,2024-12-02 02:15:00,1.05305,0.7666666666666667,0.0002557150418254736,0.000623077580121378,0.4104064244707044,14
309133,2024-12-02 06:15:00,1.05224,0.3333333333333333,0.0002848940000755512,0.0006014287821021051,0.47369532113144613,14
309139,2024-12-02 07:45:00,1.05312,0.4,0.0003699602785474814,0.0006068578258318775,0.6096325412634199,8
309144,2024-12-02 09:00:00,1.05024,0.8,0.0005101461000421439,0.0006326512848316748,0.8063622287242727,13
309145,2024-12-02 09:15:00,1.05071,0.8,0.0004254123098792305,0.0006251368180008973,0.6805107260193719,11
309147,2024-12-02 09:45:00,1.05039,0.43333333333333335,0.0003242105432835807,0.0006082643268155752,0.5330093003824649,9
309156,2024-12-02 12:00:00,1.05212,0.3333333333333333,0.00018257789925481453,0.0005879876500267875,0.31051315320397743,15
309170,2024-12-02 15:30:00,1.04934,0.5666666666666667,0.0005983319993996363,0.0006227972549501178,0.9607171429288959,14
309175,2024-12-02 16:45:00,1.04707,0.6333333333333333,0.0005628167530537269,0.0006178817519575334,0.9108810080094563,8
309176,2024-12-02 17:00:00,1.04687,0.5,0.0005442236269059822,0.0006110577487345603,0.8906255227644444,8
309180,2024-12-02 18:00:00,1.04831,0.16666666666666666,0.00045295381139916045,0.000611723543193013,0.7404550902763652,9
309184,2024-12-02 19:00:00,1.04872,0.36666666666666664,0.00033625817387686704,0.0006104084615648971,0.5508740377137071,10
309191,2024-12-02 20:45:00,1.04915,0.6,0.00024296134078615828,0.0005867992448354322,0.41404508087650443,7
309193,2024-12-02 21:15:00,1.04898,0.3333333333333333,0.00014583470650007252,0.0005846735489667374,0.24942928709157183,7
309194,2024-12-02 21:30:00,1.05086,0.3,0.0005805946102708385,0.0006166772804950426,0.9414885688747305,20
309222,2024-12-03 04:30:00,1.04877,0.5333333333333333,0.00027033650973193487,0.0005868943300088039,0.4606221186834086,8
309230,2024-12-03 06:30:00,1.04861,0.3,0.00023577163759077043,0.0005893036465853589,0.4000851495776712,8
309232,2024-12-03 07:00:00,1.04908,0.06666666666666667,0.0002974349484673921,0.0005905154002348393,0.5036870305992132,9
309243,2024-12-03 09:45:00,1.05256,0.3,0.0005415877970444116,0.0005785739375782274,0.9360736145692443,17
309249,2024-12-03 11:15:00,1.05245,0.3,0.0003448417853944646,0.0005766847576122395,0.5979727760141961,13
309252,2024-12-03 12:00:00,1.05143,0.4666666666666667,0.0005312750620803942,0.0005838202611566432,0.9099976438430754,17
309289,2024-12-03 21:15:00,1.05114,0.23333333333333334,0.0003673124493076576,0.0005784435663864828,0.6350013564888376,12
309293,2024-12-03 22:15:00,1.05074,0.5666666666666667,0.0002586141616183259,0.0005488891863053632,0.471159148459615,7
309298,2024-12-03 23:30:00,1.0507,0.4666666666666667,0.00019009022937298647,0.0005458643241890744,0.34823713686616337,7
309311,2024-12-04 02:45:00,1.05086,0.4,0.0003004412441998779,0.0005479733835680879,0.5482770755097212,10
309321,2024-12-04 05:15:00,1.04997,0.1,0.00027363432223971996,0.0005323215264573029,0.5140395581234642,11
309341,2024-12-04 10:15:00,1.04897,0.8666666666666667,0.0003810296151526299,0.000527992851639581,0.7216567685896034,13
309387,2024-12-04 21:45:00,1.0515,0.5333333333333333,0.0004054953288951847,0.0005565098507283963,0.7286399842957785,13
309402,2024-12-05 01:30:00,1.051,0.5333333333333333,0.00022888975897543038,0.0005502028639611515,0.41600975561550646,9
309423,2024-12-05 06:45:00,1.05271,0.5333333333333333,0.00032191665956317437,0.000540565085037975,0.5955187792799447,15
309429,2024-12-05 08:15:00,1.0538,0.5,0.0003412678012059239,0.0005544007833220464,0.6155615422492731,10
309440,2024-12-05 11:00:00,1.05279,0.43333333333333335,0.0002511812359567448,0.0005696960204877784,0.44090396794711917,20
309441,2024-12-05 11:15:00,1.05328,0.4666666666666667,0.00036395432338401606,0.0005700017631542685,0.6385143817274709,19
309452,2024-12-05 14:00:00,1.05364,0.5666666666666667,0.0003972408179114277,0.0005575111586059939,0.7125253221921016,16
309458,2024-12-05 15:30:00,1.05791,0.13333333333333333,0.000660785514847464,0.0005813846238146251,1.13657205192643,19
309478,2024-12-05 20:30:00,1.05777,0.3333333333333333,0.00046470728797034524,0.0005448382039681388,0.8529271343048487,15
309494,2024-12-06 00:30:00,1.05851,0.16666666666666666,0.00025135400696817405,0.0005107297655103379,0.4921467749525288,5
309499,2024-12-06 01:45:00,1.05793,0.6333333333333333,0.00024645614136474596,0.000512368776454438,0.4810131934077015,9
309504,2024-12-06 03:00:00,1.05681,0.4666666666666667,0.0002131738797067724,0.000514578548467204,0.4142688814793428,7
309521,2024-12-06 07:15:00,1.05732,0.2,0.00023886365967209778,0.0005094114150634823,0.46890127038541307,9
309524,2024-12-06 08:00:00,1.05738,0.36666666666666664,0.00032087449120777185,0.000509508326549231,0.6297728113316073,13
309528,2024-12-06 09:00:00,1.05833,0.36666666666666664,0.0005296557213815789,0.0005093074936113577,1.0399527358726603,12
309531,2024-12-06 09:45:00,1.05791,0.5333333333333333,0.00029571096148824636,0.0005034614800475402,0.5873556830213175,11
309533,2024-12-06 10:15:00,1.05792,0.5333333333333333,0.0002214536429506094,0.0005015209191282543,0.44156411927052025,9
309540,2024-12-06 12:00:00,1.05821,0.23333333333333334,0.0004062202110995591,0.00048029658303250515,0.8457695212711251,11
309550,2024-12-06 14:30:00,1.05839,0.23333333333333334,0.00041444093121599296,0.00047449432322117286,0.8734370695996976,12
309556,2024-12-06 16:00:00,1.05755,0.5666666666666667,0.0004817994902238493,0.0005962270072883291,0.808080620861336,18
309562,2024-12-06 17:30:00,1.05706,0.1,0.0002720633987888248,0.0006378595692779016,0.42652554244317165,10
309566,2024-12-06 18:30:00,1.05526,0.26666666666666666,0.0003675005012731074,0.0006068012141538887,0.6056357381972985,12
309567,2024-12-06 18:45:00,1.05496,0.8,0.00035847560932568634,0.0006054973308374449,0.5920349951500028,9
309582,2024-12-06 22:30:00,1.05655,0.03333333333333333,0.00017986098384272143,0.0005940767895778446,0.3027571300513726,6
309590,2024-12-09 00:30:00,1.0562,0.5666666666666667,0.0002009674713149839,0.0006009822249710514,0.3343983614900828,7
309593,2024-12-09 01:15:00,1.05601,0.7333333333333333,0.00019734905622761847,0.0006031170605746918,0.32721517782894516,8
309598,2024-12-09 02:30:00,1.05562,0.4666666666666667,0.0002184685445925801,0.0006023908593884499,0.3626690896577854,5
309614,2024-12-09 06:30:00,1.0534,0.5,0.000182232868050924,0.0006073530831194864,0.3000443615350394,12
309633,2024-12-09 11:15:00,1.05786,0.6666666666666666,0.0004167704432177825,0.000635908511290077,0.6553937175212109,10
309643,2024-12-09 13:45:00,1.05607,0.8333333333333334,0.0003212528685949226,0.0006381903235657557,0.503380977010101,11
309663,2024-12-09 18:45:00,1.05685,1.0,0.00015552614725881063,0.00042314318870464133,0.36754968864066867,5
309674,2024-12-09 21:30:00,1.0547,0.7,0.00025951417826101665,0.000410847953895705,0.6316550339371901,13
309686,2024-12-10 00:30:00,1.05528,0.8,0.00014783630352711456,0.0003988950405075244,0.3706145439637922,3
309690,2024-12-10 01:30:00,1.05518,0.5,0.00020765486246780034,0.00039304485330366953,0.5283235761068841,4
309691,2024-12-10 01:45:00,1.05511,0.7666666666666667,0.00017940543593370436,0.0003926085003505386,0.4569575945847405,3
309703,2024-12-10 04:45:00,1.05543,0.3333333333333333,0.00020360727250681222,0.0003992834363259163,0.5099316775580371,4
309715,2024-12-10 07:45:00,1.05631,0.7333333333333333,0.00025762457014389555,0.000388548611459352,0.6630433427011408,8
309722,2024-12-10 09:30:00,1.05468,0.5333333333333333,0.00019150182564284214,0.0004043682508275274,0.47358274357825925,12
309723,2024-12-10 09:45:00,1.05466,0.7333333333333333,0.00022125804786143357,0.00037522676203415164,0.5896648913365501,15
309735,2024-12-10 12:45:00,1.05305,0.36666666666666664,0.0002532796991404486,0.0003537376044856612,0.7160101044635058,11
309747,2024-12-10 15:45:00,1.05282,0.23333333333333334,0.00034897425553687004,0.0003445924916587932,1.0127157845401213,13
309758,2024-12-10 18:30:00,1.05082,0.2,0.00028167476925586673,0.0003492106918981476,0.8066040811202347,8
309763,2024-12-10 19:45:00,1.05204,0.8333333333333334,0.00029410742983248595,0.000359705720395397,0.817633451892831,9
309773,2024-12-10 22:15:00,1.05255,0.1,0.0001785892889642309,0.0003591489390381035,0.49725690250551924,7
309774,2024-12-10 22:30:00,1.05265,0.16666666666666666,0.00011680449772507828,0.00035872553830960924,0.32560965209080406,4
309787,2024-12-11 01:45:00,1.05296,0.5666666666666667,0.0001860213778218313,0.0003572538641307828,0.5206980147700598,9
309796,2024-12-11 04:00:00,1.05364,0.3333333333333333,0.00015449626848719494,0.0003511702708467972,0.4399468899079901,10
309800,2024-12-11 05:00:00,1.05277,0.7666666666666667,0.00017561287586616127,0.0003488362157778547,0.5034250112895238,5
309808,2024-12-11 07:00:00,1.05235,0.3333333333333333,0.00026837636624776586,0.0003506992737577549,0.765260684380962,9
309822,2024-12-11 10:30:00,1.05027,0.6,0.00041926769351309577,0.00040133404212200276,1.0446850989671126,6
309823,2024-12-11 10:45:00,1.05017,0.7333333333333333,0.00029370419960981424,0.00039151820056979763,0.7501674230785966,7
309849,2024-12-11 17:15:00,1.04965,0.6666666666666666,0.00036619902821295595,0.00046526373140537,0.7870783890822944,7
309853,2024-12-11 18:15:00,1.05033,0.5333333333333333,0.0003701914901275879,0.0005001471062038612,0.7401652144653156,9
309855,2024-12-11 18:45:00,1.04944,0.6,0.0003982983323744174,0.0005063476675291411,0.7866103823841446,7
309860,2024-12-11 20:00:00,1.04841,0.5666666666666667,0.0004939181318572827,0.0005199126585623892,0.9500021277093272,8
309869,2024-12-11 22:15:00,1.04939,0.13333333333333333,0.00022004635636525786,0.0005177270731901587,0.425023854768429,3
309871,2024-12-11 22:45:00,1.04953,0.23333333333333334,0.0001790958506788924,0.0005159905427229952,0.347091343445491,3
309873,2024-12-11 23:15:00,1.04949,0.26666666666666666,0.00021745726930409118,0.00051703833507265,0.42058248789915326,3
309886,2024-12-12 02:30:00,1.05072,0.4,0.00019114808055994438,0.0005215973636966769,0.36646673059318263,7
309888,2024-12-12 03:00:00,1.05057,0.7,0.0001461064370696519,0.0005212171912681122,0.2803177629543982,7
309891,2024-12-12 03:45:00,1.05039,0.3,0.00020079630177360518,0.0005203502583727936,0.38588681093677685,3
309901,2024-12-12 06:15:00,1.05047,0.9,0.00015477901281434829,0.0005226847491609121,0.29612307047952247,7
309905,2024-12-12 07:15:00,1.05056,0.8,0.0001761799832895876,0.000520632890110358,0.3383957998739629,5
309921,2024-12-12 11:15:00,1.05111,0.6666666666666666,0.0002882312999558948,0.000481805031267065,0.5982322334781264,9
309923,2024-12-12 11:45:00,1.05028,0.6,0.0003080389320028492,0.00048588941291143387,0.6339692197800519,7
309931,2024-12-12 13:45:00,1.05011,0.7,0.0003874646070469309,0.0004817733922387431,0.8042465883108019,9
309942,2024-12-12 16:30:00,1.04825,0.7,0.0004708677489032026,0.0005988581114497938,0.7862759807381828,10
309949,2024-12-12 18:15:00,1.05167,0.36666666666666664,0.0004556374276510768,0.0006379256442878197,0.7142484891946154,14
309951,2024-12-12 18:45:00,1.04973,0.4666666666666667,0.0005695683232992393,0.0006312901652388305,0.9022290456303235,10
309982,2024-12-13 02:30:00,1.04667,0.7333333333333333,0.0002756591255981375,0.0006232560773431058,0.44228870863682845,5
309983,2024-12-13 02:45:00,1.04668,0.9,0.00026907055595533824,0.0006227357188511972,0.4320782441253104,3
309992,2024-12-13 05:00:00,1.04597,0.9333333333333333,0.00018486010536021837,0.0006242980263557373,0.29610874543255633,3
309998,2024-12-13 06:30:00,1.04613,0.3333333333333333,0.0002592786488053951,0.0006221390637071083,0.41675352655151504,3
310018,2024-12-13 11:30:00,1.04943,0.4666666666666667,0.00030659447273709793,0.0006445649645071246,0.47566108867170526,9
310037,2024-12-13 16:15:00,1.04859,0.3333333333333333,0.0003839513807016674,0.0006585864318024524,0.5829931534587647,10
310038,2024-12-13 16:30:00,1.04869,0.6333333333333333,0.00036523775852558596,0.0006146315162977399,0.5942385784666749,12
310040,2024-12-13 17:00:00,1.04889,0.36666666666666664,0.000318468603465651,0.0005787841415783667,0.5502372656534349,12
310053,2024-12-13 20:15:00,1.05011,0.26666666666666666,0.00023262215597225398,0.0004676656193448471,0.49741128351092906,5
310066,2024-12-15 23:30:00,1.04853,0.6,0.00026370869901317387,0.0004729368222425531,0.5575981539410072,10
310067,2024-12-15 23:45:00,1.04974,0.5333333333333333,0.0003113985075082654,0.00048742304664990666,0.6388670163393576,10
310076,2024-12-16 02:00:00,1.05139,0.43333333333333335,0.00017829131227622662,0.0005092613351100032,0.3500978770314749,14
310081,2024-12-16 03:15:00,1.05215,0.3333333333333333,0.00022613401142579484,0.000503156326755584,0.44943092116904443,6
310084,2024-12-16 04:00:00,1.05121,0.6333333333333333,0.00017604715247308822,0.0005082779303131575,0.3463600167818087,15
310093,2024-12-16 06:15:00,1.05168,0.4,0.0001781611157667137,0.0005054810689937998,0.3524585324656323,15
310137,2024-12-16 17:15:00,1.05039,0.7,0.00026052915817299587,0.0004873056005126545,0.5346319802171663,15
310138,2024-12-16 17:30:00,1.04994,0.4666666666666667,0.0003436813103123409,0.00048674100341733966,0.7060866208094306,14
310151,2024-12-16 20:45:00,1.05077,0.6333333333333333,0.0002880610750790603,0.0004857002198904988,0.593084094431754,14
310156,2024-12-16 22:00:00,1.05074,0.6333333333333333,0.00018748092363102148,0.0004810450778267454,0.38973670508805236,15
310160,2024-12-16 23:00:00,1.05097,0.8666666666666667,0.0001380892318688999,0.0004803183143432735,0.28749524585108865,12
310172,2024-12-17 02:00:00,1.05282,0.6333333333333333,0.00021932065768324704,0.0004300575009662519,0.5099798449985828,8
310173,2024-12-17 02:15:00,1.05213,0.3333333333333333,0.00024091956704558516,0.00043577284173631716,0.5528558550956321,9
310181,2024-12-17 04:15:00,1.05166,0.4666666666666667,0.0001860087172631604,0.0004302251316599895,0.4323520491363685,10
310191,2024-12-17 06:45:00,1.05066,0.7333333333333333,0.00014495713254394636,0.00043014325767144307,0.33699733741884935,14
310196,2024-12-17 08:00:00,1.05025,0.7333333333333333,0.00014198587974416572,0.0004342414961421188,0.32697446238002204,15
310198,2024-12-17 08:30:00,1.05061,0.6,0.00018497799390673303,0.0004323709262845312,0.4278224613673589,17
310206,2024-12-17 10:30:00,1.04833,0.43333333333333335,0.0002845160675709066,0.00042408708074630197,0.6708906743167454,12
310231,2024-12-17 16:45:00,1.05,0.6,0.00026312320394527824,0.0003665326577051128,0.7178711048360914,21
310235,2024-12-17 17:45:00,1.04997,0.36666666666666664,0.00017134994850616006,0.0003313191056371942,0.5171749699632298,20
310237,2024-12-17 18:15:00,1.04991,0.7333333333333333,0.0003202820317571699,0.0003351841180920185,0.9555405953609128,21
310249,2024-12-17 21:15:00,1.04871,0.6,0.00020519174951825627,0.0003209796503283583,0.639267160109208,10
310250,2024-12-17 21:30:00,1.04899,0.36666666666666664,0.00021927056696423227,0.0003173277940628846,0.6909907391244133,9
310285,2024-12-18 06:15:00,1.05019,0.16666666666666666,0.00016328418771837796,0.00030216512856706874,0.5403806471405429,14
310286,2024-12-18 06:30:00,1.05001,0.5,0.0001827522229819922,0.0003026109219183688,0.6039181329723807,13
310287,2024-12-18 06:45:00,1.05016,0.3333333333333333,0.0001494820746543687,0.0003025871844332673,0.49401323765361094,16
310289,2024-12-18 07:15:00,1.05053,0.43333333333333335,0.00023802961715171266,0.000304578402492657,0.7815052387289715,15
310293,2024-12-18 08:15:00,1.05106,0.3333333333333333,0.00020904882407141731,0.000301027929781823,0.6944499276958465,10
310309,2024-12-18 12:15:00,1.05003,0.4,0.0002473175493982504,0.0003088345474129372,0.8008092082637585,17
310311,2024-12-18 12:45:00,1.05018,0.5333333333333333,0.00023853357786781233,0.0003061003407883723,0.7792659663607712,17
310318,2024-12-18 14:30:00,1.04866,0.3333333333333333,0.0003711226602863021,0.0003238719051064072,1.1458933437414733,22
310320,2024-12-18 15:00:00,1.04915,0.6,0.0004280669358400554,0.00031574801099662367,1.3557233012772099,24
310334,2024-12-18 18:30:00,1.04743,0.5,0.00029406698600704516,0.00033682762913665303,0.873048884857781,11
310339,2024-12-18 19:45:00,1.04909,0.4,0.00035077738439961943,0.00033551818399399553,1.0454795034474107,22
310343,2024-12-18 20:45:00,1.03906,1.0,0.0011617097016895007,0.000818577021400735,1.4191819111921842,9
310345,2024-12-18 21:15:00,1.03618,1.0,0.0011218702676695817,0.0008392909295117919,1.3366881831097157,7
310363,2024-12-19 01:45:00,1.03731,0.0,0.0003562854169427632,0.0008791619893338369,0.40525571085338846,3
310369,2024-12-19 03:15:00,1.03725,0.8333333333333334,0.00020569552453009337,0.0008780437230071667,0.23426569673047415,2
310392,2024-12-19 09:00:00,1.03944,0.7666666666666667,0.0003108208390756919,0.0009325186767795045,0.3333132588283655,3
310400,2024-12-19 11:00:00,1.04122,0.5,0.00036317948962576586,0.0009433984809224335,0.38496933901213964,4
310401,2024-12-19 11:15:00,1.041,0.43333333333333335,0.0004537380143496362,0.0009433984809224338,0.4809611458203551,4
310410,2024-12-19 13:30:00,1.04001,0.5,0.00033863127300555495,0.0009406228520838006,0.36000749105273294,4
310419,2024-12-19 15:45:00,1.03985,0.8666666666666667,0.000330412568965419,0.0009452281197399454,0.34955854789457946,4
310429,2024-12-19 18:15:00,1.03647,0.43333333333333335,0.0003604832663693225,0.0009803076150372368,0.36772464157144147,6
310438,2024-12-19 20:30:00,1.03648,0.9333333333333333,0.0002620772362785982,0.0009857341886246034,0.26587008881600727,4
310493,2024-12-20 10:15:00,1.03814,0.3333333333333333,0.00039186435755246204,0.0005348071921565316,0.7327208072358311,3
310495,2024-12-20 10:45:00,1.03788,0.8333333333333334,0.00037394547393358827,0.0005304760083444134,0.704924384988968,3
310505,2024-12-20 13:15:00,1.03938,0.5666666666666667,0.000373330999010307,0.0005196974899625214,0.7183621360904211,6
310515,2024-12-20 15:45:00,1.03896,0.8,0.0003232367160792919,0.0005417929287044172,0.5966056383427593,9
310532,2024-12-20 20:00:00,1.04364,0.23333333333333334,0.0003812527147109273,0.0005334905262684559,0.7146382099371686,14
310551,2024-12-23 00:45:00,1.04314,0.16666666666666666,0.00035653915778979296,0.0005439237779475296,0.655494707613586,7
310561,2024-12-23 03:15:00,1.04384,0.7666666666666667,0.00022233910769301697,0.0005405098735223682,0.41135068679520764,10
310567,2024-12-23 04:45:00,1.044,0.43333333333333335,0.00020356647117435327,0.0005379676599411325,0.3783990866600209,9
310588,2024-12-23 10:00:00,1.04177,0.06666666666666667,0.00023157915142861047,0.000509399818095819,0.45461176702864475,4
310589,2024-12-23 10:15:00,1.04174,0.23333333333333334,0.0002844396402737128,0.000508567010373661,0.5592962863728136,4
310598,2024-12-23 12:30:00,1.03983,0.6,0.00039544092632493337,0.0005181932383013116,0.7631147940510138,7
310605,2024-12-23 14:15:00,1.03906,0.7666666666666667,0.00044093741849990923,0.0005299228844298912,0.8320784617072812,8
310616,2024-12-23 17:00:00,1.03904,0.43333333333333335,0.00039685750848229725,0.0004955478757635338,0.8008459482765905,7
310618,2024-12-23 17:30:00,1.03967,0.23333333333333334,0.00031375256940419864,0.0004837022435573381,0.6486481582072844,6
310623,2024-12-23 18:45:00,1.04016,0.9666666666666667,0.00028644059688901944,0.0004653679291251231,0.6155142607861239,5
310625,2024-12-23 19:15:00,1.04076,0.3333333333333333,0.00032491375020482407,0.00046732619886464443,0.6952611494801547,7
310632,2024-12-23 21:00:00,1.04107,0.43333333333333335,0.00022946080974136878,0.0004413186222148658,0.5199436375237542,5
310638,2024-12-23 22:30:00,1.04055,0.8333333333333334,0.00019787850066205266,0.0004411550912192988,0.4485463380126491,4
310641,2024-12-23 23:15:00,1.0403,0.5666666666666667,0.00019411207001880255,0.00042816326709259534,0.45335993285202475,2
310644,2024-12-24 00:00:00,1.04037,0.06666666666666667,0.0002150763600658141,0.00042688269324540955,0.5038301235186627,4
310648,2024-12-24 01:00:00,1.04037,0.7333333333333333,0.00020495539067555462,0.00041483843782486344,0.4940607523020389,4
310651,2024-12-24 01:45:00,1.03989,0.36666666666666664,0.00020793767802810626,0.0004108093598865197,0.5061658723782392,4
310665,2024-12-24 05:15:00,1.03923,0.23333333333333334,0.00018405640855004472,0.00041822509901433367,0.440089341801403,3
310668,2024-12-24 06:00:00,1.0396,0.3333333333333333,0.0002041931919771719,0.00041870717987553107,0.4876754013099855,4
310684,2024-12-24 10:00:00,1.03947,0.6,0.00023638334152553857,0.00040793704338308974,0.5794603489920214,4
310699,2024-12-24 13:45:00,1.03992,0.1,0.0001613407124049509,0.0003726018786636328,0.4330110008666961,4
310706,2024-12-24 15:30:00,1.04065,0.36666666666666664,0.000341024944079532,0.0003953799870372622,0.8625245466645038,12
310710,2024-12-24 16:30:00,1.03948,0.6666666666666666,0.00037421418418102557,0.00039587514560151073,0.9452833509222396,6
310719,2024-12-24 18:45:00,1.03851,1.0,0.0001798868179321289,0.0003799876218992658,0.4734017835449826,2
310723,2024-12-24 19:45:00,1.03896,0.5666666666666667,0.00017704013202871308,0.0003589485717132672,0.49321865576368706,2
310726,2024-12-24 20:30:00,1.03922,0.16666666666666666,0.00017623390229877514,0.0003405160023289157,0.5175495456702354,4
310728,2024-12-24 21:00:00,1.03922,0.8666666666666667,0.00013999409271100546,0.0003316533729664622,0.4221096606340322,4
310735,2024-12-24 22:45:00,1.03909,0.7,0.0002203421468078091,0.0003242624683064962,0.6795178854912665,4
310755,2024-12-26 03:45:00,1.03974,0.3333333333333333,0.00016508949979481083,0.0003383631532951253,0.4879062574842993,4
310778,2024-12-26 09:30:00,1.03943,0.4666666666666667,0.0002276776359730624,0.0003285912770049634,0.6928900792750604,5
310798,2024-12-26 14:30:00,1.03963,0.6666666666666666,0.00027120953795461007,0.00031730637944242247,0.8547245045346559,11
310831,2024-12-26 22:45:00,1.04217,0.3333333333333333,0.00017618093674491198,0.0003084805156701305,0.5711250072380867,7
310834,2024-12-26 23:30:00,1.04183,0.7333333333333333,0.0001659172587403817,0.0003094499136471387,0.5361683795122166,4
310845,2024-12-27 02:15:00,1.04166,0.6,0.00018475957677725248,0.00029502489696222044,0.6262507967282231,8
310850,2024-12-27 03:30:00,1.04091,0.43333333333333335,0.00017560519062951698,0.00029715376004085456,0.5909573232570696,8
310857,2024-12-27 05:15:00,1.04103,0.16666666666666666,0.00012369495064698047,0.00029696344389761015,0.416532584022797,4
310874,2024-12-27 09:30:00,1.04133,0.5,0.0002073266208331872,0.00034555261765793977,0.599985675809345,10
310877,2024-12-27 10:15:00,1.04114,0.26666666666666666,0.0002144461745712372,0.00034709710509786264,0.617827609108912,10
310888,2024-12-27 13:00:00,1.04384,0.5333333333333333,0.0004776406051974083,0.0003708981424849302,1.2877945464955114,13
310897,2024-12-27 15:15:00,1.04333,0.6666666666666666,0.00037449444988768045,0.0003627019419636787,1.0325129439896483,12
310904,2024-12-27 17:00:00,1.04216,0.5333333333333333,0.00050042645824565,0.00038404138704119977,1.303053460204185,21
310919,2024-12-27 20:45:00,1.04272,0.1,0.0001210805047132106,0.0003635542836657622,0.3330465632046502,8
310933,2024-12-30 00:15:00,1.0432,0.16666666666666666,0.00016826320446026365,0.0003620779174772556,0.4647154558129973,11
310952,2024-12-30 05:00:00,1.04241,0.7333333333333333,0.00011091848694187067,0.00037008601266424925,0.29971002184970047,7
310965,2024-12-30 08:15:00,1.04253,0.8,0.00014792049648087736,0.00036888684212870647,0.40099152256904613,10
310967,2024-12-30 08:45:00,1.04254,0.43333333333333335,0.00013921277693980917,0.00036860594102815686,0.3776737199392428,8
310972,2024-12-30 10:00:00,1.0412,0.7666666666666667,0.00024582987709145343,0.0003527298760707884,0.6969352293881637,19
310973,2024-12-30 10:15:00,1.04141,0.7333333333333333,0.00018891956671186804,0.00033585012520672504,0.5625115268174541,14
310987,2024-12-30 13:45:00,1.04476,0.13333333333333333,0.0002884229179728346,0.00038614189187017033,0.7469350620724906,12
311006,2024-12-30 18:30:00,1.0391,0.4666666666666667,0.0002753500324376916,0.0006350020707317979,0.4336206842922085,15
311011,2024-12-30 19:45:00,1.04025,0.6,0.00023278111262644408,0.0006352220801523886,0.366456267657762,20
311022,2024-12-30 22:30:00,1.03996,0.7333333333333333,0.00017610395195154525,0.0006356264127922119,0.27705574911204034,8
311023,2024-12-30 22:45:00,1.04034,0.2,0.00017927176550782854,0.0006367988571046052,0.28152023752514377,14
311035,2024-12-31 01:45:00,1.03984,0.6,0.0001915058450450868,0.0006385455299642644,0.2999094599500277,12
311056,2024-12-31 07:00:00,1.04035,0.5666666666666667,0.0002291111879049492,0.0006382456697427661,0.35897021909649385,15
311063,2024-12-31 08:45:00,1.04103,0.26666666666666666,0.00012697706963230162,0.0006402404277503599,0.19832716605926679,11
311084,2024-12-31 14:00:00,1.03923,0.6666666666666666,0.0004367581633357386,0.0006300430375460616,0.6932195696294918,17
311088,2024-12-31 15:00:00,1.03925,0.6333333333333333,0.0004076091886349112,0.0006107253812282442,0.6674181246817658,19
311094,2024-12-31 16:30:00,1.03748,0.6333333333333333,0.00033500080874973576,0.00041562469040855787,0.806017583845731,18
311111,2024-12-31 20:45:00,1.03555,0.3333333333333333,0.0003002986140134651,0.00039176754329421393,0.7665224420797501,13
311117,2024-12-31 22:15:00,1.03592,0.13333333333333333,0.00014032177409463025,0.0003868438159582144,0.3627349547957808,6
311123,2025-01-01 23:45:00,1.03555,0.4666666666666667,0.00015563445404626438,0.00039365135805015367,0.3953611510885111,8
311124,2025-01-02 00:00:00,1.03549,0.3,0.00015756488511529417,0.00038849453966071935,0.405578120230207,9
311138,2025-01-02 03:30:00,1.03627,0.13333333333333333,0.00019963945138220664,0.00038894904427829775,0.5132791925292974,4
311152,2025-01-02 07:00:00,1.03633,0.8333333333333334,0.0002748409672911036,0.00039682949178001,0.6925920905179772,5
311157,2025-01-02 08:15:00,1.03673,0.36666666666666664,0.00031557358688331797,0.00039941603633891895,0.7900874230686681,8
311160,2025-01-02 09:00:00,1.03624,0.4666666666666667,0.00024641911898223775,0.0004016755032069428,0.6134780862035365,7
311165,2025-01-02 10:15:00,1.03622,0.26666666666666666,0.0002226022650846579,0.00042175528769865326,0.527799583259069,5
311181,2025-01-02 14:15:00,1.03171,0.7333333333333333,0.00032067820552350996,0.0005085642016393481,0.6305559936971756,8
311199,2025-01-02 18:45:00,1.02635,0.1,0.0002836759369626207,0.0006030381875193033,0.47041123237911064,3
311210,2025-01-02 21:30:00,1.02618,0.7333333333333333,0.0003384839609271459,0.000598947415326158,0.5651313492067143,3
311224,2025-01-03 01:00:00,1.02671,0.06666666666666667,0.00028093398568824145,0.0006013195027379566,0.46719586577365185,6
311234,2025-01-03 03:30:00,1.0271,0.1,0.00025142274352112857,0.0005976816414753557,0.42066331985787714,4
311245,2025-01-03 06:15:00,1.02658,0.3,0.00024864669296290775,0.0005912682669082675,0.4205310970992531,4
311246,2025-01-03 06:30:00,1.02712,0.7333333333333333,0.00022488786944796458,0.0005940081043194112,0.37859394141706426,2
311248,2025-01-03 07:00:00,1.02712,0.8666666666666667,0.0002753828500604581,0.0005929215837607327,0.4644507091709887,3
311249,2025-01-03 07:15:00,1.0274,0.0,0.0001615762710571289,0.0005940806882027884,0.2719769793324356,2
311256,2025-01-03 09:00:00,1.028,0.8,0.00036617860055251016,0.00059660718111527,0.6137683422918121,3
311265,2025-01-03 11:15:00,1.02847,0.3333333333333333,0.0003253825520608208,0.0006021704612157428,0.5403495737799804,4
311303,2025-01-03 20:45:00,1.0305,0.8,0.0002622893629654953,0.00042208327422267876,0.6214161493334112,6
311316,2025-01-06 00:00:00,1.03009,0.7,0.0002648119569261139,0.00040309523286500263,0.6569463871948095,7
311322,2025-01-06 01:30:00,1.02968,0.9,0.00030954990060977843,0.00041396995711689874,0.7477593368505394,6
311335,2025-01-06 04:45:00,1.03145,0.1,0.0002264802590394312,0.0004201141127938859,0.5390922421845554,5
311339,2025-01-06 05:45:00,1.03156,0.03333333333333333,0.00017188417163556473,0.000420101216541415,0.4091494260612783,5
311346,2025-01-06 07:30:00,1.03086,0.8333333333333334,0.00015146079721658736,0.00042072410747998924,0.3600002817138099,4
311350,2025-01-06 08:30:00,1.03187,0.16666666666666666,0.0002798236746131311,0.0004288163486521217,0.6525489886117628,3
311357,2025-01-06 10:15:00,1.03567,0.23333333333333334,0.00044419652369220776,0.0004649897282772201,0.9552824432013781,9
311362,2025-01-06 11:30:00,1.03445,0.7666666666666667,0.0003959271795750587,0.00045898018466743206,0.8626236879091844,16
311372,2025-01-06 14:00:00,1.04104,0.36666666666666664,0.0005915499180008267,0.0007316418006906714,0.8085239490723498,12
311379,2025-01-06 15:45:00,1.03679,0.6,0.0006963174202929306,0.0008602590470300904,0.8094276052043363,17
311382,2025-01-06 16:30:00,1.03801,0.26666666666666666,0.000543767741783974,0.0008947256714435175,0.6077480049350535,15
311394,2025-01-06 19:30:00,1.03853,0.1,0.00033309390059994896,0.0008945013242698171,0.3723794381991039,3
311428,2025-01-07 04:00:00,1.03817,0.8333333333333334,0.00018210495789392072,0.0008867783138878614,0.20535567350032086,2
311442,2025-01-07 07:30:00,1.04001,0.7,0.00025457757239295484,0.0008929045656798128,0.28511173778032173,5
311453,2025-01-07 10:15:00,1.0426,0.3,0.00044388789148889666,0.0009092903821561543,0.4881695662900643,7
311454,2025-01-07 10:30:00,1.04242,0.26666666666666666,0.00042865339215617584,0.000907493849695939,0.47234853690721823,8
311475,2025-01-07 15:45:00,1.03921,0.5,0.0004896512803380522,0.0006297639011297675,0.7775156363514013,7
311485,2025-01-07 18:15:00,1.03628,0.5,0.00027983689011856604,0.0005622136564423429,0.49774118239915854,13
311492,2025-01-07 20:00:00,1.0354,0.4666666666666667,0.0003474079175306141,0.0005552716078771273,0.6256540269703289,13
311500,2025-01-07 22:00:00,1.03438,0.8333333333333334,0.00034326141867429817,0.000554547736007534,0.6189934542797136,14
311501,2025-01-07 22:15:00,1.03425,0.8333333333333334,0.00020461378079594182,0.0005542720158959479,0.36915769681281085,12
311504,2025-01-07 23:00:00,1.03395,0.8,0.0002499231700298447,0.0005546795664954814,0.45057215936199563,11
311515,2025-01-08 01:45:00,1.03483,0.7,0.00023304807826979757,0.0005558292438800069,0.41927998721871546,11
311548,2025-01-08 10:00:00,1.03185,0.6333333333333333,0.0004126006530350899,0.0005253836083519573,0.7853321772435019,10
311551,2025-01-08 10:45:00,1.03222,0.6333333333333333,0.0002613045722577347,0.0005101721922531721,0.5121889750668002,4
311553,2025-01-08 11:15:00,1.03138,0.8,0.0003223393340096481,0.0005117357344290691,0.6298941276189636,7
311558,2025-01-08 12:30:00,1.03,0.8666666666666667,0.0004598235609667942,0.0005224592979247023,0.8801136524764551,11
311563,2025-01-08 13:45:00,1.0292,0.2,0.00045705873291401153,0.0005520816271609503,0.8278825275610261,7
311565,2025-01-08 14:15:00,1.02876,0.7,0.0006024054851478969,0.0005609209780694742,1.0739578455796042,9
311581,2025-01-08 18:15:00,1.03035,0.9333333333333333,0.0003297921869938455,0.0004908138910892307,0.6719292036783221,7
311583,2025-01-08 18:45:00,1.03043,0.26666666666666666,0.0002807927136871262,0.0004745669332187759,0.5916820031742086,5
311596,2025-01-08 22:00:00,1.03157,0.43333333333333335,0.00015652081466133034,0.0004876955131844466,0.3209396240685407,4
311597,2025-01-08 22:15:00,1.03169,0.6,0.00020439791400908222,0.000487400480765183,0.41936338201429857,5
311602,2025-01-08 23:30:00,1.03173,0.36666666666666664,0.0001805490245201265,0.00048747805446641484,0.37037364629214414,4
311603,2025-01-08 23:45:00,1.03173,0.2,0.00017912407047043617,0.000487475647481025,0.3674523463808694,4
311605,2025-01-09 00:15:00,1.03152,0.43333333333333335,0.0001411689236190401,0.0004876477483771337,0.2894895425824131,3
311611,2025-01-09 01:45:00,1.0308,0.7666666666666667,0.00017579362348739652,0.0004873759878526509,0.36069405934816895,4
311612,2025-01-09 02:00:00,1.03126,0.16666666666666666,0.00018195458597143353,0.00048795143445583484,0.372894868470568,4
311620,2025-01-09 04:00:00,1.03159,0.5,0.00018611445799726528,0.000486587873247985,0.3824888950785951,4
311621,2025-01-09 04:15:00,1.03198,0.0,0.00014566962903682316,0.00048837279713423,0.2982754770364199,4
311623,2025-01-09 04:45:00,1.03177,0.6,0.00014502163559902863,0.0004884679296265429,0.296890802452281,4
311628,2025-01-09 06:00:00,1.03086,0.7,0.0002194404862887645,0.0004914686298650301,0.44649947718744215,4
311660,2025-01-09 14:00:00,1.0303,0.4666666666666667,0.00039745703258853304,0.0004331580488883831,0.9175797000852925,10
311664,2025-01-09 15:00:00,1.03074,0.26666666666666666,0.00041577815227203635,0.00042385436797621155,0.9809457768649715,11
311694,2025-01-09 22:30:00,1.03,0.8666666666666667,0.00013967626071840822,0.0003205656731163227,0.435718083475907,4
311699,2025-01-09 23:45:00,1.02977,0.23333333333333334,0.0001490915766839553,0.0003191798041429108,0.4671084283803886,2
311717,2025-01-10 04:15:00,1.03021,0.16666666666666666,0.00022155881143943017,0.0003186119587317791,0.6953876192260181,4
311725,2025-01-10 06:15:00,1.02949,0.23333333333333334,0.00018124536092268553,0.00030688780437984663,0.5905916049317858,4
311726,2025-01-10 06:30:00,1.02943,0.8,0.00021040781692693354,0.00030652113899724294,0.686438193513388,6
311727,2025-01-10 06:45:00,1.02922,0.5,0.0002165370903133589,0.000306848304627613,0.7056812341725186,6
311728,2025-01-10 07:00:00,1.02851,0.9,0.000297559280321835,0.00031384600745632386,0.9481059922778996,10
311731,2025-01-10 07:45:00,1.02836,0.36666666666666664,0.00024892622110038416,0.00031552047167191237,0.7889384158858164,7
311751,2025-01-10 12:45:00,1.03018,0.6666666666666666,0.00018346743465460464,0.0002670401807153953,0.687040557578635,4
311760,2025-01-10 15:00:00,1.02556,0.9,0.0008530259987842681,0.0005963495899087425,1.43041265261003,8
311762,2025-01-10 15:30:00,1.02604,0.8333333333333334,0.0005931656486803123,0.0005984158763478594,0.9912264565913769,6
311764,2025-01-10 16:00:00,1.02522,0.9,0.00057686575648067,0.0006347956311420139,0.9087424805411364,8
311794,2025-01-12 23:30:00,1.0239,0.26666666666666666,0.000244709210027532,0.0006879882438613662,0.3556880691072425,2
311803,2025-01-13 01:45:00,1.02397,0.3,0.00025762828561558417,0.0006912205571204053,0.37271502266780426,2
311807,2025-01-13 02:45:00,1.02413,0.8,0.00028608182595464093,0.0006911387325847063,0.4139282208721801,3
311834,2025-01-13 09:30:00,1.02235,0.8,0.00040246711457617715,0.0007308272284982878,0.5507007660390147,3
311835,2025-01-13 09:45:00,1.02187,0.36666666666666664,0.000363591683134339,0.0007299960515524059,0.498073492810169,3
311837,2025-01-13 10:15:00,1.02206,0.7666666666666667,0.00031862124971866236,0.0007292659554596383,0.43690679282819844,3
311854,2025-01-13 14:30:00,1.02082,0.13333333333333333,0.0004944577828214691,0.0008312839814715701,0.5948121145630179,4
311857,2025-01-13 15:15:00,1.02057,0.5,0.000516251879493084,0.0008323404553479319,0.6202412440439198,4
311858,2025-01-13 15:30:00,1.021,0.3,0.0005258312996220629,0.000647252865431278,0.8124047458201527,4
311861,2025-01-13 16:15:00,1.02011,0.5,0.000542141910466824,0.0006461345748269922,0.839054171666927,4
311887,2025-01-13 22:45:00,1.02269,0.23333333333333334,0.0002899739906335057,0.0005698951585919623,0.5088198877666258,7
311889,2025-01-13 23:15:00,1.02485,0.5666666666666667,0.0005757708081326771,0.0005944258984603001,0.9686166259310975,7
311902,2025-01-14 02:30:00,1.02451,0.6333333333333333,0.0003384899453666844,0.0006133716600792954,0.5518512957102144,7
311907,2025-01-14 03:45:00,1.02405,0.26666666666666666,0.0002757360803392275,0.0006179465453127799,0.446213483076697,5
311915,2025-01-14 05:45:00,1.02516,0.5666666666666667,0.00021872114534990123,0.0006057056199432357,0.3611013966989424,3
311930,2025-01-14 09:30:00,1.02659,0.7333333333333333,0.0003136650408128561,0.0005988124833069791,0.5238117934359375,11
311938,2025-01-14 11:30:00,1.02591,0.7333333333333333,0.00022310059939024534,0.000472118186562936,0.4725524365295866,4
311948,2025-01-14 14:00:00,1.02474,0.7333333333333333,0.0004218726902771926,0.0004683917348369358,0.9006834640753468,8
311953,2025-01-14 15:15:00,1.02507,0.36666666666666664,0.0004773048293803445,0.000478322516032805,0.9978723839703363,7
311965,2025-01-14 18:15:00,1.02825,0.6333333333333333,0.0003272684721060081,0.000549056123053591,0.5960565019945417,16
311968,2025-01-14 19:00:00,1.02878,0.43333333333333335,0.0002459791836706584,0.0005376457502481811,0.4575116302083903,14
311976,2025-01-14 21:00:00,1.02976,0.3333333333333333,0.0003450435704942809,0.0005399772316240612,0.6389965174207651,6
311977,2025-01-14 21:15:00,1.0298,0.26666666666666666,0.0002360339315915114,0.0005397742577803378,0.4372826754690585,7
312027,2025-01-15 09:45:00,1.02971,0.7666666666666667,0.0003418450899016996,0.0004955528583767387,0.6898256848350485,8
312029,2025-01-15 10:15:00,1.03008,0.5666666666666667,0.00024288337294215293,0.0004910272543493091,0.4946433640715379,4
312036,2025-01-15 12:00:00,1.03072,0.23333333333333334,0.00025656578772181567,0.00048287586934257147,0.531328658172806,5
312047,2025-01-15 14:45:00,1.03286,0.16666666666666666,0.0007153806404711152,0.0005499494555250253,1.300811616929698,21
312064,2025-01-15 19:00:00,1.02848,0.5,0.0003422504919513295,0.0005418371820800941,0.6316482206655544,12
312078,2025-01-15 22:30:00,1.02899,0.5333333333333333,0.00018968360678202023,0.0005320123294260754,0.35653987001889076,4
312130,2025-01-16 11:30:00,1.0292,0.3333333333333333,0.0002997602073268651,0.000539178710890286,0.5559570533337719,6
312166,2025-01-16 20:30:00,1.03007,0.5,0.0001995211556627573,0.00046376517213368474,0.43022022275800265,6
312207,2025-01-17 06:45:00,1.02891,0.9,0.00027871008248644535,0.00044614022218037445,0.6247140890465663,5
312209,2025-01-17 07:15:00,1.02889,0.43333333333333335,0.0002191569501075132,0.00044884044961351194,0.4882736177103136,6
312214,2025-01-17 08:30:00,1.02812,0.5333333333333333,0.00019706682598989795,0.0004508483993042276,0.4371021973107182,12
312238,2025-01-17 14:30:00,1.02859,0.8,0.00027693323061120536,0.0004304690247476818,0.6433290543344645,10
312240,2025-01-17 15:00:00,1.02899,0.5333333333333333,0.0003348112184609545,0.00043652311900421276,0.7669953866927339,11
312242,2025-01-17 15:30:00,1.02786,0.4666666666666667,0.0004375096925034417,0.00043870897499173915,0.9972663370100416,20
312264,2025-01-17 21:00:00,1.02759,0.7,0.00023687556310677334,0.0004998723436671458,0.47387211176560645,12
312271,2025-01-17 22:45:00,1.02718,0.3333333333333333,0.00015345358503973425,0.00049998318510652,0.30691749164932697,12
312277,2025-01-20 00:15:00,1.02707,0.5,0.0002701543646608841,0.000508971667131955,0.5307846823443011,14
312283,2025-01-20 01:45:00,1.0284,0.4666666666666667,0.00022957736895947404,0.0005311942295038946,0.4321910069954757,11
312287,2025-01-20 02:45:00,1.02847,0.6,0.0002382974848254729,0.0005312097491308836,0.44859395975949856,7
312288,2025-01-20 03:00:00,1.02901,0.5333333333333333,0.00024150865970147507,0.0005340809154448827,0.4521948879231181,7
312289,2025-01-20 03:15:00,1.029,0.2,0.00023896107165504135,0.0005338564927215517,0.4476129351482448,7
312293,2025-01-20 04:15:00,1.02942,0.6666666666666666,0.0002212574526856554,0.0005357932442382877,0.41295304684217665,7
312342,2025-01-20 16:30:00,1.04027,0.6333333333333333,0.0006896586547216582,0.0009329192312365702,0.7392479773490425,9
312354,2025-01-20 19:30:00,1.03855,0.26666666666666666,0.000475536488208314,0.0009367063977709073,0.5076686668735844,4
312371,2025-01-20 23:45:00,1.04129,0.13333333333333333,0.000441301560905231,0.0009685474352204067,0.45563236745839564,6
312376,2025-01-21 01:00:00,1.04205,0.13333333333333333,0.0004303286991776946,0.000966662117507222,0.44516971481969714,5
312390,2025-01-21 04:30:00,1.03964,0.6666666666666666,0.0006490500806409823,0.0011745856389911151,0.55257791266584,4
312395,2025-01-21 05:45:00,1.03902,0.8333333333333334,0.0004652425189536905,0.0011784995968889317,0.39477528900464914,3
312399,2025-01-21 06:45:00,1.03817,0.9,0.0003428370504540053,0.0011796284384200508,0.29063138806079325,5
312432,2025-01-21 15:00:00,1.03774,0.2,0.00049346179195839,0.001202536583760402,0.4103507524197777,11
312433,2025-01-21 15:15:00,1.03827,0.5333333333333333,0.0005930347422161752,0.0012028178153268634,0.4930378771077806,10
312434,2025-01-21 15:30:00,1.03933,0.5333333333333333,0.0008384921800060055,0.0010086988449786512,0.83126116796907,10
312435,2025-01-21 15:45:00,1.03947,0.2,0.0007303825846630866,0.000993434831281697,0.7352093581425678,11
312442,2025-01-21 17:30:00,1.04151,0.03333333333333333,0.00042215686612076894,0.0009202563932976307,0.45873831379537544,3
312450,2025-01-21 19:30:00,1.04261,0.13333333333333333,0.00048431056011258604,0.0008616951187666987,0.5620439869797053,3
312466,2025-01-21 23:30:00,1.04234,0.06666666666666667,0.0002036322735518452,0.000822889610761266,0.24746001272693463,2
312467,2025-01-21 23:45:00,1.04275,0.43333333333333335,0.000404232773931426,0.0008237967204528776,0.49069480843429586,2
312471,2025-01-22 00:45:00,1.04042,0.7666666666666667,0.00039959797030593837,0.000889231889744972,0.44937431384803506,9
312501,2025-01-22 08:15:00,1.04122,0.06666666666666667,0.0002836557729934722,0.0005893639125759128,0.4812913837118183,8
312504,2025-01-22 09:00:00,1.04111,0.4666666666666667,0.0004244176750191291,0.0005841381216534794,0.7265707531940551,9
312517,2025-01-22 12:15:00,1.04551,0.43333333333333335,0.0005419281392474507,0.0005538254050950033,0.9785180207731501,3
312530,2025-01-22 15:30:00,1.04204,0.3,0.00042991680817083193,0.0005807140371820813,0.7403244637532891,10
312545,2025-01-22 19:15:00,1.04139,0.43333333333333335,0.00020586748752754927,0.0005458697260151243,0.377136664145843,2
312551,2025-01-22 20:45:00,1.04194,0.26666666666666666,0.0001991857919888019,0.0005425767518798123,0.3671108120624455,4
312557,2025-01-22 22:15:00,1.04106,1.0,0.00017606621095041326,0.0005410432356838998,0.32541985434465087,2
312562,2025-01-22 23:30:00,1.04075,0.9333333333333333,8.879175946638576e-05,0.0005402216061361839,0.16436173314401337,2
312567,2025-01-23 00:45:00,1.04071,0.9333333333333333,0.00023370565991879085,0.0005365206260768553,0.4355949213503547,5
312573,2025-01-23 02:15:00,1.04144,0.0,0.00014678223170061345,0.00040652461051352115,0.36106604103303463,3
312579,2025-01-23 03:45:00,1.04035,0.5,0.00017237600801759805,0.00040916006398898386,0.42129235765844214,3
312581,2025-01-23 04:15:00,1.04044,0.5666666666666667,0.00021326629713743758,0.00040738724941086435,0.5234977222430225,4
312602,2025-01-23 09:30:00,1.03953,0.23333333333333334,0.000377246882790547,0.0003955681429265967,0.9536836813993652,3
312606,2025-01-23 10:30:00,1.04037,1.0,0.0002486259807193104,0.0003980108945447469,0.6246712944973376,6
312645,2025-01-23 20:15:00,1.04205,0.5,0.00024427741995183686,0.0003943755161647692,0.6194031067835821,4
312651,2025-01-23 21:45:00,1.04172,1.0,0.00025457305082633215,0.0004008452960076973,0.6350905283454884,5
312655,2025-01-23 22:45:00,1.04157,1.0,8.271192385463114e-05,0.0003962858118183237,0.2087178530947513,2
312656,2025-01-23 23:00:00,1.04126,1.0,6.240598401175252e-05,0.0003973980519744572,0.15703646180873496,2
312659,2025-01-23 23:45:00,1.04162,1.0,0.00014616040311496136,0.0003964956945958952,0.3686304923535846,4
312661,2025-01-24 00:15:00,1.04146,0.9666666666666667,0.00018926013531869713,0.00039677243408862235,0.4769992042250202,5
312678,2025-01-24 04:30:00,1.04403,0.36666666666666664,0.0002622520082075368,0.00043453455978154375,0.6035239368288229,5
312695,2025-01-24 08:45:00,1.04526,0.03333333333333333,0.00024123687273772546,0.0004704131392504271,0.5128191638569467,5
312707,2025-01-24 11:45:00,1.04892,0.23333333333333334,0.0003576388181008038,0.0005175503467216608,0.6910222751587536,4
312712,2025-01-24 13:00:00,1.04859,0.13333333333333333,0.00038791463462558434,0.0005146465340351578,0.753749630030704,11
312714,2025-01-24 13:30:00,1.04865,0.03333333333333333,0.0003238787040512961,0.0005229370291102566,0.619345515849881,7
312716,2025-01-24 14:00:00,1.04733,0.4666666666666667,0.000487316504503762,0.000522885985762413,0.9319746900334543,9
312717,2025-01-24 14:15:00,1.04724,0.5333333333333333,0.0003958290160086782,0.0005229234492564601,0.75695403709951,9
312732,2025-01-24 18:00:00,1.05143,0.2,0.0006002871230348851,0.000544683592835751,1.102084092362043,3
312753,2025-01-26 23:15:00,1.048,0.26666666666666666,0.0003964036628610096,0.0005205985543686574,0.7614382704956568,5
312764,2025-01-27 02:00:00,1.04722,0.13333333333333333,0.00028642505031087855,0.000531200279907436,0.5392035003460265,6
312778,2025-01-27 05:30:00,1.0463,0.43333333333333335,0.00017209955063513823,0.0005065717090789169,0.33973383738318375,5
312779,2025-01-27 05:45:00,1.04634,0.26666666666666666,0.00022075288279525178,0.0005058445878593765,0.43640455605036643,5
312783,2025-01-27 06:45:00,1.04601,0.5666666666666667,0.00021114975932341582,0.0005063176628931432,0.4170302061296612,5
312787,2025-01-27 07:45:00,1.04584,0.8666666666666667,0.00030925021292240113,0.0005030243600314199,0.6147817829400644,5
312795,2025-01-27 09:45:00,1.0478,0.3,0.0003950781475076237,0.0005197237577884602,0.7601694969434702,11
312804,2025-01-27 12:00:00,1.05052,0.5,0.0006320575338168768,0.0004871426782583433,1.297479284871201,6
312846,2025-01-27 22:30:00,1.04896,0.1,0.00018464389759248318,0.00046829762223780285,0.3942874975750368,4
312885,2025-01-28 08:15:00,1.04396,0.3,0.00022440544404257555,0.0005736872043792949,0.39116341157612655,14
312891,2025-01-28 09:45:00,1.04326,0.36666666666666664,0.00033009324561158234,0.0005583566665902796,0.591187076940202,13
312899,2025-01-28 11:45:00,1.04339,0.9666666666666667,0.0002132763262552579,0.0005383183199658565,0.3961899834075593,14
312908,2025-01-28 14:00:00,1.04199,0.7,0.00033237997515670934,0.0005358766835927518,0.6202545946360057,9
312917,2025-01-28 16:15:00,1.04369,0.26666666666666666,0.0001728162351328373,0.0005296949664417425,0.32625614000778724,13
312921,2025-01-28 17:15:00,1.04282,0.5,0.00030900092192731886,0.0005349905382649786,0.5775820315055216,13
312939,2025-01-28 21:45:00,1.04318,0.43333333333333335,0.00019937376999381483,0.000520285998909396,0.38320033676042536,8
312943,2025-01-28 22:45:00,1.04305,0.4,0.00017309458785671293,0.0005176915987035323,0.334358502803982,9
312948,2025-01-29 00:00:00,1.0428,0.36666666666666664,0.00036348193302008965,0.0005166992396695253,0.7034690688776093,15
312953,2025-01-29 01:15:00,1.04332,0.3,0.000179443505375417,0.0004189864897633615,0.4282799320731428,13
312962,2025-01-29 03:30:00,1.04296,0.5,0.00022028256304002574,0.0003981504530795134,0.5532646298308589,6
312968,2025-01-29 05:00:00,1.04369,0.0,0.00018058257864167398,0.000367915257318441,0.4908265559788261,10
312979,2025-01-29 07:45:00,1.04421,0.06666666666666667,0.00014922878551444809,0.00036319175962536555,0.4108815289982858,15
312998,2025-01-29 12:30:00,1.04055,0.36666666666666664,0.00035498545887340655,0.0003840813425647688,0.9242455165953402,12
313004,2025-01-29 14:00:00,1.04038,0.16666666666666666,0.0003347908088830195,0.00037300394866519583,0.897552988597244,7
313031,2025-01-29 20:45:00,1.04224,0.13333333333333333,0.0005845052234992135,0.0005176902585086197,1.1290635933213746,16
313040,2025-01-29 23:00:00,1.04182,0.6666666666666666,0.00021784353255158644,0.0005266079054990287,0.4136731148104426,7
313042,2025-01-29 23:30:00,1.04203,0.16666666666666666,0.00016544745291689647,0.0005269493958136765,0.313972184485428,4
313043,2025-01-29 23:45:00,1.04199,0.1,0.000153984682365507,0.0005260892325684224,0.29269689024756834,4
313062,2025-01-30 04:30:00,1.04246,0.4,0.0001542296038388896,0.0005258598470281381,0.29329032195652116,5
313067,2025-01-30 05:45:00,1.04191,0.2,0.00028289310388421144,0.0005281279684953545,0.5356525705127465,8
313078,2025-01-30 08:30:00,1.04142,0.26666666666666666,0.0002735384288508854,0.0005269453877676741,0.5191020458679605,8
313116,2025-01-30 18:00:00,1.04193,0.5333333333333333,0.0003340147056432286,0.0006444735435626649,0.5182752790700879,10
313118,2025-01-30 18:30:00,1.04148,0.6666666666666666,0.0003190749987913785,0.0006490560277593204,0.49159854487892723,9
313137,2025-01-30 23:15:00,1.03897,0.3333333333333333,0.000237300902131987,0.0007361722465387002,0.32234426555431445,3
313155,2025-01-31 03:45:00,1.03926,0.26666666666666666,0.0002547863387681178,0.0007403078609654663,0.34416268177382353,3
313165,2025-01-31 06:15:00,1.03888,0.16666666666666666,0.00022376076640313782,0.0007380391214020761,0.3031827987357262,3
313193,2025-01-31 13:15:00,1.03755,0.4,0.0003617369460390737,0.000762207992863682,0.4745908589596344,4
313212,2025-01-31 18:00:00,1.03993,0.43333333333333335,0.0003873120706584079,0.0006653566713057172,0.5821119519224695,9
313224,2025-01-31 21:00:00,1.0376,0.4,0.0005058737227985559,0.0008149870410966074,0.6207138240110868,8
313234,2025-02-02 23:30:00,1.0249,1.0,0.0008488159503764654,0.0012684519662866346,0.6691746892563505,7
313257,2025-02-03 05:15:00,1.02313,0.7333333333333333,0.00046939375860113625,0.0013112945817996408,0.35796209724052475,3
313261,2025-02-03 06:15:00,1.02337,0.0,0.00026607513427734375,0.001316162507654906,0.20215978857460956,2
313263,2025-02-03 06:45:00,1.02362,0.0,0.00012445077611686545,0.0013171120005673574,0.09448761841305614,3
313267,2025-02-03 07:45:00,1.02472,0.06666666666666667,0.0005138482929563491,0.0013203883618000132,0.38916451236804894,8
313270,2025-02-03 08:30:00,1.02327,0.03333333333333333,0.0002418544432190691,0.00132253797805492,0.18287145415269565,4
313303,2025-02-03 16:45:00,1.03275,0.36666666666666664,0.0013158369619837456,0.0014678619597163689,0.8964309983467392,16
313305,2025-02-03 17:15:00,1.0317,0.06666666666666667,0.0005767345105543273,0.001471060473412669,0.39205357018150194,12
313311,2025-02-03 18:45:00,1.02841,0.7333333333333333,0.0005209407827625532,0.0014827734418615057,0.3513286440499993,4
313313,2025-02-03 19:15:00,1.02825,0.06666666666666667,0.0004951197243821343,0.0014565933815431106,0.33991622552726825,4
313316,2025-02-03 20:00:00,1.02783,0.26666666666666666,0.0006027350599550595,0.0014553876419875782,0.41414056473086636,4
313321,2025-02-03 21:15:00,1.02913,0.4666666666666667,0.0005860309062571793,0.0014165061397374517,0.41371575443068653,5
313322,2025-02-03 21:30:00,1.02949,0.06666666666666667,0.0005770973832971227,0.0014170555687948712,0.40725106058325766,6
313357,2025-02-04 06:15:00,1.02786,0.6333333333333333,0.0007989647811885341,0.0009621464033394674,0.8303983452159109,5
313358,2025-02-04 06:30:00,1.02857,0.26666666666666666,0.0006126546509210239,0.0009643339173188184,0.635313805641531,4
313360,2025-02-04 07:00:00,1.02927,0.6333333333333333,0.0006402007003365802,0.0009639061096738339,0.6641732985313383,5
313361,2025-02-04 07:15:00,1.02965,0.16666666666666666,0.0005539827392824244,0.0009636035824422516,0.5749073056353279,8
313365,2025-02-04 08:15:00,1.03045,0.6,0.00041049323115758304,0.0009674271730574442,0.42431434901736903,8
313369,2025-02-04 09:15:00,1.03192,0.43333333333333335,0.0005364185359995328,0.000967484070141195,0.5544468922586474,5
313402,2025-02-04 17:30:00,1.03777,0.2,0.00045258083184197546,0.0007490482210276993,0.6042078722529125,14
313403,2025-02-04 17:45:00,1.03818,0.1,0.0004102202713585369,0.0007399772220509066,0.5543687820843706,5
313407,2025-02-04 18:45:00,1.03723,0.03333333333333333,0.00027535089306416347,0.0006735224620508685,0.40882213820415586,11
313408,2025-02-04 19:00:00,1.03764,0.1,0.0002589631881804452,0.0006715236905217541,0.3856352230540645,8
313414,2025-02-04 20:30:00,1.03793,0.3,0.00025272538214045635,0.0006701889199697109,0.3770957331730853,5
313423,2025-02-04 22:45:00,1.03797,0.13333333333333333,0.0002287698551542511,0.0006563843572530459,0.34853032773609643,5
313429,2025-02-05 00:15:00,1.03785,0.1,0.00020943142651973307,0.000544683124534285,0.38450140473656336,7
313435,2025-02-05 01:45:00,1.0378,0.4666666666666667,0.0002474651461191263,0.000539268286351817,0.4588905974672517,4
313442,2025-02-05 03:30:00,1.03827,0.4,0.000321913065689121,0.0005463635523285986,0.5891920577738563,3
313458,2025-02-05 07:30:00,1.0393,0.36666666666666664,0.00037628354883864444,0.0004646012494469265,0.809906450502624,4
313460,2025-02-05 08:00:00,1.03848,0.26666666666666666,0.0002804162212501356,0.0004702388749674459,0.5963271779040993,5
313469,2025-02-05 10:15:00,1.04085,0.3,0.00032946630010635377,0.00046413658893304575,0.7098477214729587,6
313504,2025-02-05 19:00:00,1.04194,0.5666666666666667,0.0002551746228179011,0.00043604765495538366,0.5851989339192996,4
313507,2025-02-05 19:45:00,1.04188,0.1,0.0001430355776596494,0.00043541003640950893,0.328507764403305,4
313536,2025-02-06 03:00:00,1.04021,0.5333333333333333,0.00030949250921840016,0.00044047974513811264,0.7026259723278732,2
313537,2025-02-06 03:15:00,1.04005,0.4,0.00029299473856790554,0.00043851406155957816,0.6681535764802338,2
313545,2025-02-06 05:15:00,1.03918,0.8,0.00028095850303518283,0.0004242244584940383,0.6622873750197296,3
313581,2025-02-06 14:15:00,1.03606,0.26666666666666666,0.00039008581356496754,0.00036647756483861477,1.0644193560300181,14
313622,2025-02-07 00:30:00,1.03844,0.16666666666666666,0.00030063914503678695,0.00038942481765188715,0.772008180807657,3
313642,2025-02-07 05:30:00,1.03801,0.0,0.0002114677991537544,0.00038566508448666787,0.5483197926387984,2
313654,2025-02-07 08:30:00,1.03815,0.1,0.0002941502263814185,0.0003853031858762989,0.7634253677722121,3
313658,2025-02-07 09:30:00,1.03953,0.03333333333333333,0.0002697109591821803,0.00038446511831544616,0.7015225733973809,5
313660,2025-02-07 10:00:00,1.03974,0.2,0.00028992588471119966,0.0003725053402947546,0.7783133645326755,5
313675,2025-02-07 13:45:00,1.03713,0.8666666666666667,0.00016912595148294753,0.00036172096557010423,0.46755916184285884,5
313686,2025-02-07 16:30:00,1.03709,0.8666666666666667,0.0002690717653190153,0.0003850567585107016,0.6987846840027279,9
313712,2025-02-09 23:00:00,1.03241,0.1,0.00032457959353748167,0.0005514660502803062,0.5885758395689095,4
313721,2025-02-10 01:15:00,1.03117,0.6333333333333333,0.00040063286692826826,0.0006548469813029025,0.6117961575254688,5
313729,2025-02-10 03:15:00,1.03046,0.5666666666666667,0.0003080182082240916,0.0006557336297649849,0.46973068673401025,6
313731,2025-02-10 03:45:00,1.0301,0.4,0.0002778882945943269,0.0006534570074657144,0.42525872615867105,8
313733,2025-02-10 04:15:00,1.03051,0.06666666666666667,0.0003410062264286701,0.0006563022781757856,0.5195871441685507,8
313754,2025-02-10 09:30:00,1.03162,0.6333333333333333,0.0002497584497278325,0.0006645665267700421,0.37582159146913463,4
313768,2025-02-10 13:00:00,1.03202,1.0,0.00020079548454624672,0.000672881363733773,0.29841142193632203,4
313790,2025-02-10 18:30:00,1.03108,0.26666666666666666,0.00020255565900399822,0.0005818626000160308,0.3481159624255239,6
313805,2025-02-10 22:15:00,1.03072,0.06666666666666667,0.00015105977820046782,0.0005027953895519692,0.3004398634901448,3
313809,2025-02-10 23:15:00,1.03063,0.0,0.00014913056944729206,0.0004908476288581149,0.30382253204364557,2
313823,2025-02-11 02:45:00,1.03031,0.23333333333333334,0.00023591058132356536,0.00033260830240431244,0.7092744817800635,3
313842,2025-02-11 07:30:00,1.03086,0.3,0.0002318683920049391,0.0003219791046357814,0.7201349052362439,7
313844,2025-02-11 08:00:00,1.03048,0.5,0.00024797370528684197,0.00032008234707221094,0.7747184671540128,4
313858,2025-02-11 11:30:00,1.03218,0.03333333333333333,0.0002948740230492549,0.00030727325855485385,0.9596475281841507,7
313878,2025-02-11 16:30:00,1.03405,0.4666666666666667,0.0002938629889273987,0.0002670533621103967,1.1003905234711828,17
313879,2025-02-11 16:45:00,1.03363,0.6,0.0002929007473945803,0.00026770314335461246,1.0941251706058226,14
313887,2025-02-11 18:45:00,1.03474,0.13333333333333333,0.00023126131462056625,0.0002747450608925376,0.841730562395881,11
313891,2025-02-11 19:45:00,1.0346,0.8,0.00013650732707887116,0.0002758311960038342,0.49489444651856435,10
313900,2025-02-11 22:00:00,1.03626,0.16666666666666666,0.00017080074566922881,0.00032609461853068606,0.5237766462961614,7
313919,2025-02-12 02:45:00,1.03577,0.5,0.00016539571715987257,0.00033462955806153906,0.4942651154846756,10
313921,2025-02-12 03:15:00,1.03621,0.06666666666666667,0.00014083504854578498,0.00033366194393018024,0.42208903684639304,7
313942,2025-02-12 08:30:00,1.03659,0.5,0.00022200540403326366,0.0003387984494474936,0.6552727865056822,5
313945,2025-02-12 09:15:00,1.0377,0.16666666666666666,0.0002847243273364028,0.000353631502077089,0.8051441278959787,5
313954,2025-02-12 11:30:00,1.03721,0.16666666666666666,0.0001997424576638756,0.00035590286641356774,0.5612274485920269,3
313982,2025-02-12 18:30:00,1.04172,0.23333333333333334,0.0008707644463858198,0.0006781294154748488,1.284068242012598,16
314009,2025-02-13 01:15:00,1.03923,0.36666666666666664,0.00019004904898542978,0.0007242997032982696,0.2623900688071479,7
314040,2025-02-13 09:00:00,1.04254,0.13333333333333333,0.00026858808956466357,0.0007523326985701471,0.35700706625556905,9
314049,2025-02-13 11:15:00,1.04283,0.06666666666666667,0.000310971922799121,0.0007493593359300272,0.414983717275204,4
314053,2025-02-13 12:15:00,1.04246,0.6666666666666666,0.00036223873681024977,0.0007570643122080956,0.478478156966248,5
314071,2025-02-13 16:45:00,1.04248,0.6333333333333333,0.0006542975682832812,0.0007698513061416484,0.8499012251632058,9
314087,2025-02-13 20:45:00,1.04341,0.7666666666666667,0.00043795206465034115,0.0006739676131969543,0.649811735868023,6
314098,2025-02-13 23:30:00,1.0467,0.06666666666666667,0.00038506253623316695,0.0006870289474358601,0.5604749809601228,3
314114,2025-02-14 03:30:00,1.04568,1.0,0.000198458205853536,0.0006818444589025424,0.29106081784834464,2
314118,2025-02-14 04:30:00,1.0457,0.8,0.000245046615600586,0.0006791163226546246,0.3608315798429253,2
314120,2025-02-14 05:00:00,1.04583,0.8666666666666667,0.00021047836425781987,0.0006770434535358194,0.3108786639300758,2
314141,2025-02-14 10:15:00,1.04811,0.16666666666666666,0.00041447610794447047,0.000681564726553533,0.6081243523859443,3
314144,2025-02-14 11:00:00,1.04804,0.16666666666666666,0.00043603711508175886,0.000683052634830423,0.6383653218613393,3
314160,2025-02-14 15:00:00,1.04879,0.16666666666666666,0.0005022525647297029,0.0006254425063440883,0.8030355462495344,3
314166,2025-02-14 16:30:00,1.04911,0.8666666666666667,0.0005055250454571062,0.0006162256300577705,0.8203570588417651,3
314167,2025-02-14 16:45:00,1.05057,0.7666666666666667,0.0005637026106634285,0.0006253529561482075,0.9014151210469884,3
314179,2025-02-14 19:45:00,1.05011,1.0,0.00018407180973279872,0.0005470456218231636,0.3364834711944761,2
314182,2025-02-14 20:30:00,1.04994,0.9333333333333333,0.0003385650143573205,0.0004935652049833469,0.6859580273061263,3
314194,2025-02-16 23:30:00,1.04861,0.9333333333333333,0.00015294090578752028,0.0004130082798202606,0.3703095392036196,4
314203,2025-02-17 01:45:00,1.0489,0.5333333333333333,0.0001843169602358001,0.0004173646923247757,0.44162087408288087,4
314208,2025-02-17 03:00:00,1.05049,0.6,0.00046212225758178926,0.0004168351174643577,1.1086452129871327,2
314230,2025-02-17 08:30:00,1.04878,0.36666666666666664,0.00022335429901122685,0.00042356179167653746,0.5273240018348879,4
314233,2025-02-17 09:15:00,1.04808,0.3,0.00023142656740680905,0.0004099333637533056,0.5645467967961729,3
314256,2025-02-17 15:00:00,1.04739,0.7,0.0002659841196754829,0.00038756697799528886,0.6862920082905415,6
314276,2025-02-17 20:00:00,1.04819,1.0,0.0,0.0002929517929359394,0.0,1
314283,2025-02-17 21:45:00,1.0482,1.0,0.0,0.0002884325703133778,0.0,1
314286,2025-02-17 22:30:00,1.04833,1.0,0.0,0.0002870170337728048,0.0,1
314292,2025-02-18 00:00:00,1.04799,0.8666666666666667,0.00025152303908100424,0.00028458265409459144,0.8838312365918176,4
314296,2025-02-18 01:00:00,1.04844,0.6333333333333333,0.00023934056405715672,0.0002873198543508721,0.8330108777128797,4
314299,2025-02-18 01:45:00,1.04763,0.4,0.00022324004178235528,0.0002866243090551929,0.7788594153727825,4
314300,2025-02-18 02:00:00,1.04747,0.7333333333333333,0.0001241011559789449,0.0002862470858252503,0.43354556997903154,3
314318,2025-02-18 06:30:00,1.04543,0.8666666666666667,0.0003569237173535002,0.00027485099060030376,1.2986080805964748,3
314322,2025-02-18 07:30:00,1.04581,0.7333333333333333,0.00029792288903217665,0.0002729686174931105,1.0914180969528335,3
314343,2025-02-18 12:45:00,1.04631,0.23333333333333334,0.00029838330368333894,0.00030757471264189696,0.9701164998916559,3
314365,2025-02-18 18:15:00,1.04498,0.8666666666666667,0.00017812109324139735,0.000335070252750259,0.5315932756769011,6
314370,2025-02-18 19:30:00,1.04391,0.5333333333333333,0.00024934965108337515,0.00034351555783640307,0.7258758603362186,14
314376,2025-02-18 21:00:00,1.04448,0.5,0.0002544944447603485,0.00035377071530619004,0.7193767990097273,10
314387,2025-02-18 23:45:00,1.04477,0.7,0.00013169410268818073,0.00035923600188523933,0.3665949459326502,5
314388,2025-02-19 00:00:00,1.04502,0.03333333333333333,0.00015310380834913725,0.0003599912706261569,0.4252986692783788,8
314390,2025-02-19 00:30:00,1.04461,0.5,0.00019353742178657526,0.00036144671838542983,0.5354521481094097,8
314412,2025-02-19 06:00:00,1.04519,0.6666666666666666,0.00014222377486022478,0.000350190293277752,0.4061328300365555,6
314417,2025-02-19 07:15:00,1.04594,0.13333333333333333,0.0002486050468338388,0.00035314564379306033,0.7039731374387808,3
314442,2025-02-19 13:30:00,1.04234,0.6,0.00023079426322424827,0.0003299081443922652,0.6995712811194827,8
314458,2025-02-19 17:30:00,1.04061,0.8333333333333334,0.0003884355457840294,0.00033312319669623916,1.1660417216103605,8
314461,2025-02-19 18:15:00,1.04055,0.5,0.0003350230566410902,0.00033306760145665194,1.0058710459254703,7
314463,2025-02-19 18:45:00,1.04068,0.8,0.00025849937823806574,0.00033523245349722093,0.7711048722799408,7
314468,2025-02-19 20:00:00,1.04188,0.2,0.0002971103478498566,0.0003288331983227179,0.9035290517056359,7
314470,2025-02-19 20:30:00,1.04313,0.4666666666666667,0.00032643524476750474,0.00034035545017829897,0.9591009769242655,10
314479,2025-02-19 22:45:00,1.04232,0.26666666666666666,0.00018878338700346764,0.0003286956844471619,0.5743409358141869,6
314480,2025-02-19 23:00:00,1.04197,0.36666666666666664,0.00022612989701192856,0.0003298693288329245,0.6855135571772455,8
314485,2025-02-20 00:15:00,1.04229,0.13333333333333333,0.00022770546175949802,0.0003283416885849427,0.6935015250145128,8
314497,2025-02-20 03:15:00,1.04282,0.8666666666666667,0.0002339276276362467,0.0003405012000537487,0.687009700991717,7
314498,2025-02-20 03:30:00,1.04244,0.7666666666666667,0.00024129636003979803,0.00034117949620060295,0.7072416798983818,7
314502,2025-02-20 04:30:00,1.04278,0.36666666666666664,0.0002715573573864631,0.00035272261558706703,0.7698892710196269,8
314508,2025-02-20 06:00:00,1.04298,0.5666666666666667,0.00018552843674941118,0.0003585849765247432,0.5173904343329601,7
314511,2025-02-20 06:45:00,1.04277,0.4666666666666667,0.00021918864980088973,0.00036041284470833735,0.6081599283129525,8
314515,2025-02-20 07:45:00,1.04295,0.3333333333333333,0.00024827639708211043,0.0003594917849330494,0.6906316291159439,11
314518,2025-02-20 08:30:00,1.04282,0.5666666666666667,0.000213077880107212,0.00036065294095856816,0.5908114309032917,9
314533,2025-02-20 12:15:00,1.04442,0.6666666666666666,0.00021107178031084473,0.0003692718480820658,0.5715891460643835,16
314548,2025-02-20 16:00:00,1.04464,0.26666666666666666,0.0002991735218945184,0.00039413967972530426,0.7590545618320578,16
314550,2025-02-20 16:30:00,1.04657,0.13333333333333333,0.00028967677930407895,0.00041499402257328007,0.6980263896522209,8
314553,2025-02-20 17:15:00,1.04692,0.6666666666666666,0.0003793243645612184,0.0004218734241468941,0.8991425931327204,10
314557,2025-02-20 18:15:00,1.04835,0.26666666666666666,0.0002908452681707493,0.00041296015322820766,0.7042937820928792,10
314576,2025-02-20 23:00:00,1.04985,0.8,0.00017994465353587122,0.00041243061271572726,0.4363028543177037,8
314595,2025-02-21 03:45:00,1.04965,0.26666666666666666,0.00024149413970507108,0.0004239528111993842,0.5696250462919961,11
314624,2025-02-21 11:00:00,1.04687,0.7333333333333333,0.0002482408367059568,0.00046635113299639183,0.5323045643975683,17
314634,2025-02-21 13:30:00,1.04682,0.23333333333333334,0.00024696464251268804,0.00047699307717608897,0.5177530960717013,15
314650,2025-02-21 17:30:00,1.04508,0.7666666666666667,0.00034761029606326715,0.0004727970249842959,0.7352209884882697,14
314657,2025-02-21 19:15:00,1.04607,1.0,0.00013090227459269544,0.0004518607133565383,0.28969607386382296,14
314680,2025-02-24 01:00:00,1.04735,0.4,0.0002291917008971665,0.0004461726729374142,0.5136838600810405,11
314687,2025-02-24 02:45:00,1.05164,0.4,0.00039820702956085293,0.0004984372476326046,0.7989110594206016,8
314710,2025-02-24 08:30:00,1.05042,0.23333333333333334,0.0002870393421631917,0.0005040976465947079,0.5694121845285463,14
314749,2025-02-24 18:15:00,1.04752,0.2,0.0002459925122165413,0.0004547800292589332,0.5409043853956992,14
314761,2025-02-24 21:15:00,1.0477,0.16666666666666666,0.000203581115109982,0.00046230172552117767,0.44036416883470214,8
314769,2025-02-24 23:15:00,1.04666,0.5,0.00013023522619409945,0.00046961695853764705,0.27732223853168003,13
314772,2025-02-25 00:00:00,1.0468,0.6333333333333333,0.00022723248169510417,0.00045956057139815527,0.4944559995731964,17
314820,2025-02-25 12:00:00,1.04723,0.26666666666666666,0.0002236485455492797,0.00036780339699760004,0.608065470234738,8
314836,2025-02-25 16:00:00,1.05021,0.36666666666666664,0.0005427706658005727,0.00039015501616551684,1.3911666986496238,15
314842,2025-02-25 17:30:00,1.05007,0.4,0.0003274016183631959,0.0004125555742276897,0.7935939757355035,12
314844,2025-02-25 18:00:00,1.04971,0.06666666666666667,0.00020769306106672864,0.0004205395643105324,0.49387282123440146,12
314848,2025-02-25 19:00:00,1.05019,0.5666666666666667,0.00036403959174097293,0.0004365578271609129,0.8338863011767508,14
314851,2025-02-25 19:45:00,1.05144,0.1,0.000352916435966166,0.0004469420638607518,0.7896245721819547,8
314877,2025-02-26 02:15:00,1.0521,0.43333333333333335,0.0002151502005665294,0.00043562566198029277,0.4938878017160122,5
314880,2025-02-26 03:00:00,1.0515,0.7666666666666667,0.00017513462798626826,0.00044066533810837975,0.3974322753363339,8
314898,2025-02-26 07:30:00,1.0488,0.6333333333333333,0.00026850960335221785,0.00044963509334982574,0.5971722566221307,8
314919,2025-02-26 12:45:00,1.04914,0.7666666666666667,0.0002951156762423462,0.00043580241219530485,0.6771777025182919,7
314933,2025-02-26 16:15:00,1.04844,0.5333333333333333,0.00027255458699093106,0.0004283817781634243,0.6362422513848234,13
314936,2025-02-26 17:00:00,1.05054,0.3,0.0002989372368998435,0.0004355499100100687,0.6863443890803075,10
314954,2025-02-26 21:30:00,1.04829,0.43333333333333335,0.00022528300292989646,0.0004666419600788487,0.4827748513910543,13
314975,2025-02-27 02:45:00,1.048,0.6,0.0001717247347944033,0.000467681261841095,0.36718326947370955,15
314977,2025-02-27 03:15:00,1.04742,0.8,0.00023295408037308198,0.0004689475502845356,0.49675935023380813,14
314978,2025-02-27 03:30:00,1.04727,0.7333333333333333,0.00021541956523030216,0.0004656179567245294,0.46265304445238453,13
314986,2025-02-27 05:30:00,1.04652,0.5333333333333333,0.0003252508187289938,0.0004699256096058308,0.6921325675393838,11
314993,2025-02-27 07:15:00,1.04654,0.7666666666666667,0.0002896538214973149,0.00046722221949251487,0.6199487297755866,11
314998,2025-02-27 08:30:00,1.04733,0.3333333333333333,0.0002057708553517999,0.000465911190491014,0.4416525285321915,17
315005,2025-02-27 10:15:00,1.04818,0.26666666666666666,0.00023440948076122332,0.0004598924784396163,0.5097049674666536,11
315007,2025-02-27 10:45:00,1.0479,0.36666666666666664,0.00023088497819843232,0.00045297853380322345,0.5097040167884206,19
315009,2025-02-27 11:15:00,1.04769,0.9333333333333333,0.00013614178020253165,0.00045816473789266743,0.2971459148705265,17
315029,2025-02-27 16:15:00,1.04128,0.8666666666666667,0.0005722980349150424,0.0006098025057431334,0.9384973487729665,18
315032,2025-02-27 17:00:00,1.04143,0.8,0.00028748836320703115,0.0006139517250914579,0.46825890612849924,9
315044,2025-02-27 20:00:00,1.04167,0.1,0.0002561363691462668,0.0005576598714185863,0.4593057206979982,8
315047,2025-02-27 20:45:00,1.04053,0.7666666666666667,0.00027092236329327973,0.0005513234765158987,0.49140364021024424,7
315050,2025-02-27 21:30:00,1.04028,0.7333333333333333,0.0002490700340023407,0.0005485893086530328,0.4540191178969375,4
315056,2025-02-27 23:00:00,1.03951,0.8333333333333334,0.00018818029633438523,0.0005462868136119095,0.34447160657271764,4
315067,2025-02-28 01:45:00,1.03986,0.13333333333333333,0.00024173605354138532,0.0005469926126316928,0.4419365965078467,8
315099,2025-02-28 09:45:00,1.03992,0.5666666666666667,0.0002599732630650477,0.0005543424772498119,0.4689759016029579,3
315129,2025-02-28 17:15:00,1.04051,0.7,0.00028471630498485786,0.00038388067284320483,0.7416791860765274,4
315136,2025-02-28 19:00:00,1.0396,0.9,0.00032574773330628265,0.00038443810140363307,0.8473346739486427,4
315146,2025-02-28 21:30:00,1.03655,0.4,0.00027351355240461063,0.0004586519108751655,0.5963423370082823,4
315160,2025-03-03 01:00:00,1.04118,0.23333333333333334,0.00027304371511191217,0.000546563257780496,0.49956470952822196,7
315169,2025-03-03 03:15:00,1.04214,0.16666666666666666,0.00025951007309481033,0.0005563931793833156,0.4664149071389429,6
315173,2025-03-03 04:15:00,1.04115,0.3,0.0003667399317735395,0.0005537686966697197,0.6622619407327597,10
315175,2025-03-03 04:45:00,1.04163,0.5333333333333333,0.00031753283393091996,0.0005519301542901689,0.5753134367867531,7
315176,2025-03-03 05:00:00,1.04166,0.6,0.00025104774601467284,0.0005508895886136994,0.4557133610864358,7
315210,2025-03-03 13:30:00,1.04682,0.4,0.00045879168833898364,0.0006046772090041664,0.7587381854437025,7
315216,2025-03-03 15:00:00,1.04716,0.23333333333333334,0.00040254273877833715,0.0006115116143160463,0.6582748869431805,13
315223,2025-03-03 16:45:00,1.04923,0.36666666666666664,0.0003933080166577327,0.0006326957788516284,0.6216384395223951,7
315228,2025-03-03 18:00:00,1.04956,0.7333333333333333,0.000277582526316047,0.000626358741402506,0.44316859966622385,6
315232,2025-03-03 19:00:00,1.04902,0.03333333333333333,0.0002766595184173989,0.0006211492125492766,0.44539945125576597,8
315247,2025-03-03 22:45:00,1.04902,0.6666666666666666,0.00028590817356161113,0.0005973575113170622,0.4786215426189867,8
315254,2025-03-04 00:30:00,1.04912,0.9,0.00017198546676849103,0.0005418252999329087,0.3174186712761236,5
315256,2025-03-04 01:00:00,1.0485,0.6,0.00028511799754553873,0.0005498780230381939,0.5185113527000055,7
315261,2025-03-04 02:15:00,1.04871,0.9,0.00020877169404157433,0.0005497190385318324,0.37977890414556753,4
315262,2025-03-04 02:30:00,1.04919,0.36666666666666664,0.00020415234110861247,0.0005502431403652716,0.37102205576445474,5
315268,2025-03-04 04:00:00,1.04803,0.8666666666666667,0.00024137675926361838,0.0005469980033154278,0.4412753936954096,3
315281,2025-03-04 07:15:00,1.04787,0.7,0.00026323773208809423,0.0005423993749355,0.4853208618085104,3
315289,2025-03-04 09:15:00,1.04928,0.36666666666666664,0.00036999059500175034,0.0005669275043821599,0.6526241752990406,8
315305,2025-03-04 13:15:00,1.05445,0.2,0.000573235750690733,0.0006180406024748967,0.927505002738095,9
315312,2025-03-04 15:00:00,1.05384,0.23333333333333334,0.00041751216041272584,0.0006201634081357507,0.6732292730198207,9
315325,2025-03-04 18:15:00,1.05322,0.9333333333333333,0.00026260456424815633,0.0005868771535751323,0.4474608743046556,8
315334,2025-03-04 20:30:00,1.05948,0.6333333333333333,0.0007151717498817282,0.000656865153136611,1.0887649412770584,7
315336,2025-03-04 21:00:00,1.06004,0.5666666666666667,0.00048600734654360365,0.0006569603320365897,0.7397818754702762,5
315360,2025-03-05 03:00:00,1.06124,0.7,0.0004651621823614714,0.0006564615302047193,0.708590162498036,2
315362,2025-03-05 03:30:00,1.0606,0.06666666666666667,0.00025344010915338437,0.000658437502655789,0.3849114124440678,2
315366,2025-03-05 04:30:00,1.06073,0.13333333333333333,0.000348136239379848,0.0006558737146419402,0.530797669746386,2
315374,2025-03-05 06:30:00,1.0619,0.2,0.00043888092041015624,0.0006656133552290952,0.6593631527406768,2
315403,2025-03-05 13:45:00,1.07126,0.0,0.0005968478655789483,0.0007012404215120381,0.85113157665955,3
315404,2025-03-05 14:00:00,1.06953,0.2,0.0007099705781400959,0.0007264912608466339,0.9772596263755668,3
315416,2025-03-05 17:00:00,1.07647,0.6,0.0009184475869250937,0.0008099632619228724,1.1339373402500712,4
315419,2025-03-05 17:45:00,1.07662,0.06666666666666667,0.0009684582757139252,0.0008211501461326257,1.1793924415346904,5
315425,2025-03-05 19:15:00,1.07755,0.16666666666666666,0.0008359756185215447,0.0008340584662663078,1.002298582572777,5
315433,2025-03-05 21:15:00,1.07901,0.6333333333333333,0.0008512391286864307,0.0007962574303055582,1.0690501542444304,2
315434,2025-03-05 21:30:00,1.07943,0.8333333333333334,0.0006884996394481587,0.0007963826748232936,0.8645336735896814,3
315448,2025-03-06 01:00:00,1.07938,0.9333333333333333,0.0004947776576561261,0.0007591741656124116,0.651731420888115,2
315489,2025-03-06 11:15:00,1.0793,0.3,0.0008864030030531104,0.0007572154025106933,1.1706087859730148,2
315499,2025-03-06 13:45:00,1.08011,0.1,0.0007362329437016863,0.0007486096080540928,0.9834671313068264,5
315501,2025-03-06 14:15:00,1.07923,0.7333333333333333,0.0007769140565684933,0.0007319842336236873,1.0613808616100664,4
315504,2025-03-06 15:00:00,1.08256,0.8333333333333334,0.0007677818693151348,0.0007300089939946919,1.0517430273204518,2
315513,2025-03-06 17:15:00,1.08268,0.1,0.0006310701370239258,0.000629747132484436,1.0021008504386044,2
315517,2025-03-06 18:15:00,1.08066,0.8333333333333334,0.00045200096905792747,0.000626224567106826,0.721787347223032,4
315531,2025-03-06 21:45:00,1.07874,0.5333333333333333,0.0004133901674821483,0.0006837982024212614,0.6045499476576202,2
315539,2025-03-06 23:45:00,1.07874,0.0,0.00044908523559570316,0.0006804770648689726,0.6599564611074372,2
315553,2025-03-07 03:15:00,1.07942,0.0,0.0004942156062059701,0.000688843936446216,0.71745656752915,2
315564,2025-03-07 06:00:00,1.08127,0.5,0.0004062652587890625,0.000666465457851763,0.6095818680514798,2
315576,2025-03-07 09:00:00,1.08296,0.7333333333333333,0.000509053505379172,0.0006571430561338196,0.7746464040479933,4
315612,2025-03-07 18:00:00,1.08583,0.0,0.000574590512438392,0.0007402188642166251,0.7762440816021112,4
315615,2025-03-07 18:45:00,1.08351,0.36666666666666664,0.0005445333851274582,0.0007473747680883452,0.7285948206684579,2
315626,2025-03-07 21:30:00,1.08454,0.0,0.0,0.0006754329971956046,0.0,1
315634,2025-03-09 22:30:00,1.08291,1.0,0.0,0.0006832625927384314,0.0,1
315649,2025-03-10 02:15:00,1.08665,0.6333333333333333,0.0004870296486032905,0.0007103823745344291,0.6855880242277693,2
315657,2025-03-10 04:15:00,1.08354,0.43333333333333335,0.0005415281803567466,0.0007181562455490549,0.7540534301734434,4
315663,2025-03-10 05:45:00,1.08341,0.26666666666666666,0.0004682339997718032,0.0007173276825713906,0.6527477067291393,4
315665,2025-03-10 06:15:00,1.08309,0.0,0.00014687776565551757,0.0007170046611521174,0.20484910853927693,2
315683,2025-03-10 10:45:00,1.0842,0.43333333333333335,0.0005664090131755987,0.0007488863820248857,0.7563350419647192,4
315688,2025-03-10 12:00:00,1.08607,0.0,0.00045514348257765804,0.0007536012103265806,0.6039580037038649,4
315692,2025-03-10 13:00:00,1.08502,0.6333333333333333,0.0005007507754204606,0.0007816029771935062,0.6406715302166597,4
315724,2025-03-10 21:00:00,1.08312,0.8666666666666667,0.00046451934722514224,0.0006492190689197567,0.7155047802247422,2
315727,2025-03-10 21:45:00,1.08291,0.9,0.00041652917861938475,0.0006494281505778627,0.6413783853514143,2
315734,2025-03-10 23:30:00,1.08368,0.8666666666666667,0.00046322259950541754,0.0006293679608948963,0.7360123620636213,2
315756,2025-03-11 05:00:00,1.0854,0.16666666666666666,0.00011937448691411684,0.0005948300372261012,0.200686716277479,2
315788,2025-03-11 13:00:00,1.09043,0.0,0.00033312839543140103,0.0006264777734056882,0.5317481474569044,4
315819,2025-03-11 20:45:00,1.09277,0.23333333333333334,0.00035335667233171773,0.0006089648763185873,0.5802578869045559,3
315830,2025-03-11 23:30:00,1.09148,0.0,0.00030444121430227056,0.0006157650321667183,0.4944113393886958,2
315834,2025-03-12 00:30:00,1.09161,0.7333333333333333,0.00027084029209241525,0.0006152095807794333,0.4402406928534452,4
315837,2025-03-12 01:15:00,1.0912,0.26666666666666666,0.00026268547901059716,0.0006111695939959874,0.4298078333594616,2
315839,2025-03-12 01:45:00,1.0908,0.16666666666666666,0.0002006417496791353,0.0006123113682703181,0.3276792822676414,3
315847,2025-03-12 03:45:00,1.09056,0.0,0.0,0.0006110685518196262,0.0,1
315851,2025-03-12 04:45:00,1.08968,0.6,0.00025404586454978235,0.0006096812222263489,0.4166863850949732,4
315861,2025-03-12 07:15:00,1.09054,0.16666666666666666,0.0003234278457383996,0.0006036616325353332,0.53577671381901,5
315884,2025-03-12 13:00:00,1.09006,0.4666666666666667,0.0002735295085267984,0.0004521807400715461,0.6049118953706859,5
315909,2025-03-12 19:15:00,1.09048,0.4,0.00028055003998949757,0.00048907419895601,0.5736349220391643,6
315912,2025-03-12 20:00:00,1.08841,0.5,0.00041306156713953753,0.0004944826493426701,0.8353408712896844,10
315925,2025-03-12 23:15:00,1.08879,0.26666666666666666,0.00027035501453302903,0.00048139756750335095,0.5616044466845943,4
315935,2025-03-13 01:45:00,1.08864,0.7666666666666667,0.0003208754114350287,0.0004737713368971583,0.6772790720867972,5
315944,2025-03-13 04:00:00,1.0895,0.9333333333333333,0.00016846807834750986,0.00047466386540787704,0.35492079895895556,4
315948,2025-03-13 05:00:00,1.08846,0.23333333333333334,0.00026199690734905767,0.00047839808537341526,0.547654590098443,3
315964,2025-03-13 09:00:00,1.08652,0.3,0.00034304180681832703,0.0005140824518193772,0.6672894700145391,17
315973,2025-03-13 11:15:00,1.08736,0.7666666666666667,0.0003709016557538437,0.000543737495707559,0.6821336742120274,13
315974,2025-03-13 11:30:00,1.08717,0.5666666666666667,0.00031977068571089636,0.0005438081962894473,0.5880210851781559,14
315984,2025-03-13 14:00:00,1.08341,0.4666666666666667,0.000792300971459601,0.0005608757927858523,1.4126139541952187,18
315985,2025-03-13 14:15:00,1.08229,0.9,0.0008202006861886039,0.0005693722478813598,1.440535061623708,16
315991,2025-03-13 15:45:00,1.08589,0.5,0.00030501945982681737,0.0005683782466295679,0.5366487222823101,14
315999,2025-03-13 17:45:00,1.08724,0.3,0.00045617902740183826,0.0005435083874306076,0.8393228843411011,7
316021,2025-03-13 23:15:00,1.08531,0.2,0.00018387460390572566,0.0005233664856661545,0.35133049008991335,7
316024,2025-03-14 00:00:00,1.0852,0.43333333333333335,0.00023473867738574164,0.0005214462906740745,0.4501684671728982,10
316028,2025-03-14 01:00:00,1.08543,0.4666666666666667,0.00021247530816779882,0.0005214951662749323,0.40743485636793386,10
316042,2025-03-14 04:30:00,1.08412,0.5,0.00019289644603261635,0.0005324974701908172,0.3622485679856715,4
316062,2025-03-14 09:30:00,1.08546,0.3,0.00029508705152687936,0.0005412709557382236,0.5451743685829563,19
316064,2025-03-14 10:00:00,1.08535,0.5333333333333333,0.0003532362769408378,0.000531300015200866,0.664852751429513,15
316073,2025-03-14 12:15:00,1.08934,0.36666666666666664,0.0004048464969269913,0.000559082359209398,0.724126759247935,15
316078,2025-03-14 13:30:00,1.09085,0.2,0.00070923941956215,0.0005657465296424468,1.2536345914669438,18
316086,2025-03-14 15:30:00,1.08768,0.9,0.00032635286338803025,0.0005509319260527265,0.5923651325241894,17
316088,2025-03-14 16:00:00,1.08774,0.5,0.0004393687990164806,0.0005318805972179924,0.8260666046375901,20
316095,2025-03-14 17:45:00,1.08858,0.7333333333333333,0.000309237189984607,0.0005409226624975095,0.5716846629365077,9
316112,2025-03-16 22:00:00,1.0876,0.8,0.00013799031873260276,0.0005173263854894388,0.26673744584292003,11
316119,2025-03-16 23:45:00,1.08811,0.36666666666666664,0.00012656929455110282,0.0005125950828951348,0.24691866694514508,6
316133,2025-03-17 03:15:00,1.08803,0.5,0.0001410112350473877,0.0005109732516598597,0.275965981759951,11
316138,2025-03-17 04:30:00,1.08789,0.36666666666666664,0.00012228472607368833,0.0005037678054784245,0.24274025601448554,10
316142,2025-03-17 05:30:00,1.0882,0.5333333333333333,0.0002583960973104144,0.0005068713842217211,0.5097863192793382,8
316168,2025-03-17 12:00:00,1.09074,0.36666666666666664,0.0003544297626751285,0.00045930713535420565,0.7716617822664599,13
316171,2025-03-17 12:45:00,1.09031,0.6666666666666666,0.000307216976591572,0.0004093503354997524,0.7504989002061239,11
316185,2025-03-17 16:15:00,1.09174,0.43333333333333335,0.0002600229053472423,0.0003644381172601389,0.7134898712080544,9
316192,2025-03-17 18:00:00,1.09209,0.7333333333333333,0.00017222943921053739,0.00036833903614248264,0.4675839981943016,8
316212,2025-03-17 23:00:00,1.09199,0.16666666666666666,0.0001243786902695156,0.0003564329738541605,0.34895393915044143,4
316225,2025-03-18 02:15:00,1.09175,0.0,0.00011801687428133911,0.000357671048194359,0.3299592597084027,5
316234,2025-03-18 04:30:00,1.09076,0.8,0.00020899263553554655,0.0003502836607602596,0.5966382647764574,8
316235,2025-03-18 04:45:00,1.09069,0.8,0.0002251594243071427,0.00035038675848609316,0.6426025494798465,8
316239,2025-03-18 05:45:00,1.09108,0.16666666666666666,0.0001486830800580374,0.0003460950409492383,0.4296018794439898,7
316263,2025-03-18 11:45:00,1.09341,0.6333333333333333,0.0004273547353462111,0.00038888177876222923,1.0989322685841372,14
316266,2025-03-18 12:30:00,1.09326,0.7,0.0003841956489381024,0.00038332070353556323,1.0022825414710688,14
316274,2025-03-18 14:30:00,1.09163,0.5666666666666667,0.0003701472851607387,0.00040432351192538636,0.9154730661051576,15
316276,2025-03-18 15:00:00,1.09119,0.4666666666666667,0.00039711268344423396,0.00040149783330924426,0.9890780235876572,13
316277,2025-03-18 15:15:00,1.09095,0.5,0.0002750550260844355,0.00040210260056035795,0.6840418980158974,16
316288,2025-03-18 18:00:00,1.09383,0.06666666666666667,0.000215643435787645,0.0004750665594359331,0.45392257464656677,9
316322,2025-03-19 02:30:00,1.09349,0.5333333333333333,0.0001836794617885503,0.00048474601189842483,0.3789189746382876,8
316337,2025-03-19 06:15:00,1.09339,0.6,0.0002389226118591265,0.000493646956458412,0.4839949051306566,9
316339,2025-03-19 06:45:00,1.0932,0.26666666666666666,0.0001804301040204549,0.0004942729864396489,0.3650414021614462,8
316374,2025-03-19 15:30:00,1.08973,0.6666666666666666,0.00024776563192170544,0.0005616336382717906,0.44115169576400004,12
316376,2025-03-19 16:00:00,1.08834,0.4666666666666667,0.0005842609157229694,0.0005717586807217866,1.021866279293565,16
316400,2025-03-19 22:00:00,1.08997,0.8666666666666667,0.0002120952302729305,0.0006330653501636303,0.3350289669433173,8
316402,2025-03-19 22:30:00,1.09007,0.3,0.0001829050308688584,0.0006326140293670589,0.2891257897834767,6
316406,2025-03-19 23:30:00,1.09101,0.3,0.00024746289438409564,0.000636407614321331,0.38884339032931214,4
316407,2025-03-19 23:45:00,1.09074,0.4,0.00021460909069474218,0.0006368488450036738,0.3369859149128302,5
316410,2025-03-20 00:30:00,1.09067,0.5666666666666667,0.0001896367217167752,0.0006349020733873478,0.2986865686310015,5
316414,2025-03-20 01:30:00,1.09079,0.4,0.00021109896827989103,0.0006369075277128236,0.33144366975526446,8
316419,2025-03-20 02:45:00,1.0906,0.7,0.00019327912908204763,0.0006364189009191983,0.30369797126214976,4
316438,2025-03-20 07:30:00,1.08934,0.6,0.00026425389960316485,0.000644868626429072,0.4097794322332871,20
316484,2025-03-20 19:00:00,1.08441,0.2,0.00028221128950960367,0.0006405450566470287,0.44057991952487385,4
316488,2025-03-20 20:00:00,1.08479,0.5333333333333333,0.00023334223201083404,0.0005935665186996397,0.3931189254441613,6
316492,2025-03-20 21:00:00,1.08529,0.3333333333333333,0.00018091220634502912,0.0005344463248975607,0.3385039767645614,7
316503,2025-03-20 23:45:00,1.08573,0.43333333333333335,0.00018087943063083912,0.0005193608379851648,0.34827314152632705,6
316509,2025-03-21 01:15:00,1.08532,0.7,0.00016109773199223017,0.0005148441348757892,0.31290583125919547,8
316511,2025-03-21 01:45:00,1.08545,0.3333333333333333,0.00019367037917262066,0.0005136821786624906,0.3770237458439642,9
316523,2025-03-21 04:45:00,1.08354,0.6,0.0002898078741299661,0.000501955608307099,0.577357577709661,3
316528,2025-03-21 06:00:00,1.08299,0.3333333333333333,0.00028909817486129293,0.0005013877486766206,0.5765960090256457,4
316535,2025-03-21 07:45:00,1.08369,0.43333333333333335,0.0003369204771190679,0.0005152872865250201,0.6538497764832948,7
316537,2025-03-21 08:15:00,1.08365,0.4,0.00044968539485715025,0.0005144033386525132,0.8741883286277019,8
316562,2025-03-21 14:30:00,1.08314,0.7666666666666667,0.000586649759913553,0.00045946824732396197,1.2768015272661877,7
316564,2025-03-21 15:00:00,1.08314,0.43333333333333335,0.0004158128725384949,0.0004561059632690881,0.911658487335274,9
316568,2025-03-21 16:00:00,1.08235,0.4,0.00038703453346639196,0.0004309919794122871,0.8980086682684054,6
316571,2025-03-21 16:45:00,1.08255,0.6666666666666666,0.0003535782624619113,0.00042356222527237177,0.8347728890000584,4
316577,2025-03-21 18:15:00,1.08103,0.36666666666666664,0.00038555511029804234,0.00044786739733012536,0.860868892436588,8
316579,2025-03-21 18:45:00,1.08214,0.16666666666666666,0.00036719589864293,0.0004601274316333386,0.798030878836055,4
316594,2025-03-23 22:30:00,1.08148,0.5666666666666667,0.00029513480679651334,0.0004677722048486975,0.6309370324642861,3
316596,2025-03-23 23:00:00,1.08166,0.7666666666666667,0.0002357085030043756,0.0004614013822998371,0.5108534825567618,3
316601,2025-03-24 00:15:00,1.08238,0.2,0.0002914964920562065,0.00046225014484424395,0.6306033547148521,3
316607,2025-03-24 01:45:00,1.08348,0.8,0.0002444347606568803,0.00047155029168044927,0.5183641383950706,8
316608,2025-03-24 02:00:00,1.08368,0.3,0.00029664420611107833,0.0004720322742264922,0.6284405162701682,7
316614,2025-03-24 03:30:00,1.08315,0.43333333333333335,0.00028523922999393884,0.00048180181239795264,0.5920260626963779,6
316644,2025-03-24 11:00:00,1.0839,0.5,0.0003935761483210027,0.000501242065069487,0.7852017533014541,12
316652,2025-03-24 13:00:00,1.08322,0.7666666666666667,0.00042338550214974943,0.00048620254944815817,0.8708006624611361,10
316653,2025-03-24 13:15:00,1.08288,0.6333333333333333,0.0003383763971119427,0.00048678307223269874,0.6951276994081408,8
316674,2025-03-24 18:30:00,1.07937,0.5666666666666667,0.0003758261253663921,0.000553090656731627,0.6795018516263818,3
316697,2025-03-25 00:15:00,1.08011,0.5333333333333333,0.0003300262561925678,0.0005594650322714099,0.5898961278288866,3
316700,2025-03-25 01:00:00,1.08022,0.06666666666666667,0.0002664281002900808,0.0005576780209251133,0.4777453840624957,3
316713,2025-03-25 04:15:00,1.08022,0.6333333333333333,0.00035598875974412304,0.0005518617144746116,0.6450687743088587,5
316729,2025-03-25 08:15:00,1.07989,0.4666666666666667,0.00038463162864105466,0.0005449711662872392,0.705783447703224,6
316758,2025-03-25 15:30:00,1.08057,0.16666666666666666,0.00034400058927472755,0.0005429926671962553,0.6335271359205933,8
316761,2025-03-25 16:15:00,1.08173,0.4,0.00047864719679972654,0.00045388173765008555,1.0545636827730964,9
316766,2025-03-25 17:30:00,1.08095,0.6666666666666666,0.00033900263527009725,0.0004537281541108802,0.7471492174304291,8
316770,2025-03-25 18:30:00,1.08088,0.5666666666666667,0.00030271306622065925,0.00042958179229785954,0.7046692193387163,7
316772,2025-03-25 19:00:00,1.08092,0.26666666666666666,0.00022950994094249322,0.00042635599054115843,0.5383058899939097,5
316783,2025-03-25 21:45:00,1.07921,0.5,0.00028301346076273903,0.0003972416371349351,0.7124466176404489,3
316788,2025-03-25 23:00:00,1.07901,0.6666666666666666,0.0002129005194990087,0.00039718060555011744,0.5360294952069211,3
316828,2025-03-26 09:00:00,1.07859,0.7666666666666667,0.0002749485958377552,0.0003845229143311896,0.7150382606352087,8
316844,2025-03-26 13:00:00,1.07919,0.6333333333333333,0.000205408779147145,0.00034131332562076515,0.6018188090768412,8
316849,2025-03-26 14:15:00,1.07837,0.6666666666666666,0.00028783386917924847,0.0003260990301919018,0.8826578509291022,9
316869,2025-03-26 19:15:00,1.07578,0.3333333333333333,0.0003975207057535255,0.0004147589384729,0.9584379476356943,4
316873,2025-03-26 20:15:00,1.07493,0.5666666666666667,0.0005327521537834154,0.000417940080424733,1.274709411076354,8
316891,2025-03-27 00:45:00,1.07433,0.1,0.0002448885131214894,0.00045084733565740854,0.5431739166527451,4
316895,2025-03-27 01:45:00,1.07494,0.23333333333333334,0.00032918423170306857,0.0004597350438900159,0.7160303224172324,3
316897,2025-03-27 02:15:00,1.07589,0.43333333333333335,0.0004019203001620104,0.00046523037531101926,0.863916720599586,6
316920,2025-03-27 08:00:00,1.07728,0.9666666666666667,0.00028529680950373546,0.0004939624460134815,0.5775678127076668,9
316934,2025-03-27 11:30:00,1.07695,0.3333333333333333,0.00030870415556497814,0.00052215631727622,0.591210228337952,9
316935,2025-03-27 11:45:00,1.07765,0.3,0.00036223107823421167,0.0005263686858752663,0.6881698853948345,11
316952,2025-03-27 16:00:00,1.07887,0.8,0.0004090107526942209,0.0006037960892352466,0.6773988106022084,17
316992,2025-03-28 02:00:00,1.07945,0.36666666666666664,0.00020200820020481258,0.0005807354368272938,0.34784892981291965,11
316993,2025-03-28 02:15:00,1.07952,0.5333333333333333,0.00017956110407615108,0.0005799057549499101,0.3096384240774793,12
317011,2025-03-28 06:45:00,1.07879,0.8666666666666667,0.00015832380057911497,0.000567503801968278,0.278982801577715,6
317022,2025-03-28 09:30:00,1.07792,0.6666666666666666,0.00029138513767880387,0.0005637784115563645,0.5168433762378506,16
317024,2025-03-28 10:00:00,1.07778,0.3,0.00019233820703516079,0.0005641804151715902,0.34091613580145796,12
317032,2025-03-28 12:00:00,1.07683,0.8666666666666667,0.00035994663428770053,0.0005505900962942705,0.6537470192622609,14
317044,2025-03-28 15:00:00,1.08101,0.4,0.00046782104467531693,0.0005088840569020047,0.9193077250706732,15
317048,2025-03-28 16:00:00,1.08224,0.3333333333333333,0.0003652579125744973,0.00046909164861302634,0.7786493612803883,16
317051,2025-03-28 16:45:00,1.08337,0.6666666666666666,0.00044809195933507337,0.0004868705939021263,0.9203512492790878,15
317055,2025-03-28 17:45:00,1.08271,0.4,0.00028754808924947667,0.0004402250122633772,0.6531843517274816,14
317066,2025-03-28 20:30:00,1.08253,0.43333333333333335,0.0002514817219534983,0.00044324622686588757,0.5673634804106044,11
317076,2025-03-31 00:00:00,1.08155,0.5,0.00021214285547556703,0.00045307177495613636,0.46823233580618745,7
317082,2025-03-31 01:30:00,1.08117,0.23333333333333334,0.0002656269772888584,0.0004754187388473545,0.5587221444675633,19
317090,2025-03-31 03:30:00,1.08442,0.06666666666666667,0.0002491473514370733,0.00048604379174422516,0.5126026824516754,6
317093,2025-03-31 04:15:00,1.08326,0.3,0.0002764611388518115,0.0004943784584687416,0.5592095167497908,14
317094,2025-03-31 04:30:00,1.08413,0.13333333333333333,0.0002783230165175117,0.0005007531517706683,0.5558088162468047,10
317105,2025-03-31 07:15:00,1.08337,0.4,0.00023388475871828624,0.0005016750841044614,0.4662076434108606,11
317108,2025-03-31 08:00:00,1.08339,0.4666666666666667,0.00035266729637691057,0.0005110950809958729,0.6900228734147381,17
317109,2025-03-31 08:15:00,1.08287,0.5,0.0002859986318325953,0.0005141483002456016,0.5562570793212341,14
317132,2025-03-31 14:00:00,1.0819,0.6,0.00043670090792751734,0.000564229910858081,0.7739768834009216,18
317138,2025-03-31 15:30:00,1.08172,0.6,0.00032119535208380485,0.000567437240526694,0.5660455978984954,11
317150,2025-03-31 18:30:00,1.0799,0.3,0.0003515749160461231,0.0005664747870099216,0.6206364768710622,18
317159,2025-03-31 20:45:00,1.08142,0.16666666666666666,0.0001867989876027376,0.0005461386469493543,0.3420358340252384,10
317165,2025-03-31 22:15:00,1.08174,0.0,0.00014590445888251316,0.0005439919410387603,0.2682106992318793,8
317173,2025-04-01 00:15:00,1.08168,0.4,0.00013034582097116862,0.0005345878458037957,0.2438248867689523,6
317186,2025-04-01 03:30:00,1.08243,0.4,0.00018915665420945102,0.0004957840829972079,0.3815303086495342,9
317200,2025-04-01 07:00:00,1.08247,0.6,0.0002592249309577799,0.0004729906026474996,0.548055140010825,15
317201,2025-04-01 07:15:00,1.08174,0.4666666666666667,0.0003054884972954308,0.00047837016684669503,0.6386027358460499,14
317216,2025-04-01 11:00:00,1.08166,0.3,0.00022094072403617057,0.0004644104802586374,0.4757444834430206,12
317220,2025-04-01 12:00:00,1.0817,0.5333333333333333,0.0003687173908255291,0.00044607716628605683,0.8265775939517177,15
317232,2025-04-01 15:00:00,1.07868,0.5666666666666667,0.0004258837687717224,0.00046999853466742113,0.9061385033318985,18
317252,2025-04-01 20:00:00,1.07927,0.5333333333333333,0.00020189959839247594,0.0005145850916508695,0.3923541541880866,16
317276,2025-04-02 02:00:00,1.07939,0.9666666666666667,0.00018146028327101153,0.0005345475159721143,0.3394652072061593,17
317298,2025-04-02 07:30:00,1.079,0.5666666666666667,0.00019168297511693543,0.0005366616189896664,0.3571766050231111,13
317302,2025-04-02 08:30:00,1.07916,0.6666666666666666,0.0002122595921594607,0.0005305765143769685,0.40005463191054985,15
317317,2025-04-02 12:15:00,1.08001,0.4666666666666667,0.0002935874578918862,0.0005230037915960903,0.5613486223415763,20
317328,2025-04-02 15:00:00,1.08189,0.23333333333333334,0.000390206059426161,0.000476857058048682,0.8182872683543779,14
317332,2025-04-02 16:00:00,1.0826,0.4,0.0006002232158807499,0.0004837807266209107,1.2406926999203984,19
317345,2025-04-02 19:15:00,1.08538,0.8333333333333334,0.00025168442364861213,0.00044627789869199134,0.5639634505456829,4
317357,2025-04-02 22:15:00,1.08851,0.6666666666666666,0.0011803882741551238,0.0005639887750965189,2.0929286650308185,14
317398,2025-04-03 08:30:00,1.09482,0.43333333333333335,0.0007819264669489845,0.0010292833734352896,0.7596804603374309,7
317405,2025-04-03 10:15:00,1.09798,0.2,0.0005264310214756079,0.001119930863156834,0.4700567140293972,4
317416,2025-04-03 13:00:00,1.10518,0.5,0.001017772724759754,0.0014043964812630587,0.7247046958166753,4
317417,2025-04-03 13:15:00,1.10593,0.26666666666666666,0.0009033378831505912,0.0014015689752154706,0.6445190348278909,6
317426,2025-04-03 15:30:00,1.10935,1.0,0.0007939127229363665,0.001457463347128732,0.5447222563095052,4
317431,2025-04-03 16:45:00,1.11191,0.03333333333333333,0.0005479432060734028,0.0014888995449367328,0.3680189223892108,3
317434,2025-04-03 17:30:00,1.1061,0.4,0.0010234678697220924,0.0015496523500053122,0.6604499839712978,8
317449,2025-04-03 21:15:00,1.10314,0.6333333333333333,0.0008783965231601177,0.001553703534788052,0.5653565841181818,3
317450,2025-04-03 21:30:00,1.10188,0.3333333333333333,0.0006635599829555157,0.0015602895825029563,0.42528001878411464,2
317457,2025-04-03 23:15:00,1.10463,0.0,0.0006717083736676217,0.001489585154414419,0.45093653872489187,2
317464,2025-04-04 01:00:00,1.10639,0.0,0.0006018161773681641,0.0013834935425241157,0.43499746032076175,2
317469,2025-04-04 02:15:00,1.1043,0.06666666666666667,0.00037229498610822157,0.0013507540397384823,0.27562011673146736,2
317473,2025-04-04 03:15:00,1.10583,0.6666666666666666,0.0007313321153610332,0.0013397731154252458,0.5458626590882946,2
317475,2025-04-04 03:45:00,1.10621,0.8666666666666667,0.000536529369036106,0.0013280435318495866,0.40399983597591366,2
317486,2025-04-04 06:30:00,1.10903,0.8,0.0006670475006103516,0.001337214560700292,0.4988335606075232,2
317491,2025-04-04 07:45:00,1.10803,0.26666666666666666,0.0007518403174090179,0.0013663164907825804,0.550268054642588,2
317499,2025-04-04 09:45:00,1.10218,0.36666666666666664,0.0007989112465182722,0.0013629780528436482,0.5861512185405072,10
317513,2025-04-04 13:15:00,1.10514,0.5333333333333333,0.0013242010893176096,0.00123351379812894,1.0735194785224365,7
317521,2025-04-04 15:15:00,1.10352,0.2,0.0009145126885289793,0.001356884707173152,0.6739796562629241,10
317524,2025-04-04 16:00:00,1.10058,0.5,0.0007837113074488324,0.0013394943058515248,0.5850799843084232,8
317528,2025-04-04 17:00:00,1.09858,0.3,0.0006017424508365971,0.001354905653416594,0.4441212931093873,8
317534,2025-04-04 18:30:00,1.09839,0.7333333333333333,0.0005359176478163491,0.0013156128223209536,0.40735210141149564,7
317540,2025-04-04 20:00:00,1.0947,0.13333333333333333,0.0006759611331480307,0.001355088412485516,0.49883175659968665,5
317562,2025-04-07 01:30:00,1.09869,0.8333333333333334,0.0007012614642694337,0.0016875012906841375,0.41556203135414027,5
317563,2025-04-07 01:45:00,1.09977,0.13333333333333333,0.0006135045575978873,0.0016913682504157573,0.3627267790128383,6
317565,2025-04-07 02:15:00,1.09509,0.8,0.000784657300364006,0.001720802661497352,0.4559833140200042,8
317569,2025-04-07 03:15:00,1.09647,0.7,0.0007940682044507163,0.001727987045868912,0.459533655850656,6
317571,2025-04-07 03:45:00,1.09733,0.7,0.000668497150527918,0.0017169216217162765,0.3893579893645186,5
317572,2025-04-07 04:00:00,1.09675,0.7,0.0007709332993729561,0.0017176046513065822,0.44884211205792146,4
317591,2025-04-07 08:45:00,1.10078,0.2,0.0005633141469010606,0.0017409219933119564,0.3235723076996708,6
317592,2025-04-07 09:00:00,1.10024,0.6666666666666666,0.0005044632825435113,0.001739275703110779,0.2900421604471644,6
317594,2025-04-07 09:30:00,1.10275,0.43333333333333335,0.0006537145358087206,0.001780302202163288,0.3671930164521374,8
317602,2025-04-07 11:30:00,1.09593,0.6,0.0008241487151884846,0.0018050803782439229,0.4565717544335947,8
317606,2025-04-07 12:30:00,1.09846,0.4666666666666667,0.0010562200702561168,0.0018059236158020678,0.5848641996893186,7
317607,2025-04-07 12:45:00,1.09715,0.4666666666666667,0.0007903164775398696,0.0018085832494149302,0.43698097823007814,4
317608,2025-04-07 13:00:00,1.09586,0.5333333333333333,0.0007176028205114658,0.0018129182790353664,0.39582745058607616,7
317615,2025-04-07 14:45:00,1.09717,0.8333333333333334,0.0007598623067378454,0.0017379671584622865,0.43721327128537585,7
317617,2025-04-07 15:15:00,1.09708,0.4,0.0008825299038176805,0.00169644581259223,0.5202228666939518,6
317619,2025-04-07 15:45:00,1.09536,0.43333333333333335,0.0006121802678214639,0.0016279117932026617,0.37605248047076006,7
317634,2025-04-07 19:30:00,1.09426,0.6,0.0007180540029324908,0.0015882761473666473,0.4520964469075609,7
317639,2025-04-07 20:45:00,1.09326,0.5,0.0004696907411105102,0.0015541253493425884,0.3022219162110665,9
317644,2025-04-07 22:00:00,1.09156,0.7,0.0011620412613491153,0.0015685127743286964,0.7408554653604618,19
317651,2025-04-07 23:45:00,1.09082,0.9333333333333333,0.00037495679809241303,0.0015221171399386845,0.24633898946011307,9
317656,2025-04-08 01:00:00,1.09164,0.16666666666666666,0.0004473805507315657,0.001246096257137804,0.35902567572040345,13
317670,2025-04-08 04:30:00,1.0967,0.3,0.0005637287391505333,0.0011416720455926835,0.49377467139250236,4
317681,2025-04-08 07:15:00,1.09671,0.8,0.0006437001042745702,0.0011079859908053105,0.5809641183339455,4
317705,2025-04-08 13:15:00,1.09383,0.13333333333333333,0.0005098669993283669,0.0009666382736507752,0.527464112715829,13
317708,2025-04-08 14:00:00,1.09335,0.7666666666666667,0.0005099175315420281,0.0009490668172955426,0.5372830682196721,13
317723,2025-04-08 17:45:00,1.09078,0.8,0.0005338752601318762,0.000909156574508351,0.5872203700672598,9
317726,2025-04-08 18:30:00,1.09116,0.13333333333333333,0.0004797674821811975,0.0009110826665810156,0.5265905057568511,9
317744,2025-04-08 23:00:00,1.09525,0.03333333333333333,0.0002937715372771796,0.0008841442587603943,0.3322665214034857,8
317754,2025-04-09 01:30:00,1.09786,0.06666666666666667,0.0004397851472354891,0.0008926851099005965,0.492654288010316,3
317757,2025-04-09 02:15:00,1.09743,0.06666666666666667,0.0004896200965834354,0.0008929307212384146,0.5483293215674968,6
317769,2025-04-09 05:15:00,1.1022,0.6,0.00042480763074270836,0.0009411171335358936,0.4513865656091644,5
317771,2025-04-09 05:45:00,1.10181,0.5333333333333333,0.0005499296739021999,0.0009530739981311587,0.5770062712659595,6
317805,2025-04-09 14:15:00,1.10495,0.26666666666666666,0.0007552632700592928,0.001046444015240645,0.7217426437147801,10
317819,2025-04-09 17:45:00,1.10482,0.6666666666666666,0.0006328228078950686,0.0010593570134331562,0.5973650052537257,10
317828,2025-04-09 20:00:00,1.09747,0.9,0.0007997655125720422,0.0012185763804791836,0.6563113526437699,17
317830,2025-04-09 20:30:00,1.09434,0.4,0.0010932149167060144,0.0013053114634174305,0.8375126912958176,19
317852,2025-04-10 02:00:00,1.09504,0.3333333333333333,0.000693475207585991,0.0013487129379981414,0.5141755432518484,11
317858,2025-04-10 03:30:00,1.09831,0.2,0.0004085441901493198,0.0013501181120320958,0.3025988515437438,14
317867,2025-04-10 05:45:00,1.09808,0.5,0.00047700487180899316,0.0013316622065002854,0.3582026053458407,15
317873,2025-04-10 07:15:00,1.098,0.4666666666666667,0.0005193215244286779,0.001281221223556439,0.40533322027489915,17
317891,2025-04-10 11:45:00,1.10424,0.16666666666666666,0.0005157781111986584,0.0012462511645353076,0.4138636944752447,10
317898,2025-04-10 13:30:00,1.10745,0.36666666666666664,0.0008113515493530396,0.001252198197769549,0.6479417961136201,16
317912,2025-04-10 17:00:00,1.11849,0.1,0.0014980324327747855,0.0012716981409187406,1.177978000103491,11
317923,2025-04-10 19:45:00,1.12057,0.13333333333333333,0.0013381511290061576,0.0013690540712831482,0.9774275224586076,9
317924,2025-04-10 20:00:00,1.12097,0.13333333333333333,0.0011172424236263446,0.0013689467940598988,0.8161328318049,9
317929,2025-04-10 21:15:00,1.11861,0.43333333333333335,0.0009661424446639321,0.0011980871653728088,0.8064041353479465,5
317938,2025-04-10 23:30:00,1.11861,0.23333333333333334,0.0008459466358195544,0.0012051034728044361,0.7019701253129111,3
317957,2025-04-11 04:15:00,1.13185,0.06666666666666667,0.0011759796155373916,0.0013719154733859238,0.8571808091318066,4
318004,2025-04-11 16:00:00,1.13596,0.5333333333333333,0.0019107415352968213,0.0017296137128132133,1.104721546286196,4
318007,2025-04-11 16:45:00,1.13518,0.6,0.0015302320969447162,0.0017510271651369886,0.8739054010192933,3
318008,2025-04-11 17:00:00,1.13398,0.2,0.0009310245513916016,0.001756829854493328,0.5299457707929891,2
318015,2025-04-11 18:45:00,1.12942,0.26666666666666666,0.0013278756686849172,0.001659219308408809,0.8003014803138649,9
318020,2025-04-11 20:00:00,1.12851,0.8,0.0010912489712625818,0.0016875938016910903,0.6466301133418907,7
318021,2025-04-11 20:15:00,1.12961,0.6,0.0008978096187396765,0.0016868597894884264,0.5322372519247466,5
318034,2025-04-13 23:30:00,1.13172,0.6333333333333333,0.0011230899864568956,0.0016085870351866133,0.6981841590726269,6
318042,2025-04-14 01:30:00,1.13286,0.7,0.0009114513231637458,0.0015828348513719649,0.5758347577283384,6
318049,2025-04-14 03:15:00,1.13778,0.8,0.0008616924285888673,0.0015559393006920447,0.5538085118138009,2
318055,2025-04-14 04:45:00,1.13798,0.2,0.0008602073082128384,0.0014999341889450507,0.5734967004238022,3
318061,2025-04-14 06:15:00,1.13712,0.2,0.000979359944016554,0.001483074388516407,0.6603579372685792,6
318068,2025-04-14 08:00:00,1.13847,0.0,0.0005831817393001963,0.0014745095214144916,0.3955089681216518,7
318081,2025-04-14 11:15:00,1.1403,0.06666666666666667,0.0007787139118863205,0.0013563121148175176,0.5741406446045725,6
318083,2025-04-14 11:45:00,1.13904,0.0,0.00026774836830970484,0.001289268562868623,0.20767462732044334,3
318093,2025-04-14 14:15:00,1.13707,0.4666666666666667,0.0009040580076154588,0.00120118626533787,0.7526376497163536,6
318094,2025-04-14 14:30:00,1.13536,0.5,0.0009436595407191207,0.0011868124465506077,0.7951210348878672,7
318126,2025-04-14 22:30:00,1.13493,0.3333333333333333,0.000595787850549998,0.0010517588380435671,0.5664681189256796,2
318159,2025-04-15 06:45:00,1.13585,0.0,0.00030537742619203356,0.0009133417228752087,0.33435177496403257,3
318165,2025-04-15 08:15:00,1.1354,0.8333333333333334,0.0003821023259668981,0.0008890851367385415,0.4297702325432814,3
318174,2025-04-15 10:30:00,1.13544,0.7666666666666667,0.0004362676102329095,0.0008785954276672747,0.49655119580035495,3
318176,2025-04-15 11:00:00,1.13454,0.7666666666666667,0.0006080035639493018,0.0008734365220350742,0.6961050386726174,4
318184,2025-04-15 13:00:00,1.13434,0.36666666666666664,0.0007240401183900692,0.0008384151387609892,0.8635818759905225,4
318186,2025-04-15 13:30:00,1.13217,0.6333333333333333,0.0010252205064290713,0.000848854681304453,1.2077691612109545,3
318196,2025-04-15 16:00:00,1.13171,0.7333333333333333,0.0008586827690209976,0.0007332741579486218,1.1710255430563843,3
318212,2025-04-15 20:00:00,1.1272,0.4,0.0006744660625315409,0.0007302573158638757,0.9236005554202011,2
318218,2025-04-15 21:30:00,1.12846,0.0,0.0006063432429419805,0.0007364243646239205,0.8233611923630878,2
318245,2025-04-16 04:15:00,1.13225,1.0,0.0004908442497253418,0.0007324410354570276,0.6701484842654473,2
318249,2025-04-16 05:15:00,1.13307,0.8333333333333334,0.0006202952173873078,0.0007142767005713262,0.868424263161817,3
318251,2025-04-16 05:45:00,1.13393,0.9333333333333333,0.00047969046403662093,0.0007136164544321418,0.6721964734099821,3
318264,2025-04-16 09:00:00,1.13601,0.9,0.0006535936880918944,0.0007790951849508125,0.8389137819317397,7
318273,2025-04-16 11:15:00,1.136,0.8666666666666667,0.0006131742779429141,0.0008403957240264463,0.729625651835918,3
318277,2025-04-16 12:15:00,1.13661,0.16666666666666666,0.00032782718265491093,0.0008469608728451316,0.38706296024474646,3
318286,2025-04-16 14:30:00,1.1354,0.8333333333333334,0.000669035227151081,0.0008380686154386372,0.7983060274854874,5
318287,2025-04-16 14:45:00,1.1356,0.8333333333333334,0.000746847023320333,0.0008368034636226912,0.8924999187826989,5
318288,2025-04-16 15:00:00,1.13506,0.4,0.0011236435356272033,0.0008343913944197376,1.346662421427082,4
318290,2025-04-16 15:30:00,1.13681,0.13333333333333333,0.00045465869924996293,0.0008357396662330465,0.5440195285922699,5
318295,2025-04-16 16:45:00,1.1363,0.8,0.0006622664227402465,0.0008331387100554315,0.7949053557914547,3
318310,2025-04-16 20:30:00,1.13705,0.9333333333333333,0.00037859269076125735,0.0007985729926623709,0.47408651962929926,3
318329,2025-04-17 01:15:00,1.13981,0.03333333333333333,0.0002543550780871993,0.0007938543147155894,0.3204052347795401,3
318338,2025-04-17 03:30:00,1.13603,0.9,0.0006298650098910632,0.0007973276199514246,0.7899701379082243,3
318342,2025-04-17 04:30:00,1.13712,0.7333333333333333,0.0005562627281797756,0.0008019412601405761,0.6936452279338584,2
318349,2025-04-17 06:15:00,1.13664,0.16666666666666666,0.0006331458731532182,0.0008084216957752871,0.7831876314823824,3
318352,2025-04-17 07:00:00,1.13618,0.7,0.0006761141906618604,0.0008062299257622337,0.8386121242307423,3
318363,2025-04-17 09:45:00,1.13697,0.36666666666666664,0.0005642453842180146,0.0007809013887039136,0.7225565127429345,3
318366,2025-04-17 10:30:00,1.13737,0.36666666666666664,0.0007242715530612067,0.0007451305172970461,0.9720062945327953,3
318367,2025-04-17 10:45:00,1.13799,0.5333333333333333,0.0005372704320290215,0.0007452977169351088,0.7208802869253929,2
318371,2025-04-17 11:45:00,1.13782,0.5666666666666667,0.0005227641871193368,0.0006815544869800068,0.7670174536385556,3
318376,2025-04-17 13:00:00,1.13592,0.5333333333333333,0.0005527632281748632,0.0006705635419020276,0.8243263965812571,5
318384,2025-04-17 15:00:00,1.1356,0.06666666666666667,0.0005566686473937904,0.0007082411092486171,0.785987483816589,6
318385,2025-04-17 15:15:00,1.13548,0.6333333333333333,0.0005424427499440668,0.0007081226806449509,0.7660293403538713,3
318401,2025-04-17 19:15:00,1.13422,0.6666666666666666,0.0004431045115467507,0.0007193583254312886,0.6159718958991529,14
318405,2025-04-17 20:15:00,1.13487,0.6666666666666666,0.00024202151238509725,0.0007184896554305554,0.336847594889958,3
318413,2025-04-17 22:15:00,1.13756,0.06666666666666667,0.0002748360651988334,0.0006967998475517932,0.3944261270499271,4
318426,2025-04-18 01:30:00,1.13706,0.16666666666666666,0.00039180069273157754,0.0006952005213763421,0.5635794000210176,5
318443,2025-04-18 05:45:00,1.13698,0.5,0.00034050289892017486,0.0006589993589421827,0.5166968591088552,6
318447,2025-04-18 06:45:00,1.1372,0.7,0.0003397391024053534,0.0006520690308688635,0.5210170799748927,7
318464,2025-04-18 11:00:00,1.13706,0.06666666666666667,0.00018141574006076512,0.0006132498512541624,0.29582679831026504,6
318468,2025-04-18 12:00:00,1.13692,0.23333333333333334,0.00021871060739038083,0.0006088477997839005,0.3592204939691138,5
318481,2025-04-18 15:15:00,1.13776,0.8,0.0003310066294293757,0.0005495377657115665,0.6023364545306058,8
318484,2025-04-18 16:00:00,1.13781,0.7,0.00038390858175668316,0.0005235876879109517,0.7332269085402477,10
318485,2025-04-18 16:15:00,1.13857,0.3,0.0003741097795538734,0.000518823946950983,0.7210726909435008,12
318517,2025-04-21 00:15:00,1.14178,0.23333333333333334,0.0005497469012418817,0.0003227481221826129,1.7033310605315668,10
318518,2025-04-21 00:30:00,1.14207,0.4,0.00035280400680149667,0.0003233745899036583,1.0910072028436315,5
318519,2025-04-21 00:45:00,1.14286,0.16666666666666666,0.00041821369733176456,0.0003315633447879472,1.2613387574529233,4
318526,2025-04-21 02:30:00,1.14722,0.26666666666666666,0.000858732487254165,0.0003935716491258138,2.1818962040623315,9
318528,2025-04-21 03:00:00,1.14659,0.5666666666666667,0.0004821931435222667,0.00041223082321313425,1.1697163733750209,6
318554,2025-04-21 09:30:00,1.15283,0.1,0.0005644078547622546,0.0006177263291893037,0.91368592869107,4
318578,2025-04-21 15:30:00,1.15056,0.5666666666666667,0.0007297977959819172,0.0007786901247457086,0.9372120857706294,11
318583,2025-04-21 16:45:00,1.14972,0.9666666666666667,0.000508136909263822,0.0008016251857792749,0.633883413692713,7
318585,2025-04-21 17:15:00,1.14818,0.8666666666666667,0.0005907373143711727,0.0008162414827409336,0.7237286107874359,13
318599,2025-04-21 20:45:00,1.15194,0.16666666666666666,0.0005898657478356762,0.0008418844769342224,0.7006492743324013,3
318607,2025-04-21 22:45:00,1.15052,0.3333333333333333,0.0004716876567348825,0.0008515076506134043,0.5539441206371907,6
318624,2025-04-22 03:00:00,1.14901,0.03333333333333333,0.0004389143105238745,0.0008428392263252228,0.5207568618246922,8
318631,2025-04-22 04:45:00,1.15098,0.03333333333333333,0.00032968782128117507,0.0008293049126214971,0.3975471702428559,7
318632,2025-04-22 05:00:00,1.15201,0.43333333333333335,0.0005590738482159309,0.0008352109975738569,0.6693803719538457,5
318656,2025-04-22 11:00:00,1.14995,0.4666666666666667,0.0005184940369498038,0.0008351537142074347,0.6208366533361555,9
318662,2025-04-22 12:30:00,1.14968,0.13333333333333333,0.000334059882134647,0.0008397883817181491,0.39779054986588824,5
318686,2025-04-22 18:30:00,1.14509,0.5,0.0005447887525642115,0.0007738018671858091,0.7040416619121367,7
318691,2025-04-22 19:45:00,1.14327,0.7666666666666667,0.00040110827545652354,0.0007919405145552389,0.5064878839817781,14
318713,2025-04-23 01:15:00,1.13534,0.2,0.0008311866059217063,0.0009834717650143,0.8451555352070739,10
318718,2025-04-23 02:30:00,1.13717,0.4,0.000628564180261756,0.0010193079190376508,0.6166578013591772,10
318728,2025-04-23 05:00:00,1.14042,0.3,0.00042614430142028163,0.001049209856184186,0.4061573563272676,13
318731,2025-04-23 05:45:00,1.13811,0.7,0.0005961683208191256,0.001046955103271622,0.5694306460288161,7
318735,2025-04-23 06:45:00,1.13874,0.5666666666666667,0.0005292201393828958,0.0010447467081134336,0.5065535361566659,11
318752,2025-04-23 11:00:00,1.14125,0.26666666666666666,0.0003981044927687831,0.0009848130529756765,0.4042437207405858,17
318760,2025-04-23 13:00:00,1.14015,0.8666666666666667,0.0004899463569623958,0.0009852751005546931,0.49726858690183523,15
318781,2025-04-23 18:15:00,1.13557,0.36666666666666664,0.000706621348069113,0.001247189383792609,0.5665710093845817,13
318784,2025-04-23 19:00:00,1.13395,0.8666666666666667,0.000613234113914693,0.0012427643289163119,0.49344360764637657,8
318787,2025-04-23 19:45:00,1.13308,0.8666666666666667,0.0005767383887447806,0.0012371251450965404,0.4661924390032297,8
318809,2025-04-24 01:15:00,1.13324,0.6333333333333333,0.0006674878885906279,0.0011094990785418318,0.6016119359629205,10
318828,2025-04-24 06:00:00,1.13377,0.8333333333333334,0.0004796654295564842,0.00103343301552238,0.46414757642905646,9
318853,2025-04-24 12:15:00,1.13907,0.6,0.00047001208174270544,0.0010039242966827973,0.4681748248306533,11
318858,2025-04-24 13:30:00,1.13877,0.26666666666666666,0.0004913667213043338,0.0009875430736499787,0.4975648499950819,10
318859,2025-04-24 13:45:00,1.13808,0.1,0.0005820728459641351,0.0009894402977677062,0.5882849599691462,5
318879,2025-04-24 18:45:00,1.13742,0.2,0.00033848468799308715,0.0006000851553352289,0.5640610919695181,4
318880,2025-04-24 19:00:00,1.13796,0.4,0.0003333946415466729,0.0005978902471848867,0.5576184644530197,6
318881,2025-04-24 19:15:00,1.13735,0.7333333333333333,0.00033001380862224185,0.0005987846753550502,0.5511393698019404,4
318886,2025-04-24 20:30:00,1.13647,0.9333333333333333,0.00032749290131945015,0.0005897270228101312,0.5553296502488574,5
318891,2025-04-24 21:45:00,1.13952,0.6333333333333333,0.0004213739143727727,0.0005922024350758643,0.7115369498924679,10
318897,2025-04-24 23:15:00,1.13843,0.1,0.00042866065657847044,0.0005996160387609611,0.7148919122714752,6
318906,2025-04-25 01:30:00,1.13744,0.8333333333333334,0.0004991101422818585,0.0005707470085248104,0.874485778860043,7
318912,2025-04-25 03:00:00,1.13468,0.8333333333333334,0.0004981715289750344,0.0005800690950966173,0.8588141191905045,8
318922,2025-04-25 05:30:00,1.13458,0.6333333333333333,0.00034299768859042735,0.0005487991918769476,0.624996708572659,6
318936,2025-04-25 09:00:00,1.13416,0.3333333333333333,0.000572227454459925,0.0005561691744396354,1.0288730133892605,8
318954,2025-04-25 13:30:00,1.13646,0.1,0.0005761821987985723,0.0005910739129537296,0.9748056650297083,8
318962,2025-04-25 15:30:00,1.13401,0.5666666666666667,0.0004356082226221185,0.0005989124585844331,0.7273320439045561,9
319001,2025-04-28 01:15:00,1.13489,0.6,0.0004786292420759559,0.000586093996590575,0.8166424581385189,8
319004,2025-04-28 02:00:00,1.13439,0.3333333333333333,0.0003714536879974637,0.0005921654777729129,0.6272802146360699,8
319008,2025-04-28 03:00:00,1.1363,0.8333333333333334,0.00029808584657344835,0.0005951804357048539,0.5008327369168888,4
319011,2025-04-28 03:45:00,1.13545,0.6333333333333333,0.0005461504120625136,0.0006013865385915363,0.9081520403526371,7
319012,2025-04-28 04:00:00,1.13504,0.6333333333333333,0.00047157739570392285,0.000602141384996721,0.783167221941556,7
319026,2025-04-28 07:30:00,1.13765,0.26666666666666666,0.0004450281560248021,0.0005872603918883333,0.7578037990844503,8
319027,2025-04-28 07:45:00,1.13745,0.4,0.0004099179410351147,0.0005870107792308249,0.6983141631099867,6
319034,2025-04-28 09:30:00,1.13495,0.13333333333333333,0.0005279009299513496,0.0006309563921371345,0.8366678530084748,8
319036,2025-04-28 10:00:00,1.13478,0.6,0.0005997893754071769,0.000619408319823587,0.9683263143414061,10
319052,2025-04-28 14:00:00,1.13512,0.6333333333333333,0.0004661027542674943,0.0006228909236331954,0.7482895264371685,9
319057,2025-04-28 15:15:00,1.1346,0.5666666666666667,0.0005299790530907597,0.0006359912971960917,0.8333118006917541,9
319076,2025-04-28 20:00:00,1.14007,0.5666666666666667,0.0003624895958577485,0.0007730491836241709,0.4689088398727009,12
319078,2025-04-28 20:30:00,1.14093,0.13333333333333333,0.0004514646233733822,0.0007677677776993586,0.5880223636451777,12
319087,2025-04-28 22:45:00,1.14216,0.23333333333333334,0.0004681854141440494,0.0007506962520014946,0.6236682451734383,5
319090,2025-04-28 23:30:00,1.14173,0.6666666666666666,0.0003999930484319068,0.0007549239784531504,0.5298454676873531,4
319102,2025-04-29 02:30:00,1.14055,0.5333333333333333,0.0003302702921853339,0.000763767358226363,0.4324226331854436,14
319155,2025-04-29 15:45:00,1.13982,0.5,0.00045546228469946123,0.0007542472062107487,0.6038634030713238,14
319179,2025-04-29 21:45:00,1.13795,0.6666666666666666,0.0001763077060431559,0.0006298800704682895,0.27990678592526114,14
319192,2025-04-30 01:00:00,1.13912,0.6333333333333333,0.00036861923758020496,0.0006414224607748029,0.5746902550542637,10
319195,2025-04-30 01:45:00,1.13912,0.7,0.00028279415876531714,0.0006414750150068719,0.44084984161431084,11
319200,2025-04-30 03:00:00,1.1382,0.5333333333333333,0.0003131490825330246,0.0006362253818069941,0.49219834902471993,15
319206,2025-04-30 04:30:00,1.13682,0.7666666666666667,0.0004076301170064975,0.0006683297132796654,0.6099236782487971,17
319222,2025-04-30 08:30:00,1.13873,0.26666666666666666,0.000447080465319241,0.0006215734023760684,0.7192721947403172,16
319241,2025-04-30 13:15:00,1.13637,0.4666666666666667,0.0005004415084517229,0.0006095334004202953,0.8210239309390599,20
319247,2025-04-30 14:45:00,1.13795,0.36666666666666664,0.00044405413706895074,0.0006176759334962941,0.7189111846327342,21
319250,2025-04-30 15:30:00,1.1364,0.7,0.00041610157135252057,0.0005859213132563267,0.7101663003859462,21
319257,2025-04-30 17:15:00,1.13606,0.7,0.0005186263096737627,0.0005935756461902855,0.8737324602221029,20
319267,2025-04-30 19:45:00,1.13626,0.43333333333333335,0.0003109303205456981,0.0006348910973058348,0.4897380383267828,17
319286,2025-05-01 00:30:00,1.13236,0.36666666666666664,0.0004051027595457945,0.0006618688236812688,0.6120589836708743,8
319303,2025-05-01 04:45:00,1.13116,0.6,0.0002852500150859981,0.0006161297060788093,0.46297072235226994,6
319306,2025-05-01 05:30:00,1.13046,0.8333333333333334,0.00022306844141106686,0.0006168197677235072,0.3616428219127026,6
319308,2025-05-01 06:00:00,1.13115,0.1,0.00034142727105336795,0.0006235971134163624,0.5475125905937354,7
319317,2025-05-01 08:15:00,1.13066,0.16666666666666666,0.00037980174281501363,0.0006365957729556976,0.5966136737785801,8
319319,2025-05-01 08:45:00,1.13072,0.23333333333333334,0.00027686966709250315,0.0006343931975590927,0.4364322760045251,7
319321,2025-05-01 09:15:00,1.12929,0.6333333333333333,0.000496076154182258,0.0006175077198737197,0.8033521496439034,13
319335,2025-05-01 12:45:00,1.13272,0.5333333333333333,0.00032086619558475266,0.0006374195824649276,0.5033830218142185,10
319346,2025-05-01 15:30:00,1.13231,0.7,0.0004620412908378526,0.0006409438345765594,0.720876410556474,12
319366,2025-05-01 20:30:00,1.12802,0.5666666666666667,0.00030552964620182693,0.0006154571730709495,0.4964271432199323,9
319367,2025-05-01 20:45:00,1.12881,0.4666666666666667,0.00036895964225245703,0.0005987066119418796,0.6162611785023586,7
319372,2025-05-01 22:00:00,1.12878,0.5,0.0002832408155440906,0.000584041801618809,0.4849666834788575,6
319388,2025-05-02 02:00:00,1.12953,0.26666666666666666,0.0003763740655405291,0.0005799495103433492,0.6489772968645205,4
319390,2025-05-02 02:30:00,1.12815,0.8333333333333334,0.0003502253061879185,0.0005858024877356502,0.5978556143414016,6
319394,2025-05-02 03:30:00,1.12821,0.6,0.00037893923590964236,0.0005904338069588807,0.6417979991041276,7
319404,2025-05-02 06:00:00,1.13122,0.5333333333333333,0.0003993851139536421,0.0006017675220522281,0.6636867217286928,12
319408,2025-05-02 07:00:00,1.13034,0.6333333333333333,0.0003518479776461413,0.0005959863887146297,0.5903624383183913,8
319412,2025-05-02 08:00:00,1.13072,0.8,0.00034141305687565544,0.0005941301658853012,0.5746435318040498,10
319422,2025-05-02 10:30:00,1.13254,0.36666666666666664,0.0003996210250560515,0.0005989154228317592,0.6672411659839802,11
319437,2025-05-02 14:15:00,1.13366,0.7333333333333333,0.00048943653271574,0.0006167427959527031,0.7935828937566933,18
319438,2025-05-02 14:30:00,1.1332,0.8,0.0004742757392762565,0.0006129481030253275,0.7737616560608869,17
319447,2025-05-02 16:45:00,1.13624,0.6666666666666666,0.0005248075648938887,0.0006971679559914846,0.7527706349433806,13
319454,2025-05-02 18:30:00,1.13339,0.5333333333333333,0.0006001406374973914,0.0006878228666511424,0.8725220788592616,17
319474,2025-05-04 23:30:00,1.12998,0.3,0.0003694877441837188,0.000700547703580098,0.5274269579294582,5
319476,2025-05-05 00:00:00,1.12973,0.36666666666666664,0.0002531045106572205,0.000702336386902551,0.3603750501571815,4
319492,2025-05-05 04:00:00,1.13345,0.43333333333333335,0.00031444552071691815,0.0007252202660167647,0.433586229524437,21
319515,2025-05-05 09:45:00,1.13229,0.3333333333333333,0.0003981375051763225,0.0007101323757028353,0.5606525188804075,12
319517,2025-05-05 10:15:00,1.13251,0.3,0.00038710904594812986,0.0007270701457473592,0.532423244459059,11
319518,2025-05-05 10:30:00,1.13244,0.23333333333333334,0.0003571120455987509,0.0007235027427406314,0.4935876873749075,13
319521,2025-05-05 11:15:00,1.13361,0.3333333333333333,0.000363127902445912,0.000718205784594945,0.5056042574910609,21
319527,2025-05-05 12:45:00,1.13394,0.2,0.0002997891284544074,0.0007016645709202584,0.4272541907898002,15
319532,2025-05-05 14:00:00,1.1342,0.4666666666666667,0.00047066118451614665,0.0007009501764624163,0.6714616820435064,18
319534,2025-05-05 14:30:00,1.1358,0.6,0.0005948491055519865,0.0007050327339950345,0.8437184216700155,12
319547,2025-05-05 17:45:00,1.13196,0.5333333333333333,0.00046466653503983457,0.0006195760833084796,0.7499749386040819,14
319552,2025-05-05 19:00:00,1.13017,0.6666666666666666,0.0005812248450077902,0.000586410224443191,0.9911574198073977,11
319570,2025-05-05 23:30:00,1.13143,0.13333333333333333,0.0002543520592191966,0.0005444549763790968,0.46716821455240887,7
319571,2025-05-05 23:45:00,1.13163,0.5,0.0002492885412036398,0.0005447094986453907,0.4576541107206361,5
319591,2025-05-06 04:45:00,1.13061,0.7,0.0004057156074096132,0.000542989566774129,0.7471885874712975,9
319596,2025-05-06 06:00:00,1.13146,0.16666666666666666,0.000366194570433508,0.00053493047892596,0.6845647889960542,10
319606,2025-05-06 08:30:00,1.13211,0.4666666666666667,0.0004115036214948098,0.000521625120219765,0.7888876619313118,13
319607,2025-05-06 08:45:00,1.13339,0.26666666666666666,0.0003776350827881922,0.0005359083460173858,0.7046635597198574,15
319613,2025-05-06 10:15:00,1.13427,0.26666666666666666,0.0004357133808833224,0.0005593527349478749,0.7789599543549667,14
319614,2025-05-06 10:30:00,1.13403,0.3,0.0003087583669691713,0.0005598071293209562,0.551544185126213,14
319617,2025-05-06 11:15:00,1.13222,0.6333333333333333,0.0005561676025318854,0.0005467231226493981,1.0172747035770497,16
319632,2025-05-06 15:00:00,1.13401,0.5,0.0005908403877882267,0.0005352820802323002,1.1037925789180454,15
319643,2025-05-06 17:45:00,1.13413,0.6666666666666666,0.0002944830699850689,0.0005523646656002798,0.5331316217793199,16
319651,2025-05-06 19:45:00,1.13659,0.2,0.00039117671354383797,0.0005718927702633969,0.6840035997721629,11
319660,2025-05-06 22:00:00,1.13723,0.5,0.0003706435658309646,0.0005747607710024181,0.6448658024877715,14
319663,2025-05-06 22:45:00,1.13694,0.13333333333333333,0.000229115786571165,0.0005801397824023274,0.39493203796920967,7
319675,2025-05-07 01:45:00,1.134,0.7333333333333333,0.0004027088131077197,0.00069400711298238,0.5802661177017994,16
319685,2025-05-07 04:15:00,1.13361,0.5333333333333333,0.0003443782729835828,0.0007413619005623169,0.4645211370079507,15
319691,2025-05-07 05:45:00,1.13367,0.5666666666666667,0.00035134962967128114,0.0007308877327398727,0.4807162768407396,16
319701,2025-05-07 08:15:00,1.13668,0.23333333333333334,0.00037604975968181473,0.0007441610002728809,0.5053338720302714,12
319709,2025-05-07 10:15:00,1.13636,0.26666666666666666,0.0003104124541703423,0.0007329466799358919,0.4235130094285889,14
319712,2025-05-07 11:00:00,1.1358,0.6333333333333333,0.000318286257776123,0.000737417377980781,0.43162294147130664,13
319715,2025-05-07 11:45:00,1.13592,0.43333333333333335,0.0003256431774945094,0.000735607792651598,0.4426858724819709,14
319728,2025-05-07 15:00:00,1.13588,0.4666666666666667,0.000392255100628138,0.0007388975951764665,0.5308653096028253,15
319737,2025-05-07 17:15:00,1.13651,0.4666666666666667,0.0002900978047476869,0.0007304708861681334,0.39713807934148754,14
319745,2025-05-07 19:15:00,1.13456,0.4666666666666667,0.0004051978763830566,0.0007234571345195256,0.5600855352019762,15
319747,2025-05-07 19:45:00,1.13378,0.7,0.0003097998771585299,0.0007274819143599735,0.4258523422277607,15
319770,2025-05-08 01:30:00,1.1305,0.7333333333333333,0.0002456983384213245,0.0007025125371918593,0.3497422827547677,12
319778,2025-05-08 03:30:00,1.1313,0.6666666666666666,0.0003291811120624741,0.0006837024169918546,0.48146840479342035,17
319791,2025-05-08 06:45:00,1.13232,0.7,0.00026088870328395893,0.0006839691473383503,0.38143343789584827,14
319799,2025-05-08 08:45:00,1.1279,0.6333333333333333,0.0005698270932008453,0.0006985200148907183,0.815763444215687,8
319800,2025-05-08 09:00:00,1.12817,0.8,0.0004929076378910776,0.0006989630402967225,0.7051984289209762,10
319803,2025-05-08 09:45:00,1.12903,0.6,0.0004143508091283499,0.0007064762724958401,0.5865035037405162,11
319822,2025-05-08 14:30:00,1.13048,0.6666666666666666,0.0004839586300542235,0.0007254011271186135,0.6671600194179039,18
319823,2025-05-08 14:45:00,1.13074,0.6,0.0004142743291560135,0.0007211235550972718,0.5744845335140001,26
319825,2025-05-08 15:15:00,1.13064,0.6666666666666666,0.0005207039884142883,0.0007273155430718793,0.7159258362815272,22
319863,2025-05-09 00:45:00,1.12287,0.5666666666666667,0.00027402659830292177,0.0007308840892251288,0.3749248373889767,8
319910,2025-05-09 12:30:00,1.12425,0.9,0.0004307222028696442,0.0006946566948365569,0.6200504595597213,5
319912,2025-05-09 13:00:00,1.12454,0.5333333333333333,0.00043489064161586786,0.0006946117484417829,0.626091687322385,4
319913,2025-05-09 13:15:00,1.12538,0.13333333333333333,0.0004002540704679734,0.0006847027198052556,0.584566204997425,8
319918,2025-05-09 14:30:00,1.1253,0.5666666666666667,0.00039748419591942704,0.0006753961226249988,0.5885201033943791,6
319948,2025-05-09 22:00:00,1.12568,0.16666666666666666,0.00024688911020289295,0.0005403079495424167,0.4569414727508299,9
319960,2025-05-12 01:00:00,1.12248,0.8,0.00043856590276759833,0.0006884385654524194,0.6370443562809227,4
319967,2025-05-12 02:45:00,1.12365,0.13333333333333333,0.00028565392054859105,0.0006977300785577586,0.4094046241191885,3
319976,2025-05-12 05:00:00,1.12279,0.4666666666666667,0.00046524110113528496,0.0006872405262083746,0.6769698284559861,4
319993,2025-05-12 09:15:00,1.11587,1.0,0.0009318152904170914,0.0009004203804583366,1.0348669473060728,15
320012,2025-05-12 14:00:00,1.11108,0.4,0.0008676482153536024,0.001087051634934877,0.7981665152507511,11
320016,2025-05-12 15:00:00,1.11131,0.5,0.0006937680644882353,0.0010998389100214374,0.6307906168501647,11
320019,2025-05-12 15:45:00,1.11229,0.9333333333333333,0.00037666681841580366,0.001100851160801002,0.3421596232334743,5
320029,2025-05-12 18:15:00,1.11053,0.16666666666666666,0.0004700930163615334,0.0010877012131973057,0.43218947506704675,6
320047,2025-05-12 22:45:00,1.10888,0.3333333333333333,0.0003265821417040862,0.0011087470902747976,0.2945506189541786,4
320049,2025-05-12 23:15:00,1.10876,0.7333333333333333,0.00037237989070345364,0.001111411961106721,0.3350511815012729,4
320058,2025-05-13 01:30:00,1.10907,0.8666666666666667,0.000285487115170647,0.001019728983242797,0.2799637157147201,2
320064,2025-05-13 03:00:00,1.11038,0.4,0.00047724795765934303,0.001019343052734079,0.46819170089919177,2
320075,2025-05-13 05:45:00,1.11088,0.8666666666666667,0.00041300500842468714,0.001009316655065614,0.4091927011724961,3
320086,2025-05-13 08:30:00,1.11051,0.2,0.0004887751368421519,0.0010129586245163941,0.482522311388091,3
320123,2025-05-13 17:45:00,1.11722,0.13333333333333333,0.0004457093290385104,0.0005404331343060325,0.8247261330688828,4
320124,2025-05-13 18:00:00,1.11747,0.1,0.0004086595946312222,0.0005331211890595381,0.7665416475982233,3
320144,2025-05-13 23:00:00,1.1184,0.8333333333333334,0.00034522685390598365,0.00048515800305651605,0.711576129283738,4
320148,2025-05-14 00:00:00,1.11853,0.26666666666666666,0.00043406918978689343,0.00047532157421945347,0.9132116304623824,4
320153,2025-05-14 01:15:00,1.11876,0.2,0.00042547638366503983,0.0004864104469957634,0.8747270670129043,4
320154,2025-05-14 01:30:00,1.11894,0.3,0.0003882022640049715,0.00048646229738683836,0.7980109991880219,4
320160,2025-05-14 03:00:00,1.11917,0.4666666666666667,0.00034508409242326463,0.00048702084884892524,0.7085612314932135,3
320173,2025-05-14 06:15:00,1.1191,0.6333333333333333,0.0002501211476785476,0.000492590461456642,0.5077669326744838,2
320175,2025-05-14 06:45:00,1.11924,0.6,0.00025096213478610754,0.0004900084226416395,0.5121588184814633,3
320182,2025-05-14 08:30:00,1.11943,0.0,0.00029111558031131527,0.0004972305507405158,0.5854740419263509,3
320187,2025-05-14 09:45:00,1.1204,0.26666666666666666,0.0003797527394321709,0.0005185188421005433,0.7323798261482174,13
320192,2025-05-14 11:00:00,1.12379,0.23333333333333334,0.0005061507598763756,0.0005381314814024326,0.9405708035465392,8
320202,2025-05-14 13:30:00,1.12203,0.9333333333333333,0.00046234347791795807,0.0005547023751779282,0.8334982841377868,9
320204,2025-05-14 14:00:00,1.12166,0.9333333333333333,0.0004158182565845666,0.0005620677822266075,0.7398009096648813,12
320209,2025-05-14 15:15:00,1.12129,0.6333333333333333,0.0005738104069861645,0.0005940374068788359,0.9659499559144816,14
320210,2025-05-14 15:30:00,1.12207,0.7333333333333333,0.00040202869279153705,0.0005708279303509567,0.7042905075516567,12
320216,2025-05-14 17:00:00,1.1212,0.9333333333333333,0.0004069964564294423,0.0005685510360412723,0.7158485881290304,10
320227,2025-05-14 19:45:00,1.11847,0.1,0.0005881246918993104,0.0005637279893665871,1.0432774369783124,6
320279,2025-05-15 08:45:00,1.12161,0.3333333333333333,0.0006100589483631415,0.0005875663198190433,1.0382810038380441,9
320282,2025-05-15 09:30:00,1.12111,0.26666666666666666,0.0004035168812086589,0.0006023225632135208,0.6699348585844258,9
320288,2025-05-15 11:00:00,1.12093,0.1,0.00036745009214405976,0.0005773720585819989,0.6364182102031426,11
320296,2025-05-15 13:00:00,1.11996,0.5333333333333333,0.0003407677680054788,0.0005394635637734206,0.6316789323488105,11
320309,2025-05-15 16:15:00,1.12024,0.5,0.0002934805079449611,0.0005512050410193839,0.5324343685286442,13
320310,2025-05-15 16:30:00,1.11902,0.6,0.0004164337134192574,0.0005584689815072859,0.7456702649721371,15
320311,2025-05-15 16:45:00,1.11778,0.8333333333333334,0.0004786870175044424,0.0005649188371095163,0.8473553828612076,10
320326,2025-05-15 20:30:00,1.11711,0.36666666666666664,0.00029549231413863417,0.0005828605631520734,0.5069691326183234,7
320349,2025-05-16 02:15:00,1.11971,0.43333333333333335,0.00030002171315310485,0.0005656452379818079,0.5304061503700912,4
320363,2025-05-16 05:45:00,1.12019,0.6333333333333333,0.00018354089729741838,0.0005640721858719721,0.32538547706210924,2
320369,2025-05-16 07:15:00,1.12094,0.3,0.0003564548176364511,0.0005676096513039824,0.6279928764733993,4
320371,2025-05-16 07:45:00,1.12133,0.1,0.0003739562318581667,0.0005707887310845352,0.6551569985406438,5
320384,2025-05-16 11:00:00,1.11986,0.6333333333333333,0.00017144336900946867,0.0005258669871310218,0.32602040669031934,7
320385,2025-05-16 11:15:00,1.12026,0.13333333333333333,0.00018510225057008885,0.0005272669414133463,0.3510598447039363,6
320406,2025-05-16 16:30:00,1.1181,0.5333333333333333,0.00032512941557942847,0.00048115959903008155,0.6757205223273572,16
320422,2025-05-16 20:30:00,1.11466,0.1,0.00036168450880698025,0.00047207552412673867,0.7661581469957303,7
320432,2025-05-18 23:00:00,1.11597,0.5333333333333333,0.00027329818131796287,0.00047461674537923644,0.5758292010948486,12
320449,2025-05-19 03:15:00,1.11892,0.5,0.0003390508668591264,0.0005501719870969282,0.6162634136430379,7
320477,2025-05-19 10:15:00,1.12475,0.4666666666666667,0.0006275729775082075,0.0005968726954639062,1.051435226100333,10
320496,2025-05-19 15:00:00,1.12564,0.9333333333333333,0.00042784938290994887,0.0006313147636342553,0.6777116702403276,8
320497,2025-05-19 15:15:00,1.12597,0.4,0.0005386547312994964,0.0006312267092362465,0.8533459110930879,8
320498,2025-05-19 15:30:00,1.12589,0.6,0.000557802664920028,0.0006310249362395336,0.8839629512014866,10
320509,2025-05-19 18:15:00,1.12376,0.26666666666666666,0.00031056128111729003,0.0005791902104381268,0.5361991199443216,6
320515,2025-05-19 19:45:00,1.12283,0.7666666666666667,0.00029740552862188486,0.0005765647363607818,0.5158233063282337,5
320528,2025-05-19 23:00:00,1.12329,0.7333333333333333,0.0002937840035939221,0.0005854765037603665,0.5017861548790127,7
320539,2025-05-20 01:45:00,1.12323,0.8,0.0001946927019195951,0.0005363766476764621,0.36297758816120584,5
320545,2025-05-20 03:15:00,1.1238,0.23333333333333334,0.0003639890608023082,0.0005472950430028592,0.6650691714750403,11
320554,2025-05-20 05:30:00,1.12425,0.4,0.00029552496707763523,0.0005236302453190372,0.5643771911944809,10
320569,2025-05-20 09:15:00,1.12708,0.2,0.0005156462884239713,0.0005425808325033451,0.9503584674100927,7
320571,2025-05-20 09:45:00,1.12714,0.2,0.0004994877556273191,0.0005395404976243002,0.9257650868223221,6
320581,2025-05-20 12:15:00,1.12483,0.4666666666666667,0.00035311587638535105,0.0005213682719659485,0.6772868534056359,12
320586,2025-05-20 13:30:00,1.12484,0.43333333333333335,0.00040512776236479946,0.0005116408800753496,0.7918205486339093,13
320588,2025-05-20 14:00:00,1.12456,0.2,0.0002613061487921292,0.000509164276419315,0.5132059747587914,11
320590,2025-05-20 14:30:00,1.12268,0.7,0.00042732582829215355,0.0005198731528866918,0.8219809503902017,10
320598,2025-05-20 16:30:00,1.12631,0.26666666666666666,0.0005797732172400149,0.0005475065405059136,1.0589338653457654,12
320612,2025-05-20 20:00:00,1.12735,0.2,0.0005076556642485652,0.0005567236755274302,0.9118628981740738,4
320613,2025-05-20 20:15:00,1.12776,0.06666666666666667,0.0003318089638153507,0.0005578683356221363,0.5947800630148984,5
320614,2025-05-20 20:30:00,1.12784,0.06666666666666667,0.00032634136094404295,0.0005578762365586203,0.5849708941846133,3
320615,2025-05-20 20:45:00,1.1274,0.8,0.0003748492874745972,0.0005599102971576631,0.6694809675362066,3
320620,2025-05-20 22:00:00,1.128,0.03333333333333333,0.00020509954568024414,0.0005554558037167973,0.3692454814727536,3
320647,2025-05-21 04:45:00,1.13212,0.03333333333333333,0.00043403334228333043,0.0005663423152106584,0.7663798565393901,5
320650,2025-05-21 05:30:00,1.13231,0.06666666666666667,0.0004165540804779727,0.0005645909334649352,0.7377980335630796,4
320651,2025-05-21 05:45:00,1.133,0.5,0.0005508644205062732,0.0005588014817541368,0.9857962773775253,8
320652,2025-05-21 06:00:00,1.13335,0.5666666666666667,0.00038819287366977936,0.0005527631751881682,0.7022770168031421,5
320661,2025-05-21 08:15:00,1.13378,0.1,0.000492311088870886,0.0005595011953455594,0.8799107007569922,5
320665,2025-05-21 09:15:00,1.13192,0.9333333333333333,0.0005826164591718642,0.0005802954786719357,1.0039996529099973,4
320673,2025-05-21 11:15:00,1.13238,0.6666666666666666,0.00035560700983591656,0.0005570140634407102,0.6384165736127201,2
320718,2025-05-21 22:30:00,1.13271,0.03333333333333333,0.00018141718099215433,0.0006174147052619029,0.29383359263397923,5
320730,2025-05-22 01:30:00,1.13243,0.1,0.0003127854170856915,0.000620252194199865,0.5042874817866457,7
320739,2025-05-22 03:45:00,1.13315,0.43333333333333335,0.0003407298330570129,0.0006356329137968873,0.5360481272464299,7
320744,2025-05-22 05:00:00,1.13382,0.13333333333333333,0.0003653706415863074,0.0006075915176339966,0.6013425648354769,5
320754,2025-05-22 07:30:00,1.13296,0.36666666666666664,0.0003749846266141352,0.000601604289929061,0.6233077670678713,9
320757,2025-05-22 08:15:00,1.13366,0.2,0.0005099086250659485,0.0005969171557318948,0.854236840354734,8
320783,2025-05-22 14:45:00,1.12928,0.9666666666666667,0.00046268940053553737,0.0005916623016173659,0.7820160237871017,9
320785,2025-05-22 15:15:00,1.13041,0.6,0.0004760081280034672,0.0005997310385839009,0.793702672330298,8
320791,2025-05-22 16:45:00,1.12881,0.36666666666666664,0.0004983020555347829,0.0005975415060426381,0.8339204063578909,7
320795,2025-05-22 17:45:00,1.12814,0.7,0.00038704580256941954,0.0006009241598854742,0.6440842761974885,4
320820,2025-05-23 00:00:00,1.12788,0.5666666666666667,0.00031522893310565646,0.0005639621266339573,0.5589540825855094,3
320836,2025-05-23 04:00:00,1.13137,0.03333333333333333,0.00028619436677190585,0.000565536874061131,0.5060578361880078,6
320855,2025-05-23 08:45:00,1.1313,0.4666666666666667,0.00040534048664991803,0.0005874280440774465,0.6900257669626647,8
320856,2025-05-23 09:00:00,1.13118,0.8333333333333334,0.00040779564133771126,0.0005861832955953933,0.695679396533312,8
320866,2025-05-23 11:30:00,1.13459,0.3,0.00036536253105132573,0.0005576592676445987,0.6551716294333596,8
320870,2025-05-23 12:30:00,1.13471,0.7333333333333333,0.0005450581314575759,0.000548689750963092,0.9933812878787298,12
320873,2025-05-23 13:15:00,1.13416,0.2,0.0003759446063800509,0.0005471774883478825,0.6870615374092917,10
320881,2025-05-23 15:15:00,1.13226,0.5666666666666667,0.0005352211802327741,0.0007093984196085185,0.7544719094921807,10
320902,2025-05-23 20:30:00,1.13629,0.1,0.00028554840513315483,0.0006931480350914677,0.41195876014490024,6
320919,2025-05-26 00:45:00,1.13737,0.5666666666666667,0.0004247866842554282,0.0007029591279424367,0.6042836167428113,8
320961,2025-05-26 11:15:00,1.13824,0.3333333333333333,0.0003981057702974059,0.0007124418362675464,0.5587905566903058,10
320971,2025-05-26 13:45:00,1.13748,0.36666666666666664,0.0004181835356952905,0.0007072969767827234,0.591241797183241,11
320972,2025-05-26 14:00:00,1.13768,0.26666666666666666,0.00037633997162075684,0.0007037794394828766,0.5347413557538483,10
320973,2025-05-26 14:15:00,1.13782,0.3,0.000375667318504195,0.0006898463975694644,0.5445666163189132,10
320976,2025-05-26 15:00:00,1.13747,0.06666666666666667,0.000357318839604607,0.0006333043345543245,0.5642134754313076,8
320993,2025-05-26 19:15:00,1.1383,0.23333333333333334,0.00021231715139341734,0.0004497039350745268,0.4721265144327262,6
321000,2025-05-26 21:00:00,1.13805,0.13333333333333333,0.00019639581777980764,0.0004344370347818938,0.4520696949292245,4
321005,2025-05-26 22:15:00,1.13847,0.5666666666666667,0.0001466216025449472,0.00042962518336785177,0.34127795162186175,3
321017,2025-05-27 01:15:00,1.1389,0.06666666666666667,0.00023864958406828423,0.0004215170274474296,0.5661683123774827,4
321025,2025-05-27 03:15:00,1.14057,0.06666666666666667,0.0002810679551785861,0.0004040772710452921,0.6955797203131523,9
321033,2025-05-27 05:15:00,1.13972,0.2,0.0003378372805344624,0.0003829911702722063,0.8821020084989132,7
321034,2025-05-27 05:30:00,1.13963,0.3333333333333333,0.0002424001363142334,0.0003825654330706698,0.6336174556300171,7
321042,2025-05-27 07:30:00,1.13703,0.8,0.0003756000311750367,0.00040153196076877964,0.9354175205777063,10
321043,2025-05-27 07:45:00,1.13765,0.3,0.000367847667983259,0.00040631887861539276,0.9053176885030999,10
321044,2025-05-27 08:00:00,1.1378,0.8,0.0002675188668191694,0.0004066667670244252,0.6578331167225713,6
321056,2025-05-27 11:00:00,1.13483,0.8666666666666667,0.0002965881285163279,0.0004823703292887181,0.6148556627719279,8
321058,2025-05-27 11:30:00,1.13493,0.3333333333333333,0.00033580538793607617,0.00048415046555657363,0.6935971600275924,9
321059,2025-05-27 11:45:00,1.13496,0.3333333333333333,0.00032589050325936686,0.0004788880686205518,0.6805149775355691,10
321061,2025-05-27 12:15:00,1.13465,0.2,0.00033050472215897066,0.0004787355382037536,0.6903701433970111,12
321068,2025-05-27 14:00:00,1.13507,0.6,0.00042560393719376415,0.0004821047577542123,0.8828038519602133,11
321079,2025-05-27 16:45:00,1.13416,0.4666666666666667,0.0002995146972526387,0.000499725136162969,0.5993588786675756,11
321105,2025-05-27 23:15:00,1.13232,1.0,0.00015415065804123406,0.0005153064136303586,0.2991436822127542,5
321152,2025-05-28 11:00:00,1.13315,0.5666666666666667,0.0002243755870386369,0.0005134966487571962,0.43695628312606877,17
321163,2025-05-28 13:45:00,1.13247,0.7333333333333333,0.0005573955990764011,0.0005043076961768652,1.105268873154213,15
321167,2025-05-28 14:45:00,1.13104,0.3333333333333333,0.0004358332551263888,0.0005081641596790587,0.8576623258941521,15
321173,2025-05-28 16:15:00,1.13185,0.6333333333333333,0.0004739501237021367,0.0005241298608256125,0.90426086954017,15
321177,2025-05-28 17:15:00,1.12976,0.6,0.00038273685668002006,0.0005418670086993865,0.7063298752929842,8
321179,2025-05-28 17:45:00,1.12877,0.8666666666666667,0.0005140018335366553,0.0005418849528377996,0.9485442082214628,7
321181,2025-05-28 18:15:00,1.12932,0.5666666666666667,0.00040305228526921384,0.0005482596408754481,0.7351485595868946,6
321195,2025-05-28 21:45:00,1.12901,0.16666666666666666,0.00021128597463223415,0.0005476440902509355,0.38580891932097905,3
321197,2025-05-28 22:15:00,1.12928,0.1,0.00026977906893662756,0.0005486827033060653,0.4916850254456442,4
321200,2025-05-28 23:00:00,1.12912,0.3333333333333333,0.00019236762075623573,0.0005455361891759717,0.35262119099157396,3
321209,2025-05-29 01:15:00,1.1278,0.6333333333333333,0.000520292448403922,0.000553038595943542,0.9407886759083213,5
321225,2025-05-29 05:15:00,1.12458,0.36666666666666664,0.000491055795521129,0.0008405966416830237,0.5841753002224089,7
321232,2025-05-29 07:00:00,1.12473,0.7666666666666667,0.0004558444590340322,0.0008328878270424358,0.5473059447305464,6
321252,2025-05-29 12:00:00,1.12776,0.4,0.00029477104783167226,0.0008232338972532585,0.3580647599852042,8
321267,2025-05-29 15:45:00,1.13427,0.36666666666666664,0.0005370020425191777,0.0009450891981662777,0.56820249724693,15
321280,2025-05-29 19:00:00,1.1371,0.7666666666666667,0.0002619569056610182,0.0009172852018964524,0.2855784712534687,5
321283,2025-05-29 19:45:00,1.13825,0.03333333333333333,0.0003975824343257072,0.0009407019241996114,0.4226444361363319,8
321286,2025-05-29 20:30:00,1.13779,0.2,0.00027071558010684455,0.0009453073894803079,0.28637836022383484,6
321288,2025-05-29 21:00:00,1.13748,0.6,0.00027990570894187276,0.0009465452894074922,0.29571295961663385,7
321299,2025-05-29 23:45:00,1.13646,0.5,0.00026703601379929456,0.0009421209792792079,0.2834413198224254,4
321301,2025-05-30 00:15:00,1.13689,0.9333333333333333,0.00019777827671275703,0.000942326421027754,0.2098829792939998,4
321324,2025-05-30 06:00:00,1.1349,0.5333333333333333,0.00030470980912731307,0.0006864343397927143,0.4439023391797789,16
321332,2025-05-30 08:00:00,1.13508,0.26666666666666666,0.00034941729012869454,0.0006817520207331309,0.5125284260293708,16
321336,2025-05-30 09:00:00,1.13457,0.5333333333333333,0.0002765280635191168,0.0006924934135745296,0.3993223012645382,13
321356,2025-05-30 14:00:00,1.13375,0.1,0.0003469338851985179,0.0007102605967490859,0.4884599917079159,21
321381,2025-05-30 20:15:00,1.13623,0.6,0.00037900138008392534,0.0006071243358553845,0.624256610550697,7
321392,2025-06-01 23:00:00,1.13465,0.36666666666666664,0.00021688797561017332,0.0005716201331074928,0.3794267609699249,15
321397,2025-06-02 00:15:00,1.13556,0.43333333333333335,0.0003455410177330269,0.000575840043712902,0.600064239202691,9
321422,2025-06-02 06:30:00,1.13638,0.2,0.00029251326785602924,0.0005798115649694811,0.5044971254952908,5
321426,2025-06-02 07:30:00,1.13717,0.16666666666666666,0.0003385702641409904,0.0005814225471626871,0.582313613039598,7
321433,2025-06-02 09:15:00,1.14121,0.43333333333333335,0.0007755446023077189,0.0005959312610966472,1.3013994279819165,12
321439,2025-06-02 10:45:00,1.14175,0.4,0.00036898390391160987,0.0005847224092577339,0.631041154006754,10
321466,2025-06-02 17:30:00,1.14327,0.7666666666666667,0.00045590047460942085,0.0005718135158140691,0.797288734877791,3
321468,2025-06-02 18:00:00,1.14301,0.5666666666666667,0.00032800000165483225,0.0005512097241374189,0.5950548172351555,6
321481,2025-06-02 21:15:00,1.14368,0.8,0.0003879172874250506,0.0005539629329923241,0.70025856302271,3
321491,2025-06-02 23:45:00,1.14344,0.2,0.0002800626303496099,0.0005478632003682157,0.5111908048603765,6
321501,2025-06-03 02:15:00,1.14453,0.43333333333333335,0.0003722115252084773,0.0005484137089494016,0.6787057273267739,5
321514,2025-06-03 05:30:00,1.14191,0.43333333333333335,0.0003064431899034118,0.0005252916457848,0.5833772388395352,7
321517,2025-06-03 06:15:00,1.14188,0.6333333333333333,0.00028425923891624055,0.0005188551358272169,0.5478585818815163,5
321532,2025-06-03 10:00:00,1.14154,0.7,0.000310043645646053,0.0005194383135812783,0.5968825123977678,9
321551,2025-06-03 14:45:00,1.13807,0.3333333333333333,0.0003877055106893907,0.000505131872233466,0.7675332561676048,7
321557,2025-06-03 16:15:00,1.13777,0.16666666666666666,0.00038999679502449956,0.000516027261171357,0.7557678137763995,13
321563,2025-06-03 17:45:00,1.13765,0.23333333333333334,0.0002729167326204726,0.00046823408553985866,0.5828638731112633,5
321577,2025-06-03 21:15:00,1.13737,0.3333333333333333,0.00019758442581907122,0.0004734161862672806,0.4173588304551955,2
321581,2025-06-03 22:15:00,1.1371,0.2,0.0001721491440343693,0.0004592870756902868,0.37481817613882834,5
321604,2025-06-04 04:00:00,1.13853,0.16666666666666666,0.0002492191825061933,0.00044513098948078476,0.5598783018834312,3
321612,2025-06-04 06:00:00,1.13671,0.6,0.00023097976767385105,0.0004523600212413425,0.5106104802100074,10
321634,2025-06-04 11:30:00,1.13894,0.4,0.0004344781587984583,0.00046192589568983986,0.9405797831481365,5
321644,2025-06-04 14:00:00,1.13789,0.26666666666666666,0.0003934314210558029,0.00045357912996530486,0.8673931295866659,10
321664,2025-06-04 19:00:00,1.14324,0.26666666666666666,0.0003230482605982529,0.0005396094223991617,0.5986705331458919,6
321665,2025-06-04 19:15:00,1.14294,0.16666666666666666,0.0002667253083164588,0.000538855214647509,0.4949851111507505,5
321671,2025-06-04 20:45:00,1.14219,0.8666666666666667,0.00017785927884749118,0.0005389202891460446,0.3300289160189555,4
321677,2025-06-04 22:15:00,1.14143,0.6333333333333333,0.00017760276287495205,0.0005366737295323909,0.33093246995655834,5
321690,2025-06-05 01:30:00,1.14263,0.43333333333333335,0.0002804744130833814,0.0005415735669091105,0.5178879292135984,7
321691,2025-06-05 01:45:00,1.142,0.7,0.0002590410194118886,0.0005458515016475034,0.47456317080752586,6
321693,2025-06-05 02:15:00,1.14254,0.06666666666666667,0.00021008806099990682,0.0005473230622176111,0.3838465350768968,6
321705,2025-06-05 05:15:00,1.14139,0.9333333333333333,0.00028213120781721317,0.0005505264938831707,0.5124752595051044,6
321707,2025-06-05 05:45:00,1.14197,0.03333333333333333,0.0002980756400955577,0.0005521020852888994,0.539892255504855,6
321713,2025-06-05 07:15:00,1.14117,0.7333333333333333,0.000375158972736245,0.0005462931451040864,0.6867356401932614,5
321720,2025-06-05 09:00:00,1.14086,0.3,0.0003957066550620882,0.0005519439077832483,0.7169327344355517,7
321736,2025-06-05 13:00:00,1.14237,0.3333333333333333,0.00023287188623515232,0.0005507333786523176,0.4228396085325459,8
321748,2025-06-05 16:00:00,1.148,0.4666666666666667,0.0009396339934918419,0.000693486347340421,1.3549423101051925,13
321776,2025-06-05 23:00:00,1.14429,0.23333333333333334,0.0002240009840053307,0.0006525054880203942,0.3432936398510866,6
321781,2025-06-06 00:15:00,1.14481,0.26666666666666666,0.00026430740308358753,0.0006558891619752841,0.40297571359099155,9
321794,2025-06-06 03:30:00,1.14514,0.2,0.00018959940045871657,0.0006488829766891585,0.2921935191243928,7
321810,2025-06-06 07:30:00,1.14314,0.5333333333333333,0.0002992167126630195,0.0006335459988025354,0.47228885231469964,9
321815,2025-06-06 08:45:00,1.14328,0.7,0.00020246935056521023,0.0006333310779203529,0.3196895867325061,7
321821,2025-06-06 10:15:00,1.14224,0.43333333333333335,0.000274038714349821,0.0006229030939582757,0.43993795665458213,9
321828,2025-06-06 12:00:00,1.14188,0.6333333333333333,0.0003221996169348314,0.0006224954962018067,0.5175934908778482,8
321829,2025-06-06 12:15:00,1.14199,0.8,0.0002542346113155933,0.0006225637590793005,0.40836718746940354,8
321835,2025-06-06 13:45:00,1.1426,0.6333333333333333,0.0002834863957582699,0.000611792907925154,0.463369862719872,8
321839,2025-06-06 14:45:00,1.13985,0.7,0.0005723954962477344,0.0006310934728972452,0.9069900432022562,23
321841,2025-06-06 15:15:00,1.13937,0.6666666666666666,0.0004335132598744036,0.0006271391227126597,0.6912553278437855,19
321849,2025-06-06 17:15:00,1.13849,0.5666666666666667,0.0005418813661143888,0.0005095644943284481,1.0634205721662986,16
321860,2025-06-06 20:00:00,1.13927,0.5666666666666667,0.00026486268861511836,0.0005122019739877182,0.5171059505160543,12
321862,2025-06-06 20:30:00,1.13966,0.6,0.0002297044125837046,0.0005123827754329202,0.4483062733512534,12
321872,2025-06-08 23:00:00,1.1394,0.3,0.00021352626308517608,0.0004925546266130683,0.43350778075812085,8
321892,2025-06-09 04:00:00,1.14149,0.6,0.00031320786782659143,0.0005099268829714125,0.6142211330406568,13
321903,2025-06-09 06:45:00,1.1416,0.16666666666666666,0.00020737209452880692,0.0005145787864025981,0.40299386606769744,15
321907,2025-06-09 07:45:00,1.14168,0.5333333333333333,0.00029714868927276593,0.0005143861416724016,0.577676312014665,10
321911,2025-06-09 08:45:00,1.14223,0.6333333333333333,0.0002629189448296439,0.0005131181100663642,0.5123945923398401,9
321919,2025-06-09 10:45:00,1.14335,0.13333333333333333,0.00023348517560914497,0.0005149216956169984,0.4534382171047859,8
321920,2025-06-09 11:00:00,1.14282,0.7333333333333333,0.00029271130839213737,0.0005159594575354037,0.5673145517873414,10
321922,2025-06-09 11:30:00,1.14344,0.4666666666666667,0.00019551033011021144,0.0005245754766192826,0.3727020015693673,9
321927,2025-06-09 12:45:00,1.14177,0.7666666666666667,0.00021176724401864068,0.0005260370015961544,0.40257100427550757,17
321954,2025-06-09 19:30:00,1.14236,0.23333333333333334,0.00024870093219840096,0.0004189119181691682,0.5936831143055917,12
321996,2025-06-10 06:00:00,1.14025,0.3333333333333333,0.00023669658502979224,0.0004065370590356532,0.5822263426396116,12
322002,2025-06-10 07:30:00,1.14035,0.6,0.00020111855139384694,0.0004152535695054898,0.4843270862989851,13
322008,2025-06-10 09:00:00,1.13945,0.43333333333333335,0.00036426413367422755,0.00042390506066706054,0.859305933033728,16
322011,2025-06-10 09:45:00,1.13976,0.43333333333333335,0.000344974804695218,0.0004785331121186432,0.7209005938332812,19
322013,2025-06-10 10:15:00,1.14032,0.43333333333333335,0.0003185778119376391,0.0004912240748633446,0.6485386776416961,19
322022,2025-06-10 12:30:00,1.14212,0.7,0.0003444967636391648,0.0004923683469959964,0.6996728480638217,11
322025,2025-06-10 13:15:00,1.14247,0.36666666666666664,0.0003191632661685403,0.00048088234720553214,0.6637034360342778,15
322034,2025-06-10 15:30:00,1.14454,0.0,0.00030183044062511333,0.00046865691300996567,0.6440328356336336,14
322048,2025-06-10 19:00:00,1.14231,0.4,0.00026224707066065047,0.0004701704575547338,0.5577702010980169,8
322052,2025-06-10 20:00:00,1.14226,0.3,0.00024347111962024135,0.0004700909393685465,0.5179234467851814,11
322070,2025-06-11 00:30:00,1.14279,0.43333333333333335,0.00025070726350313367,0.00048278312201628995,0.519295832994498,7
322088,2025-06-11 05:00:00,1.1415,0.5666666666666667,0.00015325422422650766,0.0004739112988650174,0.3233816636014803,15
322091,2025-06-11 05:45:00,1.14168,0.6,0.0001985467368250519,0.00047521182964269034,0.41780680622857874,14
322103,2025-06-11 08:45:00,1.14177,0.23333333333333334,0.0002780083075312035,0.00047920001015194937,0.5801508798863547,20
322113,2025-06-11 11:15:00,1.14405,0.1,0.00028097235338289407,0.00043434615925854586,0.6468857785286515,17
322117,2025-06-11 12:15:00,1.14352,0.7333333333333333,0.00020952444076475146,0.00043223561842321,0.48474589282830033,13
322124,2025-06-11 14:00:00,1.14321,0.23333333333333334,0.00037152210710812066,0.00042124717050117245,0.8819575136044424,21
322128,2025-06-11 15:00:00,1.146,0.16666666666666666,0.000471565239517627,0.0005838936746389284,0.8076217640296176,14
322138,2025-06-11 17:30:00,1.14869,0.36666666666666664,0.000461815859167802,0.0005959121535644762,0.7749730499796471,7
322150,2025-06-11 20:30:00,1.14862,0.5666666666666667,0.00030126622895496616,0.0005963540553827938,0.5051801463169162,6
322178,2025-06-12 03:30:00,1.15261,0.13333333333333333,0.0005217921850679456,0.0005966144835276023,0.8745885315803015,5
322180,2025-06-12 04:00:00,1.15183,0.6,0.000314201185040641,0.0005983024654975033,0.5251544213166077,5
322188,2025-06-12 06:00:00,1.15194,0.13333333333333333,0.0003876476137482345,0.0005909264954701827,0.6559997169187596,6
322189,2025-06-12 06:15:00,1.15128,0.3,0.000357928883091581,0.0005953122318604885,0.6012456387347702,4
322197,2025-06-12 08:15:00,1.15189,0.5,0.0004087635184436358,0.0006108100435446075,0.669215450472179,3
322211,2025-06-12 11:45:00,1.15554,0.23333333333333334,0.0005908355300122685,0.0006333011446075592,0.9329456215942803,6
322229,2025-06-12 16:15:00,1.15862,0.26666666666666666,0.0007590814622171545,0.0006907330244089062,1.0989505863958617,7
322230,2025-06-12 16:30:00,1.15813,0.5333333333333333,0.0005134776747124567,0.0006933999196911429,0.7405216818328622,6
322232,2025-06-12 17:00:00,1.15816,0.5,0.0005774444299436805,0.0006894175820121691,0.8375829758479931,5
322246,2025-06-12 20:30:00,1.15777,0.0,0.00038989690987386753,0.0006877738539640159,0.5668969642080445,2
322263,2025-06-13 00:45:00,1.15875,0.8333333333333334,0.00037465018539142067,0.0006866858045303253,0.5455918600904694,2
322265,2025-06-13 01:15:00,1.15918,0.6333333333333333,0.0004850190284451028,0.000684031156154116,0.7090598492209986,2
322268,2025-06-13 02:00:00,1.16087,0.43333333333333335,0.0005304913976604968,0.0006880126836861178,0.7710488632539735,3
322274,2025-06-13 03:30:00,1.15491,0.5333333333333333,0.0006869744639581837,0.0009320513408987894,0.7370564622499499,13
322279,2025-06-13 04:45:00,1.15422,0.7666666666666667,0.00038927089689293903,0.0009316131443411097,0.41784607619319686,9
322280,2025-06-13 05:00:00,1.15446,0.36666666666666664,0.00047238493196681135,0.0009282080843937447,0.5089213721676941,10
322286,2025-06-13 06:30:00,1.15205,0.9333333333333333,0.00037989974753402676,0.0009473282715059814,0.4010222844189952,8
322306,2025-06-13 11:30:00,1.15288,0.7666666666666667,0.00030000641983254147,0.000978981165308292,0.30644759109136294,6
322309,2025-06-13 12:15:00,1.15222,1.0,0.00035090030413423745,0.0009688453120334185,0.3621840347224943,7
322314,2025-06-13 13:30:00,1.14982,0.7666666666666667,0.0004604711362091334,0.0009477059871596054,0.48587973743758184,7
322329,2025-06-13 17:15:00,1.15452,0.1,0.0003069851012057127,0.000870931595884397,0.35247900369716334,5
322333,2025-06-13 18:15:00,1.15528,0.5,0.00036203741606212985,0.00088917612439028,0.4071605232432256,6
322361,2025-06-16 01:15:00,1.15295,0.9666666666666667,0.0003040624687079673,0.0009275187829611043,0.32782351613112104,7
322362,2025-06-16 01:30:00,1.1533,0.43333333333333335,0.0003987276918906031,0.0009284203742856165,0.4294689161657063,8
322365,2025-06-16 02:15:00,1.15406,0.4666666666666667,0.0002717368715935884,0.0009301224558515445,0.2921517160284107,6
322379,2025-06-16 05:45:00,1.15283,0.7666666666666667,0.0003324045116135827,0.0006687094658820267,0.4970836044247432,4
322387,2025-06-16 07:45:00,1.15557,0.6666666666666666,0.00045953571818060007,0.0006528683621184883,0.703871936280471,9
322388,2025-06-16 08:00:00,1.15566,0.4,0.00036965771799559236,0.0006497072559364612,0.5689604273586002,8
322394,2025-06-16 09:30:00,1.1581,0.16666666666666666,0.0005988853664315531,0.0006715281119219889,0.891824714109847,10
322414,2025-06-16 14:30:00,1.15711,0.6333333333333333,0.00048046709984733845,0.0005970438006271835,0.8047434699809572,9
322425,2025-06-16 17:15:00,1.15895,0.4,0.00033231019714891204,0.0005872403767414878,0.5658844492145677,6
322426,2025-06-16 17:30:00,1.1589,0.36666666666666664,0.0002847137937179899,0.0005820902141826294,0.4891231406763723,4
322442,2025-06-16 21:30:00,1.15678,0.43333333333333335,0.00025408930193446244,0.0005319993839814657,0.47761202284270815,5
322447,2025-06-16 22:45:00,1.1562,0.6333333333333333,0.00024441281078267164,0.000534142980483328,0.45757937427448864,4
322449,2025-06-16 23:15:00,1.156,0.36666666666666664,0.0001815874898265106,0.0005317793207668814,0.34147151409468585,3
322450,2025-06-16 23:30:00,1.15547,0.8666666666666667,0.00029133721124637615,0.0005286466676856614,0.5511000618273227,3
322466,2025-06-17 03:30:00,1.15516,0.6666666666666666,0.00033539403393958154,0.0004906099807888613,0.6836266017260696,3
322484,2025-06-17 08:00:00,1.15577,0.1,0.0004940905951174147,0.00048813534463523225,1.0121999985201495,4
322485,2025-06-17 08:15:00,1.15613,0.3,0.0002683004437935394,0.000480959593307838,0.5578440424657749,4
322498,2025-06-17 11:30:00,1.1556,0.3,0.0003868216083516924,0.0004042303846283062,0.956933528654405,3
322523,2025-06-17 17:45:00,1.15321,0.5666666666666667,0.0002903089919640204,0.0005374112541016498,0.5401989440085475,11
322527,2025-06-17 18:45:00,1.15198,0.9,0.00038530360267387476,0.0005510099436157917,0.6992679662829085,12
322531,2025-06-17 19:45:00,1.14906,0.8666666666666667,0.000625643435871682,0.0005857824227748403,1.0680474721450686,11
322540,2025-06-17 22:00:00,1.1484,0.26666666666666666,0.00045729466089299643,0.0005797217596752401,0.7888174857351787,7
322544,2025-06-17 23:00:00,1.1479,0.6,0.0003614616533165552,0.0005888523647214268,0.6138408792627584,8
322547,2025-06-17 23:45:00,1.14799,0.13333333333333333,0.000368668214282655,0.0005891303626754422,0.6257837613536106,8
322558,2025-06-18 02:30:00,1.14863,0.03333333333333333,0.0003181811646584414,0.0005886209172515852,0.5405536149549475,6
322563,2025-06-18 03:45:00,1.14946,0.23333333333333334,0.00023085990393043022,0.0005952715082667971,0.3878228685975681,3
322569,2025-06-18 05:15:00,1.14988,0.3,0.0001979403643594726,0.0005944875502509069,0.33295964612872164,5
322575,2025-06-18 06:45:00,1.15038,0.6333333333333333,0.0003174798316331057,0.000586852657163858,0.5409872951200776,9
322577,2025-06-18 07:15:00,1.15009,0.8666666666666667,0.000354349734816349,0.0005875704352900099,0.6030761820775596,7
322578,2025-06-18 07:30:00,1.15034,0.23333333333333334,0.0002924509167139796,0.0005880919811977917,0.49728771359597945,6
322584,2025-06-18 09:00:00,1.15098,0.3,0.00032881800739289503,0.0005920704636572449,0.5553697196137297,13
322603,2025-06-18 13:45:00,1.14988,0.16666666666666666,0.0003452810477620318,0.0005972569853422765,0.5781113594915225,9
322605,2025-06-18 14:15:00,1.15107,0.13333333333333333,0.0002947774442659734,0.0006026831648927761,0.4891084759575415,8
322619,2025-06-18 17:45:00,1.1522,0.36666666666666664,0.00040074660359199464,0.0006013102891777572,0.6664555900747731,15
322627,2025-06-18 19:45:00,1.14927,0.7666666666666667,0.0005061732292372303,0.0005430292884189747,0.9321287820606315,11
322644,2025-06-19 00:00:00,1.14795,0.3,0.0004365053970698287,0.000643133256545596,0.6787168796314328,5
322653,2025-06-19 02:15:00,1.14761,0.23333333333333334,0.0003477858781041594,0.0006518796725148217,0.5335123839074025,4
322683,2025-06-19 09:45:00,1.1471,0.16666666666666666,0.00045395797323542823,0.0006750333725647448,0.6724970819007731,5
322684,2025-06-19 10:00:00,1.1461,0.6333333333333333,0.000393364740169931,0.0006768021248582556,0.5812108528062236,4
322714,2025-06-19 17:30:00,1.14618,1.0,0.0003260220998277634,0.0006043847199467711,0.5394280978123943,3
322717,2025-06-19 18:15:00,1.14578,0.6,0.00029553481349062487,0.0005799419629055489,0.5095937738493267,3
322731,2025-06-19 21:45:00,1.14962,0.43333333333333335,0.0002722616485383219,0.00048606194950148816,0.5601377536702002,7
322734,2025-06-19 22:30:00,1.14963,0.3,0.00018667459169706912,0.0004435903639377997,0.42082652571606505,4
322757,2025-06-20 04:15:00,1.15131,0.8666666666666667,0.0002341593861241615,0.0004544741582693479,0.515231464459603,15
322798,2025-06-20 14:30:00,1.15152,0.7,0.0002940583038754574,0.00041746750098189397,0.7043860975616663,20
322810,2025-06-20 17:30:00,1.15221,0.8333333333333334,0.0002665980601694663,0.0004435341228252744,0.6010767750432807,14
322816,2025-06-20 19:00:00,1.15356,0.5,0.0003234586369819574,0.00044081194620974493,0.7337791994140987,7
322825,2025-06-20 21:15:00,1.15305,0.6333333333333333,0.000259604902833663,0.00042539801729084026,0.6102635468001577,6
322826,2025-06-20 21:30:00,1.1528,0.7,0.00025424616674695486,0.0004262735170230036,0.5964390387715187,10
322832,2025-06-22 23:00:00,1.15213,0.4666666666666667,0.00015232371731478843,0.0004327487285893468,0.3519911377009145,11
322850,2025-06-23 03:30:00,1.14729,0.8666666666666667,0.00040681506421422957,0.0007032948532784084,0.5784416910174467,9
322855,2025-06-23 04:45:00,1.15038,0.26666666666666666,0.00026846098809922016,0.0007136032861721699,0.37620480917243004,12
322871,2025-06-23 08:45:00,1.15064,0.5666666666666667,0.00025655123031814096,0.0007213656713433802,0.3556465749754523,15
322873,2025-06-23 09:15:00,1.15006,0.7333333333333333,0.0002826149940546128,0.0007220032302019203,0.39143175851938333,13
322875,2025-06-23 09:45:00,1.14955,0.5666666666666667,0.00046881651710340517,0.0007230743718948305,0.6483655559176609,10
322876,2025-06-23 10:00:00,1.14981,0.6,0.0002837757596368385,0.0007236126475875111,0.3921652842621435,13
322891,2025-06-23 13:45:00,1.14677,0.2,0.0005207906327014556,0.0007644066314563687,0.6813005163354364,11
322892,2025-06-23 14:00:00,1.14724,0.2,0.00037560155397059204,0.0007635819017509321,0.49189425929205316,11
322923,2025-06-23 21:45:00,1.15751,0.3,0.00036874221214139226,0.0008482675046306625,0.43470038652717624,9
322932,2025-06-24 00:00:00,1.15744,0.7,0.000458677644805898,0.0006456891181538761,0.7103691728882277,11
322943,2025-06-24 02:45:00,1.16035,0.23333333333333334,0.0004485464833880073,0.0006782096803898016,0.6613684474839769,3
322944,2025-06-24 03:00:00,1.15987,0.7666666666666667,0.000476318725730847,0.0006683506432925453,0.7126778892353911,3
322947,2025-06-24 03:45:00,1.15928,0.9,0.0003391365317009829,0.0006734763930493044,0.5035611273105978,3
322955,2025-06-24 05:45:00,1.1602,0.8333333333333334,0.00034025852823100074,0.0006450962158004374,0.5274539206664031,3
322964,2025-06-24 08:00:00,1.16103,0.06666666666666667,0.00032342252994715107,0.0006430979092847709,0.5029133593465563,3
322972,2025-06-24 10:00:00,1.15917,0.13333333333333333,0.0005084707506094989,0.0006614400876049754,0.7687328907605724,13
322977,2025-06-24 11:15:00,1.16003,0.03333333333333333,0.0002838054280187729,0.0006618957386014074,0.4287766357560433,4
322988,2025-06-24 14:00:00,1.16081,0.1,0.0003465612209078517,0.0006196015255008962,0.5593291924639563,3
323012,2025-06-24 20:00:00,1.16257,0.5,0.0004798582897597852,0.0006126205584019107,0.7832879311323624,3
323017,2025-06-24 21:15:00,1.16182,1.0,0.0002836635636897841,0.0006013291064091845,0.4717276457540382,2
323035,2025-06-25 01:45:00,1.16129,0.16666666666666666,0.00034886437909733723,0.000562309251857929,0.6204137277568395,5
323040,2025-06-25 03:00:00,1.16248,0.0,0.00033897305362361706,0.0005577114459404279,0.6077928937822527,2
323045,2025-06-25 04:15:00,1.16248,0.8666666666666667,0.0002437480479420074,0.000558701268512979,0.43627616703065525,2
323051,2025-06-25 05:45:00,1.16205,0.1,0.00026982299047572826,0.0005544696089878042,0.48663260547010995,5
323054,2025-06-25 06:30:00,1.1615,0.9,0.00028163491855266466,0.0005587859250460635,0.504012191304654,6
323058,2025-06-25 07:30:00,1.16104,0.5333333333333333,0.00027532003037148036,0.0005579916286898818,0.4934124746959179,7
323076,2025-06-25 12:00:00,1.16003,0.3,0.00036926811507408943,0.000553986471045098,0.666565222030537,7
323083,2025-06-25 13:45:00,1.16001,0.16666666666666666,0.0002472355462924765,0.0005510285898998678,0.4486800700076266,7
323087,2025-06-25 14:45:00,1.15964,0.5,0.00027584593665586196,0.0005467190729432344,0.5045478570390078,7
323104,2025-06-25 19:00:00,1.16304,0.6333333333333333,0.0002626554815581393,0.00041714681853936473,0.6296475722332602,6
323125,2025-06-26 00:15:00,1.16578,0.6666666666666666,0.0005252626290642105,0.0004256149754601826,1.2341262863137912,3
323129,2025-06-26 01:15:00,1.16738,0.4,0.0005859464391733359,0.00044325584866159264,1.3219147382772192,3
323130,2025-06-26 01:30:00,1.16717,0.0,0.00034117698669433594,0.000444119853922899,0.768209265315947,2
323146,2025-06-26 05:30:00,1.16944,0.2,0.00044708251953125,0.00044793334459022633,0.9981005543140472,2
323148,2025-06-26 06:00:00,1.16942,0.13333333333333333,0.000511809939161274,0.00044742519733866173,1.143900571996348,3
323150,2025-06-26 06:30:00,1.16842,0.4666666666666667,0.00045888576730670913,0.00046046345036663714,0.9965737062112708,3
323168,2025-06-26 11:00:00,1.17271,0.8666666666666667,0.00040567941944263274,0.000532692969557826,0.7615633068695767,2
323177,2025-06-26 13:15:00,1.17061,0.26666666666666666,0.000403227218332743,0.0005566966059813045,0.7243213161358568,2
323193,2025-06-26 17:15:00,1.16986,0.26666666666666666,0.00043559075280899816,0.0005844177685099813,0.7453413915178705,7
323197,2025-06-26 18:15:00,1.17182,0.5666666666666667,0.00049762631705368,0.0005988547550543958,0.8309632892678278,2
323217,2025-06-26 23:15:00,1.17012,0.0,0.0003002990580288119,0.0006165548670568022,0.4870597477598792,4
323222,2025-06-27 00:30:00,1.16935,0.1,0.00027122190128710396,0.0006219729429821467,0.43606704173768085,4
323228,2025-06-27 02:00:00,1.16923,0.26666666666666666,0.00033335472820721253,0.000625370429966159,0.5330516318548216,4
323229,2025-06-27 02:15:00,1.16958,0.43333333333333335,0.0003928231588480632,0.0006258088287437829,0.6277047251579954,6
323234,2025-06-27 03:30:00,1.16909,0.8333333333333334,0.0002468142180354193,0.000621037669518138,0.3974222984362961,4
323243,2025-06-27 05:45:00,1.17045,0.13333333333333333,0.0003533955928464943,0.0006213073754678435,0.5687934938489793,7
323253,2025-06-27 08:15:00,1.16886,0.1,0.0002618128608296235,0.0006198405816815527,0.4223874147113066,6
323284,2025-06-27 16:00:00,1.17275,0.5333333333333333,0.0003881605190926446,0.0006133553082926787,0.6328477374282763,7
323289,2025-06-27 17:15:00,1.1716,0.03333333333333333,0.00031116038923933623,0.000598517111179168,0.5198855361483381,3
323290,2025-06-27 17:30:00,1.17135,0.16666666666666666,0.0003162029449170998,0.000596888934700015,0.5297517285623956,4
323297,2025-06-27 19:15:00,1.172,0.8333333333333334,0.0003179566614475508,0.000589942505659401,0.538962116472958,4
323307,2025-06-27 21:45:00,1.17049,0.6333333333333333,0.000319757971152038,0.0005891103937418694,0.5427810721875439,5
323326,2025-06-30 02:30:00,1.17254,0.23333333333333334,0.00030072046751032633,0.0005741950799135864,0.5237252599858281,4
323332,2025-06-30 04:00:00,1.17198,0.9666666666666667,0.0002651867932348015,0.000593040875361052,0.4471644438898953,4
323345,2025-06-30 07:15:00,1.17348,0.5333333333333333,0.0004042398380972699,0.0005865217250065959,0.6892154559027185,6
323351,2025-06-30 08:45:00,1.17381,0.5333333333333333,0.00042713262955025464,0.0005936039216123044,0.7195583014177326,7
323352,2025-06-30 09:00:00,1.17429,0.06666666666666667,0.000366036680166761,0.0005951476578286509,0.6150350679396385,7
323354,2025-06-30 09:30:00,1.17274,0.9,0.0002976311089851088,0.0005951640812788882,0.5000824450722215,4
323389,2025-06-30 18:15:00,1.17606,0.7666666666666667,0.00044234189220089293,0.0005615636375410065,0.7876968212148392,8
323392,2025-06-30 19:00:00,1.17623,0.43333333333333335,0.0004822927709677866,0.0005401951451252318,0.8928121167323305,8
323393,2025-06-30 19:15:00,1.17628,0.5333333333333333,0.00038766178905511376,0.0005385079546892119,0.7198812676385519,8
323395,2025-06-30 19:45:00,1.17626,0.5333333333333333,0.00034105562654741697,0.0005412430002389245,0.6301340181708817,6
323398,2025-06-30 20:30:00,1.17774,0.7333333333333333,0.0004339882607785056,0.0005351458716733175,0.8109718933671153,4
323405,2025-06-30 22:15:00,1.17831,0.5333333333333333,0.00044663503924484725,0.000524814211056578,0.8510345753512711,2
323411,2025-06-30 23:45:00,1.17771,0.26666666666666666,0.0003931367219943298,0.0005340096339525921,0.7361978080515892,5
323425,2025-07-01 03:15:00,1.17951,0.8333333333333334,0.00028921768135872745,0.0005122773853876874,0.5645724164455354,2
323439,2025-07-01 06:45:00,1.17848,0.2,0.0003881781321335325,0.0004947100224635602,0.7846579096992629,7
323448,2025-07-01 09:00:00,1.17789,0.7666666666666667,0.00036989024489530043,0.0004901547598495942,0.754639708097097,8
323451,2025-07-01 09:45:00,1.17833,0.3333333333333333,0.00032012249140827377,0.00048308703602886294,0.6626600747554473,7
323465,2025-07-01 13:15:00,1.18097,0.36666666666666664,0.00040140138681709183,0.0005146485958659779,0.779952359807123,5
323471,2025-07-01 14:45:00,1.1805,0.7333333333333333,0.0004081991335862067,0.0005164698125138051,0.7903639742260746,6
323481,2025-07-01 17:15:00,1.17734,0.7333333333333333,0.00028993005230363,0.0005241077268033553,0.5531878991213793,5
323482,2025-07-01 17:30:00,1.1771,0.5666666666666667,0.00034238557137908777,0.0005128595080650854,0.6676010993163388,6
323491,2025-07-01 19:45:00,1.17794,0.06666666666666667,0.00023897076941917217,0.00046131524351864585,0.51802053536415,4
323516,2025-07-02 02:00:00,1.18048,0.03333333333333333,0.00023928672354642458,0.00045895879909576897,0.5213686370494743,6
323518,2025-07-02 02:30:00,1.17999,0.1,0.000304582814061906,0.0004602615892486664,0.6617602276112345,5
323556,2025-07-02 12:00:00,1.17696,0.8666666666666667,0.00033267909443943387,0.00043082265775190386,0.7721949819802942,6
323589,2025-07-02 20:15:00,1.17965,0.0,0.0001712957964982225,0.0005657032448272359,0.3028015095627315,3
323590,2025-07-02 20:30:00,1.17978,0.03333333333333333,0.00017963677161042304,0.0005653371392471619,0.31775158421333954,4
323614,2025-07-03 02:30:00,1.18031,0.5,0.000259998474127192,0.0005500750428812011,0.4726600079243069,7
323632,2025-07-03 07:00:00,1.17887,0.5666666666666667,0.00027790481523734084,0.0005287459391200306,0.5255923396780049,8
323642,2025-07-03 09:30:00,1.1807,0.16666666666666666,0.0003067417567381434,0.0005313916291822472,0.5772423574119618,10
323644,2025-07-03 10:00:00,1.18009,0.3,0.00025520907976511097,0.0005355772355194248,0.47651218692594116,8
323645,2025-07-03 10:15:00,1.18062,0.0,0.00024922226750931516,0.0005354025706531381,0.4654857506666221,7
323646,2025-07-03 10:30:00,1.17986,0.3333333333333333,0.00015588382888490174,0.0005411736047918753,0.28804773090300956,5
323648,2025-07-03 11:00:00,1.17978,0.5666666666666667,0.00021629646836510426,0.000539244446427382,0.4011102382196385,6
323674,2025-07-03 17:30:00,1.17635,0.5333333333333333,0.0002585103724311755,0.0006794462595904543,0.38047214004385904,13
323677,2025-07-03 18:15:00,1.17568,0.36666666666666664,0.00021339061250352323,0.0006672063625074223,0.31982700479890785,16
323685,2025-07-03 20:15:00,1.17557,0.6333333333333333,0.00021199021698283007,0.0006734212151749044,0.3147958695179671,10
323699,2025-07-03 23:45:00,1.17553,0.4,0.0002616690712744017,0.0006790115222003862,0.385367645053274,15
323703,2025-07-04 00:45:00,1.1756,0.6666666666666666,0.0001826396998752454,0.0006767930343508101,0.26986048999519635,14
323725,2025-07-04 06:15:00,1.17723,0.5666666666666667,0.0002293685154646401,0.0006788471444786216,0.33787947305987887,4
323727,2025-07-04 06:45:00,1.17788,0.43333333333333335,0.00031060392712687886,0.0006807706430973754,0.45625340968536887,6
323755,2025-07-04 13:45:00,1.17734,0.7666666666666667,0.0002805283110556579,0.0006667943097883872,0.42071191511020234,15
323762,2025-07-04 15:30:00,1.17695,0.5,0.0002582048732800138,0.0004134096269329705,0.6245739248880111,14
323785,2025-07-04 21:15:00,1.17767,0.2,0.00014354877015143025,0.00029765385357716575,0.48226746748372173,9
323786,2025-07-04 21:30:00,1.17758,0.03333333333333333,0.00012569661645568642,0.0002974689680630894,0.4225537113136042,10
323790,2025-07-04 22:30:00,1.17745,0.5,0.00012782436847163682,0.0002969984868886785,0.43038727170198743,12
323799,2025-07-07 00:45:00,1.17794,0.6,0.00016279449096900358,0.00031003895012865794,0.5250775455840249,7
323801,2025-07-07 01:15:00,1.17795,0.43333333333333335,0.00015913628618215224,0.0003093275320587951,0.5144588492430237,6
323804,2025-07-07 02:00:00,1.17799,0.3,0.00015889575535545499,0.00030802340912555975,0.5158561026466798,6
323806,2025-07-07 02:30:00,1.17821,0.6,0.00018195300485102802,0.00031071344123981623,0.585597469246888,5
323832,2025-07-07 09:00:00,1.17552,0.4666666666666667,0.0003511831920052553,0.00033331564079155696,1.053605498893681,13
323834,2025-07-07 09:30:00,1.17473,0.8,0.00033479831335209,0.00034213148594976694,0.9785662153329155,13
323842,2025-07-07 11:30:00,1.17272,0.2,0.0003510508222750111,0.0003449657478756745,1.0176396481007433,7
323843,2025-07-07 11:45:00,1.173,0.43333333333333335,0.0003069869691462924,0.0003464774859946744,0.886022848685213,7
323846,2025-07-07 12:30:00,1.17282,0.4,0.00043816465380138597,0.0003432521798526123,1.2765094572437319,7
323862,2025-07-07 16:30:00,1.17352,0.5333333333333333,0.00029749559821325356,0.00035294435450334015,0.8428966051373352,8
323872,2025-07-07 19:00:00,1.16935,0.4,0.0006372168495781732,0.0004373289920424857,1.4570651870166174,7
323876,2025-07-07 20:00:00,1.17062,0.8,0.0003054590828767475,0.00046550395185316327,0.6561900960469189,10
323882,2025-07-07 21:30:00,1.17192,0.16666666666666666,0.0002783810636173083,0.0004851938164133808,0.5737522907343282,8
323892,2025-07-08 00:00:00,1.1706,0.5666666666666667,0.00027269090065878753,0.00047202220146694794,0.5777077853781459,11
323907,2025-07-08 03:45:00,1.17386,0.6333333333333333,0.00024497186262114256,0.0005269319693048516,0.46490225852934797,9
323945,2025-07-08 13:15:00,1.17319,0.43333333333333335,0.0003029984850631729,0.0005332889865248172,0.5681694029304176,9
323958,2025-07-08 16:30:00,1.16942,0.06666666666666667,0.00040630701621453786,0.0005686794229557296,0.7144746228072472,10
323959,2025-07-08 16:45:00,1.16928,0.7666666666666667,0.00037301616669127726,0.000568082622092888,0.6566230899953227,12
323960,2025-07-08 17:00:00,1.16917,0.7333333333333333,0.0003205036148992432,0.0005680270496281661,0.5642400570695476,9
323963,2025-07-08 17:45:00,1.17077,0.5666666666666667,0.00036987641845226475,0.0005735723194081708,0.6448644851514355,5
324015,2025-07-09 06:45:00,1.17089,0.7666666666666667,0.0002311686582115972,0.0004528323272699811,0.510495042624846,3
324024,2025-07-09 09:00:00,1.17255,0.23333333333333334,0.00023938787386352777,0.00046261042714726083,0.5174718506449152,8
324033,2025-07-09 11:15:00,1.17162,0.5666666666666667,0.0002933378714830518,0.00045975108937024124,0.6380362728120139,9
324043,2025-07-09 13:45:00,1.17043,0.16666666666666666,0.00023417923790763892,0.0004620014748007702,0.5068798492659022,3
324049,2025-07-09 15:15:00,1.17158,0.5333333333333333,0.00034855074683891866,0.0004960837343869578,0.7026046666691157,8
324060,2025-07-09 18:00:00,1.17058,0.6333333333333333,0.00028532713061584956,0.0004611373420133766,0.6187465308493122,6
324069,2025-07-09 20:15:00,1.17169,0.06666666666666667,0.00024358343546357505,0.000446142829305137,0.5459763543503631,9
324073,2025-07-09 21:15:00,1.17162,0.6,0.00025777064800153486,0.0004484224180771734,0.5748388965628668,8
324076,2025-07-09 22:00:00,1.17184,0.7,0.0002450367744700559,0.0004507064142088499,0.5436727029948811,9
324078,2025-07-09 22:30:00,1.17132,0.9333333333333333,0.00018614031779439912,0.00045087446918240574,0.41284288758229554,9
324080,2025-07-09 23:00:00,1.17137,0.9333333333333333,0.000160633222654946,0.0004490056581070496,0.3577532259440897,8
324145,2025-07-10 15:15:00,1.17096,0.4666666666666667,0.00030175100846822976,0.00037005971054470847,0.8154116751160728,9
324156,2025-07-10 18:00:00,1.1687,0.26666666666666666,0.00043289657586730116,0.00040553516433636163,1.0674698865527854,6
324162,2025-07-10 19:30:00,1.1686,0.5333333333333333,0.00034220946900439283,0.0004003139518871491,0.8548527159524626,4
324166,2025-07-10 20:30:00,1.16917,0.5666666666666667,0.0002877845993314478,0.00040190938018745735,0.7160435001472724,5
324168,2025-07-10 21:00:00,1.16918,0.16666666666666666,0.0003422877106873487,0.0003955696905265419,0.8653031788955577,6
324190,2025-07-11 02:30:00,1.16768,0.43333333333333335,0.0004943505353491261,0.00041699901040176873,1.185495703869491,14
324195,2025-07-11 03:45:00,1.16827,0.6,0.00034047626301246314,0.00041189360421069497,0.826612162781484,4
324204,2025-07-11 06:00:00,1.16811,0.3,0.00027374395898108834,0.000425616605584764,0.6431702978434911,4
324209,2025-07-11 07:15:00,1.16772,0.7333333333333333,0.00026388877128377284,0.0004390034024335448,0.6011087153788509,4
324213,2025-07-11 08:15:00,1.16758,0.6,0.0002886640715371307,0.0004385183427228518,0.6582713729709806,4
324216,2025-07-11 09:00:00,1.16742,0.4,0.0003087845744887679,0.00044511313332571507,0.6937215538477772,4
324227,2025-07-11 11:45:00,1.1691,0.4666666666666667,0.0002714092196924693,0.0004738405909394875,0.57278592185263,11
324229,2025-07-11 12:15:00,1.16938,0.4666666666666667,0.00027223958170154915,0.00047410943585594515,0.5742125364158904,9
324232,2025-07-11 13:00:00,1.16918,0.4666666666666667,0.0002767302269329241,0.000473746462405556,0.5841314899276779,10
324250,2025-07-11 17:30:00,1.1694,0.7,0.0002598578381710928,0.00044748231746795256,0.5807108527583397,10
324262,2025-07-11 20:30:00,1.16903,0.4,0.00021903972404371986,0.00044790457501066186,0.48903212037632315,8
324274,2025-07-13 23:30:00,1.16645,0.6666666666666666,0.00069385814306495,0.0004946729592349979,1.402660343791559,9
324275,2025-07-13 23:45:00,1.16689,0.36666666666666664,0.00031915922769414827,0.0004966410796580169,0.6426355788246892,5
324282,2025-07-14 01:30:00,1.1676,0.43333333333333335,0.00032538854848675544,0.0005061174185332157,0.6429111833964685,7
324283,2025-07-14 01:45:00,1.16785,0.16666666666666666,0.00029830155041363096,0.0005067915445482046,0.5886079861090842,9
324286,2025-07-14 02:30:00,1.16861,0.5666666666666667,0.0002641395847825393,0.0005131391075523548,0.5147523953932697,8
324297,2025-07-14 05:15:00,1.16777,0.4666666666666667,0.0002923383559965444,0.000488830449800529,0.5980363050539003,7
324298,2025-07-14 05:30:00,1.16786,0.5,0.00024819282612900255,0.0004889034558310748,0.507652018346047,8
324299,2025-07-14 05:45:00,1.16775,0.5,0.0002604724794072444,0.000486800426917841,0.5350703594415813,7
324303,2025-07-14 06:45:00,1.16775,0.5,0.0002306978082690528,0.00048196243314237836,0.4786634650441759,7
324308,2025-07-14 08:00:00,1.16692,0.9666666666666667,0.00026071459162596973,0.0004750856951250881,0.548773819757559,6
324327,2025-07-14 12:45:00,1.16883,0.43333333333333335,0.0002193042584950659,0.00046192768481812294,0.4747588544761365,11
324346,2025-07-14 17:30:00,1.16859,0.36666666666666664,0.00022523248577045038,0.0004262032846817122,0.5284625761123676,8
324349,2025-07-14 18:15:00,1.16668,0.7,0.00046987285436102456,0.0004686846917399834,1.002535100125908,10
324367,2025-07-14 22:45:00,1.16659,0.26666666666666666,0.00020366367722843653,0.00046784478950462495,0.4353231708406644,4
324371,2025-07-14 23:45:00,1.16623,0.7,0.0003326539666809817,0.0004615064520515171,0.7208002514423096,5
324376,2025-07-15 01:00:00,1.16659,0.6666666666666666,0.00021988632181799383,0.00040825326388994345,0.5386027284212248,5
324380,2025-07-15 02:00:00,1.16647,0.5666666666666667,0.00031309692543269614,0.0004049035477383816,0.7732629836945661,7
324381,2025-07-15 02:15:00,1.16716,0.4666666666666667,0.00028505932704531997,0.0004038181964727101,0.7059100593664906,10
324385,2025-07-15 03:15:00,1.16683,0.7,0.0002519545019456341,0.0003987378567176201,0.6318800628054345,7
324396,2025-07-15 06:00:00,1.16754,0.4,0.00016015460626945087,0.00036723324898112246,0.436111399808691,8
324401,2025-07-15 07:15:00,1.16804,0.16666666666666666,0.00020535492016070253,0.0003695698848744938,0.5556592367650335,10
324407,2025-07-15 08:45:00,1.16822,0.43333333333333335,0.00020513596924547493,0.00036879176589947187,0.5562379321163925,9
324408,2025-07-15 09:00:00,1.16774,0.6666666666666666,0.00024155037390646874,0.00036254755624290917,0.6662584528486752,12
324416,2025-07-15 11:00:00,1.16866,0.3,0.00019162396919257952,0.0003504703502166576,0.5467622840965557,10
324422,2025-07-15 12:30:00,1.16792,0.4,0.00023796523561126154,0.00035436410798565647,0.6715274776668229,9
324432,2025-07-15 15:00:00,1.16777,0.5,0.0002893968262031088,0.0003663779924945747,0.7898859432922795,17
324437,2025-07-15 16:15:00,1.16354,0.7333333333333333,0.0004585669986282653,0.0004219992645100442,1.0866535494100387,15
324453,2025-07-15 20:15:00,1.16005,0.5,0.00032532715035450796,0.0004215326881305081,0.7717720582888353,3
324454,2025-07-15 20:30:00,1.15988,0.9333333333333333,0.0002700795529991065,0.00041977207024777706,0.6433957191093915,3
324476,2025-07-16 02:00:00,1.16067,0.03333333333333333,0.0002128161052815911,0.0004136349206323981,0.5145022691899921,6
324484,2025-07-16 04:00:00,1.16131,0.13333333333333333,0.00020484377501547992,0.0004110053967771889,0.49839680116543156,3
324486,2025-07-16 04:30:00,1.16079,0.43333333333333335,0.0002136275430830702,0.0004117787000148664,0.5187921159480994,4
324502,2025-07-16 08:30:00,1.16216,0.26666666666666666,0.00024383299461774624,0.00041463205723071226,0.5880707735100933,3
324522,2025-07-16 13:30:00,1.16099,0.5,0.00027644283502209846,0.0004105093255165832,0.6734142633038214,4
324552,2025-07-16 21:00:00,1.16276,0.7666666666666667,0.0005301567934468194,0.0010659434914605135,0.4973591918277202,13
324560,2025-07-16 23:00:00,1.16325,0.36666666666666664,0.0003579433727433585,0.001070995777733439,0.3342154844913378,9
324570,2025-07-17 01:30:00,1.16371,0.1,0.00029711630857867915,0.0010775648876675398,0.2757293894586775,8
324571,2025-07-17 01:45:00,1.16345,0.6,0.00025514885775931287,0.0010779455721248719,0.23669920296287075,8
324580,2025-07-17 04:00:00,1.16273,0.5666666666666667,0.00031712896998889977,0.0010819619159624311,0.2931054830213741,7
324592,2025-07-17 07:00:00,1.16239,0.43333333333333335,0.00028916581039505176,0.0010833327070234318,0.26692244083497174,8
324636,2025-07-17 18:00:00,1.1596,0.3333333333333333,0.0003225132492331598,0.0010501426725405254,0.3071137452713254,5
324640,2025-07-17 19:00:00,1.15859,0.43333333333333335,0.00034610738855090376,0.0005349533667350579,0.6469860927566002,4
324651,2025-07-17 21:45:00,1.15982,0.36666666666666664,0.00025608584927994446,0.0005031064199439351,0.5090093052449659,7
324656,2025-07-17 23:00:00,1.15942,0.36666666666666664,0.0002757669175116041,0.000494286197476545,0.5579094033364949,3
324669,2025-07-18 02:15:00,1.16203,0.36666666666666664,0.0002264879812998841,0.0004982301089917881,0.454585094743074,6
324671,2025-07-18 02:45:00,1.1623,0.4,0.0002846775204335835,0.0004982404505626585,0.5713657333765247,7
324675,2025-07-18 03:45:00,1.16231,0.1,0.00015851155828455036,0.0004901224732365939,0.3234121407202502,4
324677,2025-07-18 04:15:00,1.16273,0.0,0.00017308666591841368,0.0004911004324281884,0.3524465760752989,5
324708,2025-07-18 12:00:00,1.16331,0.3333333333333333,0.0003081889401638593,0.0003960725462483435,0.7781123510909038,13
324722,2025-07-18 15:30:00,1.16625,0.43333333333333335,0.00039371945820102124,0.00040843961123888874,0.963960025832906,10
324724,2025-07-18 16:00:00,1.16655,0.5,0.0005071022355786402,0.0004174198151885298,1.214849456415012,11
324746,2025-07-18 21:30:00,1.16182,0.7,0.00020157746549628403,0.00041670027412672885,0.4837468991800551,6
324807,2025-07-21 12:45:00,1.16397,0.23333333333333334,0.00022681862165980168,0.00041624584810013345,0.544915036858788,15
324808,2025-07-21 13:00:00,1.16453,0.5,0.0002599204467675146,0.00041867876586814583,0.6208111515485147,10
324811,2025-07-21 13:45:00,1.1662,0.2,0.00038104790407944805,0.00043862582345168547,0.8687311227616775,11
324814,2025-07-21 14:30:00,1.16662,0.26666666666666666,0.00030474452087629557,0.0004373748337868508,0.6967582433533637,12
324823,2025-07-21 16:45:00,1.16878,0.26666666666666666,0.0005430702865369048,0.0003973938926656638,1.3665793474933994,13
324833,2025-07-21 19:15:00,1.16939,0.7666666666666667,0.0004299190599378,0.00039791975140513364,1.0804164870420996,6
324834,2025-07-21 19:30:00,1.16891,0.7666666666666667,0.00024636293724842955,0.00040159106073625714,0.6134671842464818,8
324835,2025-07-21 19:45:00,1.16928,0.26666666666666666,0.0002569353816457119,0.0003983861945962849,0.644940475174056,5
324850,2025-07-21 23:30:00,1.16901,0.2,0.00022544594780127817,0.00041117292861620657,0.5482995890804668,6
324854,2025-07-22 00:30:00,1.16932,0.1,0.00021648422667657087,0.00040211769793883646,0.5383603551552683,9
324855,2025-07-22 00:45:00,1.16936,0.1,0.00018382781076660483,0.0004021198292877812,0.45714684374603815,6
324864,2025-07-22 03:00:00,1.16879,0.03333333333333333,0.0001918543169477084,0.0004166127299035603,0.4605099728760565,8
324878,2025-07-22 06:30:00,1.16923,0.16666666666666666,0.00021797336796054313,0.00041033774328589007,0.5312047734509203,7
324883,2025-07-22 07:45:00,1.16862,0.7,0.0001982028941150004,0.0004130937228212482,0.47980127308970455,8
324922,2025-07-22 17:30:00,1.17325,0.4666666666666667,0.0004590406975902735,0.000450921309707381,1.0180062190632806,5
324924,2025-07-22 18:00:00,1.17473,0.4,0.0007416769817226133,0.0004476841747190319,1.656696893938885,7
324939,2025-07-22 21:45:00,1.17493,0.0,0.0002544867399959778,0.00042103123311125994,0.6044367257873436,2
324944,2025-07-22 23:00:00,1.17525,0.0,0.00033801711647921915,0.0004169439542597818,0.8107015655840728,2
324951,2025-07-23 00:45:00,1.17492,0.8666666666666667,0.0002646175815563272,0.0004176717232482807,0.6335539775074215,2
324974,2025-07-23 06:30:00,1.17352,0.13333333333333333,0.0002370959165671034,0.0004447020603245533,0.5331567755590465,6
324996,2025-07-23 12:00:00,1.17355,0.6666666666666666,0.0002818649241655766,0.0004511323258999473,0.6247943407808221,7
325000,2025-07-23 13:00:00,1.17255,0.3,0.0003178624309775519,0.00045916336617489776,0.6922643538083925,8
325001,2025-07-23 13:15:00,1.17246,0.5333333333333333,0.00024360465153614206,0.00045716888280968433,0.5328548391985652,7
325014,2025-07-23 16:30:00,1.17265,0.1,0.0003241514347063542,0.0004451456589567067,0.7281918360522078,6
325033,2025-07-23 21:15:00,1.17724,0.0,0.00022891759872436528,0.0004595945831925309,0.4980859372497616,2
325038,2025-07-23 22:30:00,1.17727,0.8666666666666667,0.00025598610454690947,0.0004598780131301371,0.5566391461173641,2
325048,2025-07-24 01:00:00,1.17728,0.2,0.0003032261994107909,0.0004723650083917708,0.6419319679143141,5
325052,2025-07-24 02:00:00,1.17727,0.43333333333333335,0.00037505356320230465,0.000468478205902022,0.8005784655022858,5
325058,2025-07-24 03:30:00,1.17757,0.06666666666666667,0.00027887987433577614,0.00045270363096854645,0.6160318920772088,6
325071,2025-07-24 06:45:00,1.17749,0.9333333333333333,8.592314003464116e-05,0.00044129476230525186,0.19470691105825208,3
325075,2025-07-24 07:45:00,1.17753,0.7333333333333333,0.00018273662383030186,0.00044087985139143433,0.41448168532442076,4
325080,2025-07-24 09:00:00,1.17564,0.9666666666666667,0.0002731904765215036,0.0004457823984189365,0.6128336997836447,5
325087,2025-07-24 10:45:00,1.17658,0.5333333333333333,0.00037060895860607996,0.0004457120353402059,0.8314986565781183,8
325093,2025-07-24 12:15:00,1.17487,1.0,0.00017621747058181394,0.00045107605250372534,0.3906602214941539,2
325126,2025-07-24 20:30:00,1.17655,0.3,0.00019917572717438934,0.0005665246045301224,0.3515747164054533,2
325140,2025-07-25 00:00:00,1.17423,0.8666666666666667,0.0002701667801374238,0.0005683047857956253,0.4753906475716036,6
325151,2025-07-25 02:45:00,1.17571,0.5666666666666667,0.00022768449180876518,0.0005617290962680507,0.40532792999584405,4
325152,2025-07-25 03:00:00,1.1754,0.23333333333333334,0.0002133394560323009,0.0005606489928050813,0.38052232104244915,6
325168,2025-07-25 07:00:00,1.17395,0.16666666666666666,0.0003003012989962442,0.0005559399221325195,0.5401686172209473,3
325170,2025-07-25 07:30:00,1.17411,0.2,0.00034697929763179283,0.0005561556538552599,0.623888825415222,3
325174,2025-07-25 08:30:00,1.17489,0.0,0.00026727597604506636,0.0005576284560076675,0.47930835158346236,3
325175,2025-07-25 08:45:00,1.17578,0.6333333333333333,0.00032089493965365275,0.0005632611618198553,0.5697089758805043,6
325186,2025-07-25 11:30:00,1.17365,0.5666666666666667,0.00033050717890373586,0.0005789452603909421,0.5708781149370764,3
325214,2025-07-25 18:30:00,1.17241,0.4666666666666667,0.000271035817754715,0.00047509271779409726,0.5704903645190801,11
325216,2025-07-25 19:00:00,1.17284,0.9333333333333333,0.000284956429450842,0.0004767008812993984,0.5977677840118598,5
325229,2025-07-25 22:15:00,1.17395,0.03333333333333333,0.00023222637257349553,0.00046916981387729365,0.49497296225078935,4
325230,2025-07-25 22:30:00,1.17381,0.1,0.0002708862564587363,0.0004692934945665147,0.5772214181425066,4
325231,2025-07-25 22:45:00,1.17416,0.13333333333333333,0.0002683824740126826,0.0004635614472604394,0.5789577101348102,3
325238,2025-07-28 00:30:00,1.17535,0.7666666666666667,0.00021644120887890186,0.0004887899975113915,0.44281022521099683,8
325244,2025-07-28 02:00:00,1.17551,0.7666666666666667,0.00023723127196813136,0.0004894578457404385,0.48468172291579953,5
325245,2025-07-28 02:15:00,1.17626,0.36666666666666664,0.00017185692867007892,0.0004950868084108814,0.3471248390190429,4
325253,2025-07-28 04:15:00,1.17469,0.6,0.0002914029077618286,0.0005029421447231182,0.579396478937459,5
325265,2025-07-28 07:15:00,1.17438,0.5,0.00021042072750872758,0.000501388888252976,0.4196756897463585,5
325279,2025-07-28 10:45:00,1.16781,0.5,0.0005319406877015165,0.0005869116971669612,0.9063385348583248,8
325283,2025-07-28 11:45:00,1.16687,0.16666666666666666,0.0005589607314891902,0.000580237435963643,0.9633310380273604,8
325287,2025-07-28 12:45:00,1.16672,0.4,0.0005043202373074016,0.00058853758775007,0.8569040411426835,6
325293,2025-07-28 14:15:00,1.16544,0.7666666666666667,0.00043599682165185443,0.0005888023222407083,0.740480811951714,5
325308,2025-07-28 18:00:00,1.16082,0.9666666666666667,0.00032752988422226503,0.0005702349168740925,0.5743771111346789,6
325311,2025-07-28 18:45:00,1.16038,0.9333333333333333,0.0003380528420100592,0.0005593015306829212,0.6044196617829531,5
325330,2025-07-28 23:30:00,1.15864,0.0,0.00019794702529907227,0.0005472000876506741,0.3617452368272266,2
325336,2025-07-29 01:00:00,1.1593,0.5,0.00034392167718144337,0.0005179748735169857,0.6639736689277175,5
325341,2025-07-29 02:15:00,1.15928,0.13333333333333333,0.00033648755452362,0.0005175114887671741,0.6502030618203418,5
325349,2025-07-29 04:15:00,1.15961,0.7666666666666667,0.0002939679986314805,0.0005213595829298488,0.563848844936327,4
325350,2025-07-29 04:30:00,1.15977,0.13333333333333333,0.0002967590424983681,0.0005159913732175906,0.5751240386982721,4
325357,2025-07-29 06:15:00,1.15799,0.43333333333333335,0.00035569935414800726,0.0005145370667125135,0.6912997666439192,5
325362,2025-07-29 07:30:00,1.15855,0.5666666666666667,0.0003640843306409226,0.0005255777547889037,0.6927316221500959,5
325363,2025-07-29 07:45:00,1.15846,0.7,0.00038420005575379737,0.0005251066619534687,0.7316609816461298,4
325377,2025-07-29 11:15:00,1.15706,0.13333333333333333,0.0004871147699444314,0.0005677435526335674,0.857983798644429,6
325389,2025-07-29 14:15:00,1.15344,0.23333333333333334,0.0006188817017211887,0.0006053191086894184,1.0224056912082866,7
325404,2025-07-29 18:00:00,1.15328,0.8333333333333334,0.0003669869762693829,0.0006485043579305199,0.5658974712837651,4
325411,2025-07-29 19:45:00,1.15471,0.9333333333333333,0.0004204901537110212,0.0006547373456093177,0.642227232845105,3
325415,2025-07-29 20:45:00,1.1547,0.06666666666666667,0.00021924368471053655,0.0006582151618318885,0.3330881715036101,2
325416,2025-07-29 21:00:00,1.15499,0.1,0.0002639651298522949,0.0006580176485424107,0.4011520518287158,2
325424,2025-07-29 23:00:00,1.15438,0.23333333333333334,0.00037643480267920536,0.0006594929614695912,0.5707942687369568,2
325433,2025-07-30 01:15:00,1.15497,0.7666666666666667,0.0005529318270472773,0.0006565923071514188,0.8421235232653496,3
325438,2025-07-30 02:30:00,1.15612,0.5333333333333333,0.0003697971603228309,0.0006611011489244822,0.5593654782243813,2
325459,2025-07-30 07:45:00,1.15561,0.1,0.00043884020755139135,0.0006497355226261736,0.6754135987172719,3
325464,2025-07-30 09:00:00,1.1556,0.3,0.0005614464235536101,0.0006456953756303332,0.8695221380601053,3
325471,2025-07-30 10:45:00,1.15565,0.13333333333333333,0.00047849114749553873,0.0005405568178264414,0.8851819674008249,3
325472,2025-07-30 11:00:00,1.15562,0.36666666666666664,0.0005594740346715331,0.0005273078087327137,1.0610008526445398,3
325481,2025-07-30 13:15:00,1.1532,0.9666666666666667,0.0004188574230648255,0.0005113384330988298,0.819139333076241,3
325482,2025-07-30 13:30:00,1.15301,0.8666666666666667,0.0005417854936120716,0.0005045470217668159,1.0738057509780843,3
325502,2025-07-30 18:30:00,1.14693,0.0,0.0002509125473467391,0.0004752046799089574,0.528009419845803,2
325511,2025-07-30 20:45:00,1.14581,1.0,0.0006969019480920017,0.0005321669408114095,1.309555131383051,3
325513,2025-07-30 21:15:00,1.14309,0.16666666666666666,0.0006601288988679028,0.0006336707009875706,1.0417538602291336,7
325515,2025-07-30 21:45:00,1.14246,0.4,0.0005835510424072573,0.0006484093382514237,0.8999732236752314,6
325535,2025-07-31 02:45:00,1.14333,0.2,0.0005097389221191406,0.0006780761660842675,0.7517428684490779,2
325551,2025-07-31 06:45:00,1.14266,0.8,0.0007008157374698105,0.000688077278946097,1.018513121873788,3
325570,2025-07-31 11:30:00,1.1439,0.3,0.0005124705147073357,0.000736961611687001,0.6953829162610302,2
325571,2025-07-31 11:45:00,1.14356,0.3,0.0005138362286896066,0.0007372366691477671,0.696975951133294,2
325578,2025-07-31 13:30:00,1.14389,0.16666666666666666,0.0007611377964298177,0.0007496209020471941,1.015363624935179,3
325584,2025-07-31 15:00:00,1.14284,0.3333333333333333,0.000626899881939026,0.000744531922001534,0.8420053773567204,3
325613,2025-07-31 22:15:00,1.14125,0.36666666666666664,0.000561192809295299,0.0005843452066009492,0.9603789043802989,2
325617,2025-07-31 23:15:00,1.14115,0.9,0.0006234463945888519,0.0005650082865236838,1.1034287628323456,3
325624,2025-08-01 01:00:00,1.14172,0.26666666666666666,0.0004397596359434882,0.0005521083685725986,0.7965096364694257,2
325632,2025-08-01 03:00:00,1.14239,0.8333333333333334,0.00033750948161017703,0.0005467571613900224,0.617293207010084,2
325670,2025-08-01 12:30:00,1.14061,0.7333333333333333,0.0004722363891453285,0.0005120625352395125,0.9222240578964526,5
325674,2025-08-01 13:30:00,1.14115,0.6333333333333333,0.0005933883062332571,0.0005176748854363375,1.1462567007342888,8
325695,2025-08-01 18:45:00,1.15417,0.13333333333333333,0.0005500538346663319,0.0014744542880005904,0.3730558750737694,13
325700,2025-08-01 20:00:00,1.15264,0.16666666666666666,0.0005621717300710804,0.001483339183447158,0.378990682875807,11
325703,2025-08-01 20:45:00,1.15448,0.0,0.000522091281248051,0.00148639203081093,0.35124736302791804,11
325714,2025-08-03 23:30:00,1.1592,0.1,0.0006342752050709875,0.0015463388900434942,0.4101786543395718,5
325723,2025-08-04 01:45:00,1.15832,0.13333333333333333,0.0005765895913010009,0.0015485978201754626,0.37233010649315706,3
325725,2025-08-04 02:15:00,1.15726,0.26666666666666666,0.0003993779500011307,0.001557277533058214,0.2564590713749167,4
325726,2025-08-04 02:30:00,1.15641,0.8,0.00036542636257347555,0.0015604427098975394,0.23418121040628906,6
325735,2025-08-04 04:45:00,1.15757,0.5,0.0004355311393737793,0.0015579649319253932,0.2795513111039881,2
325739,2025-08-04 05:45:00,1.15766,0.7333333333333333,0.0006052066872463799,0.0015579829152489934,0.3884552785032672,3
325744,2025-08-04 07:00:00,1.15741,0.3333333333333333,0.00047564848071951276,0.001556027220896938,0.30568133663197455,5
325753,2025-08-04 09:15:00,1.15657,0.3,0.0003549763782718545,0.001568006252473229,0.2263870936177374,2
325761,2025-08-04 11:15:00,1.15682,0.3,0.0005518849188785437,0.001573433471259838,0.35075198853921224,3
325771,2025-08-04 13:45:00,1.15674,0.23333333333333334,0.0006287792883335652,0.001577583874322504,0.39857106716661617,6
325776,2025-08-04 15:00:00,1.15749,0.36666666666666664,0.0007259823756122922,0.001584863787579588,0.45807241057669446,6
325779,2025-08-04 15:45:00,1.15777,0.8,0.0004620490382943843,0.000826366223038018,0.5591334996676494,6
325780,2025-08-04 16:00:00,1.15749,0.4,0.0006448824503070781,0.0008039047268908019,0.8021876582331322,4
325789,2025-08-04 18:15:00,1.15636,0.9,0.0004414491890896245,0.0007936080733615949,0.5562559201542865,3
325792,2025-08-04 19:00:00,1.15718,0.6333333333333333,0.0003947521949064121,0.0007783747807163288,0.5071492611093161,3
325794,2025-08-04 19:30:00,1.15687,0.6333333333333333,0.0003658179762096903,0.0007683286572944231,0.47612173870733165,2
325801,2025-08-04 21:15:00,1.15677,0.5333333333333333,0.0003959795802562822,0.000750316955098897,0.5277497430457097,3
325802,2025-08-04 21:30:00,1.15707,0.7333333333333333,0.0003769217054083691,0.0007488343899536132,0.5033445451559959,3
325806,2025-08-04 22:30:00,1.15751,0.0,0.00025256161873998134,0.0006074951372660244,0.4157426179189047,3
325817,2025-08-05 01:15:00,1.15841,0.0,0.00024314400495899785,0.0005881383369562122,0.4134129501187411,4
325822,2025-08-05 02:30:00,1.15786,0.6,0.0002544371284098861,0.0005889715623656099,0.43200239989166367,5
325826,2025-08-05 03:30:00,1.1567,0.7,0.0003817070288507461,0.0005796566716198291,0.6585053662611696,3
325841,2025-08-05 07:15:00,1.15558,0.2,0.0004287823251262692,0.0005607261314677349,0.7646911764285094,3
325847,2025-08-05 08:45:00,1.15494,0.7333333333333333,0.00043238431779571386,0.0005629318575976524,0.7680935302559381,3
325848,2025-08-05 09:00:00,1.15501,0.9333333333333333,0.0003271587464606825,0.0005568804953794631,0.5874846563583697,3
325856,2025-08-05 11:00:00,1.15365,0.3333333333333333,0.0003661027198501459,0.0005446624626730636,0.6721644044522688,6
325857,2025-08-05 11:15:00,1.15379,0.3,0.00029617879217251646,0.000544901065990131,0.5435459951511284,4
325865,2025-08-05 13:15:00,1.15386,0.13333333333333333,0.00019020947596214594,0.0005321898516125499,0.35740906254752136,4
325880,2025-08-05 17:00:00,1.15645,0.13333333333333333,0.0004028096342989118,0.000508304426963183,0.7924574584279347,6
325890,2025-08-05 19:30:00,1.15799,0.13333333333333333,0.00023652336125173093,0.0004912215616089487,0.48150036508377514,3
325922,2025-08-06 03:30:00,1.15653,0.4,0.00039501643439590693,0.0004579764339345208,0.8625256784552902,3
325934,2025-08-06 06:30:00,1.15812,0.5,0.00021989551261606825,0.00044011539516948436,0.49963149444338006,4
325936,2025-08-06 07:00:00,1.15824,0.5666666666666667,0.00024007839502236471,0.0004371182448300022,0.5492298659730678,4
325947,2025-08-06 09:45:00,1.15765,0.7,0.00024772668411145936,0.00043140597018481713,0.5742310056704399,4
326000,2025-08-06 23:00:00,1.16576,0.16666666666666666,0.00042614339149523177,0.0004897050329369245,0.8702042307784906,3
326010,2025-08-07 01:30:00,1.16606,0.7333333333333333,0.0001879576276952016,0.0005013585054475532,0.37489665708855463,4
326015,2025-08-07 02:45:00,1.16516,0.8333333333333334,0.0003577094513945955,0.0005064057574157045,0.7063692427591312,6
326022,2025-08-07 04:30:00,1.16567,0.4666666666666667,0.00032543768801109464,0.0005141160716899384,0.6330043076485751,5
326025,2025-08-07 05:15:00,1.16571,0.26666666666666666,0.000289002574491214,0.0005129701488735543,0.5633906283354752,5
326030,2025-08-07 06:30:00,1.16717,0.0,0.00025495612105800875,0.0005124234559267099,0.49754966933924705,4
326041,2025-08-07 09:15:00,1.16746,0.7,0.00021132475145151683,0.0005208530201360593,0.40572818680462625,4
326045,2025-08-07 10:15:00,1.16836,0.7333333333333333,0.0005054383688354236,0.0005244354172699144,0.96377619091139,5
326064,2025-08-07 15:00:00,1.16506,0.3333333333333333,0.0004133224520349615,0.000526000167205693,0.7857838795578391,6
326069,2025-08-07 16:15:00,1.16366,0.26666666666666666,0.0004093236099110969,0.0005037387206719516,0.8125712658441033,8
326079,2025-08-07 18:45:00,1.16352,0.8666666666666667,0.0003026959225549501,0.0004881121218799731,0.6201360486379871,4
326085,2025-08-07 20:15:00,1.16355,0.26666666666666666,0.0002929649227404519,0.0004779413519720863,0.6129725363407397,4
326093,2025-08-07 22:15:00,1.16593,0.23333333333333334,0.00038829638472248797,0.0005454555555546143,0.711875387038036,5
326095,2025-08-07 22:45:00,1.16647,0.1,0.00028613573934086655,0.0005574024763679767,0.5133377612624208,4
326101,2025-08-08 00:15:00,1.16669,0.03333333333333333,0.0002769952147025241,0.000556413644019164,0.49782247017110137,4
326108,2025-08-08 02:00:00,1.16763,0.0,0.0002798142355475874,0.0005509157767222884,0.5079074649347702,4
326129,2025-08-08 07:15:00,1.16528,0.6666666666666666,0.00034719541778505494,0.0005429010939352909,0.6395187294031086,6
326137,2025-08-08 09:15:00,1.16526,0.6333333333333333,0.00030566748810872485,0.0005427818357426054,0.5631498108084747,5
326139,2025-08-08 09:45:00,1.16596,0.03333333333333333,0.0002725377049786622,0.0005448284285249068,0.5002266598248978,5
326154,2025-08-08 13:30:00,1.16414,0.7,0.00045231740162830276,0.0005571924095746619,0.8117795466266016,7
326167,2025-08-08 16:45:00,1.16554,0.4,0.000267771180918733,0.0005269136902140738,0.5081879364530143,5
326216,2025-08-11 05:00:00,1.16656,0.4666666666666667,0.00019626270024428863,0.0003900542685512744,0.503167677085654,4
326228,2025-08-11 08:00:00,1.16689,0.0,0.00019387626447951606,0.0003884561149598247,0.49909438161262387,5
326231,2025-08-11 08:45:00,1.16658,0.23333333333333334,0.00017991462202384052,0.00037715648689988246,0.4770291066784687,5
326242,2025-08-11 11:30:00,1.16428,0.4666666666666667,0.0003625512583670519,0.0003730095014262715,0.9719625290529315,9
326244,2025-08-11 12:00:00,1.16407,0.43333333333333335,0.00040318432856428093,0.00036489557511247534,1.1049307146023994,10
326251,2025-08-11 13:45:00,1.16281,0.7333333333333333,0.0002809285329828256,0.00035684208245245763,0.787262900866671,14
326260,2025-08-11 16:00:00,1.16189,0.8333333333333334,0.0002969485101722557,0.0003479328375754742,0.8534650314741881,15
326261,2025-08-11 16:15:00,1.1606,0.7,0.0005031093389469126,0.00036995048436452176,1.3599369651079736,15
326277,2025-08-11 20:15:00,1.16091,0.43333333333333335,0.0002603097599657411,0.0003929096097482308,0.6625181810456171,10
326293,2025-08-12 00:15:00,1.16139,0.23333333333333334,0.0002283114548411011,0.0003840753654403392,0.5944444121776566,9
326321,2025-08-12 07:15:00,1.16259,0.6333333333333333,0.00021798236252684196,0.0003819441297268855,0.5707179285167003,11
326343,2025-08-12 12:45:00,1.16086,0.4666666666666667,0.00022673745301991005,0.0004013036607098989,0.5650022046118782,6
326345,2025-08-12 13:15:00,1.16084,0.5666666666666667,0.0002706924133959155,0.00040015128248270786,0.6764751863755758,9
326368,2025-08-12 19:00:00,1.16793,0.4,0.0005261575230742301,0.0007596473225703186,0.6926339466239941,18
326385,2025-08-12 23:15:00,1.16726,0.26666666666666666,0.00019908033778158945,0.0007517111181446541,0.26483622893985165,7
326387,2025-08-12 23:45:00,1.16675,0.43333333333333335,0.0001991068292816153,0.0007506927318111438,0.2652307939644549,7
326406,2025-08-13 04:30:00,1.16778,0.06666666666666667,0.00018192782070578634,0.0007601984634999726,0.2393162173311771,5
326415,2025-08-13 06:45:00,1.16827,0.5,0.0003086240797811074,0.0007601111647363264,0.40602492648317495,10
326424,2025-08-13 09:00:00,1.16918,0.6,0.00037378909777497385,0.000755746761848195,0.494595698777279,10
326429,2025-08-13 10:15:00,1.17123,0.6666666666666666,0.00032550041480368017,0.0007688670065942213,0.4233507381797004,3
326440,2025-08-13 13:00:00,1.17161,0.3,0.0003772044367774944,0.0007687632131349449,0.49066400464102566,5
326442,2025-08-13 13:30:00,1.1712,0.5333333333333333,0.0005203599307104608,0.0007715054445394049,0.6744734394209233,8
326449,2025-08-13 15:15:00,1.16955,0.4,0.000352968427344584,0.0007809111618028411,0.4519956233301976,13
326460,2025-08-13 18:00:00,1.17132,0.03333333333333333,0.00028501533367461345,0.0005248592933623047,0.5430318892684071,9
326468,2025-08-13 20:00:00,1.17037,0.6,0.00024452332244200703,0.0004054685869743181,0.6030635425217167,11
326488,2025-08-14 01:00:00,1.17074,0.03333333333333333,0.00018174530551304767,0.00040523797268854334,0.44849031374641923,7
326490,2025-08-14 01:30:00,1.171,0.1,0.00021408477764631,0.000404780206545045,0.5288914185641784,9
326503,2025-08-14 04:45:00,1.17039,0.06666666666666667,0.00017909067430883047,0.0003885048871534437,0.46097405780663164,7
326519,2025-08-14 08:45:00,1.16953,0.4666666666666667,0.00020742760624349268,0.00039089499622229864,0.5306478932913492,9
326549,2025-08-14 16:15:00,1.16521,0.4,0.0005779878181905734,0.00044318966582018737,1.3041545477395604,20
326550,2025-08-14 16:30:00,1.1663,0.36666666666666664,0.0003574909384280364,0.00045697568072960385,0.7822975127631937,14
326558,2025-08-14 18:30:00,1.16376,0.36666666666666664,0.00040700082764939924,0.00045702156106114443,0.8905506048869913,13
326559,2025-08-14 18:45:00,1.16377,0.3,0.0003667087714316413,0.00045688136041218606,0.802634563819383,10
326560,2025-08-14 19:00:00,1.16336,0.4,0.00036638022456551557,0.0004577393067361935,0.800412416355298,11
326561,2025-08-14 19:15:00,1.16426,0.4666666666666667,0.0003317770342368541,0.00046813329377075867,0.7087234312356403,12
326567,2025-08-14 20:45:00,1.16374,0.36666666666666664,0.00031820982486179564,0.00047559734804303094,0.6690740101288469,9
326584,2025-08-15 01:00:00,1.16494,0.2,0.0002256573325442365,0.00046817847295940154,0.48198997941497523,9
326590,2025-08-15 02:30:00,1.16482,0.5666666666666667,0.00014801006828170292,0.0004700175727806115,0.3149032650121554,9
326613,2025-08-15 08:15:00,1.1672,0.5,0.00032283357839557467,0.0004834980773244552,0.6677039548575798,6
326620,2025-08-15 10:00:00,1.1682,0.2,0.0002724903339888264,0.00046941753390845566,0.5804860583711529,9
326628,2025-08-15 12:00:00,1.16873,0.5,0.00021800816371991334,0.0004249237914592547,0.5130523828078424,7
326629,2025-08-15 12:15:00,1.16881,0.5666666666666667,0.00023568171401926134,0.00042462186014121446,0.5550390503703266,7
326650,2025-08-15 17:30:00,1.17115,0.1,0.00026928871989875065,0.00039004935081581255,0.6903965340168277,9
326651,2025-08-15 17:45:00,1.1708,0.5666666666666667,0.0002031340732163098,0.0003921115585383314,0.5180517350050321,8
326659,2025-08-15 19:45:00,1.17042,0.4666666666666667,0.0001887947480236553,0.00034800919082443853,0.5424993161140312,7
326695,2025-08-18 04:45:00,1.16982,0.5,0.00022075497323969495,0.00035699527727569885,0.6183694499387207,5
326699,2025-08-18 05:45:00,1.17018,0.9,0.00015411944921359954,0.0003535074447858774,0.43597228710968466,6
326709,2025-08-18 08:15:00,1.17018,0.43333333333333335,0.0002256797648315462,0.00035654654139396103,0.6329601850833396,9
326711,2025-08-18 08:45:00,1.16959,0.4,0.00031377153711554075,0.0003534455874493722,0.8877506135523211,6
326727,2025-08-18 12:45:00,1.16813,0.16666666666666666,0.00026653211968983854,0.00042998430364074586,0.6198647658369584,13
326729,2025-08-18 13:15:00,1.16857,0.9,0.00022633277042925643,0.0004303512563671191,0.525925664397687,6
326735,2025-08-18 14:45:00,1.16701,0.43333333333333335,0.00034474448049968926,0.0004339646692411481,0.7944067914619095,15
326737,2025-08-18 15:15:00,1.1672,0.6,0.0002858494054037683,0.00043407355956890775,0.6585275677414087,17
326749,2025-08-18 18:15:00,1.16658,0.4,0.000249193562849346,0.00039816931343718883,0.6258482370180349,16
326781,2025-08-19 02:15:00,1.16682,0.2,0.00021907543916292464,0.00041125751246265125,0.5326965040737589,11
326782,2025-08-19 02:30:00,1.16656,0.8,0.00018558011836742797,0.00041184259744331204,0.45060933356455946,10
326789,2025-08-19 04:15:00,1.16547,0.13333333333333333,0.00023686964346556058,0.0004386146578487421,0.5400404186839692,8
326795,2025-08-19 05:45:00,1.16578,0.5,0.0001928720978598279,0.00043225077274388073,0.44620417133206464,6
326797,2025-08-19 06:15:00,1.16557,0.7666666666666667,0.00019269101252745183,0.00043154170368123483,0.4465177082161823,5
326800,2025-08-19 07:00:00,1.16602,0.26666666666666666,0.00021597234793760815,0.000432366537055132,0.49951217179896845,11
326801,2025-08-19 07:15:00,1.1663,0.3,0.0002001238949076933,0.0004335011565489695,0.46164558475655815,13
326838,2025-08-19 16:30:00,1.16686,0.5333333333333333,0.0003556624882244558,0.0003906313319045885,0.9104812112493991,11
326858,2025-08-19 21:30:00,1.16473,0.3,0.0002070366157869688,0.00040411724016879393,0.5123181968195482,5
326873,2025-08-20 01:15:00,1.16443,0.36666666666666664,0.000173453684884543,0.0003752324722404014,0.462256594822145,4
326875,2025-08-20 01:45:00,1.16422,0.23333333333333334,0.0001814937472207026,0.0003752775526273353,0.48362537527239924,4
326905,2025-08-20 09:15:00,1.16389,0.7666666666666667,0.00019173396222335528,0.00039396713189059096,0.4866750210944042,7
326937,2025-08-20 17:15:00,1.1657,0.8333333333333334,0.00032486687026309416,0.0004301961976738186,0.7551597899277883,12
326972,2025-08-21 02:00:00,1.16505,0.6333333333333333,0.0002511559191391996,0.0004572592612922716,0.549263711858786,11
326978,2025-08-21 03:30:00,1.16441,0.36666666666666664,0.00021595570808608387,0.0004500919200068692,0.47980356564229815,11
326979,2025-08-21 03:45:00,1.16478,0.6333333333333333,0.00023077433369650974,0.00045000991951339275,0.5128205483693602,9
326985,2025-08-21 05:15:00,1.16466,0.5666666666666667,0.00018732746251452808,0.000438005702018268,0.42768270287658305,8
326987,2025-08-21 05:45:00,1.16439,0.36666666666666664,0.00015490908667152966,0.0004390578535865733,0.35282158240903605,7
327003,2025-08-21 09:45:00,1.16548,0.6,0.0003275981587694402,0.00044715947577552844,0.7326204106516411,18
327010,2025-08-21 11:30:00,1.16575,0.7333333333333333,0.00019248744470889344,0.00043824875729206296,0.4392196018952169,16
327022,2025-08-21 14:30:00,1.16396,0.7666666666666667,0.0002976826268594085,0.00044418144192626607,0.6701824947221089,12
327034,2025-08-21 17:30:00,1.16195,0.7,0.0003015820165877204,0.0004716392122978009,0.6394337212091188,7
327059,2025-08-21 23:45:00,1.16055,0.6,0.00016152050319491403,0.00043849898408662496,0.3683486371840849,5
327063,2025-08-22 00:45:00,1.16121,0.13333333333333333,0.00020720602937366985,0.00044326468763914855,0.46745440174190334,3
327108,2025-08-22 12:00:00,1.15961,0.36666666666666664,0.00028466089845813705,0.0004217528685067545,0.6749471543987332,4
327114,2025-08-22 13:30:00,1.15968,0.9333333333333333,0.0003301385494082643,0.00042289591509567167,0.7806614763199524,6
327124,2025-08-22 16:00:00,1.15995,0.8666666666666667,0.0002640083855036163,0.00043288316896794603,0.6098836924823139,4
327125,2025-08-22 16:15:00,1.16822,0.6,0.0013818600784756474,0.0009375485403887945,1.4739077700474048,20
327130,2025-08-22 17:30:00,1.17243,0.6,0.0006406369582836759,0.0009293163699283484,0.6893636860535126,8
327139,2025-08-22 19:45:00,1.17398,0.26666666666666666,0.0004737637523034511,0.0009223963679936056,0.5136227426111628,4
327154,2025-08-24 23:30:00,1.17242,0.7333333333333333,0.0003125766504618466,0.0009274923597200423,0.33701264186822616,3
327157,2025-08-25 00:15:00,1.17163,0.6333333333333333,0.00022879317579350007,0.000928095693429089,0.24651894994595294,8
327160,2025-08-25 01:00:00,1.17123,0.5,0.0002720508276084775,0.0009273451260220588,0.29336524231864697,8
327164,2025-08-25 02:00:00,1.17078,0.3,0.0002745505047070086,0.0009281155585109054,0.29581500082544154,9
327168,2025-08-25 03:00:00,1.16976,0.7,0.00019940193036071627,0.0009316178098875239,0.21403834087799423,6
327177,2025-08-25 05:15:00,1.17041,0.13333333333333333,0.00019347143188959344,0.0009333898491787605,0.20727826862464654,7
327198,2025-08-25 10:30:00,1.1703,0.6333333333333333,0.0002470869658229102,0.0009320612258657585,0.2650973551586162,9
327209,2025-08-25 13:15:00,1.16928,0.16666666666666666,0.0002461483499244152,0.0009379864115836048,0.26242208510125675,7
327210,2025-08-25 13:30:00,1.16943,0.16666666666666666,0.00030270070856668036,0.0009371863057125566,0.3229888302054654,8
327220,2025-08-25 16:00:00,1.17027,0.5333333333333333,0.0004179953376099905,0.0009419679300630296,0.44374688805172097,18
327225,2025-08-25 17:15:00,1.16846,0.9,0.0002896904591085221,0.0004499517597061454,0.6438255943208516,9
327229,2025-08-25 18:15:00,1.16677,0.3,0.00029324603113249284,0.00040769130826699533,0.7192844811409304,14
327256,2025-08-26 01:00:00,1.16198,0.8333333333333334,0.0002652555447239686,0.0004204983657815323,0.6308123082261412,7
327259,2025-08-26 01:45:00,1.16137,0.8,0.00027807360616004977,0.00041946796314484987,0.6629197712151045,8
327266,2025-08-26 03:30:00,1.164,0.3333333333333333,0.0003294662181537313,0.0005566694068177989,0.5918525683621185,11
327274,2025-08-26 05:30:00,1.16279,0.43333333333333335,0.00033287318416460194,0.0005705292115809729,0.5834463466685414,7
327291,2025-08-26 09:45:00,1.16213,0.9333333333333333,0.0003869543193599891,0.0005882932171077279,0.6577575741267305,9
327300,2025-08-26 12:00:00,1.16423,0.2,0.0003847411373257464,0.000596265235784335,0.6452516669358611,21
327304,2025-08-26 13:00:00,1.16446,0.5,0.000349054667386957,0.0006006472548702585,0.5811308793250937,18
327308,2025-08-26 14:00:00,1.16535,0.3,0.000414112051416024,0.0006144578862958913,0.6739470037766087,18
327311,2025-08-26 14:45:00,1.1647,0.9333333333333333,0.00030651011354796966,0.0006096412576376154,0.5027712768911159,16
327321,2025-08-26 17:15:00,1.16611,0.3333333333333333,0.0003559331977278857,0.0006211784338406345,0.5729967080911273,5
327323,2025-08-26 17:45:00,1.16537,0.2,0.0002587932762378565,0.0006181390359527474,0.41866515651931663,11
327335,2025-08-26 20:45:00,1.16394,0.8666666666666667,0.00018612992340728013,0.0006091554482784552,0.3055540649489472,10
327338,2025-08-26 21:30:00,1.1647,0.3,0.00022040576144063747,0.0005928854456968971,0.3717510069446304,14
327339,2025-08-26 21:45:00,1.16435,0.8333333333333334,0.00018005282087329714,0.0005931265997665883,0.30356558101449654,12
327340,2025-08-26 22:00:00,1.16402,0.6666666666666666,0.00023212182330547323,0.0005810415341098921,0.3994926518653521,11
327344,2025-08-26 23:00:00,1.16412,0.43333333333333335,0.0001956499032223803,0.0005807541476935446,0.33688937737147573,10
327357,2025-08-27 02:15:00,1.16404,0.5,0.0002799616933410147,0.0005758594806149672,0.4861632095420923,15
327360,2025-08-27 03:00:00,1.16363,0.7,0.00020252817275207658,0.000457622870899409,0.44256567062312474,6
327361,2025-08-27 03:15:00,1.16368,0.7333333333333333,0.00016764807081375395,0.0004575494674366095,0.3664042529717959,8
327366,2025-08-27 04:30:00,1.16264,0.43333333333333335,0.00024915271380244005,0.00045346770096760475,0.5494387213704538,8
327367,2025-08-27 04:45:00,1.16279,0.26666666666666666,0.00023241214151553622,0.000453430146849144,0.5125643787263656,6
327387,2025-08-27 09:45:00,1.1601,0.7333333333333333,0.00038399154898565487,0.000422757888419849,0.908301322113487,7
327390,2025-08-27 10:30:00,1.1589,0.6,0.0005447790143540181,0.0004202634716138285,1.296279717725752,5
327405,2025-08-27 14:15:00,1.15927,0.2,0.00033455222626837427,0.000406603762565819,0.8227966808699135,9
327415,2025-08-27 16:45:00,1.15862,0.6333333333333333,0.00040728272704440826,0.0004151043990073984,0.9811573378126239,5
327427,2025-08-27 19:45:00,1.16361,0.4666666666666667,0.0002058830130903476,0.00044775554953520454,0.4598111922991591,13
327442,2025-08-27 23:30:00,1.16331,0.5333333333333333,0.00019471386821818087,0.00043851687689448136,0.44402821984211593,10
327460,2025-08-28 04:00:00,1.16447,0.3333333333333333,0.00015915610620212541,0.0004430609320295144,0.35921945424771345,12
327473,2025-08-28 07:15:00,1.16394,0.6666666666666666,0.00023577187881982587,0.0004376413905654277,0.5387330446857672,14
327474,2025-08-28 07:30:00,1.16396,0.3333333333333333,0.00022259319416966962,0.00043432351375506336,0.5125055105701715,14
327478,2025-08-28 08:30:00,1.16376,0.7333333333333333,0.00022828212807172874,0.00043899907951743753,0.5200059378772823,13
327494,2025-08-28 12:30:00,1.1664,0.36666666666666664,0.0003244389427431447,0.0004292925490194403,0.7557525596104688,6
327514,2025-08-28 17:30:00,1.1665,0.8333333333333334,0.0003494047543006699,0.00046969562289368277,0.7438961260657923,10
327537,2025-08-28 23:15:00,1.16768,0.2,0.00029731770529089336,0.00044914416002212425,0.6619649808565871,5
327540,2025-08-29 00:00:00,1.16775,0.6,0.00027785748910295747,0.00044650011285611287,0.622301050106338,7
327551,2025-08-29 02:45:00,1.16752,0.36666666666666664,0.0002196696951671855,0.0004473348847706055,0.49106318922529973,3
327552,2025-08-29 03:00:00,1.16743,0.23333333333333334,0.0002625106995286644,0.0004444315195549382,0.5906662511055638,3
327553,2025-08-29 03:15:00,1.16741,0.26666666666666666,0.00025547348708702174,0.0004441379797387454,0.5752119808292425,3
327556,2025-08-29 04:00:00,1.16583,0.5,0.00023224206095474547,0.00045959287378250494,0.505321283690422,16
327557,2025-08-29 04:15:00,1.16613,0.06666666666666667,0.00014680563325163265,0.0004583416784169392,0.3202973680217842,9
327560,2025-08-29 05:00:00,1.16614,0.4,0.0002347034372174107,0.0004534799633225033,0.5175607660762194,8
327562,2025-08-29 05:30:00,1.16612,0.5,0.0001866105089155901,0.0004537957678498893,0.4112213514016702,4
327565,2025-08-29 06:15:00,1.16583,0.6333333333333333,0.00017252782844223962,0.00045222209813116596,0.381511273233265,12
327566,2025-08-29 06:30:00,1.16608,0.2,0.0002177051326969484,0.00045144269863629446,0.48224311380954,9
327567,2025-08-29 06:45:00,1.16622,0.4,0.000266649953397048,0.0004513268764353769,0.5908133712378819,7
327589,2025-08-29 12:15:00,1.16677,0.3333333333333333,0.00027759979958989046,0.0004833880994483511,0.5742793418098026,5
327635,2025-08-31 23:45:00,1.16902,0.26666666666666666,0.0002134512249286872,0.0004176281163266936,0.5111035789594993,5
327640,2025-09-01 01:00:00,1.16882,0.8666666666666667,0.00013978581175641663,0.00041527641955977815,0.33660907572021376,7
327658,2025-09-01 05:30:00,1.17081,0.4,0.0003297693853635684,0.0004093396425524978,0.8056131170370959,12
327660,2025-09-01 06:00:00,1.17078,0.5333333333333333,0.0002494856988212715,0.00040888210159257176,0.610165370040751,9
327665,2025-09-01 07:15:00,1.171,0.36666666666666664,0.00024119239286855132,0.00040877855640020835,0.590031911146571,9
327678,2025-09-01 10:30:00,1.172,0.4,0.00027974324100241463,0.0004279602129676121,0.6536664683443026,6
327690,2025-09-01 13:30:00,1.17255,0.6666666666666666,0.0004259911458755951,0.0004146870020416448,1.0272594602152856,6
327694,2025-09-01 14:30:00,1.17128,0.36666666666666664,0.0002766732892623453,0.00042202755166198183,0.6555811064296192,9
327700,2025-09-01 16:00:00,1.17075,0.4666666666666667,0.0003096022486840256,0.00042829638343329894,0.7228691641106088,11
327701,2025-09-01 16:15:00,1.17111,0.2,0.00025322966937779115,0.00042916644601348816,0.5900500184253278,7
327702,2025-09-01 16:30:00,1.17101,0.7,0.0003054201163173321,0.0004274121366762003,0.7145798869738527,10
327714,2025-09-01 19:30:00,1.17021,0.03333333333333333,9.493517608820536e-05,0.000373506562634992,0.2541727123038008,4
327717,2025-09-01 20:15:00,1.1704,0.06666666666666667,0.00014438900837581087,0.000371586851332044,0.3885740516872789,3
327720,2025-09-01 21:00:00,1.17071,0.0,0.00012250494343547512,0.0003691803256481075,0.3318295557067238,3
327733,2025-09-02 00:15:00,1.17124,0.0,0.0002154961164847249,0.00034817125401187635,0.6189371293627078,8
327742,2025-09-02 02:30:00,1.17074,0.16666666666666666,0.00019529874718789348,0.0003559067365790399,0.548735742023589,5
327762,2025-09-02 07:30:00,1.16867,0.6333333333333333,0.00023618773962997655,0.00035682572711432476,0.6619134263104954,4
327767,2025-09-02 08:45:00,1.17027,0.43333333333333335,0.00021253122388231345,0.00036701088553754967,0.5790869760471149,8
327771,2025-09-02 09:45:00,1.16712,0.36666666666666664,0.0003526311399842615,0.00039606144330233556,0.8903445310001527,16
327779,2025-09-02 11:45:00,1.16311,0.4666666666666667,0.00043325001646483214,0.00048022583793764004,0.9021797292820634,11
327784,2025-09-02 13:00:00,1.16311,0.23333333333333334,0.0005751713802922518,0.0004894699151916908,1.1750903629429352,12
327786,2025-09-02 13:30:00,1.16308,0.5333333333333333,0.00038105969313483794,0.0004877485448421206,0.7812625935320487,13
327832,2025-09-03 01:00:00,1.16364,0.06666666666666667,0.00021689851767579463,0.0006504448024047749,0.33346183546074004,7
327870,2025-09-03 10:30:00,1.16512,0.6,0.00040765388996277444,0.0006450291353500599,0.6319929870168408,16
327881,2025-09-03 13:15:00,1.16453,0.4666666666666667,0.0003912607505925607,0.0005760363138854913,0.6792293144739802,14
327891,2025-09-03 15:45:00,1.1646,0.7666666666666667,0.0003737137981537294,0.0005543090699658515,0.6741975161560179,12
327916,2025-09-03 22:00:00,1.16577,0.5666666666666667,0.00023209605743797218,0.0004929162111196605,0.4708631045239217,11
327921,2025-09-03 23:15:00,1.16585,0.16666666666666666,0.0002100609716777726,0.0004925572366376688,0.4264701765660912,10
327922,2025-09-03 23:30:00,1.16578,0.6666666666666666,0.0001963665732680033,0.0004923676631571932,0.39882101925388097,13
327927,2025-09-04 00:45:00,1.16614,0.5,0.000209822126748097,0.0004905430734268319,0.427734358335392,12
327951,2025-09-04 06:45:00,1.16526,0.6,0.0001424003471020064,0.0004892573117181608,0.2910541011680104,5
327952,2025-09-04 07:00:00,1.1651,0.8333333333333334,0.0002027978696691862,0.0004881817241314304,0.415414710638754,9
327960,2025-09-04 09:00:00,1.16515,0.8,0.0002794938144215858,0.0004876287708716691,0.5731692449606118,10
327971,2025-09-04 11:45:00,1.16432,0.6333333333333333,0.0003400560199789036,0.00042609396347235474,0.7980775348415999,12
327999,2025-09-04 18:45:00,1.16408,0.43333333333333335,0.0002937439052484634,0.0004006005847310957,0.7332588030185723,11
328006,2025-09-04 20:30:00,1.16453,0.36666666666666664,0.00021214211191640533,0.0003952232640238687,0.5367652444254736,8
328025,2025-09-05 01:15:00,1.16493,0.3333333333333333,0.0002127037308437218,0.00039252473265821795,0.5418861874085493,5
328030,2025-09-05 02:30:00,1.16551,0.0,0.00013460001070217698,0.00039488092613073575,0.340862274663563,3
328034,2025-09-05 03:30:00,1.16629,0.06666666666666667,0.00016482706742974672,0.00039507128247044773,0.41720842476591846,12
328047,2025-09-05 06:45:00,1.16657,0.7333333333333333,0.0001540049079867294,0.0004008718943579898,0.38417487021227464,15
328050,2025-09-05 07:30:00,1.16691,0.6666666666666666,0.0001905835649312408,0.00040029282211195274,0.476110373215583,14
328054,2025-09-05 08:30:00,1.16712,0.1,0.00021953404607836163,0.00040924239619446253,0.5364401345505858,15
328059,2025-09-05 09:45:00,1.16735,0.1,0.0001540600555927244,0.00040637484699949017,0.37910824631554446,12
328070,2025-09-05 12:30:00,1.16941,0.1,0.00033435996095076455,0.00040727974180267823,0.8209589788847333,12
328075,2025-09-05 13:45:00,1.16829,0.6333333333333333,0.00035735554888141494,0.0003907766852212129,0.9144751014997766,15
328081,2025-09-05 15:15:00,1.17325,0.43333333333333335,0.0007237978098486017,0.0005397778303261703,1.340918002155135,14
328085,2025-09-05 16:15:00,1.17443,0.4,0.0007685609104665345,0.0005447941756358564,1.410736283238544,11
328087,2025-09-05 16:45:00,1.17301,0.5666666666666667,0.0005311735447808021,0.0005576729896190747,0.9524821080964072,10
328093,2025-09-05 18:15:00,1.17571,0.23333333333333334,0.0005001541725945474,0.000567371804205787,0.8815280718693247,8
328100,2025-09-05 20:00:00,1.17252,0.8,0.000343126433040775,0.0005771337266482087,0.594535403490511,12
328134,2025-09-08 04:30:00,1.17116,0.23333333333333334,0.00015226320925901458,0.000598415279594657,0.2544440532369957,6
328146,2025-09-08 07:30:00,1.17185,0.26666666666666666,0.0002872746309325954,0.0005943403099575147,0.48335040736700274,8
328168,2025-09-08 13:00:00,1.17255,0.36666666666666664,0.00036289141521327826,0.0006176737530588673,0.5875130899057207,12
328175,2025-09-08 14:45:00,1.17341,0.06666666666666667,0.00029060103527698986,0.0006189841462664866,0.46948057883194894,9
328182,2025-09-08 16:30:00,1.17457,0.16666666666666666,0.0003520409850354883,0.00046792257431929515,0.7523487951988975,9
328194,2025-09-08 19:30:00,1.17456,0.5,0.00028606213096216306,0.00041445760287532824,0.6902084289866738,4
328202,2025-09-08 21:30:00,1.17624,0.5666666666666667,0.00047360676682332256,0.00040914929125745835,1.1575402351737283,3
328209,2025-09-08 23:15:00,1.17592,0.0,0.0001532435417175293,0.0004091234554954711,0.37456552456016706,2
328213,2025-09-09 00:15:00,1.17629,0.1,0.00029762352270644313,0.0004063854422097862,0.73236757962605,3
328219,2025-09-09 01:45:00,1.17694,0.13333333333333333,0.0003174108442705905,0.0003972794175625244,0.7989612102686794,3
328220,2025-09-09 02:00:00,1.17681,0.16666666666666666,0.0002834774024950536,0.0003975141099449821,0.7131253844908505,3
328225,2025-09-09 03:15:00,1.17714,0.0,0.00016139745712280275,0.0003905506931161233,0.4132561021337481,2
328227,2025-09-09 03:45:00,1.17696,0.0,9.734278801145102e-05,0.00038709962250446027,0.2514670187009273,2
328263,2025-09-09 12:45:00,1.17563,0.16666666666666666,0.0003576056395130142,0.00038256708661041296,0.9347527584807153,9
328281,2025-09-09 17:15:00,1.17215,0.6666666666666666,0.0005010872878170145,0.00038517272059603784,1.3009417879895646,12
328309,2025-09-10 00:15:00,1.17104,0.4666666666666667,0.00018638538122414802,0.00034540858575481635,0.539608420030564,2
328322,2025-09-10 03:30:00,1.16897,0.6333333333333333,0.00026345671676312234,0.00034734784504380606,0.7584809306356752,11
328333,2025-09-10 06:15:00,1.17098,0.6,0.00028761854544393867,0.00035492339348559376,0.8103679574888687,3
328337,2025-09-10 07:15:00,1.17146,0.1,0.00022832553383783706,0.0003551422069314696,0.6429129779043586,3
328348,2025-09-10 10:00:00,1.17023,0.6333333333333333,0.0002551033354094032,0.0003806770130523881,0.6701306531852406,12
328360,2025-09-10 13:00:00,1.16999,0.4666666666666667,0.0002597859603516147,0.00037818912947261304,0.6869207497155927,12
328361,2025-09-10 13:15:00,1.17005,0.3333333333333333,0.0002621533118780361,0.0003783566029663778,0.6928736272149373,15
328369,2025-09-10 15:15:00,1.17043,0.36666666666666664,0.0003793266446720655,0.00041915640594365343,0.9049763746735099,18
328372,2025-09-10 16:00:00,1.17194,0.8333333333333334,0.0004902227217645935,0.0004229885028502605,1.1589504642827944,15
328382,2025-09-10 18:30:00,1.17089,0.6333333333333333,0.0001845731581068149,0.0004311835019168284,0.4280617354010393,10
328387,2025-09-10 19:45:00,1.17033,0.36666666666666664,0.0002077480770479726,0.0004329936037302668,0.4797947943300086,11
328389,2025-09-10 20:15:00,1.17073,0.43333333333333335,0.00017748599619042926,0.00043308638863204664,0.4098166113025147,11
328394,2025-09-10 21:30:00,1.16954,0.7333333333333333,0.00019802162367833269,0.0004335195851293565,0.45677664970833015,10
328411,2025-09-11 01:45:00,1.17019,0.2,0.00015299418534804867,0.00043264386769424146,0.3536261502177881,11
328415,2025-09-11 02:45:00,1.16966,0.4,0.00018160815111303505,0.00042438391099069176,0.4279336384102892,7
328463,2025-09-11 14:45:00,1.17043,0.1,0.000727722776838427,0.00045996595163734006,1.5821231424803366,23
328468,2025-09-11 16:00:00,1.17389,0.03333333333333333,0.0004364623585659577,0.00045970208564922375,0.9494461134531395,12
328496,2025-09-11 23:00:00,1.17327,1.0,0.00018125117638667206,0.0004365809643991256,0.4151605112607953,4
328498,2025-09-11 23:30:00,1.17316,0.2,0.0002190761604872542,0.0004365178132044281,0.5018722119930016,4
328526,2025-09-12 06:30:00,1.17234,0.5,0.00013827623868202778,0.0004426249026068423,0.31240049501880474,9
328529,2025-09-12 07:15:00,1.17253,0.23333333333333334,0.0001950095998389859,0.00044252365010235466,0.44067610803147056,10
328557,2025-09-12 14:15:00,1.17158,0.7666666666666667,0.0003635769010181409,0.000482916986061784,0.7528766051141245,22
328606,2025-09-15 02:30:00,1.17222,0.4,0.00016918318135837552,0.0004013703442578377,0.421513905495951,15
328636,2025-09-15 10:00:00,1.17333,0.5333333333333333,0.00035158823706272715,0.00039540266955948717,0.8891903472842683,14
328642,2025-09-15 11:30:00,1.17466,0.5,0.000239951581030915,0.000377839297102949,0.635062532856491,13
328648,2025-09-15 13:00:00,1.17524,0.26666666666666666,0.000342879587896329,0.0003761637589583838,0.9115168054620137,13
328667,2025-09-15 17:45:00,1.17618,0.7,0.00024800179756114785,0.00033975497872255477,0.7299430857308116,10
328676,2025-09-15 20:00:00,1.17707,0.03333333333333333,0.00023957754708669185,0.00033985541618128514,0.7049396174957434,6
328689,2025-09-15 23:15:00,1.17626,0.26666666666666666,0.00013736233517916448,0.00033368129986041396,0.41165727667875335,5
328692,2025-09-16 00:00:00,1.17638,0.36666666666666664,0.0002935062699024216,0.00033069352631414034,0.8875476734419261,10
328705,2025-09-16 03:15:00,1.17619,0.03333333333333333,0.00011404482252908192,0.00032794276092546696,0.34775831674784674,7
328712,2025-09-16 05:00:00,1.1776,0.4666666666666667,0.00027310180580163564,0.00033727216761760795,0.8097371559911006,7
328726,2025-09-16 08:30:00,1.17851,0.6666666666666666,0.00030539132516658514,0.00035521040409944326,0.8597476921905953,4
328737,2025-09-16 11:15:00,1.18055,0.03333333333333333,0.00030163578576211983,0.0003625601357787587,0.8319607038821938,5
328744,2025-09-16 13:00:00,1.18077,0.1,0.0002764110211112444,0.00037622228785192925,0.7347013455514155,3
328747,2025-09-16 13:45:00,1.1814,0.1,0.00045846701141891995,0.00038697102847618246,1.1847579732887883,8
328749,2025-09-16 14:15:00,1.18026,0.43333333333333335,0.0005371298393066071,0.00040234203655110137,1.3350080044106611,8
328781,2025-09-16 22:15:00,1.18625,0.13333333333333333,0.00042981949274776025,0.0004853520112653368,0.8855830052649818,6
328792,2025-09-17 01:00:00,1.18654,0.26666666666666666,0.00034044206772033644,0.0004957675778793962,0.6866969178915421,2
328795,2025-09-17 01:45:00,1.18697,0.8,0.000334900694350258,0.0004966081052941595,0.6743762149268261,3
328806,2025-09-17 04:30:00,1.1854,0.16666666666666666,0.0003014350181288734,0.0005033947201359881,0.5988044889454605,2
328809,2025-09-17 05:15:00,1.1856,0.2,0.00032739639282226564,0.0005012503700509116,0.6531594037307389,2
328815,2025-09-17 06:45:00,1.18534,1.0,0.00037275717882479084,0.0004905823412720882,0.7598259200651725,2
328838,2025-09-17 12:30:00,1.1837,0.2,0.0003838148000265942,0.0004985669904587644,0.7698359646181567,8
328839,2025-09-17 12:45:00,1.18422,0.4666666666666667,0.0002601939038342281,0.0005007300659222332,0.5196290807004147,7
328853,2025-09-17 16:15:00,1.18515,0.1,0.0002694308493988851,0.0004498865845808452,0.5988861607196202,7
328865,2025-09-17 19:15:00,1.185,0.5,0.00023413096059191621,0.0003860357359489547,0.6065007427780604,6
328869,2025-09-17 20:15:00,1.18931,0.43333333333333335,0.001460907510536782,0.0005495604350462235,2.658320027011961,15
328870,2025-09-17 20:30:00,1.18883,0.7666666666666667,0.0006523561747703913,0.0005506715159306027,1.1846557446646708,4
328881,2025-09-17 23:15:00,1.18103,0.1,0.0002492245559338468,0.000714254959327416,0.3489294021402821,3
328884,2025-09-18 00:00:00,1.18143,0.6333333333333333,0.0005588160815321377,0.0007063302616529383,0.7911540986852366,8
328907,2025-09-18 05:45:00,1.1813,0.5666666666666667,0.00033641624492722707,0.0007193702962311601,0.46765378927895596,4
328924,2025-09-18 10:00:00,1.18313,0.26666666666666666,0.00037498965300792394,0.0007702546827500308,0.48683852419968804,8
328935,2025-09-18 12:45:00,1.18339,0.6666666666666666,0.00028172025260445407,0.0007881286446606621,0.3574546547864048,5
328940,2025-09-18 14:00:00,1.18248,0.8333333333333334,0.0003411439123347423,0.0007806799325106332,0.43698306838455303,8
328947,2025-09-18 15:45:00,1.17506,0.8666666666666667,0.0008898326098780242,0.0008610601424532168,1.0334151658011166,17
328966,2025-09-18 20:30:00,1.1787,0.5666666666666667,0.0002256430989612847,0.0009035372901718968,0.2497330231034033,13
328972,2025-09-18 22:00:00,1.17843,0.6,0.0002498702699011377,0.0006818347472735173,0.36646749216038776,12
328979,2025-09-18 23:45:00,1.17857,0.7666666666666667,0.0001491122109662727,0.0006517642151763731,0.22878244539080997,9
328980,2025-09-19 00:00:00,1.17861,0.7666666666666667,0.0001751933820420627,0.0006516571296244297,0.26884288389974664,11
328995,2025-09-19 03:45:00,1.17798,0.1,0.0002595039781995917,0.0006540616119177736,0.3967576960199518,8
329000,2025-09-19 05:00:00,1.17791,0.4,0.00030181281238706565,0.0006512006288028105,0.4634713159628372,11
329014,2025-09-19 08:30:00,1.17711,0.5,0.00029997976036559093,0.0006501127965985606,0.46142725067881724,7
329015,2025-09-19 08:45:00,1.1771,0.43333333333333335,0.00022164312239668843,0.0006499390065015601,0.34102141920936757,6
329032,2025-09-19 13:00:00,1.17608,0.6333333333333333,0.0002911900911369331,0.000581689379682379,0.5005937899294847,7
329034,2025-09-19 13:30:00,1.17554,0.43333333333333335,0.0003520811471482192,0.0005846958158057248,0.60216122234951,8
329045,2025-09-19 16:15:00,1.1758,0.5,0.0003282926738735764,0.0005992273023329649,0.5478600067043645,7
329048,2025-09-19 17:00:00,1.17569,0.8333333333333334,0.00039238687887865534,0.00047137597159949515,0.8324286822410352,7
329049,2025-09-19 17:15:00,1.17521,0.3333333333333333,0.00044349346835645127,0.0004734144405563613,0.9367975084056442,9
329060,2025-09-19 20:00:00,1.17504,0.7,0.00028276244209471727,0.00044637731674812645,0.6334605982101668,6
329061,2025-09-19 20:15:00,1.175,0.23333333333333334,0.00021465368895691358,0.0004457234809695414,0.4815848796881804,8
329103,2025-09-22 06:45:00,1.17274,0.7,0.00024325065324503346,0.0004141977542362151,0.5872814392574149,3
329104,2025-09-22 07:00:00,1.17303,0.16666666666666666,0.00018699311345031464,0.0004118851819647447,0.45399330113876324,3
329108,2025-09-22 08:00:00,1.17381,0.6,0.0002519792179224639,0.0004068965715219731,0.6192709291699122,7
329109,2025-09-22 08:15:00,1.17381,0.4666666666666667,0.0002593331806888806,0.00040667835817944693,0.6376862094403603,7
329120,2025-09-22 11:00:00,1.1762,0.3,0.0002218879366499832,0.0004317108851279086,0.5139734583811607,4
329126,2025-09-22 12:30:00,1.17805,0.5666666666666667,0.00022999152601082116,0.000442907259049064,0.5192769396117379,16
329134,2025-09-22 14:30:00,1.17738,0.4666666666666667,0.00034873077331900286,0.0004455590477296725,0.7826813866668088,11
329135,2025-09-22 14:45:00,1.1783,0.3333333333333333,0.0002309602375845893,0.000438391123153172,0.52683602697834,15
329164,2025-09-22 22:00:00,1.17995,0.16666666666666666,0.00019891850658172546,0.00039577577675079916,0.5026040456916968,8
329166,2025-09-22 22:30:00,1.17993,0.0,8.544125852779007e-05,0.0003949378954094901,0.21634099821998742,4
329174,2025-09-23 00:30:00,1.18016,0.06666666666666667,0.00018964649245002818,0.00041255883874791096,0.45968350363209487,11
329177,2025-09-23 01:15:00,1.18009,0.6666666666666666,0.00017050317595579157,0.00041019591378378716,0.4156627850897198,8
329185,2025-09-23 03:15:00,1.18057,0.23333333333333334,0.00015409409616088917,0.000411393916576868,0.37456581138359407,6
329198,2025-09-23 06:30:00,1.17988,0.7333333333333333,0.0002011338155343023,0.0004275318601934194,0.4704533960189715,14
329217,2025-09-23 11:15:00,1.18046,0.3333333333333333,0.0002939157803368889,0.0004016054659876797,0.7318520419388554,11
329232,2025-09-23 15:00:00,1.17964,0.6333333333333333,0.00024218267544731556,0.0004158869349461563,0.5823281644533274,13
329234,2025-09-23 15:30:00,1.17946,0.7,0.0002975750906594545,0.00039719226803393407,0.7491965846475924,13
329249,2025-09-23 19:15:00,1.18073,0.16666666666666666,0.00018164710352710196,0.00036511981364825794,0.4974999896940505,7
329250,2025-09-23 19:30:00,1.18094,0.36666666666666664,0.00017384038386240085,0.00036560455012588056,0.4754874735627503,5
329252,2025-09-23 20:00:00,1.18114,0.6333333333333333,0.00021660586783448944,0.00036950502827680544,0.5862054674726228,4
329268,2025-09-24 00:00:00,1.18124,0.43333333333333335,0.00022833249542119954,0.00035311516154728167,0.6466233124080291,6
329271,2025-09-24 00:45:00,1.18147,0.6333333333333333,0.00026294463192319615,0.0003520694283219499,0.7468544859928776,3
329274,2025-09-24 01:30:00,1.18164,0.03333333333333333,0.00017197070556572303,0.0003516133904289587,0.48909031978538553,3
329278,2025-09-24 02:30:00,1.18059,0.7,0.00015089599560365804,0.0003601047643138067,0.41903359954483266,10
329283,2025-09-24 03:45:00,1.18008,0.5666666666666667,0.0002066102600141059,0.0003602309680918779,0.5735494122243521,15
329304,2025-09-24 09:00:00,1.17866,0.3,0.0002915320439136902,0.0003357884182797774,0.8682016056634418,9
329319,2025-09-24 12:45:00,1.17525,0.8,0.0004011462856577662,0.0003446531847723111,1.1639128938349323,8
329320,2025-09-24 13:00:00,1.17515,0.5,0.00046068397015709136,0.0003419383639045542,1.347271961228904,12
329338,2025-09-24 17:30:00,1.17383,0.3333333333333333,0.0003135449805447244,0.00034052538076539366,0.920768313480699,4
329340,2025-09-24 18:00:00,1.17413,0.2,0.0003065912616498865,0.00034292555895678326,0.8940461089647863,6
329341,2025-09-24 18:15:00,1.17392,0.4666666666666667,0.00024715941578731576,0.00034265559360827737,0.7213056503314156,3
329348,2025-09-24 20:00:00,1.17373,0.1,0.00022507205459825955,0.00034001263353014815,0.6619520347272712,3
329352,2025-09-24 21:00:00,1.17362,0.36666666666666664,0.00020600725644774254,0.00033203579722019687,0.6204368871442023,3
329358,2025-09-24 22:30:00,1.17375,0.1,0.00017893019375934637,0.0003258594625724825,0.5491023410730203,3
329359,2025-09-24 22:45:00,1.17365,0.6666666666666666,0.00019576211869091242,0.00032574233775338755,0.6009722900654064,3
329365,2025-09-25 00:15:00,1.17405,0.43333333333333335,0.00022458548517753635,0.0003262922399544727,0.6882955145021916,4
329375,2025-09-25 02:45:00,1.17422,0.9,0.00011354103786890748,0.00032018038355347824,0.3546158468822724,3
329398,2025-09-25 08:30:00,1.17464,0.4,0.0002269737868029406,0.00031699464271474234,0.7160177372687971,9
329399,2025-09-25 08:45:00,1.17468,0.4666666666666667,0.00019789160334808656,0.0003166607542180017,0.6249325207248455,9
329405,2025-09-25 10:15:00,1.17386,0.5333333333333333,0.00031990265397833633,0.000327645348417083,0.9763686727855192,8
329416,2025-09-25 13:00:00,1.17461,0.6666666666666666,0.0002920170215120289,0.0003135364925002777,0.9313653386352476,11
329417,2025-09-25 13:15:00,1.17394,0.3,0.00035781385027487136,0.00032012250868898785,1.1177403667747157,9
329461,2025-09-26 00:15:00,1.16676,0.4666666666666667,0.0002551180575322103,0.0005212181113116041,0.48946506653467187,6
329463,2025-09-26 00:45:00,1.16675,0.23333333333333334,0.0002606529307367967,0.0005210859803511169,0.5002109835332054,6
329468,2025-09-26 02:00:00,1.16613,0.6666666666666666,0.00022972148788117985,0.0005212338105267225,0.4407263750773177,5
329474,2025-09-26 03:30:00,1.16717,0.0,0.00020708165201738457,0.0005254882726584547,0.39407473542607285,2
329478,2025-09-26 04:30:00,1.16755,0.5,0.00028235852487335644,0.0005274285926210867,0.5353492943379492,3
329493,2025-09-26 08:15:00,1.16808,0.2,0.00027949653554641246,0.0005257368978749456,0.5316281521729809,3
329501,2025-09-26 10:15:00,1.16781,0.13333333333333333,0.00033121904643152025,0.0005311265371159089,0.6236160750507512,3
329506,2025-09-26 11:30:00,1.1682,0.4,0.000286765649789579,0.000527877705488541,0.54324258593983,3
329543,2025-09-26 20:45:00,1.1699,0.6666666666666666,0.00020478143720838385,0.00041359187486603134,0.4951292558025122,6
329545,2025-09-26 21:15:00,1.17024,0.16666666666666666,0.00019810686784586597,0.000401830547620656,0.4930109694718549,5
329551,2025-09-26 22:45:00,1.16997,0.4,0.00021922458990334358,0.0003985499428339669,0.5500555045736665,6
329561,2025-09-29 01:15:00,1.17058,0.16666666666666666,0.00021958224954109096,0.0003799491962022231,0.5779252903701922,6
329580,2025-09-29 06:00:00,1.17246,0.0,0.00018038551663707983,0.0004024228986631136,0.4482486390221266,4
329590,2025-09-29 08:30:00,1.17223,0.36666666666666664,0.00015738367599896547,0.00040695772550464676,0.3867322479350952,4
329594,2025-09-29 09:30:00,1.17307,0.5333333333333333,0.0002610616457201754,0.0004155459553110836,0.628237725295006,11
329615,2025-09-29 14:45:00,1.17358,0.13333333333333333,0.0003090809489697398,0.00047633510593874116,0.6488729155509462,11
329655,2025-09-30 00:45:00,1.17251,0.7333333333333333,0.000169874426631224,0.0004410426284871242,0.3851655501281852,7
329656,2025-09-30 01:00:00,1.17269,0.23333333333333334,0.00022240438471062774,0.00044078632282495007,0.5045628078595157,9
329663,2025-09-30 02:45:00,1.17216,0.43333333333333335,0.00022766061600556405,0.0004430365211187256,0.5138642192085903,4
329664,2025-09-30 03:00:00,1.17203,0.0,0.0001602983059463221,0.00042327446090949944,0.3787100823467721,3
329669,2025-09-30 04:15:00,1.17189,0.3333333333333333,0.00020302615714062053,0.00042555650259911234,0.477083902843984,4
329729,2025-09-30 19:15:00,1.17535,0.7333333333333333,0.0003777466336534799,0.00044249812583584206,0.8536683244475849,8
329731,2025-09-30 19:45:00,1.17541,0.23333333333333334,0.0002945774717209696,0.0004414284027929948,0.6673278607745363,5
329744,2025-09-30 23:00:00,1.17319,0.8,0.00020149361559464936,0.0004478541839307555,0.449908972215392,13
329773,2025-10-01 06:15:00,1.17409,0.03333333333333333,0.000158038471770685,0.00045241151167982547,0.3493246031337281,3
329804,2025-10-01 14:00:00,1.17339,0.26666666666666666,0.00033804944735806383,0.0005660876063323292,0.5971680771255172,18
329809,2025-10-01 15:15:00,1.17534,0.26666666666666666,0.0004014634731579872,0.0006484811353303185,0.6190827323812477,14
329815,2025-10-01 16:45:00,1.17518,0.5666666666666667,0.00027190191513052194,0.0006474047930189313,0.4199874916937339,9
329819,2025-10-01 17:45:00,1.17289,0.9,0.00031192210059796313,0.0006376824397695293,0.48914958472229186,14
329825,2025-10-01 19:15:00,1.17284,0.26666666666666666,0.0002576395363866107,0.0006213726326260943,0.41462968090138447,14
329827,2025-10-01 19:45:00,1.17251,0.5,0.000250918233133443,0.000613957209216997,0.40869009984172766,15
329830,2025-10-01 20:30:00,1.17374,0.4666666666666667,0.0002567281941910178,0.0006227791191439491,0.41222993240991707,8
329841,2025-10-01 23:15:00,1.17249,0.7,0.0001507826555853958,0.0006181824123585996,0.24391288488797824,12
329845,2025-10-02 00:15:00,1.17325,0.3333333333333333,0.00024634240228436503,0.0006191750949318465,0.39785579927351616,7
329848,2025-10-02 01:00:00,1.17333,0.36666666666666664,0.00024580949711277346,0.0006188530389090492,0.3972017290988843,10
329859,2025-10-02 03:45:00,1.17361,0.5666666666666667,0.0001541580243081982,0.0006183265988774045,0.24931488405654548,5
329861,2025-10-02 04:15:00,1.17412,0.5666666666666667,0.000206474257430942,0.000618145786894749,0.3340219440274178,7
329870,2025-10-02 06:30:00,1.17334,0.5333333333333333,0.00028726628979210784,0.0006166287681005642,0.4658658574704358,13
329886,2025-10-02 10:30:00,1.17546,0.2,0.0002599199036732484,0.0005457236709809031,0.476284825992721,12
329889,2025-10-02 11:15:00,1.17563,0.26666666666666666,0.00025729007083645825,0.0005443288796223287,0.47267393017062337,9
329902,2025-10-02 14:30:00,1.17467,0.9666666666666667,0.00021888527914208593,0.0005178885893318242,0.4226493567361467,9
329906,2025-10-02 15:30:00,1.17403,0.5666666666666667,0.00031781524552236393,0.00041990417766021,0.7568756455182084,12
329919,2025-10-02 18:45:00,1.17084,0.36666666666666664,0.0002908926957472706,0.00042354006313825317,0.6868127033647737,10
329923,2025-10-02 19:45:00,1.17165,0.5666666666666667,0.0002484265243439205,0.0004174886902040823,0.59504971074182,15
329933,2025-10-02 22:15:00,1.17196,0.3333333333333333,0.00013577498965995698,0.00040055160415744333,0.338970030954085,13
329948,2025-10-03 02:00:00,1.1724,0.06666666666666667,0.0001240276744341541,0.0003987269559350664,0.31105916614865714,10
329959,2025-10-03 04:45:00,1.17261,0.23333333333333334,0.00014440021351056756,0.00039834275609265934,0.3625024210983225,11
329962,2025-10-03 05:30:00,1.17198,0.9666666666666667,0.00013887892919999258,0.0003976073989626246,0.349286581593637,10
329965,2025-10-03 06:15:00,1.17245,0.7,0.0001397942907012123,0.0003996783473605227,0.3497669854382013,12
329973,2025-10-03 08:15:00,1.17226,0.5333333333333333,0.00020505130336716053,0.0004039369564539798,0.5076319462503102,15
329980,2025-10-03 10:00:00,1.17316,0.4,0.0002545506511096121,0.00039332946826424437,0.6471690316846571,12
329985,2025-10-03 11:15:00,1.17338,0.5666666666666667,0.00025929259740145166,0.00039086150625212556,0.6633873974639876,14
329989,2025-10-03 12:15:00,1.17355,0.5333333333333333,0.0001954632247454485,0.00038512098308860913,0.5075371982535578,7
329999,2025-10-03 14:45:00,1.17327,0.4,0.00025836161605660436,0.00038245972504499646,0.6755263342465878,21
330000,2025-10-03 15:00:00,1.17388,0.36666666666666664,0.00027102975251027246,0.0003822926345120913,0.7089588656506021,14
330008,2025-10-03 17:00:00,1.17403,0.6666666666666666,0.00024350971332032985,0.0003415956722585592,0.7128594800697987,11
330020,2025-10-03 20:00:00,1.17335,0.7333333333333333,0.000171475672838496,0.0003007828781052002,0.5700978523735037,14
330025,2025-10-03 21:15:00,1.17394,0.5,0.00016404865686896666,0.00029832881460616767,0.5498920950211663,11
330030,2025-10-03 22:30:00,1.17423,0.26666666666666666,0.00013516460045615125,0.0002924988129130689,0.46210307354759206,9
330037,2025-10-06 00:15:00,1.17173,0.6666666666666666,0.00023236869728573858,0.0003577054207641803,0.6496091023427045,16
330055,2025-10-06 04:45:00,1.17264,0.8,0.0001713671820208333,0.00036954641743262064,0.46372302351457284,18
330059,2025-10-06 05:45:00,1.17285,0.4,0.00014109014338656962,0.00036562196387430297,0.38589077606692945,20
330060,2025-10-06 06:00:00,1.17239,0.5333333333333333,0.00022463301327071758,0.0003677644473100085,0.610806767521392,18
330061,2025-10-06 06:15:00,1.17211,0.6,0.0002138450660171402,0.00036844923848845486,0.5803922051635368,19
330079,2025-10-06 10:45:00,1.16758,0.13333333333333333,0.00019630141406430603,0.0006144282955682299,0.31948628583708755,6
330083,2025-10-06 11:45:00,1.16578,1.0,0.00015767476250930869,0.0006187952657051593,0.25480925800171983,5
330102,2025-10-06 16:30:00,1.16978,0.5333333333333333,0.00034847759605777516,0.0006390132429782639,0.545337048781051,10
330104,2025-10-06 17:00:00,1.17162,0.43333333333333335,0.0003836115972671587,0.0006472828628823755,0.592649086303508,18
330106,2025-10-06 17:30:00,1.17094,0.5666666666666667,0.00034147802427390085,0.0006480579324157689,0.5269251515847841,16
330110,2025-10-06 18:30:00,1.17057,0.4,0.00017096835000312703,0.0006479234329942061,0.26387122505053134,13
330119,2025-10-06 20:45:00,1.17119,0.7666666666666667,0.0001797886255611697,0.0006459045237578618,0.2783517051640426,9
330125,2025-10-06 22:15:00,1.17116,0.3,0.0001964628482153528,0.0006471101417514879,0.3036003232519282,9
330129,2025-10-06 23:15:00,1.17069,0.36666666666666664,0.00017122194975119885,0.0006480991489634015,0.2641909806933998,10
330131,2025-10-06 23:45:00,1.17088,0.5333333333333333,0.00017230238895007686,0.0006475068776597702,0.2661012491061329,7
330147,2025-10-07 03:45:00,1.1697,0.5666666666666667,0.0003015778721077404,0.0006239552803023582,0.4833325105632584,7
330157,2025-10-07 06:15:00,1.17057,0.3,0.00017554199605511714,0.0006202701078014414,0.2830089566581387,10
330158,2025-10-07 06:30:00,1.17042,0.6,0.0001346763774207728,0.000620329454219533,0.21710459902345888,7
330184,2025-10-07 13:00:00,1.16736,0.5,0.00026360044578127795,0.0003610795917585798,0.7300341858077732,6
330198,2025-10-07 16:30:00,1.16558,0.9666666666666667,0.0002147649930994755,0.000358399012353433,0.5992343329553774,9
330200,2025-10-07 17:00:00,1.16623,0.26666666666666666,0.00024686386743200985,0.0003620507799586291,0.6818487380698878,8
330218,2025-10-07 21:30:00,1.16514,0.4666666666666667,0.00024217981858223994,0.00036943825467588784,0.6555353039839009,9
330239,2025-10-08 02:45:00,1.16482,0.7666666666666667,0.00025338027358629624,0.00036549577914806824,0.6932508883601849,5
330242,2025-10-08 03:30:00,1.16292,1.0,0.0002946631537457491,0.00038227961001690615,0.7708053111509603,8
330243,2025-10-08 03:45:00,1.1628,0.9333333333333333,0.00033469091796331296,0.00037887199066126274,0.8833878624259384,8
330246,2025-10-08 04:30:00,1.16233,0.03333333333333333,0.00020087699777213852,0.0003745009398977439,0.5363858307725136,4
330267,2025-10-08 09:45:00,1.16264,0.06666666666666667,0.0002661411250341311,0.0003865825879899531,0.6884457119963402,5
330280,2025-10-08 13:00:00,1.16333,0.13333333333333333,0.000359898295654681,0.0004068247245365542,0.8846519740526323,4
330292,2025-10-08 16:00:00,1.16314,0.43333333333333335,0.0004066323268334727,0.0004031519524770461,1.0086329095891573,4
330300,2025-10-08 18:00:00,1.16054,0.6666666666666666,0.00034414259712116553,0.0004020484229473613,0.8559730059337227,7
330304,2025-10-08 19:00:00,1.16048,0.13333333333333333,0.00028476870686328895,0.0003977491255821241,0.7159505541250829,6
330307,2025-10-08 19:45:00,1.16078,0.6333333333333333,0.0002949553396144972,0.00039758194234329724,0.7418730787320673,3
330312,2025-10-08 21:00:00,1.16195,0.26666666666666666,0.00031657700626665404,0.00040921322526061145,0.7736235945576756,3
330365,2025-10-09 10:15:00,1.16116,0.36666666666666664,0.0004073544254390806,0.00040943497191235276,0.9949184934946945,4
330381,2025-10-09 14:15:00,1.16084,0.9333333333333333,0.00033116051743424177,0.0003881085441163564,0.8532677841149475,4
330383,2025-10-09 14:45:00,1.16131,0.4,0.0002679826273848,0.0003917207401340849,0.6841165144665822,3
330386,2025-10-09 15:30:00,1.16138,0.13333333333333333,0.00031419245056326034,0.00038150599176537005,0.823558364337543,3
330389,2025-10-09 16:15:00,1.15969,0.43333333333333335,0.0003644659096763899,0.000428459583308774,0.8506424500108184,4
330408,2025-10-09 21:00:00,1.15459,0.9666666666666667,0.00030188942138205643,0.000495608157901945,0.6091292416574479,5
330420,2025-10-10 00:00:00,1.15629,0.1,0.000317923635501376,0.00048077062497345753,0.6612792441695621,3
330434,2025-10-10 03:30:00,1.1568,0.7333333333333333,0.00041468357021430806,0.0004772889848121003,0.8688312184232813,3
330436,2025-10-10 04:00:00,1.15625,0.26666666666666666,0.0002782367967525451,0.0004759005768487805,0.5846532033957925,2
330439,2025-10-10 04:45:00,1.15695,0.23333333333333334,0.00040327216495999964,0.00047926343428740856,0.8414415457327841,3
330448,2025-10-10 07:00:00,1.1573,0.6,0.0003126611570277014,0.00047955653680526415,0.6519797626169471,3
330449,2025-10-10 07:15:00,1.15733,0.6333333333333333,0.00036737726805021565,0.00047964690869930376,0.7659327338238486,3
330454,2025-10-10 08:30:00,1.15684,0.26666666666666666,0.0002756448036893889,0.0004812806437571607,0.5727319543490111,3
330464,2025-10-10 11:00:00,1.15785,0.4,0.00036834247178652593,0.00048648224321340953,0.757155018348618,5
330476,2025-10-10 14:00:00,1.15606,0.43333333333333335,0.00043538766541750167,0.00048454474913773546,0.8985499609526043,4
330477,2025-10-10 14:15:00,1.15716,0.16666666666666666,0.0003879736713387567,0.0004935317356817992,0.7861169673370301,3
330480,2025-10-10 15:00:00,1.15717,0.16666666666666666,0.0003055535382983802,0.0004847872646534866,0.6302837565602759,3
330496,2025-10-10 19:00:00,1.16053,0.5,0.0004350444296232204,0.0005275716672600002,0.8246167423710794,9
330498,2025-10-10 19:30:00,1.16036,0.23333333333333334,0.00042289117267486567,0.0005332524043281561,0.7930412863448137,8
330508,2025-10-10 22:00:00,1.16123,0.3,0.00025601156109006335,0.0005226576931196168,0.4898264475205417,3
330518,2025-10-13 00:30:00,1.15951,0.43333333333333335,0.0004739651125972174,0.0005598760922285524,0.8465535842236598,8
330522,2025-10-13 01:30:00,1.16075,0.16666666666666666,0.00023414074258843395,0.0005657771516489714,0.4138391624794762,4
330525,2025-10-13 02:15:00,1.16039,0.3,0.0002746157461650389,0.0005646101070674778,0.4863812084260457,5
330540,2025-10-13 06:00:00,1.16203,0.26666666666666666,0.00029842319587388506,0.0005800249265478069,0.5145006399122201,9
330542,2025-10-13 06:30:00,1.16231,0.4666666666666667,0.00023778999555389458,0.0005793446121036319,0.4104465469877525,8
330543,2025-10-13 06:45:00,1.16194,0.1,0.00023059374389942613,0.000580844636530757,0.3969972853269442,6
330547,2025-10-13 07:45:00,1.16187,0.7,0.0002863484137506688,0.0005795133923042746,0.4941187167600796,10
330555,2025-10-13 09:45:00,1.16034,0.7,0.00047444537099516286,0.0006275116576784769,0.7560741943032685,9
330575,2025-10-13 14:45:00,1.15696,0.5666666666666667,0.00039550384679697093,0.0006387599901910497,0.6191744205498497,7
330580,2025-10-13 16:00:00,1.15748,0.4666666666666667,0.0003985599244779796,0.0006302263129949982,0.6324076228806124,8
330591,2025-10-13 18:45:00,1.15713,0.9,0.00021878950823646156,0.0005160265295961313,0.4239888759356954,7
330618,2025-10-14 01:30:00,1.15651,0.6333333333333333,0.00027993297459711134,0.00044308303886365,0.6317844513187406,7
330631,2025-10-14 04:45:00,1.15715,0.8666666666666667,0.0002396653432522001,0.0004326841455840791,0.5539036863222166,6
330642,2025-10-14 07:30:00,1.15836,0.4,0.0003694234849407447,0.0004330038539280956,0.8531644270355409,10
330643,2025-10-14 07:45:00,1.15879,0.5,0.000304666652541212,0.00043544602828201305,0.6996657053991939,8
330649,2025-10-14 09:15:00,1.15673,0.7,0.00031073740843369296,0.00043846442958886997,0.7086946795776766,11
330667,2025-10-14 13:45:00,1.15542,0.6,0.00034058951629495685,0.0004154608447238125,0.8197872810887193,10
330668,2025-10-14 14:00:00,1.15517,0.7,0.00031316417611928257,0.0004099658681645256,0.7638786553655363,5
330682,2025-10-14 17:30:00,1.15895,0.5,0.0002854396161172172,0.0004142783956756033,0.6890043485171936,14
330687,2025-10-14 18:45:00,1.16136,0.6333333333333333,0.00030588533149408066,0.0004394599973565249,0.6960481803442103,8
330701,2025-10-14 22:15:00,1.16028,0.3,0.00021017906402222029,0.00044506045464055995,0.4722483470070718,12
330705,2025-10-14 23:15:00,1.16062,0.26666666666666666,0.0001837466517582842,0.00044307806492212384,0.41470491614289196,8
330715,2025-10-15 01:45:00,1.16048,0.3,0.000206715951743572,0.00044259947638960014,0.4670496979115479,10
330747,2025-10-15 09:45:00,1.16391,0.2,0.00036827421730774063,0.0004458427498297468,0.8260181811824301,12
330749,2025-10-15 10:15:00,1.16362,0.4,0.00024441186831773536,0.00043944697230172293,0.5561805717708368,11
330751,2025-10-15 10:45:00,1.16387,0.4,0.00024898447956400575,0.0004021316276221966,0.619161643753938,9
330753,2025-10-15 11:15:00,1.16296,0.5666666666666667,0.00022899238651390673,0.00040645367678028934,0.5633911060366413,9
330754,2025-10-15 11:30:00,1.16316,0.06666666666666667,0.00021182826489933183,0.00040645367678028864,0.5211621323672687,9
330757,2025-10-15 12:15:00,1.1629,0.3,0.00022294532922107317,0.0004108396840560725,0.5426577272672739,11
330762,2025-10-15 13:30:00,1.16284,0.5,0.0003455911900229935,0.00040662732451563063,0.8498966232401066,14
330764,2025-10-15 14:00:00,1.16197,0.3333333333333333,0.00046416757603741815,0.00041071010149576275,1.130158655331264,16
330791,2025-10-15 20:45:00,1.16338,0.16666666666666666,0.00015303706044393037,0.00037853084882192954,0.40429217571094944,7
330793,2025-10-15 21:15:00,1.16365,0.0,0.00017263371417084014,0.0003784386538301666,0.45617357641355966,7
330807,2025-10-16 00:45:00,1.16491,0.43333333333333335,0.00029784735441581414,0.0003776411193433265,0.7887047759357764,6
330817,2025-10-16 03:15:00,1.16628,0.5333333333333333,0.00035897415260962727,0.0003924234234225711,0.914762298026933,4
330831,2025-10-16 06:45:00,1.16563,0.8,0.00021710536562085208,0.00037918664531939433,0.5725554111695604,7
330835,2025-10-16 07:45:00,1.16575,0.2,0.00021221753904309188,0.0003776308254128814,0.5619709111698298,9
330836,2025-10-16 08:00:00,1.16596,0.7,0.0003533956489873489,0.0003764660422281501,0.9387185279600335,6
330838,2025-10-16 08:30:00,1.16613,0.8333333333333334,0.0002487429158494582,0.00038369614589444604,0.6482809861683804,4
330839,2025-10-16 08:45:00,1.16565,0.5333333333333333,0.0003005861233747574,0.0003831299682805265,0.784553932765367,10
330881,2025-10-16 19:15:00,1.16893,0.3,0.0004932100157004973,0.00037781693741835247,1.3054206067907734,6
330921,2025-10-17 05:15:00,1.17073,0.13333333333333333,0.00023734535607586652,0.00036715314029118253,0.646447844318129,2
330926,2025-10-17 06:30:00,1.17083,0.06666666666666667,0.00024808835534857005,0.0003655911543703822,0.6785950709771017,3
330929,2025-10-17 07:15:00,1.17139,0.0,0.00035151192574052687,0.00036699170277699556,0.9578198173982286,2
330939,2025-10-17 09:45:00,1.17048,0.43333333333333335,0.0003186402953011425,0.0003730230410636554,0.8542107597229293,4
330940,2025-10-17 10:00:00,1.17113,0.0,0.0002633642843411219,0.0003761518242386707,0.7001542126617885,2
330942,2025-10-17 10:30:00,1.17032,0.4666666666666667,0.000301789451492226,0.00037453491208072447,0.8057712158678029,5
330943,2025-10-17 10:45:00,1.17019,0.3,0.0002930374430475733,0.0003735012904365465,0.7845687566569651,6
330958,2025-10-17 14:30:00,1.16718,0.6333333333333333,0.0003525484216935596,0.00037657803876985617,0.9361895421337032,10
330991,2025-10-17 22:45:00,1.16582,0.1,0.00030668078628811793,0.00035092159337589976,0.8739296528829105,3
330992,2025-10-19 23:00:00,1.16473,0.7666666666666667,0.0003456995386166348,0.0003664449896168117,0.9433872707009305,11
330995,2025-10-19 23:45:00,1.16605,0.26666666666666666,0.0003574822706964853,0.000408933103370643,0.8741827642465902,4
330998,2025-10-20 00:30:00,1.16538,0.06666666666666667,0.0002875680663346952,0.000413886913671405,0.6947986438706361,7
331028,2025-10-20 08:00:00,1.1673,0.1,0.0001642117711819243,0.0004159731111760801,0.3947653508604165,6
331029,2025-10-20 08:15:00,1.16627,0.9,0.00028656492096771285,0.00042702872895571776,0.6710670770758124,5
331047,2025-10-20 12:45:00,1.16533,1.0,0.00016973093371662847,0.0004234633057409504,0.40081615435283957,2
331051,2025-10-20 13:45:00,1.1646,0.5666666666666667,0.00021585238421498797,0.000417756041479757,0.5166948237311068,10
331071,2025-10-20 18:45:00,1.16509,0.9666666666666667,0.00016447942620137268,0.0003989903337166862,0.41223912536729707,4
331082,2025-10-20 21:30:00,1.1646,0.43333333333333335,0.00017707643523135757,0.0003936700192712901,0.44980929855704543,10
331083,2025-10-20 21:45:00,1.16433,0.4666666666666667,0.00017069700435920712,0.00039379088109667824,0.43347119639700316,11
331090,2025-10-20 23:30:00,1.16418,0.2,0.0001468959535971686,0.0003887409399799451,0.3778762113523388,10
331091,2025-10-20 23:45:00,1.16429,0.5333333333333333,0.00014942532624916938,0.0003734908277705549,0.40007763280592595,10
331092,2025-10-21 00:00:00,1.16434,0.3,0.00019636459790570542,0.00032992503005469,0.5951794499288371,13
331093,2025-10-21 00:15:00,1.16436,0.3,0.0002341825997586178,0.0003272253363867056,0.715661575428461,12
331124,2025-10-21 08:00:00,1.16249,0.6,0.0002829730808612816,0.00031834034851411955,0.8889010839564709,5
331125,2025-10-21 08:15:00,1.16223,0.6333333333333333,0.0002768385954808415,0.00031841261470735366,0.8694335044962903,7
331139,2025-10-21 11:45:00,1.16235,0.6,0.00019496277649315718,0.00030742652829406336,0.6341768147824544,4
331152,2025-10-21 15:00:00,1.16108,0.5,0.0003387569546825737,0.00032010443658498684,1.0582701017723466,11
331160,2025-10-21 17:00:00,1.1604,0.8333333333333334,0.0003851560603337287,0.0003423107883917705,1.1251648308931539,11
331161,2025-10-21 17:15:00,1.16084,0.6666666666666666,0.0003238998228438793,0.0003418630424033015,0.9474549239568555,9
331199,2025-10-22 02:45:00,1.16055,0.13333333333333333,0.00020537557728723984,0.00034419387194950074,0.596685746100012,3
331200,2025-10-22 03:00:00,1.16042,0.2,0.0002003571293648885,0.0003347133356158157,0.5985932081142373,3
331201,2025-10-22 03:15:00,1.16064,0.43333333333333335,0.00023935604975319,0.000335670046571446,0.713069432908855,6
331242,2025-10-22 13:30:00,1.1584,0.8333333333333334,0.0002782325932748192,0.00033660924693768165,0.826574420655562,4
331247,2025-10-22 14:45:00,1.15798,0.3,0.0002553838660136375,0.00032804230505019643,0.7785089364451305,6
331256,2025-10-22 17:00:00,1.16108,0.5,0.0003301536121078522,0.0003509953779340612,0.9406209678632168,9
331264,2025-10-22 19:00:00,1.16191,0.6666666666666666,0.00019170142551562497,0.00031047593562361054,0.6174437485165494,7
331267,2025-10-22 19:45:00,1.16157,0.6333333333333333,0.00020924394575953713,0.0003085032374639705,0.6782552672043656,7
331286,2025-10-23 00:30:00,1.16124,0.6666666666666666,0.0002418886574393428,0.0003086556650366535,0.7836844899983223,8
331300,2025-10-23 04:00:00,1.15975,0.7333333333333333,0.00023581956375876947,0.0003100032419168771,0.7607003149405808,3
331302,2025-10-23 04:30:00,1.1597,0.8333333333333334,0.0002009135785537765,0.0003075979325571832,0.6531694699099648,3
331314,2025-10-23 07:30:00,1.15991,0.2,0.00018753174851966016,0.00030575175268836746,0.6133464383139575,7
331317,2025-10-23 08:15:00,1.15996,0.8333333333333334,0.0001759884722919801,0.00030360847200805967,0.5796559994785266,8
331340,2025-10-23 14:00:00,1.15867,0.4,0.00026600412349829283,0.00027141231818884936,0.9800738790094505,3
331342,2025-10-23 14:30:00,1.1591,0.4666666666666667,0.0003090334558719621,0.00027308947142301316,1.131619810392734,6
331352,2025-10-23 17:00:00,1.16128,0.03333333333333333,0.0002983443376380753,0.00026370953742820507,1.131336926785591,8
331353,2025-10-23 17:15:00,1.16072,0.9,0.0002341149664338214,0.00025705917697545406,0.9107434684433634,5
331362,2025-10-23 19:30:00,1.1606,0.6666666666666666,0.00022591773450569835,0.0002449916239934676,0.9221447281467965,7
331368,2025-10-23 21:00:00,1.16172,0.43333333333333335,0.0001552223925275601,0.0002507644876828241,0.618996708672286,4
331369,2025-10-23 21:15:00,1.16176,0.3333333333333333,0.00013390359637824369,0.00025073262715768905,0.5340493492856434,4
331386,2025-10-24 01:30:00,1.16159,0.8666666666666667,0.00015424090281730652,0.00024916868210025683,0.6190220276368654,3
331387,2025-10-24 01:45:00,1.1617,0.2,0.00012440150281752433,0.0002493924461255239,0.498818247104849,4
331388,2025-10-24 02:00:00,1.16167,0.23333333333333334,0.00014902580410871722,0.00024667750371217467,0.6041321233840673,4
331399,2025-10-24 04:45:00,1.1608,1.0,0.00013160945092594226,0.0002452449535382856,0.5366448892307034,2
331406,2025-10-24 06:30:00,1.16059,0.9,0.00020139709509068914,0.0002454736659635071,0.820442772548276,5
331443,2025-10-24 15:45:00,1.16335,0.2,0.0003030170272786293,0.00042308705107877846,0.7162049193091655,16
331457,2025-10-24 19:15:00,1.1629,0.2,0.0001781452730328557,0.00043751216695662163,0.4071778718110905,13
331458,2025-10-24 19:30:00,1.16279,0.5666666666666667,0.0001124439856277078,0.0004357875218586871,0.25802479416602025,10
331463,2025-10-24 20:45:00,1.1626,0.4,9.561565376454476e-05,0.00043280007687170155,0.22092337518897642,9
331464,2025-10-24 21:00:00,1.16257,0.5333333333333333,0.00010391141602255115,0.00043280856360441284,0.240086321668825,13
331468,2025-10-24 22:00:00,1.16313,0.0,0.0001304588674022116,0.00043049820110302954,0.30304160869417746,10
331484,2025-10-27 01:00:00,1.16306,0.06666666666666667,0.00014483296704775067,0.0004549173787038588,0.31837202496067696,9
331486,2025-10-27 01:30:00,1.16313,0.13333333333333333,0.0001321061036669139,0.00045726508507067294,0.28890485624218637,3
331490,2025-10-27 02:30:00,1.1646,0.4,0.00024703456779673317,0.0004665688602740325,0.5294707573318137,10
331493,2025-10-27 03:15:00,1.1632,0.6666666666666666,0.00020600450920925953,0.0004727253302213377,0.4357805601675816,9
331498,2025-10-27 04:30:00,1.16302,0.43333333333333335,0.0001317257459816316,0.00047108962648309435,0.27961928808542497,7
331506,2025-10-27 06:30:00,1.16226,0.7333333333333333,0.00011034095275845627,0.0004753627004400902,0.23211950087018343,11
331517,2025-10-27 09:15:00,1.16235,0.16666666666666666,0.00016005572004678246,0.00047026632159143165,0.3403512280129624,13
331524,2025-10-27 11:00:00,1.16375,0.36666666666666664,0.00014357929644335756,0.0004481870428117569,0.32035575045319264,8
331538,2025-10-27 14:30:00,1.16389,0.5666666666666667,0.00017264481082363464,0.00034147871602578265,0.5055800046132288,10
331548,2025-10-27 17:00:00,1.16349,0.8,0.00017843208784469068,0.0003266736941954988,0.5462089265685026,10
331563,2025-10-27 20:45:00,1.16458,0.23333333333333334,0.0001635166586194302,0.00033761628612594737,0.48432692775499137,10
331568,2025-10-27 22:00:00,1.16438,0.36666666666666664,0.00017560346390575258,0.00034005548200813785,0.5163965093835783,10
331570,2025-10-27 22:30:00,1.16434,0.5,0.00010579877272699377,0.0003180140972093442,0.33268579492357514,7
331597,2025-10-28 05:15:00,1.16633,0.1,0.00022023769070459484,0.0002901485569206868,0.7590514770845392,3
331598,2025-10-28 05:30:00,1.16622,0.13333333333333333,0.0002125902673905303,0.0002904118224692963,0.732030347741805,3
331644,2025-10-28 17:00:00,1.16582,0.26666666666666666,0.000286330288536584,0.0003482447423456336,0.8222099395039844,14
331652,2025-10-28 19:00:00,1.16626,0.4,0.0002304037969508672,0.00037721177823637857,0.6108075363608753,7
331686,2025-10-29 03:30:00,1.16425,0.5333333333333333,0.0002264446223309862,0.0003690864307834069,0.6135273568587841,10
331708,2025-10-29 09:00:00,1.16321,0.5666666666666667,0.000170287117969397,0.0003695893479163861,0.46074682327674077,12
331714,2025-10-29 10:30:00,1.16281,0.26666666666666666,0.0002081752428319416,0.00038415951478881695,0.5418979221336774,15
331725,2025-10-29 13:15:00,1.16396,0.5666666666666667,0.0003644456507401463,0.00039448749748874655,0.9238458837356253,16
331728,2025-10-29 14:00:00,1.16335,0.5,0.00026188371603005765,0.0003914143108504071,0.6690703655190212,19
331736,2025-10-29 16:00:00,1.16501,0.2,0.00026434343068038003,0.0003610496663130219,0.7321525411719956,13
331738,2025-10-29 16:30:00,1.16481,0.43333333333333335,0.00020793228077089818,0.00035350585735540043,0.588200383231137,9
331795,2025-10-30 06:45:00,1.16297,0.26666666666666666,0.00022821858650565278,0.0006006594342414698,0.3799467277057819,16
331817,2025-10-30 12:15:00,1.16089,0.5,0.0003091422757831647,0.000604988209470751,0.5109889266331407,13
331818,2025-10-30 12:30:00,1.16067,0.6666666666666666,0.00029472848932180217,0.0006052378927713075,0.4869630484837587,12
331830,2025-10-30 15:30:00,1.15825,0.2,0.00038089780568575156,0.0006515958762925336,0.5845614122866973,10
331831,2025-10-30 15:45:00,1.15728,0.43333333333333335,0.00032711795881540016,0.000657852212674742,0.4972514381085394,15
331833,2025-10-30 16:15:00,1.15743,0.3333333333333333,0.0004023199976390247,0.0006553775263702766,0.6138751810230995,13
331843,2025-10-30 18:45:00,1.1564,0.4666666666666667,0.00025616513658802717,0.0006489968242369206,0.3947093838081901,10
331852,2025-10-30 21:00:00,1.1564,0.16666666666666666,0.00014308150596259385,0.0004906712854615494,0.2916035851333839,4
331878,2025-10-31 03:30:00,1.15728,0.5333333333333333,0.00022587432951105916,0.0004587675517782799,0.49235027332583253,3
331882,2025-10-31 04:30:00,1.15679,0.8666666666666667,0.00016122267828761461,0.0004548312233011544,0.3544670419006509,3
331885,2025-10-31 05:15:00,1.15704,0.8,0.00020052526209846815,0.0004510706464501688,0.44455400429303,3
331886,2025-10-31 05:30:00,1.15707,0.6333333333333333,0.0002343785198945739,0.00045099328076137835,0.5196940395628292,4
331887,2025-10-31 05:45:00,1.15726,0.2,0.00022810147790685678,0.0004484231689318189,0.5086746040580673,3
331889,2025-10-31 06:15:00,1.15697,0.5,0.0003001452289047662,0.0004241552820555037,0.7076305343887952,4
331890,2025-10-31 06:30:00,1.15674,0.8,0.00022573162373334564,0.00042350587818140267,0.5330070616792165,3
331905,2025-10-31 10:15:00,1.15736,0.03333333333333333,0.0002553234707332811,0.00041221376956277817,0.6193957834161979,4
331908,2025-10-31 11:00:00,1.15757,0.3333333333333333,0.0003202262714231656,0.00042093765735127646,0.7607451265780522,5
331926,2025-10-31 15:30:00,1.15238,1.0,0.00030575186546738704,0.0003875270132538315,0.7889820709533829,8
331938,2025-10-31 18:30:00,1.15247,0.4,0.00027224497214866673,0.00041446255102658346,0.6568626561660212,7
331949,2025-10-31 21:15:00,1.15288,0.16666666666666666,0.00019452881976003906,0.0004110668330460404,0.4732291786193595,3
331954,2025-11-02 23:30:00,1.15302,0.7,0.00017765207481379978,0.000411710530175134,0.43149752506507394,2
331958,2025-11-03 00:30:00,1.15332,0.26666666666666666,0.00022792359839787955,0.00041023419243600603,0.5555938598010312,3
331980,2025-11-03 06:00:00,1.15334,0.8666666666666667,0.00023596061972903088,0.00040663008461213506,0.5802832320045931,3
331986,2025-11-03 07:30:00,1.15369,0.06666666666666667,0.000211488436330915,0.00040546722813883715,0.5215919355595827,3
331987,2025-11-03 07:45:00,1.15396,0.03333333333333333,0.0002336197113673295,0.00040657994830267945,0.5745972282760259,3
331994,2025-11-03 09:30:00,1.1525,0.4,0.00031941802816232254,0.00042517516511254453,0.7512621958476151,3
331998,2025-11-03 10:30:00,1.1518,0.16666666666666666,0.0003217635588205387,0.00042687322823574213,0.7537684200772687,3
332028,2025-11-03 18:00:00,1.15306,0.6333333333333333,0.00021518975232960445,0.0003786697997775262,0.5682780946778208,5
332043,2025-11-03 21:45:00,1.15189,0.0,0.00023759583400541326,0.00034719430190776127,0.6843310293396897,2
332066,2025-11-04 03:30:00,1.15063,0.3,0.0002400378895239349,0.0003627165133464097,0.6617782226382631,2
332071,2025-11-04 04:45:00,1.15144,0.16666666666666666,0.0003184470613155412,0.0003652806539182215,0.8717873719828444,3
332075,2025-11-04 05:45:00,1.15154,0.7,0.0001937674998045965,0.00036756000476985314,0.5271724270596948,2
332085,2025-11-04 08:15:00,1.15282,0.4666666666666667,0.00033984033292479765,0.0003891697267474792,0.8732445243494236,7
332087,2025-11-04 08:45:00,1.15307,0.6,0.00036087940683567185,0.00038789333411275867,0.9303573304788115,8
332093,2025-11-04 10:15:00,1.15145,0.6666666666666666,0.00030462078720692277,0.0003784332885762725,0.8049524087929888,5
332115,2025-11-04 15:45:00,1.14793,0.43333333333333335,0.00044447723895767904,0.0004154046513765272,1.0699861869259624,3
332117,2025-11-04 16:15:00,1.14785,0.7,0.00042529667196128173,0.0004154740569159458,1.0236419455843981,3
332125,2025-11-04 18:15:00,1.14847,0.4,0.0002660137600511879,0.00037477186884581396,0.7098018345678699,2
332151,2025-11-05 00:45:00,1.14841,0.1,0.00022133528181358668,0.0003688819741128775,0.6000165292594599,3
332154,2025-11-05 01:30:00,1.14843,0.0,0.00019507754820985746,0.0003718017580527058,0.5246816185904202,2
332170,2025-11-05 05:30:00,1.14895,0.8,0.00022178278842641458,0.00036467326911190733,0.6081684817933724,4
332212,2025-11-05 16:00:00,1.14846,0.5333333333333333,0.00029231797051331153,0.0003063360430113245,0.9542395587531475,7
332213,2025-11-05 16:15:00,1.14753,0.7666666666666667,0.00035927915858536793,0.0003177323745714905,1.130760310685713,4
332224,2025-11-05 19:00:00,1.14801,0.6666666666666666,0.0002582288628497765,0.00034129969392510546,0.7566044372323464,6
332226,2025-11-05 19:30:00,1.14812,0.13333333333333333,0.00015802530030692647,0.00034139130878168655,0.462886125809315,4
332236,2025-11-05 22:00:00,1.14878,0.36666666666666664,0.00022623528896202952,0.0003399034175046103,0.6655869794511876,6
332246,2025-11-06 00:30:00,1.14941,0.1,0.0002766107903811791,0.00033970155011225775,0.8142759145189957,8
332249,2025-11-06 01:15:00,1.14963,0.2,0.00023311042082870313,0.00033942099459264457,0.6867884560543173,6
332250,2025-11-06 01:30:00,1.14984,0.6666666666666666,0.00021062914612771886,0.00033997986340319195,0.6195341806991894,3
332256,2025-11-06 03:00:00,1.15069,0.3,0.00017264377107433957,0.00033965622380934104,0.5082897323007676,4
332263,2025-11-06 04:45:00,1.15063,0.3333333333333333,0.00016506880015487458,0.0003136631521278295,0.5262613699922357,4
332265,2025-11-06 05:15:00,1.15071,0.13333333333333333,0.0001677315426500599,0.0003110539105227841,0.5392362448302154,4
332291,2025-11-06 11:45:00,1.15161,0.1,0.00022167834684821066,0.00033986358198814044,0.6522568424408184,7
332293,2025-11-06 12:15:00,1.15117,0.5666666666666667,0.00022235965367851043,0.00033707698798192317,0.6596702284833373,8
332298,2025-11-06 13:30:00,1.15188,0.43333333333333335,0.00027997779033969884,0.00033273079916931855,0.841454386064288,12
332305,2025-11-06 15:15:00,1.15335,0.23333333333333334,0.00018180999200586743,0.0003406562024992358,0.5337052156162496,9
332309,2025-11-06 16:15:00,1.15234,0.5333333333333333,0.00019847870996990319,0.0003317413160666585,0.5982936111883689,16
332327,2025-11-06 20:45:00,1.15454,0.8333333333333334,0.0001821836451131144,0.00034184686581179783,0.5329393460445377,9
332335,2025-11-06 22:45:00,1.15469,0.26666666666666666,0.00011572767215484597,0.0003470087314287573,0.33350074990434486,4
332346,2025-11-07 01:30:00,1.15394,0.6333333333333333,0.00025091880175222324,0.00035413957025571706,0.708530824643628,6
332350,2025-11-07 02:30:00,1.15394,0.6333333333333333,0.00019319648643038845,0.0003541010193214777,0.5455970920405376,4
332351,2025-11-07 02:45:00,1.15384,0.36666666666666664,0.00022508637031032816,0.00035356300036200707,0.6366230914430132,4
332356,2025-11-07 04:00:00,1.15395,0.4,0.00021333099235909718,0.00035233493169345046,0.6054778370505316,4
332357,2025-11-07 04:15:00,1.15361,0.3,0.00018883190952002067,0.000354234114645649,0.5330709316603085,4
332373,2025-11-07 08:15:00,1.15318,0.16666666666666666,0.0001654024076884365,0.0003553543680111669,0.4654576461636143,5
332404,2025-11-07 16:00:00,1.15725,0.5666666666666667,0.00038360349354711734,0.000322333092606925,1.1900841159207616,8
332417,2025-11-07 19:15:00,1.15752,0.36666666666666664,0.0002547090592841131,0.00032113486142829685,0.7931529393951664,3
332451,2025-11-10 03:45:00,1.15588,0.0,0.00012827189878713817,0.0003208952442461949,0.3997313799039239,6
332455,2025-11-10 04:45:00,1.15516,0.8333333333333334,0.00016023792173836392,0.0003226674040673976,0.49660399444901476,7
332464,2025-11-10 07:00:00,1.15615,0.23333333333333334,0.0002130360280622665,0.00032841945874687413,0.6486705412496944,9
332479,2025-11-10 10:45:00,1.1571,0.1,0.0002976509385223331,0.0003584434772100937,0.8303985354652488,9
332493,2025-11-10 14:15:00,1.15716,0.03333333333333333,0.0002768501110621946,0.00036760036391197737,0.7531279569910515,9
332507,2025-11-10 17:45:00,1.15467,0.5666666666666667,0.000317653269979816,0.00036017777242949617,0.8819346841898629,10
332509,2025-11-10 18:15:00,1.15449,0.26666666666666666,0.0002332328660093116,0.0003516402018367745,0.663271334708124,5
332510,2025-11-10 18:30:00,1.15474,0.3333333333333333,0.0002576691689055673,0.00035135631497883857,0.7333557358178866,4
332512,2025-11-10 19:00:00,1.15604,0.13333333333333333,0.00025166689695809563,0.00036241345997046375,0.6944192883415704,9
332524,2025-11-10 22:00:00,1.15635,0.1,0.0001547527709608993,0.0003421648253061239,0.4522755102674478,6
332526,2025-11-10 22:30:00,1.15596,0.9333333333333333,0.00011634197591580283,0.0003416972109649535,0.34048266179069153,4
332532,2025-11-11 00:00:00,1.1557,0.5333333333333333,0.000241799072723931,0.00033713437344263196,0.7172186871804587,9
332539,2025-11-11 01:45:00,1.15545,0.9,0.00013273909046312805,0.0003333031513730896,0.39825333158804693,7
332545,2025-11-11 03:15:00,1.15555,0.6,0.00012377315398338646,0.00032620667500353023,0.3794317022545507,4
332550,2025-11-11 04:30:00,1.15571,0.4666666666666667,0.00011702388008904025,0.0003270808765521861,0.35778270292842684,4
332585,2025-11-11 13:15:00,1.15758,0.03333333333333333,0.0002484543690424324,0.0002982104568656548,0.8331510962218278,10
332605,2025-11-11 18:15:00,1.15951,0.16666666666666666,0.00022784723724056564,0.0003343780994571619,0.6814059820618,5
332615,2025-11-11 20:45:00,1.15907,0.23333333333333334,0.00014249913990484582,0.00032076310653378804,0.44425040474483457,6
332616,2025-11-11 21:00:00,1.15839,0.5333333333333333,0.00020327373317107167,0.00032705092870738656,0.6215354103242473,6
332622,2025-11-11 22:30:00,1.15833,0.8,0.00013465857497334634,0.00033107055667729675,0.4067367884502083,3
332628,2025-11-12 00:00:00,1.15817,0.0,0.00013573509344732762,0.000329735898375155,0.4116479100886245,6
332636,2025-11-12 02:00:00,1.1579,0.8666666666666667,0.00013357309659057804,0.00033138327663454793,0.40307736089496,4
332652,2025-11-12 06:00:00,1.15716,0.9,0.00017086573829704234,0.00033142154545494796,0.5155541051578045,5
332667,2025-11-12 09:45:00,1.1583,0.23333333333333334,0.00015228343846577705,0.00032771462870857034,0.4646830660745373,6
332669,2025-11-12 10:15:00,1.15738,0.9,0.00020927185665040537,0.00033304974162255246,0.628350154637185,8
332672,2025-11-12 11:00:00,1.15695,0.5,0.00030068494620687447,0.0003271493719389273,0.9191059864330314,7
332722,2025-11-12 23:30:00,1.15895,0.2,0.0001241141789919782,0.00029827463585091664,0.41610705059753333,4
332727,2025-11-13 00:45:00,1.1591,0.0,0.00010747186514828178,0.00029827049679140955,0.3603167805880594,5
332731,2025-11-13 01:45:00,1.1582,0.9666666666666667,0.00014080333413314457,0.0003027791214871442,0.4650364709480901,5
332745,2025-11-13 05:15:00,1.15902,0.4666666666666667,0.00011127639894513551,0.00030240281834736514,0.3679740802458863,6
332750,2025-11-13 06:30:00,1.15854,0.9,0.00010738334866022523,0.00030300043623858767,0.3543999803870571,5
332766,2025-11-13 10:30:00,1.16299,0.4666666666666667,0.0004251997150528184,0.00037454237628538334,1.135251287904567,6
332780,2025-11-13 14:00:00,1.16223,0.3333333333333333,0.0004193565967293268,0.00041353458868042934,1.0140786483362256,7
332784,2025-11-13 15:00:00,1.16198,0.6333333333333333,0.00039857929564219256,0.00041945023074474935,0.9502421656426325,7
332822,2025-11-14 00:30:00,1.1626,0.23333333333333334,0.0002048966867534613,0.00042095110969250386,0.4867469927876758,9
332836,2025-11-14 04:00:00,1.16354,0.1,0.00019082585191063748,0.0004186883186484095,0.4557706613995174,3
332841,2025-11-14 05:15:00,1.16408,0.16666666666666666,0.00019850050824732967,0.00042160108485091776,0.47082542094862345,3
332850,2025-11-14 07:30:00,1.16389,0.5,0.00030207795544074056,0.0004251943384938157,0.7104467959540675,7
332891,2025-11-14 17:45:00,1.1617,0.36666666666666664,0.00023464648949968363,0.0003800876554881849,0.6173483566528976,9
332896,2025-11-14 19:00:00,1.16137,0.3333333333333333,0.00020616823775320022,0.00038385438563136526,0.5371001230429968,4
332901,2025-11-14 20:15:00,1.16177,0.6666666666666666,0.00015368114198875983,0.00038047671996491856,0.4039173329788215,5
332904,2025-11-14 21:00:00,1.16173,0.6,0.00017206937909003024,0.00037420843913902376,0.4598222837676411,7
332913,2025-11-16 23:15:00,1.1621,0.03333333333333333,0.0001241958793531342,0.0003698357911245111,0.33581357546685275,5
332931,2025-11-17 03:45:00,1.16011,0.5666666666666667,0.0001571396712199773,0.0003633438217203851,0.4324820234342823,10
332946,2025-11-17 07:30:00,1.16,0.23333333333333334,0.00015929729322185004,0.00035983061802181016,0.4427007743187509,9
332950,2025-11-17 08:30:00,1.16125,0.6,0.0003182824016511503,0.00036129179628812254,0.8809566254234205,7
332962,2025-11-17 11:30:00,1.16063,0.5333333333333333,0.00021106334124892454,0.00033757004510699153,0.6252430993455856,5
332983,2025-11-17 16:45:00,1.15873,0.36666666666666664,0.00019884268060992692,0.0002913320788469528,0.6825293026326363,7
332985,2025-11-17 17:15:00,1.15949,0.4666666666666667,0.00012943322506342352,0.0003061118402295155,0.42282985514829324,9
332992,2025-11-17 19:00:00,1.15934,0.26666666666666666,0.00019254158000594045,0.00029154444507263004,0.6604193057356115,14
333012,2025-11-18 00:00:00,1.15888,0.5,0.00019404674819010508,0.0002972545874605635,0.6527964794348181,12
333013,2025-11-18 00:15:00,1.15923,0.3,0.00014114423288530615,0.00029873432975728256,0.47247409763713416,16
333021,2025-11-18 02:15:00,1.15859,0.3333333333333333,0.0001392824337207187,0.0002846656408649856,0.4892843171992756,6
333041,2025-11-18 07:15:00,1.15955,0.5,0.00019714755690552346,0.000301453202440958,0.6539905872923555,18
333045,2025-11-18 08:15:00,1.15972,0.36666666666666664,0.00013918059258019705,0.0003014511716630918,0.4617019459979019,18
333061,2025-11-18 12:15:00,1.15828,0.6666666666666666,0.000182953379076142,0.00033095388875490646,0.5528062527515162,9
333065,2025-11-18 13:15:00,1.1589,0.5333333333333333,0.00018752140385208362,0.00032544517163234625,0.5761996803072119,11
333070,2025-11-18 14:30:00,1.15976,0.2,0.0002711929995734083,0.0003450050238518519,0.7860552189809876,14
333085,2025-11-18 18:15:00,1.15769,0.8,0.00021058419239637912,0.0003687655928128461,0.5710516287327643,12
333106,2025-11-18 23:30:00,1.15793,0.6666666666666666,0.0001603853506980404,0.0003668265227405764,0.43722397579050365,8
333108,2025-11-19 00:00:00,1.15767,0.8,0.00023723083657307175,0.0003665690940660712,0.6471654059583997,11
333112,2025-11-19 01:00:00,1.15797,0.4,0.00016281760340810213,0.00036644295704973544,0.44431909598962144,10
333119,2025-11-19 02:45:00,1.15803,0.36666666666666664,0.0001380385413492981,0.00036764732371837727,0.3754645619426226,7
333148,2025-11-19 10:00:00,1.15731,0.6666666666666666,0.0002933148790935395,0.0003754888525372747,0.7811546923737827,11
333154,2025-11-19 11:30:00,1.15703,0.7666666666666667,0.0002275680873851039,0.000380287965682828,0.5984099101755503,8
333169,2025-11-19 15:15:00,1.15632,0.9,0.0003466212202380434,0.0004005081202832461,0.8654536641926436,10
333179,2025-11-19 17:45:00,1.15383,0.4666666666666667,0.00026375168254129155,0.00037799966475709644,0.6977563927491287,9
333189,2025-11-19 20:15:00,1.15232,0.9,0.00021485598355560503,0.0003855047560630767,0.5573367907306702,5
333194,2025-11-19 21:30:00,1.15269,0.5333333333333333,0.00019216805998632802,0.00038857962253400455,0.4945397258177413,8
333197,2025-11-19 22:15:00,1.15242,0.8666666666666667,0.00014879107919661908,0.000387383074440039,0.384092876054784,4
333205,2025-11-20 00:15:00,1.15392,0.06666666666666667,0.0001902057967952163,0.00039631222702261773,0.47993925956859557,5
333206,2025-11-20 00:30:00,1.154,0.1,0.00021115961663011626,0.0003964335959017583,0.5326481378294803,5
333208,2025-11-20 01:00:00,1.15388,0.1,0.00018386177594180618,0.00039768129604388324,0.4623344818347138,4
333216,2025-11-20 03:00:00,1.15225,0.7,0.0002683446499787868,0.0004031917602722997,0.6655509274236097,8
333218,2025-11-20 03:30:00,1.15168,0.2,0.00023154078326104337,0.0004036900753941546,0.573560752106605,6
333232,2025-11-20 07:00:00,1.15152,0.6,0.0002556893962811472,0.00040381743847937136,0.6331806700670973,6
333234,2025-11-20 07:30:00,1.15219,0.5666666666666667,0.000266364866753041,0.00040638132467271686,0.6554554812959491,4
333237,2025-11-20 08:15:00,1.15203,0.26666666666666666,0.0002789939689810655,0.00040780608814735544,0.6841338986588513,6
333242,2025-11-20 09:30:00,1.15155,0.13333333333333333,0.000259681144443844,0.00040402838365958377,0.6427299539990727,6
333273,2025-11-20 17:15:00,1.15367,0.7,0.00038787078317265326,0.0004147795527012521,0.9351251300760718,9
333284,2025-11-20 20:00:00,1.15361,0.0,0.00014234927545993554,0.00040107935183034745,0.35491549193524147,3
333303,2025-11-21 00:45:00,1.15312,0.2,0.00023396970460693215,0.00038838779207508333,0.6024126128086462,6
333309,2025-11-21 02:15:00,1.1536,0.26666666666666666,0.00021785715303263093,0.000384650735270412,0.5663765412523544,8
333315,2025-11-21 03:45:00,1.15363,0.16666666666666666,0.00016635785612418707,0.0003822549209751748,0.4352013460017458,6
333330,2025-11-21 07:30:00,1.15457,0.6,0.00022282557318851887,0.000380667819733584,0.5853543736490955,6
333331,2025-11-21 07:45:00,1.15412,0.6666666666666666,0.00024866600760477784,0.0003836101394753002,0.648225847066769,7
333337,2025-11-21 09:15:00,1.15451,0.2,0.00026271168331186385,0.0003855390553864152,0.6814139310699798,7
333346,2025-11-21 11:30:00,1.1515,0.5666666666666667,0.0004908678599795554,0.0004016465193900152,1.2221389612065894,5
333365,2025-11-21 16:15:00,1.15183,0.5666666666666667,0.00035461742255057184,0.00039930329080685423,0.8880904082558707,8
333402,2025-11-24 01:30:00,1.15052,0.3,0.0002358501457560209,0.00041896598511575095,0.5629338756244394,3
333406,2025-11-24 02:30:00,1.15085,0.13333333333333333,0.00020207194333221357,0.0004173228136378037,0.48421015273704326,3
333412,2025-11-24 04:00:00,1.15154,0.26666666666666666,0.00020154600590825686,0.0004155605397382316,0.48499794045703665,8
333434,2025-11-24 09:30:00,1.1533,0.43333333333333335,0.0003302168417158336,0.0004386353837733274,0.7528276421185369,12
333438,2025-11-24 10:30:00,1.15257,0.7,0.00029178250841207636,0.0004366878939269792,0.6681717365420411,8
333460,2025-11-24 16:00:00,1.15266,0.5666666666666667,0.00033948150939798715,0.00037475741226717236,0.905870032948044,11
333478,2025-11-24 20:30:00,1.15255,0.26666666666666666,0.00021929215400516986,0.00034121789231474634,0.6426748389937603,7
333486,2025-11-24 22:30:00,1.152,0.5333333333333333,0.00021748940610956182,0.0003345960777587119,0.6500058445586457,7
333489,2025-11-24 23:15:00,1.15216,0.8,0.0001788869356002051,0.00032509940557899663,0.5502530380872596,6
333501,2025-11-25 02:15:00,1.15238,0.6333333333333333,0.00013647255130032774,0.0003257199414483694,0.41898739970748866,4
333542,2025-11-25 12:30:00,1.15315,0.6333333333333333,0.00021656249203558326,0.0002956327356990407,0.732538944049984,11
333552,2025-11-25 15:00:00,1.15579,0.3333333333333333,0.0005067752698082071,0.0003336557669198914,1.5188566182639385,17
333560,2025-11-25 17:00:00,1.15618,0.36666666666666664,0.00035306443368269527,0.0003721428721802401,0.9487335646501257,10
333563,2025-11-25 17:45:00,1.15579,0.6,0.0002849973377308166,0.00038421616178080023,0.7417630128047839,10
333569,2025-11-25 19:15:00,1.15807,0.2,0.0003171356972132409,0.00040302683474874724,0.7868848172627211,12
333574,2025-11-25 20:30:00,1.15751,0.26666666666666666,0.0002426802730671533,0.0004037378159880025,0.601083830785781,7
333576,2025-11-25 21:00:00,1.15834,0.43333333333333335,0.0003556021149599543,0.0004024713472897622,0.8835464123212129,11
333597,2025-11-26 02:15:00,1.15659,0.7333333333333333,0.00013578493680742058,0.0004309745080975473,0.3150648919046665,7
333618,2025-11-26 07:30:00,1.1595,0.13333333333333333,0.00036552956554279187,0.00044172217253194557,0.8275101144404441,5
333647,2025-11-26 14:45:00,1.15603,0.9333333333333333,0.00033807802538425916,0.00047466130746070954,0.7122510726498259,12
333654,2025-11-26 16:30:00,1.15897,0.6,0.00036721559624424197,0.0004918596193160702,0.7465861839905754,8
333658,2025-11-26 17:30:00,1.15989,0.23333333333333334,0.00038953328416077175,0.0004879390346974306,0.7983236766501374,5
333678,2025-11-26 22:30:00,1.15944,0.06666666666666667,0.00014889380863531375,0.00041654025630659646,0.3574535867326104,3
333682,2025-11-26 23:30:00,1.1595,0.0,0.00014727646110714696,0.0004148027978275959,0.35505175442032416,2
333695,2025-11-27 02:45:00,1.16059,0.8,0.00020008087158203123,0.00041082731623756787,0.4870193964082249,2
333696,2025-11-27 03:00:00,1.16087,0.13333333333333333,0.0003318863529605858,0.00041098263199762324,0.8075434997031825,3
333704,2025-11-27 05:00:00,1.16017,0.7666666666666667,0.00021551625593728296,0.000405230519962088,0.5318361903181575,3
333706,2025-11-27 05:30:00,1.16027,0.9333333333333333,0.00020942302593237696,0.00040339797411217054,0.5191474409193337,3
333712,2025-11-27 07:00:00,1.16018,0.6,0.0003811470289614348,0.000400823634229015,0.950909568230855,7
333722,2025-11-27 09:30:00,1.15923,0.5666666666666667,0.00026864240399654003,0.0003992433410629768,0.6728788594977825,8
333731,2025-11-27 11:45:00,1.15834,0.4666666666666667,0.00020130197471902362,0.0004070893797256372,0.4944908532241581,7
333733,2025-11-27 12:15:00,1.1581,0.6333333333333333,0.0002132765304427301,0.0004055401458762881,0.5259073179595666,9
333740,2025-11-27 14:00:00,1.15824,0.4,0.0002285423312319134,0.00040525360786184165,0.5639489119855724,9
333764,2025-11-27 20:00:00,1.15913,0.5,0.00013257132808216016,0.0002677047441069131,0.4952147132260578,4
333777,2025-11-27 23:15:00,1.15934,0.23333333333333334,0.00011822167690868192,0.0002630147476354363,0.4494868746772653,3
333781,2025-11-28 00:15:00,1.15998,0.0,0.0001994071159063971,0.00026659985388906185,0.7479640854918655,6
333783,2025-11-28 00:45:00,1.16005,0.0,0.00017905621733278746,0.00026685660514482704,0.6709828944860143,7
333797,2025-11-28 04:15:00,1.15856,0.6,0.00019654846584883585,0.00028080826248087163,0.6999383284251636,5
333803,2025-11-28 05:45:00,1.15873,0.5333333333333333,0.00015646876109428432,0.00026864520828387845,0.5824364487787296,6
333807,2025-11-28 06:45:00,1.15848,0.9,0.00018459184068544916,0.0002696840310141249,0.6844744940636883,7
333841,2025-11-28 15:15:00,1.15796,0.43333333333333335,0.000264600934331946,0.00030087204481014164,0.8794467245998754,9
333874,2025-11-30 23:30:00,1.15944,0.23333333333333334,0.00014986037739350239,0.0003918512905877908,0.3824419645746388,4
333889,2025-12-01 03:15:00,1.16015,0.26666666666666666,0.00020820072240543692,0.00041845674854520796,0.4975441861775685,9
333902,2025-12-01 06:30:00,1.15981,0.3,0.000143047003829513,0.0004194515199568741,0.3410334616124895,6
333903,2025-12-01 06:45:00,1.15963,0.8,0.00015893152292748805,0.00041957069415188156,0.3787955763896989,8
333904,2025-12-01 07:00:00,1.15974,0.6666666666666666,0.00019919561020729872,0.00041894550381868257,0.475469024948671,6
333907,2025-12-01 07:45:00,1.15928,0.5,0.00028499571177313893,0.00042099502677603296,0.6769574309597607,9
333923,2025-12-01 11:45:00,1.16208,0.8666666666666667,0.0002301165584698408,0.0004166561492397713,0.552293681227819,9
333927,2025-12-01 12:45:00,1.16288,0.5333333333333333,0.0003870588630186561,0.00041913834390508117,0.9234632637340147,7
333938,2025-12-01 15:30:00,1.16363,0.43333333333333335,0.00037980913524715673,0.0004344977879364392,0.8741336453080341,8
333942,2025-12-01 16:30:00,1.1633,0.16666666666666666,0.00024005500502821816,0.0004270516179329344,0.5621217551877234,8
333944,2025-12-01 17:00:00,1.16283,0.36666666666666664,0.00027129092788101767,0.00042321118049453295,0.6410296806525938,8
333945,2025-12-01 17:15:00,1.16268,0.9666666666666667,0.00024401199797542922,0.00042325240423901606,0.5765165077187193,9
333951,2025-12-01 18:45:00,1.1626,0.8333333333333334,0.00019599970705411936,0.0003729065293948847,0.5256000944048044,8
333958,2025-12-01 20:30:00,1.16077,0.9666666666666667,0.00013984360123006043,0.0003775263842420799,0.3704207363170385,7
333960,2025-12-01 21:00:00,1.16081,0.8666666666666667,0.00014162552379503522,0.0003763861094913293,0.3762772329362431,7
333972,2025-12-02 00:00:00,1.16081,0.7,0.0001708462673884475,0.00037424745426628607,0.4565061577329696,6
333991,2025-12-02 04:45:00,1.16101,0.6666666666666666,9.99904978079937e-05,0.00032843679373174226,0.3044436546584457,4
333992,2025-12-02 05:00:00,1.16118,0.6333333333333333,9.998661866925576e-05,0.00032681040421322097,0.30594686515555813,4
334000,2025-12-02 07:00:00,1.16096,0.5,0.00018719986897606388,0.0003256539025381717,0.5748430082274882,9
334002,2025-12-02 07:30:00,1.16057,0.7333333333333333,0.0002081118178239507,0.0003263894115229348,0.6376181655308601,8
334048,2025-12-02 19:00:00,1.16067,0.5333333333333333,0.00017835224333821888,0.0002950015174822097,0.6045807657547883,10
334061,2025-12-02 22:15:00,1.16222,0.6333333333333333,0.00018436438435561167,0.00029002042295332546,0.6356944882646502,12
334081,2025-12-03 03:15:00,1.1637,0.23333333333333334,0.00017254564052990813,0.0002914965659040989,0.5919302685256158,3
334089,2025-12-03 05:15:00,1.16364,0.8,0.0001601339305031731,0.0002902509741536468,0.551708503201801,3
334093,2025-12-03 06:15:00,1.16429,0.7666666666666667,0.00018918412076811308,0.0002908700871720342,0.650407618767002,3
334101,2025-12-03 08:15:00,1.16504,0.4666666666666667,0.00036335323331407614,0.0002987663647058059,1.2161785135079333,7
334107,2025-12-03 09:45:00,1.16398,0.4,0.000247569697348176,0.00030714941176375633,0.806023674037162,10
334141,2025-12-03 18:15:00,1.16609,0.2,0.00021598680066165627,0.00030559223421228605,0.7067810516140817,3
334152,2025-12-03 21:00:00,1.16719,0.16666666666666666,0.00027138052655859354,0.00028656478425292617,0.9470128273649606,3
334156,2025-12-03 22:00:00,1.16652,0.2,0.00017614364624023436,0.0002881246159332955,0.6113453571804981,2
334180,2025-12-04 04:00:00,1.16598,0.6333333333333333,0.0001849087620140337,0.0002946405258713923,0.6275740971720386,5
334198,2025-12-04 08:30:00,1.16568,0.5,0.00020053598416318243,0.0002987388380814111,0.6712752364275218,9
334202,2025-12-04 09:30:00,1.16758,0.4,0.0003344622088304529,0.00030574421089811163,1.0939281821493307,3
334203,2025-12-04 09:45:00,1.16771,0.6666666666666666,0.0003897110805080631,0.0003057054978958259,1.274792514987295,3
334213,2025-12-04 12:15:00,1.16732,0.36666666666666664,0.00021891788391331505,0.00030244458545777934,0.7238280810415617,5
334219,2025-12-04 13:45:00,1.16693,0.5,0.0002564655215332656,0.00030473041605112407,0.8416144500988666,9
334222,2025-12-04 14:30:00,1.16653,0.3333333333333333,0.00022566248712461396,0.0003070501388645889,0.7349369323168832,9
334232,2025-12-04 17:00:00,1.16728,0.13333333333333333,0.0002288955480788925,0.0003121285998275948,0.7333373109843944,8
334238,2025-12-04 18:30:00,1.16552,0.43333333333333335,0.00016138172335353646,0.00031954717476185966,0.5050325463644142,6
334239,2025-12-04 18:45:00,1.16547,0.5333333333333333,0.00019806053576289397,0.0003178043937558957,0.6232152218607256,8
334251,2025-12-04 21:45:00,1.1644,0.7,0.00027424479884714424,0.00031423584926350886,0.8727355567160979,6
334252,2025-12-04 22:00:00,1.16438,0.7666666666666667,0.0002433405943479185,0.00031413787389607267,0.7746299143427186,4
334263,2025-12-05 00:45:00,1.16415,0.7666666666666667,0.0001756459805576876,0.00030857932840386347,0.5692085126577405,3
334268,2025-12-05 02:00:00,1.16496,0.16666666666666666,0.00020413715648531547,0.00030755653354198523,0.6637386438660984,5
334277,2025-12-05 04:15:00,1.16503,0.7333333333333333,0.00017250188907024693,0.00030418852729307525,0.5670887413319413,3
334278,2025-12-05 04:30:00,1.16476,0.2,0.00014683677066163172,0.00030530222405923907,0.48095545688897556,3
334279,2025-12-05 04:45:00,1.16469,0.13333333333333333,0.0001519277871891555,0.0003053114142769578,0.4976158115442645,3
334281,2025-12-05 05:15:00,1.16517,0.36666666666666664,0.0001671706524103655,0.0003052870512398755,0.5475851390729743,5
334291,2025-12-05 07:45:00,1.16591,0.13333333333333333,0.0001481990893014616,0.0003079829949047571,0.4811924416388371,6
334302,2025-12-05 10:30:00,1.16488,0.8666666666666667,0.00021708139386389703,0.0002943474553083377,0.7375004945651655,4
334304,2025-12-05 11:00:00,1.16539,0.26666666666666666,0.0002091754610396215,0.0002995190512727136,0.6983711391672585,6
334312,2025-12-05 13:00:00,1.1646,0.8666666666666667,0.00019534809446003948,0.000285166417598488,0.6850319055979727,5
334319,2025-12-05 14:45:00,1.16504,0.8333333333333334,0.0001750573308485739,0.0002948469103463151,0.5937227920854207,6
334326,2025-12-05 16:30:00,1.16557,0.36666666666666664,0.00019141062775497776,0.0002747374106891207,0.6967039081967931,8
334337,2025-12-05 19:15:00,1.1646,0.5666666666666667,0.00022658297328717388,0.00029994697351314867,0.7554101001030479,7
334343,2025-12-05 20:45:00,1.16415,0.16666666666666666,8.98437554124687e-05,0.00029689757249634884,0.3026085887366882,6
334345,2025-12-05 21:15:00,1.16426,0.3,0.00011635933500504186,0.00029554837498267205,0.39370656330580056,5
334360,2025-12-08 01:00:00,1.16403,0.36666666666666664,9.642397469089112e-05,0.00030347717891570866,0.31773056226304597,10
334367,2025-12-08 02:45:00,1.16507,0.6333333333333333,0.00016600538452804923,0.00031038551749799583,0.5348361156351992,4
334373,2025-12-08 04:15:00,1.16522,0.6666666666666666,0.0001535187656546859,0.0003089220506605903,0.4969498464949512,4
334375,2025-12-08 04:45:00,1.1651,0.9,0.00016175952815382252,0.0003091562946619804,0.5232289652413002,4
334381,2025-12-08 06:15:00,1.16531,0.36666666666666664,0.000138845667214962,0.00030749170369629786,0.45154280764627236,5
334388,2025-12-08 08:00:00,1.16602,0.3333333333333333,0.00020250894022984502,0.0003174100629250979,0.6380041589218073,12
334395,2025-12-08 09:45:00,1.16507,0.43333333333333335,0.0002384175156198731,0.00032193442072545004,0.7405778949719661,9
334403,2025-12-08 11:45:00,1.16489,0.7666666666666667,0.0002187294928545308,0.00032526096356454685,0.6724738513268431,11
334408,2025-12-08 13:00:00,1.16498,0.5666666666666667,0.00023767780166732011,0.00032600540255907666,0.729060929056995,10
334409,2025-12-08 13:15:00,1.1649,0.23333333333333334,0.0001602887585203735,0.00032527363630590635,0.49278127898944935,10
334412,2025-12-08 14:00:00,1.16528,0.8333333333333334,0.00017407370910195395,0.00032203354090721767,0.5405452755373298,8
334419,2025-12-08 15:45:00,1.16489,0.16666666666666666,0.00011949898065000131,0.0003162033083169697,0.3779181858850531,11
334425,2025-12-08 17:15:00,1.16265,0.6333333333333333,0.00021210435712117287,0.00034297384456442295,0.6184272080296548,8
334430,2025-12-08 18:30:00,1.1624,0.6666666666666666,0.00019266293456073104,0.0003183470790962432,0.6051977455162543,9
334431,2025-12-08 18:45:00,1.16294,0.2,0.00021200127385298745,0.00032266636057531303,0.6570293645578358,10
334451,2025-12-08 23:45:00,1.16354,0.4,0.0001568673803115087,0.00033703948239425185,0.46542731194920695,12
334452,2025-12-09 00:00:00,1.16352,0.6333333333333333,0.00015950323660394807,0.00033031964867224074,0.4828754124833033,13
334459,2025-12-09 01:45:00,1.16395,0.43333333333333335,0.00012123128661940905,0.0003277831161726232,0.36985213892336055,15
334465,2025-12-09 03:15:00,1.16457,0.3333333333333333,0.00015159226837144966,0.0003250536753334344,0.4663607270889921,11
334477,2025-12-09 06:15:00,1.16454,0.4,0.00012840825652220224,0.00032089152414537843,0.40016094804681557,12
334514,2025-12-09 15:30:00,1.16309,0.3,0.000258355260479818,0.00033366594975195603,0.7742931535923181,12
334517,2025-12-09 16:15:00,1.16188,0.7,0.0005189402398637331,0.00037377297127768537,1.3883835369096267,15
334524,2025-12-09 18:00:00,1.16379,0.7333333333333333,0.00020704247979073427,0.0003961974908939131,0.5225739297934436,16
334549,2025-12-10 00:15:00,1.1626,0.5,0.00013872282920542796,0.0003706860699195541,0.3742326471440738,8
334552,2025-12-10 01:00:00,1.16277,0.23333333333333334,0.00015304389924671637,0.00036993112306573007,0.41370917369264776,10
334569,2025-12-10 05:15:00,1.16261,0.16666666666666666,9.861452297717093e-05,0.00037051287127002393,0.26615680756014065,3
334590,2025-12-10 10:30:00,1.16406,0.4666666666666667,0.00019512520271547175,0.0003859196366108357,0.5056109723492446,24
334597,2025-12-10 12:15:00,1.1632,0.7,0.0002511223569720535,0.00038533098945125034,0.6517055825945292,13
334606,2025-12-10 14:30:00,1.16345,0.43333333333333335,0.0002661691932937645,0.00037826892396665245,0.7036507004134167,13
334608,2025-12-10 15:00:00,1.16398,0.8333333333333334,0.00025592251775723623,0.0003803881348697339,0.6727931139200185,18
334612,2025-12-10 16:00:00,1.16425,0.5333333333333333,0.0003517565803869036,0.00037426203959008543,0.9398671069397495,22
334632,2025-12-10 21:00:00,1.16776,0.16666666666666666,0.0005539248399694827,0.00043099605121584906,1.2852202204796281,20
334660,2025-12-11 04:00:00,1.16936,0.5,0.00024107207201403848,0.0004904893454294443,0.49149298401776625,3
334670,2025-12-11 06:30:00,1.16884,0.7,0.0002317210301103664,0.0004937917814589359,0.4692687055781557,4
334676,2025-12-11 08:00:00,1.16888,0.03333333333333333,0.0001635793997270214,0.0004955382192341664,0.3301045073371465,7
334682,2025-12-11 09:30:00,1.17015,0.23333333333333334,0.00024294205044348574,0.0005064462330401148,0.47969959019172465,4
334688,2025-12-11 11:00:00,1.17016,0.43333333333333335,0.00029618880076964066,0.0004963505011767161,0.5967331554364409,7
334701,2025-12-11 14:15:00,1.17147,0.8,0.0003063285200799754,0.0004962641785220923,0.61726905414016,8
334704,2025-12-11 15:00:00,1.17305,0.6666666666666666,0.0005530548646773807,0.0005004187410930065,1.10518415731075,11
334715,2025-12-11 17:45:00,1.17487,0.3,0.0005140456459958333,0.0005266213322191051,0.9761200592268457,6
334720,2025-12-11 19:00:00,1.17548,0.0,0.0001922703959988035,0.0005299349564383484,0.3628188585464108,5
334727,2025-12-11 20:45:00,1.17467,0.43333333333333335,0.00042865686924955555,0.0005339529420387308,0.802798965041497,5
334728,2025-12-11 21:00:00,1.17406,0.5333333333333333,0.0002839823413422134,0.0005170596469482036,0.5492254965521634,3
334737,2025-12-11 23:15:00,1.17378,0.7333333333333333,0.00025736112954640486,0.0003722042263648749,0.6914513896306798,2
334750,2025-12-12 02:30:00,1.17453,0.0,0.00027233256764373775,0.00036364413571942646,0.748898554640405,2
334757,2025-12-12 04:15:00,1.17343,0.9,0.00014147758483886718,0.0003757002508679024,0.3765703762827969,2
334762,2025-12-12 05:30:00,1.17344,0.7333333333333333,0.0002192999383271291,0.00037085313501471407,0.591339044008427,2
334778,2025-12-12 09:30:00,1.17388,0.06666666666666667,0.00016398455083787978,0.0003653051215818157,0.448897486374696,5
334792,2025-12-12 13:00:00,1.17264,0.36666666666666664,0.00021941938159410535,0.0003474025647365321,0.6315997746318068,7
334796,2025-12-12 14:00:00,1.17249,0.23333333333333334,0.0002971809544097258,0.00035147860601853875,0.8455164818596412,10
334802,2025-12-12 15:30:00,1.17317,0.3333333333333333,0.00022924612143843505,0.0003486991289673786,0.6574324464684321,6
334810,2025-12-12 17:30:00,1.17362,0.6,0.00018686699932208705,0.00032229390292285375,0.5798030854056109,6
334815,2025-12-12 18:45:00,1.17476,0.7333333333333333,0.0004696843302726505,0.0003219804355507742,1.4587356199739794,4
334817,2025-12-12 19:15:00,1.1746,0.2,0.0002671388283138235,0.0003193467850879507,0.8365164165978728,5
334822,2025-12-12 20:30:00,1.17378,0.8666666666666667,0.00017363592154621794,0.0003242104518677653,0.5355654654126891,6
334840,2025-12-15 01:00:00,1.17366,0.2,0.00020957732595186718,0.0003202033903676537,0.6545131383875511,4
334846,2025-12-15 02:30:00,1.17329,0.0,0.0001695443347156218,0.0003260182028427829,0.5200456086109457,4
334855,2025-12-15 04:45:00,1.17364,0.36666666666666664,0.00015837942217495536,0.00031316646918971505,0.505735568002364,2
334857,2025-12-15 05:15:00,1.1733,0.1,9.673833847045898e-05,0.0003137297312187457,0.3083492855288519,2
334868,2025-12-15 08:00:00,1.17349,0.03333333333333333,9.225557412398909e-05,0.0003099467585956695,0.297649746498359,4
334876,2025-12-15 10:00:00,1.17311,1.0,0.00015046354581654055,0.0003168000138101798,0.474948040585299,5
334878,2025-12-15 10:30:00,1.1742,0.3,0.00020924066938907382,0.0003323966023824283,0.6294909992742305,6
334882,2025-12-15 11:30:00,1.1743,0.13333333333333333,0.00013776829030006293,0.00031697320558667704,0.4346370225365623,3
334901,2025-12-15 16:15:00,1.17634,0.16666666666666666,0.000301045605805443,0.000320658979930481,0.9388341654137047,9
334911,2025-12-15 18:45:00,1.1746,1.0,0.0001806838884027787,0.00031365947636824036,0.5760511064255347,4
334922,2025-12-15 21:30:00,1.17487,0.16666666666666666,0.00013118752451975272,0.0003010147447272437,0.43581760301683803,3
334923,2025-12-15 21:45:00,1.17511,0.0,0.00016598647064345793,0.00030101474472724363,0.551423056680702,2
334924,2025-12-15 22:00:00,1.17507,0.0,0.000171587072374182,0.0002973010245423942,0.5771492803911081,3
334931,2025-12-15 23:45:00,1.17513,0.0,4.330873489379882e-05,0.00028934970663421853,0.14967609747241792,2
334956,2025-12-16 06:00:00,1.17508,0.8,0.00011417254443819363,0.00027970034397575366,0.4081959386081087,3
334961,2025-12-16 07:15:00,1.17494,1.0,0.000142642117663543,0.0002779688231918445,0.5131586917756468,3
334993,2025-12-16 15:15:00,1.17742,0.36666666666666664,0.00038592478536925124,0.0003465282210423425,1.1136893388030722,8
334999,2025-12-16 16:45:00,1.17758,0.5333333333333333,0.0002290037908717135,0.0004060533191968902,0.5639746802824986,5
335005,2025-12-16 18:15:00,1.17755,0.2,0.00026203980521440946,0.00041615320674057437,0.6296714790852552,7
335025,2025-12-16 23:15:00,1.17468,0.2,0.00019556551539091406,0.00047375664926003894,0.41279740494696604,3
335026,2025-12-16 23:30:00,1.17472,0.3333333333333333,0.0002449290482907811,0.00047377663467216153,0.5169715650081905,3
335038,2025-12-17 02:30:00,1.17498,0.8,0.0001933662868798001,0.00047108652932387136,0.41046872462545203,3
335045,2025-12-17 04:15:00,1.17374,0.36666666666666664,0.00019749628780116682,0.0004728076854684455,0.4177095547960322,3
335046,2025-12-17 04:30:00,1.17374,0.26666666666666666,0.00015445885079290583,0.0004725444695329394,0.3268662755604191,2
335065,2025-12-17 09:15:00,1.17082,0.4,0.0002768799428843115,0.0004953176532227965,0.5589946998310787,7
335071,2025-12-17 10:45:00,1.17154,0.43333333333333335,0.0002043084212029501,0.0004957101761276187,0.412152969702909,9
335093,2025-12-17 16:15:00,1.1749,0.3333333333333333,0.0004079158468902122,0.000496994415087034,0.8207654543135614,11
335135,2025-12-18 02:45:00,1.17367,0.9,0.00011124327628305795,0.0003581028757571631,0.31064614057580003,13
335164,2025-12-18 10:00:00,1.17319,0.36666666666666664,0.0002488464417793491,0.00032959668706599387,0.7550028612075326,14
335182,2025-12-18 14:30:00,1.17217,0.7,0.00038010177902690265,0.00031862262234794446,1.192952892754179,20
335201,2025-12-18 19:15:00,1.17242,0.16666666666666666,0.00025776097816864455,0.00039206760701251047,0.6574401290959486,14
335253,2025-12-19 08:15:00,1.17137,0.6,0.0002550074635264938,0.00040869463285963457,0.6239559882208574,10
335262,2025-12-19 10:30:00,1.17155,0.6333333333333333,0.00015416487314777162,0.00040392846934338855,0.381663796558773,10
335263,2025-12-19 10:45:00,1.17131,0.4666666666666667,0.000197951745713686,0.0004045361352789886,0.48933019438960246,6
335265,2025-12-19 11:15:00,1.17152,0.36666666666666664,0.00017485613209316996,0.0003955499581737947,0.4420582747637217,7
335275,2025-12-19 13:45:00,1.1712,0.6,0.000309084570847843,0.0003961957397261279,0.7801309803621288,14
335317,2025-12-22 00:15:00,1.17135,0.6333333333333333,0.0001449638589420692,0.00034503350205310765,0.420144299262152,7
335337,2025-12-22 05:15:00,1.17176,0.16666666666666666,0.00010003840349252582,0.00034504932226041746,0.2899249383745327,9
335360,2025-12-22 11:00:00,1.17295,0.6666666666666666,0.00016318968123516748,0.0003316665705324782,0.492029332269371,23
335386,2025-12-22 17:30:00,1.17587,0.43333333333333335,0.00017858563971706988,0.000307127387113423,0.5814709049412051,11
335387,2025-12-22 17:45:00,1.17518,0.6333333333333333,0.00024013622471280962,0.00030454289159182125,0.7885136423892111,14
335396,2025-12-22 20:00:00,1.17524,0.3333333333333333,0.00018012463954335996,0.0003033901230740852,0.5937063399370291,12
335410,2025-12-22 23:30:00,1.17593,0.2,0.00014876635867442075,0.00028790561632920466,0.5167191962810284,10
335427,2025-12-23 03:45:00,1.1776,0.2,0.0002278678181318329,0.0002846404068435311,0.8005462775251495,7
335434,2025-12-23 05:30:00,1.17754,0.9333333333333333,0.00014912605320373988,0.0002862770253644445,0.5209151974871026,3
335436,2025-12-23 06:00:00,1.17748,0.3333333333333333,0.00014355100113475294,0.00028662633809194957,0.5008297635533475,6
335437,2025-12-23 06:15:00,1.17766,0.06666666666666667,0.00014325777232203853,0.00028688038815232196,0.4993641191184335,6
335447,2025-12-23 08:45:00,1.17737,0.5666666666666667,0.00022478703529099522,0.000286856487149912,0.783621934174774,8
335450,2025-12-23 09:30:00,1.17806,0.2,0.00028008210865077926,0.0002890886855895849,0.9688449344863252,8
335459,2025-12-23 11:45:00,1.17969,0.6333333333333333,0.0003034722038173004,0.0002893869408782501,1.0486727662841435,7
335464,2025-12-23 13:00:00,1.17955,0.16666666666666666,0.0002685098195505117,0.0002843372086083192,0.9443358499041534,3
335469,2025-12-23 14:15:00,1.17875,0.8,0.0002962722259330752,0.0002946870978932277,1.005379020836609,6
335483,2025-12-23 17:45:00,1.17757,0.26666666666666666,0.00017923843540629456,0.0003211486818746232,0.5581166777955808,9
335485,2025-12-23 18:15:00,1.17731,0.3333333333333333,0.00024160058876117972,0.0003198840469442599,0.7552755164538695,13
335494,2025-12-23 20:30:00,1.17852,0.6,0.0002850875095779847,0.0003052151539069881,0.9340542431417507,7
335501,2025-12-23 22:15:00,1.17893,0.9,0.00013178414372125378,0.0003061499352919932,0.43045621941929696,3
335511,2025-12-24 00:45:00,1.17948,0.13333333333333333,0.00020853931752834015,0.00030875187717817977,0.6754268813983364,3
335517,2025-12-24 02:15:00,1.17971,0.13333333333333333,0.00016695778498735812,0.0003107777631681257,0.5372256473093819,3
335519,2025-12-24 02:45:00,1.18047,0.0,0.0002056765257299988,0.0003147560001957286,0.6534475136362784,2
335524,2025-12-24 04:00:00,1.17978,1.0,0.00019472156548983272,0.00031203264409761477,0.6240422890783086,2
335527,2025-12-24 04:45:00,1.17881,0.9333333333333333,0.00015051767193447943,0.0003179133066158367,0.47345508603187697,8
335533,2025-12-24 06:15:00,1.1792,0.13333333333333333,0.00015777463681968112,0.00031677295913963127,0.4980685133232448,6
335540,2025-12-24 08:00:00,1.17996,0.7333333333333333,0.0002717175948418545,0.00032120697537330934,0.8459268187624572,6
335547,2025-12-24 09:45:00,1.17899,0.5333333333333333,0.0003241650196873123,0.0003355874199625133,0.9659629664411229,11
335559,2025-12-24 12:45:00,1.17915,0.3333333333333333,0.00027943636231559456,0.0003333667874243893,0.8382249607842933,10
335564,2025-12-24 14:00:00,1.17838,0.7666666666666667,0.0003024042803940494,0.000334822020070318,0.9031791885448264,14
335573,2025-12-24 16:15:00,1.17787,0.5666666666666667,0.00014597151539143716,0.0003162434786070022,0.46157952737686936,6
335594,2025-12-24 21:30:00,1.17796,0.36666666666666664,0.00010357013706107107,0.00026763098522142775,0.38698858794463226,4
335611,2025-12-26 01:45:00,1.17898,0.2,0.0002080176677642603,0.0002889628710806698,0.7198768028096868,7
335619,2025-12-26 03:45:00,1.17917,0.16666666666666666,0.00018380663258966244,0.0002947234501185788,0.6236579834950691,7
335626,2025-12-26 05:30:00,1.17827,0.3,0.00012344788083815797,0.0002894762694248885,0.42645250708604104,7
335632,2025-12-26 07:00:00,1.17855,0.6666666666666666,0.00017702045519139652,0.0002892175498543683,0.6120667825328472,6
335647,2025-12-26 10:45:00,1.17691,0.3,0.0001854215199281699,0.00028990592326204014,0.6395920367607361,5
335654,2025-12-26 12:30:00,1.17774,0.8,0.00018047643526622066,0.0002922116601386557,0.6176222919392874,6
335656,2025-12-26 13:00:00,1.17771,0.43333333333333335,0.00021306174803146876,0.00029325071185257455,0.7265515117950709,4
335667,2025-12-26 15:45:00,1.1785,0.6666666666666666,0.00018241670641362982,0.00030892938276300727,0.5904802734596772,9
335675,2025-12-26 17:45:00,1.17631,0.7,0.00026003767268277745,0.0003434241234367616,0.7571910501816014,13
335678,2025-12-26 18:30:00,1.17636,0.7666666666666667,0.00021057130555935657,0.00033975128494063473,0.6197807481321227,11
335682,2025-12-26 19:30:00,1.17721,0.13333333333333333,0.0001933408725700459,0.000343707912432142,0.5625150471571324,6
335688,2025-12-26 21:00:00,1.17762,0.43333333333333335,0.0002110130783112262,0.00034227242544957603,0.616506217332757,4
335691,2025-12-26 21:45:00,1.17787,0.6666666666666666,0.00016826575966029248,0.0003423413683569606,0.49151453844994025,3
335696,2025-12-28 23:00:00,1.17715,0.5333333333333333,0.00017609501331649797,0.00034807787684091587,0.5059069393168579,5
335699,2025-12-28 23:45:00,1.17666,0.2,0.00023237091722187118,0.0003521721770983667,0.6598219062517442,13
335701,2025-12-29 00:15:00,1.17746,0.4666666666666667,0.00022126976104454443,0.0003536803742965191,0.6256206934994814,5
335704,2025-12-29 01:00:00,1.1772,0.3333333333333333,0.00021083283861929005,0.0003528986474353361,0.5974316993037563,8
335719,2025-12-29 04:45:00,1.17737,0.6,0.0002015071783731898,0.0003300179475877226,0.6105946050695527,3
335721,2025-12-29 05:15:00,1.1771,0.7333333333333333,0.00019293767670213214,0.00032549376209745984,0.5927538379195189,9
335726,2025-12-29 06:30:00,1.17555,0.3,0.0002449680622822238,0.0003339177002003326,0.7336180805487585,10
335730,2025-12-29 07:30:00,1.17623,0.3333333333333333,0.00020314430206294903,0.00034420715188950365,0.5901803636205729,14
335760,2025-12-29 15:00:00,1.17694,0.4666666666666667,0.0002245765977923131,0.00036344616237848665,0.6179088432867889,13
335768,2025-12-29 17:00:00,1.17671,0.9666666666666667,0.00026350296649138387,0.0003915993436073085,0.672889193490635,15
335776,2025-12-29 19:00:00,1.17516,0.4666666666666667,0.0002592509255618534,0.00037620536477033883,0.6891207564786261,7
335781,2025-12-29 20:15:00,1.17585,0.36666666666666664,0.00015894606515727585,0.00037450461786901523,0.4244168364643984,11
335782,2025-12-29 20:30:00,1.17609,0.43333333333333335,0.0001567109346384932,0.00037536149973609116,0.41749336239511353,10
335783,2025-12-29 20:45:00,1.17638,0.36666666666666664,0.00019077355142296234,0.00037653270762339587,0.5066586449477108,14
335792,2025-12-29 23:00:00,1.17724,0.26666666666666666,0.00013038610411105704,0.00037575377428292634,0.3469987875966934,10
335793,2025-12-29 23:15:00,1.17719,0.06666666666666667,0.00020228867770678816,0.0003757220033123962,0.5383998699128464,17
335794,2025-12-29 23:30:00,1.1772,0.4,0.00021017923925272333,0.0003732127904567456,0.563161940391972,11
335802,2025-12-30 01:30:00,1.17742,0.3,0.00018129920723479294,0.0003660879480055715,0.49523402292400437,9
335811,2025-12-30 03:45:00,1.17732,0.13333333333333333,0.00015913057411064607,0.00036474497116534336,0.4362790077742024,12
335820,2025-12-30 06:00:00,1.17767,0.13333333333333333,0.00017749705049490563,0.000361621183871223,0.4908369819344271,10
335868,2025-12-30 18:00:00,1.17644,0.5333333333333333,0.0002190035334145613,0.0003035695202538925,0.7214279392456666,13
335873,2025-12-30 19:15:00,1.1758,0.5666666666666667,0.0001762880923311405,0.00029614700861077455,0.5952722371166531,12
335880,2025-12-30 21:00:00,1.17462,0.5333333333333333,0.00016651614726911248,0.00029882967314796155,0.5572276190479392,11
335893,2025-12-31 00:15:00,1.17485,0.0,0.00016571289109920112,0.0002985202084714353,0.5551144826935822,7
335896,2025-12-31 01:00:00,1.17452,0.36666666666666664,0.00016783078041146502,0.0002926980278313769,0.5733922488475126,9
335898,2025-12-31 01:30:00,1.17468,0.1,0.00012395079155482944,0.0002926347177852609,0.4235683055411973,7
335902,2025-12-31 02:30:00,1.17466,0.1,0.00015361467305671328,0.00029234047403656324,0.5254649516559947,7
335910,2025-12-31 04:30:00,1.17415,0.03333333333333333,0.00011749542348669089,0.00029112106474687435,0.40359643363097586,6
335941,2025-12-31 12:15:00,1.17406,0.2,0.00023212579736547057,0.00029981132045789344,0.7742396017967278,7
335956,2025-12-31 16:00:00,1.17298,0.7666666666666667,0.0002444568360638935,0.0003226095958453438,0.7577481860802553,13
335972,2025-12-31 20:00:00,1.17355,0.5,0.00025332643724452813,0.000336979507160462,0.7517562102786857,5
335973,2025-12-31 20:15:00,1.17407,0.6,0.00017092018896540292,0.0003409261350023032,0.5013408225926952,10
335977,2025-12-31 21:15:00,1.17433,0.2,0.0002042119991215503,0.000339956514261197,0.6007003559421402,7
335996,2026-01-02 02:00:00,1.17558,0.16666666666666666,0.00020359408667843532,0.00035402966885266375,0.5750763413084594,13
336010,2026-01-02 05:30:00,1.17579,0.6666666666666666,0.00017451474961241177,0.0003574614609317136,0.48820577512760066,10
336012,2026-01-02 06:00:00,1.17552,0.5,0.0002052015295673964,0.00035704120290148495,0.5747278686600654,13
336017,2026-01-02 07:15:00,1.17467,0.9,0.00020068051840821456,0.00036077352306595605,0.5562506824302804,10
336018,2026-01-02 07:30:00,1.17433,0.8,0.0002080386728441996,0.0003624502822756944,0.5739785096537928,7
336047,2026-01-02 14:45:00,1.17193,0.5666666666666667,0.0002478793791580464,0.00035369052871551173,0.7008369154194295,9
336054,2026-01-02 16:30:00,1.1735,0.23333333333333334,0.00027984870487243095,0.00034477776460885653,0.8116785175804876,13
336074,2026-01-02 21:30:00,1.17206,0.6333333333333333,0.00021712358137813552,0.00033360677489690133,0.650836846599521,5
336089,2026-01-05 01:15:00,1.17076,0.23333333333333334,0.00018527823145557287,0.00032959055769369076,0.5621466608511388,7
336093,2026-01-05 02:15:00,1.1703,0.26666666666666666,0.0002299591753431663,0.0003273674884633463,0.7024496428236907,8
336096,2026-01-05 03:00:00,1.17,0.7,0.0001951487118083627,0.00032922391914910835,0.5927537473970055,9
336102,2026-01-05 04:30:00,1.16732,0.8,0.00042441312461155307,0.0003519766504949116,1.2057990892713737,4
336116,2026-01-05 08:00:00,1.16908,0.36666666666666664,0.00026611634935278005,0.00035600849249690654,0.7475000034025661,8
336123,2026-01-05 09:45:00,1.16827,0.5333333333333333,0.00027277465493265497,0.0003788548089016794,0.7199978686384989,9
336129,2026-01-05 11:15:00,1.16846,0.1,0.000183287690896839,0.0003846718224388989,0.4764780787289205,6
336168,2026-01-05 21:00:00,1.17266,0.3333333333333333,0.00020466346449320345,0.00042731484855780126,0.4789523817951751,10
336171,2026-01-05 21:45:00,1.17265,0.4666666666666667,0.00017137086409544497,0.0004245367906118383,0.40366551942051226,10
336174,2026-01-05 22:30:00,1.17225,0.43333333333333335,0.00022382409228889432,0.000420913442053658,0.5317580051538512,7
336186,2026-01-06 01:30:00,1.17123,0.4,0.00016849100047984216,0.0004078717586358531,0.41309798217794846,8
336188,2026-01-06 02:00:00,1.17164,0.13333333333333333,0.00020908916584150858,0.0004085250357395949,0.5118148156158238,7
336189,2026-01-06 02:15:00,1.1713,0.8333333333333334,0.00021220462062349237,0.0004099413780971312,0.5176462586150861,7
336191,2026-01-06 02:45:00,1.17199,0.7,0.0001608186304928489,0.00041285706241299457,0.38952617051752575,4
336230,2026-01-06 12:30:00,1.17084,0.43333333333333335,0.00032213493443674973,0.00039619805744655365,0.8130654060064519,9
336243,2026-01-06 15:45:00,1.17083,0.3333333333333333,0.00032231425322818325,0.00036501341395644526,0.8830202970750082,12
336244,2026-01-06 16:00:00,1.17086,0.7,0.0002514455501453159,0.00036051491364282495,0.6974622702971783,13
336252,2026-01-06 18:00:00,1.16877,0.4,0.0004306816850142831,0.00036061304919240576,1.1943042160531803,7
336256,2026-01-06 19:00:00,1.17003,0.3,0.00028686317522000224,0.0003641974066983776,0.7876584784624172,8
336266,2026-01-06 21:30:00,1.16894,0.7666666666666667,0.00019250193193692477,0.00035440827298011514,0.5431643294278446,3
336272,2026-01-06 23:00:00,1.16855,0.26666666666666666,0.00020173494712115856,0.0003588299638617344,0.5622020662658255,3
336280,2026-01-07 01:00:00,1.16866,0.43333333333333335,0.0002780921228029472,0.0003589634091509657,0.7747088302417829,4
336283,2026-01-07 01:45:00,1.16903,0.4,0.00023612649311639976,0.0003607260078360346,0.654586827639357,6
336305,2026-01-07 07:15:00,1.16925,0.2,0.0002466974995044126,0.00034730366354351975,0.7103221917885112,8
336324,2026-01-07 12:00:00,1.16879,0.6333333333333333,0.00027613476955844196,0.00033442877851218815,0.825690811618888,10
336332,2026-01-07 14:00:00,1.16874,0.16666666666666666,0.0002581636490146801,0.000331555897753867,0.7786429098791958,8
336343,2026-01-07 16:45:00,1.16947,0.4666666666666667,0.00030857008925406175,0.0003471439581217571,0.8888822116438334,13
336350,2026-01-07 18:30:00,1.1689,0.13333333333333333,0.00024144365632599446,0.0003247553135393944,0.7434632976273263,7
336356,2026-01-07 20:00:00,1.16826,0.6333333333333333,0.00029097070446432367,0.0003230491905457914,0.9007009241308696,8
336380,2026-01-08 02:00:00,1.16753,0.7666666666666667,0.00016888849502644961,0.0003099348088817242,0.5449161894264675,3
336383,2026-01-08 02:45:00,1.16727,1.0,0.00013919915175501272,0.00030841690559098,0.4513343763964012,3
336397,2026-01-08 06:15:00,1.16787,0.4666666666666667,0.00013372120471246495,0.00029461157479304423,0.4538898541457513,3
336406,2026-01-08 08:30:00,1.16789,0.4666666666666667,0.00020666742468489622,0.00030030749808959294,0.6881860293186539,6
336409,2026-01-08 09:15:00,1.16763,0.5666666666666667,0.00020021847967625046,0.00029862047201676295,0.6704780764830192,8
336412,2026-01-08 10:00:00,1.16708,0.5,0.0003051997629246915,0.0002888441372415403,1.056624399024842,7
336427,2026-01-08 13:45:00,1.16721,0.4666666666666667,0.00016281667318581,0.00028510143507675046,0.5710833168622217,5
336435,2026-01-08 15:45:00,1.16618,0.8666666666666667,0.0003488205224770191,0.0002591084917341054,1.3462334643782163,8
336439,2026-01-08 16:45:00,1.16672,0.7666666666666667,0.00024830509330577304,0.00026098766204324527,0.9514054854617198,8
336448,2026-01-08 19:00:00,1.16501,0.1,0.00021952938191600353,0.00023849085938714852,0.9204939027018879,6
336456,2026-01-08 21:00:00,1.16497,0.5666666666666667,0.00019437922239548547,0.0002381778771274616,0.8161094755725901,3
336487,2026-01-09 04:45:00,1.16569,0.3333333333333333,0.0001854535079354811,0.00024834663972747806,0.7467526363110352,3
336499,2026-01-09 07:45:00,1.16513,0.6666666666666666,0.00019802487436857834,0.000247329538928215,0.8006519367913152,3
336506,2026-01-09 09:30:00,1.16452,0.4,0.0003135786151855805,0.00026442237408961903,1.1859004604478032,4
336518,2026-01-09 12:30:00,1.16446,0.23333333333333334,0.0002476902668948829,0.0002665219993262892,0.9293426716030613,4
336521,2026-01-09 13:15:00,1.16436,0.3,0.0002412440822207992,0.00026523513832865734,0.9095479721916392,4
336525,2026-01-09 14:15:00,1.16431,0.3333333333333333,0.0002938470716616259,0.00026065765678257247,1.127329522135382,4
336526,2026-01-09 14:30:00,1.16376,0.8333333333333334,0.00022310899578014293,0.0002657345969817555,0.8395933322730307,4
336533,2026-01-09 16:15:00,1.16254,0.7,0.0003534166859886839,0.00035702708575865625,0.9898876026105959,12
336556,2026-01-09 22:00:00,1.16342,0.9333333333333333,0.00014689183796434363,0.0003672542249564978,0.39997317384638215,3
336557,2026-01-09 22:15:00,1.16349,0.8,0.00018589022185018012,0.00036651782047152445,0.5071792187649504,3
336564,2026-01-12 00:00:00,1.1628,0.4,0.00017105473176507783,0.0003655720645706611,0.46790974569123517,2
336571,2026-01-12 01:45:00,1.16585,0.4666666666666667,0.0003117506657437891,0.0004526980640449965,0.6886503179585107,16
336580,2026-01-12 04:00:00,1.16543,0.4666666666666667,0.0002491865940066972,0.0004681937060589658,0.5322296963456272,10
336600,2026-01-12 09:00:00,1.16846,0.26666666666666666,0.0003411905805079385,0.00048569188009222046,0.7024836001852761,11
336615,2026-01-12 12:45:00,1.16816,0.5333333333333333,0.00020999745122595348,0.0004933928934339206,0.42561912427317544,19
336628,2026-01-12 16:00:00,1.16764,0.7666666666666667,0.00029093640169636134,0.00047917695055572495,0.6071585900760631,19
336632,2026-01-12 17:00:00,1.16806,0.6,0.00023561872773212764,0.0004663745642289853,0.5052135039175104,14
336634,2026-01-12 17:30:00,1.1677,0.7,0.00014054733355755179,0.0004636874600483154,0.3031079027733616,14
336635,2026-01-12 17:45:00,1.16778,0.8333333333333334,0.00012879486375795763,0.00046016022637263026,0.27989134300725427,13
336637,2026-01-12 18:15:00,1.16725,0.5333333333333333,0.00024423777045972864,0.0004556254733686975,0.5360494193925117,15
336663,2026-01-13 00:45:00,1.16672,0.2,0.00018887158855282726,0.00045471918116684663,0.4153587452989498,7
336665,2026-01-13 01:15:00,1.16644,0.6666666666666666,0.00027730951068275894,0.0004514732767059803,0.6142323920167602,8
336668,2026-01-13 02:00:00,1.16633,0.13333333333333333,0.00013044816182907184,0.0004067833910974333,0.32068212391156037,4
336686,2026-01-13 06:30:00,1.16661,0.36666666666666664,0.00018546426375274733,0.0003551023282150188,0.5222839982069801,10
336690,2026-01-13 07:30:00,1.16548,0.8,0.000186996385838471,0.00035286834625508667,0.5299324459760193,8
336693,2026-01-13 08:15:00,1.16569,0.9333333333333333,0.00018135430777305544,0.0003505899527480302,0.5172832431492844,8
336697,2026-01-13 09:15:00,1.16661,0.4,0.00020385970691913732,0.0003452340545088518,0.5904970968439337,12
336708,2026-01-13 12:00:00,1.1666,0.3333333333333333,0.00018467694899391052,0.00031283032128833437,0.5903422284430497,11
336721,2026-01-13 15:15:00,1.16673,0.5333333333333333,0.00023672829712367962,0.0003085418309116401,0.767248630191326,19
336723,2026-01-13 15:45:00,1.16606,0.5,0.0003040449100804442,0.0003172959609963627,0.9582375682491893,15
336726,2026-01-13 16:30:00,1.16475,0.5333333333333333,0.00043900406635021406,0.00031643300063912517,1.3873523477751128,12
336739,2026-01-13 19:45:00,1.16507,0.36666666666666664,0.00019385673646951274,0.000335814487877375,0.5772732966193552,9
336754,2026-01-13 23:30:00,1.16422,0.43333333333333335,0.0001558694173568052,0.0003404998516363773,0.4577664765718003,4
336771,2026-01-14 03:45:00,1.16408,0.13333333333333333,0.00013661124230140328,0.00034267822290395155,0.3986574960723247,8
336775,2026-01-14 04:45:00,1.16473,0.4,0.00017826182825073582,0.00034429363682225234,0.5177610306599033,10
336781,2026-01-14 06:15:00,1.16425,0.6666666666666666,0.00014817667852397436,0.00033953319052880377,0.43641294181931833,9
336784,2026-01-14 07:00:00,1.16415,0.8333333333333334,0.0001756096495418706,0.00033695482974736206,0.5211667382050499,11
336806,2026-01-14 12:30:00,1.16474,0.5666666666666667,0.0001619042840358247,0.0003244575893282962,0.4989998365302683,11
336809,2026-01-14 13:15:00,1.16464,0.4666666666666667,0.00020070915280177265,0.00032394977195472407,0.6195687423722719,11
336814,2026-01-14 14:30:00,1.16494,0.3333333333333333,0.00029660145002920977,0.0003506660184044472,0.845823189195136,16
336824,2026-01-14 17:00:00,1.16594,0.16666666666666666,0.00017201220497555143,0.0003094254807707257,0.5559083387285966,20
336854,2026-01-15 00:30:00,1.16445,0.7,0.00015913228490091916,0.0002633710883342991,0.6042131879674326,9
336857,2026-01-15 01:15:00,1.16427,0.3,0.00016350369263711564,0.000261859564630768,0.6243945790854044,9
336864,2026-01-15 03:00:00,1.16382,0.43333333333333335,0.0001443080962639029,0.0002537686559884176,0.5686600486645181,9
336867,2026-01-15 03:45:00,1.16386,0.3333333333333333,0.00014636457711730922,0.00025779598428469336,0.5677535184398899,10
336869,2026-01-15 04:15:00,1.16371,0.5,0.00012286434429385648,0.0002589893474520979,0.47439921951454467,6
336872,2026-01-15 05:00:00,1.16383,0.7333333333333333,0.0001466151957011469,0.0002592964903959141,0.5654345551583956,9
336878,2026-01-15 06:30:00,1.16367,0.26666666666666666,0.00013138087361667274,0.0002595312579039378,0.5062236999032375,9
336909,2026-01-15 14:15:00,1.16228,0.3,0.000299790660194116,0.00028239888038028994,1.0615858667371683,9
336913,2026-01-15 15:15:00,1.16069,0.4,0.00036514390598671784,0.0002888823902638458,1.2639881082859357,14
336917,2026-01-15 16:15:00,1.16019,0.3,0.0002449470652493602,0.0003094107409770752,0.7916566324616015,10
336919,2026-01-15 16:45:00,1.16048,0.6,0.00026656403902963803,0.0003099237146577521,0.8600956507119952,11
336961,2026-01-16 03:15:00,1.16068,0.13333333333333333,0.00013404823319946573,0.00031199667352945214,0.4296463538634867,3
336962,2026-01-16 03:30:00,1.16087,0.43333333333333335,0.00016325835513630003,0.00031279069124404954,0.5219412204595325,3
336976,2026-01-16 07:00:00,1.16062,0.7666666666666667,0.00018417161671503658,0.000316822525399889,0.5813084675168778,4
336989,2026-01-16 10:15:00,1.16119,0.26666666666666666,0.0001731630810405371,0.0003148203388125265,0.5500377824815652,4
336995,2026-01-16 11:45:00,1.16161,0.23333333333333334,0.00012821591674864015,0.00031596372933823775,0.40579314916043924,8
337003,2026-01-16 13:45:00,1.16173,0.2,0.00015972610052560776,0.0003214770205589778,0.4968507554533112,8
337005,2026-01-16 14:15:00,1.16148,0.5,0.00024367891083607154,0.00032292437982632554,0.7546005382657277,8
337012,2026-01-16 16:00:00,1.16179,0.36666666666666664,0.00020705413443412917,0.0002661581852461349,0.7779363773563901,13
337017,2026-01-16 17:15:00,1.16044,0.6,0.00032023080362011925,0.00037699795275571824,0.8494231899121687,8
337022,2026-01-16 18:30:00,1.15987,0.3333333333333333,0.00022016120986343576,0.0003875717956008114,0.5680527127164742,5
337040,2026-01-18 23:00:00,1.15979,0.8333333333333334,0.00017986278732958944,0.0003793162375654633,0.4741763455316048,3
337041,2026-01-18 23:15:00,1.15798,0.7333333333333333,0.0004773071688141801,0.0004188718749056742,1.1395063679595698,17
337063,2026-01-19 04:45:00,1.16209,0.5333333333333333,0.0001788292920617061,0.0005370307061890085,0.3329964003934757,10
337085,2026-01-19 10:15:00,1.16175,0.5,0.00025977284791151717,0.0005722006200956065,0.45398910589805525,11
337092,2026-01-19 12:00:00,1.16237,0.3,0.0003024161129752802,0.0005805051120215565,0.5209534019814975,12
337101,2026-01-19 14:15:00,1.163,0.6333333333333333,0.000239083667286088,0.0005799700761730775,0.41223448779233135,21
337102,2026-01-19 14:30:00,1.16314,0.5333333333333333,0.0002163862338104389,0.000580028022501551,0.37306168911840853,20
337115,2026-01-19 17:45:00,1.16435,0.5333333333333333,0.00021385856401793518,0.0005144024460898435,0.41574173226342603,7
337123,2026-01-19 19:45:00,1.1645,0.13333333333333333,0.000151812034046679,0.000490816510370586,0.30930506785938167,6
337127,2026-01-19 20:45:00,1.16437,0.3,0.00013364227308267437,0.0004891485452878354,0.27321408674339137,6
337135,2026-01-19 22:45:00,1.16459,0.4,0.000153023081598918,0.00048773034527813445,0.3137452550992181,4
337150,2026-01-20 02:30:00,1.16404,0.26666666666666666,0.0001586570932534948,0.000322494296331281,0.49196867993756677,14
337154,2026-01-20 03:30:00,1.16438,0.43333333333333335,0.00016672200101796163,0.00031885098785142867,0.5228837525058795,5
337155,2026-01-20 03:45:00,1.16459,0.6666666666666666,0.00018094528577556414,0.00031767405372128534,0.5695941599760564,7
337159,2026-01-20 04:45:00,1.16554,0.36666666666666664,0.0001988742910180486,0.0003271568569042769,0.6078866660472819,13
337162,2026-01-20 05:30:00,1.16618,0.26666666666666666,0.00026655248845883754,0.00032544187975780436,0.8190479008331913,12
337187,2026-01-20 11:45:00,1.1725,0.3333333333333333,0.0005853041322299388,0.000367986133584902,1.5905602923891073,7
337192,2026-01-20 13:00:00,1.17344,0.9,0.00045501064937463577,0.0003819107899022071,1.191405588438983,5
337195,2026-01-20 13:45:00,1.17352,0.5333333333333333,0.0006662944890291561,0.00039111828505817084,1.7035626164347148,7
337202,2026-01-20 15:30:00,1.17258,0.26666666666666666,0.00035586861845113407,0.0004365815486569423,0.8151251914926185,8
337205,2026-01-20 16:15:00,1.17228,0.23333333333333334,0.00041767766154675854,0.00044184021227861644,0.9453138259932271,9
337235,2026-01-20 23:45:00,1.17245,0.43333333333333335,0.00030575900012699993,0.0004628283930531778,0.6606314666867661,2
337250,2026-01-21 03:30:00,1.17245,0.9,0.0002645533767939019,0.0004698676349006318,0.563038092312636,3
337270,2026-01-21 08:30:00,1.17233,0.5,0.00036019179849695497,0.0004909728312113277,0.7336287786195624,5
337286,2026-01-21 12:30:00,1.17121,0.3,0.00032315924376829375,0.00043079080335291735,0.7501535345069833,9
337296,2026-01-21 15:00:00,1.17388,0.16666666666666666,0.0004509975786509376,0.00041161198485828833,1.0956862172179198,3
337298,2026-01-21 15:30:00,1.17237,0.6333333333333333,0.0003716243818910953,0.00041047957349559276,0.9053419606885392,10
337305,2026-01-21 17:15:00,1.17077,0.16666666666666666,0.00020652392292389946,0.00043713794469898076,0.47244565572113556,6
337321,2026-01-21 21:15:00,1.16843,0.3333333333333333,0.0003244296943027889,0.00046920732596943354,0.6914420904074372,4
337325,2026-01-21 22:15:00,1.16857,0.36666666666666664,0.00031454863742879095,0.0004664465132898105,0.6743509244185453,3
337326,2026-01-21 22:30:00,1.16838,0.26666666666666666,0.00025932204358387244,0.00046670636938110144,0.555642820833491,3
337330,2026-01-21 23:30:00,1.16848,0.3,0.000266422523551428,0.00047040828077031164,0.5663644422142206,3
337340,2026-01-22 02:00:00,1.16869,0.5666666666666667,0.00032116214046863455,0.00048042033002430407,0.6685023934195025,5
337344,2026-01-22 03:00:00,1.16883,0.7333333333333333,0.00022965729444506035,0.00047790420519591833,0.480550896912304,3
337355,2026-01-22 05:45:00,1.16903,0.8,0.00029571925430747764,0.00046764694365711653,0.632355793870647,6
337359,2026-01-22 06:45:00,1.16866,0.4,0.0002772983000837288,0.0004663887624143121,0.5945647117401887,3
337362,2026-01-22 07:30:00,1.16897,0.5666666666666667,0.0002770794038173009,0.0004666628842384616,0.593746392043716,4
337374,2026-01-22 10:30:00,1.16924,0.7,0.0002511082777406992,0.00044016256933098483,0.570489849062735,3
337377,2026-01-22 11:15:00,1.16881,0.9333333333333333,0.00026856518607535924,0.00044100244305459715,0.6089879779693426,3
337394,2026-01-22 15:30:00,1.17139,0.16666666666666666,0.0002332243693833825,0.00042496031132015856,0.548814473188944,6
337396,2026-01-22 16:00:00,1.17191,0.16666666666666666,0.00033075053001395405,0.0004016289147010815,0.8235227044350635,6
337401,2026-01-22 17:15:00,1.17449,0.26666666666666666,0.0003674180886724521,0.0004052719614260213,0.9065963689657345,5
337422,2026-01-22 22:30:00,1.17543,0.0,7.8516887233477e-05,0.00031380123840218916,0.2502121649782796,3
337424,2026-01-22 23:00:00,1.17528,0.0,8.77561667820468e-05,0.00031392772621093154,0.27954258083939504,3
337425,2026-01-22 23:15:00,1.17523,0.8666666666666667,0.00010555349383098287,0.00031307751248469437,0.33714811706938913,4
337455,2026-01-23 06:45:00,1.17519,0.13333333333333333,0.00019342333006013682,0.0002724436609896323,0.7099571682363255,5
337457,2026-01-23 07:15:00,1.17475,0.16666666666666666,0.00016138396214844213,0.00027265805331842005,0.5918914192494877,4
337507,2026-01-23 19:45:00,1.17883,0.8,0.00033319291562945805,0.0004608919456585156,0.7229306538507566,3
337511,2026-01-23 20:45:00,1.17976,0.0,0.00016979268136405311,0.00046744798819895134,0.3632333129045094,2
337517,2026-01-23 22:15:00,1.18282,0.6,0.0007602693722280627,0.0004956244624664089,1.533962566021628,8
337520,2026-01-25 23:00:00,1.18271,0.0,0.0004238083629783083,0.0004953841010887022,0.8555146643723681,2
337524,2026-01-26 00:00:00,1.18885,0.06666666666666667,0.0009529744810775139,0.0005911349995518162,1.6121097241747406,11
337529,2026-01-26 01:15:00,1.1849,0.13333333333333333,0.0004905017097178243,0.0006820060347276622,0.7192043541281725,3
337536,2026-01-26 03:00:00,1.18572,0.26666666666666666,0.0007241906016707548,0.0006859279505543493,1.0557823180779884,3
337540,2026-01-26 04:00:00,1.18672,0.23333333333333334,0.00049263024901802,0.0007068394860034054,0.6969478343710508,3
337556,2026-01-26 08:00:00,1.18513,1.0,0.0004535185984202623,0.0007371243109343319,0.6152538882422843,2
337567,2026-01-26 10:45:00,1.1866,0.5,0.0005260705947875977,0.0007504534288974751,0.7010036526323447,2
337583,2026-01-26 14:45:00,1.18466,0.13333333333333333,0.0003941226692911581,0.0007635206742573267,0.5161912212456061,7
337618,2026-01-26 23:30:00,1.18777,0.3,0.0004368645886488182,0.0006993432574462544,0.6246783450005478,2
337628,2026-01-27 02:00:00,1.18767,0.2,0.0004102828155109412,0.0005217898098396435,0.7862990188271967,3
337648,2026-01-27 07:00:00,1.18763,0.36666666666666664,0.00033685381856235047,0.0004978313135320003,0.6766424879392359,7
337659,2026-01-27 09:45:00,1.18511,0.8333333333333334,0.0003487286188936489,0.0004545629177341344,0.7671734875162297,5
337685,2026-01-27 16:15:00,1.19657,0.43333333333333335,0.0010156011155475087,0.0005633378160122951,1.8028278710927916,5
337713,2026-01-27 23:15:00,1.20363,0.0,0.0007688870065017449,0.0007985487806553888,0.9628554011073691,2
337717,2026-01-28 00:15:00,1.20296,0.06666666666666667,0.0007365644723890374,0.0008047399499859235,0.9152825983125621,3
337738,2026-01-28 05:30:00,1.19928,0.13333333333333333,0.0004361124674899224,0.0008240146744171005,0.5292532779205952,2
337741,2026-01-28 06:15:00,1.19838,0.7,0.0006305301181457948,0.0008369237255055209,0.7533901823191119,7
337743,2026-01-28 06:45:00,1.19933,0.2,0.0006532090787785768,0.0008386966922661569,0.7788382675191041,5
337766,2026-01-28 12:30:00,1.19685,0.6,0.00044585926561981786,0.0009084211112786774,0.4908068076403842,4
337767,2026-01-28 12:45:00,1.19663,0.06666666666666667,0.00048123718022846917,0.0009081750043840069,0.5298947646713539,5
337773,2026-01-28 14:15:00,1.19721,0.36666666666666664,0.000575287172111688,0.0009060500432928154,0.6349397324908773,6
337796,2026-01-28 20:00:00,1.19213,0.5,0.0006736413718105563,0.0008879465045826374,0.7586508515253279,4
337813,2026-01-29 00:15:00,1.19592,0.06666666666666667,0.0003113089011770816,0.0008152159988513495,0.38187290437837346,5
337823,2026-01-29 02:45:00,1.19619,0.7666666666666667,0.0002491833577500663,0.0008190671728057613,0.3042282318512101,3
337829,2026-01-29 04:15:00,1.19783,0.0,0.00034875642801021194,0.0008154496469566839,0.4276860371597385,2
337830,2026-01-29 04:30:00,1.19782,0.43333333333333335,0.00035354861200929185,0.0008153665118948261,0.43360698146368803,2
337831,2026-01-29 04:45:00,1.19806,0.5666666666666667,0.00035136293136696204,0.0008153665118948255,0.43092637021654445,2
337835,2026-01-29 05:45:00,1.19818,0.0,0.0003767630637872762,0.000814538803183533,0.4625477169592661,5
337858,2026-01-29 11:30:00,1.1953,0.8,0.000477538121043894,0.0007329296548727977,0.6515470043667045,4
337864,2026-01-29 13:00:00,1.19467,0.9,0.00037101961725725534,0.0007067153219442738,0.5249916136479508,3
337872,2026-01-29 15:00:00,1.19555,0.8666666666666667,0.0005167156356744203,0.0007073607630171669,0.7304838813371956,5
337875,2026-01-29 15:45:00,1.1968,0.2,0.00040902514365122924,0.0007041442904094006,0.5808825679938633,5
337882,2026-01-29 17:30:00,1.19358,0.26666666666666666,0.0005081721532116025,0.0007816088645225893,0.6501617065487053,3
337883,2026-01-29 17:45:00,1.19437,0.5666666666666667,0.0005256968550214642,0.000773221879073615,0.6798784013345475,3
337893,2026-01-29 20:15:00,1.19501,0.3333333333333333,0.0005345285115718436,0.0007651011817961589,0.6986376760221169,4
337909,2026-01-30 00:15:00,1.19699,0.0,0.0003665143407087755,0.0006719565306048805,0.5454435279895968,3
337920,2026-01-30 03:00:00,1.19166,0.7333333333333333,0.0004754069190943629,0.0007277917340014287,0.6532183547627783,10
337934,2026-01-30 06:30:00,1.1924,0.8666666666666667,0.0003831218823200164,0.0007501443727315552,0.5107308622804526,7
337941,2026-01-30 08:15:00,1.1918,0.9333333333333333,0.0003142280867175092,0.0007643840735765989,0.411086648165257,7
337949,2026-01-30 10:15:00,1.19255,0.7666666666666667,0.00030520135170962655,0.0007658885072850103,0.3984931864189103,5
337959,2026-01-30 12:45:00,1.19353,0.5666666666666667,0.0004685899427855139,0.0007714952745660136,0.6073788890659221,9
337974,2026-01-30 16:30:00,1.18952,0.3333333333333333,0.0005085346069110145,0.0008201420339312198,0.6200567534301774,12
337990,2026-01-30 20:30:00,1.18718,0.9,0.00042820496732691254,0.0007185781344095483,0.5959059242440855,7
338046,2026-02-02 10:30:00,1.18562,0.2,0.000461601876201393,0.000692591518817241,0.6664850256752842,8
338069,2026-02-02 16:15:00,1.18064,0.36666666666666664,0.0007250748283590574,0.0006752179452173361,1.0738382080850555,8
338075,2026-02-02 17:45:00,1.1806,0.06666666666666667,0.0002944873734011675,0.0006617696174877934,0.4449998392478322,3
338117,2026-02-03 04:15:00,1.18014,0.9333333333333333,0.00032796265595898136,0.0005193060834275585,0.631540177219455,3
338125,2026-02-03 06:15:00,1.18061,0.36666666666666664,0.00048506532816906865,0.0005063871202141953,0.9578942844436726,3
338130,2026-02-03 07:30:00,1.1815,0.2,0.00042700467995211336,0.000506080888321156,0.8437478865653956,3
338143,2026-02-03 10:45:00,1.18003,0.26666666666666666,0.00038181857410513975,0.0005006799784007327,0.7626000450921586,3
338157,2026-02-03 14:15:00,1.18045,0.13333333333333333,0.00043850575757937933,0.000498111216703357,0.8803370469782559,3
338158,2026-02-03 14:30:00,1.17959,0.3,0.00040172435465412373,0.0005005992939434007,0.8024868582805951,3
338159,2026-02-03 14:45:00,1.17966,0.4666666666666667,0.000578280656057098,0.0005002504423291533,1.1559822983156958,4
338171,2026-02-03 17:45:00,1.1817,0.1,0.00042035950103855773,0.00047373909672105444,0.887322798451808,9
338180,2026-02-03 20:00:00,1.18085,0.4,0.00046174487060168996,0.0004153814399304839,1.1116165196956447,3
338182,2026-02-03 20:30:00,1.18109,0.7,0.000293301071704681,0.0004136221430443767,0.709103892615375,4
338191,2026-02-03 22:45:00,1.18233,0.43333333333333335,0.00028603929605872764,0.0003965013300921332,0.7214081627223343,6
338213,2026-02-04 04:15:00,1.18235,0.7333333333333333,0.00033291365893574007,0.0004086942583852456,0.8145787519772965,6
338235,2026-02-04 09:45:00,1.1828,0.6666666666666666,0.0003120282749565552,0.0003999401802020189,0.7801873640176453,5
338251,2026-02-04 13:45:00,1.18232,0.6,0.00042077598041989135,0.00039421228569287844,1.0673842386224057,6
338263,2026-02-04 16:45:00,1.18031,0.23333333333333334,0.0002548229457388403,0.00041050510021473714,0.6207546400898338,7
338277,2026-02-04 20:15:00,1.17988,0.36666666666666664,0.0003344455163382648,0.0004224253534855665,0.7917269017558914,6
338279,2026-02-04 20:45:00,1.18028,0.4,0.00032974482624140866,0.00042241272102889587,0.7806223861777399,6
338293,2026-02-05 00:15:00,1.18059,0.5666666666666667,0.00030365316598523334,0.0004197872370077957,0.723350162214661,6
338308,2026-02-05 04:00:00,1.17853,1.0,0.0003823415245192909,0.0004191944261820891,0.9120863748155132,8
338326,2026-02-05 08:30:00,1.17996,0.1,0.0003501840677799958,0.00041786383264696356,0.8380339249792224,8
338335,2026-02-05 10:45:00,1.17865,0.8333333333333334,0.0002927165100794866,0.0004311355819359012,0.6789430572283548,9
338339,2026-02-05 11:45:00,1.17897,0.26666666666666666,0.00030650200870425525,0.0004308909295447631,0.711321561185043,5
338373,2026-02-05 20:15:00,1.17947,0.7333333333333333,0.00040836484711097336,0.00043133311996829837,0.9467505002652866,8
338380,2026-02-05 22:00:00,1.17805,0.9666666666666667,0.00028563196665823924,0.0004335038396860473,0.6588914341914479,9
338401,2026-02-06 03:15:00,1.17873,0.23333333333333334,0.0003953278833344793,0.0004356924552007067,0.907355357237864,8
338403,2026-02-06 03:45:00,1.17885,0.13333333333333333,0.00034011080860864924,0.000436124747553991,0.7798475333403191,7
338411,2026-02-06 05:45:00,1.17947,0.06666666666666667,0.0002181057911121243,0.0004224625240492904,0.5162725181433537,4
338415,2026-02-06 06:45:00,1.17952,0.5,0.00020918511518634958,0.0004226412303972123,0.49494725109935545,4
338436,2026-02-06 12:00:00,1.17917,0.7333333333333333,0.0002598655616885696,0.0004063575224823031,0.6394998180448025,5
338437,2026-02-06 12:15:00,1.17898,0.8333333333333334,0.00027038620697125807,0.00040386220817946813,0.6695011355236882,7
338438,2026-02-06 12:30:00,1.17914,0.3333333333333333,0.00032128281036429573,0.00040411779561835614,0.7950226737050482,6
338446,2026-02-06 14:30:00,1.18005,0.06666666666666667,0.0002124100164724262,0.0004108892012706685,0.5169520537788569,6
338461,2026-02-06 18:15:00,1.1811,0.8666666666666667,0.00019887609349932402,0.00034062277539058725,0.583860234452249,11
338471,2026-02-06 20:45:00,1.18182,0.6,0.00023051044611804129,0.0003219579043195987,0.7159645501022394,11
338476,2026-02-06 22:00:00,1.18216,0.13333333333333333,0.0001560865557981328,0.000315280600344165,0.4950718681319003,11
338483,2026-02-08 23:45:00,1.18124,0.6666666666666666,0.00015893230798883995,0.00030760629129762115,0.5166744389992554,15
338495,2026-02-09 02:45:00,1.18293,0.4666666666666667,0.00014887613331359594,0.00031777896575195893,0.4684895772170163,6
338498,2026-02-09 03:30:00,1.18212,0.4,0.0002171219285640111,0.0003244572434171276,0.6691850250508218,10
338502,2026-02-09 04:30:00,1.18224,0.3333333333333333,0.00018641821936632953,0.0003235662731955908,0.5761361266897017,5
338503,2026-02-09 04:45:00,1.18222,0.16666666666666666,0.00015521859141215624,0.00032318901224983123,0.4802718704191878,5
338515,2026-02-09 07:45:00,1.18537,0.43333333333333335,0.00039900976637752814,0.0003446168590076518,1.1578358862839866,10
338523,2026-02-09 09:45:00,1.18584,0.1,0.00026376251093619083,0.00036244969112144825,0.7277217153092022,6
338551,2026-02-09 16:45:00,1.19079,0.8333333333333334,0.0006512727069441644,0.0003816296097859961,1.706557065394832,9
338557,2026-02-09 18:15:00,1.19023,0.5333333333333333,0.0003466913672980359,0.00038670840892237755,0.8965188221899407,6
338559,2026-02-09 18:45:00,1.19075,0.1,0.00035729310173608127,0.000390394775590153,0.9152097417184119,5
338573,2026-02-09 22:15:00,1.19117,0.1,0.00027791553474751574,0.00039162109875661116,0.7096541417964757,6
338579,2026-02-09 23:45:00,1.19099,0.3333333333333333,0.00027805396756734325,0.00039558423767000226,0.7028944560710653,3
338582,2026-02-10 00:30:00,1.19056,0.26666666666666666,0.0003253331967242261,0.00040057284763782253,0.8121698678348158,3
338590,2026-02-10 02:30:00,1.18972,0.13333333333333333,0.0002115319717800962,0.0003989810253456481,0.5301805307579234,2
338593,2026-02-10 03:15:00,1.19073,0.0,0.000282454103258836,0.0004035015345938031,0.7000075068938136,2
338601,2026-02-10 05:15:00,1.19091,0.3333333333333333,0.00031750625878206837,0.00040125583392742814,0.7912813520351037,2
338613,2026-02-10 08:15:00,1.19054,0.7666666666666667,0.0002645428219973459,0.00039169925100052247,0.6753722947430222,3
338618,2026-02-10 09:30:00,1.19073,0.8333333333333334,0.00034484773237257856,0.0003838846862024941,0.8983107291512951,3
338620,2026-02-10 10:00:00,1.19086,0.9,0.0001642584800720215,0.0003886436062359619,0.4226455226238644,2
338624,2026-02-10 11:00:00,1.1914,0.13333333333333333,0.0003335264646273796,0.00038370194278880586,0.8692331923139534,3
338631,2026-02-10 12:45:00,1.19023,0.6333333333333333,0.00024677960999366764,0.0003818277482634538,0.6463113566680713,7
338648,2026-02-10 17:00:00,1.19136,0.4,0.0003952324619878581,0.0004123340458546709,0.9585249289047543,7
338695,2026-02-11 04:45:00,1.191,0.0,0.00017471076491543775,0.00040877700888824824,0.4273987066704143,4
338698,2026-02-11 05:30:00,1.19128,0.6,0.00019474362365636574,0.0004063006476791133,0.47930916371605115,5
338705,2026-02-11 07:15:00,1.19214,0.13333333333333333,0.00035030739319712065,0.0004103887381947785,0.8535989431339072,7
338721,2026-02-11 11:15:00,1.19177,0.3,0.0002269060769087228,0.00040251956195362323,0.5637144088288212,5
338734,2026-02-11 14:30:00,1.18986,0.16666666666666666,0.00034989584272103057,0.0004114460700806947,0.8504051154320356,6
338740,2026-02-11 16:00:00,1.18597,0.43333333333333335,0.0004683675312984017,0.0005166436105719917,0.9065582574027342,15
338747,2026-02-11 17:45:00,1.18766,0.5,0.0004517287454142899,0.0005110843806640519,0.8838633354972789,6
338748,2026-02-11 18:00:00,1.18825,0.43333333333333335,0.0004914924755364912,0.0005122460151158224,0.9594852102956064,6
338750,2026-02-11 18:30:00,1.18908,0.6666666666666666,0.000372743826591002,0.0005118218797274056,0.7282686445322032,6
338762,2026-02-11 21:30:00,1.18764,0.6666666666666666,0.000377204110958788,0.0004974317471032793,0.758303250959314,3
338777,2026-02-12 01:15:00,1.18682,0.6666666666666666,0.00019572557061925776,0.0004959852489816847,0.39461974125461413,8
338807,2026-02-12 08:45:00,1.18713,0.6666666666666666,0.00026514099107851654,0.0005162316661632428,0.5136085375178703,3
338809,2026-02-12 09:15:00,1.18779,0.8666666666666667,0.00030039281342887197,0.000518087612284496,0.5798108395302031,4
338813,2026-02-12 10:15:00,1.18864,0.8,0.000260662224208707,0.000529871859346973,0.4919344547377048,5
338820,2026-02-12 12:00:00,1.18769,0.4666666666666667,0.00031056244132485666,0.0005311722746036498,0.5846736664796599,7
338833,2026-02-12 15:15:00,1.18775,0.4,0.0003749828061772303,0.0005349967364474054,0.7009067170526454,10
338847,2026-02-12 18:45:00,1.1864,0.7333333333333333,0.0002638435716091717,0.00041883592039293466,0.629944946846117,13
338854,2026-02-12 20:30:00,1.18665,0.36666666666666664,0.0001766860518924519,0.00041074771122589143,0.430157118502562,11
338869,2026-02-13 00:15:00,1.18703,0.4666666666666667,0.00019131198319375595,0.0004156715266647163,0.4602479865022595,10
338870,2026-02-13 00:30:00,1.1868,0.6,0.00016678781283294825,0.0004155988398370461,0.40131924549728,10
338872,2026-02-13 01:00:00,1.18685,0.6666666666666666,0.00017063909281960662,0.00041603423077359627,0.4101563770421275,12
338900,2026-02-13 08:00:00,1.18555,0.6666666666666666,0.0002469234054194275,0.0003920214382923486,0.6298721990690858,10
338907,2026-02-13 09:45:00,1.18578,0.16666666666666666,0.00022087199657894774,0.0003725082162672478,0.5929318789051569,8
338908,2026-02-13 10:00:00,1.1862,0.43333333333333335,0.0002074691020705796,0.00037118923862681336,0.5589308107047929,13
338960,2026-02-15 23:00:00,1.18678,0.23333333333333334,0.00020546087447514822,0.00039236866343283843,0.5236424149613998,11
338988,2026-02-16 06:00:00,1.18619,0.9666666666666667,0.000142617796732731,0.00038438780455070474,0.3710258105077791,6
338990,2026-02-16 06:30:00,1.18635,0.8,0.00011452054938800186,0.0003839717471666036,0.29825254132125484,4
339003,2026-02-16 09:45:00,1.18623,0.13333333333333333,0.00016130611345251174,0.00037537568842216536,0.4297191278703676,8
339007,2026-02-16 10:45:00,1.18641,0.43333333333333335,0.00017434236670065017,0.00037493237835364195,0.4649968281379203,9
339028,2026-02-16 16:00:00,1.18558,0.3,0.0002573468995866886,0.00036183233761906647,0.7112324489294842,10
339053,2026-02-16 22:15:00,1.18536,0.7666666666666667,8.049202191017676e-05,0.00020693175924538218,0.3889785802029951,4
339076,2026-02-17 04:00:00,1.18418,0.9,0.00015339256458825115,0.00018551186368037713,0.826861212782245,3
339096,2026-02-17 09:00:00,1.18323,0.1,0.0002790465327642764,0.00019116481189701502,1.4597170368080363,8
339120,2026-02-17 15:00:00,1.18215,0.7333333333333333,0.00027364366395089997,0.0002503202723535278,1.0931742019057589,6
339122,2026-02-17 15:30:00,1.18203,0.6666666666666666,0.00024309365830497753,0.0002525146664447741,0.9626912437505606,7
339134,2026-02-17 18:30:00,1.18392,0.4666666666666667,0.00026892454769148383,0.0003061401036868613,0.8784361945815378,11
339138,2026-02-17 19:30:00,1.18479,0.4,0.00033487177227332356,0.0003186835870422929,1.050797047257041,14
339162,2026-02-18 01:30:00,1.18513,0.5,0.00016800005681035632,0.00032968109364628465,0.5095835340518612,9
339173,2026-02-18 04:15:00,1.18448,0.8,0.00015386773025327047,0.0003303547360141577,0.4657651714327967,6
339191,2026-02-18 08:45:00,1.18349,0.5,0.00020879017921750172,0.0003360365443320561,0.6213317650689346,6
339197,2026-02-18 10:15:00,1.18357,0.43333333333333335,0.00022906713620328317,0.0003343359576813786,0.6851405926896551,9
339198,2026-02-18 10:30:00,1.1834,0.4,0.00023050254042680156,0.0003340668085705647,0.6899893509717313,8
339199,2026-02-18 10:45:00,1.18307,0.4,0.00018457979072704998,0.00033534845438528045,0.5504119321658988,4
339201,2026-02-18 11:15:00,1.18385,0.4666666666666667,0.00021926499700578763,0.00033574991786476866,0.6530604635742662,9
339204,2026-02-18 12:00:00,1.18319,0.6666666666666666,0.00023057975436675295,0.00033688357303593983,0.6844493849575561,10
339208,2026-02-18 13:00:00,1.18341,0.6333333333333333,0.00018571066551214925,0.00033634601221764384,0.5521417194385495,6
339212,2026-02-18 14:00:00,1.18394,0.5333333333333333,0.0002846455803811466,0.00032954322147935256,0.8637579589813562,13
339218,2026-02-18 15:30:00,1.1817,0.5666666666666667,0.0003365287060483392,0.000346929599376874,0.9700201615912393,10
339229,2026-02-18 18:15:00,1.18114,0.4666666666666667,0.00017204721987078552,0.00030741776639220067,0.5596528199716646,7
339242,2026-02-18 21:30:00,1.17825,0.6666666666666666,0.0004076548289184433,0.0002935404283279586,1.3887519046030352,4
339259,2026-02-19 01:45:00,1.17851,0.8,0.0001659585347427362,0.00029285746245744717,0.5666870611734892,7
339266,2026-02-19 03:30:00,1.17927,0.5666666666666667,0.0002165821684620407,0.000300014011848418,0.7219068440425669,6
339267,2026-02-19 03:45:00,1.17945,0.5333333333333333,0.00014853673081388275,0.00030080926796274474,0.4937904068576738,4
339292,2026-02-19 10:00:00,1.18006,0.43333333333333335,0.00021048451406082224,0.0003177899462759727,0.6623384928547579,4
339299,2026-02-19 11:45:00,1.17915,0.9333333333333333,0.00018674101280569588,0.00031742115264119934,0.5883067692617849,3
339302,2026-02-19 12:30:00,1.17811,0.6333333333333333,0.00027867879259998524,0.0003194402243502902,0.8723973105352976,9
339307,2026-02-19 13:45:00,1.17735,0.5666666666666667,0.0002655151635111444,0.00032398488781089856,0.8195294703564032,9
339314,2026-02-19 15:30:00,1.17482,0.5333333333333333,0.00045364993845607786,0.0003687377299911374,1.230278058247474,4
339334,2026-02-19 20:30:00,1.1768,0.8333333333333334,0.00021336824933946633,0.0003690774187159204,0.578112446114446,3
339347,2026-02-19 23:45:00,1.1772,0.7,0.0002396377396425216,0.0003810907238199868,0.6288207103034018,3
339356,2026-02-20 02:00:00,1.17702,0.06666666666666667,0.00022247063104477953,0.00038191062960754184,0.5825201337637402,3
339360,2026-02-20 03:00:00,1.17584,0.4666666666666667,0.00021445373587700048,0.0003811446681181313,0.5626570533856532,4
339389,2026-02-20 10:15:00,1.17645,0.1,0.00025096631512834365,0.00039232617107158986,0.6396879271216105,3
339401,2026-02-20 13:15:00,1.17642,0.5666666666666667,0.000327162320959434,0.00037503468533259986,0.872352168358214,4
339425,2026-02-20 19:15:00,1.17825,0.23333333333333334,0.00035467208002038463,0.0004652761872428783,0.7622828972230264,11
339435,2026-02-20 21:45:00,1.17854,0.6666666666666666,0.0002430392294342783,0.0004706493006557419,0.5163913535952542,6
339439,2026-02-20 22:45:00,1.17825,0.5,0.00027739697460588716,0.00047810002586399857,0.5802069851483257,7
339442,2026-02-22 23:30:00,1.17907,0.2,0.00018210200132265253,0.00048644291706226956,0.37435430743324327,6
339445,2026-02-23 00:15:00,1.18079,0.03333333333333333,0.00025569717234792205,0.0005048338929423502,0.5064976340190407,14
339472,2026-02-23 07:00:00,1.18194,0.4666666666666667,0.00013506482351554033,0.0005351453378276986,0.2523890501668302,11
339500,2026-02-23 14:00:00,1.17813,0.16666666666666666,0.00028323683417362804,0.0005507457170162659,0.514278777705434,10
339501,2026-02-23 14:15:00,1.17846,0.03333333333333333,0.0002969001122438261,0.0005510092770040849,0.5388296071131757,9
339514,2026-02-23 17:30:00,1.18006,0.7333333333333333,0.00020197204857907273,0.00046677133812356945,0.43270019404148635,15
339517,2026-02-23 18:15:00,1.17999,0.8666666666666667,0.00021899219663254506,0.00044305181263909097,0.4942812338992406,13
339546,2026-02-24 01:30:00,1.17903,0.2,0.00013567388512161318,0.0003663492518195456,0.3703402817059463,4
339547,2026-02-24 01:45:00,1.17925,0.06666666666666667,0.00014940395118501158,0.0003530378317429581,0.42319530019601553,5
339550,2026-02-24 02:30:00,1.1773,0.7,0.000282224459817915,0.0003622730617197892,0.7790379402711699,7
339560,2026-02-24 05:00:00,1.17747,0.36666666666666664,0.0002767867341666138,0.00035213723544735923,0.7860195012179859,9
339581,2026-02-24 10:15:00,1.17882,0.2,0.00021422712113261744,0.00036823581098056413,0.5817661257935736,11
339585,2026-02-24 11:15:00,1.17844,0.16666666666666666,0.0002795958441680603,0.0003624336169862798,0.7714401508694616,8
339589,2026-02-24 12:15:00,1.17815,0.43333333333333335,0.00025560120898366023,0.00034979779020344657,0.7307113313523208,10
339602,2026-02-24 15:30:00,1.17747,0.23333333333333334,0.00029751492760592536,0.0003351263073428713,0.8877695396844351,11
339606,2026-02-24 16:30:00,1.17711,0.26666666666666666,0.0002932662459833324,0.000332766460130908,0.8812974897408937,10
339617,2026-02-24 19:15:00,1.17825,0.2,0.00023450936833603408,0.00033906315048727684,0.6916392064399045,9
339624,2026-02-24 21:00:00,1.17785,0.4666666666666667,0.00022758647300479202,0.00033934415219238814,0.6706656694521846,6
339633,2026-02-24 23:15:00,1.17722,0.5666666666666667,0.00021057287125513264,0.00034005098137137327,0.6192391223396112,8
339664,2026-02-25 07:00:00,1.18006,0.4666666666666667,0.0002576640760689535,0.0003214173158202434,0.8016496417170483,13
339666,2026-02-25 07:30:00,1.18041,0.6666666666666666,0.0002560104429276557,0.00032069082914413437,0.7983092114323977,8
339668,2026-02-25 08:00:00,1.1805,0.4,0.0002864307282282857,0.0003148791882185071,0.9096527777806646,9
339696,2026-02-25 15:00:00,1.17731,0.5666666666666667,0.00025540113565201554,0.0003188341877234837,0.8010468936082791,16
339702,2026-02-25 16:30:00,1.1791,0.4666666666666667,0.00032541201736343146,0.00034648202094432603,0.9391887535074145,19
339718,2026-02-25 20:30:00,1.1804,0.5,0.00012532134337879303,0.0003381622672745475,0.3705952896188947,10
339721,2026-02-25 21:15:00,1.18052,0.6,0.00011785128653895011,0.0003376604660719429,0.34902305238730663,6
339722,2026-02-25 21:30:00,1.18048,0.6666666666666666,0.00014707422069912992,0.00033763423681493443,0.4356022128755411,8
339744,2026-02-26 03:00:00,1.1827,0.8333333333333334,0.00022461464336281218,0.0003321797608694186,0.6761840118582938,4
339794,2026-02-26 15:30:00,1.1807,0.3,0.00021056983422213356,0.0003516917007004886,0.5987341577942474,13
339802,2026-02-26 17:30:00,1.17926,0.6,0.00028520156329284695,0.0004048171826040725,0.7045194115976682,17
339805,2026-02-26 18:15:00,1.1787,0.5,0.00030379572547033044,0.0004081300600341529,0.7443600832658794,18
339816,2026-02-26 21:00:00,1.17965,0.26666666666666666,0.0002471873918184896,0.0004132864789739531,0.598101811683194,14
339818,2026-02-26 21:30:00,1.17988,0.4666666666666667,0.0001788675459213319,0.0004108970231534493,0.4353099093992071,10
339820,2026-02-26 22:00:00,1.18009,0.8333333333333334,0.00019859638047666796,0.00041186239149454006,0.4821911021203321,9
339824,2026-02-26 23:00:00,1.17962,0.4,0.00019538600810200274,0.0004124722460231924,0.47369492126026974,11
339828,2026-02-27 00:00:00,1.17964,0.1,0.00021448740822348867,0.000415562160198547,0.5161379662696215,18
339833,2026-02-27 01:15:00,1.18015,0.6,0.00017080459650842508,0.0004159839034111265,0.41060386016815403,12
339835,2026-02-27 01:45:00,1.17974,0.8666666666666667,0.00013385311704349804,0.00041967361881825664,0.31894574984343804,9
339849,2026-02-27 05:15:00,1.1805,0.36666666666666664,0.00016235505509313902,0.00042128161139841716,0.385383673771594,10
339876,2026-02-27 12:00:00,1.17985,0.6,0.00021507980599313727,0.0004367591735219076,0.4924448506914966,21
339893,2026-02-27 16:15:00,1.18002,0.8,0.0003412555903532288,0.0004767093569877484,0.7158567067144839,16
339906,2026-02-27 19:30:00,1.18141,0.8666666666666667,0.00021152305134570379,0.0003984859878873843,0.530816785973117,15
339915,2026-02-27 21:45:00,1.1824,0.6,0.00023874525039045528,0.0003935966133640036,0.6065734365698425,10
339918,2026-02-27 22:30:00,1.18147,0.7333333333333333,0.00022373715457461177,0.0004026101706302652,0.5557165985756468,16
339920,2026-03-01 23:00:00,1.1808,0.7,0.00022337867245294182,0.00040552756611213344,0.5508347424923878,13
339929,2026-03-02 01:15:00,1.17698,0.5666666666666667,0.0005424568544273651,0.0006346628707384061,0.8547165423372525,18
339940,2026-03-02 04:00:00,1.17883,0.6,0.00024288046112855115,0.0006424357886008868,0.37806184748440386,21
339941,2026-03-02 04:15:00,1.17904,0.9666666666666667,0.00017495120591686566,0.000642802220297132,0.2721695731480133,15
339944,2026-03-02 05:00:00,1.17883,0.6666666666666666,0.00026777461284373564,0.000643847876245728,0.41589733029038994,19
339967,2026-03-02 10:45:00,1.17384,0.16666666666666666,0.00039382850801388257,0.0007247620946682858,0.5433900460731639,15
339970,2026-03-02 11:30:00,1.17452,0.13333333333333333,0.000299061451845197,0.0007325184274866234,0.40826474887644815,9
339976,2026-03-02 13:00:00,1.17326,0.4666666666666667,0.0003154514143822836,0.0007338234163941015,0.4298737371074429,12
339977,2026-03-02 13:15:00,1.17247,0.9,0.00026506769669463125,0.0007370830754094732,0.3596171253116586,8
339979,2026-03-02 13:45:00,1.17133,0.43333333333333335,0.0003688365971359864,0.0007391372850357211,0.499009594838882,5
339981,2026-03-02 14:15:00,1.17047,0.13333333333333333,0.0003318418135646959,0.0007427956742828297,0.44674710025080533,6
339984,2026-03-02 15:00:00,1.16983,0.8,0.0003267125821475212,0.0007623183805572154,0.42857760022618263,6
339998,2026-03-02 18:30:00,1.16986,0.0,0.0002639367723735071,0.000759411593787389,0.34755430985347974,4
340017,2026-03-02 23:15:00,1.16842,0.06666666666666667,0.00031238100274799294,0.0008436002256279509,0.3702950678035509,6
340032,2026-03-03 03:00:00,1.16964,0.7333333333333333,0.00029194546699284034,0.0006910905456091723,0.4224417029688932,5
340036,2026-03-03 04:00:00,1.16939,0.43333333333333335,0.000309435377324394,0.0006878145448278364,0.44988199166658693,6
340045,2026-03-03 06:15:00,1.16792,0.5333333333333333,0.0004483072239118127,0.0006907990933762462,0.6489690392046311,11
340048,2026-03-03 07:00:00,1.16662,0.26666666666666666,0.00043182959913229646,0.0006902305280253697,0.6256309763169796,8
340052,2026-03-03 08:00:00,1.16689,0.26666666666666666,0.00045275141017947946,0.0006788438078209112,0.6669448921288854,9
340060,2026-03-03 10:00:00,1.16227,0.6333333333333333,0.0005647688023143175,0.0006773609189410956,0.8337782510352221,3
340061,2026-03-03 10:15:00,1.16281,0.8333333333333334,0.0003432583189409512,0.0006693583402745757,0.512816974537352,4
340105,2026-03-03 21:15:00,1.16195,0.2,0.0004880651893800682,0.000726657568118525,0.6716577529685344,3
340106,2026-03-03 21:30:00,1.16213,0.6,0.0004968012494696963,0.0007263606795190207,0.683959448078421,3
340114,2026-03-03 23:30:00,1.16096,0.06666666666666667,0.0002825638461371645,0.0006471635899617718,0.4366188866618032,3
340115,2026-03-03 23:45:00,1.16104,0.06666666666666667,0.0003141898222247531,0.0006430541191399237,0.4885900157905493,3
340131,2026-03-04 03:45:00,1.15998,0.13333333333333333,0.0004621587020931132,0.0006700973710476804,0.68968887517129,3
340132,2026-03-04 04:00:00,1.15977,0.3,0.0004106975087485076,0.000668707619684722,0.6141660370823061,2
340146,2026-03-04 07:30:00,1.16053,0.43333333333333335,0.0005675462690969131,0.0006784146851686842,0.8365772167148707,3
340163,2026-03-04 11:45:00,1.16338,0.13333333333333333,0.0005786985973098661,0.0007383380438755364,0.7837854247253427,6
340172,2026-03-04 14:00:00,1.16297,0.4,0.0006374805614140883,0.0007673119946760529,0.8307970758142815,6
340179,2026-03-04 15:45:00,1.16266,0.5,0.0005738938186991223,0.0007840733402934099,0.7319389516347592,4
340188,2026-03-04 18:00:00,1.16368,0.2,0.00043842396500851793,0.0007276927799291533,0.6024849731932231,8
340195,2026-03-04 19:45:00,1.1626,0.8333333333333334,0.0002937453331866768,0.0007104012038428589,0.41349216695817065,4
340202,2026-03-04 21:30:00,1.16404,0.6333333333333333,0.00037448551696393767,0.000667589321738857,0.5609519277338386,6
340203,2026-03-04 21:45:00,1.1643,0.6,0.0003022381313679234,0.0006610664228555265,0.45719782599512904,5
340208,2026-03-04 23:00:00,1.16305,0.36666666666666664,0.00032256748164231946,0.0006595912416494109,0.4890414870210967,6
340212,2026-03-05 00:00:00,1.16328,0.26666666666666666,0.0003110329544891144,0.0006595756489827015,0.4715652480027682,6
340222,2026-03-05 02:30:00,1.16464,0.03333333333333333,0.00016667446997498418,0.000648158292806178,0.25715087166959333,4
340228,2026-03-05 04:00:00,1.16253,0.26666666666666666,0.00043559085002947874,0.0006391703536185023,0.6814941393378003,6
340241,2026-03-05 07:15:00,1.15893,0.5,0.0006477957334232109,0.0006494959548824271,0.9973822447292625,3
340265,2026-03-05 13:15:00,1.16084,0.13333333333333333,0.0003795750191829272,0.0007295811987984954,0.5202642554496019,5
340269,2026-03-05 14:15:00,1.1622,0.1,0.0005989075839250477,0.0007006994770710441,0.8547281730942755,8
340299,2026-03-05 21:45:00,1.16042,0.5,0.000646136769951296,0.0008006794380359891,0.806985591557371,7
340320,2026-03-06 03:00:00,1.16144,0.13333333333333333,0.00030181781583256927,0.0008046554294648973,0.37508951630796883,4
340344,2026-03-06 09:00:00,1.16143,0.06666666666666667,0.0004653542758999464,0.0007759494317680552,0.5997224262921413,6
340349,2026-03-06 10:15:00,1.15903,1.0,0.0004583114261814217,0.0007710205486629881,0.594421804939143,5
340352,2026-03-06 11:00:00,1.15736,0.6,0.0006734244823719309,0.0006362783492631644,1.0583803191665773,6
340353,2026-03-06 11:15:00,1.15775,0.5333333333333333,0.00038259784673179024,0.000624526413777657,0.6126207607737824,6
340355,2026-03-06 11:45:00,1.15765,0.7333333333333333,0.0004006026433990266,0.0006240126248268382,0.641978427135497,5
340362,2026-03-06 13:30:00,1.1562,0.3333333333333333,0.0005289683250462448,0.0006362021440109126,0.8314469387219977,4
340366,2026-03-06 14:30:00,1.15588,0.43333333333333335,0.0006158958571777917,0.0006437065532692459,0.9567960028522163,5
340367,2026-03-06 14:45:00,1.1589,0.3333333333333333,0.0008512111001384267,0.0007136041297487711,1.192833764062017,13
340403,2026-03-08 22:45:00,1.15448,0.8,0.0007737401496398591,0.0009744068803600527,0.7940626910946633,6
340413,2026-03-09 01:15:00,1.15224,0.8333333333333334,0.0005809269385677396,0.000999152880659774,0.5814194702457688,4
340415,2026-03-09 01:45:00,1.15244,0.13333333333333333,0.0005205902491938442,0.0010003395913542631,0.5204135212613822,3
340423,2026-03-09 03:45:00,1.15259,0.5333333333333333,0.0004498199422311553,0.001005694986502841,0.44727273007031604,3
340444,2026-03-09 09:00:00,1.15629,0.4,0.0004461328555777386,0.0010673973048625877,0.41796325842809945,11
340446,2026-03-09 09:30:00,1.1522,0.9333333333333333,0.0006461796490633583,0.0011051157811311613,0.5847166967446157,6
340456,2026-03-09 12:00:00,1.15596,0.26666666666666666,0.0005341342805837635,0.0011099998851008897,0.48120210439050193,9
340465,2026-03-09 14:15:00,1.15674,0.4666666666666667,0.0005086898153108182,0.0011024487403871039,0.4614181110426971,10
340509,2026-03-10 01:15:00,1.16145,0.3,0.00017333261010116235,0.0008102378030051547,0.21392807081856144,12
340510,2026-03-10 01:30:00,1.16276,0.4,0.0005091111919768809,0.0008181546697079532,0.6222676601706767,10
340514,2026-03-10 02:30:00,1.16161,0.7666666666666667,0.00029879244823311955,0.0008282738358713561,0.36074114054174555,11
340540,2026-03-10 09:00:00,1.16602,0.23333333333333334,0.0005156173205119373,0.0007674728596816395,0.6718378559025839,12
340559,2026-03-10 13:45:00,1.16298,0.4666666666666667,0.00046864471391078736,0.0007129827727521801,0.6573015952430028,15
340568,2026-03-10 16:00:00,1.16477,0.3,0.0004989510134488032,0.0006877292737138978,0.7255049806944408,15
340578,2026-03-10 18:30:00,1.16592,0.5333333333333333,0.00030470296665327117,0.000686075061417455,0.4441248250938377,6
340585,2026-03-10 20:15:00,1.16255,0.5,0.00035467447816870713,0.0007181841765009606,0.4938489175530209,10
340593,2026-03-10 22:15:00,1.16028,0.8,0.0002713795298753206,0.0006094678465798492,0.44527292358115544,13
340614,2026-03-11 03:30:00,1.16202,0.8333333333333334,0.00029092530952070874,0.0005398091883249274,0.5389410106624418,8
340621,2026-03-11 05:15:00,1.16309,0.36666666666666664,0.00017479067174188613,0.0005333421333831649,0.3277271019882328,7
340633,2026-03-11 08:15:00,1.16277,0.5333333333333333,0.00036097966574602557,0.0005292904618648618,0.6820067463036784,12
340638,2026-03-11 09:30:00,1.16143,0.5333333333333333,0.0002598321545029841,0.0005140674868959924,0.5054436647450418,13
340641,2026-03-11 10:15:00,1.16015,0.5333333333333333,0.000512683760274201,0.0005180890302259693,0.9895669090901023,22
340663,2026-03-11 15:45:00,1.15866,0.6333333333333333,0.0003619903192205,0.0005138702624872457,0.7044391272388224,14
340669,2026-03-11 17:15:00,1.15706,0.2,0.00035111715901428857,0.0005053951551314342,0.6947378807439819,9
340673,2026-03-11 18:15:00,1.15745,0.16666666666666666,0.00031672661888037997,0.0004912463820287568,0.6447408682632074,8
340675,2026-03-11 18:45:00,1.15671,0.13333333333333333,0.00034822032132041927,0.0004927891421889505,0.7066314809081181,7
340678,2026-03-11 19:30:00,1.15715,0.5333333333333333,0.0003275724423499932,0.00046928840707979207,0.6980194639547036,12
340692,2026-03-11 23:00:00,1.15717,0.0,0.00017907892429634817,0.0004286648524892366,0.417759756267502,8
340701,2026-03-12 01:15:00,1.15337,0.36666666666666664,0.0003605461944077,0.00044804936086604885,0.8047019500502999,7
340716,2026-03-12 05:00:00,1.15379,0.23333333333333334,0.0002923072238386408,0.00045355827707473215,0.6444755582984936,3
340720,2026-03-12 06:00:00,1.15327,0.23333333333333334,0.00027584223860041367,0.00045333038494513984,0.6084794837517784,5
340756,2026-03-12 15:00:00,1.15257,0.3,0.0005732309305526566,0.00042623385416803506,1.3448742396859696,8
340758,2026-03-12 15:30:00,1.15196,0.7,0.000437349926127098,0.0004274926959627762,1.0230582422984371,6
340762,2026-03-12 16:30:00,1.15193,0.16666666666666666,0.0003309732255102603,0.0004188704864756699,0.7901564712640237,6
340767,2026-03-12 17:45:00,1.15227,0.2,0.0002775114876038543,0.00041704870150450194,0.6654174598859376,3
340768,2026-03-12 18:00:00,1.15216,0.7,0.0003089084781346721,0.0004135980914941785,0.7468808113178155,3
340774,2026-03-12 19:30:00,1.15141,0.9666666666666667,0.00026796709641556583,0.0004105141224242166,0.6527597511947575,3
340779,2026-03-12 20:45:00,1.15172,0.1,0.0002778480085594128,0.00041014203407290347,0.6774433866245098,3
340783,2026-03-12 21:45:00,1.15133,0.5666666666666667,0.00026942531301177823,0.00041187056648215854,0.6541504417588656,3
340785,2026-03-12 22:15:00,1.15096,0.13333333333333333,0.0001697929045514565,0.00041230628148014635,0.41181255823198626,2
340788,2026-03-12 23:00:00,1.15095,0.3,0.0002314065771559827,0.0004105153899914779,0.563697690263906,2
340822,2026-03-13 07:30:00,1.14969,0.36666666666666664,0.0003259485445660579,0.00035355696903616656,0.9219123737106013,3
340853,2026-03-13 15:15:00,1.14747,0.2,0.0003842666748469908,0.0004650369022749722,0.826314369821295,4
340856,2026-03-13 16:00:00,1.14567,0.6333333333333333,0.0005138976448199929,0.0004752869704882394,1.0812365512399607,7
340859,2026-03-13 16:45:00,1.14363,0.1,0.000536232136869707,0.000494058174972465,1.085362339970576,7
340872,2026-03-13 20:00:00,1.14353,0.8,0.00035416093854956116,0.0004993021760352988,0.7093118266813307,4
340887,2026-03-15 23:45:00,1.14202,0.1,0.00029386899113062123,0.0005171580845741205,0.5682382232748469,4
340888,2026-03-16 00:00:00,1.14293,0.0,0.0002991851795262866,0.0005236931982188,0.5712985781443862,2
340892,2026-03-16 01:00:00,1.14351,0.6333333333333333,0.0004038312840803487,0.0005264007069865073,0.7671556643458302,3
340898,2026-03-16 02:30:00,1.14422,0.7333333333333333,0.00043457950146969323,0.0005432784500965937,0.799920374887732,3
340907,2026-03-16 04:45:00,1.14528,0.13333333333333333,0.000432210091962971,0.0005406193095264737,0.7994721689492411,3
340922,2026-03-16 08:30:00,1.14268,0.4666666666666667,0.00039507277838928375,0.0005434974992402886,0.7269081807028076,2
340928,2026-03-16 10:00:00,1.14442,0.1,0.000401660586960362,0.0005172350221672114,0.7765533456675202,3
340930,2026-03-16 10:30:00,1.14468,0.2,0.00044262226591342224,0.0005137470059512441,0.8615568768013964,3
340932,2026-03-16 11:00:00,1.14496,0.43333333333333335,0.0004902927871511155,0.0004965938670883018,0.9873114020232837,5
340963,2026-03-16 18:45:00,1.14941,0.6333333333333333,0.0002641874977466709,0.0005244977482988853,0.5036961523734198,3
340965,2026-03-16 19:15:00,1.1505,0.0,0.00030218414778481644,0.0005358577385535722,0.5639260685130624,3
340970,2026-03-16 20:30:00,1.15177,0.26666666666666666,0.0003931570415872825,0.0005567315377284724,0.7061878390999864,10
340984,2026-03-17 00:00:00,1.14983,0.43333333333333335,0.0003661627406488123,0.0005431118039488757,0.674194038845232,5
340991,2026-03-17 01:45:00,1.14906,0.2,0.00021748848092318412,0.0005323035857835297,0.40857977802845297,3
341016,2026-03-17 08:00:00,1.14813,0.26666666666666666,0.0005387689683126582,0.0005436536112785482,0.9910151558555778,7
341038,2026-03-17 13:30:00,1.15119,0.7,0.0004241092270734216,0.0005566792859129609,0.7618555922695727,11
341043,2026-03-17 14:45:00,1.15344,0.6,0.0002964650290022933,0.0005632398409712419,0.526356637859768,13
341044,2026-03-17 15:00:00,1.15301,0.6333333333333333,0.0004230563447822801,0.0005618688480308552,0.7529450089018779,13
341046,2026-03-17 15:30:00,1.15239,0.5666666666666667,0.0003617222490934566,0.0005608761020373019,0.644923625341769,15
341061,2026-03-17 19:15:00,1.15446,0.03333333333333333,0.00029203958927638925,0.0005016626167889936,0.5821434157196235,3
341064,2026-03-17 20:00:00,1.15385,0.8666666666666667,0.0002129001204891269,0.00048403127678955937,0.4398478583888883,3
341065,2026-03-17 20:15:00,1.15396,0.23333333333333334,0.00019920893455472013,0.00045891544690657306,0.43408635707848703,2
341073,2026-03-17 22:15:00,1.15343,0.8,0.00014260381298915076,0.00045141001645831346,0.3159075071217873,6
341075,2026-03-17 22:45:00,1.15325,0.7333333333333333,0.00014866353304010448,0.0004534801208185058,0.3278281146520277,5
341078,2026-03-17 23:30:00,1.15413,0.36666666666666664,0.00022019163046666814,0.00046256212338233356,0.47602607160437,2
341084,2026-03-18 01:00:00,1.15382,0.2,0.000180884997554516,0.0004611470993955216,0.39225010369060703,5
341094,2026-03-18 03:30:00,1.15353,0.1,0.00011848211288452147,0.0004605135694839225,0.2572825661083108,2
341109,2026-03-18 07:15:00,1.15458,0.0,0.00022849158732073278,0.0004480087563095649,0.5100158961242485,2
341139,2026-03-18 14:45:00,1.15046,0.8333333333333334,0.0004940403863952905,0.0004857851642375381,1.0169935658095062,20
341145,2026-03-18 16:15:00,1.15203,0.9,0.0004375062868869335,0.0004905170525880981,0.8919288016156303,11
341147,2026-03-18 16:45:00,1.15222,0.26666666666666666,0.00037632255985052657,0.00048116193158615666,0.7821120814981648,10
341150,2026-03-18 17:30:00,1.15182,0.13333333333333333,0.00024062613610746479,0.0004912880650503725,0.4897862440089869,10
341159,2026-03-18 19:45:00,1.14905,0.8666666666666667,0.0005351981906792553,0.0005318184024480023,1.0063551547214153,16
341173,2026-03-18 23:15:00,1.14526,0.5,0.00040688881213093775,0.0005715588173456517,0.7118931591687276,7
341187,2026-03-19 02:45:00,1.14805,0.3333333333333333,0.00026027720284477104,0.0005724139131703912,0.45470104212385554,7
341202,2026-03-19 06:30:00,1.14688,0.43333333333333335,0.0003486936307102428,0.000589224482923457,0.5917840157968108,10
341208,2026-03-19 08:00:00,1.14646,0.3,0.0003297333502044194,0.0005936379534648317,0.5554451973292733,11
341228,2026-03-19 13:00:00,1.14793,0.6,0.0004617678925862628,0.0006180245062928747,0.7471676088640995,19
341242,2026-03-19 16:30:00,1.15101,0.6666666666666666,0.0005017258349558797,0.0007323975998464239,0.6850457115931106,16
341243,2026-03-19 16:45:00,1.1502,0.6666666666666666,0.00044456838063540905,0.0007358334264953023,0.6041698632159751,20
341249,2026-03-19 18:15:00,1.1544,0.26666666666666666,0.00047422182373925724,0.0007535690408696666,0.6293010965418312,11
341250,2026-03-19 18:30:00,1.15568,0.7666666666666667,0.0005360885054383708,0.0007597662607287584,0.7055966198395824,8
341252,2026-03-19 19:00:00,1.15599,0.6,0.000704413536719231,0.000756273763330143,0.931426648489625,11
341266,2026-03-19 22:30:00,1.15816,0.4666666666666667,0.0004682702056837724,0.0008272032382847901,0.566088458085262,3
341286,2026-03-20 03:30:00,1.15642,0.3333333333333333,0.00019551435949527032,0.0008254429759345911,0.23685992272682815,6
341289,2026-03-20 04:15:00,1.15597,0.06666666666666667,0.00019126857028032486,0.0008173023830806195,0.23402424150457657,5
341293,2026-03-20 05:15:00,1.15575,0.23333333333333334,0.00018729266637890224,0.0008132779088633943,0.2302935618165938,5
341299,2026-03-20 06:45:00,1.15562,0.3333333333333333,0.00026582029959108875,0.000812870414258329,0.32701436161091657,7
341322,2026-03-20 12:30:00,1.1568,0.6,0.0006841212061159375,0.0008129473912076678,0.8415319533772615,12
341333,2026-03-20 15:15:00,1.15366,0.6666666666666666,0.000464862934020057,0.0007991476685975387,0.5816984173098653,14
341340,2026-03-20 17:00:00,1.15415,0.9333333333333333,0.0002988741288249162,0.000715242389934738,0.41786411576107346,7
341353,2026-03-20 20:15:00,1.15505,0.7333333333333333,0.00023967180755843292,0.0006770665403723846,0.35398560299053344,8
341378,2026-03-23 02:30:00,1.15563,0.43333333333333335,0.00023629555318501245,0.0006554158074264102,0.36052769937432977,6
341413,2026-03-23 11:15:00,1.14878,0.4,0.0005213746724881446,0.0007229019475650048,0.7212246062475319,12
341415,2026-03-23 11:45:00,1.14901,0.3,0.00048357043411557645,0.000715276154749552,0.6760611700873694,10
341420,2026-03-23 13:00:00,1.1556,0.5333333333333333,0.0013713715552490942,0.001107518342001428,1.2382382333920081,26
341427,2026-03-23 14:45:00,1.15907,0.6666666666666666,0.0007799192793635614,0.001171503785864066,0.665742005083079,15
341433,2026-03-23 16:15:00,1.16218,0.3,0.0005520036341921595,0.0011839886828436885,0.4662237419925032,6
341435,2026-03-23 16:45:00,1.15999,0.43333333333333335,0.0006624508433624842,0.001194610640411968,0.5545328502465325,14
341438,2026-03-23 17:30:00,1.15779,0.5666666666666667,0.0004405339793508431,0.0011998783225730515,0.36714887756797715,14
341451,2026-03-23 20:45:00,1.16157,0.5,0.0004616761167024883,0.0012097008242011927,0.3816448724066539,4
341459,2026-03-23 22:45:00,1.16116,0.8666666666666667,0.00031915945279727527,0.0012088886441284214,0.26401063021597104,3
341464,2026-03-24 00:00:00,1.16143,0.8666666666666667,0.00033103418045067525,0.0011600921491462498,0.2853516254672478,3
341479,2026-03-24 03:45:00,1.15895,0.16666666666666666,0.00022623026887683454,0.0011533402690209413,0.19615223273950116,5
341485,2026-03-24 05:15:00,1.15781,0.9666666666666667,0.00017513985167968583,0.0011548701347157471,0.1516532867332254,7
341486,2026-03-24 05:30:00,1.15767,0.7,0.00023671267237267734,0.0011549521893735727,0.20495452067246736,9
341492,2026-03-24 07:00:00,1.15833,0.5,0.0002551741573359982,0.001155758846990452,0.2207849483484043,11
341494,2026-03-24 07:30:00,1.15823,0.7,0.00034144436104384396,0.0011523836437760712,0.29629400147074,10
341495,2026-03-24 07:45:00,1.15826,0.5333333333333333,0.00023423977488481302,0.0011518558507150334,0.20335858409661664,7
341514,2026-03-24 12:30:00,1.15937,0.23333333333333334,0.00040026334638702105,0.0011435434148642618,0.3500202451295058,14
341519,2026-03-24 13:45:00,1.15813,0.8666666666666667,0.0003900049509841933,0.0007724776120089155,0.5048754098774996,12
341548,2026-03-24 21:00:00,1.15847,0.9,0.00017014377223143837,0.0005874124986124859,0.28964956079983184,3
341570,2026-03-25 02:30:00,1.16194,0.6333333333333333,0.00028566009482375705,0.0006278567199689116,0.4549765666884979,7
341585,2026-03-25 06:15:00,1.15957,0.7,0.00018836968362257765,0.0006163458244267027,0.3056233629842316,5
341588,2026-03-25 07:00:00,1.15917,0.9333333333333333,0.00023212068825540836,0.0006172661238115545,0.37604637497695015,7
341603,2026-03-25 10:45:00,1.15952,0.9,0.0002783991044907485,0.0005646015052301779,0.4930895541577598,8
341629,2026-03-25 17:15:00,1.15609,0.5333333333333333,0.0003915407966835655,0.0005706851162309687,0.6860890279905257,14
341639,2026-03-25 19:45:00,1.15701,0.6333333333333333,0.00029914027949580653,0.0005238323457913792,0.5710611074310058,15
341666,2026-03-26 02:30:00,1.15639,0.06666666666666667,0.00018256356884690055,0.00042182197935516924,0.4327976676938025,11
341668,2026-03-26 03:00:00,1.15638,0.36666666666666664,0.0001771543571949677,0.00041757905615092967,0.4242414809495069,11
341680,2026-03-26 06:00:00,1.1569,0.5333333333333333,0.00020224502503611187,0.00041530052131902344,0.4869847608034961,12
341707,2026-03-26 12:45:00,1.15328,0.9333333333333333,0.00047525407932779253,0.00042374776356436184,1.1215494692648862,12
341721,2026-03-26 16:15:00,1.15467,0.5333333333333333,0.00040310617577618763,0.0004324311439002463,0.9321858091450892,13
341747,2026-03-26 22:45:00,1.15304,0.7333333333333333,0.0002379217544029749,0.000508090828665969,0.46826618584644897,5
341750,2026-03-26 23:30:00,1.15357,0.36666666666666664,0.00029292471790434444,0.0005147700508821167,0.5690399381284611,9
341768,2026-03-27 04:00:00,1.15381,0.3333333333333333,0.0002132320991062036,0.000511215803546937,0.41710779992861824,9
341772,2026-03-27 05:00:00,1.15385,0.2,0.0001937837324648494,0.0005092027294222348,0.38056302778409196,6
341795,2026-03-27 10:45:00,1.15209,0.2,0.00026443265635071184,0.0004919683670689728,0.537499306969952,4
341796,2026-03-27 11:00:00,1.15189,0.8666666666666667,0.0002676613615691362,0.0004920280923990281,0.5439960963693643,4
341798,2026-03-27 11:30:00,1.15247,0.3333333333333333,0.0003073280131164673,0.0004930860406514889,0.6232746169622057,4
341802,2026-03-27 12:30:00,1.15116,0.3333333333333333,0.0004506015678637179,0.0004991494653470609,0.9027387569180558,8
341804,2026-03-27 13:00:00,1.15072,0.5333333333333333,0.0004298624543348768,0.0004975842467810194,0.8638988414841314,8
341807,2026-03-27 13:45:00,1.15149,0.16666666666666666,0.0004916394008338671,0.00048289925939581826,1.0180993059483754,8
341812,2026-03-27 15:00:00,1.15229,0.7333333333333333,0.00041349617314681477,0.00048003713337983116,0.8613837230371809,10
341821,2026-03-27 17:15:00,1.15196,0.7666666666666667,0.00039910127635634597,0.0005025291406377219,0.7941853398787513,8
341836,2026-03-27 21:00:00,1.15167,0.4,0.000451802942907233,0.00047227756387214744,0.9566470598411547,8
341839,2026-03-27 21:45:00,1.15127,0.26666666666666666,0.00028445086423579366,0.00047295736004633805,0.601430251995496,4
341841,2026-03-29 23:15:00,1.14983,0.43333333333333335,0.0003274330971182642,0.000392938536932634,0.83329341956195,6
341866,2026-03-30 05:30:00,1.15168,0.26666666666666666,0.00019531462962076135,0.00040639729244948945,0.48060022359779064,8
341889,2026-03-30 11:15:00,1.14873,0.8,0.00029405052943656617,0.0004175163787662836,0.7042850158488493,3
341892,2026-03-30 12:00:00,1.14941,0.26666666666666666,0.00040269525193195637,0.00041998819345861555,0.9588251722405545,4
341894,2026-03-30 12:30:00,1.14913,0.7,0.00033356993851708797,0.0004184639900984133,0.7971293741156553,4
341914,2026-03-30 17:30:00,1.14496,0.4666666666666667,0.0003852520908039779,0.0004505118901505613,0.8551430033849416,9
341927,2026-03-30 20:45:00,1.14637,0.0,0.00011100456734360952,0.00043367969017001117,0.25595980134576624,2
341929,2026-03-30 21:15:00,1.14551,0.9666666666666667,0.0002403004514758148,0.0004327217789124009,0.5553232196442339,4
341931,2026-03-30 21:45:00,1.14589,0.7666666666666667,0.0001902846163020789,0.00043150983142788314,0.4409739997636197,2
341938,2026-03-30 23:30:00,1.14551,0.4666666666666667,0.0002887230468880979,0.00043325025692314437,0.6664117153410376,4
341946,2026-03-31 01:30:00,1.14544,0.8,0.0003550643539384064,0.0004302808359619846,0.8251921170148894,3
341953,2026-03-31 03:15:00,1.1477,0.03333333333333333,0.00033101372509787466,0.0004400745918166803,0.7521764065755548,4
341968,2026-03-31 07:00:00,1.14688,0.5333333333333333,0.00028135176308422834,0.00045652326164123675,0.6162922828351546,3
341971,2026-03-31 07:45:00,1.14661,0.26666666666666666,0.0002923072665398314,0.0004592304240678709,0.6365154641771524,3
341982,2026-03-31 10:30:00,1.14676,0.03333333333333333,0.00025708747050397625,0.0004572398927906779,0.5622594934464076,3
342022,2026-03-31 20:30:00,1.1547,0.26666666666666666,0.00043667617989264553,0.000596759299093879,0.7317459159089701,10
342070,2026-04-01 08:30:00,1.15866,0.5333333333333333,0.000403382582662028,0.0006035150243818739,0.6683886338623904,9
342075,2026-04-01 09:45:00,1.15896,0.13333333333333333,0.00039715062374796683,0.000601692050080705,0.6600562924085451,13
342085,2026-04-01 12:15:00,1.15959,0.43333333333333335,0.0005758333276752538,0.0006517454764749255,0.8835248551163634,13
342103,2026-04-01 16:45:00,1.16158,0.5333333333333333,0.00046009905537938576,0.0006491554165382533,0.7087656417209809,7
342127,2026-04-01 22:45:00,1.15908,0.3333333333333333,0.0002559937838911442,0.0005722410064048947,0.4473530925360028,6
342132,2026-04-02 00:00:00,1.15872,0.3333333333333333,0.0003211183904484347,0.0005776356574519306,0.5559185730758966,8
342135,2026-04-02 00:45:00,1.15919,0.26666666666666666,0.0003972801024127313,0.0005788413605484372,0.6863367573393835,10
342137,2026-04-02 01:15:00,1.15935,0.1,0.0003340168130617676,0.0005795112795539845,0.5763767243992914,8
342148,2026-04-02 04:00:00,1.15517,0.36666666666666664,0.00030867469860455365,0.0006466713526853071,0.47732854922795004,11
342152,2026-04-02 05:00:00,1.15464,0.8,0.00026663535812720333,0.0006445378324405811,0.4136845732042952,11
342157,2026-04-02 06:15:00,1.15378,0.7666666666666667,0.0003159469430437377,0.0006503155191611171,0.48583638823704767,13
342160,2026-04-02 07:00:00,1.15365,0.4,0.00032017256405360794,0.0006507388531464774,0.4920139046646705,14
342167,2026-04-02 08:45:00,1.15307,0.5333333333333333,0.0002984498837564191,0.0006626644328744997,0.4503786063510395,15
342168,2026-04-02 09:00:00,1.1534,0.3,0.00027862492445026297,0.0006636455574905517,0.41983996020982894,13
342179,2026-04-02 11:45:00,1.15262,0.9666666666666667,0.0001786388477812275,0.0005945161083790164,0.300477725100329,12
342185,2026-04-02 13:15:00,1.15108,0.4666666666666667,0.0004061019140441987,0.0005880972900889228,0.6905352581760653,8
342208,2026-04-02 19:00:00,1.15387,0.8,0.0003148267932926546,0.0005748711588704797,0.5476475701289897,13
342209,2026-04-02 19:15:00,1.15453,0.36666666666666664,0.00034887992787596006,0.0005792084779881663,0.6023391250897538,6
342213,2026-04-02 20:15:00,1.15369,0.5,0.00022762107330246778,0.0005622046186771422,0.4048722933619013,10
342214,2026-04-02 20:30:00,1.15331,0.5333333333333333,0.0001825765553079539,0.0005628320172166128,0.3243890712025487,12
342230,2026-04-03 00:30:00,1.15388,0.13333333333333333,0.00013179544385510258,0.0005425231743950093,0.2429305328792144,5
342242,2026-04-03 03:30:00,1.15383,0.8333333333333334,0.00018150897581854322,0.0005278115401699148,0.34388974473750855,7
342249,2026-04-03 05:15:00,1.15364,0.6666666666666666,0.000167779295791617,0.0004352203035019701,0.38550429389803853,9
342261,2026-04-03 08:15:00,1.15381,0.23333333333333334,0.000218701033999637,0.0004261743409938434,0.513172692400072,10
342267,2026-04-03 09:45:00,1.15443,0.6333333333333333,0.00018207246575064676,0.0003950857704907618,0.4608428836211506,3
342289,2026-04-03 15:15:00,1.15364,0.7333333333333333,0.0002206419240691282,0.000353649505380478,0.6238999933896358,9
342294,2026-04-03 16:30:00,1.15259,0.9333333333333333,0.0003033007491554087,0.0003581264662945655,0.8469096190895267,18
342306,2026-04-03 19:30:00,1.15183,0.8666666666666667,0.00013998300620972188,0.0002577450424102467,0.5431064935360201,5
342309,2026-04-03 20:15:00,1.15197,0.7,0.00016602401122622912,0.000239917383664875,0.6920049255711177,6
342312,2026-04-03 21:00:00,1.15139,0.43333333333333335,0.0001993992052751478,0.00023678754182878152,0.84210175812092,7
342338,2026-04-06 03:30:00,1.151,0.13333333333333333,0.0001904384586933393,0.0002711153637385008,0.7024259196060284,4
342340,2026-04-06 04:00:00,1.15065,0.06666666666666667,0.00017440839927568768,0.00026788118742927,0.6510662467544034,4
342345,2026-04-06 05:15:00,1.15211,0.26666666666666666,0.0002228002433397711,0.000296910871656102,0.7503943594151385,11
342352,2026-04-06 07:00:00,1.15238,0.4,0.00016092522255226733,0.0002975497667405998,0.5408346452933366,12
342359,2026-04-06 08:45:00,1.15261,0.36666666666666664,0.00018593120991692184,0.00029546758151333607,0.6292778685384466,13
342377,2026-04-06 13:15:00,1.15426,0.8,0.00028933016680764677,0.0003841857811227624,0.7530996226932054,8
342411,2026-04-06 21:45:00,1.15433,0.13333333333333333,0.00013852897629890195,0.00043729761158955635,0.31678420514430805,7
342415,2026-04-06 22:45:00,1.15429,0.2,0.00013808147287282902,0.00043736585244951473,0.3157115995670188,6
342432,2026-04-07 03:00:00,1.15371,0.6666666666666666,0.00018913502173808719,0.0004204514848070121,0.4498379208362184,12
342455,2026-04-07 08:45:00,1.15437,0.03333333333333333,0.00020827906863774516,0.00041262864878209045,0.5047615313490691,10
342463,2026-04-07 10:45:00,1.15671,0.06666666666666667,0.0003061998142045132,0.00042784554577520795,0.715678396627254,7
342464,2026-04-07 11:00:00,1.15731,0.13333333333333333,0.00037638305233315934,0.00042814696720635967,0.8790977892218702,10
342473,2026-04-07 13:15:00,1.15486,0.7,0.0002756806464862822,0.00043536040211134984,0.6332239798321686,12
342482,2026-04-07 15:30:00,1.15595,0.5333333333333333,0.0003267609351538742,0.00044687775120037565,0.7312087797527377,11
342484,2026-04-07 16:00:00,1.15632,0.13333333333333333,0.00025359608994279364,0.0004472934626055049,0.5669568440942213,10
342485,2026-04-07 16:15:00,1.15615,0.3333333333333333,0.0002564416348485261,0.000447444762659098,0.5731246764953319,8
342487,2026-04-07 16:45:00,1.1578,0.2,0.00030615895153300246,0.00046197384634927323,0.6627192295676677,11
342499,2026-04-07 19:45:00,1.15752,0.1,0.0001723607722429332,0.00042799294554058857,0.40271872244349277,9
342516,2026-04-08 00:00:00,1.15927,0.7333333333333333,0.00034680500336509813,0.00042680933393009104,0.8125525282488382,12
342521,2026-04-08 01:15:00,1.16689,0.16666666666666666,0.0008584974417834976,0.0005987252213022394,1.4338755262660365,10
342562,2026-04-08 11:30:00,1.16818,0.13333333333333333,0.0003497265736723094,0.0006510039024554023,0.537211178540159,3
342597,2026-04-08 20:15:00,1.16782,0.7333333333333333,0.0003403893513890078,0.0006812425853211935,0.49965953204249614,2
342620,2026-04-09 02:00:00,1.16587,0.0,0.00021719159317699238,0.000547168015755282,0.39693766251521945,4
342621,2026-04-09 02:15:00,1.16551,0.06666666666666667,0.00027984294221473753,0.0005435229171931387,0.5148687081308413,5
342625,2026-04-09 03:15:00,1.16541,0.1,0.00021394488789691293,0.000529456081724688,0.4040842957172078,4
342634,2026-04-09 05:30:00,1.16631,0.26666666666666666,0.00016571520191818796,0.0005093629223597159,0.3253381717508654,5
342666,2026-04-09 13:30:00,1.16804,0.26666666666666666,0.0003361359762768923,0.0004277558221262597,0.7858127438360752,8
342673,2026-04-09 15:15:00,1.16859,0.4,0.00026826348496534206,0.0004023093980381506,0.6668088945312256,6
342681,2026-04-09 17:15:00,1.16838,0.13333333333333333,0.00021381249440641535,0.00039135469082562956,0.5463394189944201,4
342682,2026-04-09 17:30:00,1.16945,0.3,0.0004889979142376897,0.00040604171019907695,1.204304636580169,5
342692,2026-04-09 20:00:00,1.17138,0.4,0.000469071903563368,0.00040930297533714206,1.1460261269222252,2
342699,2026-04-09 21:45:00,1.17067,0.5,0.00017248892966159255,0.0003786401597485823,0.45554842829172026,4
342702,2026-04-09 22:30:00,1.16975,0.9333333333333333,0.0002034419753423878,0.00037759734793512355,0.5387802018602682,5
342706,2026-04-09 23:30:00,1.16946,0.26666666666666666,0.00018358623977261025,0.0003696813486792007,0.49660671394033823,3
342709,2026-04-10 00:15:00,1.17008,0.1,0.0002963453932461164,0.0003701811974796329,0.8005414517640949,6
342713,2026-04-10 01:15:00,1.16937,0.13333333333333333,0.00017798893694612373,0.00037359301061154926,0.476424697171841,4
342717,2026-04-10 02:15:00,1.16877,0.3,0.00023391949088336116,0.0003755069491097519,0.6229431743884771,2
342732,2026-04-10 06:00:00,1.16951,0.03333333333333333,0.0002445934043301127,0.0003715171288691309,0.6583637343307317,3
342740,2026-04-10 08:00:00,1.16896,0.13333333333333333,0.00017400612762669292,0.00035893015197179537,0.48479105661863225,3
342777,2026-04-10 17:15:00,1.17346,0.0,0.000269230867184187,0.0004002570340376489,0.6726449363507317,6
342781,2026-04-10 18:15:00,1.17244,0.16666666666666666,0.00022848401193987174,0.00037249901307707765,0.6133815229534413,4
342794,2026-04-10 21:30:00,1.1728,0.0,0.00014553070068359374,0.00035695377623372353,0.4077018100749948,2
342810,2026-04-13 01:30:00,1.1668,0.43333333333333335,0.0003308057188391035,0.0006846438566793132,0.48317926993983495,2
342817,2026-04-13 03:15:00,1.16877,0.7666666666666667,0.0003221949237306523,0.000688702498555938,0.4678288875185239,3
342823,2026-04-13 04:45:00,1.16862,0.7333333333333333,0.00032578692761097545,0.0006908434459924533,0.4715785168128154,2
342837,2026-04-13 08:15:00,1.16883,0.7666666666666667,0.00031563391735813347,0.0006879586123754819,0.4587978283581152,3
342847,2026-04-13 10:45:00,1.16867,0.3333333333333333,0.0003820077633374303,0.0007013116546407945,0.5447047126759803,3
342868,2026-04-13 16:00:00,1.1705,0.36666666666666664,0.00030207821125363866,0.0006961176317028895,0.4339470766092718,5
342871,2026-04-13 16:45:00,1.17176,0.3,0.00023707613038672276,0.0006914074639427883,0.3428891684720662,4
342875,2026-04-13 17:45:00,1.17089,0.2,0.00020289209903810165,0.0006906902896499334,0.2937526443884634,4
342880,2026-04-13 19:00:00,1.17247,0.43333333333333335,0.0002268382072039567,0.0006948838352820349,0.3264404720421926,2
342883,2026-04-13 19:45:00,1.17353,0.03333333333333333,0.00022279241373991869,0.0006923101748686866,0.3218101103052207,5
342884,2026-04-13 20:00:00,1.17329,0.0,0.00021306829047766033,0.0006922951422797067,0.3077708876824312,2
342909,2026-04-14 02:15:00,1.17635,0.3333333333333333,0.00028820079384547564,0.0003987716318981273,0.7227214044129929,6
342917,2026-04-14 04:15:00,1.17591,0.13333333333333333,0.0001912587111891017,0.00039528459782055286,0.48385065404427247,4
342919,2026-04-14 04:45:00,1.17594,0.03333333333333333,0.00017390283978238063,0.00039326165476597934,0.4422064487468682,3
342941,2026-04-14 10:15:00,1.17768,0.16666666666666666,0.000254157117322375,0.0004090615278138416,0.6213175770419517,6
342947,2026-04-14 11:45:00,1.17897,0.43333333333333335,0.00042378575481280865,0.0004106225225619008,1.0320567711892217,2
342958,2026-04-14 14:30:00,1.17973,0.7,0.0004793524801418344,0.00041695768227150424,1.149642998614189,3
342967,2026-04-14 16:45:00,1.18066,0.06666666666666667,0.0004257146522413214,0.0004160166708455159,1.0233115210890351,3
342976,2026-04-14 19:00:00,1.17936,0.23333333333333334,0.000351809188153529,0.00041877240782818624,0.8400963902518361,5
342979,2026-04-14 19:45:00,1.17985,0.16666666666666666,0.000298625407491103,0.0004013469058594866,0.7440580782642264,3
343009,2026-04-15 03:15:00,1.17947,0.0,7.70491387231988e-05,0.0003452885772974418,0.2231441865996812,3
343013,2026-04-15 04:15:00,1.17859,0.5333333333333333,0.0002673555089070195,0.0003499370124207838,0.7640103773462417,8
343029,2026-04-15 08:15:00,1.1793,0.03333333333333333,0.00019140024276616816,0.0003468824820915759,0.5517725819190809,7
343031,2026-04-15 08:45:00,1.17857,0.4666666666666667,0.0002573686882598092,0.0003496097785319986,0.7361598675543141,8
343038,2026-04-15 10:30:00,1.17915,0.16666666666666666,0.0002576974716181804,0.0003234913419261865,0.796613195530226,7
343050,2026-04-15 13:30:00,1.17762,0.9,0.0001579885341781397,0.00030712027776392175,0.5144190912056379,5
343072,2026-04-15 19:00:00,1.18006,0.06666666666666667,0.0001950609448151867,0.00032371545333062095,0.6025691477137012,6
343083,2026-04-15 21:45:00,1.18013,0.06666666666666667,0.00015498349303594893,0.00032694065956697917,0.4740416601630976,4
343084,2026-04-15 22:00:00,1.17995,0.2,0.0001494619877532578,0.0003274763053072961,0.4564055027218112,5
343093,2026-04-16 00:15:00,1.18018,0.0,0.00022863516899995456,0.00033666892446066057,0.6791098090393263,6
343131,2026-04-16 09:45:00,1.1796,0.4,0.00018134773854943263,0.00034875697177944156,0.5199831206933385,4
343133,2026-04-16 10:15:00,1.17841,0.7333333333333333,0.00033480753061349364,0.00035854545226892553,0.9337938286339569,5
343149,2026-04-16 14:15:00,1.17794,0.3333333333333333,0.0003520456873837234,0.00035473087902094066,0.9924303414334033,4
343165,2026-04-16 18:15:00,1.17849,0.1,0.0002604652838668322,0.0003231976938520569,0.8059008118605563,3
343190,2026-04-17 00:30:00,1.17855,0.23333333333333334,0.00017618238952540405,0.00034047204308313995,0.5174650697601684,3
343196,2026-04-17 02:00:00,1.17807,0.8,0.00025892250277962314,0.00033266130604003976,0.7783366988538749,3
343208,2026-04-17 05:00:00,1.17767,0.6666666666666666,0.00017729774273582757,0.0003303997016659139,0.5366159286520891,2
343214,2026-04-17 06:30:00,1.17823,0.26666666666666666,0.00021485176384601572,0.00030715389622753463,0.6994922300671615,3
343219,2026-04-17 07:45:00,1.17816,0.9,0.00023489657249341114,0.0003083928871415532,0.7616796050992997,3
343221,2026-04-17 08:15:00,1.17778,0.6333333333333333,0.00021928945835143112,0.00030758755015458265,0.7129334663942801,3
343252,2026-04-17 16:00:00,1.18334,0.06666666666666667,0.00046510617907785526,0.0004400596837390692,1.0569161326617624,12
343290,2026-04-20 01:30:00,1.17415,0.4,0.00032544978024249855,0.000567054603521709,0.5739302321527474,10
343293,2026-04-20 02:15:00,1.17484,0.03333333333333333,0.00022133953001051085,0.0005763280710719911,0.38405127412727147,5
343299,2026-04-20 03:45:00,1.17571,0.26666666666666666,0.0002908416615081709,0.0005810446246468843,0.500549612148848,12
343301,2026-04-20 04:15:00,1.17578,0.3,0.00024462618181246684,0.0005808342023111522,0.42116352797251577,10
343305,2026-04-20 05:15:00,1.1756,0.23333333333333334,0.00016629517689870118,0.0005809949984690902,0.2862247994163212,7
343314,2026-04-20 07:30:00,1.1754,0.06666666666666667,0.00018544030670359255,0.0005800687784881712,0.3196867571237056,6
343316,2026-04-20 08:00:00,1.1753,0.5333333333333333,0.00027517937947290147,0.0005869377730159486,0.4688391037756981,11
343344,2026-04-20 15:00:00,1.17645,0.5333333333333333,0.0002736518932845845,0.0006098127789283763,0.44874739057694535,14
343352,2026-04-20 17:00:00,1.17716,0.43333333333333335,0.0004565122816663341,0.0005072859416837125,0.8999111628269107,22
343355,2026-04-20 17:45:00,1.17852,0.4,0.0003195876675608469,0.0005046237995411612,0.6333186580804118,12
343360,2026-04-20 19:00:00,1.17853,0.26666666666666666,0.00021354493162304252,0.000498988038274042,0.42795601345811135,8
343382,2026-04-21 00:30:00,1.17862,0.36666666666666664,0.00018390438628144792,0.0003793264050648566,0.48481830904970685,12
343385,2026-04-21 01:15:00,1.17858,0.7,0.00012606167960541777,0.00037869884475513413,0.33288107780452564,11
343388,2026-04-21 02:00:00,1.17837,0.6333333333333333,0.00012966447396494735,0.0003728540749516338,0.3477619869965677,12
343391,2026-04-21 02:45:00,1.17837,0.3333333333333333,0.0001303252079443616,0.0003717097331271482,0.35061015714587745,16
343402,2026-04-21 05:30:00,1.17764,0.3,0.000115008073021648,0.0003528839019569687,0.3259090947018385,9
343412,2026-04-21 08:00:00,1.17777,0.4666666666666667,0.0001789053771863064,0.0003553051804404602,0.5035259462429544,15
343419,2026-04-21 09:45:00,1.17713,0.5333333333333333,0.00017728223348669638,0.0003205684739890345,0.5530245419353388,10
343421,2026-04-21 10:15:00,1.17571,0.6666666666666666,0.0004503301392074532,0.0003351697196120165,1.3435883758495348,12
343436,2026-04-21 14:00:00,1.17667,0.13333333333333333,0.00019310910587851083,0.00033223482905096323,0.5812428107857674,16
343441,2026-04-21 15:15:00,1.17614,0.26666666666666666,0.000252722072802299,0.0003380310236678599,0.7476298182932962,12
343448,2026-04-21 17:00:00,1.1752,0.8666666666666667,0.0004889260944209894,0.0003723001028676291,1.3132580159260028,12
343452,2026-04-21 18:00:00,1.1751,0.5666666666666667,0.0004246957324566014,0.00038685291525728297,1.0978222360665175,10
343454,2026-04-21 18:30:00,1.17453,0.6333333333333333,0.00032922388397402225,0.00037643584921826407,0.874581644276745,11
343455,2026-04-21 18:45:00,1.17431,0.26666666666666666,0.00029964758082531905,0.0003766762962273813,0.7955042136350312,12
343472,2026-04-21 23:00:00,1.17392,0.43333333333333335,0.0004146303744705337,0.0006178195280896045,0.6711189200390546,11
343473,2026-04-21 23:15:00,1.17401,0.8,0.000294451870214275,0.0006179404031149529,0.4765052887462666,9
343474,2026-04-21 23:30:00,1.17343,0.4,0.00035931506735308814,0.0006202427190278856,0.5793136401766187,13
343486,2026-04-22 02:30:00,1.17465,0.5666666666666667,0.00027332084937543415,0.0006252422120198506,0.4371439485706966,9
343499,2026-04-22 05:45:00,1.17397,0.36666666666666664,0.00022683712200682348,0.0006271264814308848,0.3617087281807331,5
343513,2026-04-22 09:15:00,1.17506,0.26666666666666666,0.00015912032153559774,0.0006485908689569841,0.24533234917642813,11
343516,2026-04-22 10:00:00,1.1755,0.3333333333333333,0.00022259225096907367,0.0006507550338414672,0.3420522921737401,9
343521,2026-04-22 11:15:00,1.17552,0.23333333333333334,0.0001813331592373871,0.0006429211914396831,0.28204570272653584,12
343548,2026-04-22 18:00:00,1.17128,1.0,0.0001513719957707326,0.0006240117255379367,0.24257876827593355,10
343566,2026-04-22 22:30:00,1.17063,0.16666666666666666,0.00016263608714151738,0.00040841360567278704,0.39821417524424546,5
343572,2026-04-23 00:00:00,1.17077,0.3333333333333333,0.0002466542501905652,0.00035107862131880625,0.7025612931485916,7
343588,2026-04-23 04:00:00,1.17086,0.13333333333333333,0.00019789912324540026,0.00035943660638958,0.5505814369694575,3
343589,2026-04-23 04:15:00,1.17041,0.7333333333333333,0.0002674412192910434,0.0003614291034726726,0.7399548534454542,5
343610,2026-04-23 09:30:00,1.17011,0.9,0.00021768799570090412,0.0003270652478627931,0.6655797187973522,3
343626,2026-04-23 13:30:00,1.16812,0.4666666666666667,0.0003095536972902326,0.000332569587235575,0.9307937621817501,7
343636,2026-04-23 16:00:00,1.16909,0.3,0.0002864229781785756,0.00037625043706104546,0.7612562005664977,4
343637,2026-04-23 16:15:00,1.16975,0.1,0.00034031006002601343,0.00037643560527923173,0.9040326027969082,4
343644,2026-04-23 18:00:00,1.1703,0.23333333333333334,0.00018726285148840414,0.00036656283138935674,0.5108615371030261,3
343647,2026-04-23 18:45:00,1.17036,0.3,0.00025796585880347725,0.00036280682598360955,0.7110281293746422,4
343648,2026-04-23 19:00:00,1.17018,0.4,0.00032226132996037,0.00036303510898826296,0.8876864027241752,4
343650,2026-04-23 19:30:00,1.16822,0.5666666666666667,0.0004445368864607581,0.0004042438881542709,1.0996749721819177,8
343656,2026-04-23 21:00:00,1.16889,0.5,0.0003405621891981875,0.0004710059960352771,0.723052768043064,4
343691,2026-04-24 05:45:00,1.16761,0.0,0.00028427969425807466,0.00045391511849966575,0.6262838197540318,3
343697,2026-04-24 07:15:00,1.16782,0.13333333333333333,0.00021681785437845374,0.0004540601449624664,0.4775091070729768,3
343705,2026-04-24 09:15:00,1.16807,0.26666666666666666,0.00027139752142328665,0.00045441650247168207,0.5972439820012905,3
343713,2026-04-24 11:15:00,1.16877,0.3333333333333333,0.00029329396985116246,0.0004600534519544867,0.6375215066969614,4
343730,2026-04-24 15:30:00,1.17019,0.5333333333333333,0.00027201311479003245,0.0004441705767780858,0.6124068747712981,9
343738,2026-04-24 17:30:00,1.17067,0.26666666666666666,0.00027530637651535607,0.00042961321385523806,0.6408238099681053,7
343764,2026-04-27 00:00:00,1.17047,0.6333333333333333,0.000324908584203808,0.00037352598444418094,0.8698419861934981,8
343766,2026-04-27 00:30:00,1.17066,0.5,0.00032083019890586197,0.00036529263657468107,0.87828268840637,9
343772,2026-04-27 02:00:00,1.17052,0.7666666666666667,0.000273469901417761,0.0003645831389653609,0.7500892723504238,7
343781,2026-04-27 04:15:00,1.17227,0.5333333333333333,0.0001405545244305648,0.0003691329527728109,0.3807693769271026,15
343801,2026-04-27 09:15:00,1.17335,0.3333333333333333,0.0002520365507869666,0.0003801432988498429,0.6630040607042803,11
343807,2026-04-27 10:45:00,1.1745,0.5,0.0003127376558353425,0.000388007659567792,0.8060089746261867,7
343832,2026-04-27 17:00:00,1.17358,0.4,0.00026717877989895246,0.00038990328149623337,0.6852437324294064,17
343848,2026-04-27 21:00:00,1.17198,0.7,0.0002225245765624822,0.00038003310473941256,0.5855399800369143,12
343852,2026-04-27 22:00:00,1.17203,0.6333333333333333,0.00020456888300369604,0.0003809590569619106,0.5369839074967824,12
343865,2026-04-28 01:15:00,1.17222,0.16666666666666666,0.00016756238836436276,0.00029995653189829964,0.5586222353750071,7
343893,2026-04-28 08:15:00,1.17046,0.7666666666666667,0.0002479138762526242,0.000304924216282899,0.8130343967912919,7
343906,2026-04-28 11:30:00,1.16948,0.4666666666666667,0.00024545742476824356,0.0003113841776834767,0.7882784109144815,8
343916,2026-04-28 14:00:00,1.16825,0.9,0.0003579247394848138,0.00031434483004545217,1.138637271155566,8
343923,2026-04-28 15:45:00,1.1701,0.36666666666666664,0.0003100255060615613,0.000311435781003414,0.9954716990536254,15
343929,2026-04-28 17:15:00,1.1704,0.8,0.00015967208255767573,0.00030991436491430705,0.5152135577898298,13
343930,2026-04-28 17:30:00,1.17102,0.3,0.0002673893991101081,0.0003111325258273098,0.8594067701507982,16
343940,2026-04-28 20:00:00,1.17132,0.5,0.00012299127108050364,0.00030761501466146303,0.39982206725461106,15
343954,2026-04-28 23:30:00,1.17124,0.3,0.00010928263927793034,0.000308033246866938,0.3547754678738866,14
343967,2026-04-29 02:45:00,1.17178,0.5333333333333333,0.00014951270832064408,0.00031151420167811956,0.4799547099786228,7
343969,2026-04-29 03:15:00,1.17069,0.6,0.00023577413622829376,0.0003211187527091697,0.7342272422247146,12
343995,2026-04-29 09:45:00,1.17046,0.6333333333333333,0.00016805786209184582,0.0002964225358559663,0.5669537290967185,14
344003,2026-04-29 11:45:00,1.16997,0.7,0.0001647377218432169,0.0002974819329961539,0.5537738718584526,9
344006,2026-04-29 12:30:00,1.17008,0.9,0.00023539791380346457,0.00029395765155556354,0.8007885236454542,14
344010,2026-04-29 13:30:00,1.17049,0.6666666666666666,0.00023330911056384864,0.0003057629649176414,0.7630391425158095,21
344011,2026-04-29 13:45:00,1.17034,0.6333333333333333,0.0002490515880808512,0.00030613013844959944,0.8135480856023408,19
344017,2026-04-29 15:15:00,1.16987,0.7,0.00020142301030051947,0.00029169132345819627,0.6905348020383829,17
344019,2026-04-29 15:45:00,1.16865,0.7666666666666667,0.00028500254671651317,0.0003006692870946671,0.9478937788107996,12
344020,2026-04-29 16:00:00,1.16883,0.7666666666666667,0.0003012408490203973,0.0003001926055866959,1.0034919029123077,14
344024,2026-04-29 17:00:00,1.17004,0.5666666666666667,0.00020726430330581677,0.0003099565352916757,0.6686882827322116,18
344025,2026-04-29 17:15:00,1.16944,0.6666666666666666,0.00019289229258629217,0.000315652412093878,0.6110908239437886,9
344030,2026-04-29 18:30:00,1.16918,0.36666666666666664,0.0002693907682907999,0.0003167683209640916,0.8504346882633432,14
344050,2026-04-29 23:30:00,1.16656,0.6666666666666666,0.00020653894721061673,0.0003707558385889259,0.5570753733688762,12
344057,2026-04-30 01:15:00,1.1677,0.26666666666666666,0.0002286656437140521,0.0003739600210410358,0.6114708280245816,5
344073,2026-04-30 05:15:00,1.16666,0.6666666666666666,0.0002109514867823476,0.000375023666906134,0.5625017976136087,7
344088,2026-04-30 09:00:00,1.167,0.4,0.00025464224396342625,0.000383478459639196,0.6640327182992545,7
344089,2026-04-30 09:15:00,1.16801,0.26666666666666666,0.00026919103641466263,0.00039690379076106556,0.6782274260935808,11
344116,2026-04-30 16:00:00,1.16892,0.5333333333333333,0.0003816765742642269,0.00046769350058421783,0.8160826990057737,20
344123,2026-04-30 17:45:00,1.1731,0.6333333333333333,0.0003962991548384999,0.000510118011517858,0.7768774007004974,15
344125,2026-04-30 18:15:00,1.17313,0.7333333333333333,0.00030460954808153644,0.0005072882948988846,0.600466344570897,13
344132,2026-04-30 20:00:00,1.17247,0.7666666666666667,0.00019305247760638078,0.000500531357288044,0.38569507143841864,11
344144,2026-04-30 23:00:00,1.17279,0.8,0.00014889253335383183,0.0004705108187579781,0.31644869239535883,11
344145,2026-04-30 23:15:00,1.17296,0.13333333333333333,0.00012455212610459603,0.00047045773081328497,0.2647466880590559,8
344173,2026-05-01 06:15:00,1.17286,0.4,0.00013272663557911405,0.0004500751447875221,0.2948988343752542,8
344204,2026-05-01 14:00:00,1.1751,0.1,0.00041908579338936265,0.0004419074976807679,0.9483563768182734,15
344228,2026-05-01 20:00:00,1.17329,0.8,0.00027460542083658415,0.00043151808344631614,0.6363705980603406,11
344234,2026-05-01 21:30:00,1.17224,0.36666666666666664,0.00018003618473341813,0.0004324310259272094,0.416335031343758,15
344236,2026-05-01 22:00:00,1.17192,0.3333333333333333,0.00018712239145805932,0.000431806166765313,0.43334812205162526,20
344240,2026-05-03 23:00:00,1.17175,0.13333333333333333,0.00017934279629010406,0.00042924132785533936,0.417813441185107,14
344255,2026-05-04 02:45:00,1.17242,0.03333333333333333,0.00017166524150738342,0.0005151287180536951,0.33324727488691414,12
344256,2026-05-04 03:00:00,1.17267,0.23333333333333334,0.00018946374072672698,0.0005148136146715881,0.36802395144034883,6
344267,2026-05-04 05:45:00,1.17258,0.8,0.0001593824567947583,0.0005192537203323215,0.30694523804808527,6
344274,2026-05-04 07:30:00,1.17263,0.6333333333333333,0.0002183281621813621,0.0005330253931932196,0.40960180315878303,9
344290,2026-05-04 11:30:00,1.17181,0.4666666666666667,0.00015731949669715427,0.0005077115351839801,0.309860000797788,16
344296,2026-05-04 13:00:00,1.17047,0.7333333333333333,0.0005166699060638772,0.0005436324786185906,0.9504029401936632,22
344303,2026-05-04 14:45:00,1.17078,0.5333333333333333,0.00041559563619130373,0.0005530255707559965,0.7514944302180758,20
344306,2026-05-04 15:30:00,1.1707,0.4666666666666667,0.0003245228411151545,0.000540406853575218,0.6005157761567599,20
344313,2026-05-04 17:15:00,1.17107,0.5,0.00020908105026061865,0.0005164043589006896,0.40487855428971564,16
344337,2026-05-04 23:15:00,1.16855,0.6666666666666666,0.0002745699543258952,0.0005274651531687762,0.5205461492127034,9
344353,2026-05-05 03:15:00,1.16838,0.5666666666666667,0.00017662153026717074,0.00044118751550139987,0.40033211290315923,6
344354,2026-05-05 03:30:00,1.16813,0.13333333333333333,0.0002264483200487519,0.0004414553525361585,0.5129586010177645,4
344362,2026-05-05 05:30:00,1.16867,0.4666666666666667,0.00021300491784276136,0.0004385528929726706,0.48569949316475086,9
344379,2026-05-05 09:45:00,1.16915,0.6666666666666666,0.00024589599096915715,0.00042357978553130146,0.5805187106857016,11
344385,2026-05-05 11:15:00,1.16859,0.43333333333333335,0.0002600474025202537,0.0004268573332397085,0.6092138573480239,10
344394,2026-05-05 13:30:00,1.16924,0.5333333333333333,0.00030367589142340996,0.00037599454893182723,0.8076603564762594,15
344403,2026-05-05 15:45:00,1.16977,0.7,0.00028724597402179306,0.00035900956614669976,0.8001067411791963,17
344406,2026-05-05 16:30:00,1.17015,0.4,0.0002067838324668555,0.0003506271728566943,0.5897541561941939,18
344413,2026-05-05 18:15:00,1.17013,0.8333333333333334,0.00020932611477443035,0.00033926984864705953,0.6169900320030829,16
344420,2026-05-05 20:00:00,1.16985,0.4,0.0001440705083623234,0.000301631857352063,0.4776369101960113,11
344446,2026-05-06 02:30:00,1.17134,0.43333333333333335,0.00021475769762363325,0.0003570468896089787,0.6014831773463312,6
344463,2026-05-06 06:45:00,1.17329,0.06666666666666667,0.0002576322252876408,0.00037033835184525395,0.6956671487140293,12
344505,2026-05-06 17:15:00,1.17495,0.3,0.00027851126132091505,0.0005118225774431407,0.5441558727484141,11
344518,2026-05-06 20:30:00,1.17451,0.7333333333333333,0.00016917173812683702,0.0005159547115404461,0.32788098323931186,8
344527,2026-05-06 22:45:00,1.17453,0.6666666666666666,0.00012913833168072924,0.000520317845299123,0.24819124088755698,6
344553,2026-05-07 05:15:00,1.17527,0.4,0.00018799020312442924,0.0004821717991690259,0.389882202668035,9
344555,2026-05-07 05:45:00,1.17508,0.4666666666666667,0.00022340922064590906,0.00048194454434308986,0.4635579409876399,8
344560,2026-05-07 07:00:00,1.17505,0.3,0.00022802549748077635,0.0004808474009896202,0.4742159300673825,7
344565,2026-05-07 08:15:00,1.17498,0.3333333333333333,0.00012592855576931659,0.0004669199321494758,0.26970053557063156,6
344568,2026-05-07 09:00:00,1.17474,0.3333333333333333,0.00019857231207495217,0.0004820606297659438,0.4119239361475454,10
344591,2026-05-07 14:45:00,1.17741,0.5333333333333333,0.00034892731292062584,0.00045045060141132317,0.7746183750835031,9
344592,2026-05-07 15:00:00,1.17727,0.6666666666666666,0.0003397355397641429,0.0004157098165381458,0.8172420430032558,8
344610,2026-05-07 19:30:00,1.17469,0.5666666666666667,0.00034712119881449366,0.000401413277210044,0.8647476765768726,16
344614,2026-05-07 20:30:00,1.17506,0.23333333333333334,0.00025998200640784915,0.00038985083703283363,0.6668755885881379,9
344630,2026-05-08 00:30:00,1.17282,0.6666666666666666,0.0002585959630865648,0.000444875135670833,0.5812776268033604,15
344645,2026-05-08 04:15:00,1.173,0.2,0.00015286413311908477,0.0004368150256061012,0.3499516366383658,13
344647,2026-05-08 04:45:00,1.17245,0.7,0.00016864708518962213,0.0004338999144992781,0.388677387466742,13
344653,2026-05-08 06:15:00,1.17283,0.7,0.00016860090503253026,0.0004387102541231061,0.3843103812777973,14
344656,2026-05-08 07:00:00,1.17347,0.36666666666666664,0.00018284160568792426,0.0004400395350058212,0.4155117691538909,12
344662,2026-05-08 08:30:00,1.1747,0.3333333333333333,0.00025278357017915446,0.00044726864396411685,0.5651716783424563,7
344679,2026-05-08 12:45:00,1.17669,0.8,0.0002324224727631583,0.0003937887823977929,0.5902211620857511,9
344694,2026-05-08 16:30:00,1.17673,0.5,0.0002527489354978029,0.0004268683761418196,0.5921003982122851,11
344703,2026-05-08 18:45:00,1.17721,0.4,0.00024351520751393141,0.0004165890714402247,0.5845453570638681,8
344713,2026-05-08 21:15:00,1.17809,0.16666666666666666,0.00023774027244952508,0.00039857021784013845,0.5964827822255393,8
344718,2026-05-08 22:30:00,1.17833,0.03333333333333333,0.0001340719075800886,0.0003750599856794636,0.35746790566634873,6
344721,2026-05-10 23:15:00,1.17507,0.4666666666666667,0.0004268795328586889,0.0004875110185051803,0.8756305327571849,14
344722,2026-05-10 23:30:00,1.17534,0.16666666666666666,0.00026116808736128595,0.00048523496801683897,0.5382301453431582,8
344724,2026-05-11 00:00:00,1.17557,0.5333333333333333,0.00033810367791105897,0.0005109369687766158,0.6617326570058382,12
344753,2026-05-11 07:15:00,1.17537,0.6,0.00026261612467843475,0.000504949989997745,0.5200834337665945,6
344758,2026-05-11 08:30:00,1.17586,0.7333333333333333,0.0001792296533161604,0.0005092653220553348,0.35193767483089294,7
344778,2026-05-11 13:30:00,1.17738,0.13333333333333333,0.00017576643883911674,0.0005015882945838467,0.3504197381339313,8
344790,2026-05-11 16:30:00,1.1785,0.7666666666666667,0.00020084261054232382,0.0004757966485488451,0.4221185902735618,9
344810,2026-05-11 21:30:00,1.17752,0.9666666666666667,8.005249332056478e-05,0.00046193981094931315,0.1732963720014784,3
344823,2026-05-12 00:45:00,1.17862,0.3333333333333333,0.00018414422370226056,0.00025939586676020337,0.7098965222622123,7
344887,2026-05-12 16:45:00,1.17325,0.26666666666666666,0.0002152619868168141,0.0002671263256011965,0.8058434013657915,9
344888,2026-05-12 17:00:00,1.17355,0.06666666666666667,0.0001999818027096999,0.00026941948423197783,0.7422692656389688,8
344894,2026-05-12 18:30:00,1.17359,0.43333333333333335,0.00016996417595207286,0.0002881273072252213,0.5898926331866784,10
344903,2026-05-12 20:45:00,1.17382,0.16666666666666666,0.00015406783690586118,0.0002956024321242364,0.5211994901351462,8
344910,2026-05-12 22:30:00,1.17386,0.4,0.00017336638128025367,0.00029798161273201026,0.5818022786398257,10
344915,2026-05-12 23:45:00,1.17346,0.4666666666666667,0.0001810958884830357,0.00029688674715908927,0.6099830666607491,9
344932,2026-05-13 04:00:00,1.17383,0.9,0.00014234499913957344,0.00029249780132370467,0.4866532278033827,7
344935,2026-05-13 04:45:00,1.17363,0.3333333333333333,0.00013166581101261394,0.0002915939259505509,0.45153824992548747,6
344938,2026-05-13 05:30:00,1.17351,0.6,0.00017178667960536016,0.0002927865901099725,0.586730012261955,8
344940,2026-05-13 06:00:00,1.17341,0.36666666666666664,0.0001607033970247595,0.00029015604694440926,0.5538516212813877,7
344943,2026-05-13 06:45:00,1.1733,0.5333333333333333,0.0001373717439969594,0.0002890019556938215,0.4753315376955293,8
344954,2026-05-13 09:30:00,1.17169,0.4666666666666667,0.00029753487113007895,0.00028685431746625355,1.0372333725291825,8
344979,2026-05-13 15:45:00,1.17084,0.16666666666666666,0.0002566695573814307,0.00030500809123832343,0.8415172080824486,6
344995,2026-05-13 19:45:00,1.17068,0.5666666666666667,0.0002103303045883096,0.0002685765323691131,0.7831298689166412,7
345000,2026-05-13 21:00:00,1.17072,0.16666666666666666,0.00015689211689261955,0.0002697898300392675,0.581534585161287,3
345026,2026-05-14 03:30:00,1.17157,0.13333333333333333,0.00013404741077168377,0.00026351922781889557,0.5086817075215789,3
345040,2026-05-14 07:00:00,1.17142,0.26666666666666666,0.0001530832974029985,0.0002602329958349215,0.5882547557501383,4
345046,2026-05-14 08:30:00,1.17129,0.8,0.00022227001883645488,0.0002676833618398835,0.8303467847561147,7
345050,2026-05-14 09:30:00,1.17111,0.6333333333333333,0.0002000998197106977,0.00026507271556363,0.7548865196677109,4
345062,2026-05-14 12:30:00,1.17094,0.3333333333333333,0.00019335015702267257,0.00025088521983424565,0.7706717723364285,5
345077,2026-05-14 16:15:00,1.16954,0.03333333333333333,0.0001963726240282063,0.00025307910979113736,0.7759337552209263,4
345079,2026-05-14 16:45:00,1.1695,0.3333333333333333,0.00021224901466993093,0.00024695058900281615,0.85947968590393,4
345119,2026-05-15 02:45:00,1.16539,0.5,0.00024109731679423254,0.00029297345539618135,0.8229322908049882,7
345123,2026-05-15 03:45:00,1.16501,0.3333333333333333,0.00022375342716610588,0.00029732336529895905,0.7525591772483858,7
345128,2026-05-15 05:00:00,1.16532,0.26666666666666666,0.00024256353421765026,0.00030194137682888435,0.8033464534246838,5
345130,2026-05-15 05:30:00,1.16521,0.0,0.00019643076888294124,0.0003019498245761626,0.6505410929072898,5
345137,2026-05-15 07:15:00,1.16448,0.06666666666666667,0.0002758849244432618,0.0002992167444123422,0.9220236821475222,8
345153,2026-05-15 11:15:00,1.16193,0.43333333333333335,0.00039425710873486445,0.00035328805203322007,1.1159650219300143,8
345178,2026-05-15 17:30:00,1.16223,0.9333333333333333,0.00025719351849478705,0.00040210848733671203,0.6396122603585382,4
345190,2026-05-15 20:30:00,1.16214,0.6333333333333333,0.00024385950204304884,0.0003725350576066896,0.6545947745420184,2
345193,2026-05-15 21:15:00,1.16195,0.9,0.00015016794204711912,0.00037316106261941703,0.40242125208083085,2
345194,2026-05-15 21:30:00,1.1621,0.8333333333333334,0.00018716959931863576,0.00037355807875107767,0.5010455133092093,2
345204,2026-05-18 00:00:00,1.16198,0.5,0.00028210878372192383,0.0003796366248693088,0.7431021277755822,2
345214,2026-05-18 02:30:00,1.16146,0.2,0.00022940635681152348,0.0003793982960346432,0.6046583740865725,2
345218,2026-05-18 03:30:00,1.16125,0.0,0.0,0.0003791866991348031,0.0,1
345256,2026-05-18 13:00:00,1.16264,0.7666666666666667,0.00031617819101006055,0.0003171263237155726,0.9970102365063758,3
345261,2026-05-18 14:15:00,1.16471,0.13333333333333333,0.00043694067511820594,0.0003657559717549389,1.1946234890484897,10
345290,2026-05-18 21:30:00,1.16471,0.6,0.00035624291994443866,0.00039661723885854025,0.8982033180647961,7
345295,2026-05-18 22:45:00,1.16571,0.43333333333333335,0.00019660396738031076,0.0004022620712951278,0.4887459728612301,3
345304,2026-05-19 01:00:00,1.16574,0.5333333333333333,0.00021178436072782146,0.0004044542577442887,0.5236299449756802,3
345306,2026-05-19 01:30:00,1.1658,0.8333333333333334,0.00014398839315977983,0.00040303212576483924,0.3572628184081634,3
345318,2026-05-19 04:30:00,1.16446,0.7666666666666667,0.00027886895855901877,0.0004120019881022149,0.6768631380726087,6
345328,2026-05-19 07:00:00,1.16362,0.43333333333333335,0.00032678145131097286,0.0004115682564922395,0.7939909022530133,9
345340,2026-05-19 10:00:00,1.16342,0.8666666666666667,0.00026962130458397637,0.00041262412372873006,0.6534307838027242,7
345358,2026-05-19 14:30:00,1.16212,0.1,0.00023964954398835334,0.000405200984667755,0.5914337651100583,5
345373,2026-05-19 18:15:00,1.15983,0.3,0.0002993623032437302,0.0004100198456777615,0.7301166184990028,3
345389,2026-05-19 22:15:00,1.16039,0.7,0.0002144011257695866,0.0003604471256576567,0.5948199070207574,3
345412,2026-05-20 04:00:00,1.15968,0.6,0.00028970786667916495,0.00034682503269774527,0.8353141767931227,3
345450,2026-05-20 13:30:00,1.16019,0.4,0.00026924984009534783,0.0003312708768324854,0.8127784810721532,8
345451,2026-05-20 13:45:00,1.16016,0.4666666666666667,0.0002246104791839596,0.00031644647831085453,0.7097897893599506,9
345452,2026-05-20 14:00:00,1.16004,0.16666666666666666,0.00027032305556139966,0.0003146365256143792,0.8591598036291234,8
345461,2026-05-20 16:15:00,1.1588,0.5333333333333333,0.0003223581698390553,0.00029530188579607406,1.0916224560166385,4
345489,2026-05-20 23:15:00,1.16215,0.6333333333333333,0.00016902458512939593,0.0004108241124648311,0.41142810268680474,4
345507,2026-05-21 03:45:00,1.16309,0.8,0.0002030063928030131,0.0004043287355042433,0.5020825258680696,10
345511,2026-05-21 04:45:00,1.16196,0.7,0.0002535086107198922,0.0004081850801876415,0.6210629026503247,5
345543,2026-05-21 12:45:00,1.16057,0.4666666666666667,0.00044890285225908806,0.0005203677092218003,0.8626646971050788,13
345549,2026-05-21 14:15:00,1.15968,0.7,0.0003092941238303782,0.0005238269504453413,0.5904509563080441,11
345564,2026-05-21 18:00:00,1.15879,0.7333333333333333,0.00029636194743606073,0.0005501126207613093,0.5387295914533299,8
345574,2026-05-21 20:30:00,1.16256,0.3,0.00032164262503496765,0.0005550661204961487,0.5794672258999807,13
345584,2026-05-21 23:00:00,1.16144,0.6666666666666666,0.00025045570349353926,0.0005663210382958557,0.44225039607781086,13
345597,2026-05-22 02:15:00,1.16134,0.8333333333333334,0.00026262997279291405,0.0005669654769524489,0.46322039607173593,9
345607,2026-05-22 04:45:00,1.16132,0.4,0.00011743411425850495,0.000563523086984319,0.20839272954538732,9
345617,2026-05-22 07:15:00,1.16148,0.6333333333333333,0.00012795005802916087,0.0005621330554988627,0.22761525367977534,13
345621,2026-05-22 08:15:00,1.1612,0.4,0.00023337710056580584,0.0005655493946094295,0.4126555572161419,15
345624,2026-05-22 09:00:00,1.16092,0.36666666666666664,0.00021819942518300602,0.0005643098687752564,0.3866659742396012,13
345630,2026-05-22 10:30:00,1.16108,0.36666666666666664,0.00022918844234508562,0.0005346730762240966,0.4286515490243729,13
345632,2026-05-22 11:00:00,1.16074,0.3,0.00020800082830852674,0.0004969313445002456,0.4185705542839307,11
345644,2026-05-22 14:00:00,1.15961,0.6666666666666666,0.0002679921176427737,0.0004648637173260057,0.5764960947787472,10
345645,2026-05-22 14:15:00,1.16042,0.6333333333333333,0.0002822123423825362,0.00047080783158764034,0.5994215122354071,17
345663,2026-05-22 18:45:00,1.16063,0.3,0.00019407915905402486,0.0004009584731287658,0.48403805396499827,12
345671,2026-05-22 20:45:00,1.16114,0.5333333333333333,0.00013102274696685833,0.0003590081735655356,0.3649575597836371,14
345689,2026-05-25 01:15:00,1.16444,0.3,0.00026939557159472654,0.00047173233380342695,0.5710771814657609,12
345694,2026-05-25 02:30:00,1.16414,0.3,0.00020228823512896495,0.0004738288985698064,0.42692253625632975,12
345699,2026-05-25 03:45:00,1.16395,0.43333333333333335,0.0002517040975962134,0.0004829246131874336,0.5212078463652908,12
345714,2026-05-25 07:30:00,1.16429,0.3333333333333333,0.00020016652742685853,0.00048152321403279743,0.4156944495997338,15
345720,2026-05-25 09:00:00,1.16406,0.4666666666666667,0.0002164426417991124,0.0004785560961363496,0.4522826969431058,12
345729,2026-05-25 11:15:00,1.16414,0.5333333333333333,0.00018773010537760426,0.00046873802402821655,0.40050112377122515,11
345731,2026-05-25 11:45:00,1.16443,0.3333333333333333,0.00021150636130303288,0.00046729788086210714,0.4526157082348194,13
345743,2026-05-25 14:45:00,1.165,0.2,0.00032629007070687576,0.00046790144482048335,0.6973478588681454,10
345751,2026-05-25 16:45:00,1.16442,0.2,0.00015560685781262792,0.0004463170376219468,0.34864646584349046,11
345756,2026-05-25 18:00:00,1.16418,0.7666666666666667,0.00010507921893211555,0.0004195237581528998,0.25047262971413964,8
345766,2026-05-25 20:30:00,1.16423,0.3333333333333333,0.00011658440146477251,0.0004132281875010701,0.28213080566889115,6
345768,2026-05-25 21:00:00,1.1643,0.13333333333333333,0.00011325491287923234,0.00041319411243823697,0.2740961438460993,8
345769,2026-05-25 21:15:00,1.16421,0.8,9.805920873708334e-05,0.00041292524064508976,0.23747448468853824,6
345778,2026-05-25 23:30:00,1.16377,0.16666666666666666,0.00017556670948541,0.0004110784738738913,0.4270880638212876,9
345779,2026-05-25 23:45:00,1.16398,0.3,0.00010266958794258957,0.00041120540948151965,0.24967956543189332,6
345782,2026-05-26 00:30:00,1.16395,0.3333333333333333,8.590444227965479e-05,0.00023281752423708125,0.3689775611228351,6
345785,2026-05-26 01:15:00,1.16418,0.06666666666666667,9.4044241686469e-05,0.00022235065159351337,0.4229546484909539,5
345794,2026-05-26 03:30:00,1.16363,0.7333333333333333,0.00012250785505850496,0.00022271666755943387,0.5500614588075797,5
345802,2026-05-26 05:30:00,1.16342,0.6,0.0001718123827386868,0.00020892708167346392,0.822355729867589,8
345806,2026-05-26 06:30:00,1.16327,0.5,0.0001490266699600155,0.00020873917617212628,0.7139372335029632,8
345811,2026-05-26 07:45:00,1.16293,0.7,0.00014323832382584481,0.0002079181476613586,0.6889168907907962,9
345822,2026-05-26 10:30:00,1.16389,0.4666666666666667,0.00012687315224544924,0.00021283233374063724,0.5961178455152403,9
345864,2026-05-26 21:00:00,1.16291,0.5666666666666667,0.0001405777031210961,0.00020243875832547911,0.6944208919473641,7
345865,2026-05-26 21:15:00,1.16279,0.1,0.00010269151490977833,0.00020266543424303187,0.5067046351211176,7
345876,2026-05-27 00:00:00,1.16283,0.7666666666666667,0.00011474277061963797,0.00020969424493666447,0.5471908428116117,6
345878,2026-05-27 00:30:00,1.1632,0.3333333333333333,0.0001507069616773361,0.0002089815260661014,0.7211496849231883,6
345882,2026-05-27 01:30:00,1.16363,0.0,0.00013070264716592017,0.00021108708963910288,0.6191882572704159,7
345889,2026-05-27 03:15:00,1.16384,0.6333333333333333,9.903542107562478e-05,0.0002096260657457927,0.47243848575454395,6
345938,2026-05-27 15:30:00,1.16406,0.8333333333333334,0.00024079553173735096,0.00030184434595125723,0.7977473653796231,17
345943,2026-05-27 16:45:00,1.16483,0.2,0.00021252459524986555,0.0003048137752930632,0.6972276598901535,12
345945,2026-05-27 17:15:00,1.16331,0.3,0.0001949823701875592,0.00039416289955884705,0.4946745886175141,16
345951,2026-05-27 18:45:00,1.16306,0.6333333333333333,0.00016610781062939748,0.00039447115107664823,0.42108988243128,8
345960,2026-05-27 21:00:00,1.1629,0.43333333333333335,0.0001229808649758821,0.0004013800801966859,0.30639503812849533,13
345962,2026-05-27 21:30:00,1.16306,0.3,0.00011757982304919449,0.0004012084083362455,0.29306420455339255,11
345963,2026-05-27 21:45:00,1.16286,0.5333333333333333,8.737561363220345e-05,0.00040147549515109497,0.21763623107138758,12
345969,2026-05-27 23:15:00,1.16256,0.7666666666666667,0.00011425442589117275,0.00040599353685014203,0.28141932203552705,15
345990,2026-05-28 04:30:00,1.16133,0.6333333333333333,0.0001749745852034999,0.0004158313389817279,0.42078258370802707,11
345998,2026-05-28 06:30:00,1.15876,0.6666666666666666,0.00024234722272153055,0.00043363218721444803,0.5588773847216291,14
346000,2026-05-28 07:00:00,1.15914,0.3,0.00025851975095721695,0.00043528467429810257,0.5939096095539789,11
346010,2026-05-28 09:30:00,1.16123,0.43333333333333335,0.00026033543854694333,0.00044697119214496254,0.5824434395819202,13
346015,2026-05-28 10:45:00,1.16104,0.5,0.0001652597874651102,0.00044215143103987876,0.3737628691519603,7
346017,2026-05-28 11:15:00,1.16177,0.43333333333333335,0.00016785887279709223,0.0004434677284319493,0.37851429097359984,15
346020,2026-05-28 12:00:00,1.16128,0.8666666666666667,0.00019726858863014236,0.000444490608254486,0.44380822669080866,12
346021,2026-05-28 12:15:00,1.16125,0.43333333333333335,0.0001955978100914357,0.0004440721581278432,0.440464024846893,13
346022,2026-05-28 12:30:00,1.16141,0.5,0.00020744923370688217,0.00044443581258835004,0.4667698412932082,13
346026,2026-05-28 13:30:00,1.16104,0.4666666666666667,0.000259820405845325,0.00045170603607458593,0.5751979940388118,14
346027,2026-05-28 13:45:00,1.1611,0.26666666666666666,0.00023153113778183552,0.0004517408651020358,0.512530868177133,16
346033,2026-05-28 15:15:00,1.16326,0.8666666666666667,0.00029863359148765424,0.00044276521614610586,0.6744739211607572,18
346049,2026-05-28 19:15:00,1.16545,0.6666666666666666,0.00020810743621366338,0.0004043300981658618,0.5146968705958043,12
346050,2026-05-28 19:30:00,1.16507,0.8333333333333334,0.00021658725360826326,0.00040572034590554296,0.5338338483490488,13
346063,2026-05-28 22:45:00,1.16471,0.2,8.864361089328324e-05,0.0003947603205006315,0.224550458315735,7
346068,2026-05-29 00:00:00,1.16515,0.3333333333333333,0.00017206365386147448,0.0003897284915329238,0.4414962149282297,12
346089,2026-05-29 05:15:00,1.16403,0.8333333333333334,0.0001461968034261369,0.00038778005372152983,0.37700960124968885,13
346103,2026-05-29 08:45:00,1.16491,0.5666666666666667,0.00019252411593845888,0.00036476158679680934,0.5278080886453226,12
346108,2026-05-29 10:00:00,1.16415,0.6333333333333333,0.00015021351084455528,0.00036517430108991506,0.4113474316134008,13
346109,2026-05-29 10:15:00,1.16344,0.8666666666666667,0.00018110845921463935,0.0003694900342632392,0.4901578998626268,13
346119,2026-05-29 12:45:00,1.16422,0.7333333333333333,0.00019292187407776045,0.00039117397649868706,0.49318688273837147,14
346146,2026-05-29 19:30:00,1.16674,0.5666666666666667,0.0002074594689915029,0.00036271325030770243,0.5719655094361943,8
346150,2026-05-29 20:30:00,1.16639,0.3,9.657695638098297e-05,0.00036292762020041205,0.26610528106858405,5
346154,2026-05-29 21:30:00,1.16673,0.16666666666666666,0.00013569112776532733,0.00036236016234735544,0.37446480564067897,3
346200,2026-06-01 09:00:00,1.16643,0.2,0.00029053370899615014,0.0003819282616155933,0.760702305106107,8
346202,2026-06-01 09:30:00,1.16578,0.4,0.00018287054127910326,0.00038480028330926486,0.475234944492309,14
346220,2026-06-01 14:00:00,1.16456,0.6,0.00020923209874086038,0.0003533231975260248,0.5921833047077214,16
346239,2026-06-01 18:45:00,1.16209,0.5,0.00017416168796805003,0.00035105136012144537,0.49611455118077086,11
346249,2026-06-01 21:15:00,1.16312,0.5,0.000140406896705788,0.0003596559931728552,0.3903922063612233,14
346259,2026-06-01 23:45:00,1.16321,0.8666666666666667,0.00012012546622187729,0.00036311286672917364,0.3308212878930352,15
346263,2026-06-02 00:45:00,1.16334,0.43333333333333335,0.00012927070871377691,0.0003595039889196939,0.35958073539666185,14
346282,2026-06-02 05:30:00,1.16327,0.5333333333333333,0.00013332515930452387,0.000354370327118338,0.37623116017837865,16
346284,2026-06-02 06:00:00,1.16337,0.3,0.00012533417258441332,0.00035379055723972245,0.3542609321239996,14
346289,2026-06-02 07:15:00,1.16388,0.4,0.00016816422657767562,0.0003473924908510811,0.4840755946269536,14
346295,2026-06-02 08:45:00,1.16479,0.4666666666666667,0.00019097620774883998,0.0003570124250579321,0.534928742936189,12
346303,2026-06-02 10:45:00,1.16449,0.6,0.00014996074713613303,0.00032906573311193473,0.45571669136732174,11
346308,2026-06-02 12:00:00,1.16429,0.3333333333333333,0.00013085842648042934,0.000325019491147137,0.4026171661846257,13
346310,2026-06-02 12:30:00,1.16423,0.3333333333333333,0.00013874094772172484,0.0003243729558836853,0.42772045327809327,14
346313,2026-06-02 13:15:00,1.16437,0.4,0.00016229655954023658,0.00032343882292684657,0.5017844118760716,14
346342,2026-06-02 20:30:00,1.162,0.03333333333333333,0.00018416017403545586,0.00023413444181319507,0.7865573839084669,6
346346,2026-06-02 21:30:00,1.16315,0.6666666666666666,0.00015783707115750074,0.0002436955302799375,0.6476814366524918,14
346362,2026-06-03 01:30:00,1.16226,0.43333333333333335,0.0001398316265378864,0.00023041504452972638,0.6068684743363031,11
346364,2026-06-03 02:00:00,1.16207,0.43333333333333335,0.00014856252581985872,0.00023044404685020392,0.6446793824812023,11
346370,2026-06-03 03:30:00,1.16304,0.16666666666666666,0.00010052869314670672,0.00023620615491047204,0.4255972634786319,11
346372,2026-06-03 04:00:00,1.1629,0.5333333333333333,0.00011489618908270146,0.0002333476754523501,0.4923819740649759,8
346385,2026-06-03 07:15:00,1.1626,0.3333333333333333,0.00013221642962623497,0.00023021015316652746,0.5743292717875627,10
346397,2026-06-03 10:15:00,1.16119,0.4,0.00018915028980672733,0.00024157464762778353,0.7829889918670966,7
346404,2026-06-03 12:00:00,1.16132,0.43333333333333335,0.00017097460867082675,0.0002493153158587643,0.6857765961224898,7
346423,2026-06-03 16:45:00,1.1596,0.5666666666666667,0.0002440683881779443,0.00026989452908669873,0.9043102466872968,12
346426,2026-06-03 17:30:00,1.16067,0.6666666666666666,0.00025915954618415266,0.0003087691267522467,0.839331149814404,10
346429,2026-06-03 18:15:00,1.15978,0.3,0.00032591565755713794,0.00030999475032664724,1.0513586349888653,16
346457,2026-06-04 01:15:00,1.16045,0.6333333333333333,0.00014525277096787113,0.000305920760129845,0.47480521068991866,10
346465,2026-06-04 03:15:00,1.16059,0.2,0.000187879015577751,0.0003066715907032073,0.6126391269140344,4
346466,2026-06-04 03:30:00,1.16073,0.36666666666666664,0.00011551231906966597,0.00030636468542817396,0.3770418868879305,7
346496,2026-06-04 11:00:00,1.16129,0.26666666666666666,0.0002084303640751338,0.00031278964742193524,0.6663595352117687,10
346498,2026-06-04 11:30:00,1.16203,0.6666666666666666,0.00019531291553758168,0.00031283090836236167,0.6243402116498818,14
346502,2026-06-04 12:30:00,1.16281,0.03333333333333333,0.00017876128198601694,0.0003184854091176633,0.5612856252387193,18
346526,2026-06-04 18:30:00,1.16277,0.7,0.00016399946371929415,0.00027454114355808263,0.5973584199214862,16
346527,2026-06-04 18:45:00,1.16259,0.6666666666666666,0.00014789169509137938,0.0002747475490196103,0.538282127062118,15
346550,2026-06-05 00:30:00,1.16123,0.36666666666666664,0.0001646501045106696,0.00027032435633287153,0.6090834978551584,11
346551,2026-06-05 00:45:00,1.16111,0.23333333333333334,0.00015072292490998383,0.00026972379089574915,0.5588047105872085,7
346556,2026-06-05 02:00:00,1.16117,0.6,0.000137328772782242,0.00025564265693363145,0.5371903673254911,9
346562,2026-06-05 03:30:00,1.16113,0.3,0.00010956754162567927,0.0002548259637654833,0.42997008627627303,8
346577,2026-06-05 07:15:00,1.16152,0.1,0.00010108493906518093,0.00024189896796595757,0.4178808198942238,7
346615,2026-06-05 16:45:00,1.15509,0.9666666666666667,0.00030006468059090054,0.0004469837696808771,0.6713100137956484,7
346626,2026-06-05 19:30:00,1.15268,0.1,0.00020626067212523402,0.0004823375216033507,0.4276272586872312,3
346627,2026-06-05 19:45:00,1.15221,1.0,0.00012470020800058016,0.00048342628113173157,0.25795082490891696,3
346647,2026-06-08 00:45:00,1.15138,0.8666666666666667,0.0001736426243443893,0.0005158464118913338,0.33661690833078467,2
346658,2026-06-08 03:30:00,1.15192,0.3333333333333333,0.0002790235091742163,0.0005362285397402517,0.520344383962433,6
346669,2026-06-08 06:15:00,1.15321,0.5333333333333333,0.00023613229738310968,0.0005428991394022684,0.43494689942424886,5
346675,2026-06-08 07:45:00,1.15277,0.9333333333333333,0.00020512829282190199,0.0005467336853362571,0.37518868568660096,4
346685,2026-06-08 10:15:00,1.15185,0.7666666666666667,0.00029926727199737583,0.0005617735772413362,0.5327186683769777,6
346718,2026-06-08 18:30:00,1.15409,0.7,0.00030796599686131246,0.00041342465691366823,0.7449144401796582,3
346727,2026-06-08 20:45:00,1.15362,0.5,0.00020742416381835938,0.00040089189922698975,0.5174067229054019,2
346736,2026-06-08 23:00:00,1.15312,0.0,0.00020504375664977403,0.00040006427399124587,0.5125270362288354,2
346742,2026-06-09 00:30:00,1.15328,0.7666666666666667,0.00028962219060326485,0.000373997206975424,0.7743966671448871,3
346759,2026-06-09 04:45:00,1.15381,0.7,0.00017834482488616847,0.0003350616656128899,0.5322746323723507,3
346760,2026-06-09 05:00:00,1.15371,0.7,0.00019301900104374262,0.0003343634221496426,0.5772730755140972,4
346761,2026-06-09 05:15:00,1.15387,0.0,0.0001440495889705987,0.0003310802026729694,0.4350897088005179,2
346767,2026-06-09 06:45:00,1.15455,0.0,0.00021935366289729593,0.0003340097819454632,0.6567282599319555,6
346783,2026-06-09 10:45:00,1.1546,0.0,0.0001923850447788163,0.0003050136441706953,0.6307424223657075,5
346784,2026-06-09 11:00:00,1.15503,0.6,0.00023684777409326937,0.00030698689712198735,0.7715240497680043,4
346788,2026-06-09 12:00:00,1.1561,0.43333333333333335,0.00021209252146689344,0.0002984753967978257,0.7105862786089392,6
346798,2026-06-09 14:30:00,1.15691,0.13333333333333333,0.0002354421281309732,0.00026359142772736007,0.8932085924072521,7
346818,2026-06-09 19:30:00,1.15504,0.3333333333333333,0.00022891191016189072,0.000312937737494552,0.7314934657437278,6
346825,2026-06-09 21:15:00,1.15462,0.7666666666666667,0.00026625220464815815,0.0003141537234913367,0.8475220401310969,7
346829,2026-06-09 22:15:00,1.15425,0.5333333333333333,0.00024103365465663438,0.00030192478476525475,0.7983235124073601,7
346877,2026-06-10 10:15:00,1.1549,0.6666666666666666,0.00014975935906937088,0.00035073191505352683,0.4269909655826884,4
346897,2026-06-10 15:15:00,1.15544,0.4,0.0003967103142390561,0.0003944497859155383,1.0057308392708872,13
346902,2026-06-10 16:30:00,1.15564,0.36666666666666664,0.00036201822607862644,0.00042051522903604414,0.8608920702075128,11
346905,2026-06-10 17:15:00,1.15508,0.03333333333333333,0.00029859668966110447,0.0004215907994288306,0.7082618739916573,7
346910,2026-06-10 18:30:00,1.15568,0.36666666666666664,0.0002529341294663425,0.00042374641518868304,0.5968997504172812,9
346920,2026-06-10 21:00:00,1.15479,0.16666666666666666,0.00022371238244662256,0.00040231469848956656,0.5560631597267486,6
346951,2026-06-11 04:45:00,1.15471,0.16666666666666666,0.00018858995379990878,0.0004256853767701205,0.4430266203430134,5
346957,2026-06-11 06:15:00,1.15446,0.2,0.00013147423056847246,0.0004233767743655016,0.3105371823135735,4
346963,2026-06-11 07:45:00,1.1549,0.5666666666666667,0.00022655309436314146,0.0004185840792052992,0.5412367684725676,8
346970,2026-06-11 09:30:00,1.15528,0.4,0.0001833121920738398,0.0004249080156373673,0.4314161779199887,11
346972,2026-06-11 10:00:00,1.15447,0.26666666666666666,0.0002874318577045181,0.00041874185404927323,0.6864177892059867,6
346975,2026-06-11 10:45:00,1.15378,0.5333333333333333,0.0002113173437436057,0.00042011304419291236,0.5030011485350847,7
346985,2026-06-11 13:15:00,1.15384,0.3,0.0004449352482007264,0.00043308872095725845,1.0273535806180394,10
346997,2026-06-11 16:15:00,1.15228,0.9,0.0003870046251696147,0.0004322106905343157,0.8954073410150603,10
347003,2026-06-11 17:45:00,1.15189,0.3333333333333333,0.0002602738545443381,0.0003992817497994325,0.6518551240448107,6
347005,2026-06-11 18:15:00,1.15094,0.43333333333333335,0.00030842466327130047,0.00040220941184721735,0.7668260716595517,5
347010,2026-06-11 19:30:00,1.1522,0.7333333333333333,0.0003419813680693818,0.0004339928817927824,0.7879884265766988,10
347026,2026-06-11 23:30:00,1.15754,0.9333333333333333,0.00018877028639533914,0.0006003828659751686,0.3144165116849729,7
347035,2026-06-12 01:45:00,1.15754,0.3333333333333333,0.0002450349637373436,0.0005939019434355212,0.4125848828173545,5
347057,2026-06-12 07:15:00,1.15686,0.13333333333333333,0.0002166868707358799,0.0005867425758553748,0.36930483597510516,7
347064,2026-06-12 09:00:00,1.15725,0.16666666666666666,0.00027940197184634345,0.0005983425394460685,0.4669598990989463,8
347069,2026-06-12 10:15:00,1.15693,0.7333333333333333,0.00022301861458282253,0.0006023606758731756,0.37024099267359567,7
347077,2026-06-12 12:15:00,1.15825,0.4666666666666667,0.0002676871677546629,0.0006073770214950318,0.44072653110215254,10
347085,2026-06-12 14:15:00,1.15676,0.43333333333333335,0.0002875793155649062,0.0006103961591248576,0.4711355261101525,9
347091,2026-06-12 15:45:00,1.15672,0.26666666666666666,0.00026733381399748977,0.0006126473053419708,0.4363584262372099,16
347093,2026-06-12 16:15:00,1.15731,0.4666666666666667,0.0002689177083045042,0.0005938960679586794,0.45280264142650345,10
347101,2026-06-12 18:15:00,1.15719,0.6333333333333333,0.00025949077474912474,0.0005967699164931969,0.4348254956851246,10
347117,2026-06-12 22:15:00,1.1569,0.5333333333333333,0.00010725129747115397,0.000367887801574734,0.2915326276437208,6
347135,2026-06-15 02:45:00,1.16053,0.36666666666666664,0.0002526603875353136,0.0004440524442076759,0.5689877194261058,4
347139,2026-06-15 03:45:00,1.15959,0.4,0.0002490401842117558,0.0004442918470815339,0.5605328701115088,4
347152,2026-06-15 07:00:00,1.1612,0.4,0.00029571572214739955,0.00043871918468178734,0.6740432889021907,6
347154,2026-06-15 07:30:00,1.16181,0.1,0.0002697962956000977,0.00044313249891048367,0.6088388828701069,6
347159,2026-06-15 08:45:00,1.16071,0.5333333333333333,0.00031673051388770993,0.0004440329821715884,0.7133040260629001,4
347179,2026-06-15 13:45:00,1.16062,0.9666666666666667,0.0002562174245197821,0.00040615529827104215,0.630836100404134,4
347196,2026-06-15 18:00:00,1.1598,0.23333333333333334,0.00020533947670358353,0.0003766484497356882,0.5451754198050724,10
347198,2026-06-15 18:30:00,1.16045,0.1,0.0001746532842146196,0.00036915907217530234,0.473111179918889,9
347204,2026-06-15 20:00:00,1.15991,0.6666666666666666,0.00017779653114730168,0.0003758012628019804,0.47311318174305167,9
347215,2026-06-15 22:45:00,1.15886,0.26666666666666666,0.0001368975719528001,0.0003849749520458286,0.35560124425056977,8
347247,2026-06-16 06:45:00,1.15785,0.6666666666666666,0.00020753176108006968,0.00027593426832615945,0.7521057907702978,7
347272,2026-06-16 13:00:00,1.16115,0.2,0.0002636196085911861,0.00026761703164212696,0.9850628974306597,10
347293,2026-06-16 18:15:00,1.16167,0.4,0.00035268299552402676,0.00031312991202033283,1.1263152512275019,8
347308,2026-06-16 22:00:00,1.1608,0.2,0.00020710606439599042,0.00029649522324379425,0.6985140000913159,8
347314,2026-06-16 23:30:00,1.16091,0.0,0.00013569662943994516,0.00028575348747927935,0.4748730475241701,3
347339,2026-06-17 05:45:00,1.16105,0.6333333333333333,0.00013291091528660736,0.0002857673052676254,0.4651018952715192,4
347345,2026-06-17 07:15:00,1.16116,0.16666666666666666,0.00020649013672516516,0.0002766783753298467,0.7463183072366769,7
347348,2026-06-17 08:00:00,1.16117,0.06666666666666667,0.00017965924572618548,0.0002776320278782396,0.6471128244792356,9
347359,2026-06-17 10:45:00,1.16009,0.8,0.0001548422122575808,0.0002913260900184418,0.5315082224450918,7
347368,2026-06-17 13:00:00,1.15968,0.5,0.0002830014666043774,0.0002870927066684475,0.9857494113607178,8
347392,2026-06-17 19:00:00,1.15913,0.5,0.0001696850194987521,0.00023460760971821774,0.7232715925223279,5
347396,2026-06-17 20:00:00,1.15953,0.16666666666666666,0.0001515124642517841,0.00023639549124893018,0.6409278935537641,4
347427,2026-06-18 03:45:00,1.15212,0.06666666666666667,0.00020037276723133422,0.0007183241132527964,0.27894478764465197,3
347442,2026-06-18 07:30:00,1.15176,0.4,0.00026652302055911773,0.0007228704867669476,0.36870092974904417,3
347444,2026-06-18 08:00:00,1.15103,0.6333333333333333,0.00022970371710758462,0.0007248808028559739,0.3168848122375015,5
347445,2026-06-18 08:15:00,1.15223,0.23333333333333334,0.0003369847695421654,0.000736388091763874,0.45761843966675797,5
347446,2026-06-18 08:30:00,1.15267,0.26666666666666666,0.00025192654582946716,0.0007377730342706378,0.3414688991425685,4
347453,2026-06-18 10:15:00,1.15049,0.6666666666666666,0.0003146872677887525,0.0007399421023741025,0.425286338997442,6
347457,2026-06-18 11:15:00,1.14757,0.9666666666666667,0.0003725401034086864,0.0007507787746686704,0.4962048954741612,9
347468,2026-06-18 14:00:00,1.14568,0.7333333333333333,0.00030497675275938265,0.0007524883456477299,0.40529099822385095,4
347481,2026-06-18 17:15:00,1.14779,0.6666666666666666,0.00030360011977328066,0.0007834825418464691,0.3875008102385694,6
347494,2026-06-18 20:30:00,1.14628,0.23333333333333334,0.0002844099296235551,0.0007874344901112043,0.36118551218576894,5
347501,2026-06-18 22:15:00,1.14619,0.16666666666666666,0.00027673714360376445,0.0004618185794955751,0.599233456362957,4
347503,2026-06-18 22:45:00,1.14585,0.5,0.00020081083634475546,0.00043597635264227153,0.46060029432267235,4
347540,2026-06-19 08:00:00,1.14305,0.23333333333333334,0.0003860632289780609,0.00043621904169992114,0.8850214962501274,5
347541,2026-06-19 08:15:00,1.14338,0.5666666666666667,0.00041686090665016767,0.0004368165672185446,0.9543156966425386,4
347546,2026-06-19 09:30:00,1.14457,0.6666666666666666,0.00043222489800893077,0.00042427715105585053,1.0187324415969645,3
347554,2026-06-19 11:30:00,1.14603,0.4,0.00034034943531850747,0.00041157876758939944,0.8269363293736474,3
347555,2026-06-19 11:45:00,1.14627,0.6333333333333333,0.00037164442592803364,0.00040114859069571016,0.926450782946769,3
347558,2026-06-19 12:30:00,1.1456,1.0,0.0002574891465025553,0.0003941192544599183,0.653328005644905,2
347571,2026-06-19 15:45:00,1.1461,0.1,0.0003772635649163898,0.00038079492515388156,0.9907263463764263,3
347574,2026-06-19 16:30:00,1.14613,0.7,0.00035391740054607177,0.0003803352099817135,0.9305407210736237,3
347587,2026-06-19 19:45:00,1.14751,0.23333333333333334,0.00022017791612957772,0.00034343321449604677,0.6411083926540605,6
347589,2026-06-19 20:15:00,1.14731,0.0,0.00017917279706908569,0.0003389074194454822,0.5286777060302984,2
347607,2026-06-22 00:45:00,1.14615,0.4,0.0002578961063416127,0.00036372776629039707,0.709036071048012,2
347635,2026-06-22 07:45:00,1.14606,0.1,0.00025042849304554533,0.0003561879706298017,0.7030795919433905,3
347638,2026-06-22 08:30:00,1.14578,0.16666666666666666,0.00024116577548476565,0.000359975370151338,0.6699507674188283,4
347639,2026-06-22 08:45:00,1.14537,0.6333333333333333,0.0002451807667184293,0.00035452959761943746,0.6915664259479221,2
347651,2026-06-22 11:45:00,1.14556,0.13333333333333333,0.00022513085863494435,0.0003565954718984868,0.6313340363980648,5
347654,2026-06-22 12:30:00,1.14597,0.13333333333333333,0.0003843404657717869,0.00035724381099728027,1.0758491930171268,8
347655,2026-06-22 12:45:00,1.14582,0.43333333333333335,0.00031383103427165635,0.00035583873021098334,0.8819473756709398,7
347660,2026-06-22 14:00:00,1.14483,0.43333333333333335,0.00030095570975591625,0.0003573586911770482,0.8421670360517749,3
347663,2026-06-22 14:45:00,1.14602,0.5666666666666667,0.00033019624138169414,0.00036620757635623434,0.9016641454203296,6
347665,2026-06-22 15:15:00,1.14444,0.23333333333333334,0.00045953654429016586,0.0003789563531060381,1.2126371296421572,3
347667,2026-06-22 15:45:00,1.14348,0.5333333333333333,0.0005037863925786944,0.000382052704416738,1.3186306149770657,3
347670,2026-06-22 16:30:00,1.14367,0.36666666666666664,0.0004545970169307469,0.00038227461895542814,1.1891896411353202,3
347674,2026-06-22 17:30:00,1.14407,0.4666666666666667,0.0004759157911353939,0.00039227959061951075,1.2132055873307097,3
347675,2026-06-22 17:45:00,1.14376,0.5,0.00042777548313211166,0.0003920095178636668,1.0912374920470262,3
347686,2026-06-22 20:30:00,1.1427,0.9333333333333333,0.0002804113922975534,0.00038593454749677025,0.7265775870969418,3
347692,2026-06-22 22:00:00,1.14247,0.13333333333333333,0.00039850264425271575,0.00038842196815365166,1.0259528989747468,3
347709,2026-06-23 02:15:00,1.14221,0.3,0.0002462655452830902,0.0003497932690728454,0.704031686875612,2
347710,2026-06-23 02:30:00,1.14249,0.23333333333333334,0.0002275953253809179,0.000349354645744433,0.6514735903853217,2
347711,2026-06-23 02:45:00,1.14256,0.6333333333333333,0.0002514424123539281,0.00034778665235393904,0.7229789028764614,2
347712,2026-06-23 03:00:00,1.14264,0.7,0.00022823812071711422,0.0003476717787632426,0.6564758334110855,2
347726,2026-06-23 06:30:00,1.14252,0.9666666666666667,8.711419872381116e-05,0.0003357256971094512,0.2594802824861236,2
347733,2026-06-23 08:15:00,1.14252,0.0,0.00020914165035003265,0.0003383205428515115,0.6181760308945374,2
347736,2026-06-23 09:00:00,1.14225,0.9333333333333333,0.00014314228202439057,0.00033423691427763436,0.4282659272802203,3
347738,2026-06-23 09:30:00,1.14349,0.7,0.00025152249668793813,0.00034393884513224583,0.7313000559481054,6
347770,2026-06-23 17:30:00,1.13806,0.13333333333333333,0.00024391014140697295,0.00035034229039139297,0.6962052486854587,2
347771,2026-06-23 17:45:00,1.13785,0.13333333333333333,0.00024378857130824875,0.0003382226662754085,0.7207931212680353,2
347776,2026-06-23 19:00:00,1.13791,0.4666666666666667,0.0003504687465073083,0.000335009955430764,1.046144273702753,2
347781,2026-06-23 20:15:00,1.13795,0.8666666666666667,0.000233211972719244,0.0003331620619066955,0.6999955858856365,2
347785,2026-06-23 21:15:00,1.13816,0.8,0.00027008056640625004,0.00033607361537545095,0.803635138404199,2
347803,2026-06-24 01:45:00,1.13817,0.0,0.00020252466201782228,0.00032697857462912365,0.6193820565996914,2
347818,2026-06-24 05:30:00,1.13645,0.3333333333333333,0.00032306964278550646,0.00033004858453914706,0.9788548047755289,2
347824,2026-06-24 07:00:00,1.13626,0.3,0.00036586724299025284,0.0003306905643684052,1.1063733968008205,3
347841,2026-06-24 11:15:00,1.1351,0.4666666666666667,0.00047163402936203593,0.00034333376423814903,1.373689623589986,3
347862,2026-06-24 16:30:00,1.13439,0.36666666666666664,0.0003042355530789132,0.0003617265505004995,0.8410650328485996,2
347866,2026-06-24 17:30:00,1.1355,0.3333333333333333,0.0003753793619577911,0.00037000503254654425,1.0145250170633038,3
347870,2026-06-24 18:30:00,1.13612,0.23333333333333334,0.00036373410336227783,0.00038793247208457587,0.9376222140099105,7
347871,2026-06-24 18:45:00,1.13602,0.5333333333333333,0.00041746068770395723,0.0003858221993526326,1.0820027681258635,5
347899,2026-06-25 01:45:00,1.13548,0.1,0.0002185634246449439,0.0003901548854092448,0.5601965599269284,3
347904,2026-06-25 03:00:00,1.13531,0.0,0.000230969548681656,0.0003923597960678983,0.5886677253795046,2
347905,2026-06-25 03:15:00,1.13606,0.26666666666666666,0.00032244837990939526,0.00039834874965844304,0.8094625129007504,7
347907,2026-06-25 03:45:00,1.13605,0.7,0.0002550085135178652,0.0003983280023157108,0.6401973048225417,4
347918,2026-06-25 06:30:00,1.13693,0.26666666666666666,0.00023151685706331593,0.00039466563464154997,0.5866151920564053,6
347942,2026-06-25 12:30:00,1.13542,0.8666666666666667,0.00033052624110044905,0.00033760407669450776,0.979035100335997,4
347965,2026-06-25 18:15:00,1.13811,0.7666666666666667,0.00021288968114591158,0.0004402030168586141,0.4836170425753539,4
347981,2026-06-25 22:15:00,1.13715,0.9333333333333333,0.00017755953893881,0.0004349754856248629,0.4082058525292231,5
347989,2026-06-26 00:15:00,1.13708,0.7,0.0001715543001003224,0.00043363945769201513,0.3956150600625597,6
348010,2026-06-26 05:30:00,1.13636,0.13333333333333333,0.0002893494945549328,0.00043246181579440304,0.6690752431481549,8
348015,2026-06-26 06:45:00,1.13723,0.4666666666666667,0.00028625832462665684,0.00043401535647974215,0.6595580556146015,8
348025,2026-06-26 09:15:00,1.13765,0.16666666666666666,0.0002033786092455418,0.0004373800825349809,0.46499284573452415,5
348032,2026-06-26 11:00:00,1.14011,0.13333333333333333,0.0002850370499369867,0.00045383589960809264,0.6280619276331573,10
348040,2026-06-26 13:00:00,1.14046,0.13333333333333333,0.00023047407137632246,0.00044488992825235667,0.5180474017060457,12
348060,2026-06-26 18:00:00,1.14026,0.5333333333333333,0.00018007858680067009,0.0004512484467539955,0.39906749396268276,10
348061,2026-06-26 18:15:00,1.13989,0.8666666666666667,0.00028693056703002007,0.0004407141665921871,0.6510581886865688,11
348104,2026-06-29 05:00:00,1.13873,0.7,0.00020553662190406433,0.0004346190105344329,0.47291217577280964,13
348106,2026-06-29 05:30:00,1.13878,0.7666666666666667,0.00020380574838746186,0.0004325959207976289,0.4711226772820252,13
348119,2026-06-29 08:45:00,1.14004,0.43333333333333335,0.0003788099883584457,0.00043363117545548626,0.8735764626714018,7
348122,2026-06-29 09:30:00,1.14078,0.7,0.00034250839229960474,0.00044830472313281476,0.7640079941743848,7
348127,2026-06-29 10:45:00,1.13987,0.8,0.0003054482768539282,0.00043870467243158756,0.6962503388918438,11
348129,2026-06-29 11:15:00,1.13976,0.3333333333333333,0.0002336493092582373,0.00042415434391082396,0.550859168631692,12
348148,2026-06-29 16:00:00,1.14098,0.16666666666666666,0.00024414318356900385,0.0003730924000643957,0.654377262916277,9
348149,2026-06-29 16:15:00,1.14096,0.16666666666666666,0.0002706309638824253,0.0003726988847966878,0.7261383785198555,7
348180,2026-06-30 00:00:00,1.14249,0.03333333333333333,0.00020078525950642282,0.00028225179342266266,0.7113692957328833,8
348189,2026-06-30 02:15:00,1.14164,0.6333333333333333,0.00012897595903573055,0.0002838148378026004,0.4544369844589881,6
348190,2026-06-30 02:30:00,1.1414,0.43333333333333335,0.0001468308207250787,0.0002848601258456514,0.5154488375275011,8
348215,2026-06-30 08:45:00,1.13981,0.6,0.000261055475153202,0.0003407535297902002,0.7661123138296827,5
348219,2026-06-30 09:45:00,1.14054,0.4666666666666667,0.0002070622029482846,0.00032283296035851775,0.6413911476645213,6
348236,2026-06-30 14:00:00,1.13927,0.4,0.0003299496850529767,0.0003490950593655281,0.9451571318501394,14
348244,2026-06-30 16:00:00,1.13939,0.4666666666666667,0.000245853730080421,0.00035370740402265803,0.6950765725692074,11
348258,2026-06-30 19:30:00,1.14183,0.36666666666666664,0.0001757661003435005,0.0004035906335001406,0.43550589571211956,8
348259,2026-06-30 19:45:00,1.14186,0.5333333333333333,0.00013814055845784242,0.0004035855773350214,0.34228318903271965,8
348277,2026-07-01 00:15:00,1.14209,0.4,0.0001594680750645628,0.00041885177875968736,0.3807267466710611,8
348290,2026-07-01 03:30:00,1.14062,0.8666666666666667,0.00016403865917095965,0.0004203539934971522,0.390239326159919,8
348304,2026-07-01 07:00:00,1.14082,0.7333333333333333,0.00017348332146666995,0.00039373397907851456,0.44061049003869596,7
348326,2026-07-01 12:30:00,1.13941,0.16666666666666666,0.00021906350485746323,0.00036447957791636506,0.6010309442021204,13
348327,2026-07-01 12:45:00,1.13956,0.1,0.00019035310322901424,0.0003634560439560412,0.5237307410192271,12
348335,2026-07-01 14:45:00,1.13728,0.3,0.00032981441252526525,0.0003824416373233686,0.8623914875837511,11
348341,2026-07-01 16:15:00,1.13995,0.7333333333333333,0.00033611492697648276,0.0004985683820586893,0.6741601334376571,15
348350,2026-07-01 18:30:00,1.13851,0.9,0.00020561779865943663,0.0004770549767818781,0.4310148906662605,18
348352,2026-07-01 19:00:00,1.13819,0.6666666666666666,0.0002457030947990978,0.0004785640272851733,0.5134173920111318,18
348356,2026-07-01 20:00:00,1.13806,0.5666666666666667,0.00018818884733364088,0.00048294489526239917,0.38966939951066665,13
348363,2026-07-01 21:45:00,1.13799,0.5,0.00015267294737489912,0.00047557688133915326,0.3210268483720129,9
348378,2026-07-02 01:30:00,1.13775,0.6,0.00018396125664235264,0.0004612249519268981,0.3988536523746218,7
348388,2026-07-02 04:00:00,1.13812,0.43333333333333335,0.00013800445977313358,0.00046155086512964633,0.29900162733823304,10
348389,2026-07-02 04:15:00,1.13861,0.16666666666666666,0.0001140925895819689,0.0004640499244855614,0.24586274786802345,12
348394,2026-07-02 05:30:00,1.13796,0.2,0.00021004775595892782,0.0004635177110998124,0.45316015101243207,9
348415,2026-07-02 10:45:00,1.14159,0.5666666666666667,0.0003403092287514594,0.000469104372561028,0.7254445890017513,12
348422,2026-07-02 12:30:00,1.14066,0.7333333333333333,0.00019997979077266326,0.00046881039385794035,0.4265685944524119,10
348443,2026-07-02 17:45:00,1.14444,0.6333333333333333,0.00028323217124746555,0.0008396162901846061,0.33733525011191884,4
348449,2026-07-02 19:15:00,1.14339,0.7,0.00023587034944448025,0.0008288671257639533,0.2845695553760591,11
348468,2026-07-03 00:00:00,1.14309,0.4666666666666667,0.00016322886156147517,0.0008276729092150336,0.19721421318027882,11
348487,2026-07-03 04:45:00,1.14429,0.13333333333333333,0.00018448388768774846,0.0008379663071296349,0.2201566890197275,5
348495,2026-07-03 06:45:00,1.14444,0.16666666666666666,0.0002493114051203662,0.000836937452598011,0.29788534895464025,6
348509,2026-07-03 10:15:00,1.14533,0.3,0.000295604924208618,0.0008442408410483885,0.3501428855793475,6
348518,2026-07-03 12:30:00,1.14442,0.4,0.00029656805607801033,0.0008384739515888928,0.3536997846099086,13
348520,2026-07-03 13:00:00,1.14464,0.8,0.00022859336362522905,0.0008378242382130709,0.2728416691701087,7
348562,2026-07-05 23:30:00,1.14338,0.5333333333333333,0.00012702415228000116,0.0002898668197403878,0.4382155653198502,7
348579,2026-07-06 03:45:00,1.14337,0.36666666666666664,0.0001504197159501057,0.00027079442281292425,0.5554756792536372,7
348595,2026-07-06 07:45:00,1.14292,0.7,0.00014355835051249187,0.0002649458172782704,0.5418404109460379,4
348609,2026-07-06 11:15:00,1.14183,0.4666666666666667,0.00010906027555676435,0.00025178700167973286,0.43314497900684507,15
348616,2026-07-06 13:00:00,1.1419,0.5333333333333333,0.00018085223188261197,0.00024372039859341734,0.7420479899358602,18
348627,2026-07-06 15:45:00,1.14168,0.4,0.00017310269519516615,0.00023684363762360613,0.7308733176538286,14
348639,2026-07-06 18:45:00,1.14277,0.3,0.00019742991470664918,0.0002900542997199613,0.6806653612694652,9
348649,2026-07-06 21:15:00,1.14408,0.43333333333333335,0.00013588015839628527,0.0002959946199154163,0.4590629330868058,7
348663,2026-07-07 00:45:00,1.14428,0.3333333333333333,0.00010666630996034753,0.00028531522045442367,0.37385425772399844,5
348665,2026-07-07 01:15:00,1.14451,0.5666666666666667,0.00015927193742674582,0.0002857358125900035,0.5574097834746458,8
348698,2026-07-07 09:30:00,1.14262,0.8333333333333334,0.00015577760853776256,0.0002725800949677656,0.5714929718407512,8
348699,2026-07-07 09:45:00,1.1427,0.3333333333333333,0.00016947052483394284,0.00027263458956374153,0.6216031689343692,8
348714,2026-07-07 13:30:00,1.14368,0.43333333333333335,0.0001822717693430038,0.0002678887287336997,0.6804010389111771,7
348737,2026-07-07 19:15:00,1.14229,0.3,9.943588191242632e-05,0.0002510360533704875,0.3961019964159311,12
348741,2026-07-07 20:15:00,1.14266,0.13333333333333333,0.00011064014185080042,0.00024807171865032587,0.44600062616067615,8
348742,2026-07-07 20:30:00,1.14274,0.3,0.00013491688843954484,0.00024674892530582646,0.5467780184749566,7
348748,2026-07-07 22:00:00,1.14159,0.6,0.00020035236943445037,0.0002687244980105831,0.7455679363723658,16
348760,2026-07-08 01:00:00,1.14064,0.7666666666666667,0.0001416569718732545,0.00027542104006647556,0.5143287957923047,5
348784,2026-07-08 07:00:00,1.14141,0.6666666666666666,0.0001896567608773797,0.0002970720637146719,0.6384200469941829,15
348813,2026-07-08 14:15:00,1.1402,0.4666666666666667,0.0002751955808597401,0.0003789708648921492,0.7261655350156209,13
348824,2026-07-08 17:00:00,1.14071,0.5,0.00022382711222628177,0.0003766961504939529,0.594184761200194,8
348829,2026-07-08 18:15:00,1.1397,0.7,0.00024207688688951938,0.00038412174548647335,0.6302087547346209,12
348850,2026-07-08 23:30:00,1.14173,0.2,0.0001646735154747216,0.0004107080892533091,0.40095026074141255,11
348855,2026-07-09 00:45:00,1.14178,0.4,0.00015734586095310084,0.0004070363922674933,0.38656460194276043,15
348865,2026-07-09 03:15:00,1.14224,0.4666666666666667,0.00011463329314640063,0.00040918696964209824,0.280148933497727,10
348866,2026-07-09 03:30:00,1.14215,0.8,0.00014367523250577812,0.0004081633579871972,0.35200423971003486,16
348871,2026-07-09 04:45:00,1.14242,0.2,9.630996378484759e-05,0.00040101592749500767,0.24016493406249198,14
348876,2026-07-09 06:00:00,1.14264,0.13333333333333333,0.00013801402434218197,0.00039616313568852123,0.3483767466205991,14
348893,2026-07-09 10:15:00,1.14352,0.8666666666666667,0.000181508304891089,0.00040915599931110703,0.443616383962824,12
348897,2026-07-09 11:15:00,1.14255,0.9,0.0001904943993923058,0.00040308652553344915,0.472589350736057,18
348911,2026-07-09 14:45:00,1.1428,0.5,0.0002491388675943743,0.0003531758345140319,0.7054244465428618,20
348915,2026-07-09 15:45:00,1.14341,0.5666666666666667,0.0002658017077961377,0.00034631006357990817,0.7675252201696592,16
348937,2026-07-09 21:15:00,1.14311,0.4666666666666667,0.00010768556536185259,0.00028257586138415213,0.38108550685954656,16
348952,2026-07-10 01:00:00,1.14331,0.4,0.00016401484057029862,0.0002747106704404285,0.597045758387698,17
348966,2026-07-10 04:30:00,1.14567,0.03333333333333333,0.00021822564179227677,0.00029022808898933696,0.7519108248695199,11
348971,2026-07-10 05:45:00,1.14538,0.7333333333333333,0.00024258772282723408,0.0002904715073145287,0.8351515268055361,8
348988,2026-07-10 10:00:00,1.14367,0.3333333333333333,0.00016847673821958792,0.00026570848668788094,0.6340660786551844,19
349003,2026-07-10 13:45:00,1.14292,0.5666666666666667,0.0002730752593723303,0.00026311492998492826,1.037855432179286,20
349023,2026-07-10 18:45:00,1.14339,0.3333333333333333,0.00022033478958335276,0.00029384003319084755,0.7498460546396906,18
349033,2026-07-10 21:15:00,1.14146,0.5333333333333333,0.00023773193413041284,0.0002978841825708295,0.7980683367566388,12
349041,2026-07-12 23:15:00,1.14035,0.03333333333333333,0.00027189439449377506,0.0003074507881664413,0.8843509431713752,17
349043,2026-07-12 23:45:00,1.14024,0.26666666666666666,0.000242452061541867,0.00030727843850740825,0.7890305051000891,12
349062,2026-07-13 04:30:00,1.13949,0.1,0.00018931148154228446,0.000337244819014684,0.5613473383976335,12
349063,2026-07-13 04:45:00,1.13994,0.2,0.0001826551422787724,0.0003379527783580975,0.5404753384960472,6
349065,2026-07-13 05:15:00,1.1393,0.2,0.00020208896952638477,0.00032947819662740725,0.6133606763512747,12
349071,2026-07-13 06:45:00,1.14008,0.5,0.00021915180203125375,0.00032971145244482347,0.6646775548930268,8
349109,2026-07-13 16:15:00,1.14136,0.5,0.00022482491641059347,0.0004025319315568129,0.5585269112466968,15
349115,2026-07-13 17:45:00,1.13994,0.5,0.000316817377629036,0.00040506151273486825,0.7821463349849479,9
349117,2026-07-13 18:15:00,1.1401,0.4666666666666667,0.000275218177206333,0.0003976480440567221,0.6921150030026924,9
349127,2026-07-13 20:45:00,1.13874,0.2,0.00014450366551513663,0.00039645137982047924,0.36449277987270634,7
349140,2026-07-14 00:00:00,1.13792,0.3,0.00020159107413291778,0.0003914548691746453,0.5149790946730544,13
349154,2026-07-14 03:30:00,1.13846,0.26666666666666666,0.00019020549794279186,0.0003749439164945398,0.5072905295305992,6
349162,2026-07-14 05:30:00,1.13926,0.26666666666666666,0.00018611505102371234,0.0003667731153048,0.5074391858548435,6
349165,2026-07-14 06:15:00,1.13924,0.16666666666666666,0.00017241831998570512,0.0003622838765152721,0.4759204898770503,4
349192,2026-07-14 13:00:00,1.13915,0.7333333333333333,0.00022871407530550994,0.00031650699178595673,0.7226193456736708,8
349195,2026-07-14 13:45:00,1.14008,0.5666666666666667,0.0002633370512705803,0.0003153428906116511,0.8350816178535109,18
349205,2026-07-14 16:15:00,1.14547,0.4666666666666667,0.0003404992878814781,0.0005998964472079413,0.5675967735202327,10
349211,2026-07-14 17:45:00,1.14327,0.5666666666666667,0.0003088819810575462,0.0006129665297012744,0.5039132906784942,13
349216,2026-07-14 19:00:00,1.14314,0.5666666666666667,0.00033724372590819985,0.0006118579958795332,0.551179731537902,20
349241,2026-07-15 01:15:00,1.14212,0.23333333333333334,0.0001267904327995055,0.0006092696523164041,0.20810232762694877,16
349246,2026-07-15 02:30:00,1.1429,0.7333333333333333,0.0001755890635543178,0.0006086051130698209,0.2885106611553783,7
349267,2026-07-15 07:45:00,1.14403,0.36666666666666664,0.0002027747928764206,0.0006092690996867276,0.3328164730177237,14
349271,2026-07-15 08:45:00,1.14383,0.5333333333333333,0.00020053648493738687,0.0006096866945603481,0.32891727296426565,11
349272,2026-07-15 09:00:00,1.14281,0.5333333333333333,0.0002335013972438222,0.0006179109791592044,0.3778884096889638,17
349277,2026-07-15 10:15:00,1.14222,0.6333333333333333,0.00012019975753208526,0.0006185396237892279,0.19432830639972748,14
349289,2026-07-15 13:15:00,1.14168,0.4666666666666667,0.00015441103394789514,0.0006053529370120726,0.25507604656226474,17
349292,2026-07-15 14:00:00,1.14112,0.6666666666666666,0.00030172034296286254,0.0006055702561799715,0.4982416819250007,17
349298,2026-07-15 15:30:00,1.1424,0.5,0.0002577901771915213,0.00037673052054985434,0.6842826984531689,18
349300,2026-07-15 16:00:00,1.14284,0.7666666666666667,0.00031924828786486926,0.00036065163959468096,0.8851984929935631,15
349301,2026-07-15 16:15:00,1.14313,0.7333333333333333,0.0002336415498520561,0.0003580700515544702,0.6525023492966268,12
349304,2026-07-15 17:00:00,1.14365,0.2,0.0002267855700666526,0.00036157262307730275,0.6272199707392303,11
349309,2026-07-15 18:15:00,1.1434,0.4666666666666667,0.00016138426056076563,0.0003385047876713076,0.476756212728878,12
349324,2026-07-15 22:00:00,1.14636,0.3333333333333333,0.0003115668364244766,0.00039319743648550976,0.7923928477492975,7
349338,2026-07-16 01:30:00,1.1469,0.6666666666666666,0.0002552788066249368,0.00039323288108376414,0.6491797072548439,3
349346,2026-07-16 03:30:00,1.14692,0.3,0.00024228222349641164,0.00039725637989106453,0.6098888167959698,4
349362,2026-07-16 07:30:00,1.14662,0.23333333333333334,0.0002141726666185866,0.0003933150711962179,0.5445320617061726,7
349373,2026-07-16 10:15:00,1.14638,0.8,0.00018954717553849079,0.00037905512458041765,0.5000517424696571,9
349376,2026-07-16 11:00:00,1.14656,0.26666666666666666,0.0001934429221471113,0.00037929149013164905,0.5100112372148629,9
349379,2026-07-16 11:45:00,1.14646,0.2,0.00015400115684608662,0.00037960504448303903,0.4056878565873944,8
349382,2026-07-16 12:30:00,1.14649,0.7666666666666667,0.0002003457357005979,0.0003784907925874453,0.5293278981266385,9
349392,2026-07-16 15:00:00,1.14471,0.8666666666666667,0.0003559347383878056,0.0003946783538007792,0.9018349624704017,11
349404,2026-07-16 18:00:00,1.14466,0.4666666666666667,0.00022362828256782628,0.00036495015194791243,0.612763911384105,6
349409,2026-07-16 19:15:00,1.14317,0.7666666666666667,0.0001285362106165901,0.0003662729611271608,0.3509301102135288,12
349410,2026-07-16 19:30:00,1.14347,0.3,0.00018901500243743549,0.00036597867948470736,0.5164645183800484,11
349429,2026-07-17 00:15:00,1.14439,0.6,0.00021500259911468614,0.0002731982465353802,0.7869838179464395,8
349442,2026-07-17 03:30:00,1.14431,0.3,0.00019194254493490272,0.0002690280358495245,0.7134666999623116,4
349464,2026-07-17 09:00:00,1.14495,0.4666666666666667,0.00019565649425245054,0.00026473855287323036,0.7390555403773789,7
349478,2026-07-17 12:30:00,1.1432,0.9666666666666667,0.00015102331104007704,0.0002769759225405372,0.5452579042063623,13
349482,2026-07-17 13:30:00,1.14298,0.7333333333333333,0.00018912131480153924,0.0002845884621636302,0.6645431559793873,15
349490,2026-07-17 15:30:00,1.14249,0.5,0.0001743554334065683,0.00027864690477568456,0.6257217662149427,11
349514,2026-07-17 21:30:00,1.14356,0.16666666666666666,8.511893177349811e-05,0.00025973454619337185,0.327715096127903,5
349530,2026-07-20 01:30:00,1.14249,0.5666666666666667,0.00014381679088066958,0.00028445581502755844,0.5055856948002151,11
349539,2026-07-20 03:45:00,1.14324,0.9666666666666667,6.801623782087385e-05,0.00028344175890427086,0.2399654803294018,6
349577,2026-07-20 13:15:00,1.14298,0.9,0.00013960961116896636,0.0002815955820488014,0.49578054511086606,16
349580,2026-07-20 14:00:00,1.14291,0.8,0.0002206055950694828,0.00028086581050359516,0.7854483771945571,17
349613,2026-07-20 22:15:00,1.1414,0.13333333333333333,0.00014480013208005492,0.0002843079978636349,0.5093072765033738,4
349614,2026-07-20 22:30:00,1.14141,0.26666666666666666,0.00011028911038842511,0.00028336259054188704,0.38921549304555086,5
349619,2026-07-20 23:45:00,1.14121,0.6666666666666666,0.0001698819234460421,0.000290868999762716,0.5840496016578863,7
349630,2026-07-21 02:30:00,1.14124,0.5666666666666667,0.00011831911798873108,0.00026273971908274426,0.4503282503376241,6
349654,2026-07-21 08:30:00,1.14199,0.4,0.0001759966593102377,0.00026719636708192956,0.6586790877148132,10
349682,2026-07-21 15:30:00,1.14103,0.5666666666666667,0.00022304682536274843,0.00023011307069252667,0.9692922904878357,8
349696,2026-07-21 19:00:00,1.14077,0.13333333333333333,0.00012197486636182711,0.0002398465652447672,0.5085537340814109,3
349706,2026-07-21 21:30:00,1.14026,0.13333333333333333,0.0001526026122620898,0.0002408109619514503,0.633702930404206,3
349713,2026-07-21 23:15:00,1.1395,0.2,0.00014428737109137662,0.0002423464942666612,0.5953763495857004,5
349716,2026-07-22 00:00:00,1.13975,0.16666666666666666,0.00013141236848529075,0.00023688654064653065,0.5547481428308636,3
349717,2026-07-22 00:15:00,1.13988,0.0,0.0001450815858642391,0.00023536597704142335,0.6164084872755649,3
349734,2026-07-22 04:30:00,1.14073,0.6333333333333333,0.00015307116387668353,0.000242620543419095,0.6309076787956628,11
349744,2026-07-22 07:00:00,1.14079,0.43333333333333335,0.00015308255965371792,0.00024101704376701435,0.6351524243310334,10
349750,2026-07-22 08:30:00,1.14078,0.3,0.00013022554953620076,0.00023815615732094097,0.5468074015013094,7
349758,2026-07-22 10:30:00,1.14079,0.3,0.0001778463396853409,0.0002473302814778501,0.7190641543068316,9
349799,2026-07-22 20:45:00,1.14088,0.5,0.00014438306829623988,0.00023409007551093266,0.6167842356456363,7
349800,2026-07-22 21:00:00,1.14105,0.03333333333333333,0.00012822259779043835,0.00022864032970435012,0.5608048149521138,6
349803,2026-07-22 21:45:00,1.14107,0.6666666666666666,0.00013296860685675115,0.00022845863436866173,0.5820248695095536,6
349810,2026-07-22 23:30:00,1.14078,0.7,9.18868840857393e-05,0.00022862939635459224,0.4019031915879599,6
349836,2026-07-23 06:00:00,1.14288,0.13333333333333333,0.00013667826427546853,0.00023002552836505374,0.5941873723622458,14
349839,2026-07-23 06:45:00,1.14315,0.3,0.00016191304219746684,0.00023533060104149802,0.6880237482116285,10
349852,2026-07-23 10:00:00,1.1424,0.4666666666666667,0.0001664434807346529,0.0002368849900701973,0.7026341377110044,17
349864,2026-07-23 13:00:00,1.1404,0.6666666666666666,0.00026188771356721935,0.00024465192797242625,1.070450234084138,10
349886,2026-07-23 18:30:00,1.13779,0.0,0.00014794934786712912,0.0003537875291096128,0.4181870068723945,7
349908,2026-07-24 00:00:00,1.13723,0.8333333333333334,0.00015958888684029134,0.00034960779400875,0.4564797741216751,6
349916,2026-07-24 02:00:00,1.1376,0.8,0.00013884816424832155,0.00035300155950094186,0.39333583807567024,3
349926,2026-07-24 04:30:00,1.13839,0.3333333333333333,0.00016883822587869727,0.00036205768429697693,0.46632962978409853,4
349933,2026-07-24 06:15:00,1.13829,0.26666666666666666,0.0001734048307710845,0.0003539309475031071,0.48993972410271414,3
349946,2026-07-24 09:30:00,1.13955,0.3,0.00024211950506405563,0.00036509826790890075,0.6631625683978025,10
349953,2026-07-24 11:15:00,1.13847,0.4,0.00018794190777623245,0.0003629921341575582,0.5177575216950996,6
349956,2026-07-24 12:00:00,1.13888,0.36666666666666664,0.00019061539537752753,0.0003566501745484021,0.5344604012009491,12
349971,2026-07-24 15:45:00,1.13711,0.3,0.0002842764217655699,0.0003219422170883464,0.8830044855147396,6
349976,2026-07-24 17:00:00,1.13778,0.6666666666666666,0.0001892827219504212,0.0002681693580776447,0.7058327741367715,5
349979,2026-07-24 17:45:00,1.13839,0.36666666666666664,0.00016014522104660376,0.00027871441719877265,0.5745853503243498,10
349982,2026-07-24 18:30:00,1.1383,0.6666666666666666,0.00018595987482912955,0.0002765004239424592,0.6725482448729573,9
