ref_date,value,publication_date
1990-01-02,6.23,1990-01-31
1990-01-03,6.27,1990-01-31
1990-01-04,6.176,1990-01-31
1990-01-05,6.172,1990-01-31
1990-01-08,6.14,1990-01-31
1990-01-09,6.151,1990-01-31
1990-01-10,6.142,1990-01-31
1990-01-11,6.148,1990-01-31
1990-01-12,6.126,1990-01-31
1990-01-16,6.168,1990-01-31
1990-01-17,6.164,1990-01-31
1990-01-18,6.2025,1990-01-31
1990-01-19,6.2175,1990-01-31
1990-01-22,6.258,1990-01-31
1990-01-23,6.2055,1990-01-31
1990-01-24,6.165,1990-01-31
1990-01-25,6.17,1990-01-31
1990-01-26,6.18,1990-01-31
1990-01-29,6.14,1990-01-31
1990-01-30,6.145,1990-01-31
1990-01-31,6.16,1990-01-31
1990-02-01,6.11,1990-02-28
1990-02-02,6.15,1990-02-28
1990-02-05,6.116,1990-02-28
1990-02-06,6.08,1990-02-28
1990-02-07,6.06,1990-02-28
1990-02-08,6.125,1990-02-28
1990-02-09,6.1385,1990-02-28
1990-02-12,6.123,1990-02-28
1990-02-13,6.14,1990-02-28
1990-02-14,6.13,1990-02-28
1990-02-15,6.14,1990-02-28
1990-02-16,6.142,1990-02-28
1990-02-20,6.285,1990-02-28
1990-02-21,6.102,1990-02-28
1990-02-22,6.0935,1990-02-28
1990-02-23,6.089,1990-02-28
1990-02-26,6.1125,1990-02-28
1990-02-27,6.1115,1990-02-28
1990-02-28,6.1265,1990-02-28
1990-03-01,6.175,1990-03-31
1990-03-02,6.185,1990-03-31
1990-03-05,6.1575,1990-03-31
1990-03-06,6.155,1990-03-31
1990-03-07,6.188,1990-03-31
1990-03-08,6.17,1990-03-31
1990-03-09,6.175,1990-03-31
1990-03-12,6.195,1990-03-31
1990-03-13,6.21,1990-03-31
1990-03-14,6.196,1990-03-31
1990-03-15,6.1725,1990-03-31
1990-03-16,6.145,1990-03-31
1990-03-19,6.13,1990-03-31
1990-03-20,6.15,1990-03-31
1990-03-21,6.1775,1990-03-31
1990-03-22,6.174,1990-03-31
1990-03-23,6.17,1990-03-31
1990-03-26,6.1785,1990-03-31
1990-03-27,6.17,1990-03-31
1990-03-28,6.172,1990-03-31
1990-03-29,6.1425,1990-03-31
1990-03-30,6.114,1990-03-31
1990-04-02,6.157,1990-04-30
1990-04-03,6.14,1990-04-30
1990-04-04,6.146,1990-04-30
1990-04-05,6.145,1990-04-30
1990-04-06,6.1345,1990-04-30
1990-04-09,6.128,1990-04-30
1990-04-10,6.118,1990-04-30
1990-04-11,6.0915,1990-04-30
1990-04-12,6.105,1990-04-30
1990-04-13,6.1,1990-04-30
1990-04-16,6.108,1990-04-30
1990-04-17,6.103,1990-04-30
1990-04-18,6.085,1990-04-30
1990-04-19,6.083,1990-04-30
1990-04-20,6.1225,1990-04-30
1990-04-23,6.136,1990-04-30
1990-04-24,6.133,1990-04-30
1990-04-25,6.108,1990-04-30
1990-04-26,6.1065,1990-04-30
1990-04-27,6.0885,1990-04-30
1990-04-30,6.098,1990-04-30
1990-05-01,6.105,1990-05-31
1990-05-02,6.0975,1990-05-31
1990-05-03,6.097,1990-05-31
1990-05-04,6.08,1990-05-31
1990-05-07,6.048,1990-05-31
1990-05-08,6.045,1990-05-31
1990-05-09,6.004,1990-05-31
1990-05-10,6.019,1990-05-31
1990-05-11,5.9915,1990-05-31
1990-05-14,6.0135,1990-05-31
1990-05-15,6.0185,1990-05-31
1990-05-16,6.014,1990-05-31
1990-05-17,6.0215,1990-05-31
1990-05-18,6.02,1990-05-31
1990-05-21,6.059,1990-05-31
1990-05-22,6.0735,1990-05-31
1990-05-23,6.0725,1990-05-31
1990-05-24,6.08,1990-05-31
1990-05-25,6.0955,1990-05-31
1990-05-29,6.065,1990-05-31
1990-05-30,6.0785,1990-05-31
1990-05-31,6.133,1990-05-31
1990-06-01,6.113,1990-06-30
1990-06-04,6.123,1990-06-30
1990-06-05,6.109,1990-06-30
1990-06-06,6.1015,1990-06-30
1990-06-07,6.1135,1990-06-30
1990-06-08,6.137,1990-06-30
1990-06-11,6.13,1990-06-30
1990-06-12,6.118,1990-06-30
1990-06-13,6.1085,1990-06-30
1990-06-14,6.109,1990-06-30
1990-06-15,6.128,1990-06-30
1990-06-18,6.0825,1990-06-30
1990-06-19,6.057,1990-06-30
1990-06-20,6.077,1990-06-30
1990-06-21,6.079,1990-06-30
1990-06-22,6.061,1990-06-30
1990-06-25,6.073,1990-06-30
1990-06-26,6.0475,1990-06-30
1990-06-27,6.0335,1990-06-30
1990-06-28,6.044,1990-06-30
1990-06-29,6.0375,1990-06-30
1990-07-02,6.01,1990-07-31
1990-07-03,5.997,1990-07-31
1990-07-05,5.9905,1990-07-31
1990-07-06,5.998,1990-07-31
1990-07-09,5.9675,1990-07-31
1990-07-10,5.962,1990-07-31
1990-07-11,5.981,1990-07-31
1990-07-12,6.002,1990-07-31
1990-07-13,5.969,1990-07-31
1990-07-16,5.979,1990-07-31
1990-07-17,5.966,1990-07-31
1990-07-18,5.952,1990-07-31
1990-07-19,5.959,1990-07-31
1990-07-20,5.953,1990-07-31
1990-07-23,5.9165,1990-07-31
1990-07-24,5.8975,1990-07-31
1990-07-25,5.9025,1990-07-31
1990-07-26,5.9125,1990-07-31
1990-07-27,5.89,1990-07-31
1990-07-30,5.87,1990-07-31
1990-07-31,5.813,1990-07-31
1990-08-01,5.8285,1990-08-31
1990-08-02,5.839,1990-08-31
1990-08-03,5.8355,1990-08-31
1990-08-06,5.797,1990-08-31
1990-08-07,5.806,1990-08-31
1990-08-08,5.845,1990-08-31
1990-08-09,5.838,1990-08-31
1990-08-10,5.825,1990-08-31
1990-08-13,5.788,1990-08-31
1990-08-14,5.769,1990-08-31
1990-08-15,5.759,1990-08-31
1990-08-16,5.7555,1990-08-31
1990-08-17,5.725,1990-08-31
1990-08-20,5.749,1990-08-31
1990-08-21,5.745,1990-08-31
1990-08-22,5.745,1990-08-31
1990-08-23,5.721,1990-08-31
1990-08-24,5.75,1990-08-31
1990-08-27,5.7115,1990-08-31
1990-08-28,5.7205,1990-08-31
1990-08-29,5.733,1990-08-31
1990-08-30,5.7605,1990-08-31
1990-08-31,5.789,1990-08-31
1990-09-04,5.8125,1990-09-30
1990-09-05,5.7545,1990-09-30
1990-09-06,5.735,1990-09-30
1990-09-07,5.754,1990-09-30
1990-09-10,5.7925,1990-09-30
1990-09-11,5.825,1990-09-30
1990-09-12,5.8,1990-09-30
1990-09-13,5.76,1990-09-30
1990-09-14,5.737,1990-09-30
1990-09-17,5.72,1990-09-30
1990-09-18,5.698,1990-09-30
1990-09-19,5.7595,1990-09-30
1990-09-20,5.788,1990-09-30
1990-09-21,5.785,1990-09-30
1990-09-24,5.748,1990-09-30
1990-09-25,5.76,1990-09-30
1990-09-26,5.78,1990-09-30
1990-09-27,5.788,1990-09-30
1990-09-28,5.763,1990-09-30
1990-10-01,5.7265,1990-10-31
1990-10-02,5.738,1990-10-31
1990-10-03,5.708,1990-10-31
1990-10-04,5.6755,1990-10-31
1990-10-05,5.6775,1990-10-31
1990-10-09,5.627,1990-10-31
1990-10-10,5.642,1990-10-31
1990-10-11,5.653,1990-10-31
1990-10-12,5.632,1990-10-31
1990-10-15,5.6425,1990-10-31
1990-10-16,5.6215,1990-10-31
1990-10-17,5.6165,1990-10-31
1990-10-18,5.6115,1990-10-31
1990-10-19,5.5755,1990-10-31
1990-10-22,5.608,1990-10-31
1990-10-23,5.6195,1990-10-31
1990-10-24,5.597,1990-10-31
1990-10-25,5.605,1990-10-31
1990-10-26,5.62,1990-10-31
1990-10-29,5.63,1990-10-31
1990-10-30,5.637,1990-10-31
1990-10-31,5.641,1990-10-31
1990-11-01,5.62,1990-11-30
1990-11-02,5.6,1990-11-30
1990-11-05,5.5525,1990-11-30
1990-11-06,5.544,1990-11-30
1990-11-07,5.5345,1990-11-30
1990-11-08,5.5635,1990-11-30
1990-11-09,5.567,1990-11-30
1990-11-13,5.548,1990-11-30
1990-11-14,5.543,1990-11-30
1990-11-15,5.55,1990-11-30
1990-11-16,5.538,1990-11-30
1990-11-19,5.5385,1990-11-30
1990-11-20,5.5465,1990-11-30
1990-11-21,5.555,1990-11-30
1990-11-23,5.5625,1990-11-30
1990-11-26,5.5785,1990-11-30
1990-11-27,5.545,1990-11-30
1990-11-28,5.5635,1990-11-30
1990-11-29,5.597,1990-11-30
1990-11-30,5.6185,1990-11-30
1990-12-03,5.662,1990-12-31
1990-12-04,5.6385,1990-12-31
1990-12-05,5.6475,1990-12-31
1990-12-06,5.6035,1990-12-31
1990-12-07,5.5675,1990-12-31
1990-12-10,5.5575,1990-12-31
1990-12-11,5.582,1990-12-31
1990-12-12,5.577,1990-12-31
1990-12-13,5.578,1990-12-31
1990-12-14,5.588,1990-12-31
1990-12-17,5.6075,1990-12-31
1990-12-18,5.603,1990-12-31
1990-12-19,5.5885,1990-12-31
1990-12-20,5.6495,1990-12-31
1990-12-21,5.724,1990-12-31
1990-12-24,5.777,1990-12-31
1990-12-26,5.7265,1990-12-31
1990-12-27,5.733,1990-12-31
1990-12-28,5.632,1990-12-31
1990-12-31,5.6335,1990-12-31
1991-01-02,5.6025,1991-01-31
1991-01-03,5.604,1991-01-31
1991-01-04,5.6395,1991-01-31
1991-01-07,5.72,1991-01-31
1991-01-08,5.7115,1991-01-31
1991-01-09,5.6525,1991-01-31
1991-01-10,5.7085,1991-01-31
1991-01-11,5.7,1991-01-31
1991-01-14,5.7325,1991-01-31
1991-01-15,5.7395,1991-01-31
1991-01-16,5.738,1991-01-31
1991-01-17,5.6515,1991-01-31
1991-01-18,5.6175,1991-01-31
1991-01-22,5.586,1991-01-31
1991-01-23,5.568,1991-01-31
1991-01-24,5.561,1991-01-31
1991-01-25,5.577,1991-01-31
1991-01-28,5.562,1991-01-31
1991-01-29,5.556,1991-01-31
1991-01-30,5.5645,1991-01-31
1991-01-31,5.533,1991-01-31
1991-02-01,5.504,1991-02-28
1991-02-04,5.486,1991-02-28
1991-02-05,5.4855,1991-02-28
1991-02-06,5.4565,1991-02-28
1991-02-07,5.45,1991-02-28
1991-02-08,5.469,1991-02-28
1991-02-11,5.442,1991-02-28
1991-02-12,5.4665,1991-02-28
1991-02-13,5.7555,1991-02-28
1991-02-14,5.497,1991-02-28
1991-02-15,5.5225,1991-02-28
1991-02-19,5.5745,1991-02-28
1991-02-20,5.5785,1991-02-28
1991-02-21,5.5625,1991-02-28
1991-02-22,5.5995,1991-02-28
1991-02-25,5.6525,1991-02-28
1991-02-26,5.6515,1991-02-28
1991-02-27,5.6565,1991-02-28
1991-02-28,5.67,1991-02-28
1991-03-01,5.7015,1991-03-31
1991-03-04,5.704,1991-03-31
1991-03-05,5.6955,1991-03-31
1991-03-06,5.712,1991-03-31
1991-03-07,5.737,1991-03-31
1991-03-08,5.774,1991-03-31
1991-03-11,5.8265,1991-03-31
1991-03-12,5.806,1991-03-31
1991-03-13,5.8155,1991-03-31
1991-03-14,5.821,1991-03-31
1991-03-15,5.8765,1991-03-31
1991-03-18,5.971,1991-03-31
1991-03-19,6.033,1991-03-31
1991-03-20,6.002,1991-03-31
1991-03-21,5.975,1991-03-31
1991-03-22,5.995,1991-03-31
1991-03-25,6.069,1991-03-31
1991-03-26,6.113,1991-03-31
1991-03-27,6.15,1991-03-31
1991-03-28,6.1625,1991-03-31
1991-03-29,6.13,1991-03-31
1991-04-01,6.096,1991-04-30
1991-04-02,6.0715,1991-04-30
1991-04-03,6.051,1991-04-30
1991-04-04,6.0235,1991-04-30
1991-04-05,6.06,1991-04-30
1991-04-08,6.0825,1991-04-30
1991-04-09,6.036,1991-04-30
1991-04-10,6.05,1991-04-30
1991-04-11,6.032,1991-04-30
1991-04-12,6.068,1991-04-30
1991-04-15,6.0325,1991-04-30
1991-04-16,6.017,1991-04-30
1991-04-17,6.027,1991-04-30
1991-04-18,6.071,1991-04-30
1991-04-19,6.19,1991-04-30
1991-04-22,6.2765,1991-04-30
1991-04-23,6.212,1991-04-30
1991-04-24,6.241,1991-04-30
1991-04-25,6.2165,1991-04-30
1991-04-26,6.245,1991-04-30
1991-04-29,6.272,1991-04-30
1991-04-30,6.148,1991-04-30
1991-05-01,6.128,1991-05-31
1991-05-02,6.158,1991-05-31
1991-05-03,6.229,1991-05-31
1991-05-06,6.1995,1991-05-31
1991-05-07,6.15,1991-05-31
1991-05-08,6.183,1991-05-31
1991-05-09,6.2,1991-05-31
1991-05-10,6.17,1991-05-31
1991-05-13,6.1375,1991-05-31
1991-05-14,6.1055,1991-05-31
1991-05-15,6.086,1991-05-31
1991-05-16,6.1,1991-05-31
1991-05-17,6.2025,1991-05-31
1991-05-20,6.2055,1991-05-31
1991-05-21,6.14,1991-05-31
1991-05-22,6.178,1991-05-31
1991-05-23,6.1455,1991-05-31
1991-05-24,6.128,1991-05-31
1991-05-28,6.096,1991-05-31
1991-05-29,6.1275,1991-05-31
1991-05-30,6.165,1991-05-31
1991-05-31,6.2375,1991-05-31
1991-06-03,6.261,1991-06-30
1991-06-04,6.247,1991-06-30
1991-06-05,6.2865,1991-06-30
1991-06-06,6.2985,1991-06-30
1991-06-07,6.3595,1991-06-30
1991-06-10,6.364,1991-06-30
1991-06-11,6.365,1991-06-30
1991-06-12,6.442,1991-06-30
1991-06-13,6.472,1991-06-30
1991-06-14,6.44,1991-06-30
1991-06-17,6.4995,1991-06-30
1991-06-18,6.551,1991-06-30
1991-06-19,6.472,1991-06-30
1991-06-20,6.503,1991-06-30
1991-06-21,6.502,1991-06-30
1991-06-24,6.46,1991-06-30
1991-06-25,6.501,1991-06-30
1991-06-26,6.457,1991-06-30
1991-06-27,6.498,1991-06-30
1991-06-28,6.4915,1991-06-30
1991-07-01,6.574,1991-07-31
1991-07-02,6.625,1991-07-31
1991-07-03,6.62,1991-07-31
1991-07-05,6.6065,1991-07-31
1991-07-08,6.5535,1991-07-31
1991-07-09,6.575,1991-07-31
1991-07-10,6.559,1991-07-31
1991-07-11,6.628,1991-07-31
1991-07-12,6.4775,1991-07-31
1991-07-15,6.478,1991-07-31
1991-07-16,6.501,1991-07-31
1991-07-17,6.483,1991-07-31
1991-07-18,6.4095,1991-07-31
1991-07-19,6.328,1991-07-31
1991-07-22,6.366,1991-07-31
1991-07-23,6.3605,1991-07-31
1991-07-24,6.289,1991-07-31
1991-07-25,6.3495,1991-07-31
1991-07-26,6.3065,1991-07-31
1991-07-29,6.359,1991-07-31
1991-07-30,6.3555,1991-07-31
1991-07-31,6.336,1991-07-31
1991-08-01,6.377,1991-08-31
1991-08-02,6.29,1991-08-31
1991-08-05,6.2485,1991-08-31
1991-08-06,6.222,1991-08-31
1991-08-07,6.2165,1991-08-31
1991-08-08,6.269,1991-08-31
1991-08-09,6.2795,1991-08-31
1991-08-12,6.273,1991-08-31
1991-08-13,6.2945,1991-08-31
1991-08-14,6.306,1991-08-31
1991-08-15,6.3025,1991-08-31
1991-08-16,6.403,1991-08-31
1991-08-19,6.58,1991-08-31
1991-08-20,6.54,1991-08-31
1991-08-21,6.358,1991-08-31
1991-08-22,6.267,1991-08-31
1991-08-23,6.3625,1991-08-31
1991-08-26,6.3525,1991-08-31
1991-08-27,6.3405,1991-08-31
1991-08-28,6.318,1991-08-31
1991-08-29,6.3395,1991-08-31
1991-08-30,6.344,1991-08-31
1991-09-03,6.313,1991-09-30
1991-09-04,6.3035,1991-09-30
1991-09-05,6.3135,1991-09-30
1991-09-06,6.29,1991-09-30
1991-09-09,6.162,1991-09-30
1991-09-10,6.1575,1991-09-30
1991-09-11,6.1765,1991-09-30
1991-09-12,6.141,1991-09-30
1991-09-13,6.132,1991-09-30
1991-09-16,6.101,1991-09-30
1991-09-17,6.0925,1991-09-30
1991-09-18,6.128,1991-09-30
1991-09-19,6.159,1991-09-30
1991-09-20,6.15,1991-09-30
1991-09-23,6.099,1991-09-30
1991-09-24,6.11,1991-09-30
1991-09-25,6.144,1991-09-30
1991-09-26,6.141,1991-09-30
1991-09-27,6.121,1991-09-30
1991-09-30,6.0685,1991-09-30
1991-10-01,6.0775,1991-10-31
1991-10-02,6.0615,1991-10-31
1991-10-03,6.0675,1991-10-31
1991-10-04,6.109,1991-10-31
1991-10-07,6.124,1991-10-31
1991-10-08,6.1775,1991-10-31
1991-10-09,6.175,1991-10-31
1991-10-10,6.1775,1991-10-31
1991-10-11,6.173,1991-10-31
1991-10-15,6.2335,1991-10-31
1991-10-16,6.2005,1991-10-31
1991-10-17,6.205,1991-10-31
1991-10-18,6.1605,1991-10-31
1991-10-21,6.157,1991-10-31
1991-10-22,6.1745,1991-10-31
1991-10-23,6.2085,1991-10-31
1991-10-24,6.191,1991-10-31
1991-10-25,6.196,1991-10-31
1991-10-28,6.2245,1991-10-31
1991-10-29,6.159,1991-10-31
1991-10-30,6.0835,1991-10-31
1991-10-31,6.0775,1991-10-31
1991-11-01,6.057,1991-11-30
1991-11-04,5.952,1991-11-30
1991-11-05,5.994,1991-11-30
1991-11-06,5.985,1991-11-30
1991-11-07,5.9555,1991-11-30
1991-11-08,5.9975,1991-11-30
1991-11-12,5.981,1991-11-30
1991-11-13,5.986,1991-11-30
1991-11-14,5.965,1991-11-30
1991-11-15,5.993,1991-11-30
1991-11-18,5.8765,1991-11-30
1991-11-19,5.8445,1991-11-30
1991-11-20,5.858,1991-11-30
1991-11-21,5.837,1991-11-30
1991-11-22,5.8065,1991-11-30
1991-11-25,5.8015,1991-11-30
1991-11-26,5.8,1991-11-30
1991-11-27,5.9205,1991-11-30
1991-11-29,5.9565,1991-11-30
1991-12-02,5.898,1991-12-31
1991-12-03,5.9085,1991-12-31
1991-12-04,5.92,1991-12-31
1991-12-05,5.824,1991-12-31
1991-12-06,5.761,1991-12-31
1991-12-09,5.764,1991-12-31
1991-12-10,5.784,1991-12-31
1991-12-11,5.769,1991-12-31
1991-12-12,5.7715,1991-12-31
1991-12-13,5.778,1991-12-31
1991-12-16,5.7655,1991-12-31
1991-12-17,5.743,1991-12-31
1991-12-18,5.7335,1991-12-31
1991-12-19,5.704,1991-12-31
1991-12-20,5.61,1991-12-31
1991-12-23,5.538,1991-12-31
1991-12-24,5.572,1991-12-31
1991-12-26,5.525,1991-12-31
1991-12-27,5.553,1991-12-31
1991-12-30,5.554,1991-12-31
1991-12-31,5.555,1991-12-31
1992-01-02,5.578,1992-01-31
1992-01-03,5.639,1992-01-31
1992-01-06,5.54,1992-01-31
1992-01-07,5.55,1992-01-31
1992-01-08,5.531,1992-01-31
1992-01-09,5.629,1992-01-31
1992-01-10,5.765,1992-01-31
1992-01-13,5.74,1992-01-31
1992-01-14,5.7685,1992-01-31
1992-01-15,5.9,1992-01-31
1992-01-16,5.8955,1992-01-31
1992-01-17,5.85,1992-01-31
1992-01-21,5.759,1992-01-31
1992-01-22,5.774,1992-01-31
1992-01-23,5.8,1992-01-31
1992-01-24,5.7715,1992-01-31
1992-01-27,5.868,1992-01-31
1992-01-28,5.808,1992-01-31
1992-01-29,5.781,1992-01-31
1992-01-30,5.882,1992-01-31
1992-01-31,5.838,1992-01-31
1992-02-03,5.812,1992-02-29
1992-02-04,5.7885,1992-02-29
1992-02-05,5.781,1992-02-29
1992-02-06,5.741,1992-02-29
1992-02-07,5.6775,1992-02-29
1992-02-10,5.7105,1992-02-29
1992-02-11,5.787,1992-02-29
1992-02-12,5.839,1992-02-29
1992-02-13,5.8865,1992-02-29
1992-02-14,5.906,1992-02-29
1992-02-18,5.9785,1992-02-29
1992-02-19,5.9785,1992-02-29
1992-02-20,5.978,1992-02-29
1992-02-21,5.9855,1992-02-29
1992-02-24,5.975,1992-02-29
1992-02-25,5.945,1992-02-29
1992-02-26,5.983,1992-02-29
1992-02-27,5.961,1992-02-29
1992-02-28,5.9375,1992-02-29
1992-03-02,5.955,1992-03-31
1992-03-03,6.0015,1992-03-31
1992-03-04,6.052,1992-03-31
1992-03-05,6.055,1992-03-31
1992-03-06,6.0485,1992-03-31
1992-03-09,6.0345,1992-03-31
1992-03-10,6.061,1992-03-31
1992-03-11,6.032,1992-03-31
1992-03-12,6.067,1992-03-31
1992-03-13,6.043,1992-03-31
1992-03-16,6.0385,1992-03-31
1992-03-17,5.999,1992-03-31
1992-03-18,5.985,1992-03-31
1992-03-19,6.067,1992-03-31
1992-03-20,6.084,1992-03-31
1992-03-23,6.057,1992-03-31
1992-03-24,6.041,1992-03-31
1992-03-25,5.993,1992-03-31
1992-03-26,6.03,1992-03-31
1992-03-27,5.974,1992-03-31
1992-03-30,5.985,1992-03-31
1992-03-31,5.976,1992-03-31
1992-04-01,5.993,1992-04-30
1992-04-02,5.976,1992-04-30
1992-04-03,5.9,1992-04-30
1992-04-06,5.886,1992-04-30
1992-04-07,5.9,1992-04-30
1992-04-08,5.905,1992-04-30
1992-04-09,5.875,1992-04-30
1992-04-10,5.932,1992-04-30
1992-04-13,5.974,1992-04-30
1992-04-14,5.945,1992-04-30
1992-04-15,5.993,1992-04-30
1992-04-16,6.023,1992-04-30
1992-04-17,6.032,1992-04-30
1992-04-20,6.051,1992-04-30
1992-04-21,6.03,1992-04-30
1992-04-22,6.004,1992-04-30
1992-04-23,6.004,1992-04-30
1992-04-24,5.966,1992-04-30
1992-04-27,5.961,1992-04-30
1992-04-28,5.972,1992-04-30
1992-04-29,5.98,1992-04-30
1992-04-30,5.966,1992-04-30
1992-05-01,5.9225,1992-05-31
1992-05-04,5.927,1992-05-31
1992-05-05,5.918,1992-05-31
1992-05-06,5.873,1992-05-31
1992-05-07,5.897,1992-05-31
1992-05-08,5.939,1992-05-31
1992-05-11,5.912,1992-05-31
1992-05-12,5.846,1992-05-31
1992-05-13,5.838,1992-05-31
1992-05-14,5.812,1992-05-31
1992-05-15,5.818,1992-05-31
1992-05-18,5.7475,1992-05-31
1992-05-19,5.732,1992-05-31
1992-05-20,5.7695,1992-05-31
1992-05-21,5.8155,1992-05-31
1992-05-22,5.8315,1992-05-31
1992-05-26,5.796,1992-05-31
1992-05-27,5.881,1992-05-31
1992-05-28,5.86,1992-05-31
1992-05-29,5.7875,1992-05-31
1992-06-01,5.801,1992-06-30
1992-06-02,5.7935,1992-06-30
1992-06-03,5.7955,1992-06-30
1992-06-04,5.775,1992-06-30
1992-06-05,5.734,1992-06-30
1992-06-08,5.7425,1992-06-30
1992-06-09,5.747,1992-06-30
1992-06-10,5.753,1992-06-30
1992-06-11,5.704,1992-06-30
1992-06-12,5.6995,1992-06-30
1992-06-15,5.675,1992-06-30
1992-06-16,5.666,1992-06-30
1992-06-17,5.6945,1992-06-30
1992-06-18,5.6565,1992-06-30
1992-06-19,5.6745,1992-06-30
1992-06-22,5.657,1992-06-30
1992-06-23,5.655,1992-06-30
1992-06-24,5.6065,1992-06-30
1992-06-25,5.5715,1992-06-30
1992-06-26,5.556,1992-06-30
1992-06-29,5.48,1992-06-30
1992-06-30,5.5045,1992-06-30
1992-07-01,5.484,1992-07-31
1992-07-02,5.471,1992-07-31
1992-07-03,5.482,1992-07-31
1992-07-06,5.465,1992-07-31
1992-07-07,5.4255,1992-07-31
1992-07-08,5.415,1992-07-31
1992-07-09,5.492,1992-07-31
1992-07-10,5.432,1992-07-31
1992-07-13,5.365,1992-07-31
1992-07-14,5.425,1992-07-31
1992-07-15,5.3675,1992-07-31
1992-07-16,5.3585,1992-07-31
1992-07-17,5.2945,1992-07-31
1992-07-20,5.388,1992-07-31
1992-07-21,5.4125,1992-07-31
1992-07-22,5.415,1992-07-31
1992-07-23,5.387,1992-07-31
1992-07-24,5.444,1992-07-31
1992-07-27,5.3845,1992-07-31
1992-07-28,5.3495,1992-07-31
1992-07-29,5.3835,1992-07-31
1992-07-30,5.3765,1992-07-31
1992-07-31,5.3755,1992-07-31
1992-08-03,5.364,1992-08-31
1992-08-04,5.357,1992-08-31
1992-08-05,5.3665,1992-08-31
1992-08-06,5.382,1992-08-31
1992-08-07,5.325,1992-08-31
1992-08-10,5.3335,1992-08-31
1992-08-11,5.3455,1992-08-31
1992-08-12,5.326,1992-08-31
1992-08-13,5.31,1992-08-31
1992-08-14,5.346,1992-08-31
1992-08-17,5.3255,1992-08-31
1992-08-18,5.317,1992-08-31
1992-08-19,5.3,1992-08-31
1992-08-20,5.283,1992-08-31
1992-08-21,5.2465,1992-08-31
1992-08-24,5.1335,1992-08-31
1992-08-25,5.1315,1992-08-31
1992-08-26,5.141,1992-08-31
1992-08-27,5.1525,1992-08-31
1992-08-28,5.153,1992-08-31
1992-08-31,5.126,1992-08-31
1992-09-01,5.1035,1992-09-30
1992-09-02,5.0885,1992-09-30
1992-09-03,5.1605,1992-09-30
1992-09-04,5.1385,1992-09-30
1992-09-08,5.094,1992-09-30
1992-09-09,5.149,1992-09-30
1992-09-10,5.1615,1992-09-30
1992-09-11,5.304,1992-09-30
1992-09-14,5.4415,1992-09-30
1992-09-15,5.47,1992-09-30
1992-09-16,5.556,1992-09-30
1992-09-17,5.459,1992-09-30
1992-09-18,5.6535,1992-09-30
1992-09-21,5.55,1992-09-30
1992-09-22,5.602,1992-09-30
1992-09-23,5.606,1992-09-30
1992-09-24,5.565,1992-09-30
1992-09-25,5.55,1992-09-30
1992-09-28,5.442,1992-09-30
1992-09-29,5.34,1992-09-30
1992-09-30,5.304,1992-09-30
1992-10-01,5.3515,1992-10-31
1992-10-02,5.3218,1992-10-31
1992-10-05,5.36,1992-10-31
1992-10-06,5.426,1992-10-31
1992-10-07,5.448,1992-10-31
1992-10-08,5.542,1992-10-31
1992-10-09,5.583,1992-10-31
1992-10-13,5.563,1992-10-31
1992-10-14,5.503,1992-10-31
1992-10-15,5.479,1992-10-31
1992-10-16,5.576,1992-10-31
1992-10-19,5.596,1992-10-31
1992-10-20,5.72,1992-10-31
1992-10-21,5.6925,1992-10-31
1992-10-22,5.695,1992-10-31
1992-10-23,5.77,1992-10-31
1992-10-26,5.7925,1992-10-31
1992-10-27,5.791,1992-10-31
1992-10-28,5.7975,1992-10-31
1992-10-29,5.7975,1992-10-31
1992-10-30,5.807,1992-10-31
1992-11-02,5.905,1992-11-30
1992-11-03,5.8835,1992-11-30
1992-11-04,5.902,1992-11-30
1992-11-05,5.936,1992-11-30
1992-11-06,5.984,1992-11-30
1992-11-09,5.9705,1992-11-30
1992-11-10,6.016,1992-11-30
1992-11-12,5.99,1992-11-30
1992-11-13,5.898,1992-11-30
1992-11-16,5.988,1992-11-30
1992-11-17,6.0275,1992-11-30
1992-11-18,6.15,1992-11-30
1992-11-19,6.56,1992-11-30
1992-11-20,6.73,1992-11-30
1992-11-23,6.73,1992-11-30
1992-11-24,6.75,1992-11-30
1992-11-25,6.73,1992-11-30
1992-11-27,6.81,1992-11-30
1992-11-30,6.843,1992-11-30
1992-12-01,6.8,1992-12-31
1992-12-02,6.7795,1992-12-31
1992-12-03,6.802,1992-12-31
1992-12-04,6.826,1992-12-31
1992-12-07,6.718,1992-12-31
1992-12-08,6.675,1992-12-31
1992-12-09,6.7725,1992-12-31
1992-12-10,6.795,1992-12-31
1992-12-11,6.769,1992-12-31
1992-12-14,6.76,1992-12-31
1992-12-15,6.768,1992-12-31
1992-12-16,6.81,1992-12-31
1992-12-17,6.9475,1992-12-31
1992-12-18,6.94,1992-12-31
1992-12-21,6.933,1992-12-31
1992-12-22,7.009,1992-12-31
1992-12-23,7.063,1992-12-31
1992-12-24,7.085,1992-12-31
1992-12-28,7.115,1992-12-31
1992-12-29,7.0835,1992-12-31
1992-12-30,7.0565,1992-12-31
1992-12-31,7.079,1992-12-31
1993-01-04,7.184,1993-01-31
1993-01-05,7.23,1993-01-31
1993-01-06,7.258,1993-01-31
1993-01-07,7.3675,1993-01-31
1993-01-08,7.4175,1993-01-31
1993-01-11,7.3825,1993-01-31
1993-01-12,7.46,1993-01-31
1993-01-13,7.45,1993-01-31
1993-01-14,7.23,1993-01-31
1993-01-15,7.29,1993-01-31
1993-01-19,7.21,1993-01-31
1993-01-20,7.17,1993-01-31
1993-01-21,7.24,1993-01-31
1993-01-22,7.168,1993-01-31
1993-01-25,7.064,1993-01-31
1993-01-26,7.0855,1993-01-31
1993-01-27,7.109,1993-01-31
1993-01-28,7.203,1993-01-31
1993-01-29,7.3,1993-01-31
1993-02-01,7.47,1993-02-28
1993-02-02,7.447,1993-02-28
1993-02-03,7.54,1993-02-28
1993-02-04,7.48,1993-02-28
1993-02-05,7.45,1993-02-28
1993-02-08,7.46,1993-02-28
1993-02-09,7.424,1993-02-28
1993-02-10,7.478,1993-02-28
1993-02-11,7.465,1993-02-28
1993-02-12,7.52,1993-02-28
1993-02-16,7.4435,1993-02-28
1993-02-17,7.454,1993-02-28
1993-02-18,7.566,1993-02-28
1993-02-19,7.59,1993-02-28
1993-02-22,7.59,1993-02-28
1993-02-23,7.6975,1993-02-28
1993-02-24,7.84,1993-02-28
1993-02-25,7.847,1993-02-28
1993-02-26,7.8125,1993-02-28
1993-03-01,7.765,1993-03-31
1993-03-02,7.721,1993-03-31
1993-03-03,7.71,1993-03-31
1993-03-04,7.665,1993-03-31
1993-03-05,7.745,1993-03-31
1993-03-08,7.6125,1993-03-31
1993-03-09,7.631,1993-03-31
1993-03-10,7.609,1993-03-31
1993-03-11,7.781,1993-03-31
1993-03-12,7.8005,1993-03-31
1993-03-15,7.843,1993-03-31
1993-03-16,7.8,1993-03-31
1993-03-17,7.819,1993-03-31
1993-03-18,7.784,1993-03-31
1993-03-19,7.706,1993-03-31
1993-03-22,7.7325,1993-03-31
1993-03-23,7.7385,1993-03-31
1993-03-24,7.7565,1993-03-31
1993-03-25,7.824,1993-03-31
1993-03-26,7.714,1993-03-31
1993-03-29,7.7495,1993-03-31
1993-03-30,7.697,1993-03-31
1993-03-31,7.7275,1993-03-31
1993-04-01,7.606,1993-04-30
1993-04-02,7.6215,1993-04-30
1993-04-05,7.567,1993-04-30
1993-04-06,7.637,1993-04-30
1993-04-07,7.665,1993-04-30
1993-04-08,7.61,1993-04-30
1993-04-09,7.6,1993-04-30
1993-04-12,7.5375,1993-04-30
1993-04-13,7.4415,1993-04-30
1993-04-14,7.4055,1993-04-30
1993-04-15,7.466,1993-04-30
1993-04-16,7.5275,1993-04-30
1993-04-19,7.404,1993-04-30
1993-04-20,7.39,1993-04-30
1993-04-21,7.4275,1993-04-30
1993-04-22,7.41,1993-04-30
1993-04-23,7.2725,1993-04-30
1993-04-26,7.183,1993-04-30
1993-04-27,7.2475,1993-04-30
1993-04-28,7.2575,1993-04-30
1993-04-29,7.2975,1993-04-30
1993-04-30,7.325,1993-04-30
1993-05-03,7.335,1993-05-31
1993-05-04,7.3075,1993-05-31
1993-05-05,7.3,1993-05-31
1993-05-06,7.275,1993-05-31
1993-05-07,7.305,1993-05-31
1993-05-10,7.4,1993-05-31
1993-05-11,7.4275,1993-05-31
1993-05-12,7.425,1993-05-31
1993-05-13,7.395,1993-05-31
1993-05-14,7.34,1993-05-31
1993-05-17,7.345,1993-05-31
1993-05-18,7.375,1993-05-31
1993-05-19,7.36,1993-05-31
1993-05-20,7.305,1993-05-31
1993-05-21,7.295,1993-05-31
1993-05-24,7.3015,1993-05-31
1993-05-25,7.28,1993-05-31
1993-05-26,7.337,1993-05-31
1993-05-27,7.26,1993-05-31
1993-05-28,7.174,1993-05-31
1993-06-01,7.2,1993-06-30
1993-06-02,7.19,1993-06-30
1993-06-03,7.2,1993-06-30
1993-06-04,7.311,1993-06-30
1993-06-07,7.2635,1993-06-30
1993-06-08,7.245,1993-06-30
1993-06-09,7.307,1993-06-30
1993-06-10,7.256,1993-06-30
1993-06-11,7.187,1993-06-30
1993-06-14,7.23,1993-06-30
1993-06-15,7.303,1993-06-30
1993-06-16,7.425,1993-06-30
1993-06-17,7.46,1993-06-30
1993-06-18,7.53,1993-06-30
1993-06-21,7.56,1993-06-30
1993-06-22,7.6025,1993-06-30
1993-06-23,7.71,1993-06-30
1993-06-24,7.815,1993-06-30
1993-06-25,7.818,1993-06-30
1993-06-28,7.8735,1993-06-30
1993-06-29,7.768,1993-06-30
1993-06-30,7.735,1993-06-30
1993-07-01,7.725,1993-07-31
1993-07-02,7.7045,1993-07-31
1993-07-06,7.7975,1993-07-31
1993-07-07,7.859,1993-07-31
1993-07-08,7.915,1993-07-31
1993-07-09,7.9775,1993-07-31
1993-07-12,8.0125,1993-07-31
1993-07-13,7.917,1993-07-31
1993-07-14,7.93,1993-07-31
1993-07-15,8.0205,1993-07-31
1993-07-16,8.026,1993-07-31
1993-07-19,7.9125,1993-07-31
1993-07-20,7.991,1993-07-31
1993-07-21,7.975,1993-07-31
1993-07-22,8.0755,1993-07-31
1993-07-23,8.075,1993-07-31
1993-07-26,8.0375,1993-07-31
1993-07-27,8.083,1993-07-31
1993-07-28,8.0725,1993-07-31
1993-07-29,8.2385,1993-07-31
1993-07-30,8.24,1993-07-31
1993-08-02,8.098,1993-08-31
1993-08-03,8.025,1993-08-31
1993-08-04,7.999,1993-08-31
1993-08-05,8.04,1993-08-31
1993-08-06,7.9575,1993-08-31
1993-08-09,7.915,1993-08-31
1993-08-10,7.998,1993-08-31
1993-08-11,8.0605,1993-08-31
1993-08-12,8.16,1993-08-31
1993-08-13,8.18,1993-08-31
1993-08-16,8.045,1993-08-31
1993-08-17,8.049,1993-08-31
1993-08-18,7.9025,1993-08-31
1993-08-19,7.97,1993-08-31
1993-08-20,7.98,1993-08-31
1993-08-23,8.09,1993-08-31
1993-08-24,8.0475,1993-08-31
1993-08-25,8.0625,1993-08-31
1993-08-26,8.07,1993-08-31
1993-08-27,8.085,1993-08-31
1993-08-30,8.115,1993-08-31
1993-08-31,8.175,1993-08-31
1993-09-01,8.18,1993-09-30
1993-09-02,8.195,1993-09-30
1993-09-03,8.01,1993-09-30
1993-09-07,7.917,1993-09-30
1993-09-08,7.985,1993-09-30
1993-09-09,7.887,1993-09-30
1993-09-10,7.86,1993-09-30
1993-09-13,7.8525,1993-09-30
1993-09-14,7.9025,1993-09-30
1993-09-15,7.878,1993-09-30
1993-09-16,7.9425,1993-09-30
1993-09-17,7.9826,1993-09-30
1993-09-20,8.0675,1993-09-30
1993-09-21,8.2295,1993-09-30
1993-09-22,8.14,1993-09-30
1993-09-23,8.0625,1993-09-30
1993-09-24,8.0775,1993-09-30
1993-09-27,8.025,1993-09-30
1993-09-28,8.0375,1993-09-30
1993-09-29,8.045,1993-09-30
1993-09-30,8.08,1993-09-30
1993-10-01,8.104,1993-10-31
1993-10-04,8.0825,1993-10-31
1993-10-05,8.085,1993-10-31
1993-10-06,8.05,1993-10-31
1993-10-07,8.05,1993-10-31
1993-10-08,7.9825,1993-10-31
1993-10-12,7.905,1993-10-31
1993-10-13,7.92,1993-10-31
1993-10-14,7.934,1993-10-31
1993-10-15,7.872,1993-10-31
1993-10-18,7.8825,1993-10-31
1993-10-19,7.904,1993-10-31
1993-10-20,7.9355,1993-10-31
1993-10-21,7.999,1993-10-31
1993-10-22,8.052,1993-10-31
1993-10-25,8.081,1993-10-31
1993-10-26,8.1035,1993-10-31
1993-10-27,8.1345,1993-10-31
1993-10-28,8.169,1993-10-31
1993-10-29,8.144,1993-10-31
1993-11-01,8.1965,1993-11-30
1993-11-02,8.1775,1993-11-30
1993-11-03,8.17,1993-11-30
1993-11-04,8.189,1993-11-30
1993-11-05,8.104,1993-11-30
1993-11-08,8.133,1993-11-30
1993-11-09,8.186,1993-11-30
1993-11-10,8.2265,1993-11-30
1993-11-12,8.2185,1993-11-30
1993-11-15,8.2025,1993-11-30
1993-11-16,8.243,1993-11-30
1993-11-17,8.2475,1993-11-30
1993-11-18,8.2855,1993-11-30
1993-11-19,8.34,1993-11-30
1993-11-22,8.3225,1993-11-30
1993-11-23,8.37,1993-11-30
1993-11-24,8.3765,1993-11-30
1993-11-26,8.408,1993-11-30
1993-11-29,8.4435,1993-11-30
1993-11-30,8.481,1993-11-30
1993-12-01,8.4835,1993-12-31
1993-12-02,8.4685,1993-12-31
1993-12-03,8.422,1993-12-31
1993-12-06,8.3215,1993-12-31
1993-12-07,8.34,1993-12-31
1993-12-08,8.313,1993-12-31
1993-12-09,8.315,1993-12-31
1993-12-10,8.35,1993-12-31
1993-12-13,8.415,1993-12-31
1993-12-14,8.455,1993-12-31
1993-12-15,8.4475,1993-12-31
1993-12-16,8.396,1993-12-31
1993-12-17,8.392,1993-12-31
1993-12-20,8.422,1993-12-31
1993-12-21,8.368,1993-12-31
1993-12-22,8.26,1993-12-31
1993-12-23,8.2025,1993-12-31
1993-12-24,8.2126,1993-12-31
1993-12-27,8.282,1993-12-31
1993-12-28,8.239,1993-12-31
1993-12-29,8.2795,1993-12-31
1993-12-30,8.328,1993-12-31
1993-12-31,8.34,1993-12-31
1994-01-03,8.384,1994-01-31
1994-01-04,8.246,1994-01-31
1994-01-05,8.212,1994-01-31
1994-01-06,8.2115,1994-01-31
1994-01-07,8.152,1994-01-31
1994-01-10,8.163,1994-01-31
1994-01-11,8.19,1994-01-31
1994-01-12,8.158,1994-01-31
1994-01-13,8.171,1994-01-31
1994-01-14,8.1935,1994-01-31
1994-01-18,8.0965,1994-01-31
1994-01-19,8.1325,1994-01-31
1994-01-20,8.097,1994-01-31
1994-01-21,8.07,1994-01-31
1994-01-24,8.08,1994-01-31
1994-01-25,8.026,1994-01-31
1994-01-26,7.973,1994-01-31
1994-01-27,7.975,1994-01-31
1994-01-28,7.936,1994-01-31
1994-01-31,7.902,1994-01-31
1994-02-01,7.8775,1994-02-28
1994-02-02,7.9255,1994-02-28
1994-02-03,7.892,1994-02-28
1994-02-04,7.9105,1994-02-28
1994-02-07,7.983,1994-02-28
1994-02-08,8.035,1994-02-28
1994-02-09,8.0295,1994-02-28
1994-02-10,8.089,1994-02-28
1994-02-11,8.081,1994-02-28
1994-02-14,8.0625,1994-02-28
1994-02-15,8.037,1994-02-28
1994-02-16,8.048,1994-02-28
1994-02-17,7.996,1994-02-28
1994-02-18,7.923,1994-02-28
1994-02-22,7.9295,1994-02-28
1994-02-23,7.951,1994-02-28
1994-02-24,7.9785,1994-02-28
1994-02-25,8.0265,1994-02-28
1994-02-28,7.9755,1994-02-28
1994-03-01,8.0405,1994-03-31
1994-03-02,8.026,1994-03-31
1994-03-03,7.986,1994-03-31
1994-03-04,8.022,1994-03-31
1994-03-07,8.001,1994-03-31
1994-03-08,8.0145,1994-03-31
1994-03-09,8.011,1994-03-31
1994-03-10,7.915,1994-03-31
1994-03-11,7.835,1994-03-31
1994-03-14,7.879,1994-03-31
1994-03-15,7.8735,1994-03-31
1994-03-16,7.854,1994-03-31
1994-03-17,7.834,1994-03-31
1994-03-18,7.851,1994-03-31
1994-03-21,7.898,1994-03-31
1994-03-22,7.874,1994-03-31
1994-03-23,7.877,1994-03-31
1994-03-24,7.864,1994-03-31
1994-03-25,7.901,1994-03-31
1994-03-28,7.8935,1994-03-31
1994-03-29,7.913,1994-03-31
1994-03-30,7.872,1994-03-31
1994-03-31,7.823,1994-03-31
1994-04-01,7.915,1994-04-30
1994-04-04,7.925,1994-04-30
1994-04-05,7.9965,1994-04-30
1994-04-06,7.9525,1994-04-30
1994-04-07,7.9145,1994-04-30
1994-04-08,7.892,1994-04-30
1994-04-11,7.889,1994-04-30
1994-04-12,7.91,1994-04-30
1994-04-13,7.9235,1994-04-30
1994-04-14,7.922,1994-04-30
1994-04-15,7.913,1994-04-30
1994-04-18,7.9205,1994-04-30
1994-04-19,7.9315,1994-04-30
1994-04-20,7.915,1994-04-30
1994-04-21,7.8865,1994-04-30
1994-04-22,7.891,1994-04-30
1994-04-25,7.858,1994-04-30
1994-04-26,7.842,1994-04-30
1994-04-27,7.7865,1994-04-30
1994-04-28,7.7445,1994-04-30
1994-04-29,7.6575,1994-04-30
1994-05-02,7.602,1994-05-31
1994-05-03,7.5965,1994-05-31
1994-05-04,7.694,1994-05-31
1994-05-05,7.719,1994-05-31
1994-05-06,7.6915,1994-05-31
1994-05-09,7.682,1994-05-31
1994-05-10,7.7535,1994-05-31
1994-05-11,7.757,1994-05-31
1994-05-12,7.7415,1994-05-31
1994-05-13,7.758,1994-05-31
1994-05-16,7.7905,1994-05-31
1994-05-17,7.744,1994-05-31
1994-05-18,7.6995,1994-05-31
1994-05-19,7.6935,1994-05-31
1994-05-20,7.676,1994-05-31
1994-05-23,7.68,1994-05-31
1994-05-24,7.7445,1994-05-31
1994-05-25,7.7835,1994-05-31
1994-05-26,7.746,1994-05-31
1994-05-27,7.718,1994-05-31
1994-05-31,7.8105,1994-05-31
1994-06-01,7.8798,1994-06-30
1994-06-02,7.8619,1994-06-30
1994-06-03,7.8976,1994-06-30
1994-06-06,7.8966,1994-06-30
1994-06-07,7.9318,1994-06-30
1994-06-08,7.945,1994-06-30
1994-06-09,7.958,1994-06-30
1994-06-10,7.9255,1994-06-30
1994-06-13,7.9075,1994-06-30
1994-06-14,7.8965,1994-06-30
1994-06-15,7.867,1994-06-30
1994-06-16,7.874,1994-06-30
1994-06-17,7.7615,1994-06-30
1994-06-20,7.722,1994-06-30
1994-06-21,7.674,1994-06-30
1994-06-22,7.707,1994-06-30
1994-06-23,7.69,1994-06-30
1994-06-24,7.6315,1994-06-30
1994-06-27,7.5915,1994-06-30
1994-06-28,7.6075,1994-06-30
1994-06-29,7.644,1994-06-30
1994-06-30,7.659,1994-06-30
1994-07-01,7.82,1994-07-31
1994-07-05,7.8365,1994-07-31
1994-07-06,7.844,1994-07-31
1994-07-07,7.8355,1994-07-31
1994-07-08,7.7535,1994-07-31
1994-07-11,7.622,1994-07-31
1994-07-12,7.516,1994-07-31
1994-07-13,7.5835,1994-07-31
1994-07-14,7.695,1994-07-31
1994-07-15,7.765,1994-07-31
1994-07-18,7.6975,1994-07-31
1994-07-19,7.736,1994-07-31
1994-07-20,7.7315,1994-07-31
1994-07-21,7.778,1994-07-31
1994-07-22,7.8495,1994-07-31
1994-07-25,7.8025,1994-07-31
1994-07-26,7.7775,1994-07-31
1994-07-27,7.7435,1994-07-31
1994-07-28,7.77,1994-07-31
1994-07-29,7.784,1994-07-31
1994-08-01,7.7736,1994-08-31
1994-08-02,7.738,1994-08-31
1994-08-03,7.71,1994-08-31
1994-08-04,7.738,1994-08-31
1994-08-05,7.74,1994-08-31
1994-08-08,7.737,1994-08-31
1994-08-09,7.786,1994-08-31
1994-08-10,7.7895,1994-08-31
1994-08-11,7.8745,1994-08-31
1994-08-12,7.8185,1994-08-31
1994-08-15,7.778,1994-08-31
1994-08-16,7.835,1994-08-31
1994-08-17,7.882,1994-08-31
1994-08-18,7.8105,1994-08-31
1994-08-19,7.723,1994-08-31
1994-08-22,7.5515,1994-08-31
1994-08-23,7.6175,1994-08-31
1994-08-24,7.6435,1994-08-31
1994-08-25,7.617,1994-08-31
1994-08-26,7.722,1994-08-31
1994-08-29,7.7345,1994-08-31
1994-08-30,7.723,1994-08-31
1994-08-31,7.723,1994-08-31
1994-09-01,7.693,1994-09-30
1994-09-02,7.6535,1994-09-30
1994-09-06,7.6385,1994-09-30
1994-09-07,7.607,1994-09-30
1994-09-08,7.6595,1994-09-30
1994-09-09,7.5525,1994-09-30
1994-09-12,7.4835,1994-09-30
1994-09-13,7.522,1994-09-30
1994-09-14,7.5355,1994-09-30
1994-09-15,7.4985,1994-09-30
1994-09-16,7.4127,1994-09-30
1994-09-19,7.4655,1994-09-30
1994-09-20,7.4775,1994-09-30
1994-09-21,7.4565,1994-09-30
1994-09-22,7.4534,1994-09-30
1994-09-23,7.467,1994-09-30
1994-09-26,7.485,1994-09-30
1994-09-27,7.465,1994-09-30
1994-09-28,7.473,1994-09-30
1994-09-29,7.486,1994-09-30
1994-09-30,7.4915,1994-09-30
1994-10-03,7.478,1994-10-31
1994-10-04,7.394,1994-10-31
1994-10-05,7.3945,1994-10-31
1994-10-06,7.362,1994-10-31
1994-10-07,7.3465,1994-10-31
1994-10-11,7.4165,1994-10-31
1994-10-12,7.427,1994-10-31
1994-10-13,7.391,1994-10-31
1994-10-14,7.3315,1994-10-31
1994-10-17,7.222,1994-10-31
1994-10-18,7.215,1994-10-31
1994-10-19,7.2175,1994-10-31
1994-10-20,7.1685,1994-10-31
1994-10-21,7.139,1994-10-31
1994-10-24,7.1115,1994-10-31
1994-10-25,7.064,1994-10-31
1994-10-26,7.0775,1994-10-31
1994-10-27,7.103,1994-10-31
1994-10-28,7.2095,1994-10-31
1994-10-31,7.1935,1994-10-31
1994-11-01,7.206,1994-11-30
1994-11-02,7.2185,1994-11-30
1994-11-03,7.3905,1994-11-30
1994-11-04,7.351,1994-11-30
1994-11-07,7.339,1994-11-30
1994-11-08,7.279,1994-11-30
1994-11-09,7.359,1994-11-30
1994-11-10,7.3115,1994-11-30
1994-11-14,7.258,1994-11-30
1994-11-15,7.3475,1994-11-30
1994-11-16,7.3445,1994-11-30
1994-11-17,7.3245,1994-11-30
1994-11-18,7.3395,1994-11-30
1994-11-21,7.362,1994-11-30
1994-11-22,7.3725,1994-11-30
1994-11-23,7.3773,1994-11-30
1994-11-25,7.478,1994-11-30
1994-11-28,7.5325,1994-11-30
1994-11-29,7.547,1994-11-30
1994-11-30,7.536,1994-11-30
1994-12-01,7.5485,1994-12-31
1994-12-02,7.5195,1994-12-31
1994-12-05,7.492,1994-12-31
1994-12-06,7.54,1994-12-31
1994-12-07,7.508,1994-12-31
1994-12-08,7.527,1994-12-31
1994-12-09,7.5205,1994-12-31
1994-12-12,7.5415,1994-12-31
1994-12-13,7.545,1994-12-31
1994-12-14,7.572,1994-12-31
1994-12-15,7.5395,1994-12-31
1994-12-16,7.5475,1994-12-31
1994-12-19,7.5505,1994-12-31
1994-12-20,7.5215,1994-12-31
1994-12-21,7.492,1994-12-31
1994-12-22,7.495,1994-12-31
1994-12-23,7.5045,1994-12-31
1994-12-27,7.492,1994-12-31
1994-12-28,7.4955,1994-12-31
1994-12-29,7.456,1994-12-31
1994-12-30,7.4295,1994-12-31
1995-01-03,7.4545,1995-01-31
1995-01-04,7.467,1995-01-31
1995-01-05,7.466,1995-01-31
1995-01-06,7.544,1995-01-31
1995-01-09,7.488,1995-01-31
1995-01-10,7.551,1995-01-31
1995-01-11,7.493,1995-01-31
1995-01-12,7.478,1995-01-31
1995-01-13,7.52,1995-01-31
1995-01-17,7.4715,1995-01-31
1995-01-18,7.456,1995-01-31
1995-01-19,7.484,1995-01-31
1995-01-20,7.433,1995-01-31
1995-01-23,7.454,1995-01-31
1995-01-24,7.449,1995-01-31
1995-01-25,7.494,1995-01-31
1995-01-26,7.463,1995-01-31
1995-01-27,7.464,1995-01-31
1995-01-30,7.4175,1995-01-31
1995-01-31,7.5015,1995-01-31
1995-02-01,7.4695,1995-02-28
1995-02-02,7.448,1995-02-28
1995-02-03,7.478,1995-02-28
1995-02-06,7.446,1995-02-28
1995-02-07,7.478,1995-02-28
1995-02-08,7.471,1995-02-28
1995-02-09,7.463,1995-02-28
1995-02-10,7.41,1995-02-28
1995-02-13,7.427,1995-02-28
1995-02-14,7.3915,1995-02-28
1995-02-15,7.3815,1995-02-28
1995-02-16,7.3605,1995-02-28
1995-02-17,7.356,1995-02-28
1995-02-21,7.316,1995-02-28
1995-02-22,7.3095,1995-02-28
1995-02-23,7.27,1995-02-28
1995-02-24,7.265,1995-02-28
1995-02-27,7.3615,1995-02-28
1995-02-28,7.3345,1995-02-28
1995-03-01,7.315,1995-03-31
1995-03-02,7.34,1995-03-31
1995-03-03,7.296,1995-03-31
1995-03-06,7.2435,1995-03-31
1995-03-07,7.177,1995-03-31
1995-03-08,7.1615,1995-03-31
1995-03-09,7.1385,1995-03-31
1995-03-10,7.235,1995-03-31
1995-03-13,7.277,1995-03-31
1995-03-14,7.2075,1995-03-31
1995-03-15,7.198,1995-03-31
1995-03-16,7.217,1995-03-31
1995-03-17,7.237,1995-03-31
1995-03-20,7.2805,1995-03-31
1995-03-21,7.284,1995-03-31
1995-03-22,7.2965,1995-03-31
1995-03-23,7.3295,1995-03-31
1995-03-24,7.355,1995-03-31
1995-03-27,7.293,1995-03-31
1995-03-28,7.3515,1995-03-31
1995-03-29,7.344,1995-03-31
1995-03-30,7.439,1995-03-31
1995-03-31,7.395,1995-03-31
1995-04-03,7.3635,1995-04-30
1995-04-04,7.3865,1995-04-30
1995-04-05,7.39,1995-04-30
1995-04-06,7.38,1995-04-30
1995-04-07,7.362,1995-04-30
1995-04-10,7.351,1995-04-30
1995-04-11,7.337,1995-04-30
1995-04-12,7.3755,1995-04-30
1995-04-13,7.319,1995-04-30
1995-04-14,7.321,1995-04-30
1995-04-17,7.2505,1995-04-30
1995-04-18,7.2925,1995-04-30
1995-04-19,7.3055,1995-04-30
1995-04-20,7.4095,1995-04-30
1995-04-21,7.406,1995-04-30
1995-04-24,7.468,1995-04-30
1995-04-25,7.3495,1995-04-30
1995-04-26,7.3295,1995-04-30
1995-04-27,7.2435,1995-04-30
1995-04-28,7.2695,1995-04-30
1995-05-01,7.2715,1995-05-31
1995-05-02,7.3035,1995-05-31
1995-05-03,7.2665,1995-05-31
1995-05-04,7.255,1995-05-31
1995-05-05,7.259,1995-05-31
1995-05-08,7.186,1995-05-31
1995-05-09,7.1745,1995-05-31
1995-05-10,7.1805,1995-05-31
1995-05-11,7.3108,1995-05-31
1995-05-12,7.376,1995-05-31
1995-05-15,7.3525,1995-05-31
1995-05-16,7.313,1995-05-31
1995-05-17,7.369,1995-05-31
1995-05-18,7.44,1995-05-31
1995-05-19,7.3905,1995-05-31
1995-05-22,7.3565,1995-05-31
1995-05-23,7.4295,1995-05-31
1995-05-24,7.3765,1995-05-31
1995-05-25,7.252,1995-05-31
1995-05-26,7.283,1995-05-31
1995-05-30,7.2655,1995-05-31
1995-05-31,7.346,1995-05-31
1995-06-01,7.325,1995-06-30
1995-06-02,7.345,1995-06-30
1995-06-05,7.222,1995-06-30
1995-06-06,7.2385,1995-06-30
1995-06-07,7.2135,1995-06-30
1995-06-08,7.239,1995-06-30
1995-06-09,7.2215,1995-06-30
1995-06-12,7.243,1995-06-30
1995-06-13,7.2595,1995-06-30
1995-06-14,7.2245,1995-06-30
1995-06-15,7.2865,1995-06-30
1995-06-16,7.2545,1995-06-30
1995-06-19,7.2885,1995-06-30
1995-06-20,7.273,1995-06-30
1995-06-21,7.274,1995-06-30
1995-06-22,7.277,1995-06-30
1995-06-23,7.2425,1995-06-30
1995-06-26,7.266,1995-06-30
1995-06-27,7.247,1995-06-30
1995-06-28,7.309,1995-06-30
1995-06-29,7.2485,1995-06-30
1995-06-30,7.29,1995-06-30
1995-07-03,7.2455,1995-07-31
1995-07-05,7.2445,1995-07-31
1995-07-06,7.251,1995-07-31
1995-07-07,7.261,1995-07-31
1995-07-10,7.2435,1995-07-31
1995-07-11,7.27,1995-07-31
1995-07-12,7.208,1995-07-31
1995-07-13,7.1785,1995-07-31
1995-07-14,7.193,1995-07-31
1995-07-17,7.187,1995-07-31
1995-07-18,7.1795,1995-07-31
1995-07-19,7.1675,1995-07-31
1995-07-20,7.155,1995-07-31
1995-07-21,7.1305,1995-07-31
1995-07-24,7.1525,1995-07-31
1995-07-25,7.1415,1995-07-31
1995-07-26,7.0965,1995-07-31
1995-07-27,7.072,1995-07-31
1995-07-28,7.048,1995-07-31
1995-07-31,7.072,1995-07-31
1995-08-01,7.0905,1995-08-31
1995-08-02,7.1235,1995-08-31
1995-08-03,7.0575,1995-08-31
1995-08-04,7.0525,1995-08-31
1995-08-07,7.1145,1995-08-31
1995-08-08,7.152,1995-08-31
1995-08-09,7.149,1995-08-31
1995-08-10,7.1355,1995-08-31
1995-08-11,7.1655,1995-08-31
1995-08-14,7.2015,1995-08-31
1995-08-15,7.3275,1995-08-31
1995-08-16,7.2885,1995-08-31
1995-08-17,7.3455,1995-08-31
1995-08-18,7.36,1995-08-31
1995-08-21,7.35,1995-08-31
1995-08-22,7.3455,1995-08-31
1995-08-23,7.3185,1995-08-31
1995-08-24,7.2985,1995-08-31
1995-08-25,7.334,1995-08-31
1995-08-28,7.311,1995-08-31
1995-08-29,7.325,1995-08-31
1995-08-30,7.3275,1995-08-31
1995-08-31,7.3065,1995-08-31
1995-09-01,7.313,1995-09-30
1995-09-05,7.3045,1995-09-30
1995-09-06,7.2955,1995-09-30
1995-09-07,7.2765,1995-09-30
1995-09-08,7.1905,1995-09-30
1995-09-11,7.115,1995-09-30
1995-09-12,7.104,1995-09-30
1995-09-13,7.1495,1995-09-30
1995-09-14,7.1495,1995-09-30
1995-09-15,7.1535,1995-09-30
1995-09-18,7.174,1995-09-30
1995-09-19,7.133,1995-09-30
1995-09-20,7.109,1995-09-30
1995-09-21,7.046,1995-09-30
1995-09-22,7.057,1995-09-30
1995-09-25,6.995,1995-09-30
1995-09-26,6.9615,1995-09-30
1995-09-27,7.014,1995-09-30
1995-09-28,6.977,1995-09-30
1995-09-29,6.9365,1995-09-30
1995-10-02,6.9715,1995-10-31
1995-10-03,6.9945,1995-10-31
1995-10-04,6.9595,1995-10-31
1995-10-05,6.957,1995-10-31
1995-10-06,7.0205,1995-10-31
1995-10-10,6.964,1995-10-31
1995-10-11,6.9585,1995-10-31
1995-10-12,6.953,1995-10-31
1995-10-13,6.9625,1995-10-31
1995-10-16,6.958,1995-10-31
1995-10-17,6.9105,1995-10-31
1995-10-18,6.8595,1995-10-31
1995-10-19,6.776,1995-10-31
1995-10-20,6.7035,1995-10-31
1995-10-23,6.7015,1995-10-31
1995-10-24,6.6465,1995-10-31
1995-10-25,6.6045,1995-10-31
1995-10-26,6.652,1995-10-31
1995-10-27,6.606,1995-10-31
1995-10-30,6.6255,1995-10-31
1995-10-31,6.647,1995-10-31
1995-11-01,6.624,1995-11-30
1995-11-02,6.654,1995-11-30
1995-11-03,6.64,1995-11-30
1995-11-06,6.6915,1995-11-30
1995-11-07,6.6855,1995-11-30
1995-11-08,6.6755,1995-11-30
1995-11-09,6.6675,1995-11-30
1995-11-10,6.6525,1995-11-30
1995-11-13,6.767,1995-11-30
1995-11-14,6.671,1995-11-30
1995-11-15,6.619,1995-11-30
1995-11-16,6.618,1995-11-30
1995-11-17,6.555,1995-11-30
1995-11-20,6.571,1995-11-30
1995-11-21,6.535,1995-11-30
1995-11-22,6.5045,1995-11-30
1995-11-24,6.525,1995-11-30
1995-11-27,6.552,1995-11-30
1995-11-28,6.5105,1995-11-30
1995-11-29,6.506,1995-11-30
1995-11-30,6.56,1995-11-30
1995-12-01,6.5375,1995-12-31
1995-12-04,6.585,1995-12-31
1995-12-05,6.548,1995-12-31
1995-12-06,6.57,1995-12-31
1995-12-07,6.648,1995-12-31
1995-12-08,6.659,1995-12-31
1995-12-11,6.7488,1995-12-31
1995-12-12,6.725,1995-12-31
1995-12-13,6.7125,1995-12-31
1995-12-14,6.645,1995-12-31
1995-12-15,6.613,1995-12-31
1995-12-18,6.605,1995-12-31
1995-12-19,6.624,1995-12-31
1995-12-20,6.649,1995-12-31
1995-12-21,6.658,1995-12-31
1995-12-22,6.658,1995-12-31
1995-12-26,6.64,1995-12-31
1995-12-27,6.639,1995-12-31
1995-12-28,6.692,1995-12-31
1995-12-29,6.629,1995-12-31
1996-01-02,6.635,1996-01-31
1996-01-03,6.5995,1996-01-31
1996-01-04,6.65,1996-01-31
1996-01-05,6.62,1996-01-31
1996-01-08,6.6225,1996-01-31
1996-01-09,6.602,1996-01-31
1996-01-10,6.588,1996-01-31
1996-01-11,6.577,1996-01-31
1996-01-12,6.579,1996-01-31
1996-01-16,6.634,1996-01-31
1996-01-17,6.675,1996-01-31
1996-01-18,6.697,1996-01-31
1996-01-19,6.716,1996-01-31
1996-01-22,6.835,1996-01-31
1996-01-23,6.885,1996-01-31
1996-01-24,6.862,1996-01-31
1996-01-25,6.906,1996-01-31
1996-01-26,6.976,1996-01-31
1996-01-29,6.983,1996-01-31
1996-01-30,6.962,1996-01-31
1996-01-31,6.947,1996-01-31
1996-02-01,6.954,1996-02-29
1996-02-02,6.965,1996-02-29
1996-02-05,6.94,1996-02-29
1996-02-06,7.025,1996-02-29
1996-02-07,7.03,1996-02-29
1996-02-08,6.994,1996-02-29
1996-02-09,6.959,1996-02-29
1996-02-12,6.949,1996-02-29
1996-02-13,6.96,1996-02-29
1996-02-14,6.9615,1996-02-29
1996-02-15,6.9575,1996-02-29
1996-02-16,6.9165,1996-02-29
1996-02-20,6.8475,1996-02-29
1996-02-21,6.765,1996-02-29
1996-02-22,6.752,1996-02-29
1996-02-23,6.7125,1996-02-29
1996-02-26,6.7285,1996-02-29
1996-02-27,6.67,1996-02-29
1996-02-28,6.708,1996-02-29
1996-02-29,6.754,1996-02-29
1996-03-01,6.77,1996-03-31
1996-03-04,6.824,1996-03-31
1996-03-05,6.839,1996-03-31
1996-03-06,6.826,1996-03-31
1996-03-07,6.7795,1996-03-31
1996-03-08,6.828,1996-03-31
1996-03-11,6.824,1996-03-31
1996-03-12,6.805,1996-03-31
1996-03-13,6.79,1996-03-31
1996-03-14,6.786,1996-03-31
1996-03-15,6.777,1996-03-31
1996-03-18,6.71,1996-03-31
1996-03-19,6.6775,1996-03-31
1996-03-20,6.6145,1996-03-31
1996-03-21,6.659,1996-03-31
1996-03-22,6.625,1996-03-31
1996-03-25,6.628,1996-03-31
1996-03-26,6.6205,1996-03-31
1996-03-27,6.65,1996-03-31
1996-03-28,6.652,1996-03-31
1996-03-29,6.6824,1996-03-31
1996-04-01,6.66,1996-04-30
1996-04-02,6.6425,1996-04-30
1996-04-03,6.635,1996-04-30
1996-04-04,6.647,1996-04-30
1996-04-05,6.657,1996-04-30
1996-04-08,6.6495,1996-04-30
1996-04-09,6.708,1996-04-30
1996-04-10,6.7098,1996-04-30
1996-04-11,6.711,1996-04-30
1996-04-12,6.723,1996-04-30
1996-04-15,6.75,1996-04-30
1996-04-16,6.761,1996-04-30
1996-04-17,6.7475,1996-04-30
1996-04-18,6.725,1996-04-30
1996-04-19,6.697,1996-04-30
1996-04-22,6.707,1996-04-30
1996-04-23,6.719,1996-04-30
1996-04-24,6.746,1996-04-30
1996-04-25,6.805,1996-04-30
1996-04-26,6.768,1996-04-30
1996-04-29,6.754,1996-04-30
1996-04-30,6.7875,1996-04-30
1996-05-01,6.833,1996-05-31
1996-05-02,6.8675,1996-05-31
1996-05-03,6.824,1996-05-31
1996-05-06,6.844,1996-05-31
1996-05-07,6.824,1996-05-31
1996-05-08,6.809,1996-05-31
1996-05-09,6.785,1996-05-31
1996-05-10,6.7875,1996-05-31
1996-05-13,6.765,1996-05-31
1996-05-14,6.7725,1996-05-31
1996-05-15,6.76,1996-05-31
1996-05-16,6.745,1996-05-31
1996-05-17,6.731,1996-05-31
1996-05-20,6.757,1996-05-31
1996-05-21,6.811,1996-05-31
1996-05-22,6.827,1996-05-31
1996-05-23,6.849,1996-05-31
1996-05-24,6.8395,1996-05-31
1996-05-28,6.822,1996-05-31
1996-05-29,6.819,1996-05-31
1996-05-30,6.7625,1996-05-31
1996-05-31,6.731,1996-05-31
1996-06-03,6.712,1996-06-30
1996-06-04,6.703,1996-06-30
1996-06-05,6.733,1996-06-30
1996-06-06,6.748,1996-06-30
1996-06-07,6.75,1996-06-30
1996-06-10,6.7585,1996-06-30
1996-06-11,6.7175,1996-06-30
1996-06-12,6.715,1996-06-30
1996-06-13,6.717,1996-06-30
1996-06-14,6.705,1996-06-30
1996-06-17,6.661,1996-06-30
1996-06-18,6.643,1996-06-30
1996-06-19,6.621,1996-06-30
1996-06-20,6.63,1996-06-30
1996-06-21,6.652,1996-06-30
1996-06-24,6.651,1996-06-30
1996-06-25,6.63,1996-06-30
1996-06-26,6.6075,1996-06-30
1996-06-27,6.6325,1996-06-30
1996-06-28,6.6275,1996-06-30
1996-07-01,6.6525,1996-07-31
1996-07-02,6.694,1996-07-31
1996-07-03,6.663,1996-07-31
1996-07-05,6.69,1996-07-31
1996-07-08,6.707,1996-07-31
1996-07-09,6.688,1996-07-31
1996-07-10,6.671,1996-07-31
1996-07-11,6.673,1996-07-31
1996-07-12,6.707,1996-07-31
1996-07-15,6.752,1996-07-31
1996-07-16,6.645,1996-07-31
1996-07-17,6.622,1996-07-31
1996-07-18,6.631,1996-07-31
1996-07-19,6.606,1996-07-31
1996-07-22,6.596,1996-07-31
1996-07-23,6.573,1996-07-31
1996-07-24,6.5675,1996-07-31
1996-07-25,6.5455,1996-07-31
1996-07-26,6.587,1996-07-31
1996-07-29,6.5789,1996-07-31
1996-07-30,6.605,1996-07-31
1996-07-31,6.613,1996-07-31
1996-08-01,6.565,1996-08-31
1996-08-02,6.585,1996-08-31
1996-08-05,6.608,1996-08-31
1996-08-06,6.602,1996-08-31
1996-08-07,6.642,1996-08-31
1996-08-08,6.642,1996-08-31
1996-08-09,6.657,1996-08-31
1996-08-12,6.669,1996-08-31
1996-08-13,6.652,1996-08-31
1996-08-14,6.641,1996-08-31
1996-08-15,6.636,1996-08-31
1996-08-16,6.64,1996-08-31
1996-08-19,6.633,1996-08-31
1996-08-20,6.6037,1996-08-31
1996-08-21,6.609,1996-08-31
1996-08-22,6.618,1996-08-31
1996-08-23,6.598,1996-08-31
1996-08-26,6.592,1996-08-31
1996-08-27,6.6105,1996-08-31
1996-08-28,6.608,1996-08-31
1996-08-29,6.626,1996-08-31
1996-08-30,6.626,1996-08-31
1996-09-03,6.6385,1996-09-30
1996-09-04,6.64,1996-09-30
1996-09-05,6.642,1996-09-30
1996-09-06,6.65,1996-09-30
1996-09-09,6.659,1996-09-30
1996-09-10,6.721,1996-09-30
1996-09-11,6.6985,1996-09-30
1996-09-12,6.702,1996-09-30
1996-09-13,6.6675,1996-09-30
1996-09-16,6.6315,1996-09-30
1996-09-17,6.6265,1996-09-30
1996-09-18,6.626,1996-09-30
1996-09-19,6.6255,1996-09-30
1996-09-20,6.6175,1996-09-30
1996-09-23,6.5975,1996-09-30
1996-09-24,6.5925,1996-09-30
1996-09-25,6.603,1996-09-30
1996-09-26,6.651,1996-09-30
1996-09-27,6.633,1996-09-30
1996-09-30,6.632,1996-09-30
1996-10-01,6.6285,1996-10-31
1996-10-02,6.6,1996-10-31
1996-10-03,6.617,1996-10-31
1996-10-04,6.618,1996-10-31
1996-10-07,6.62,1996-10-31
1996-10-08,6.583,1996-10-31
1996-10-09,6.583,1996-10-31
1996-10-10,6.6015,1996-10-31
1996-10-11,6.6045,1996-10-31
1996-10-15,6.628,1996-10-31
1996-10-16,6.63,1996-10-31
1996-10-17,6.661,1996-10-31
1996-10-18,6.643,1996-10-31
1996-10-21,6.615,1996-10-31
1996-10-22,6.6115,1996-10-31
1996-10-23,6.567,1996-10-31
1996-10-24,6.579,1996-10-31
1996-10-25,6.571,1996-10-31
1996-10-28,6.576,1996-10-31
1996-10-29,6.549,1996-10-31
1996-10-30,6.553,1996-10-31
1996-10-31,6.575,1996-10-31
1996-11-01,6.582,1996-11-30
1996-11-04,6.607,1996-11-30
1996-11-05,6.626,1996-11-30
1996-11-06,6.61,1996-11-30
1996-11-07,6.602,1996-11-30
1996-11-08,6.589,1996-11-30
1996-11-12,6.63,1996-11-30
1996-11-13,6.641,1996-11-30
1996-11-14,6.631,1996-11-30
1996-11-15,6.622,1996-11-30
1996-11-18,6.603,1996-11-30
1996-11-19,6.635,1996-11-30
1996-11-20,6.605,1996-11-30
1996-11-21,6.6155,1996-11-30
1996-11-22,6.611,1996-11-30
1996-11-25,6.641,1996-11-30
1996-11-26,6.671,1996-11-30
1996-11-27,6.672,1996-11-30
1996-11-29,6.718,1996-11-30
1996-12-02,6.731,1996-12-31
1996-12-03,6.799,1996-12-31
1996-12-04,6.8005,1996-12-31
1996-12-05,6.805,1996-12-31
1996-12-06,6.809,1996-12-31
1996-12-09,6.855,1996-12-31
1996-12-10,6.839,1996-12-31
1996-12-11,6.7875,1996-12-31
1996-12-12,6.8075,1996-12-31
1996-12-13,6.791,1996-12-31
1996-12-16,6.837,1996-12-31
1996-12-17,6.827,1996-12-31
1996-12-18,6.848,1996-12-31
1996-12-19,6.834,1996-12-31
1996-12-20,6.824,1996-12-31
1996-12-23,6.871,1996-12-31
1996-12-24,6.8717,1996-12-31
1996-12-26,6.878,1996-12-31
1996-12-27,6.867,1996-12-31
1996-12-30,6.887,1996-12-31
1996-12-31,6.825,1996-12-31
1997-01-02,6.8749,1997-01-31
1997-01-03,6.9281,1997-01-31
1997-01-06,6.965,1997-01-31
1997-01-07,6.966,1997-01-31
1997-01-08,6.979,1997-01-31
1997-01-09,6.924,1997-01-31
1997-01-10,6.909,1997-01-31
1997-01-13,6.951,1997-01-31
1997-01-14,6.9645,1997-01-31
1997-01-15,6.954,1997-01-31
1997-01-16,6.9542,1997-01-31
1997-01-17,7.036,1997-01-31
1997-01-21,7.094,1997-01-31
1997-01-22,7.146,1997-01-31
1997-01-23,7.27,1997-01-31
1997-01-24,7.2213,1997-01-31
1997-01-27,7.2605,1997-01-31
1997-01-28,7.304,1997-01-31
1997-01-29,7.2823,1997-01-31
1997-01-30,7.226,1997-01-31
1997-01-31,7.243,1997-01-31
1997-02-03,7.299,1997-02-28
1997-02-04,7.323,1997-02-28
1997-02-05,7.378,1997-02-28
1997-02-06,7.388,1997-02-28
1997-02-07,7.423,1997-02-28
1997-02-10,7.349,1997-02-28
1997-02-11,7.408,1997-02-28
1997-02-12,7.399,1997-02-28
1997-02-13,7.407,1997-02-28
1997-02-14,7.369,1997-02-28
1997-02-18,7.421,1997-02-28
1997-02-19,7.477,1997-02-28
1997-02-20,7.413,1997-02-28
1997-02-21,7.4206,1997-02-28
1997-02-24,7.3864,1997-02-28
1997-02-25,7.433,1997-02-28
1997-02-26,7.4699,1997-02-28
1997-02-27,7.477,1997-02-28
1997-02-28,7.4909,1997-02-28
1997-03-03,7.5849,1997-03-31
1997-03-04,7.675,1997-03-31
1997-03-05,7.648,1997-03-31
1997-03-06,7.663,1997-03-31
1997-03-07,7.693,1997-03-31
1997-03-10,7.609,1997-03-31
1997-03-11,7.6276,1997-03-31
1997-03-12,7.69,1997-03-31
1997-03-13,7.6925,1997-03-31
1997-03-14,7.7699,1997-03-31
1997-03-17,7.735,1997-03-31
1997-03-18,7.69,1997-03-31
1997-03-19,7.677,1997-03-31
1997-03-20,7.66,1997-03-31
1997-03-21,7.6355,1997-03-31
1997-03-24,7.627,1997-03-31
1997-03-25,7.668,1997-03-31
1997-03-26,7.644,1997-03-31
1997-03-27,7.549,1997-03-31
1997-03-28,7.575,1997-03-31
1997-03-31,7.54,1997-03-31
1997-04-01,7.6056,1997-04-30
1997-04-02,7.648,1997-04-30
1997-04-03,7.593,1997-04-30
1997-04-04,7.613,1997-04-30
1997-04-07,7.71,1997-04-30
1997-04-08,7.655,1997-04-30
1997-04-09,7.7005,1997-04-30
1997-04-10,7.699,1997-04-30
1997-04-11,7.6959,1997-04-30
1997-04-14,7.636,1997-04-30
1997-04-15,7.707,1997-04-30
1997-04-16,7.723,1997-04-30
1997-04-17,7.731,1997-04-30
1997-04-18,7.678,1997-04-30
1997-04-21,7.643,1997-04-30
1997-04-22,7.676,1997-04-30
1997-04-23,7.645,1997-04-30
1997-04-24,7.67,1997-04-30
1997-04-25,7.778,1997-04-30
1997-04-28,7.793,1997-04-30
1997-04-29,7.822,1997-04-30
1997-04-30,7.85,1997-04-30
1997-05-01,7.777,1997-05-31
1997-05-02,7.837,1997-05-31
1997-05-05,7.915,1997-05-31
1997-05-06,7.8135,1997-05-31
1997-05-07,7.7505,1997-05-31
1997-05-08,7.695,1997-05-31
1997-05-09,7.658,1997-05-31
1997-05-12,7.694,1997-05-31
1997-05-13,7.6585,1997-05-31
1997-05-14,7.606,1997-05-31
1997-05-15,7.605,1997-05-31
1997-05-16,7.622,1997-05-31
1997-05-19,7.678,1997-05-31
1997-05-20,7.563,1997-05-31
1997-05-21,7.5365,1997-05-31
1997-05-22,7.605,1997-05-31
1997-05-23,7.596,1997-05-31
1997-05-27,7.65,1997-05-31
1997-05-28,7.676,1997-05-31
1997-05-29,7.7175,1997-05-31
1997-05-30,7.745,1997-05-31
1997-06-02,7.785,1997-06-30
1997-06-03,7.749,1997-06-30
1997-06-04,7.759,1997-06-30
1997-06-05,7.76,1997-06-30
1997-06-06,7.7943,1997-06-30
1997-06-09,7.771,1997-06-30
1997-06-10,7.8,1997-06-30
1997-06-11,7.775,1997-06-30
1997-06-12,7.772,1997-06-30
1997-06-13,7.7505,1997-06-30
1997-06-16,7.787,1997-06-30
1997-06-17,7.768,1997-06-30
1997-06-18,7.7625,1997-06-30
1997-06-19,7.725,1997-06-30
1997-06-20,7.715,1997-06-30
1997-06-23,7.701,1997-06-30
1997-06-24,7.7305,1997-06-30
1997-06-25,7.6925,1997-06-30
1997-06-26,7.705,1997-06-30
1997-06-27,7.726,1997-06-30
1997-06-30,7.7345,1997-06-30
1997-07-01,7.737,1997-07-31
1997-07-02,7.771,1997-07-31
1997-07-03,7.714,1997-07-31
1997-07-07,7.7275,1997-07-31
1997-07-08,7.778,1997-07-31
1997-07-09,7.7245,1997-07-31
1997-07-10,7.725,1997-07-31
1997-07-11,7.752,1997-07-31
1997-07-14,7.7995,1997-07-31
1997-07-15,7.864,1997-07-31
1997-07-16,7.83,1997-07-31
1997-07-17,7.781,1997-07-31
1997-07-18,7.7687,1997-07-31
1997-07-21,7.7814,1997-07-31
1997-07-22,7.82,1997-07-31
1997-07-23,7.812,1997-07-31
1997-07-24,7.898,1997-07-31
1997-07-25,7.8685,1997-07-31
1997-07-28,7.9508,1997-07-31
1997-07-29,7.937,1997-07-31
1997-07-30,7.9925,1997-07-31
1997-07-31,7.982,1997-07-31
1997-08-01,8.0295,1997-08-31
1997-08-04,8.046,1997-08-31
1997-08-05,8.0825,1997-08-31
1997-08-06,8.055,1997-08-31
1997-08-07,8.048,1997-08-31
1997-08-08,7.904,1997-08-31
1997-08-11,7.984,1997-08-31
1997-08-12,8.0205,1997-08-31
1997-08-13,8.011,1997-08-31
1997-08-14,8.041,1997-08-31
1997-08-15,7.966,1997-08-31
1997-08-18,8.021,1997-08-31
1997-08-19,8.08,1997-08-31
1997-08-20,8.065,1997-08-31
1997-08-21,8.0205,1997-08-31
1997-08-22,7.943,1997-08-31
1997-08-25,7.97,1997-08-31
1997-08-26,7.885,1997-08-31
1997-08-27,7.879,1997-08-31
1997-08-28,7.832,1997-08-31
1997-08-29,7.877,1997-08-31
1997-09-02,7.93,1997-09-30
1997-09-03,7.8536,1997-09-30
1997-09-04,7.868,1997-09-30
1997-09-05,7.791,1997-09-30
1997-09-08,7.7685,1997-09-30
1997-09-09,7.799,1997-09-30
1997-09-10,7.7985,1997-09-30
1997-09-11,7.7485,1997-09-30
1997-09-12,7.663,1997-09-30
1997-09-15,7.62,1997-09-30
1997-09-16,7.629,1997-09-30
1997-09-17,7.621,1997-09-30
1997-09-18,7.615,1997-09-30
1997-09-19,7.605,1997-09-30
1997-09-22,7.695,1997-09-30
1997-09-23,7.6345,1997-09-30
1997-09-24,7.553,1997-09-30
1997-09-25,7.5392,1997-09-30
1997-09-26,7.5734,1997-09-30
1997-09-29,7.56,1997-09-30
1997-09-30,7.5975,1997-09-30
1997-10-01,7.602,1997-10-31
1997-10-02,7.599,1997-10-31
1997-10-03,7.505,1997-10-31
1997-10-06,7.533,1997-10-31
1997-10-07,7.5295,1997-10-31
1997-10-08,7.553,1997-10-31
1997-10-09,7.553,1997-10-31
1997-10-10,7.577,1997-10-31
1997-10-14,7.5824,1997-10-31
1997-10-15,7.5695,1997-10-31
1997-10-16,7.568,1997-10-31
1997-10-17,7.655,1997-10-31
1997-10-20,7.612,1997-10-31
1997-10-21,7.6978,1997-10-31
1997-10-22,7.7078,1997-10-31
1997-10-23,7.615,1997-10-31
1997-10-24,7.589,1997-10-31
1997-10-27,7.576,1997-10-31
1997-10-28,7.533,1997-10-31
1997-10-29,7.5311,1997-10-31
1997-10-30,7.505,1997-10-31
1997-10-31,7.489,1997-10-31
1997-11-03,7.555,1997-11-30
1997-11-04,7.529,1997-11-30
1997-11-05,7.52,1997-11-30
1997-11-06,7.487,1997-11-30
1997-11-07,7.458,1997-11-30
1997-11-10,7.481,1997-11-30
1997-11-12,7.524,1997-11-30
1997-11-13,7.498,1997-11-30
1997-11-14,7.538,1997-11-30
1997-11-17,7.541,1997-11-30
1997-11-18,7.56,1997-11-30
1997-11-19,7.5679,1997-11-30
1997-11-20,7.56,1997-11-30
1997-11-21,7.5919,1997-11-30
1997-11-24,7.578,1997-11-30
1997-11-25,7.6268,1997-11-30
1997-11-26,7.732,1997-11-30
1997-11-28,7.7225,1997-11-30
1997-12-01,7.8093,1997-12-31
1997-12-02,7.7828,1997-12-31
1997-12-03,7.764,1997-12-31
1997-12-04,7.7722,1997-12-31
1997-12-05,7.83,1997-12-31
1997-12-08,7.8019,1997-12-31
1997-12-09,7.8326,1997-12-31
1997-12-10,7.8128,1997-12-31
1997-12-11,7.7666,1997-12-31
1997-12-12,7.7685,1997-12-31
1997-12-15,7.7572,1997-12-31
1997-12-16,7.7875,1997-12-31
1997-12-17,7.7405,1997-12-31
1997-12-18,7.7757,1997-12-31
1997-12-19,7.76,1997-12-31
1997-12-22,7.7785,1997-12-31
1997-12-23,7.7753,1997-12-31
1997-12-24,7.769,1997-12-31
1997-12-26,7.7708,1997-12-31
1997-12-29,7.8455,1997-12-31
1997-12-30,7.9093,1997-12-31
1997-12-31,7.94,1997-12-31
1998-01-02,7.975,1998-01-31
1998-01-05,8.0217,1998-01-31
1998-01-06,8.055,1998-01-31
1998-01-07,8.0559,1998-01-31
1998-01-08,8.0374,1998-01-31
1998-01-09,7.9885,1998-01-31
1998-01-12,8.0425,1998-01-31
1998-01-13,8.03,1998-01-31
1998-01-14,8.0256,1998-01-31
1998-01-15,8.0285,1998-01-31
1998-01-16,8.0233,1998-01-31
1998-01-20,8.0933,1998-01-31
1998-01-21,8.0493,1998-01-31
1998-01-22,7.962,1998-01-31
1998-01-23,7.881,1998-01-31
1998-01-26,7.933,1998-01-31
1998-01-27,7.955,1998-01-31
1998-01-28,8.0276,1998-01-31
1998-01-29,8.0875,1998-01-31
1998-01-30,8.1136,1998-01-31
1998-02-02,8.072,1998-02-28
1998-02-03,8.0825,1998-02-28
1998-02-04,8.0255,1998-02-28
1998-02-05,8.0125,1998-02-28
1998-02-06,8.038,1998-02-28
1998-02-09,8.1285,1998-02-28
1998-02-10,8.1209,1998-02-28
1998-02-11,8.1335,1998-02-28
1998-02-12,8.077,1998-02-28
1998-02-13,8.1125,1998-02-28
1998-02-17,8.144,1998-02-28
1998-02-18,8.104,1998-02-28
1998-02-19,8.0969,1998-02-28
1998-02-20,8.089,1998-02-28
1998-02-23,8.01,1998-02-28
1998-02-24,8.025,1998-02-28
1998-02-25,8.059,1998-02-28
1998-02-26,8.039,1998-02-28
1998-02-27,8.004,1998-02-28
1998-03-02,7.988,1998-03-31
1998-03-03,7.975,1998-03-31
1998-03-04,7.99,1998-03-31
1998-03-05,8.045,1998-03-31
1998-03-06,8.06,1998-03-31
1998-03-09,8.007,1998-03-31
1998-03-10,8.0177,1998-03-31
1998-03-11,8.005,1998-03-31
1998-03-12,7.9938,1998-03-31
1998-03-13,7.91,1998-03-31
1998-03-16,7.952,1998-03-31
1998-03-17,7.9395,1998-03-31
1998-03-18,7.975,1998-03-31
1998-03-19,7.986,1998-03-31
1998-03-20,7.977,1998-03-31
1998-03-23,7.9328,1998-03-31
1998-03-24,7.925,1998-03-31
1998-03-25,7.926,1998-03-31
1998-03-26,7.88,1998-03-31
1998-03-27,7.875,1998-03-31
1998-03-30,7.931,1998-03-31
1998-03-31,7.998,1998-03-31
1998-04-01,8.033,1998-04-30
1998-04-02,8.023,1998-04-30
1998-04-03,8.0085,1998-04-30
1998-04-06,8.013,1998-04-30
1998-04-07,8.0075,1998-04-30
1998-04-08,7.913,1998-04-30
1998-04-09,7.8786,1998-04-30
1998-04-10,7.876,1998-04-30
1998-04-13,7.862,1998-04-30
1998-04-14,7.772,1998-04-30
1998-04-15,7.765,1998-04-30
1998-04-16,7.75,1998-04-30
1998-04-17,7.77,1998-04-30
1998-04-20,7.719,1998-04-30
1998-04-21,7.67,1998-04-30
1998-04-22,7.685,1998-04-30
1998-04-23,7.7278,1998-04-30
1998-04-24,7.683,1998-04-30
1998-04-27,7.72,1998-04-30
1998-04-28,7.755,1998-04-30
1998-04-29,7.755,1998-04-30
1998-04-30,7.737,1998-04-30
1998-05-01,7.685,1998-05-31
1998-05-04,7.68,1998-05-31
1998-05-05,7.63,1998-05-31
1998-05-06,7.58,1998-05-31
1998-05-07,7.585,1998-05-31
1998-05-08,7.6136,1998-05-31
1998-05-11,7.6347,1998-05-31
1998-05-12,7.614,1998-05-31
1998-05-13,7.704,1998-05-31
1998-05-14,7.723,1998-05-31
1998-05-15,7.745,1998-05-31
1998-05-18,7.794,1998-05-31
1998-05-19,7.768,1998-05-31
1998-05-20,7.714,1998-05-31
1998-05-21,7.67,1998-05-31
1998-05-22,7.697,1998-05-31
1998-05-26,7.748,1998-05-31
1998-05-27,7.82,1998-05-31
1998-05-28,7.812,1998-05-31
1998-05-29,7.835,1998-05-31
1998-06-01,7.825,1998-06-30
1998-06-02,7.797,1998-06-30
1998-06-03,7.77,1998-06-30
1998-06-04,7.7525,1998-06-30
1998-06-05,7.8055,1998-06-30
1998-06-08,7.825,1998-06-30
1998-06-09,7.885,1998-06-30
1998-06-10,7.975,1998-06-30
1998-06-11,8.0,1998-06-30
1998-06-12,8.001,1998-06-30
1998-06-15,8.1,1998-06-30
1998-06-16,8.05,1998-06-30
1998-06-17,7.9455,1998-06-30
1998-06-18,7.934,1998-06-30
1998-06-19,7.9215,1998-06-30
1998-06-22,7.932,1998-06-30
1998-06-23,7.948,1998-06-30
1998-06-24,7.8945,1998-06-30
1998-06-25,7.873,1998-06-30
1998-06-26,7.998,1998-06-30
1998-06-29,7.975,1998-06-30
1998-06-30,7.9755,1998-06-30
1998-07-01,8.039,1998-07-31
1998-07-02,8.101,1998-07-31
1998-07-03,8.096,1998-07-31
1998-07-06,8.082,1998-07-31
1998-07-07,8.089,1998-07-31
1998-07-08,8.068,1998-07-31
1998-07-09,8.1075,1998-07-31
1998-07-10,8.071,1998-07-31
1998-07-13,8.0375,1998-07-31
1998-07-14,8.057,1998-07-31
1998-07-15,8.025,1998-07-31
1998-07-16,7.95,1998-07-31
1998-07-17,7.914,1998-07-31
1998-07-20,7.903,1998-07-31
1998-07-21,7.9685,1998-07-31
1998-07-22,7.958,1998-07-31
1998-07-23,7.956,1998-07-31
1998-07-24,7.885,1998-07-31
1998-07-27,7.886,1998-07-31
1998-07-28,7.878,1998-07-31
1998-07-29,7.911,1998-07-31
1998-07-30,7.925,1998-07-31
1998-07-31,7.9595,1998-07-31
1998-08-03,7.993,1998-08-31
1998-08-04,7.988,1998-08-31
1998-08-05,7.941,1998-08-31
1998-08-06,7.976,1998-08-31
1998-08-07,8.03,1998-08-31
1998-08-10,8.085,1998-08-31
1998-08-11,8.1295,1998-08-31
1998-08-12,8.087,1998-08-31
1998-08-13,8.1162,1998-08-31
1998-08-14,8.1725,1998-08-31
1998-08-17,8.1695,1998-08-31
1998-08-18,8.183,1998-08-31
1998-08-19,8.165,1998-08-31
1998-08-20,8.153,1998-08-31
1998-08-21,8.1837,1998-08-31
1998-08-24,8.225,1998-08-31
1998-08-25,8.2635,1998-08-31
1998-08-26,8.3325,1998-08-31
1998-08-27,8.335,1998-08-31
1998-08-28,8.0976,1998-08-31
1998-08-31,8.0665,1998-08-31
1998-09-01,7.9675,1998-09-30
1998-09-02,7.955,1998-09-30
1998-09-03,7.895,1998-09-30
1998-09-04,7.945,1998-09-30
1998-09-08,7.95,1998-09-30
1998-09-09,7.961,1998-09-30
1998-09-10,7.928,1998-09-30
1998-09-11,7.827,1998-09-30
1998-09-14,7.875,1998-09-30
1998-09-15,7.7585,1998-09-30
1998-09-16,7.7985,1998-09-30
1998-09-17,7.834,1998-09-30
1998-09-18,7.83,1998-09-30
1998-09-21,7.9125,1998-09-30
1998-09-22,7.8825,1998-09-30
1998-09-23,7.9005,1998-09-30
1998-09-24,7.888,1998-09-30
1998-09-25,7.875,1998-09-30
1998-09-28,7.855,1998-09-30
1998-09-29,7.831,1998-09-30
1998-09-30,7.845,1998-09-30
1998-10-01,7.856,1998-10-31
1998-10-02,7.968,1998-10-31
1998-10-05,8.0635,1998-10-31
1998-10-06,8.02,1998-10-31
1998-10-07,7.745,1998-10-31
1998-10-08,7.856,1998-10-31
1998-10-09,7.9335,1998-10-31
1998-10-13,7.893,1998-10-31
1998-10-14,7.9425,1998-10-31
1998-10-15,7.9725,1998-10-31
1998-10-16,7.781,1998-10-31
1998-10-19,7.778,1998-10-31
1998-10-20,7.8075,1998-10-31
1998-10-21,7.7575,1998-10-31
1998-10-22,7.745,1998-10-31
1998-10-23,7.6365,1998-10-31
1998-10-26,7.67,1998-10-31
1998-10-27,7.791,1998-10-31
1998-10-28,7.808,1998-10-31
1998-10-29,7.787,1998-10-31
1998-10-30,7.818,1998-10-31
1998-11-02,7.786,1998-11-30
1998-11-03,7.814,1998-11-30
1998-11-04,7.8475,1998-11-30
1998-11-05,7.7655,1998-11-30
1998-11-06,7.818,1998-11-30
1998-11-09,7.91,1998-11-30
1998-11-10,7.9837,1998-11-30
1998-11-12,8.145,1998-11-30
1998-11-13,8.128,1998-11-30
1998-11-16,8.075,1998-11-30
1998-11-17,8.053,1998-11-30
1998-11-18,8.043,1998-11-30
1998-11-19,8.0978,1998-11-30
1998-11-20,8.073,1998-11-30
1998-11-23,8.1172,1998-11-30
1998-11-24,8.092,1998-11-30
1998-11-25,8.207,1998-11-30
1998-11-27,8.175,1998-11-30
1998-11-30,8.135,1998-11-30
1998-12-01,8.1225,1998-12-31
1998-12-02,8.065,1998-12-31
1998-12-03,8.042,1998-12-31
1998-12-04,8.09,1998-12-31
1998-12-07,8.1504,1998-12-31
1998-12-08,8.104,1998-12-31
1998-12-09,8.035,1998-12-31
1998-12-10,8.0465,1998-12-31
1998-12-11,8.022,1998-12-31
1998-12-14,8.037,1998-12-31
1998-12-15,8.052,1998-12-31
1998-12-16,8.041,1998-12-31
1998-12-17,8.11,1998-12-31
1998-12-18,8.034,1998-12-31
1998-12-21,8.045,1998-12-31
1998-12-22,8.03,1998-12-31
1998-12-23,8.035,1998-12-31
1998-12-24,8.072,1998-12-31
1998-12-28,8.135,1998-12-31
1998-12-29,8.086,1998-12-31
1998-12-30,8.117,1998-12-31
1998-12-31,8.103,1998-12-31
1999-01-04,8.02,1999-01-31
1999-01-05,7.972,1999-01-31
1999-01-06,7.936,1999-01-31
1999-01-07,7.915,1999-01-31
1999-01-08,7.9285,1999-01-31
1999-01-11,7.851,1999-01-31
1999-01-12,7.8,1999-01-31
1999-01-13,7.807,1999-01-31
1999-01-14,7.805,1999-01-31
1999-01-15,7.874,1999-01-31
1999-01-19,7.757,1999-01-31
1999-01-20,7.722,1999-01-31
1999-01-21,7.7355,1999-01-31
1999-01-22,7.73,1999-01-31
1999-01-25,7.7225,1999-01-31
1999-01-26,7.706,1999-01-31
1999-01-27,7.7155,1999-01-31
1999-01-28,7.7725,1999-01-31
1999-01-29,7.787,1999-01-31
1999-02-01,7.833,1999-02-28
1999-02-02,7.837,1999-02-28
1999-02-03,7.865,1999-02-28
1999-02-04,7.843,1999-02-28
1999-02-05,7.855,1999-02-28
1999-02-08,7.862,1999-02-28
1999-02-09,7.8845,1999-02-28
1999-02-10,7.885,1999-02-28
1999-02-11,7.89,1999-02-28
1999-02-12,7.883,1999-02-28
1999-02-16,7.933,1999-02-28
1999-02-17,7.93,1999-02-28
1999-02-18,7.966,1999-02-28
1999-02-19,8.02,1999-02-28
1999-02-22,8.073,1999-02-28
1999-02-23,8.1,1999-02-28
1999-02-24,8.145,1999-02-28
1999-02-25,8.115,1999-02-28
1999-02-26,8.1915,1999-02-28
1999-03-01,8.255,1999-03-31
1999-03-02,8.237,1999-03-31
1999-03-03,8.262,1999-03-31
1999-03-04,8.2779,1999-03-31
1999-03-05,8.2385,1999-03-31
1999-03-08,8.205,1999-03-31
1999-03-09,8.189,1999-03-31
1999-03-10,8.112,1999-03-31
1999-03-11,8.094,1999-03-31
1999-03-12,8.115,1999-03-31
1999-03-15,8.1675,1999-03-31
1999-03-16,8.21,1999-03-31
1999-03-17,8.15,1999-03-31
1999-03-18,8.11,1999-03-31
1999-03-19,8.1747,1999-03-31
1999-03-22,8.198,1999-03-31
1999-03-23,8.198,1999-03-31
1999-03-24,8.25,1999-03-31
1999-03-25,8.258,1999-03-31
1999-03-26,8.335,1999-03-31
1999-03-29,8.345,1999-03-31
1999-03-30,8.337,1999-03-31
1999-03-31,8.213,1999-03-31
1999-04-01,8.2465,1999-04-30
1999-04-02,8.238,1999-04-30
1999-04-05,8.29,1999-04-30
1999-04-06,8.214,1999-04-30
1999-04-07,8.298,1999-04-30
1999-04-08,8.2685,1999-04-30
1999-04-09,8.275,1999-04-30
1999-04-12,8.273,1999-04-30
1999-04-13,8.3,1999-04-30
1999-04-14,8.271,1999-04-30
1999-04-15,8.283,1999-04-30
1999-04-16,8.335,1999-04-30
1999-04-19,8.38,1999-04-30
1999-04-20,8.388,1999-04-30
1999-04-21,8.402,1999-04-30
1999-04-22,8.4,1999-04-30
1999-04-23,8.383,1999-04-30
1999-04-26,8.405,1999-04-30
1999-04-27,8.3575,1999-04-30
1999-04-28,8.3895,1999-04-30
1999-04-29,8.4022,1999-04-30
1999-04-30,8.445,1999-04-30
1999-05-03,8.463,1999-05-31
1999-05-04,8.472,1999-05-31
1999-05-05,8.4,1999-05-31
1999-05-06,8.33,1999-05-31
1999-05-07,8.313,1999-05-31
1999-05-10,8.2885,1999-05-31
1999-05-11,8.358,1999-05-31
1999-05-12,8.395,1999-05-31
1999-05-13,8.425,1999-05-31
1999-05-14,8.4175,1999-05-31
1999-05-17,8.425,1999-05-31
1999-05-18,8.4375,1999-05-31
1999-05-19,8.461,1999-05-31
1999-05-20,8.445,1999-05-31
1999-05-21,8.489,1999-05-31
1999-05-24,8.471,1999-05-31
1999-05-25,8.4875,1999-05-31
1999-05-26,8.573,1999-05-31
1999-05-27,8.614,1999-05-31
1999-05-28,8.598,1999-05-31
1999-06-01,8.598,1999-06-30
1999-06-02,8.6405,1999-06-30
1999-06-03,8.646,1999-06-30
1999-06-04,8.65,1999-06-30
1999-06-07,8.634,1999-06-30
1999-06-08,8.525,1999-06-30
1999-06-09,8.557,1999-06-30
1999-06-10,8.493,1999-06-30
1999-06-11,8.4555,1999-06-30
1999-06-14,8.5025,1999-06-30
1999-06-15,8.4875,1999-06-30
1999-06-16,8.532,1999-06-30
1999-06-17,8.4765,1999-06-30
1999-06-18,8.434,1999-06-30
1999-06-21,8.412,1999-06-30
1999-06-22,8.435,1999-06-30
1999-06-23,8.429,1999-06-30
1999-06-24,8.443,1999-06-30
1999-06-25,8.392,1999-06-30
1999-06-28,8.4535,1999-06-30
1999-06-29,8.465,1999-06-30
1999-06-30,8.481,1999-06-30
1999-07-01,8.543,1999-07-31
1999-07-02,8.495,1999-07-31
1999-07-06,8.497,1999-07-31
1999-07-07,8.5025,1999-07-31
1999-07-08,8.558,1999-07-31
1999-07-09,8.57,1999-07-31
1999-07-12,8.612,1999-07-31
1999-07-13,8.5925,1999-07-31
1999-07-14,8.586,1999-07-31
1999-07-15,8.569,1999-07-31
1999-07-16,8.5525,1999-07-31
1999-07-19,8.525,1999-07-31
1999-07-20,8.395,1999-07-31
1999-07-21,8.339,1999-07-31
1999-07-22,8.3595,1999-07-31
1999-07-23,8.365,1999-07-31
1999-07-26,8.272,1999-07-31
1999-07-27,8.278,1999-07-31
1999-07-28,8.264,1999-07-31
1999-07-29,8.209,1999-07-31
1999-07-30,8.222,1999-07-31
1999-08-02,8.212,1999-08-31
1999-08-03,8.178,1999-08-31
1999-08-04,8.142,1999-08-31
1999-08-05,8.142,1999-08-31
1999-08-06,8.168,1999-08-31
1999-08-09,8.224,1999-08-31
1999-08-10,8.21,1999-08-31
1999-08-11,8.255,1999-08-31
1999-08-12,8.268,1999-08-31
1999-08-13,8.31,1999-08-31
1999-08-16,8.302,1999-08-31
1999-08-17,8.31,1999-08-31
1999-08-18,8.335,1999-08-31
1999-08-19,8.247,1999-08-31
1999-08-20,8.229,1999-08-31
1999-08-23,8.29,1999-08-31
1999-08-24,8.285,1999-08-31
1999-08-25,8.336,1999-08-31
1999-08-26,8.355,1999-08-31
1999-08-27,8.325,1999-08-31
1999-08-30,8.344,1999-08-31
1999-08-31,8.229,1999-08-31
1999-09-01,8.212,1999-09-30
1999-09-02,8.162,1999-09-30
1999-09-03,8.196,1999-09-30
1999-09-07,8.17,1999-09-30
1999-09-08,8.15,1999-09-30
1999-09-09,8.16,1999-09-30
1999-09-10,8.262,1999-09-30
1999-09-13,8.2175,1999-09-30
1999-09-14,8.285,1999-09-30
1999-09-15,8.298,1999-09-30
1999-09-16,8.298,1999-09-30
1999-09-17,8.282,1999-09-30
1999-09-20,8.242,1999-09-30
1999-09-21,8.232,1999-09-30
1999-09-22,8.223,1999-09-30
1999-09-23,8.25,1999-09-30
1999-09-24,8.239,1999-09-30
1999-09-27,8.265,1999-09-30
1999-09-28,8.215,1999-09-30
1999-09-29,8.195,1999-09-30
1999-09-30,8.201,1999-09-30
1999-10-01,8.1495,1999-10-31
1999-10-04,8.147,1999-10-31
1999-10-05,8.118,1999-10-31
1999-10-06,8.1375,1999-10-31
1999-10-07,8.13,1999-10-31
1999-10-08,8.18,1999-10-31
1999-10-12,8.094,1999-10-31
1999-10-13,8.1075,1999-10-31
1999-10-14,8.1095,1999-10-31
1999-10-15,8.105,1999-10-31
1999-10-18,8.165,1999-10-31
1999-10-19,8.136,1999-10-31
1999-10-20,8.17,1999-10-31
1999-10-21,8.121,1999-10-31
1999-10-22,8.14,1999-10-31
1999-10-25,8.135,1999-10-31
1999-10-26,8.16,1999-10-31
1999-10-27,8.205,1999-10-31
1999-10-28,8.251,1999-10-31
1999-10-29,8.2225,1999-10-31
1999-11-01,8.2545,1999-11-30
1999-11-02,8.244,1999-11-30
1999-11-03,8.273,1999-11-30
1999-11-04,8.342,1999-11-30
1999-11-05,8.331,1999-11-30
1999-11-08,8.345,1999-11-30
1999-11-09,8.322,1999-11-30
1999-11-10,8.2975,1999-11-30
1999-11-12,8.376,1999-11-30
1999-11-15,8.36,1999-11-30
1999-11-16,8.392,1999-11-30
1999-11-17,8.301,1999-11-30
1999-11-18,8.371,1999-11-30
1999-11-19,8.345,1999-11-30
1999-11-22,8.3425,1999-11-30
1999-11-23,8.38,1999-11-30
1999-11-24,8.436,1999-11-30
1999-11-26,8.464,1999-11-30
1999-11-29,8.482,1999-11-30
1999-11-30,8.513,1999-11-30
1999-12-01,8.56,1999-12-31
1999-12-02,8.6,1999-12-31
1999-12-03,8.5665,1999-12-31
1999-12-06,8.417,1999-12-31
1999-12-07,8.415,1999-12-31
1999-12-08,8.35,1999-12-31
1999-12-09,8.406,1999-12-31
1999-12-10,8.4675,1999-12-31
1999-12-13,8.497,1999-12-31
1999-12-14,8.539,1999-12-31
1999-12-15,8.527,1999-12-31
1999-12-16,8.469,1999-12-31
1999-12-17,8.501,1999-12-31
1999-12-20,8.54,1999-12-31
1999-12-21,8.506,1999-12-31
1999-12-22,8.495,1999-12-31
1999-12-23,8.435,1999-12-31
1999-12-24,8.45,1999-12-31
1999-12-27,8.464,1999-12-31
1999-12-28,8.513,1999-12-31
1999-12-29,8.53,1999-12-31
1999-12-30,8.54,1999-12-31
1999-12-31,8.505,1999-12-31
2000-01-03,8.443,2000-01-31
2000-01-04,8.36,2000-01-31
2000-01-05,8.353,2000-01-31
2000-01-06,8.3675,2000-01-31
2000-01-07,8.415,2000-01-31
2000-01-10,8.449,2000-01-31
2000-01-11,8.397,2000-01-31
2000-01-12,8.418,2000-01-31
2000-01-13,8.417,2000-01-31
2000-01-14,8.474,2000-01-31
2000-01-18,8.468,2000-01-31
2000-01-19,8.487,2000-01-31
2000-01-20,8.468,2000-01-31
2000-01-21,8.493,2000-01-31
2000-01-24,8.526,2000-01-31
2000-01-25,8.521,2000-01-31
2000-01-26,8.5285,2000-01-31
2000-01-27,8.615,2000-01-31
2000-01-28,8.82,2000-01-31
2000-01-31,8.815,2000-01-31
2000-02-01,8.768,2000-02-29
2000-02-02,8.708,2000-02-29
2000-02-03,8.577,2000-02-29
2000-02-04,8.663,2000-02-29
2000-02-07,8.66,2000-02-29
2000-02-08,8.595,2000-02-29
2000-02-09,8.544,2000-02-29
2000-02-10,8.585,2000-02-29
2000-02-11,8.608,2000-02-29
2000-02-14,8.679,2000-02-29
2000-02-15,8.68,2000-02-29
2000-02-16,8.6695,2000-02-29
2000-02-17,8.68,2000-02-29
2000-02-18,8.6725,2000-02-29
2000-02-22,8.5395,2000-02-29
2000-02-23,8.577,2000-02-29
2000-02-24,8.619,2000-02-29
2000-02-25,8.695,2000-02-29
2000-02-28,8.6895,2000-02-29
2000-02-29,8.75,2000-02-29
2000-03-01,8.6865,2000-03-31
2000-03-02,8.805,2000-03-31
2000-03-03,8.815,2000-03-31
2000-03-06,8.7865,2000-03-31
2000-03-07,8.804,2000-03-31
2000-03-08,8.851,2000-03-31
2000-03-09,8.7235,2000-03-31
2000-03-10,8.72,2000-03-31
2000-03-13,8.718,2000-03-31
2000-03-14,8.697,2000-03-31
2000-03-15,8.6915,2000-03-31
2000-03-16,8.694,2000-03-31
2000-03-17,8.666,2000-03-31
2000-03-20,8.6425,2000-03-31
2000-03-21,8.65,2000-03-31
2000-03-22,8.711,2000-03-31
2000-03-23,8.645,2000-03-31
2000-03-24,8.5775,2000-03-31
2000-03-27,8.6465,2000-03-31
2000-03-28,8.5675,2000-03-31
2000-03-29,8.6675,2000-03-31
2000-03-30,8.633,2000-03-31
2000-03-31,8.635,2000-03-31
2000-04-03,8.678,2000-04-30
2000-04-04,8.691,2000-04-30
2000-04-05,8.6225,2000-04-30
2000-04-06,8.661,2000-04-30
2000-04-07,8.642,2000-04-30
2000-04-10,8.61,2000-04-30
2000-04-11,8.634,2000-04-30
2000-04-12,8.702,2000-04-30
2000-04-13,8.723,2000-04-30
2000-04-14,8.7,2000-04-30
2000-04-17,8.72,2000-04-30
2000-04-18,8.744,2000-04-30
2000-04-19,8.798,2000-04-30
2000-04-20,8.8,2000-04-30
2000-04-21,8.786,2000-04-30
2000-04-24,8.78,2000-04-30
2000-04-25,8.848,2000-04-30
2000-04-26,8.885,2000-04-30
2000-04-27,8.9808,2000-04-30
2000-04-28,8.967,2000-04-30
2000-05-01,8.9183,2000-05-31
2000-05-02,8.941,2000-05-31
2000-05-03,9.077,2000-05-31
2000-05-04,9.104,2000-05-31
2000-05-05,9.103,2000-05-31
2000-05-08,9.095,2000-05-31
2000-05-09,9.0592,2000-05-31
2000-05-10,9.0575,2000-05-31
2000-05-11,9.16,2000-05-31
2000-05-12,9.092,2000-05-31
2000-05-15,9.063,2000-05-31
2000-05-16,9.103,2000-05-31
2000-05-17,9.201,2000-05-31
2000-05-18,9.1323,2000-05-31
2000-05-19,9.1575,2000-05-31
2000-05-22,9.222,2000-05-31
2000-05-23,9.21,2000-05-31
2000-05-24,9.175,2000-05-31
2000-05-25,9.165,2000-05-31
2000-05-26,9.01,2000-05-31
2000-05-30,9.002,2000-05-31
2000-05-31,8.987,2000-05-31
2000-06-01,8.968,2000-06-30
2000-06-02,8.8245,2000-06-30
2000-06-05,8.805,2000-06-30
2000-06-06,8.711,2000-06-30
2000-06-07,8.656,2000-06-30
2000-06-08,8.758,2000-06-30
2000-06-09,8.745,2000-06-30
2000-06-12,8.691,2000-06-30
2000-06-13,8.612,2000-06-30
2000-06-14,8.533,2000-06-30
2000-06-15,8.625,2000-06-30
2000-06-16,8.6015,2000-06-30
2000-06-19,8.62,2000-06-30
2000-06-20,8.6425,2000-06-30
2000-06-21,8.719,2000-06-30
2000-06-22,8.805,2000-06-30
2000-06-23,8.85,2000-06-30
2000-06-26,8.891,2000-06-30
2000-06-27,8.8725,2000-06-30
2000-06-28,8.864,2000-06-30
2000-06-29,8.822,2000-06-30
2000-06-30,8.821,2000-06-30
2000-07-03,8.7925,2000-07-31
2000-07-05,8.83,2000-07-31
2000-07-06,8.866,2000-07-31
2000-07-07,8.915,2000-07-31
2000-07-10,8.8855,2000-07-31
2000-07-11,8.8906,2000-07-31
2000-07-12,8.8925,2000-07-31
2000-07-13,8.941,2000-07-31
2000-07-14,8.898,2000-07-31
2000-07-17,8.968,2000-07-31
2000-07-18,9.0,2000-07-31
2000-07-19,9.081,2000-07-31
2000-07-20,9.02,2000-07-31
2000-07-21,8.9965,2000-07-31
2000-07-24,8.9825,2000-07-31
2000-07-25,8.944,2000-07-31
2000-07-26,8.946,2000-07-31
2000-07-27,9.0985,2000-07-31
2000-07-28,9.16,2000-07-31
2000-07-31,9.172,2000-07-31
2000-08-01,9.217,2000-08-31
2000-08-02,9.259,2000-08-31
2000-08-03,9.335,2000-08-31
2000-08-04,9.246,2000-08-31
2000-08-07,9.1825,2000-08-31
2000-08-08,9.2445,2000-08-31
2000-08-09,9.25,2000-08-31
2000-08-10,9.201,2000-08-31
2000-08-11,9.218,2000-08-31
2000-08-14,9.205,2000-08-31
2000-08-15,9.153,2000-08-31
2000-08-16,9.204,2000-08-31
2000-08-17,9.205,2000-08-31
2000-08-18,9.263,2000-08-31
2000-08-21,9.292,2000-08-31
2000-08-22,9.335,2000-08-31
2000-08-23,9.332,2000-08-31
2000-08-24,9.279,2000-08-31
2000-08-25,9.311,2000-08-31
2000-08-28,9.345,2000-08-31
2000-08-29,9.411,2000-08-31
2000-08-30,9.44,2000-08-31
2000-08-31,9.445,2000-08-31
2000-09-01,9.338,2000-09-30
2000-09-05,9.4725,2000-09-30
2000-09-06,9.6575,2000-09-30
2000-09-07,9.56,2000-09-30
2000-09-08,9.6515,2000-09-30
2000-09-11,9.731,2000-09-30
2000-09-12,9.766,2000-09-30
2000-09-13,9.722,2000-09-30
2000-09-14,9.755,2000-09-30
2000-09-15,9.796,2000-09-30
2000-09-18,9.829,2000-09-30
2000-09-19,9.8475,2000-09-30
2000-09-20,9.875,2000-09-30
2000-09-21,9.815,2000-09-30
2000-09-22,9.625,2000-09-30
2000-09-25,9.666,2000-09-30
2000-09-26,9.623,2000-09-30
2000-09-27,9.659,2000-09-30
2000-09-28,9.6885,2000-09-30
2000-09-29,9.628,2000-09-30
2000-10-02,9.6933,2000-10-31
2000-10-03,9.78,2000-10-31
2000-10-04,9.8,2000-10-31
2000-10-05,9.8292,2000-10-31
2000-10-06,9.84,2000-10-31
2000-10-10,9.919,2000-10-31
2000-10-11,9.865,2000-10-31
2000-10-12,9.905,2000-10-31
2000-10-13,9.935,2000-10-31
2000-10-16,10.013,2000-10-31
2000-10-17,10.007,2000-10-31
2000-10-18,10.115,2000-10-31
2000-10-19,10.065,2000-10-31
2000-10-20,10.12,2000-10-31
2000-10-23,10.113,2000-10-31
2000-10-24,10.128,2000-10-31
2000-10-25,10.245,2000-10-31
2000-10-26,10.3,2000-10-31
2000-10-27,10.1238,2000-10-31
2000-10-30,10.06,2000-10-31
2000-10-31,9.997,2000-10-31
2000-11-01,9.892,2000-11-30
2000-11-02,9.912,2000-11-30
2000-11-03,9.915,2000-11-30
2000-11-06,9.998,2000-11-30
2000-11-07,10.001,2000-11-30
2000-11-08,10.0,2000-11-30
2000-11-09,10.022,2000-11-30
2000-11-10,9.9685,2000-11-30
2000-11-13,10.048,2000-11-30
2000-11-14,10.1048,2000-11-30
2000-11-15,10.094,2000-11-30
2000-11-16,10.14,2000-11-30
2000-11-17,10.17,2000-11-30
2000-11-20,10.2136,2000-11-30
2000-11-21,10.301,2000-11-30
2000-11-22,10.302,2000-11-30
2000-11-24,10.36,2000-11-30
2000-11-27,10.2425,2000-11-30
2000-11-28,10.1694,2000-11-30
2000-11-29,10.133,2000-11-30
2000-11-30,10.04,2000-11-30
2000-12-01,9.9,2000-12-31
2000-12-04,9.725,2000-12-31
2000-12-05,9.742,2000-12-31
2000-12-06,9.63,2000-12-31
2000-12-07,9.713,2000-12-31
2000-12-08,9.735,2000-12-31
2000-12-11,9.7205,2000-12-31
2000-12-12,9.7195,2000-12-31
2000-12-13,9.792,2000-12-31
2000-12-14,9.68,2000-12-31
2000-12-15,9.6,2000-12-31
2000-12-18,9.68,2000-12-31
2000-12-19,9.781,2000-12-31
2000-12-20,9.59,2000-12-31
2000-12-21,9.587,2000-12-31
2000-12-22,9.539,2000-12-31
2000-12-26,9.502,2000-12-31
2000-12-27,9.5725,2000-12-31
2000-12-28,9.555,2000-12-31
2000-12-29,9.444,2000-12-31
2001-01-02,9.415,2001-01-31
2001-01-03,9.445,2001-01-31
2001-01-04,9.422,2001-01-31
2001-01-05,9.338,2001-01-31
2001-01-08,9.418,2001-01-31
2001-01-09,9.498,2001-01-31
2001-01-10,9.4325,2001-01-31
2001-01-11,9.325,2001-01-31
2001-01-12,9.344,2001-01-31
2001-01-16,9.505,2001-01-31
2001-01-17,9.565,2001-01-31
2001-01-18,9.43,2001-01-31
2001-01-19,9.463,2001-01-31
2001-01-22,9.518,2001-01-31
2001-01-23,9.532,2001-01-31
2001-01-24,9.622,2001-01-31
2001-01-25,9.69,2001-01-31
2001-01-26,9.631,2001-01-31
2001-01-29,9.6442,2001-01-31
2001-01-30,9.551,2001-01-31
2001-01-31,9.5227,2001-01-31
2001-02-01,9.489,2001-02-28
2001-02-02,9.5125,2001-02-28
2001-02-05,9.51,2001-02-28
2001-02-06,9.567,2001-02-28
2001-02-07,9.5375,2001-02-28
2001-02-08,9.672,2001-02-28
2001-02-09,9.6325,2001-02-28
2001-02-12,9.662,2001-02-28
2001-02-13,9.7975,2001-02-28
2001-02-14,9.833,2001-02-28
2001-02-15,9.882,2001-02-28
2001-02-16,9.802,2001-02-28
2001-02-20,9.8765,2001-02-28
2001-02-21,9.94,2001-02-28
2001-02-22,9.973,2001-02-28
2001-02-23,9.953,2001-02-28
2001-02-26,9.922,2001-02-28
2001-02-27,9.908,2001-02-28
2001-02-28,9.815,2001-02-28
2001-03-01,9.7325,2001-03-31
2001-03-02,9.682,2001-03-31
2001-03-05,9.745,2001-03-31
2001-03-06,9.673,2001-03-31
2001-03-07,9.752,2001-03-31
2001-03-08,9.746,2001-03-31
2001-03-09,9.7575,2001-03-31
2001-03-12,9.83,2001-03-31
2001-03-13,10.0135,2001-03-31
2001-03-14,10.0101,2001-03-31
2001-03-15,10.098,2001-03-31
2001-03-16,10.249,2001-03-31
2001-03-19,10.195,2001-03-31
2001-03-20,10.126,2001-03-31
2001-03-21,10.254,2001-03-31
2001-03-22,10.43,2001-03-31
2001-03-23,10.253,2001-03-31
2001-03-26,10.222,2001-03-31
2001-03-27,10.237,2001-03-31
2001-03-28,10.341,2001-03-31
2001-03-29,10.4075,2001-03-31
2001-03-30,10.38,2001-03-31
2001-04-02,10.385,2001-04-30
2001-04-03,10.272,2001-04-30
2001-04-04,10.234,2001-04-30
2001-04-05,10.191,2001-04-30
2001-04-06,10.115,2001-04-30
2001-04-09,10.131,2001-04-30
2001-04-10,10.175,2001-04-30
2001-04-11,10.21,2001-04-30
2001-04-12,10.128,2001-04-30
2001-04-13,10.175,2001-04-30
2001-04-16,10.193,2001-04-30
2001-04-17,10.2902,2001-04-30
2001-04-18,10.28,2001-04-30
2001-04-19,10.137,2001-04-30
2001-04-20,10.082,2001-04-30
2001-04-23,10.212,2001-04-30
2001-04-24,10.253,2001-04-30
2001-04-25,10.223,2001-04-30
2001-04-26,10.1345,2001-04-30
2001-04-27,10.1925,2001-04-30
2001-04-30,10.26,2001-04-30
2001-05-01,10.208,2001-05-31
2001-05-02,10.236,2001-05-31
2001-05-03,10.27,2001-05-31
2001-05-04,10.2,2001-05-31
2001-05-07,10.236,2001-05-31
2001-05-08,10.293,2001-05-31
2001-05-09,10.284,2001-05-31
2001-05-10,10.29,2001-05-31
2001-05-11,10.258,2001-05-31
2001-05-14,10.325,2001-05-31
2001-05-15,10.253,2001-05-31
2001-05-16,10.268,2001-05-31
2001-05-17,10.223,2001-05-31
2001-05-18,10.25,2001-05-31
2001-05-21,10.2425,2001-05-31
2001-05-22,10.37,2001-05-31
2001-05-23,10.507,2001-05-31
2001-05-24,10.525,2001-05-31
2001-05-25,10.535,2001-05-31
2001-05-29,10.573,2001-05-31
2001-05-30,10.592,2001-05-31
2001-05-31,10.79,2001-05-31
2001-06-01,10.851,2001-06-30
2001-06-04,10.9225,2001-06-30
2001-06-05,10.83,2001-06-30
2001-06-06,10.924,2001-06-30
2001-06-07,10.95,2001-06-30
2001-06-08,10.935,2001-06-30
2001-06-11,11.027,2001-06-30
2001-06-12,11.002,2001-06-30
2001-06-13,10.79,2001-06-30
2001-06-14,10.707,2001-06-30
2001-06-15,10.57,2001-06-30
2001-06-18,10.512,2001-06-30
2001-06-19,10.626,2001-06-30
2001-06-20,10.72,2001-06-30
2001-06-21,10.7435,2001-06-30
2001-06-22,10.7045,2001-06-30
2001-06-25,10.642,2001-06-30
2001-06-26,10.7315,2001-06-30
2001-06-27,10.735,2001-06-30
2001-06-28,10.85,2001-06-30
2001-06-29,10.881,2001-06-30
2001-07-02,10.955,2001-07-31
2001-07-03,10.87,2001-07-31
2001-07-05,11.0,2001-07-31
2001-07-06,10.955,2001-07-31
2001-07-09,10.972,2001-07-31
2001-07-10,10.84,2001-07-31
2001-07-11,10.808,2001-07-31
2001-07-12,10.86,2001-07-31
2001-07-13,10.813,2001-07-31
2001-07-16,10.764,2001-07-31
2001-07-17,10.776,2001-07-31
2001-07-18,10.605,2001-07-31
2001-07-19,10.658,2001-07-31
2001-07-20,10.648,2001-07-31
2001-07-23,10.718,2001-07-31
2001-07-24,10.658,2001-07-31
2001-07-25,10.628,2001-07-31
2001-07-26,10.618,2001-07-31
2001-07-27,10.59,2001-07-31
2001-07-30,10.605,2001-07-31
2001-07-31,10.625,2001-07-31
2001-08-01,10.572,2001-08-31
2001-08-02,10.4755,2001-08-31
2001-08-03,10.373,2001-08-31
2001-08-06,10.422,2001-08-31
2001-08-07,10.4355,2001-08-31
2001-08-08,10.422,2001-08-31
2001-08-09,10.301,2001-08-31
2001-08-10,10.2875,2001-08-31
2001-08-13,10.274,2001-08-31
2001-08-14,10.23,2001-08-31
2001-08-15,10.156,2001-08-31
2001-08-16,10.168,2001-08-31
2001-08-17,10.1725,2001-08-31
2001-08-20,10.374,2001-08-31
2001-08-21,10.355,2001-08-31
2001-08-22,10.2575,2001-08-31
2001-08-23,10.304,2001-08-31
2001-08-24,10.279,2001-08-31
2001-08-27,10.29,2001-08-31
2001-08-28,10.325,2001-08-31
2001-08-29,10.382,2001-08-31
2001-08-30,10.37,2001-08-31
2001-08-31,10.431,2001-08-31
2001-09-04,10.715,2001-09-30
2001-09-05,10.64,2001-09-30
2001-09-06,10.585,2001-09-30
2001-09-07,10.543,2001-09-30
2001-09-10,10.63,2001-09-30
2001-09-12,10.57,2001-09-30
2001-09-13,10.5585,2001-09-30
2001-09-14,10.5103,2001-09-30
2001-09-17,10.4975,2001-09-30
2001-09-18,10.5522,2001-09-30
2001-09-19,10.4653,2001-09-30
2001-09-20,10.5899,2001-09-30
2001-09-21,10.9016,2001-09-30
2001-09-24,10.8193,2001-09-30
2001-09-25,10.7032,2001-09-30
2001-09-26,10.7472,2001-09-30
2001-09-27,10.7207,2001-09-30
2001-09-28,10.6871,2001-09-30
2001-10-01,10.6207,2001-10-31
2001-10-02,10.6661,2001-10-31
2001-10-03,10.6166,2001-10-31
2001-10-04,10.6219,2001-10-31
2001-10-05,10.5845,2001-10-31
2001-10-09,10.526,2001-10-31
2001-10-10,10.585,2001-10-31
2001-10-11,10.5575,2001-10-31
2001-10-12,10.458,2001-10-31
2001-10-15,10.4485,2001-10-31
2001-10-16,10.433,2001-10-31
2001-10-17,10.408,2001-10-31
2001-10-18,10.4625,2001-10-31
2001-10-19,10.554,2001-10-31
2001-10-22,10.692,2001-10-31
2001-10-23,10.652,2001-10-31
2001-10-24,10.606,2001-10-31
2001-10-25,10.568,2001-10-31
2001-10-26,10.5825,2001-10-31
2001-10-29,10.5175,2001-10-31
2001-10-30,10.622,2001-10-31
2001-10-31,10.671,2001-10-31
2001-11-01,10.58,2001-11-30
2001-11-02,10.5758,2001-11-30
2001-11-05,10.599,2001-11-30
2001-11-06,10.558,2001-11-30
2001-11-07,10.4685,2001-11-30
2001-11-08,10.536,2001-11-30
2001-11-09,10.5603,2001-11-30
2001-11-13,10.624,2001-11-30
2001-11-14,10.591,2001-11-30
2001-11-15,10.585,2001-11-30
2001-11-16,10.602,2001-11-30
2001-11-19,10.676,2001-11-30
2001-11-20,10.658,2001-11-30
2001-11-21,10.6975,2001-11-30
2001-11-23,10.668,2001-11-30
2001-11-26,10.62,2001-11-30
2001-11-27,10.63,2001-11-30
2001-11-28,10.656,2001-11-30
2001-11-29,10.675,2001-11-30
2001-11-30,10.674,2001-11-30
2001-12-03,10.7285,2001-12-31
2001-12-04,10.66,2001-12-31
2001-12-05,10.61,2001-12-31
2001-12-06,10.498,2001-12-31
2001-12-07,10.461,2001-12-31
2001-12-10,10.504,2001-12-31
2001-12-11,10.516,2001-12-31
2001-12-12,10.491,2001-12-31
2001-12-13,10.438,2001-12-31
2001-12-14,10.493,2001-12-31
2001-12-17,10.455,2001-12-31
2001-12-18,10.493,2001-12-31
2001-12-19,10.499,2001-12-31
2001-12-20,10.593,2001-12-31
2001-12-21,10.678,2001-12-31
2001-12-24,10.823,2001-12-31
2001-12-26,10.843,2001-12-31
2001-12-27,10.705,2001-12-31
2001-12-28,10.56,2001-12-31
2001-12-31,10.4571,2001-12-31
2002-01-02,10.269,2002-01-31
2002-01-03,10.2925,2002-01-31
2002-01-04,10.312,2002-01-31
2002-01-07,10.3325,2002-01-31
2002-01-08,10.395,2002-01-31
2002-01-09,10.395,2002-01-31
2002-01-10,10.294,2002-01-31
2002-01-11,10.296,2002-01-31
2002-01-14,10.342,2002-01-31
2002-01-15,10.3485,2002-01-31
2002-01-16,10.475,2002-01-31
2002-01-17,10.529,2002-01-31
2002-01-18,10.435,2002-01-31
2002-01-22,10.48,2002-01-31
2002-01-23,10.477,2002-01-31
2002-01-24,10.517,2002-01-31
2002-01-25,10.675,2002-01-31
2002-01-28,10.729,2002-01-31
2002-01-29,10.6625,2002-01-31
2002-01-30,10.6506,2002-01-31
2002-01-31,10.672,2002-01-31
2002-02-01,10.68,2002-02-28
2002-02-04,10.639,2002-02-28
2002-02-05,10.6575,2002-02-28
2002-02-06,10.61,2002-02-28
2002-02-07,10.6345,2002-02-28
2002-02-08,10.601,2002-02-28
2002-02-11,10.555,2002-02-28
2002-02-12,10.567,2002-02-28
2002-02-13,10.585,2002-02-28
2002-02-14,10.5475,2002-02-28
2002-02-15,10.5,2002-02-28
2002-02-19,10.495,2002-02-28
2002-02-20,10.565,2002-02-28
2002-02-21,10.4995,2002-02-28
2002-02-22,10.445,2002-02-28
2002-02-25,10.436,2002-02-28
2002-02-26,10.469,2002-02-28
2002-02-27,10.495,2002-02-28
2002-02-28,10.47,2002-02-28
2002-03-01,10.5,2002-03-31
2002-03-04,10.3925,2002-03-31
2002-03-05,10.389,2002-03-31
2002-03-06,10.316,2002-03-31
2002-03-07,10.309,2002-03-31
2002-03-08,10.372,2002-03-31
2002-03-11,10.353,2002-03-31
2002-03-12,10.394,2002-03-31
2002-03-13,10.4075,2002-03-31
2002-03-14,10.36,2002-03-31
2002-03-15,10.337,2002-03-31
2002-03-18,10.285,2002-03-31
2002-03-19,10.265,2002-03-31
2002-03-20,10.209,2002-03-31
2002-03-21,10.1975,2002-03-31
2002-03-22,10.255,2002-03-31
2002-03-25,10.2765,2002-03-31
2002-03-26,10.276,2002-03-31
2002-03-27,10.351,2002-03-31
2002-03-28,10.372,2002-03-31
2002-03-29,10.363,2002-03-31
2002-04-01,10.237,2002-04-30
2002-04-02,10.281,2002-04-30
2002-04-03,10.302,2002-04-30
2002-04-04,10.325,2002-04-30
2002-04-05,10.25,2002-04-30
2002-04-08,10.3675,2002-04-30
2002-04-09,10.3275,2002-04-30
2002-04-10,10.355,2002-04-30
2002-04-11,10.284,2002-04-30
2002-04-12,10.3155,2002-04-30
2002-04-15,10.3635,2002-04-30
2002-04-16,10.382,2002-04-30
2002-04-17,10.29,2002-04-30
2002-04-18,10.329,2002-04-30
2002-04-19,10.29,2002-04-30
2002-04-22,10.3685,2002-04-30
2002-04-23,10.321,2002-04-30
2002-04-24,10.313,2002-04-30
2002-04-25,10.2785,2002-04-30
2002-04-26,10.273,2002-04-30
2002-04-29,10.222,2002-04-30
2002-04-30,10.28,2002-04-30
2002-05-01,10.219,2002-05-31
2002-05-02,10.262,2002-05-31
2002-05-03,10.158,2002-05-31
2002-05-06,10.116,2002-05-31
2002-05-07,10.259,2002-05-31
2002-05-08,10.295,2002-05-31
2002-05-09,10.228,2002-05-31
2002-05-10,10.241,2002-05-31
2002-05-13,10.269,2002-05-31
2002-05-14,10.252,2002-05-31
2002-05-15,10.16,2002-05-31
2002-05-16,10.15,2002-05-31
2002-05-17,10.017,2002-05-31
2002-05-20,9.9955,2002-05-31
2002-05-21,9.983,2002-05-31
2002-05-22,9.869,2002-05-31
2002-05-23,9.886,2002-05-31
2002-05-24,9.908,2002-05-31
2002-05-28,9.864,2002-05-31
2002-05-29,9.815,2002-05-31
2002-05-30,9.721,2002-05-31
2002-05-31,9.7445,2002-05-31
2002-06-03,9.69,2002-06-30
2002-06-04,9.7,2002-06-30
2002-06-05,9.732,2002-06-30
2002-06-06,9.694,2002-06-30
2002-06-07,9.756,2002-06-30
2002-06-10,9.7325,2002-06-30
2002-06-11,9.686,2002-06-30
2002-06-12,9.685,2002-06-30
2002-06-13,9.7,2002-06-30
2002-06-14,9.684,2002-06-30
2002-06-17,9.592,2002-06-30
2002-06-18,9.564,2002-06-30
2002-06-19,9.53,2002-06-30
2002-06-20,9.386,2002-06-30
2002-06-21,9.3277,2002-06-30
2002-06-24,9.2625,2002-06-30
2002-06-25,9.34,2002-06-30
2002-06-26,9.271,2002-06-30
2002-06-27,9.2125,2002-06-30
2002-06-28,9.207,2002-06-30
2002-07-01,9.199,2002-07-31
2002-07-02,9.214,2002-07-31
2002-07-03,9.286,2002-07-31
2002-07-05,9.375,2002-07-31
2002-07-08,9.295,2002-07-31
2002-07-09,9.2875,2002-07-31
2002-07-10,9.395,2002-07-31
2002-07-11,9.353,2002-07-31
2002-07-12,9.322,2002-07-31
2002-07-15,9.199,2002-07-31
2002-07-16,9.244,2002-07-31
2002-07-17,9.233,2002-07-31
2002-07-18,9.245,2002-07-31
2002-07-19,9.23,2002-07-31
2002-07-22,9.4055,2002-07-31
2002-07-23,9.553,2002-07-31
2002-07-24,9.5685,2002-07-31
2002-07-25,9.42,2002-07-31
2002-07-26,9.448,2002-07-31
2002-07-29,9.478,2002-07-31
2002-07-30,9.377,2002-07-31
2002-07-31,9.515,2002-07-31
2002-08-01,9.552,2002-08-31
2002-08-02,9.572,2002-08-31
2002-08-05,9.556,2002-08-31
2002-08-06,9.6855,2002-08-31
2002-08-07,9.587,2002-08-31
2002-08-08,9.65,2002-08-31
2002-08-09,9.56,2002-08-31
2002-08-12,9.508,2002-08-31
2002-08-13,9.449,2002-08-31
2002-08-14,9.372,2002-08-31
2002-08-15,9.408,2002-08-31
2002-08-16,9.384,2002-08-31
2002-08-19,9.444,2002-08-31
2002-08-20,9.405,2002-08-31
2002-08-21,9.347,2002-08-31
2002-08-22,9.498,2002-08-31
2002-08-23,9.457,2002-08-31
2002-08-26,9.385,2002-08-31
2002-08-27,9.2875,2002-08-31
2002-08-28,9.307,2002-08-31
2002-08-29,9.328,2002-08-31
2002-08-30,9.4,2002-08-31
2002-09-03,9.369,2002-09-30
2002-09-04,9.35,2002-09-30
2002-09-05,9.346,2002-09-30
2002-09-06,9.3696,2002-09-30
2002-09-09,9.3725,2002-09-30
2002-09-10,9.4255,2002-09-30
2002-09-11,9.416,2002-09-30
2002-09-12,9.419,2002-09-30
2002-09-13,9.452,2002-09-30
2002-09-16,9.364,2002-09-30
2002-09-17,9.413,2002-09-30
2002-09-18,9.303,2002-09-30
2002-09-19,9.243,2002-09-30
2002-09-20,9.193,2002-09-30
2002-09-23,9.243,2002-09-30
2002-09-24,9.268,2002-09-30
2002-09-25,9.3053,2002-09-30
2002-09-26,9.371,2002-09-30
2002-09-27,9.304,2002-09-30
2002-09-30,9.274,2002-09-30
2002-10-01,9.219,2002-10-31
2002-10-02,9.221,2002-10-31
2002-10-03,9.198,2002-10-31
2002-10-04,9.258,2002-10-31
2002-10-07,9.275,2002-10-31
2002-10-08,9.353,2002-10-31
2002-10-09,9.29,2002-10-31
2002-10-10,9.2775,2002-10-31
2002-10-11,9.246,2002-10-31
2002-10-15,9.241,2002-10-31
2002-10-16,9.242,2002-10-31
2002-10-17,9.3825,2002-10-31
2002-10-18,9.384,2002-10-31
2002-10-21,9.335,2002-10-31
2002-10-22,9.3445,2002-10-31
2002-10-23,9.385,2002-10-31
2002-10-24,9.37,2002-10-31
2002-10-25,9.3405,2002-10-31
2002-10-28,9.242,2002-10-31
2002-10-29,9.2505,2002-10-31
2002-10-30,9.218,2002-10-31
2002-10-31,9.1885,2002-10-31
2002-11-01,9.13,2002-11-30
2002-11-04,9.165,2002-11-30
2002-11-05,9.146,2002-11-30
2002-11-06,9.137,2002-11-30
2002-11-07,9.0515,2002-11-30
2002-11-08,8.9708,2002-11-30
2002-11-12,8.988,2002-11-30
2002-11-13,9.015,2002-11-30
2002-11-14,9.053,2002-11-30
2002-11-15,9.01,2002-11-30
2002-11-18,8.989,2002-11-30
2002-11-19,8.997,2002-11-30
2002-11-20,9.05,2002-11-30
2002-11-21,9.018,2002-11-30
2002-11-22,9.0395,2002-11-30
2002-11-25,9.097,2002-11-30
2002-11-26,9.1365,2002-11-30
2002-11-27,9.169,2002-11-30
2002-11-29,9.076,2002-11-30
2002-12-02,9.0745,2002-12-31
2002-12-03,9.064,2002-12-31
2002-12-04,9.075,2002-12-31
2002-12-05,9.07,2002-12-31
2002-12-06,9.009,2002-12-31
2002-12-09,9.012,2002-12-31
2002-12-10,9.03,2002-12-31
2002-12-11,9.021,2002-12-31
2002-12-12,8.9445,2002-12-31
2002-12-13,8.943,2002-12-31
2002-12-16,8.902,2002-12-31
2002-12-17,8.8695,2002-12-31
2002-12-18,8.868,2002-12-31
2002-12-19,8.916,2002-12-31
2002-12-20,8.865,2002-12-31
2002-12-23,8.93,2002-12-31
2002-12-24,8.864,2002-12-31
2002-12-26,8.811,2002-12-31
2002-12-27,8.813,2002-12-31
2002-12-30,8.76,2002-12-31
2002-12-31,8.695,2002-12-31
2003-01-02,8.792,2003-01-31
2003-01-03,8.717,2003-01-31
2003-01-06,8.677,2003-01-31
2003-01-07,8.695,2003-01-31
2003-01-08,8.694,2003-01-31
2003-01-09,8.713,2003-01-31
2003-01-10,8.678,2003-01-31
2003-01-13,8.6985,2003-01-31
2003-01-14,8.672,2003-01-31
2003-01-15,8.67,2003-01-31
2003-01-16,8.676,2003-01-31
2003-01-17,8.6245,2003-01-31
2003-01-21,8.656,2003-01-31
2003-01-22,8.623,2003-01-31
2003-01-23,8.6,2003-01-31
2003-01-24,8.525,2003-01-31
2003-01-27,8.525,2003-01-31
2003-01-28,8.533,2003-01-31
2003-01-29,8.475,2003-01-31
2003-01-30,8.515,2003-01-31
2003-01-31,8.614,2003-01-31
2003-02-03,8.565,2003-02-28
2003-02-04,8.493,2003-02-28
2003-02-05,8.535,2003-02-28
2003-02-06,8.475,2003-02-28
2003-02-07,8.49,2003-02-28
2003-02-10,8.545,2003-02-28
2003-02-11,8.512,2003-02-28
2003-02-12,8.5245,2003-02-28
2003-02-13,8.41,2003-02-28
2003-02-14,8.443,2003-02-28
2003-02-18,8.524,2003-02-28
2003-02-19,8.477,2003-02-28
2003-02-20,8.411,2003-02-28
2003-02-21,8.46,2003-02-28
2003-02-24,8.465,2003-02-28
2003-02-25,8.453,2003-02-28
2003-02-26,8.421,2003-02-28
2003-02-27,8.482,2003-02-28
2003-02-28,8.505,2003-02-28
2003-03-03,8.497,2003-03-31
2003-03-04,8.425,2003-03-31
2003-03-05,8.378,2003-03-31
2003-03-06,8.365,2003-03-31
2003-03-07,8.373,2003-03-31
2003-03-10,8.367,2003-03-31
2003-03-11,8.449,2003-03-31
2003-03-12,8.431,2003-03-31
2003-03-13,8.5,2003-03-31
2003-03-14,8.577,2003-03-31
2003-03-17,8.668,2003-03-31
2003-03-18,8.699,2003-03-31
2003-03-19,8.675,2003-03-31
2003-03-20,8.639,2003-03-31
2003-03-21,8.703,2003-03-31
2003-03-24,8.675,2003-03-31
2003-03-25,8.673,2003-03-31
2003-03-26,8.653,2003-03-31
2003-03-27,8.6425,2003-03-31
2003-03-28,8.561,2003-03-31
2003-03-31,8.4735,2003-03-31
2003-04-01,8.483,2003-04-30
2003-04-02,8.585,2003-04-30
2003-04-03,8.565,2003-04-30
2003-04-04,8.5927,2003-04-30
2003-04-07,8.6425,2003-04-30
2003-04-08,8.568,2003-04-30
2003-04-09,8.527,2003-04-30
2003-04-10,8.475,2003-04-30
2003-04-11,8.49,2003-04-30
2003-04-14,8.473,2003-04-30
2003-04-15,8.484,2003-04-30
2003-04-16,8.424,2003-04-30
2003-04-17,8.402,2003-04-30
2003-04-18,8.4125,2003-04-30
2003-04-21,8.42,2003-04-30
2003-04-22,8.335,2003-04-30
2003-04-23,8.319,2003-04-30
2003-04-24,8.25,2003-04-30
2003-04-25,8.264,2003-04-30
2003-04-28,8.323,2003-04-30
2003-04-29,8.285,2003-04-30
2003-04-30,8.17,2003-04-30
2003-05-01,8.118,2003-05-31
2003-05-02,8.147,2003-05-31
2003-05-05,8.067,2003-05-31
2003-05-06,8.0055,2003-05-31
2003-05-07,8.025,2003-05-31
2003-05-08,7.965,2003-05-31
2003-05-09,7.972,2003-05-31
2003-05-12,7.944,2003-05-31
2003-05-13,7.981,2003-05-31
2003-05-14,7.982,2003-05-31
2003-05-15,7.9958,2003-05-31
2003-05-16,7.925,2003-05-31
2003-05-19,7.857,2003-05-31
2003-05-20,7.865,2003-05-31
2003-05-21,7.826,2003-05-31
2003-05-22,7.8285,2003-05-31
2003-05-23,7.792,2003-05-31
2003-05-27,7.753,2003-05-31
2003-05-28,7.786,2003-05-31
2003-05-29,7.7479,2003-05-31
2003-05-30,7.7654,2003-05-31
2003-06-02,7.773,2003-06-30
2003-06-03,7.7945,2003-06-30
2003-06-04,7.8008,2003-06-30
2003-06-05,7.6745,2003-06-30
2003-06-06,7.799,2003-06-30
2003-06-09,7.7745,2003-06-30
2003-06-10,7.799,2003-06-30
2003-06-11,7.7275,2003-06-30
2003-06-12,7.725,2003-06-30
2003-06-13,7.6835,2003-06-30
2003-06-16,7.671,2003-06-30
2003-06-17,7.678,2003-06-30
2003-06-18,7.746,2003-06-30
2003-06-19,7.7668,2003-06-30
2003-06-20,7.812,2003-06-30
2003-06-23,7.892,2003-06-30
2003-06-24,7.962,2003-06-30
2003-06-25,7.91,2003-06-30
2003-06-26,8.026,2003-06-30
2003-06-27,8.031,2003-06-30
2003-06-30,7.9985,2003-06-30
2003-07-01,7.966,2003-07-31
2003-07-02,7.9795,2003-07-31
2003-07-03,7.9752,2003-07-31
2003-07-07,8.1336,2003-07-31
2003-07-08,8.126,2003-07-31
2003-07-09,8.089,2003-07-31
2003-07-10,8.0286,2003-07-31
2003-07-11,8.096,2003-07-31
2003-07-14,8.085,2003-07-31
2003-07-15,8.15,2003-07-31
2003-07-16,8.182,2003-07-31
2003-07-17,8.2675,2003-07-31
2003-07-18,8.2328,2003-07-31
2003-07-21,8.175,2003-07-31
2003-07-22,8.195,2003-07-31
2003-07-23,8.024,2003-07-31
2003-07-24,8.0516,2003-07-31
2003-07-25,7.993,2003-07-31
2003-07-28,7.9865,2003-07-31
2003-07-29,8.0108,2003-07-31
2003-07-30,8.077,2003-07-31
2003-07-31,8.22,2003-07-31
2003-08-01,8.2235,2003-08-31
2003-08-04,8.146,2003-08-31
2003-08-05,8.135,2003-08-31
2003-08-06,8.1075,2003-08-31
2003-08-07,8.085,2003-08-31
2003-08-08,8.133,2003-08-31
2003-08-11,8.16,2003-08-31
2003-08-12,8.166,2003-08-31
2003-08-13,8.1565,2003-08-31
2003-08-14,8.188,2003-08-31
2003-08-15,8.206,2003-08-31
2003-08-18,8.3134,2003-08-31
2003-08-19,8.3505,2003-08-31
2003-08-20,8.3229,2003-08-31
2003-08-21,8.3893,2003-08-31
2003-08-22,8.5095,2003-08-31
2003-08-25,8.495,2003-08-31
2003-08-26,8.52,2003-08-31
2003-08-27,8.483,2003-08-31
2003-08-28,8.4693,2003-08-31
2003-08-29,8.3644,2003-08-31
2003-09-02,8.4345,2003-09-30
2003-09-03,8.4065,2003-09-30
2003-09-04,8.3667,2003-09-30
2003-09-05,8.2312,2003-09-30
2003-09-08,8.204,2003-09-30
2003-09-09,8.1685,2003-09-30
2003-09-10,8.165,2003-09-30
2003-09-11,8.1245,2003-09-30
2003-09-12,8.04,2003-09-30
2003-09-15,8.097,2003-09-30
2003-09-16,8.145,2003-09-30
2003-09-17,8.062,2003-09-30
2003-09-18,8.0445,2003-09-30
2003-09-19,7.9875,2003-09-30
2003-09-22,7.8875,2003-09-30
2003-09-23,7.78,2003-09-30
2003-09-24,7.7445,2003-09-30
2003-09-25,7.7495,2003-09-30
2003-09-26,7.8017,2003-09-30
2003-09-29,7.704,2003-09-30
2003-09-30,7.7502,2003-09-30
2003-10-01,7.7285,2003-10-31
2003-10-02,7.67,2003-10-31
2003-10-03,7.7685,2003-10-31
2003-10-06,7.65,2003-10-31
2003-10-07,7.6175,2003-10-31
2003-10-08,7.597,2003-10-31
2003-10-09,7.686,2003-10-31
2003-10-10,7.635,2003-10-31
2003-10-14,7.6475,2003-10-31
2003-10-15,7.689,2003-10-31
2003-10-16,7.698,2003-10-31
2003-10-17,7.723,2003-10-31
2003-10-20,7.7676,2003-10-31
2003-10-21,7.7315,2003-10-31
2003-10-22,7.625,2003-10-31
2003-10-23,7.674,2003-10-31
2003-10-24,7.6753,2003-10-31
2003-10-27,7.725,2003-10-31
2003-10-28,7.7478,2003-10-31
2003-10-29,7.7181,2003-10-31
2003-10-30,7.718,2003-10-31
2003-10-31,7.814,2003-10-31
2003-11-03,7.915,2003-11-30
2003-11-04,7.855,2003-11-30
2003-11-05,7.8675,2003-11-30
2003-11-06,7.8865,2003-11-30
2003-11-07,7.7987,2003-11-30
2003-11-10,7.7875,2003-11-30
2003-11-12,7.7,2003-11-30
2003-11-13,7.6475,2003-11-30
2003-11-14,7.6279,2003-11-30
2003-11-17,7.6407,2003-11-30
2003-11-18,7.54,2003-11-30
2003-11-19,7.5385,2003-11-30
2003-11-20,7.549,2003-11-30
2003-11-21,7.52,2003-11-30
2003-11-24,7.622,2003-11-30
2003-11-25,7.6125,2003-11-30
2003-11-26,7.578,2003-11-30
2003-11-28,7.551,2003-11-30
2003-12-01,7.542,2003-12-31
2003-12-02,7.46,2003-12-31
2003-12-03,7.419,2003-12-31
2003-12-04,7.43,2003-12-31
2003-12-05,7.3635,2003-12-31
2003-12-08,7.314,2003-12-31
2003-12-09,7.305,2003-12-31
2003-12-10,7.3446,2003-12-31
2003-12-11,7.3848,2003-12-31
2003-12-12,7.302,2003-12-31
2003-12-15,7.342,2003-12-31
2003-12-16,7.3275,2003-12-31
2003-12-17,7.285,2003-12-31
2003-12-18,7.338,2003-12-31
2003-12-19,7.326,2003-12-31
2003-12-22,7.325,2003-12-31
2003-12-23,7.315,2003-12-31
2003-12-24,7.298,2003-12-31
2003-12-26,7.32,2003-12-31
2003-12-29,7.27,2003-12-31
2003-12-30,7.262,2003-12-31
2003-12-31,7.195,2003-12-31
2004-01-02,7.1903,2004-01-31
2004-01-05,7.1671,2004-01-31
2004-01-06,7.1347,2004-01-31
2004-01-07,7.18,2004-01-31
2004-01-08,7.138,2004-01-31
2004-01-09,7.085,2004-01-31
2004-01-12,7.126,2004-01-31
2004-01-13,7.1761,2004-01-31
2004-01-14,7.2175,2004-01-31
2004-01-15,7.291,2004-01-31
2004-01-16,7.4085,2004-01-31
2004-01-20,7.288,2004-01-31
2004-01-21,7.216,2004-01-31
2004-01-22,7.169,2004-01-31
2004-01-23,7.257,2004-01-31
2004-01-26,7.308,2004-01-31
2004-01-27,7.245,2004-01-31
2004-01-28,7.249,2004-01-31
2004-01-29,7.41,2004-01-31
2004-01-30,7.412,2004-01-31
2004-02-02,7.3927,2004-02-29
2004-02-03,7.319,2004-02-29
2004-02-04,7.322,2004-02-29
2004-02-05,7.2985,2004-02-29
2004-02-06,7.183,2004-02-29
2004-02-09,7.205,2004-02-29
2004-02-10,7.174,2004-02-29
2004-02-11,7.1295,2004-02-29
2004-02-12,7.138,2004-02-29
2004-02-13,7.161,2004-02-29
2004-02-17,7.158,2004-02-29
2004-02-18,7.18,2004-02-29
2004-02-19,7.2265,2004-02-29
2004-02-20,7.311,2004-02-29
2004-02-23,7.314,2004-02-29
2004-02-24,7.2565,2004-02-29
2004-02-25,7.3845,2004-02-29
2004-02-26,7.411,2004-02-29
2004-02-27,7.433,2004-02-29
2004-03-01,7.439,2004-03-31
2004-03-02,7.5925,2004-03-31
2004-03-03,7.6435,2004-03-31
2004-03-04,7.533,2004-03-31
2004-03-05,7.3975,2004-03-31
2004-03-08,7.408,2004-03-31
2004-03-09,7.366,2004-03-31
2004-03-10,7.497,2004-03-31
2004-03-11,7.5034,2004-03-31
2004-03-12,7.595,2004-03-31
2004-03-15,7.552,2004-03-31
2004-03-16,7.536,2004-03-31
2004-03-17,7.573,2004-03-31
2004-03-18,7.476,2004-03-31
2004-03-19,7.5244,2004-03-31
2004-03-22,7.4475,2004-03-31
2004-03-23,7.4975,2004-03-31
2004-03-24,7.601,2004-03-31
2004-03-25,7.624,2004-03-31
2004-03-26,7.662,2004-03-31
2004-03-29,7.6305,2004-03-31
2004-03-30,7.592,2004-03-31
2004-03-31,7.55,2004-03-31
2004-04-01,7.465,2004-04-30
2004-04-02,7.616,2004-04-30
2004-04-05,7.654,2004-04-30
2004-04-06,7.62,2004-04-30
2004-04-07,7.53,2004-04-30
2004-04-08,7.5825,2004-04-30
2004-04-09,7.578,2004-04-30
2004-04-12,7.605,2004-04-30
2004-04-13,7.6825,2004-04-30
2004-04-14,7.699,2004-04-30
2004-04-15,7.7185,2004-04-30
2004-04-16,7.65,2004-04-30
2004-04-19,7.661,2004-04-30
2004-04-20,7.702,2004-04-30
2004-04-21,7.733,2004-04-30
2004-04-22,7.71,2004-04-30
2004-04-23,7.751,2004-04-30
2004-04-26,7.696,2004-04-30
2004-04-27,7.6375,2004-04-30
2004-04-28,7.71,2004-04-30
2004-04-29,7.648,2004-04-30
2004-04-30,7.6425,2004-04-30
2004-05-03,7.66,2004-05-31
2004-05-04,7.57,2004-05-31
2004-05-05,7.5085,2004-05-31
2004-05-06,7.526,2004-05-31
2004-05-07,7.654,2004-05-31
2004-05-10,7.7526,2004-05-31
2004-05-11,7.7725,2004-05-31
2004-05-12,7.69,2004-05-31
2004-05-13,7.75,2004-05-31
2004-05-14,7.7435,2004-05-31
2004-05-17,7.65,2004-05-31
2004-05-18,7.635,2004-05-31
2004-05-19,7.576,2004-05-31
2004-05-20,7.607,2004-05-31
2004-05-21,7.555,2004-05-31
2004-05-24,7.597,2004-05-31
2004-05-25,7.55,2004-05-31
2004-05-26,7.5215,2004-05-31
2004-05-27,7.417,2004-05-31
2004-05-28,7.4579,2004-05-31
2004-06-01,7.4514,2004-06-30
2004-06-02,7.4525,2004-06-30
2004-06-03,7.497,2004-06-30
2004-06-04,7.4575,2004-06-30
2004-06-07,7.4123,2004-06-30
2004-06-08,7.4225,2004-06-30
2004-06-09,7.542,2004-06-30
2004-06-10,7.555,2004-06-30
2004-06-11,7.628,2004-06-30
2004-06-14,7.605,2004-06-30
2004-06-15,7.5448,2004-06-30
2004-06-16,7.621,2004-06-30
2004-06-17,7.6055,2004-06-30
2004-06-18,7.556,2004-06-30
2004-06-21,7.551,2004-06-30
2004-06-22,7.5825,2004-06-30
2004-06-23,7.591,2004-06-30
2004-06-24,7.532,2004-06-30
2004-06-25,7.546,2004-06-30
2004-06-28,7.499,2004-06-30
2004-06-29,7.5325,2004-06-30
2004-06-30,7.525,2004-06-30
2004-07-01,7.546,2004-07-31
2004-07-02,7.466,2004-07-31
2004-07-06,7.4761,2004-07-31
2004-07-07,7.415,2004-07-31
2004-07-08,7.413,2004-07-31
2004-07-09,7.4276,2004-07-31
2004-07-12,7.421,2004-07-31
2004-07-13,7.485,2004-07-31
2004-07-14,7.44,2004-07-31
2004-07-15,7.4281,2004-07-31
2004-07-16,7.391,2004-07-31
2004-07-19,7.399,2004-07-31
2004-07-20,7.439,2004-07-31
2004-07-21,7.5175,2004-07-31
2004-07-22,7.494,2004-07-31
2004-07-23,7.587,2004-07-31
2004-07-26,7.5825,2004-07-31
2004-07-27,7.637,2004-07-31
2004-07-28,7.656,2004-07-31
2004-07-29,7.6545,2004-07-31
2004-07-30,7.6805,2004-07-31
2004-08-02,7.659,2004-08-31
2004-08-03,7.6375,2004-08-31
2004-08-04,7.634,2004-08-31
2004-08-05,7.6275,2004-08-31
2004-08-06,7.486,2004-08-31
2004-08-09,7.491,2004-08-31
2004-08-10,7.472,2004-08-31
2004-08-11,7.5285,2004-08-31
2004-08-12,7.531,2004-08-31
2004-08-13,7.465,2004-08-31
2004-08-16,7.481,2004-08-31
2004-08-17,7.486,2004-08-31
2004-08-18,7.502,2004-08-31
2004-08-19,7.449,2004-08-31
2004-08-20,7.464,2004-08-31
2004-08-23,7.525,2004-08-31
2004-08-24,7.574,2004-08-31
2004-08-25,7.58,2004-08-31
2004-08-26,7.558,2004-08-31
2004-08-27,7.584,2004-08-31
2004-08-30,7.5694,2004-08-31
2004-08-31,7.492,2004-08-31
2004-09-01,7.4925,2004-09-30
2004-09-02,7.5045,2004-09-30
2004-09-03,7.574,2004-09-30
2004-09-07,7.549,2004-09-30
2004-09-08,7.491,2004-09-30
2004-09-09,7.468,2004-09-30
2004-09-10,7.406,2004-09-30
2004-09-13,7.424,2004-09-30
2004-09-14,7.422,2004-09-30
2004-09-15,7.5235,2004-09-30
2004-09-16,7.5026,2004-09-30
2004-09-17,7.47,2004-09-30
2004-09-20,7.449,2004-09-30
2004-09-21,7.3827,2004-09-30
2004-09-22,7.386,2004-09-30
2004-09-23,7.344,2004-09-30
2004-09-24,7.3849,2004-09-30
2004-09-27,7.3595,2004-09-30
2004-09-28,7.365,2004-09-30
2004-09-29,7.36,2004-09-30
2004-09-30,7.289,2004-09-30
2004-10-01,7.275,2004-10-31
2004-10-04,7.381,2004-10-31
2004-10-05,7.3412,2004-10-31
2004-10-06,7.3475,2004-10-31
2004-10-07,7.36,2004-10-31
2004-10-08,7.303,2004-10-31
2004-10-12,7.368,2004-10-31
2004-10-13,7.3825,2004-10-31
2004-10-14,7.34,2004-10-31
2004-10-15,7.29,2004-10-31
2004-10-18,7.25,2004-10-31
2004-10-19,7.2572,2004-10-31
2004-10-20,7.1776,2004-10-31
2004-10-21,7.2,2004-10-31
2004-10-22,7.1968,2004-10-31
2004-10-25,7.0953,2004-10-31
2004-10-26,7.0723,2004-10-31
2004-10-27,7.088,2004-10-31
2004-10-28,7.0839,2004-10-31
2004-10-29,7.0974,2004-10-31
2004-11-01,7.0997,2004-11-30
2004-11-02,7.1406,2004-11-30
2004-11-03,7.088,2004-11-30
2004-11-04,7.0536,2004-11-30
2004-11-05,7.0236,2004-11-30
2004-11-08,7.0252,2004-11-30
2004-11-09,7.0393,2004-11-30
2004-11-10,7.0139,2004-11-30
2004-11-12,6.914,2004-11-30
2004-11-15,6.9166,2004-11-30
2004-11-16,6.8948,2004-11-30
2004-11-17,6.8858,2004-11-30
2004-11-18,6.9108,2004-11-30
2004-11-19,6.8557,2004-11-30
2004-11-22,6.8708,2004-11-30
2004-11-23,6.8497,2004-11-30
2004-11-24,6.783,2004-11-30
2004-11-26,6.7119,2004-11-30
2004-11-29,6.7007,2004-11-30
2004-11-30,6.7363,2004-11-30
2004-12-01,6.7168,2004-12-31
2004-12-02,6.7638,2004-12-31
2004-12-03,6.6522,2004-12-31
2004-12-06,6.6343,2004-12-31
2004-12-07,6.6315,2004-12-31
2004-12-08,6.7733,2004-12-31
2004-12-09,6.7723,2004-12-31
2004-12-10,6.8043,2004-12-31
2004-12-13,6.7221,2004-12-31
2004-12-14,6.7593,2004-12-31
2004-12-15,6.6827,2004-12-31
2004-12-16,6.758,2004-12-31
2004-12-17,6.746,2004-12-31
2004-12-20,6.6773,2004-12-31
2004-12-21,6.717,2004-12-31
2004-12-22,6.738,2004-12-31
2004-12-23,6.6972,2004-12-31
2004-12-24,6.6685,2004-12-31
2004-12-27,6.608,2004-12-31
2004-12-28,6.5939,2004-12-31
2004-12-29,6.6216,2004-12-31
2004-12-30,6.6215,2004-12-31
2004-12-31,6.6687,2004-12-31
2005-01-03,6.6855,2005-01-31
2005-01-04,6.8144,2005-01-31
2005-01-05,6.7911,2005-01-31
2005-01-06,6.8655,2005-01-31
2005-01-07,6.92,2005-01-31
2005-01-10,6.8856,2005-01-31
2005-01-11,6.8616,2005-01-31
2005-01-12,6.8179,2005-01-31
2005-01-13,6.8465,2005-01-31
2005-01-14,6.905,2005-01-31
2005-01-18,6.9254,2005-01-31
2005-01-19,6.922,2005-01-31
2005-01-20,6.9711,2005-01-31
2005-01-21,6.9414,2005-01-31
2005-01-24,6.9516,2005-01-31
2005-01-25,7.0069,2005-01-31
2005-01-26,6.938,2005-01-31
2005-01-27,6.9725,2005-01-31
2005-01-28,6.9816,2005-01-31
2005-01-31,6.9779,2005-01-31
2005-02-01,6.9838,2005-02-28
2005-02-02,6.9673,2005-02-28
2005-02-03,7.008,2005-02-28
2005-02-04,7.0223,2005-02-28
2005-02-07,7.1114,2005-02-28
2005-02-08,7.1048,2005-02-28
2005-02-09,7.087,2005-02-28
2005-02-10,7.0565,2005-02-28
2005-02-11,7.0702,2005-02-28
2005-02-14,6.9948,2005-02-28
2005-02-15,6.9858,2005-02-28
2005-02-16,6.988,2005-02-28
2005-02-17,6.9557,2005-02-28
2005-02-18,6.967,2005-02-28
2005-02-22,6.8697,2005-02-28
2005-02-23,6.8783,2005-02-28
2005-02-24,6.8724,2005-02-28
2005-02-25,6.8701,2005-02-28
2005-02-28,6.8275,2005-02-28
2005-03-01,6.8621,2005-03-31
2005-03-02,6.9105,2005-03-31
2005-03-03,6.8863,2005-03-31
2005-03-04,6.822,2005-03-31
2005-03-07,6.8333,2005-03-31
2005-03-08,6.7716,2005-03-31
2005-03-09,6.7648,2005-03-31
2005-03-10,6.7627,2005-03-31
2005-03-11,6.7312,2005-03-31
2005-03-14,6.814,2005-03-31
2005-03-15,6.8264,2005-03-31
2005-03-16,6.7722,2005-03-31
2005-03-17,6.8021,2005-03-31
2005-03-18,6.8504,2005-03-31
2005-03-21,6.9274,2005-03-31
2005-03-22,6.9055,2005-03-31
2005-03-23,7.0185,2005-03-31
2005-03-24,7.0308,2005-03-31
2005-03-25,7.0451,2005-03-31
2005-03-28,7.0716,2005-03-31
2005-03-29,7.0682,2005-03-31
2005-03-30,7.0528,2005-03-31
2005-03-31,7.064,2005-03-31
2005-04-01,7.1093,2005-04-30
2005-04-04,7.1477,2005-04-30
2005-04-05,7.1438,2005-04-30
2005-04-06,7.1145,2005-04-30
2005-04-07,7.0919,2005-04-30
2005-04-08,7.0986,2005-04-30
2005-04-11,7.0564,2005-04-30
2005-04-12,7.1018,2005-04-30
2005-04-13,7.0796,2005-04-30
2005-04-14,7.1627,2005-04-30
2005-04-15,7.096,2005-04-30
2005-04-18,7.0513,2005-04-30
2005-04-19,7.0525,2005-04-30
2005-04-20,7.0194,2005-04-30
2005-04-21,7.014,2005-04-30
2005-04-22,7.0118,2005-04-30
2005-04-25,7.0368,2005-04-30
2005-04-26,7.0567,2005-04-30
2005-04-27,7.0646,2005-04-30
2005-04-28,7.0886,2005-04-30
2005-04-29,7.1123,2005-04-30
2005-05-02,7.158,2005-05-31
2005-05-03,7.1289,2005-05-31
2005-05-04,7.09,2005-05-31
2005-05-05,7.085,2005-05-31
2005-05-06,7.1411,2005-05-31
2005-05-09,7.1405,2005-05-31
2005-05-10,7.1499,2005-05-31
2005-05-11,7.2029,2005-05-31
2005-05-12,7.2549,2005-05-31
2005-05-13,7.2789,2005-05-31
2005-05-16,7.3081,2005-05-31
2005-05-17,7.2754,2005-05-31
2005-05-18,7.2561,2005-05-31
2005-05-19,7.2884,2005-05-31
2005-05-20,7.3069,2005-05-31
2005-05-23,7.2914,2005-05-31
2005-05-24,7.2841,2005-05-31
2005-05-25,7.2887,2005-05-31
2005-05-26,7.348,2005-05-31
2005-05-27,7.3144,2005-05-31
2005-05-31,7.4108,2005-05-31
2005-06-01,7.4735,2005-06-30
2005-06-02,7.446,2005-06-30
2005-06-03,7.469,2005-06-30
2005-06-06,7.4463,2005-06-30
2005-06-07,7.4373,2005-06-30
2005-06-08,7.4542,2005-06-30
2005-06-09,7.5313,2005-06-30
2005-06-10,7.6037,2005-06-30
2005-06-13,7.7112,2005-06-30
2005-06-14,7.701,2005-06-30
2005-06-15,7.6619,2005-06-30
2005-06-16,7.6663,2005-06-30
2005-06-17,7.527,2005-06-30
2005-06-20,7.6047,2005-06-30
2005-06-21,7.621,2005-06-30
2005-06-22,7.6708,2005-06-30
2005-06-23,7.7893,2005-06-30
2005-06-24,7.7652,2005-06-30
2005-06-27,7.7291,2005-06-30
2005-06-28,7.781,2005-06-30
2005-06-29,7.8114,2005-06-30
2005-06-30,7.8024,2005-06-30
2005-07-01,7.9218,2005-07-31
2005-07-05,7.9021,2005-07-31
2005-07-06,7.8774,2005-07-31
2005-07-07,7.8837,2005-07-31
2005-07-08,7.9145,2005-07-31
2005-07-11,7.8465,2005-07-31
2005-07-12,7.7225,2005-07-31
2005-07-13,7.7584,2005-07-31
2005-07-14,7.7762,2005-07-31
2005-07-15,7.8077,2005-07-31
2005-07-18,7.7829,2005-07-31
2005-07-19,7.8437,2005-07-31
2005-07-20,7.8461,2005-07-31
2005-07-21,7.807,2005-07-31
2005-07-22,7.8187,2005-07-31
2005-07-25,7.803,2005-07-31
2005-07-26,7.8618,2005-07-31
2005-07-27,7.8371,2005-07-31
2005-07-28,7.7526,2005-07-31
2005-07-29,7.7614,2005-07-31
2005-08-01,7.7058,2005-08-31
2005-08-02,7.6748,2005-08-31
2005-08-03,7.6073,2005-08-31
2005-08-04,7.5354,2005-08-31
2005-08-05,7.5716,2005-08-31
2005-08-08,7.557,2005-08-31
2005-08-09,7.567,2005-08-31
2005-08-10,7.5637,2005-08-31
2005-08-11,7.4762,2005-08-31
2005-08-12,7.4879,2005-08-31
2005-08-15,7.5165,2005-08-31
2005-08-16,7.5485,2005-08-31
2005-08-17,7.5935,2005-08-31
2005-08-18,7.6548,2005-08-31
2005-08-19,7.7121,2005-08-31
2005-08-22,7.6502,2005-08-31
2005-08-23,7.6475,2005-08-31
2005-08-24,7.6251,2005-08-31
2005-08-25,7.5806,2005-08-31
2005-08-26,7.5757,2005-08-31
2005-08-29,7.6241,2005-08-31
2005-08-30,7.6512,2005-08-31
2005-08-31,7.5599,2005-08-31
2005-09-01,7.4869,2005-09-30
2005-09-02,7.3936,2005-09-30
2005-09-06,7.448,2005-09-30
2005-09-07,7.4859,2005-09-30
2005-09-08,7.5163,2005-09-30
2005-09-09,7.4954,2005-09-30
2005-09-12,7.5615,2005-09-30
2005-09-13,7.6085,2005-09-30
2005-09-14,7.5869,2005-09-30
2005-09-15,7.6399,2005-09-30
2005-09-16,7.6509,2005-09-30
2005-09-19,7.683,2005-09-30
2005-09-20,7.6667,2005-09-30
2005-09-21,7.6468,2005-09-30
2005-09-22,7.6949,2005-09-30
2005-09-23,7.7628,2005-09-30
2005-09-26,7.7876,2005-09-30
2005-09-27,7.8136,2005-09-30
2005-09-28,7.8074,2005-09-30
2005-09-29,7.7639,2005-09-30
2005-09-30,7.729,2005-09-30
2005-10-03,7.8087,2005-10-31
2005-10-04,7.8054,2005-10-31
2005-10-05,7.7641,2005-10-31
2005-10-06,7.687,2005-10-31
2005-10-07,7.7048,2005-10-31
2005-10-11,7.7675,2005-10-31
2005-10-12,7.759,2005-10-31
2005-10-13,7.8836,2005-10-31
2005-10-14,7.8148,2005-10-31
2005-10-17,7.8574,2005-10-31
2005-10-18,7.9127,2005-10-31
2005-10-19,7.8818,2005-10-31
2005-10-20,7.9157,2005-10-31
2005-10-21,7.9695,2005-10-31
2005-10-24,7.9511,2005-10-31
2005-10-25,7.8476,2005-10-31
2005-10-26,7.865,2005-10-31
2005-10-27,7.8422,2005-10-31
2005-10-28,7.8794,2005-10-31
2005-10-31,7.9489,2005-10-31
2005-11-01,7.9958,2005-11-30
2005-11-02,7.9749,2005-11-30
2005-11-03,8.0252,2005-11-30
2005-11-04,8.1153,2005-11-30
2005-11-07,8.1391,2005-11-30
2005-11-08,8.1027,2005-11-30
2005-11-09,8.1609,2005-11-30
2005-11-10,8.1959,2005-11-30
2005-11-14,8.2037,2005-11-30
2005-11-15,8.2296,2005-11-30
2005-11-16,8.2434,2005-11-30
2005-11-17,8.2101,2005-11-30
2005-11-18,8.1667,2005-11-30
2005-11-21,8.1421,2005-11-30
2005-11-22,8.1248,2005-11-30
2005-11-23,8.054,2005-11-30
2005-11-25,8.0683,2005-11-30
2005-11-28,8.0139,2005-11-30
2005-11-29,8.0736,2005-11-30
2005-11-30,8.0733,2005-11-30
2005-12-01,8.1162,2005-12-31
2005-12-02,8.05,2005-12-31
2005-12-05,8.0071,2005-12-31
2005-12-06,7.9569,2005-12-31
2005-12-07,8.02,2005-12-31
2005-12-08,7.9729,2005-12-31
2005-12-09,7.9674,2005-12-31
2005-12-12,7.8748,2005-12-31
2005-12-13,7.9164,2005-12-31
2005-12-14,7.8323,2005-12-31
2005-12-15,7.9072,2005-12-31
2005-12-16,7.8679,2005-12-31
2005-12-19,7.8424,2005-12-31
2005-12-20,7.9606,2005-12-31
2005-12-21,7.9716,2005-12-31
2005-12-22,7.9618,2005-12-31
2005-12-23,7.9807,2005-12-31
2005-12-27,7.971,2005-12-31
2005-12-28,7.9226,2005-12-31
2005-12-29,7.9501,2005-12-31
2005-12-30,7.937,2005-12-31
2006-01-03,7.8097,2006-01-31
2006-01-04,7.7249,2006-01-31
2006-01-05,7.7092,2006-01-31
2006-01-06,7.6629,2006-01-31
2006-01-09,7.7165,2006-01-31
2006-01-10,7.7525,2006-01-31
2006-01-11,7.6956,2006-01-31
2006-01-12,7.7304,2006-01-31
2006-01-13,7.6967,2006-01-31
2006-01-17,7.7103,2006-01-31
2006-01-18,7.7155,2006-01-31
2006-01-19,7.7157,2006-01-31
2006-01-20,7.6893,2006-01-31
2006-01-23,7.5385,2006-01-31
2006-01-24,7.5429,2006-01-31
2006-01-25,7.5668,2006-01-31
2006-01-26,7.5645,2006-01-31
2006-01-27,7.6098,2006-01-31
2006-01-30,7.64,2006-01-31
2006-01-31,7.6029,2006-01-31
2006-02-01,7.6487,2006-02-28
2006-02-02,7.6718,2006-02-28
2006-02-03,7.7128,2006-02-28
2006-02-06,7.77,2006-02-28
2006-02-07,7.7684,2006-02-28
2006-02-08,7.768,2006-02-28
2006-02-09,7.7445,2006-02-28
2006-02-10,7.7873,2006-02-28
2006-02-13,7.8533,2006-02-28
2006-02-14,7.8439,2006-02-28
2006-02-15,7.8432,2006-02-28
2006-02-16,7.903,2006-02-28
2006-02-17,7.8654,2006-02-28
2006-02-21,7.8816,2006-02-28
2006-02-22,7.875,2006-02-28
2006-02-23,7.89,2006-02-28
2006-02-24,7.9213,2006-02-28
2006-02-27,7.9656,2006-02-28
2006-02-28,7.9154,2006-02-28
2006-03-01,7.9455,2006-03-31
2006-03-02,7.889,2006-03-31
2006-03-03,7.8605,2006-03-31
2006-03-06,7.8709,2006-03-31
2006-03-07,7.9604,2006-03-31
2006-03-08,7.9299,2006-03-31
2006-03-09,7.8913,2006-03-31
2006-03-10,7.8836,2006-03-31
2006-03-13,7.8531,2006-03-31
2006-03-14,7.796,2006-03-31
2006-03-15,7.7855,2006-03-31
2006-03-16,7.697,2006-03-31
2006-03-17,7.6491,2006-03-31
2006-03-20,7.6703,2006-03-31
2006-03-21,7.7559,2006-03-31
2006-03-22,7.7406,2006-03-31
2006-03-23,7.8028,2006-03-31
2006-03-24,7.773,2006-03-31
2006-03-27,7.7819,2006-03-31
2006-03-28,7.7599,2006-03-31
2006-03-29,7.8385,2006-03-31
2006-03-30,7.7509,2006-03-31
2006-03-31,7.7653,2006-03-31
2006-04-03,7.758,2006-04-30
2006-04-04,7.6444,2006-04-30
2006-04-05,7.6213,2006-04-30
2006-04-06,7.6323,2006-04-30
2006-04-07,7.7111,2006-04-30
2006-04-10,7.7476,2006-04-30
2006-04-11,7.6819,2006-04-30
2006-04-12,7.7091,2006-04-30
2006-04-13,7.6969,2006-04-30
2006-04-14,7.6934,2006-04-30
2006-04-17,7.579,2006-04-30
2006-04-18,7.5842,2006-04-30
2006-04-19,7.5257,2006-04-30
2006-04-20,7.5335,2006-04-30
2006-04-21,7.5575,2006-04-30
2006-04-24,7.55,2006-04-30
2006-04-25,7.5177,2006-04-30
2006-04-26,7.4795,2006-04-30
2006-04-27,7.4291,2006-04-30
2006-04-28,7.3579,2006-04-30
2006-05-01,7.361,2006-05-31
2006-05-02,7.3929,2006-05-31
2006-05-03,7.3632,2006-05-31
2006-05-04,7.3434,2006-05-31
2006-05-05,7.3156,2006-05-31
2006-05-08,7.321,2006-05-31
2006-05-09,7.3002,2006-05-31
2006-05-10,7.2867,2006-05-31
2006-05-11,7.2857,2006-05-31
2006-05-12,7.2632,2006-05-31
2006-05-15,7.3148,2006-05-31
2006-05-16,7.3308,2006-05-31
2006-05-17,7.3748,2006-05-31
2006-05-18,7.3134,2006-05-31
2006-05-19,7.3264,2006-05-31
2006-05-22,7.2656,2006-05-31
2006-05-23,7.256,2006-05-31
2006-05-24,7.3028,2006-05-31
2006-05-25,7.2847,2006-05-31
2006-05-26,7.2949,2006-05-31
2006-05-30,7.1975,2006-05-31
2006-05-31,7.2143,2006-05-31
2006-06-01,7.2139,2006-06-30
2006-06-02,7.1416,2006-06-30
2006-06-05,7.0917,2006-06-30
2006-06-06,7.1848,2006-06-30
2006-06-07,7.1917,2006-06-30
2006-06-08,7.306,2006-06-30
2006-06-09,7.2937,2006-06-30
2006-06-12,7.3298,2006-06-30
2006-06-13,7.3645,2006-06-30
2006-06-14,7.3351,2006-06-30
2006-06-15,7.3545,2006-06-30
2006-06-16,7.3446,2006-06-30
2006-06-19,7.3864,2006-06-30
2006-06-20,7.3371,2006-06-30
2006-06-21,7.2666,2006-06-30
2006-06-22,7.3363,2006-06-30
2006-06-23,7.3688,2006-06-30
2006-06-26,7.3378,2006-06-30
2006-06-27,7.3477,2006-06-30
2006-06-28,7.3679,2006-06-30
2006-06-29,7.3731,2006-06-30
2006-06-30,7.2135,2006-06-30
2006-07-03,7.1949,2006-07-31
2006-07-05,7.2146,2006-07-31
2006-07-06,7.1883,2006-07-31
2006-07-07,7.1401,2006-07-31
2006-07-10,7.1922,2006-07-31
2006-07-11,7.1824,2006-07-31
2006-07-12,7.2207,2006-07-31
2006-07-13,7.2498,2006-07-31
2006-07-14,7.2698,2006-07-31
2006-07-17,7.3709,2006-07-31
2006-07-18,7.4136,2006-07-31
2006-07-19,7.357,2006-07-31
2006-07-20,7.301,2006-07-31
2006-07-21,7.2883,2006-07-31
2006-07-24,7.3338,2006-07-31
2006-07-25,7.3529,2006-07-31
2006-07-26,7.328,2006-07-31
2006-07-27,7.2489,2006-07-31
2006-07-28,7.2453,2006-07-31
2006-07-31,7.2147,2006-07-31
2006-08-01,7.2085,2006-08-31
2006-08-02,7.1795,2006-08-31
2006-08-03,7.2061,2006-08-31
2006-08-04,7.1386,2006-08-31
2006-08-07,7.1388,2006-08-31
2006-08-08,7.1534,2006-08-31
2006-08-09,7.1194,2006-08-31
2006-08-10,7.2051,2006-08-31
2006-08-11,7.2161,2006-08-31
2006-08-14,7.2419,2006-08-31
2006-08-15,7.2095,2006-08-31
2006-08-16,7.1434,2006-08-31
2006-08-17,7.1414,2006-08-31
2006-08-18,7.1915,2006-08-31
2006-08-21,7.1226,2006-08-31
2006-08-22,7.1816,2006-08-31
2006-08-23,7.1833,2006-08-31
2006-08-24,7.2015,2006-08-31
2006-08-25,7.2448,2006-08-31
2006-08-28,7.2387,2006-08-31
2006-08-29,7.2302,2006-08-31
2006-08-30,7.2076,2006-08-31
2006-08-31,7.2428,2006-08-31
2006-09-01,7.2666,2006-09-30
2006-09-05,7.2601,2006-09-30
2006-09-06,7.2894,2006-09-30
2006-09-07,7.3242,2006-09-30
2006-09-08,7.345,2006-09-30
2006-09-11,7.3009,2006-09-30
2006-09-12,7.2867,2006-09-30
2006-09-13,7.2738,2006-09-30
2006-09-14,7.241,2006-09-30
2006-09-15,7.282,2006-09-30
2006-09-18,7.2541,2006-09-30
2006-09-19,7.2501,2006-09-30
2006-09-20,7.2632,2006-09-30
2006-09-21,7.2746,2006-09-30
2006-09-22,7.2411,2006-09-30
2006-09-25,7.3,2006-09-30
2006-09-26,7.3286,2006-09-30
2006-09-27,7.3028,2006-09-30
2006-09-28,7.2905,2006-09-30
2006-09-29,7.3127,2006-09-30
2006-10-02,7.3226,2006-10-31
2006-10-03,7.3251,2006-10-31
2006-10-04,7.3502,2006-10-31
2006-10-05,7.3072,2006-10-31
2006-10-06,7.3537,2006-10-31
2006-10-10,7.394,2006-10-31
2006-10-11,7.375,2006-10-31
2006-10-12,7.3918,2006-10-31
2006-10-13,7.42,2006-10-31
2006-10-16,7.3957,2006-10-31
2006-10-17,7.3662,2006-10-31
2006-10-18,7.3988,2006-10-31
2006-10-19,7.3429,2006-10-31
2006-10-20,7.3079,2006-10-31
2006-10-23,7.3382,2006-10-31
2006-10-24,7.322,2006-10-31
2006-10-25,7.3238,2006-10-31
2006-10-26,7.281,2006-10-31
2006-10-27,7.2421,2006-10-31
2006-10-30,7.24,2006-10-31
2006-10-31,7.2111,2006-10-31
2006-11-01,7.205,2006-11-30
2006-11-02,7.1945,2006-11-30
2006-11-03,7.2096,2006-11-30
2006-11-06,7.1954,2006-11-30
2006-11-07,7.1381,2006-11-30
2006-11-08,7.1451,2006-11-30
2006-11-09,7.0765,2006-11-30
2006-11-10,7.0647,2006-11-30
2006-11-13,7.0922,2006-11-30
2006-11-14,7.0704,2006-11-30
2006-11-15,7.0867,2006-11-30
2006-11-16,7.0709,2006-11-30
2006-11-17,7.0764,2006-11-30
2006-11-20,7.0928,2006-11-30
2006-11-21,7.1004,2006-11-30
2006-11-22,7.0201,2006-11-30
2006-11-24,6.9128,2006-11-30
2006-11-27,6.8906,2006-11-30
2006-11-28,6.8977,2006-11-30
2006-11-29,6.9131,2006-11-30
2006-11-30,6.8331,2006-11-30
2006-12-01,6.7674,2006-12-31
2006-12-04,6.7719,2006-12-31
2006-12-05,6.7883,2006-12-31
2006-12-06,6.8134,2006-12-31
2006-12-07,6.7951,2006-12-31
2006-12-08,6.8525,2006-12-31
2006-12-11,6.8617,2006-12-31
2006-12-12,6.8172,2006-12-31
2006-12-13,6.8475,2006-12-31
2006-12-14,6.8722,2006-12-31
2006-12-15,6.9058,2006-12-31
2006-12-18,6.9204,2006-12-31
2006-12-19,6.8297,2006-12-31
2006-12-20,6.8318,2006-12-31
2006-12-21,6.8066,2006-12-31
2006-12-22,6.8423,2006-12-31
2006-12-26,6.8725,2006-12-31
2006-12-27,6.8892,2006-12-31
2006-12-28,6.8755,2006-12-31
2006-12-29,6.8342,2006-12-31
2007-01-02,6.7818,2007-01-31
2007-01-03,6.8539,2007-01-31
2007-01-04,6.9335,2007-01-31
2007-01-05,6.9744,2007-01-31
2007-01-08,6.9972,2007-01-31
2007-01-09,7.0232,2007-01-31
2007-01-10,7.0542,2007-01-31
2007-01-11,7.0829,2007-01-31
2007-01-12,7.033,2007-01-31
2007-01-16,7.0117,2007-01-31
2007-01-17,7.0183,2007-01-31
2007-01-18,7.0442,2007-01-31
2007-01-19,7.0231,2007-01-31
2007-01-22,7.0368,2007-01-31
2007-01-23,6.9686,2007-01-31
2007-01-24,6.989,2007-01-31
2007-01-25,6.9935,2007-01-31
2007-01-26,7.0418,2007-01-31
2007-01-29,6.9933,2007-01-31
2007-01-30,6.972,2007-01-31
2007-01-31,6.9653,2007-01-31
2007-02-01,6.9436,2007-02-28
2007-02-02,6.9889,2007-02-28
2007-02-05,7.0564,2007-02-28
2007-02-06,7.0393,2007-02-28
2007-02-07,6.9993,2007-02-28
2007-02-08,6.9653,2007-02-28
2007-02-09,6.995,2007-02-28
2007-02-12,7.0409,2007-02-28
2007-02-13,7.0316,2007-02-28
2007-02-14,6.9595,2007-02-28
2007-02-15,7.031,2007-02-28
2007-02-16,7.0379,2007-02-28
2007-02-20,7.051,2007-02-28
2007-02-21,7.0839,2007-02-28
2007-02-22,7.0823,2007-02-28
2007-02-23,7.0572,2007-02-28
2007-02-26,7.0481,2007-02-28
2007-02-27,6.9711,2007-02-28
2007-02-28,6.998,2007-02-28
2007-03-01,7.0502,2007-03-31
2007-03-02,7.0407,2007-03-31
2007-03-05,7.106,2007-03-31
2007-03-06,7.0618,2007-03-31
2007-03-07,7.0432,2007-03-31
2007-03-08,7.0768,2007-03-31
2007-03-09,7.0928,2007-03-31
2007-03-12,7.0471,2007-03-31
2007-03-13,7.0311,2007-03-31
2007-03-14,7.0294,2007-03-31
2007-03-15,6.9889,2007-03-31
2007-03-16,6.9674,2007-03-31
2007-03-19,6.986,2007-03-31
2007-03-20,6.9862,2007-03-31
2007-03-21,6.985,2007-03-31
2007-03-22,6.9622,2007-03-31
2007-03-23,6.9821,2007-03-31
2007-03-26,6.9786,2007-03-31
2007-03-27,6.9776,2007-03-31
2007-03-28,7.0101,2007-03-31
2007-03-29,6.9898,2007-03-31
2007-03-30,6.9837,2007-03-31
2007-04-02,7.0057,2007-04-30
2007-04-03,7.0035,2007-04-30
2007-04-04,6.96,2007-04-30
2007-04-05,6.9073,2007-04-30
2007-04-06,6.9355,2007-04-30
2007-04-09,6.9452,2007-04-30
2007-04-10,6.9003,2007-04-30
2007-04-11,6.9027,2007-04-30
2007-04-12,6.8731,2007-04-30
2007-04-13,6.8735,2007-04-30
2007-04-16,6.7987,2007-04-30
2007-04-17,6.7873,2007-04-30
2007-04-18,6.7845,2007-04-30
2007-04-19,6.766,2007-04-30
2007-04-20,6.759,2007-04-30
2007-04-23,6.7681,2007-04-30
2007-04-24,6.7512,2007-04-30
2007-04-25,6.7149,2007-04-30
2007-04-26,6.7339,2007-04-30
2007-04-27,6.7119,2007-04-30
2007-04-30,6.6975,2007-04-30
2007-05-01,6.7123,2007-05-31
2007-05-02,6.7093,2007-05-31
2007-05-03,6.7323,2007-05-31
2007-05-04,6.7496,2007-05-31
2007-05-07,6.7306,2007-05-31
2007-05-08,6.7878,2007-05-31
2007-05-09,6.7976,2007-05-31
2007-05-10,6.8199,2007-05-31
2007-05-11,6.8309,2007-05-31
2007-05-14,6.8094,2007-05-31
2007-05-15,6.7539,2007-05-31
2007-05-16,6.8095,2007-05-31
2007-05-17,6.8377,2007-05-31
2007-05-18,6.8194,2007-05-31
2007-05-21,6.8519,2007-05-31
2007-05-22,6.8199,2007-05-31
2007-05-23,6.8231,2007-05-31
2007-05-24,6.8416,2007-05-31
2007-05-25,6.8346,2007-05-31
2007-05-29,6.8779,2007-05-31
2007-05-30,6.9376,2007-05-31
2007-05-31,6.9191,2007-05-31
2007-06-01,6.9293,2007-06-30
2007-06-04,6.9161,2007-06-30
2007-06-05,6.8872,2007-06-30
2007-06-06,6.9225,2007-06-30
2007-06-07,6.928,2007-06-30
2007-06-08,6.9992,2007-06-30
2007-06-11,6.9962,2007-06-30
2007-06-12,7.0644,2007-06-30
2007-06-13,7.0708,2007-06-30
2007-06-14,7.0794,2007-06-30
2007-06-15,7.0405,2007-06-30
2007-06-18,7.038,2007-06-30
2007-06-19,7.0116,2007-06-30
2007-06-20,6.8968,2007-06-30
2007-06-21,6.9052,2007-06-30
2007-06-22,6.8791,2007-06-30
2007-06-25,6.8768,2007-06-30
2007-06-26,6.8845,2007-06-30
2007-06-27,6.891,2007-06-30
2007-06-28,6.8555,2007-06-30
2007-06-29,6.8455,2007-06-30
2007-07-02,6.7934,2007-07-31
2007-07-03,6.7678,2007-07-31
2007-07-05,6.7394,2007-07-31
2007-07-06,6.7316,2007-07-31
2007-07-09,6.7468,2007-07-31
2007-07-10,6.6919,2007-07-31
2007-07-11,6.6634,2007-07-31
2007-07-12,6.6416,2007-07-31
2007-07-13,6.6331,2007-07-31
2007-07-16,6.637,2007-07-31
2007-07-17,6.6519,2007-07-31
2007-07-18,6.6468,2007-07-31
2007-07-19,6.6413,2007-07-31
2007-07-20,6.6263,2007-07-31
2007-07-23,6.6526,2007-07-31
2007-07-24,6.657,2007-07-31
2007-07-25,6.7223,2007-07-31
2007-07-26,6.7333,2007-07-31
2007-07-27,6.7417,2007-07-31
2007-07-30,6.7249,2007-07-31
2007-07-31,6.7147,2007-07-31
2007-08-01,6.7607,2007-08-31
2007-08-02,6.7344,2007-08-31
2007-08-03,6.6979,2007-08-31
2007-08-06,6.695,2007-08-31
2007-08-07,6.727,2007-08-31
2007-08-08,6.6954,2007-08-31
2007-08-09,6.7548,2007-08-31
2007-08-10,6.7744,2007-08-31
2007-08-13,6.8409,2007-08-31
2007-08-14,6.8653,2007-08-31
2007-08-15,6.9495,2007-08-31
2007-08-16,6.998,2007-08-31
2007-08-17,6.9111,2007-08-31
2007-08-20,6.9417,2007-08-31
2007-08-21,6.9626,2007-08-31
2007-08-22,6.9261,2007-08-31
2007-08-23,6.9147,2007-08-31
2007-08-24,6.8671,2007-08-31
2007-08-27,6.8675,2007-08-31
2007-08-28,6.8894,2007-08-31
2007-08-29,6.8584,2007-08-31
2007-08-30,6.8724,2007-08-31
2007-08-31,6.8822,2007-08-31
2007-09-03,6.8822,2007-09-30
2007-09-04,6.8946,2007-09-30
2007-09-05,6.8662,2007-09-30
2007-09-06,6.8188,2007-09-30
2007-09-07,6.7865,2007-09-30
2007-09-10,6.7768,2007-09-30
2007-09-11,6.7414,2007-09-30
2007-09-12,6.6684,2007-09-30
2007-09-13,6.666,2007-09-30
2007-09-14,6.696,2007-09-30
2007-09-17,6.6935,2007-09-30
2007-09-18,6.6884,2007-09-30
2007-09-19,6.6251,2007-09-30
2007-09-20,6.5347,2007-09-30
2007-09-21,6.5284,2007-09-30
2007-09-24,6.5133,2007-09-30
2007-09-25,6.5151,2007-09-30
2007-09-26,6.535,2007-09-30
2007-09-27,6.5211,2007-09-30
2007-09-28,6.4745,2007-09-30
2007-10-01,6.447,2007-10-31
2007-10-02,6.5023,2007-10-31
2007-10-03,6.4982,2007-10-31
2007-10-04,6.5118,2007-10-31
2007-10-05,6.4713,2007-10-31
2007-10-08,6.4713,2007-10-31
2007-10-09,6.4976,2007-10-31
2007-10-10,6.4517,2007-10-31
2007-10-11,6.4025,2007-10-31
2007-10-12,6.4243,2007-10-31
2007-10-15,6.4107,2007-10-31
2007-10-16,6.4607,2007-10-31
2007-10-17,6.446,2007-10-31
2007-10-18,6.4132,2007-10-31
2007-10-19,6.428,2007-10-31
2007-10-22,6.5156,2007-10-31
2007-10-23,6.4515,2007-10-31
2007-10-24,6.4792,2007-10-31
2007-10-25,6.4345,2007-10-31
2007-10-26,6.3817,2007-10-31
2007-10-29,6.3836,2007-10-31
2007-10-30,6.3654,2007-10-31
2007-10-31,6.3608,2007-10-31
2007-11-01,6.4111,2007-11-30
2007-11-02,6.4015,2007-11-30
2007-11-05,6.407,2007-11-30
2007-11-06,6.3523,2007-11-30
2007-11-07,6.2989,2007-11-30
2007-11-08,6.2978,2007-11-30
2007-11-09,6.326,2007-11-30
2007-11-13,6.3451,2007-11-30
2007-11-14,6.2813,2007-11-30
2007-11-15,6.31,2007-11-30
2007-11-16,6.3244,2007-11-30
2007-11-19,6.3258,2007-11-30
2007-11-20,6.2809,2007-11-30
2007-11-21,6.2921,2007-11-30
2007-11-22,6.2921,2007-11-30
2007-11-23,6.2701,2007-11-30
2007-11-26,6.2356,2007-11-30
2007-11-27,6.2915,2007-11-30
2007-11-28,6.334,2007-11-30
2007-11-29,6.3503,2007-11-30
2007-11-30,6.3806,2007-11-30
2007-12-03,6.4022,2007-12-31
2007-12-04,6.3636,2007-12-31
2007-12-05,6.405,2007-12-31
2007-12-06,6.4169,2007-12-31
2007-12-07,6.3984,2007-12-31
2007-12-10,6.3889,2007-12-31
2007-12-11,6.3991,2007-12-31
2007-12-12,6.4069,2007-12-31
2007-12-13,6.4681,2007-12-31
2007-12-14,6.5069,2007-12-31
2007-12-17,6.5705,2007-12-31
2007-12-18,6.5681,2007-12-31
2007-12-19,6.6089,2007-12-31
2007-12-20,6.584,2007-12-31
2007-12-21,6.5911,2007-12-31
2007-12-24,6.5808,2007-12-31
2007-12-26,6.5187,2007-12-31
2007-12-27,6.4854,2007-12-31
2007-12-28,6.4086,2007-12-31
2007-12-31,6.4568,2007-12-31
2008-01-02,6.3966,2008-01-31
2008-01-03,6.3547,2008-01-31
2008-01-04,6.3352,2008-01-31
2008-01-07,6.3821,2008-01-31
2008-01-08,6.3752,2008-01-31
2008-01-09,6.421,2008-01-31
2008-01-10,6.3521,2008-01-31
2008-01-11,6.3435,2008-01-31
2008-01-14,6.308,2008-01-31
2008-01-15,6.3341,2008-01-31
2008-01-16,6.4398,2008-01-31
2008-01-17,6.4161,2008-01-31
2008-01-18,6.4475,2008-01-31
2008-01-22,6.5015,2008-01-31
2008-01-23,6.5289,2008-01-31
2008-01-24,6.4207,2008-01-31
2008-01-25,6.4562,2008-01-31
2008-01-28,6.3968,2008-01-31
2008-01-29,6.396,2008-01-31
2008-01-30,6.3714,2008-01-31
2008-01-31,6.3758,2008-01-31
2008-02-01,6.3512,2008-02-29
2008-02-04,6.3268,2008-02-29
2008-02-05,6.4433,2008-02-29
2008-02-06,6.4218,2008-02-29
2008-02-07,6.5116,2008-02-29
2008-02-08,6.4903,2008-02-29
2008-02-11,6.5012,2008-02-29
2008-02-12,6.4343,2008-02-29
2008-02-13,6.4116,2008-02-29
2008-02-14,6.3771,2008-02-29
2008-02-15,6.3418,2008-02-29
2008-02-19,6.3093,2008-02-29
2008-02-20,6.3517,2008-02-29
2008-02-21,6.285,2008-02-29
2008-02-22,6.2909,2008-02-29
2008-02-25,6.2909,2008-02-29
2008-02-26,6.2503,2008-02-29
2008-02-27,6.1643,2008-02-29
2008-02-28,6.1741,2008-02-29
2008-02-29,6.1716,2008-02-29
2008-03-03,6.1562,2008-03-31
2008-03-04,6.1598,2008-03-31
2008-03-05,6.1232,2008-03-31
2008-03-06,6.102,2008-03-31
2008-03-07,6.1337,2008-03-31
2008-03-10,6.1191,2008-03-31
2008-03-11,6.1279,2008-03-31
2008-03-12,6.0762,2008-03-31
2008-03-13,6.0559,2008-03-31
2008-03-14,6.0541,2008-03-31
2008-03-17,6.0058,2008-03-31
2008-03-18,5.9863,2008-03-31
2008-03-19,6.0065,2008-03-31
2008-03-20,6.1176,2008-03-31
2008-03-21,6.098,2008-03-31
2008-03-24,6.1328,2008-03-31
2008-03-25,6.0231,2008-03-31
2008-03-26,5.9696,2008-03-31
2008-03-27,5.9498,2008-03-31
2008-03-28,5.954,2008-03-31
2008-03-31,5.936,2008-03-31
2008-04-01,6.0079,2008-04-30
2008-04-02,5.992,2008-04-30
2008-04-03,5.9678,2008-04-30
2008-04-04,5.9543,2008-04-30
2008-04-07,5.957,2008-04-30
2008-04-08,5.961,2008-04-30
2008-04-09,5.9338,2008-04-30
2008-04-10,5.962,2008-04-30
2008-04-11,5.9586,2008-04-30
2008-04-14,5.94,2008-04-30
2008-04-15,5.9512,2008-04-30
2008-04-16,5.8751,2008-04-30
2008-04-17,5.9066,2008-04-30
2008-04-18,5.9732,2008-04-30
2008-04-21,5.8976,2008-04-30
2008-04-22,5.8346,2008-04-30
2008-04-23,5.873,2008-04-30
2008-04-24,5.946,2008-04-30
2008-04-25,5.9758,2008-04-30
2008-04-28,5.9758,2008-04-30
2008-04-29,5.9991,2008-04-30
2008-04-30,5.991,2008-04-30
2008-05-01,6.0513,2008-05-31
2008-05-02,6.0685,2008-05-31
2008-05-05,6.0386,2008-05-31
2008-05-06,6.0022,2008-05-31
2008-05-07,6.0595,2008-05-31
2008-05-08,6.0295,2008-05-31
2008-05-09,6.0035,2008-05-31
2008-05-12,5.9753,2008-05-31
2008-05-13,5.9924,2008-05-31
2008-05-14,6.0158,2008-05-31
2008-05-15,6.0302,2008-05-31
2008-05-16,5.9696,2008-05-31
2008-05-19,5.9827,2008-05-31
2008-05-20,5.9288,2008-05-31
2008-05-21,5.9094,2008-05-31
2008-05-22,5.9313,2008-05-31
2008-05-23,5.8934,2008-05-31
2008-05-27,5.9096,2008-05-31
2008-05-28,5.9784,2008-05-31
2008-05-29,5.9965,2008-05-31
2008-05-30,5.9959,2008-05-31
2008-06-02,6.026,2008-06-30
2008-06-03,6.0382,2008-06-30
2008-06-04,6.0405,2008-06-30
2008-06-05,5.9867,2008-06-30
2008-06-06,5.9242,2008-06-30
2008-06-09,5.947,2008-06-30
2008-06-10,6.0457,2008-06-30
2008-06-11,6.0168,2008-06-30
2008-06-12,6.088,2008-06-30
2008-06-13,6.0954,2008-06-30
2008-06-16,6.0387,2008-06-30
2008-06-17,6.03,2008-06-30
2008-06-18,6.0506,2008-06-30
2008-06-19,6.0588,2008-06-30
2008-06-20,6.0162,2008-06-30
2008-06-23,6.0654,2008-06-30
2008-06-24,6.0363,2008-06-30
2008-06-25,6.0393,2008-06-30
2008-06-26,5.9777,2008-06-30
2008-06-27,5.9813,2008-06-30
2008-06-30,6.0208,2008-06-30
2008-07-01,5.9874,2008-07-31
2008-07-02,5.969,2008-07-31
2008-07-03,5.9876,2008-07-31
2008-07-07,6.0087,2008-07-31
2008-07-08,6.028,2008-07-31
2008-07-09,6.0026,2008-07-31
2008-07-10,5.9991,2008-07-31
2008-07-11,5.956,2008-07-31
2008-07-14,5.96,2008-07-31
2008-07-15,5.9611,2008-07-31
2008-07-16,6.0066,2008-07-31
2008-07-17,5.9636,2008-07-31
2008-07-18,5.9584,2008-07-31
2008-07-21,5.9532,2008-07-31
2008-07-22,5.9905,2008-07-31
2008-07-23,6.0233,2008-07-31
2008-07-24,6.04,2008-07-31
2008-07-25,6.0375,2008-07-31
2008-07-28,6.0056,2008-07-31
2008-07-29,6.0793,2008-07-31
2008-07-30,6.0615,2008-07-31
2008-07-31,6.0532,2008-07-31
2008-08-01,6.078,2008-08-31
2008-08-04,6.0757,2008-08-31
2008-08-05,6.1048,2008-08-31
2008-08-06,6.109,2008-08-31
2008-08-07,6.1147,2008-08-31
2008-08-08,6.2419,2008-08-31
2008-08-11,6.279,2008-08-31
2008-08-12,6.2987,2008-08-31
2008-08-13,6.2883,2008-08-31
2008-08-14,6.303,2008-08-31
2008-08-15,6.3661,2008-08-31
2008-08-18,6.3458,2008-08-31
2008-08-19,6.3784,2008-08-31
2008-08-20,6.387,2008-08-31
2008-08-21,6.2983,2008-08-31
2008-08-22,6.32,2008-08-31
2008-08-25,6.3244,2008-08-31
2008-08-26,6.3914,2008-08-31
2008-08-27,6.408,2008-08-31
2008-08-28,6.4212,2008-08-31
2008-08-29,6.4399,2008-08-31
2008-09-02,6.5066,2008-09-30
2008-09-03,6.54,2008-09-30
2008-09-04,6.5897,2008-09-30
2008-09-05,6.6271,2008-09-30
2008-09-08,6.7067,2008-09-30
2008-09-09,6.7109,2008-09-30
2008-09-10,6.7817,2008-09-30
2008-09-11,6.8395,2008-09-30
2008-09-12,6.7162,2008-09-30
2008-09-15,6.7555,2008-09-30
2008-09-16,6.7932,2008-09-30
2008-09-17,6.818,2008-09-30
2008-09-18,6.6796,2008-09-30
2008-09-19,6.6435,2008-09-30
2008-09-22,6.5123,2008-09-30
2008-09-23,6.5391,2008-09-30
2008-09-24,6.6,2008-09-30
2008-09-25,6.5897,2008-09-30
2008-09-26,6.635,2008-09-30
2008-09-29,6.7837,2008-09-30
2008-09-30,6.9459,2008-09-30
2008-10-01,6.9107,2008-10-31
2008-10-02,7.0058,2008-10-31
2008-10-03,7.0341,2008-10-31
2008-10-06,7.2172,2008-10-31
2008-10-07,7.0776,2008-10-31
2008-10-08,7.0807,2008-10-31
2008-10-09,7.0828,2008-10-31
2008-10-10,7.1693,2008-10-31
2008-10-14,7.1399,2008-10-31
2008-10-15,7.341,2008-10-31
2008-10-16,7.4486,2008-10-31
2008-10-17,7.398,2008-10-31
2008-10-20,7.4801,2008-10-31
2008-10-21,7.6665,2008-10-31
2008-10-22,7.8291,2008-10-31
2008-10-23,7.7268,2008-10-31
2008-10-24,7.8615,2008-10-31
2008-10-27,8.0805,2008-10-31
2008-10-28,8.0404,2008-10-31
2008-10-29,7.6814,2008-10-31
2008-10-30,7.7044,2008-10-31
2008-10-31,7.7816,2008-10-31
2008-11-03,7.74,2008-11-30
2008-11-04,7.5957,2008-11-30
2008-11-05,7.6839,2008-11-30
2008-11-06,7.8598,2008-11-30
2008-11-07,7.8538,2008-11-30
2008-11-10,7.8183,2008-11-30
2008-11-12,8.0426,2008-11-30
2008-11-13,8.0239,2008-11-30
2008-11-14,7.8552,2008-11-30
2008-11-17,7.9335,2008-11-30
2008-11-18,7.9931,2008-11-30
2008-11-19,8.1123,2008-11-30
2008-11-20,8.2498,2008-11-30
2008-11-21,8.438,2008-11-30
2008-11-24,8.045,2008-11-30
2008-11-25,7.861,2008-11-30
2008-11-26,8.075,2008-11-30
2008-11-28,8.1199,2008-11-30
2008-12-01,8.2834,2008-12-31
2008-12-02,8.1561,2008-12-31
2008-12-03,8.1945,2008-12-31
2008-12-04,8.1949,2008-12-31
2008-12-05,8.4858,2008-12-31
2008-12-08,8.0502,2008-12-31
2008-12-09,8.1599,2008-12-31
2008-12-10,8.1049,2008-12-31
2008-12-11,7.9622,2008-12-31
2008-12-12,8.0778,2008-12-31
2008-12-15,8.0302,2008-12-31
2008-12-16,8.0933,2008-12-31
2008-12-17,7.6754,2008-12-31
2008-12-18,7.68,2008-12-31
2008-12-19,7.8465,2008-12-31
2008-12-22,7.8612,2008-12-31
2008-12-23,7.9736,2008-12-31
2008-12-24,8.0357,2008-12-31
2008-12-26,8.0072,2008-12-31
2008-12-29,7.7354,2008-12-31
2008-12-30,7.7875,2008-12-31
2008-12-31,7.877,2008-12-31
2009-01-02,7.7836,2009-01-31
2009-01-05,7.9217,2009-01-31
2009-01-06,7.8715,2009-01-31
2009-01-07,7.7658,2009-01-31
2009-01-08,7.8404,2009-01-31
2009-01-09,7.9293,2009-01-31
2009-01-12,8.0622,2009-01-31
2009-01-13,8.2419,2009-01-31
2009-01-14,8.3951,2009-01-31
2009-01-15,8.3587,2009-01-31
2009-01-16,8.201,2009-01-31
2009-01-20,8.3929,2009-01-31
2009-01-21,8.3394,2009-01-31
2009-01-22,8.2329,2009-01-31
2009-01-23,8.2494,2009-01-31
2009-01-26,7.9832,2009-01-31
2009-01-27,8.0804,2009-01-31
2009-01-28,7.954,2009-01-31
2009-01-29,8.1204,2009-01-31
2009-01-30,8.3647,2009-01-31
2009-02-02,8.3831,2009-02-28
2009-02-03,8.2575,2009-02-28
2009-02-04,8.2768,2009-02-28
2009-02-05,8.2685,2009-02-28
2009-02-06,8.1745,2009-02-28
2009-02-09,7.9905,2009-02-28
2009-02-10,8.1988,2009-02-28
2009-02-11,8.3834,2009-02-28
2009-02-12,8.43,2009-02-28
2009-02-13,8.35,2009-02-28
2009-02-17,8.8196,2009-02-28
2009-02-18,8.7568,2009-02-28
2009-02-19,8.727,2009-02-28
2009-02-20,8.8018,2009-02-28
2009-02-23,8.7602,2009-02-28
2009-02-24,8.922,2009-02-28
2009-02-25,8.9177,2009-02-28
2009-02-26,8.923,2009-02-28
2009-02-27,9.024,2009-02-28
2009-03-02,9.1955,2009-03-31
2009-03-03,9.273,2009-03-31
2009-03-04,9.0759,2009-03-31
2009-03-05,9.2863,2009-03-31
2009-03-06,9.2012,2009-03-31
2009-03-09,9.11,2009-03-31
2009-03-10,8.8852,2009-03-31
2009-03-11,8.7906,2009-03-31
2009-03-12,8.7407,2009-03-31
2009-03-13,8.6372,2009-03-31
2009-03-16,8.4445,2009-03-31
2009-03-17,8.5039,2009-03-31
2009-03-18,8.3778,2009-03-31
2009-03-19,7.9558,2009-03-31
2009-03-20,8.1644,2009-03-31
2009-03-23,8.047,2009-03-31
2009-03-24,8.0927,2009-03-31
2009-03-25,8.07,2009-03-31
2009-03-26,8.0113,2009-03-31
2009-03-27,8.1513,2009-03-31
2009-03-30,8.3327,2009-03-31
2009-03-31,8.2522,2009-03-31
2009-04-01,8.2182,2009-04-30
2009-04-02,8.0222,2009-04-30
2009-04-03,7.9945,2009-04-30
2009-04-06,8.0541,2009-04-30
2009-04-07,8.169,2009-04-30
2009-04-08,8.2267,2009-04-30
2009-04-09,8.3114,2009-04-30
2009-04-10,8.271,2009-04-30
2009-04-13,8.1683,2009-04-30
2009-04-14,8.1536,2009-04-30
2009-04-15,8.309,2009-04-30
2009-04-16,8.308,2009-04-30
2009-04-17,8.4525,2009-04-30
2009-04-20,8.6763,2009-04-30
2009-04-21,8.5214,2009-04-30
2009-04-22,8.4171,2009-04-30
2009-04-23,8.3676,2009-04-30
2009-04-24,8.083,2009-04-30
2009-04-27,8.1212,2009-04-30
2009-04-28,8.2068,2009-04-30
2009-04-29,8.0143,2009-04-30
2009-04-30,7.9882,2009-04-30
2009-05-01,8.0405,2009-05-31
2009-05-04,7.9155,2009-05-31
2009-05-05,7.9285,2009-05-31
2009-05-06,7.9318,2009-05-31
2009-05-07,7.8438,2009-05-31
2009-05-08,7.7426,2009-05-31
2009-05-11,7.7638,2009-05-31
2009-05-12,7.8138,2009-05-31
2009-05-13,7.8751,2009-05-31
2009-05-14,7.8492,2009-05-31
2009-05-15,7.8593,2009-05-31
2009-05-18,7.7879,2009-05-31
2009-05-19,7.6954,2009-05-31
2009-05-20,7.5764,2009-05-31
2009-05-21,7.58,2009-05-31
2009-05-22,7.4613,2009-05-31
2009-05-26,7.56,2009-05-31
2009-05-27,7.651,2009-05-31
2009-05-28,7.7053,2009-05-31
2009-05-29,7.6222,2009-05-31
2009-06-01,7.3909,2009-06-30
2009-06-02,7.5082,2009-06-30
2009-06-03,7.6554,2009-06-30
2009-06-04,7.645,2009-06-30
2009-06-05,7.7682,2009-06-30
2009-06-08,7.8522,2009-06-30
2009-06-09,7.7081,2009-06-30
2009-06-10,7.6875,2009-06-30
2009-06-11,7.653,2009-06-30
2009-06-12,7.6455,2009-06-30
2009-06-15,7.8927,2009-06-30
2009-06-16,7.8283,2009-06-30
2009-06-17,7.9365,2009-06-30
2009-06-18,7.8621,2009-06-30
2009-06-19,7.852,2009-06-30
2009-06-22,8.0137,2009-06-30
2009-06-23,7.9354,2009-06-30
2009-06-24,7.847,2009-06-30
2009-06-25,7.9478,2009-06-30
2009-06-26,7.7879,2009-06-30
2009-06-29,7.7293,2009-06-30
2009-06-30,7.7282,2009-06-30
2009-07-01,7.5568,2009-07-31
2009-07-02,7.7574,2009-07-31
2009-07-03,7.7717,2009-07-31
2009-07-06,7.8508,2009-07-31
2009-07-07,7.8957,2009-07-31
2009-07-08,8.001,2009-07-31
2009-07-09,7.846,2009-07-31
2009-07-10,7.9575,2009-07-31
2009-07-13,7.898,2009-07-31
2009-07-14,7.8795,2009-07-31
2009-07-15,7.7686,2009-07-31
2009-07-16,7.8092,2009-07-31
2009-07-17,7.8307,2009-07-31
2009-07-20,7.7651,2009-07-31
2009-07-21,7.6527,2009-07-31
2009-07-22,7.602,2009-07-31
2009-07-23,7.4414,2009-07-31
2009-07-24,7.4597,2009-07-31
2009-07-27,7.4307,2009-07-31
2009-07-28,7.4328,2009-07-31
2009-07-29,7.5021,2009-07-31
2009-07-30,7.4131,2009-07-31
2009-07-31,7.2171,2009-07-31
2009-08-03,7.0895,2009-08-31
2009-08-04,7.1522,2009-08-31
2009-08-05,7.1521,2009-08-31
2009-08-06,7.1478,2009-08-31
2009-08-07,7.1771,2009-08-31
2009-08-10,7.258,2009-08-31
2009-08-11,7.3336,2009-08-31
2009-08-12,7.1957,2009-08-31
2009-08-13,7.1441,2009-08-31
2009-08-14,7.1899,2009-08-31
2009-08-17,7.2829,2009-08-31
2009-08-18,7.2798,2009-08-31
2009-08-19,7.1776,2009-08-31
2009-08-20,7.1599,2009-08-31
2009-08-21,7.0257,2009-08-31
2009-08-24,7.0353,2009-08-31
2009-08-25,7.0303,2009-08-31
2009-08-26,7.1331,2009-08-31
2009-08-27,7.1411,2009-08-31
2009-08-28,7.0634,2009-08-31
2009-08-31,7.1105,2009-08-31
2009-09-01,7.247,2009-09-30
2009-09-02,7.2175,2009-09-30
2009-09-03,7.2209,2009-09-30
2009-09-04,7.1847,2009-09-30
2009-09-08,7.0361,2009-09-30
2009-09-09,7.0019,2009-09-30
2009-09-10,7.0359,2009-09-30
2009-09-11,6.999,2009-09-30
2009-09-14,7.0006,2009-09-30
2009-09-15,6.98,2009-09-30
2009-09-16,6.8865,2009-09-30
2009-09-17,6.8629,2009-09-30
2009-09-18,6.8657,2009-09-30
2009-09-21,6.9102,2009-09-30
2009-09-22,6.8049,2009-09-30
2009-09-23,6.844,2009-09-30
2009-09-24,6.8983,2009-09-30
2009-09-25,6.9364,2009-09-30
2009-09-28,6.9445,2009-09-30
2009-09-29,7.0238,2009-09-30
2009-09-30,6.9751,2009-09-30
2009-10-01,7.0413,2009-10-31
2009-10-02,7.0376,2009-10-31
2009-10-05,7.0424,2009-10-31
2009-10-06,6.9284,2009-10-31
2009-10-07,7.0324,2009-10-31
2009-10-08,6.9569,2009-10-31
2009-10-09,7.0129,2009-10-31
2009-10-13,6.9718,2009-10-31
2009-10-14,6.9198,2009-10-31
2009-10-15,6.9211,2009-10-31
2009-10-16,6.9708,2009-10-31
2009-10-19,6.9316,2009-10-31
2009-10-20,6.9653,2009-10-31
2009-10-21,6.8283,2009-10-31
2009-10-22,6.85,2009-10-31
2009-10-23,6.7908,2009-10-31
2009-10-26,6.8213,2009-10-31
2009-10-27,6.9552,2009-10-31
2009-10-28,7.0426,2009-10-31
2009-10-29,6.9834,2009-10-31
2009-10-30,7.0508,2009-10-31
2009-11-02,6.9971,2009-11-30
2009-11-03,7.136,2009-11-30
2009-11-04,7.0337,2009-11-30
2009-11-05,7.0082,2009-11-30
2009-11-06,7.0057,2009-11-30
2009-11-09,6.8494,2009-11-30
2009-11-10,6.8445,2009-11-30
2009-11-12,6.8911,2009-11-30
2009-11-13,6.8414,2009-11-30
2009-11-16,6.795,2009-11-30
2009-11-17,6.8955,2009-11-30
2009-11-18,6.8181,2009-11-30
2009-11-19,6.8934,2009-11-30
2009-11-20,6.9339,2009-11-30
2009-11-23,6.8805,2009-11-30
2009-11-24,6.9468,2009-11-30
2009-11-25,6.8755,2009-11-30
2009-11-27,6.9699,2009-11-30
2009-11-30,6.9919,2009-11-30
2009-12-01,6.9053,2009-12-31
2009-12-02,6.8723,2009-12-31
2009-12-03,6.8419,2009-12-31
2009-12-04,6.9687,2009-12-31
2009-12-07,7.0461,2009-12-31
2009-12-08,7.1127,2009-12-31
2009-12-09,7.1179,2009-12-31
2009-12-10,7.0942,2009-12-31
2009-12-11,7.1362,2009-12-31
2009-12-14,7.1005,2009-12-31
2009-12-15,7.1829,2009-12-31
2009-12-16,7.1623,2009-12-31
2009-12-17,7.3008,2009-12-31
2009-12-18,7.2923,2009-12-31
2009-12-21,7.2702,2009-12-31
2009-12-22,7.3322,2009-12-31
2009-12-23,7.2793,2009-12-31
2009-12-24,7.2892,2009-12-31
2009-12-28,7.2141,2009-12-31
2009-12-29,7.201,2009-12-31
2009-12-30,7.171,2009-12-31
2009-12-31,7.1532,2009-12-31
2010-01-04,7.0633,2010-01-31
2010-01-05,7.0919,2010-01-31
2010-01-06,7.0744,2010-01-31
2010-01-07,7.1251,2010-01-31
2010-01-08,7.1185,2010-01-31
2010-01-11,7.0242,2010-01-31
2010-01-12,7.0409,2010-01-31
2010-01-13,7.0453,2010-01-31
2010-01-14,7.0217,2010-01-31
2010-01-15,7.0611,2010-01-31
2010-01-19,7.0926,2010-01-31
2010-01-20,7.1896,2010-01-31
2010-01-21,7.2175,2010-01-31
2010-01-22,7.2227,2010-01-31
2010-01-25,7.2387,2010-01-31
2010-01-26,7.3075,2010-01-31
2010-01-27,7.2952,2010-01-31
2010-01-28,7.2992,2010-01-31
2010-01-29,7.3852,2010-01-31
2010-02-01,7.2766,2010-02-28
2010-02-02,7.2426,2010-02-28
2010-02-03,7.267,2010-02-28
2010-02-04,7.3958,2010-02-28
2010-02-05,7.4777,2010-02-28
2010-02-08,7.402,2010-02-28
2010-02-09,7.328,2010-02-28
2010-02-10,7.3148,2010-02-28
2010-02-11,7.2718,2010-02-28
2010-02-12,7.2563,2010-02-28
2010-02-16,7.1868,2010-02-28
2010-02-17,7.2038,2010-02-28
2010-02-18,7.2189,2010-02-28
2010-02-19,7.2483,2010-02-28
2010-02-22,7.2035,2010-02-28
2010-02-23,7.2477,2010-02-28
2010-02-24,7.2038,2010-02-28
2010-02-25,7.2505,2010-02-28
2010-02-26,7.101,2010-02-28
2010-03-01,7.2029,2010-03-31
2010-03-02,7.183,2010-03-31
2010-03-03,7.1208,2010-03-31
2010-03-04,7.1651,2010-03-31
2010-03-05,7.1213,2010-03-31
2010-03-08,7.1164,2010-03-31
2010-03-09,7.1461,2010-03-31
2010-03-10,7.1204,2010-03-31
2010-03-11,7.1125,2010-03-31
2010-03-12,7.0597,2010-03-31
2010-03-15,7.131,2010-03-31
2010-03-16,7.0615,2010-03-31
2010-03-17,7.072,2010-03-31
2010-03-18,7.1427,2010-03-31
2010-03-19,7.1579,2010-03-31
2010-03-22,7.2042,2010-03-31
2010-03-23,7.1703,2010-03-31
2010-03-24,7.2628,2010-03-31
2010-03-25,7.2201,2010-03-31
2010-03-26,7.2525,2010-03-31
2010-03-29,7.2511,2010-03-31
2010-03-30,7.2712,2010-03-31
2010-03-31,7.2028,2010-03-31
2010-04-01,7.1672,2010-04-30
2010-04-02,7.191,2010-04-30
2010-04-05,7.1714,2010-04-30
2010-04-06,7.2249,2010-04-30
2010-04-07,7.232,2010-04-30
2010-04-08,7.237,2010-04-30
2010-04-09,7.211,2010-04-30
2010-04-12,7.1872,2010-04-30
2010-04-13,7.1656,2010-04-30
2010-04-14,7.1175,2010-04-30
2010-04-15,7.1539,2010-04-30
2010-04-16,7.1909,2010-04-30
2010-04-19,7.1902,2010-04-30
2010-04-20,7.1465,2010-04-30
2010-04-21,7.1848,2010-04-30
2010-04-22,7.2422,2010-04-30
2010-04-23,7.1778,2010-04-30
2010-04-26,7.168,2010-04-30
2010-04-27,7.2664,2010-04-30
2010-04-28,7.342,2010-04-30
2010-04-29,7.2528,2010-04-30
2010-04-30,7.2359,2010-04-30
2010-05-03,7.2807,2010-05-31
2010-05-04,7.385,2010-05-31
2010-05-05,7.4891,2010-05-31
2010-05-06,7.6822,2010-05-31
2010-05-07,7.6913,2010-05-31
2010-05-10,7.4981,2010-05-31
2010-05-11,7.5814,2010-05-31
2010-05-12,7.5594,2010-05-31
2010-05-13,7.602,2010-05-31
2010-05-14,7.7468,2010-05-31
2010-05-17,7.8035,2010-05-31
2010-05-18,7.745,2010-05-31
2010-05-19,7.8712,2010-05-31
2010-05-20,7.9583,2010-05-31
2010-05-21,7.7984,2010-05-31
2010-05-24,7.8262,2010-05-31
2010-05-25,7.9904,2010-05-31
2010-05-26,7.9419,2010-05-31
2010-05-27,7.8392,2010-05-31
2010-05-28,7.7942,2010-05-31
2010-06-01,7.8104,2010-06-30
2010-06-02,7.826,2010-06-30
2010-06-03,7.8258,2010-06-30
2010-06-04,7.9977,2010-06-30
2010-06-07,8.0593,2010-06-30
2010-06-08,8.0499,2010-06-30
2010-06-09,7.9652,2010-06-30
2010-06-10,7.8925,2010-06-30
2010-06-11,7.9337,2010-06-30
2010-06-14,7.8139,2010-06-30
2010-06-15,7.7515,2010-06-30
2010-06-16,7.787,2010-06-30
2010-06-17,7.7483,2010-06-30
2010-06-18,7.7205,2010-06-30
2010-06-21,7.6742,2010-06-30
2010-06-22,7.7452,2010-06-30
2010-06-23,7.7626,2010-06-30
2010-06-24,7.7872,2010-06-30
2010-06-25,7.74,2010-06-30
2010-06-28,7.7315,2010-06-30
2010-06-29,7.7994,2010-06-30
2010-06-30,7.7521,2010-06-30
2010-07-01,7.7202,2010-07-31
2010-07-02,7.6214,2010-07-31
2010-07-06,7.5776,2010-07-31
2010-07-07,7.6153,2010-07-31
2010-07-08,7.5235,2010-07-31
2010-07-09,7.478,2010-07-31
2010-07-12,7.5093,2010-07-31
2010-07-13,7.406,2010-07-31
2010-07-14,7.3612,2010-07-31
2010-07-15,7.3102,2010-07-31
2010-07-16,7.3499,2010-07-31
2010-07-19,7.345,2010-07-31
2010-07-20,7.3704,2010-07-31
2010-07-21,7.3669,2010-07-31
2010-07-22,7.3131,2010-07-31
2010-07-23,7.3471,2010-07-31
2010-07-26,7.2821,2010-07-31
2010-07-27,7.2998,2010-07-31
2010-07-28,7.2946,2010-07-31
2010-07-29,7.249,2010-07-31
2010-07-30,7.1972,2010-07-31
2010-08-02,7.0986,2010-08-31
2010-08-03,7.086,2010-08-31
2010-08-04,7.1408,2010-08-31
2010-08-05,7.1369,2010-08-31
2010-08-06,7.0805,2010-08-31
2010-08-09,7.0959,2010-08-31
2010-08-10,7.1944,2010-08-31
2010-08-11,7.3475,2010-08-31
2010-08-12,7.3736,2010-08-31
2010-08-13,7.4364,2010-08-31
2010-08-16,7.3583,2010-08-31
2010-08-17,7.312,2010-08-31
2010-08-18,7.338,2010-08-31
2010-08-19,7.3777,2010-08-31
2010-08-20,7.4316,2010-08-31
2010-08-23,7.4046,2010-08-31
2010-08-24,7.449,2010-08-31
2010-08-25,7.465,2010-08-31
2010-08-26,7.4013,2010-08-31
2010-08-27,7.3454,2010-08-31
2010-08-30,7.3908,2010-08-31
2010-08-31,7.369,2010-08-31
2010-09-01,7.2696,2010-09-30
2010-09-02,7.2552,2010-09-30
2010-09-03,7.2318,2010-09-30
2010-09-07,7.3134,2010-09-30
2010-09-08,7.2749,2010-09-30
2010-09-09,7.272,2010-09-30
2010-09-10,7.2326,2010-09-30
2010-09-13,7.1346,2010-09-30
2010-09-14,7.0469,2010-09-30
2010-09-15,7.0826,2010-09-30
2010-09-16,7.0527,2010-09-30
2010-09-17,7.0629,2010-09-30
2010-09-20,6.9909,2010-09-30
2010-09-21,6.9669,2010-09-30
2010-09-22,6.8608,2010-09-30
2010-09-23,6.8868,2010-09-30
2010-09-24,6.82,2010-09-30
2010-09-27,6.838,2010-09-30
2010-09-28,6.7649,2010-09-30
2010-09-29,6.7144,2010-09-30
2010-09-30,6.7626,2010-09-30
2010-10-01,6.7117,2010-10-31
2010-10-04,6.7725,2010-10-31
2010-10-05,6.7018,2010-10-31
2010-10-06,6.6991,2010-10-31
2010-10-07,6.6572,2010-10-31
2010-10-08,6.673,2010-10-31
2010-10-12,6.696,2010-10-31
2010-10-13,6.6343,2010-10-31
2010-10-14,6.558,2010-10-31
2010-10-15,6.6209,2010-10-31
2010-10-18,6.6383,2010-10-31
2010-10-19,6.749,2010-10-31
2010-10-20,6.6679,2010-10-31
2010-10-21,6.6498,2010-10-31
2010-10-22,6.6408,2010-10-31
2010-10-25,6.5734,2010-10-31
2010-10-26,6.7083,2010-10-31
2010-10-27,6.7647,2010-10-31
2010-10-28,6.7193,2010-10-31
2010-10-29,6.7048,2010-10-31
2010-11-01,6.6923,2010-11-30
2010-11-02,6.6421,2010-11-30
2010-11-03,6.6479,2010-11-30
2010-11-04,6.5145,2010-11-30
2010-11-05,6.5991,2010-11-30
2010-11-08,6.6954,2010-11-30
2010-11-09,6.6931,2010-11-30
2010-11-10,6.754,2010-11-30
2010-11-12,6.8407,2010-11-30
2010-11-15,6.8656,2010-11-30
2010-11-16,6.9486,2010-11-30
2010-11-17,6.9169,2010-11-30
2010-11-18,6.8791,2010-11-30
2010-11-19,6.8709,2010-11-30
2010-11-22,6.8924,2010-11-30
2010-11-23,6.9856,2010-11-30
2010-11-24,6.942,2010-11-30
2010-11-26,6.9969,2010-11-30
2010-11-29,7.013,2010-11-30
2010-11-30,7.0125,2010-11-30
2010-12-01,6.9666,2010-12-31
2010-12-02,6.9024,2010-12-31
2010-12-03,6.8257,2010-12-31
2010-12-06,6.86,2010-12-31
2010-12-07,6.8604,2010-12-31
2010-12-08,6.8921,2010-12-31
2010-12-09,6.9052,2010-12-31
2010-12-10,6.8905,2010-12-31
2010-12-13,6.8393,2010-12-31
2010-12-14,6.801,2010-12-31
2010-12-15,6.8143,2010-12-31
2010-12-16,6.8305,2010-12-31
2010-12-17,6.844,2010-12-31
2010-12-20,6.8473,2010-12-31
2010-12-21,6.8278,2010-12-31
2010-12-22,6.8648,2010-12-31
2010-12-23,6.8529,2010-12-31
2010-12-27,6.8315,2010-12-31
2010-12-28,6.863,2010-12-31
2010-12-29,6.8247,2010-12-31
2010-12-30,6.7571,2010-12-31
2011-01-03,6.6916,2011-01-31
2011-01-04,6.7284,2011-01-31
2011-01-05,6.7653,2011-01-31
2011-01-06,6.858,2011-01-31
2011-01-07,6.8977,2011-01-31
2011-01-10,6.8793,2011-01-31
2011-01-11,6.8374,2011-01-31
2011-01-12,6.7707,2011-01-31
2011-01-13,6.6903,2011-01-31
2011-01-14,6.6924,2011-01-31
2011-01-18,6.6582,2011-01-31
2011-01-19,6.603,2011-01-31
2011-01-20,6.6683,2011-01-31
2011-01-21,6.6026,2011-01-31
2011-01-24,6.5745,2011-01-31
2011-01-25,6.5468,2011-01-31
2011-01-26,6.4711,2011-01-31
2011-01-27,6.4493,2011-01-31
2011-01-28,6.5284,2011-01-31
2011-01-31,6.4318,2011-01-31
2011-02-01,6.3879,2011-02-28
2011-02-02,6.4451,2011-02-28
2011-02-03,6.4713,2011-02-28
2011-02-04,6.4873,2011-02-28
2011-02-07,6.4737,2011-02-28
2011-02-08,6.4011,2011-02-28
2011-02-09,6.4362,2011-02-28
2011-02-10,6.4583,2011-02-28
2011-02-11,6.4907,2011-02-28
2011-02-14,6.5005,2011-02-28
2011-02-15,6.4828,2011-02-28
2011-02-16,6.4234,2011-02-28
2011-02-17,6.41,2011-02-28
2011-02-18,6.3946,2011-02-28
2011-02-22,6.4301,2011-02-28
2011-02-23,6.3941,2011-02-28
2011-02-24,6.3889,2011-02-28
2011-02-25,6.4289,2011-02-28
2011-02-28,6.3442,2011-02-28
2011-03-01,6.3122,2011-03-31
2011-03-02,6.3185,2011-03-31
2011-03-03,6.3249,2011-03-31
2011-03-04,6.3447,2011-03-31
2011-03-07,6.3557,2011-03-31
2011-03-08,6.3658,2011-03-31
2011-03-09,6.337,2011-03-31
2011-03-10,6.3893,2011-03-31
2011-03-11,6.3695,2011-03-31
2011-03-14,6.3496,2011-03-31
2011-03-15,6.4153,2011-03-31
2011-03-16,6.4762,2011-03-31
2011-03-17,6.4105,2011-03-31
2011-03-18,6.308,2011-03-31
2011-03-21,6.2844,2011-03-31
2011-03-22,6.3009,2011-03-31
2011-03-23,6.3372,2011-03-31
2011-03-24,6.3073,2011-03-31
2011-03-25,6.3552,2011-03-31
2011-03-28,6.3674,2011-03-31
2011-03-29,6.3544,2011-03-31
2011-03-30,6.336,2011-03-31
2011-03-31,6.3134,2011-03-31
2011-04-01,6.2937,2011-04-30
2011-04-04,6.3126,2011-04-30
2011-04-05,6.3186,2011-04-30
2011-04-06,6.2971,2011-04-30
2011-04-07,6.3223,2011-04-30
2011-04-08,6.2176,2011-04-30
2011-04-11,6.2449,2011-04-30
2011-04-12,6.2989,2011-04-30
2011-04-13,6.2494,2011-04-30
2011-04-14,6.2235,2011-04-30
2011-04-15,6.1947,2011-04-30
2011-04-18,6.313,2011-04-30
2011-04-19,6.2315,2011-04-30
2011-04-20,6.1234,2011-04-30
2011-04-21,6.0854,2011-04-30
2011-04-22,6.116,2011-04-30
2011-04-25,6.0838,2011-04-30
2011-04-26,6.1023,2011-04-30
2011-04-27,6.0907,2011-04-30
2011-04-28,6.034,2011-04-30
2011-04-29,6.0258,2011-04-30
2011-05-02,5.9968,2011-05-31
2011-05-03,6.0239,2011-05-31
2011-05-04,6.0808,2011-05-31
2011-05-05,6.1901,2011-05-31
2011-05-06,6.2262,2011-05-31
2011-05-09,6.2712,2011-05-31
2011-05-10,6.2357,2011-05-31
2011-05-11,6.2852,2011-05-31
2011-05-12,6.3036,2011-05-31
2011-05-13,6.3745,2011-05-31
2011-05-16,6.3202,2011-05-31
2011-05-17,6.3593,2011-05-31
2011-05-18,6.2968,2011-05-31
2011-05-19,6.2788,2011-05-31
2011-05-20,6.3104,2011-05-31
2011-05-23,6.3796,2011-05-31
2011-05-24,6.3332,2011-05-31
2011-05-25,6.3157,2011-05-31
2011-05-26,6.3194,2011-05-31
2011-05-27,6.2244,2011-05-31
2011-05-31,6.1779,2011-05-31
2011-06-01,6.1812,2011-06-30
2011-06-02,6.23,2011-06-30
2011-06-03,6.1414,2011-06-30
2011-06-06,6.1651,2011-06-30
2011-06-07,6.1431,2011-06-30
2011-06-08,6.1754,2011-06-30
2011-06-09,6.2142,2011-06-30
2011-06-10,6.3241,2011-06-30
2011-06-13,6.3495,2011-06-30
2011-06-14,6.313,2011-06-30
2011-06-15,6.4535,2011-06-30
2011-06-16,6.4909,2011-06-30
2011-06-17,6.399,2011-06-30
2011-06-20,6.3952,2011-06-30
2011-06-21,6.3567,2011-06-30
2011-06-22,6.3538,2011-06-30
2011-06-23,6.503,2011-06-30
2011-06-24,6.4782,2011-06-30
2011-06-27,6.4393,2011-06-30
2011-06-28,6.4384,2011-06-30
2011-06-29,6.3526,2011-06-30
2011-06-30,6.3027,2011-06-30
2011-07-01,6.2746,2011-07-31
2011-07-05,6.2613,2011-07-31
2011-07-06,6.3427,2011-07-31
2011-07-07,6.323,2011-07-31
2011-07-08,6.3898,2011-07-31
2011-07-11,6.5488,2011-07-31
2011-07-12,6.5498,2011-07-31
2011-07-13,6.4668,2011-07-31
2011-07-14,6.4937,2011-07-31
2011-07-15,6.4911,2011-07-31
2011-07-18,6.5991,2011-07-31
2011-07-19,6.517,2011-07-31
2011-07-20,6.462,2011-07-31
2011-07-21,6.3195,2011-07-31
2011-07-22,6.3402,2011-07-31
2011-07-25,6.334,2011-07-31
2011-07-26,6.2573,2011-07-31
2011-07-27,6.3244,2011-07-31
2011-07-28,6.3337,2011-07-31
2011-07-29,6.286,2011-07-31
2011-08-01,6.3514,2011-08-31
2011-08-02,6.3427,2011-08-31
2011-08-03,6.3466,2011-08-31
2011-08-04,6.503,2011-08-31
2011-08-05,6.5227,2011-08-31
2011-08-08,6.4612,2011-08-31
2011-08-09,6.5263,2011-08-31
2011-08-10,6.562,2011-08-31
2011-08-11,6.488,2011-08-31
2011-08-12,6.4989,2011-08-31
2011-08-15,6.3999,2011-08-31
2011-08-16,6.3917,2011-08-31
2011-08-17,6.3392,2011-08-31
2011-08-18,6.4427,2011-08-31
2011-08-19,6.3681,2011-08-31
2011-08-22,6.3523,2011-08-31
2011-08-23,6.3294,2011-08-31
2011-08-24,6.3176,2011-08-31
2011-08-25,6.3272,2011-08-31
2011-08-26,6.2952,2011-08-31
2011-08-29,6.2921,2011-08-31
2011-08-30,6.3516,2011-08-31
2011-08-31,6.3223,2011-08-31
2011-09-01,6.3742,2011-09-30
2011-09-02,6.4031,2011-09-30
2011-09-06,6.452,2011-09-30
2011-09-07,6.386,2011-09-30
2011-09-08,6.3994,2011-09-30
2011-09-09,6.4931,2011-09-30
2011-09-12,6.6634,2011-09-30
2011-09-13,6.6765,2011-09-30
2011-09-14,6.722,2011-09-30
2011-09-15,6.615,2011-09-30
2011-09-16,6.6457,2011-09-30
2011-09-19,6.7191,2011-09-30
2011-09-20,6.6295,2011-09-30
2011-09-21,6.6761,2011-09-30
2011-09-22,6.9087,2011-09-30
2011-09-23,6.8765,2011-09-30
2011-09-26,6.853,2011-09-30
2011-09-27,6.7328,2011-09-30
2011-09-28,6.7521,2011-09-30
2011-09-29,6.7686,2011-09-30
2011-09-30,6.819,2011-09-30
2011-10-03,6.8541,2011-10-31
2011-10-04,6.905,2011-10-31
2011-10-05,6.8783,2011-10-31
2011-10-06,6.8398,2011-10-31
2011-10-07,6.7451,2011-10-31
2011-10-11,6.6716,2011-10-31
2011-10-12,6.6111,2011-10-31
2011-10-13,6.6767,2011-10-31
2011-10-14,6.6053,2011-10-31
2011-10-17,6.6392,2011-10-31
2011-10-18,6.6571,2011-10-31
2011-10-19,6.6112,2011-10-31
2011-10-20,6.6738,2011-10-31
2011-10-21,6.5712,2011-10-31
2011-10-24,6.546,2011-10-31
2011-10-25,6.5537,2011-10-31
2011-10-26,6.5635,2011-10-31
2011-10-27,6.3575,2011-10-31
2011-10-28,6.3676,2011-10-31
2011-10-31,6.4635,2011-10-31
2011-11-01,6.6242,2011-11-30
2011-11-02,6.5799,2011-11-30
2011-11-03,6.5786,2011-11-30
2011-11-04,6.602,2011-11-30
2011-11-07,6.5744,2011-11-30
2011-11-08,6.5507,2011-11-30
2011-11-09,6.6606,2011-11-30
2011-11-10,6.6812,2011-11-30
2011-11-14,6.7029,2011-11-30
2011-11-15,6.7385,2011-11-30
2011-11-16,6.7797,2011-11-30
2011-11-17,6.7705,2011-11-30
2011-11-18,6.7773,2011-11-30
2011-11-21,6.8092,2011-11-30
2011-11-22,6.8221,2011-11-30
2011-11-23,6.9138,2011-11-30
2011-11-25,7.0013,2011-11-30
2011-11-28,6.9458,2011-11-30
2011-11-29,6.8848,2011-11-30
2011-11-30,6.7555,2011-11-30
2011-12-01,6.7618,2011-12-31
2011-12-02,6.765,2011-12-31
2011-12-05,6.7128,2011-12-31
2011-12-06,6.7474,2011-12-31
2011-12-07,6.7405,2011-12-31
2011-12-08,6.798,2011-12-31
2011-12-09,6.7379,2011-12-31
2011-12-12,6.8695,2011-12-31
2011-12-13,6.9435,2011-12-31
2011-12-14,7.0054,2011-12-31
2011-12-15,6.9736,2011-12-31
2011-12-16,6.9292,2011-12-31
2011-12-19,6.9065,2011-12-31
2011-12-20,6.8582,2011-12-31
2011-12-21,6.9037,2011-12-31
2011-12-22,6.8708,2011-12-31
2011-12-23,6.8897,2011-12-31
2011-12-27,6.853,2011-12-31
2011-12-28,6.9177,2011-12-31
2011-12-29,6.9029,2011-12-31
2011-12-30,6.8737,2011-12-31
2012-01-03,6.8109,2012-01-31
2012-01-04,6.8518,2012-01-31
2012-01-05,6.932,2012-01-31
2012-01-06,6.9318,2012-01-31
2012-01-09,6.9184,2012-01-31
2012-01-10,6.877,2012-01-31
2012-01-11,6.9412,2012-01-31
2012-01-12,6.9221,2012-01-31
2012-01-13,7.0137,2012-01-31
2012-01-17,6.9227,2012-01-31
2012-01-18,6.8644,2012-01-31
2012-01-19,6.7623,2012-01-31
2012-01-20,6.7785,2012-01-31
2012-01-23,6.735,2012-01-31
2012-01-24,6.769,2012-01-31
2012-01-25,6.8169,2012-01-31
2012-01-26,6.7539,2012-01-31
2012-01-27,6.7527,2012-01-31
2012-01-30,6.7557,2012-01-31
2012-01-31,6.8161,2012-01-31
2012-02-01,6.7389,2012-02-29
2012-02-02,6.7305,2012-02-29
2012-02-03,6.7206,2012-02-29
2012-02-06,6.7084,2012-02-29
2012-02-07,6.6658,2012-02-29
2012-02-08,6.6479,2012-02-29
2012-02-09,6.6233,2012-02-29
2012-02-10,6.6743,2012-02-29
2012-02-13,6.648,2012-02-29
2012-02-14,6.6843,2012-02-29
2012-02-15,6.7058,2012-02-29
2012-02-16,6.7327,2012-02-29
2012-02-17,6.7182,2012-02-29
2012-02-21,6.6447,2012-02-29
2012-02-22,6.6613,2012-02-29
2012-02-23,6.647,2012-02-29
2012-02-24,6.5561,2012-02-29
2012-02-27,6.5868,2012-02-29
2012-02-28,6.5591,2012-02-29
2012-02-29,6.5843,2012-02-29
2012-03-01,6.6206,2012-03-31
2012-03-02,6.679,2012-03-31
2012-03-05,6.6943,2012-03-31
2012-03-06,6.7903,2012-03-31
2012-03-07,6.7939,2012-03-31
2012-03-08,6.7059,2012-03-31
2012-03-09,6.796,2012-03-31
2012-03-12,6.8108,2012-03-31
2012-03-13,6.7629,2012-03-31
2012-03-14,6.8522,2012-03-31
2012-03-15,6.8099,2012-03-31
2012-03-16,6.7489,2012-03-31
2012-03-19,6.7104,2012-03-31
2012-03-20,6.7485,2012-03-31
2012-03-21,6.7307,2012-03-31
2012-03-22,6.7711,2012-03-31
2012-03-23,6.7422,2012-03-31
2012-03-26,6.681,2012-03-31
2012-03-27,6.6801,2012-03-31
2012-03-28,6.6748,2012-03-31
2012-03-29,6.6799,2012-03-31
2012-03-30,6.6191,2012-03-31
2012-04-02,6.6042,2012-04-30
2012-04-03,6.595,2012-04-30
2012-04-04,6.7087,2012-04-30
2012-04-05,6.7524,2012-04-30
2012-04-06,6.7518,2012-04-30
2012-04-09,6.7716,2012-04-30
2012-04-10,6.8118,2012-04-30
2012-04-11,6.7954,2012-04-30
2012-04-12,6.749,2012-04-30
2012-04-13,6.788,2012-04-30
2012-04-16,6.7911,2012-04-30
2012-04-17,6.7693,2012-04-30
2012-04-18,6.7418,2012-04-30
2012-04-19,6.7285,2012-04-30
2012-04-20,6.6936,2012-04-30
2012-04-23,6.7723,2012-04-30
2012-04-24,6.736,2012-04-30
2012-04-25,6.7312,2012-04-30
2012-04-26,6.7171,2012-04-30
2012-04-27,6.717,2012-04-30
2012-04-30,6.7274,2012-04-30
2012-05-01,6.7206,2012-05-31
2012-05-02,6.7468,2012-05-31
2012-05-03,6.7585,2012-05-31
2012-05-04,6.8163,2012-05-31
2012-05-07,6.819,2012-05-31
2012-05-08,6.8502,2012-05-31
2012-05-09,6.871,2012-05-31
2012-05-10,6.9286,2012-05-31
2012-05-11,6.9432,2012-05-31
2012-05-14,7.0303,2012-05-31
2012-05-15,7.1303,2012-05-31
2012-05-16,7.1545,2012-05-31
2012-05-17,7.1988,2012-05-31
2012-05-18,7.1841,2012-05-31
2012-05-21,7.1274,2012-05-31
2012-05-22,7.1153,2012-05-31
2012-05-23,7.1903,2012-05-31
2012-05-24,7.1558,2012-05-31
2012-05-25,7.1681,2012-05-31
2012-05-29,7.2084,2012-05-31
2012-05-30,7.2323,2012-05-31
2012-05-31,7.2655,2012-05-31
2012-06-01,7.2494,2012-06-30
2012-06-04,7.1865,2012-06-30
2012-06-05,7.2235,2012-06-30
2012-06-06,7.1922,2012-06-30
2012-06-07,7.1461,2012-06-30
2012-06-08,7.1526,2012-06-30
2012-06-11,7.0997,2012-06-30
2012-06-12,7.095,2012-06-30
2012-06-13,7.0241,2012-06-30
2012-06-14,7.0235,2012-06-30
2012-06-15,6.9962,2012-06-30
2012-06-18,7.0374,2012-06-30
2012-06-19,6.9574,2012-06-30
2012-06-20,6.9518,2012-06-30
2012-06-21,6.9974,2012-06-30
2012-06-22,7.0167,2012-06-30
2012-06-25,7.0877,2012-06-30
2012-06-26,7.0828,2012-06-30
2012-06-27,7.0687,2012-06-30
2012-06-28,7.0666,2012-06-30
2012-06-29,6.9123,2012-06-30
2012-07-02,6.9189,2012-07-31
2012-07-03,6.9263,2012-07-31
2012-07-05,6.9619,2012-07-31
2012-07-06,7.0284,2012-07-31
2012-07-09,7.0114,2012-07-31
2012-07-10,6.9778,2012-07-31
2012-07-11,6.9965,2012-07-31
2012-07-12,7.0341,2012-07-31
2012-07-13,7.032,2012-07-31
2012-07-16,7.0411,2012-07-31
2012-07-17,6.9956,2012-07-31
2012-07-18,6.9406,2012-07-31
2012-07-19,6.9326,2012-07-31
2012-07-20,6.928,2012-07-31
2012-07-23,6.967,2012-07-31
2012-07-24,6.9793,2012-07-31
2012-07-25,6.98,2012-07-31
2012-07-26,6.8726,2012-07-31
2012-07-27,6.8516,2012-07-31
2012-07-30,6.7956,2012-07-31
2012-07-31,6.787,2012-07-31
2012-08-01,6.7602,2012-08-31
2012-08-02,6.8218,2012-08-31
2012-08-03,6.7119,2012-08-31
2012-08-06,6.7051,2012-08-31
2012-08-07,6.7024,2012-08-31
2012-08-08,6.6843,2012-08-31
2012-08-09,6.7026,2012-08-31
2012-08-10,6.656,2012-08-31
2012-08-13,6.6952,2012-08-31
2012-08-14,6.6906,2012-08-31
2012-08-15,6.6895,2012-08-31
2012-08-16,6.6941,2012-08-31
2012-08-17,6.6915,2012-08-31
2012-08-20,6.668,2012-08-31
2012-08-21,6.6537,2012-08-31
2012-08-22,6.6662,2012-08-31
2012-08-23,6.6023,2012-08-31
2012-08-24,6.5906,2012-08-31
2012-08-27,6.5873,2012-08-31
2012-08-28,6.6032,2012-08-31
2012-08-29,6.658,2012-08-31
2012-08-30,6.6916,2012-08-31
2012-08-31,6.6176,2012-08-31
2012-09-04,6.7102,2012-09-30
2012-09-05,6.7253,2012-09-30
2012-09-06,6.745,2012-09-30
2012-09-07,6.6144,2012-09-30
2012-09-10,6.6103,2012-09-30
2012-09-11,6.606,2012-09-30
2012-09-12,6.5769,2012-09-30
2012-09-13,6.6182,2012-09-30
2012-09-14,6.5459,2012-09-30
2012-09-17,6.5825,2012-09-30
2012-09-18,6.5643,2012-09-30
2012-09-19,6.5018,2012-09-30
2012-09-20,6.5357,2012-09-30
2012-09-21,6.562,2012-09-30
2012-09-24,6.5741,2012-09-30
2012-09-25,6.541,2012-09-30
2012-09-26,6.6032,2012-09-30
2012-09-27,6.5421,2012-09-30
2012-09-28,6.5649,2012-09-30
2012-10-01,6.5751,2012-10-31
2012-10-02,6.5902,2012-10-31
2012-10-03,6.683,2012-10-31
2012-10-04,6.6165,2012-10-31
2012-10-05,6.5826,2012-10-31
2012-10-09,6.6951,2012-10-31
2012-10-10,6.6934,2012-10-31
2012-10-11,6.6952,2012-10-31
2012-10-12,6.6991,2012-10-31
2012-10-15,6.6614,2012-10-31
2012-10-16,6.615,2012-10-31
2012-10-17,6.5892,2012-10-31
2012-10-18,6.5484,2012-10-31
2012-10-19,6.5684,2012-10-31
2012-10-22,6.589,2012-10-31
2012-10-23,6.649,2012-10-31
2012-10-24,6.6993,2012-10-31
2012-10-25,6.7023,2012-10-31
2012-10-26,6.7014,2012-10-31
2012-10-29,6.6713,2012-10-31
2012-10-30,6.6208,2012-10-31
2012-10-31,6.6348,2012-10-31
2012-11-01,6.658,2012-11-30
2012-11-02,6.6892,2012-11-30
2012-11-05,6.6884,2012-11-30
2012-11-06,6.6875,2012-11-30
2012-11-07,6.6901,2012-11-30
2012-11-08,6.6959,2012-11-30
2012-11-09,6.7349,2012-11-30
2012-11-13,6.778,2012-11-30
2012-11-14,6.7802,2012-11-30
2012-11-15,6.7557,2012-11-30
2012-11-16,6.8019,2012-11-30
2012-11-19,6.7388,2012-11-30
2012-11-20,6.7696,2012-11-30
2012-11-21,6.7357,2012-11-30
2012-11-23,6.6287,2012-11-30
2012-11-26,6.6092,2012-11-30
2012-11-27,6.6787,2012-11-30
2012-11-28,6.6604,2012-11-30
2012-11-29,6.678,2012-11-30
2012-11-30,6.6594,2012-11-30
2012-12-03,6.6249,2012-12-31
2012-12-04,6.6008,2012-12-31
2012-12-05,6.5898,2012-12-31
2012-12-06,6.6381,2012-12-31
2012-12-07,6.6652,2012-12-31
2012-12-10,6.692,2012-12-31
2012-12-11,6.6408,2012-12-31
2012-12-12,6.661,2012-12-31
2012-12-13,6.667,2012-12-31
2012-12-14,6.6716,2012-12-31
2012-12-17,6.6412,2012-12-31
2012-12-18,6.5954,2012-12-31
2012-12-19,6.5457,2012-12-31
2012-12-20,6.5131,2012-12-31
2012-12-21,6.5337,2012-12-31
2012-12-24,6.5557,2012-12-31
2012-12-26,6.5092,2012-12-31
2012-12-27,6.5091,2012-12-31
2012-12-28,6.5099,2012-12-31
2012-12-31,6.5074,2012-12-31
2013-01-02,6.4851,2013-01-31
2013-01-03,6.506,2013-01-31
2013-01-04,6.5518,2013-01-31
2013-01-07,6.5081,2013-01-31
2013-01-08,6.549,2013-01-31
2013-01-09,6.5568,2013-01-31
2013-01-10,6.5066,2013-01-31
2013-01-11,6.466,2013-01-31
2013-01-14,6.4453,2013-01-31
2013-01-15,6.4911,2013-01-31
2013-01-16,6.501,2013-01-31
2013-01-17,6.4916,2013-01-31
2013-01-18,6.5329,2013-01-31
2013-01-22,6.5131,2013-01-31
2013-01-23,6.5316,2013-01-31
2013-01-24,6.4895,2013-01-31
2013-01-25,6.4602,2013-01-31
2013-01-28,6.4167,2013-01-31
2013-01-29,6.3789,2013-01-31
2013-01-30,6.3476,2013-01-31
2013-01-31,6.3533,2013-01-31
2013-02-01,6.2904,2013-02-28
2013-02-04,6.3201,2013-02-28
2013-02-05,6.3336,2013-02-28
2013-02-06,6.3561,2013-02-28
2013-02-07,6.4304,2013-02-28
2013-02-08,6.4443,2013-02-28
2013-02-11,6.3891,2013-02-28
2013-02-12,6.3554,2013-02-28
2013-02-13,6.288,2013-02-28
2013-02-14,6.329,2013-02-28
2013-02-15,6.3183,2013-02-28
2013-02-19,6.3096,2013-02-28
2013-02-20,6.3136,2013-02-28
2013-02-21,6.4082,2013-02-28
2013-02-22,6.4384,2013-02-28
2013-02-25,6.4319,2013-02-28
2013-02-26,6.4764,2013-02-28
2013-02-27,6.4514,2013-02-28
2013-02-28,6.4518,2013-02-28
2013-03-01,6.4531,2013-03-31
2013-03-04,6.4349,2013-03-31
2013-03-05,6.3917,2013-03-31
2013-03-06,6.4095,2013-03-31
2013-03-07,6.3412,2013-03-31
2013-03-08,6.4007,2013-03-31
2013-03-11,6.4013,2013-03-31
2013-03-12,6.3674,2013-03-31
2013-03-13,6.423,2013-03-31
2013-03-14,6.4522,2013-03-31
2013-03-15,6.3968,2013-03-31
2013-03-18,6.4349,2013-03-31
2013-03-19,6.4604,2013-03-31
2013-03-20,6.4635,2013-03-31
2013-03-21,6.4769,2013-03-31
2013-03-22,6.484,2013-03-31
2013-03-25,6.5229,2013-03-31
2013-03-26,6.4969,2013-03-31
2013-03-27,6.5152,2013-03-31
2013-03-28,6.5015,2013-03-31
2013-03-29,6.528,2013-03-31
2013-04-01,6.5094,2013-04-30
2013-04-02,6.4765,2013-04-30
2013-04-03,6.4989,2013-04-30
2013-04-04,6.5565,2013-04-30
2013-04-05,6.4423,2013-04-30
2013-04-08,6.419,2013-04-30
2013-04-09,6.3896,2013-04-30
2013-04-10,6.3894,2013-04-30
2013-04-11,6.3406,2013-04-30
2013-04-12,6.3627,2013-04-30
2013-04-15,6.3783,2013-04-30
2013-04-16,6.3789,2013-04-30
2013-04-17,6.4979,2013-04-30
2013-04-18,6.5285,2013-04-30
2013-04-19,6.5288,2013-04-30
2013-04-22,6.5296,2013-04-30
2013-04-23,6.6267,2013-04-30
2013-04-24,6.6347,2013-04-30
2013-04-25,6.6155,2013-04-30
2013-04-26,6.5722,2013-04-30
2013-04-29,6.5487,2013-04-30
2013-04-30,6.4817,2013-04-30
2013-05-01,6.4734,2013-05-31
2013-05-02,6.53,2013-05-31
2013-05-03,6.4944,2013-05-31
2013-05-06,6.5375,2013-05-31
2013-05-07,6.5218,2013-05-31
2013-05-08,6.4925,2013-05-31
2013-05-09,6.5058,2013-05-31
2013-05-10,6.6185,2013-05-31
2013-05-13,6.6067,2013-05-31
2013-05-14,6.644,2013-05-31
2013-05-15,6.6792,2013-05-31
2013-05-16,6.6465,2013-05-31
2013-05-17,6.7003,2013-05-31
2013-05-20,6.6588,2013-05-31
2013-05-21,6.624,2013-05-31
2013-05-22,6.6328,2013-05-31
2013-05-23,6.64,2013-05-31
2013-05-24,6.6503,2013-05-31
2013-05-28,6.6913,2013-05-31
2013-05-29,6.6492,2013-05-31
2013-05-30,6.5622,2013-05-31
2013-05-31,6.6221,2013-05-31
2013-06-03,6.5304,2013-06-30
2013-06-04,6.5691,2013-06-30
2013-06-05,6.5957,2013-06-30
2013-06-06,6.5386,2013-06-30
2013-06-07,6.5607,2013-06-30
2013-06-10,6.5897,2013-06-30
2013-06-11,6.5834,2013-06-30
2013-06-12,6.4865,2013-06-30
2013-06-13,6.5075,2013-06-30
2013-06-14,6.439,2013-06-30
2013-06-17,6.4713,2013-06-30
2013-06-18,6.4444,2013-06-30
2013-06-19,6.3855,2013-06-30
2013-06-20,6.583,2013-06-30
2013-06-21,6.7003,2013-06-30
2013-06-24,6.7776,2013-06-30
2013-06-25,6.735,2013-06-30
2013-06-26,6.7185,2013-06-30
2013-06-27,6.747,2013-06-30
2013-06-28,6.7318,2013-06-30
2013-07-01,6.6636,2013-07-31
2013-07-02,6.6876,2013-07-31
2013-07-03,6.6928,2013-07-31
2013-07-05,6.8171,2013-07-31
2013-07-08,6.7798,2013-07-31
2013-07-09,6.7985,2013-07-31
2013-07-10,6.7726,2013-07-31
2013-07-11,6.6912,2013-07-31
2013-07-12,6.676,2013-07-31
2013-07-15,6.6853,2013-07-31
2013-07-16,6.5934,2013-07-31
2013-07-17,6.5836,2013-07-31
2013-07-18,6.5995,2013-07-31
2013-07-19,6.5397,2013-07-31
2013-07-22,6.4872,2013-07-31
2013-07-23,6.4521,2013-07-31
2013-07-24,6.4964,2013-07-31
2013-07-25,6.5185,2013-07-31
2013-07-26,6.473,2013-07-31
2013-07-29,6.4742,2013-07-31
2013-07-30,6.5426,2013-07-31
2013-07-31,6.5284,2013-07-31
2013-08-01,6.6039,2013-08-31
2013-08-02,6.6078,2013-08-31
2013-08-05,6.5902,2013-08-31
2013-08-06,6.5633,2013-08-31
2013-08-07,6.5238,2013-08-31
2013-08-08,6.4771,2013-08-31
2013-08-09,6.5064,2013-08-31
2013-08-12,6.5251,2013-08-31
2013-08-13,6.5481,2013-08-31
2013-08-14,6.506,2013-08-31
2013-08-15,6.5367,2013-08-31
2013-08-16,6.5154,2013-08-31
2013-08-19,6.4974,2013-08-31
2013-08-20,6.4791,2013-08-31
2013-08-21,6.5538,2013-08-31
2013-08-22,6.5164,2013-08-31
2013-08-23,6.4871,2013-08-31
2013-08-26,6.5166,2013-08-31
2013-08-27,6.4992,2013-08-31
2013-08-28,6.5212,2013-08-31
2013-08-29,6.5945,2013-08-31
2013-08-30,6.6338,2013-08-31
2013-09-03,6.6205,2013-09-30
2013-09-04,6.5962,2013-09-30
2013-09-05,6.67,2013-09-30
2013-09-06,6.6371,2013-09-30
2013-09-09,6.5656,2013-09-30
2013-09-10,6.5457,2013-09-30
2013-09-11,6.5265,2013-09-30
2013-09-12,6.5141,2013-09-30
2013-09-13,6.5641,2013-09-30
2013-09-16,6.4926,2013-09-30
2013-09-17,6.4606,2013-09-30
2013-09-18,6.4595,2013-09-30
2013-09-19,6.3416,2013-09-30
2013-09-20,6.3615,2013-09-30
2013-09-23,6.3815,2013-09-30
2013-09-24,6.3947,2013-09-30
2013-09-25,6.408,2013-09-30
2013-09-26,6.4256,2013-09-30
2013-09-27,6.417,2013-09-30
2013-09-30,6.4095,2013-09-30
2013-10-01,6.3584,2013-10-31
2013-10-02,6.3751,2013-10-31
2013-10-03,6.3345,2013-10-31
2013-10-04,6.4141,2013-10-31
2013-10-07,6.421,2013-10-31
2013-10-08,6.4218,2013-10-31
2013-10-09,6.4741,2013-10-31
2013-10-10,6.4923,2013-10-31
2013-10-11,6.4713,2013-10-31
2013-10-15,6.513,2013-10-31
2013-10-16,6.5075,2013-10-31
2013-10-17,6.4091,2013-10-31
2013-10-18,6.4116,2013-10-31
2013-10-21,6.4033,2013-10-31
2013-10-22,6.3719,2013-10-31
2013-10-23,6.3734,2013-10-31
2013-10-24,6.356,2013-10-31
2013-10-25,6.3237,2013-10-31
2013-10-28,6.3346,2013-10-31
2013-10-29,6.372,2013-10-31
2013-10-30,6.3684,2013-10-31
2013-10-31,6.4692,2013-10-31
2013-11-01,6.5354,2013-11-30
2013-11-04,6.5005,2013-11-30
2013-11-05,6.5267,2013-11-30
2013-11-06,6.4922,2013-11-30
2013-11-07,6.5298,2013-11-30
2013-11-08,6.5947,2013-11-30
2013-11-12,6.6472,2013-11-30
2013-11-13,6.66,2013-11-30
2013-11-14,6.6453,2013-11-30
2013-11-15,6.6473,2013-11-30
2013-11-18,6.5974,2013-11-30
2013-11-19,6.6193,2013-11-30
2013-11-20,6.6267,2013-11-30
2013-11-21,6.6522,2013-11-30
2013-11-22,6.5897,2013-11-30
2013-11-25,6.5701,2013-11-30
2013-11-26,6.5775,2013-11-30
2013-11-27,6.5794,2013-11-30
2013-11-29,6.5475,2013-11-30
2013-12-02,6.5484,2013-12-31
2013-12-03,6.5047,2013-12-31
2013-12-04,6.5142,2013-12-31
2013-12-05,6.4911,2013-12-31
2013-12-06,6.5081,2013-12-31
2013-12-09,6.5346,2013-12-31
2013-12-10,6.5314,2013-12-31
2013-12-11,6.538,2013-12-31
2013-12-12,6.5964,2013-12-31
2013-12-13,6.5772,2013-12-31
2013-12-16,6.5723,2013-12-31
2013-12-17,6.5664,2013-12-31
2013-12-18,6.5379,2013-12-31
2013-12-19,6.5783,2013-12-31
2013-12-20,6.5755,2013-12-31
2013-12-23,6.5563,2013-12-31
2013-12-24,6.5646,2013-12-31
2013-12-26,6.5441,2013-12-31
2013-12-27,6.5114,2013-12-31
2013-12-30,6.4127,2013-12-31
2013-12-31,6.4254,2013-12-31
2014-01-02,6.4909,2014-01-31
2014-01-03,6.5177,2014-01-31
2014-01-06,6.5134,2014-01-31
2014-01-07,6.5172,2014-01-31
2014-01-08,6.5631,2014-01-31
2014-01-09,6.5597,2014-01-31
2014-01-10,6.4956,2014-01-31
2014-01-13,6.5054,2014-01-31
2014-01-14,6.4358,2014-01-31
2014-01-15,6.466,2014-01-31
2014-01-16,6.4699,2014-01-31
2014-01-17,6.4565,2014-01-31
2014-01-21,6.4867,2014-01-31
2014-01-22,6.4773,2014-01-31
2014-01-23,6.4295,2014-01-31
2014-01-24,6.4453,2014-01-31
2014-01-27,6.4297,2014-01-31
2014-01-28,6.4285,2014-01-31
2014-01-29,6.4566,2014-01-31
2014-01-30,6.525,2014-01-31
2014-01-31,6.5412,2014-01-31
2014-02-03,6.5421,2014-02-28
2014-02-04,6.526,2014-02-28
2014-02-05,6.5321,2014-02-28
2014-02-06,6.4997,2014-02-28
2014-02-07,6.4952,2014-02-28
2014-02-10,6.4831,2014-02-28
2014-02-11,6.4335,2014-02-28
2014-02-12,6.4471,2014-02-28
2014-02-13,6.4615,2014-02-28
2014-02-14,6.4515,2014-02-28
2014-02-18,6.4839,2014-02-28
2014-02-19,6.493,2014-02-28
2014-02-20,6.5515,2014-02-28
2014-02-21,6.5421,2014-02-28
2014-02-24,6.4917,2014-02-28
2014-02-25,6.4925,2014-02-28
2014-02-26,6.5181,2014-02-28
2014-02-27,6.5124,2014-02-28
2014-02-28,6.4109,2014-02-28
2014-03-03,6.4595,2014-03-31
2014-03-04,6.449,2014-03-31
2014-03-05,6.4282,2014-03-31
2014-03-06,6.3998,2014-03-31
2014-03-07,6.3883,2014-03-31
2014-03-10,6.3862,2014-03-31
2014-03-11,6.37,2014-03-31
2014-03-12,6.3619,2014-03-31
2014-03-13,6.3543,2014-03-31
2014-03-14,6.3769,2014-03-31
2014-03-17,6.351,2014-03-31
2014-03-18,6.3394,2014-03-31
2014-03-19,6.3557,2014-03-31
2014-03-20,6.4098,2014-03-31
2014-03-21,6.4379,2014-03-31
2014-03-24,6.4282,2014-03-31
2014-03-25,6.4272,2014-03-31
2014-03-26,6.4574,2014-03-31
2014-03-27,6.4805,2014-03-31
2014-03-28,6.5024,2014-03-31
2014-03-31,6.475,2014-03-31
2014-04-01,6.4524,2014-04-30
2014-04-02,6.4842,2014-04-30
2014-04-03,6.5461,2014-04-30
2014-04-04,6.5509,2014-04-30
2014-04-07,6.528,2014-04-30
2014-04-08,6.4936,2014-04-30
2014-04-09,6.5066,2014-04-30
2014-04-10,6.5229,2014-04-30
2014-04-11,6.5227,2014-04-30
2014-04-14,6.5524,2014-04-30
2014-04-15,6.577,2014-04-30
2014-04-16,6.5919,2014-04-30
2014-04-17,6.5922,2014-04-30
2014-04-18,6.594,2014-04-30
2014-04-21,6.6229,2014-04-30
2014-04-22,6.5824,2014-04-30
2014-04-23,6.5749,2014-04-30
2014-04-24,6.5726,2014-04-30
2014-04-25,6.587,2014-04-30
2014-04-28,6.5458,2014-04-30
2014-04-29,6.5685,2014-04-30
2014-04-30,6.5049,2014-04-30
2014-05-01,6.5013,2014-05-31
2014-05-02,6.5131,2014-05-31
2014-05-05,6.5452,2014-05-31
2014-05-06,6.5068,2014-05-31
2014-05-07,6.4864,2014-05-31
2014-05-08,6.5073,2014-05-31
2014-05-09,6.5587,2014-05-31
2014-05-12,6.5679,2014-05-31
2014-05-13,6.5502,2014-05-31
2014-05-14,6.5489,2014-05-31
2014-05-15,6.5776,2014-05-31
2014-05-16,6.5605,2014-05-31
2014-05-19,6.5848,2014-05-31
2014-05-20,6.5811,2014-05-31
2014-05-21,6.5803,2014-05-31
2014-05-22,6.5923,2014-05-31
2014-05-23,6.6488,2014-05-31
2014-05-27,6.6253,2014-05-31
2014-05-28,6.6463,2014-05-31
2014-05-29,6.6414,2014-05-31
2014-05-30,6.6855,2014-05-31
2014-06-02,6.6841,2014-06-30
2014-06-03,6.6851,2014-06-30
2014-06-04,6.648,2014-06-30
2014-06-05,6.6779,2014-06-30
2014-06-06,6.6276,2014-06-30
2014-06-09,6.6805,2014-06-30
2014-06-10,6.6995,2014-06-30
2014-06-11,6.6928,2014-06-30
2014-06-12,6.6903,2014-06-30
2014-06-13,6.6558,2014-06-30
2014-06-16,6.6238,2014-06-30
2014-06-17,6.6305,2014-06-30
2014-06-18,6.66,2014-06-30
2014-06-19,6.6915,2014-06-30
2014-06-20,6.7315,2014-06-30
2014-06-23,6.7032,2014-06-30
2014-06-24,6.7315,2014-06-30
2014-06-25,6.7278,2014-06-30
2014-06-26,6.7398,2014-06-30
2014-06-27,6.7358,2014-06-30
2014-06-30,6.6874,2014-06-30
2014-07-01,6.6937,2014-07-31
2014-07-02,6.7078,2014-07-31
2014-07-03,6.8162,2014-07-31
2014-07-07,6.8339,2014-07-31
2014-07-08,6.8292,2014-07-31
2014-07-09,6.7986,2014-07-31
2014-07-10,6.7809,2014-07-31
2014-07-11,6.7955,2014-07-31
2014-07-14,6.7944,2014-07-31
2014-07-15,6.8155,2014-07-31
2014-07-16,6.8239,2014-07-31
2014-07-17,6.824,2014-07-31
2014-07-18,6.8431,2014-07-31
2014-07-21,6.8519,2014-07-31
2014-07-22,6.8479,2014-07-31
2014-07-23,6.8384,2014-07-31
2014-07-24,6.8329,2014-07-31
2014-07-25,6.8218,2014-07-31
2014-07-28,6.8301,2014-07-31
2014-07-29,6.8514,2014-07-31
2014-07-30,6.8896,2014-07-31
2014-07-31,6.8958,2014-07-31
2014-08-01,6.8672,2014-08-31
2014-08-04,6.8923,2014-08-31
2014-08-05,6.898,2014-08-31
2014-08-06,6.9115,2014-08-31
2014-08-07,6.9017,2014-08-31
2014-08-08,6.8893,2014-08-31
2014-08-11,6.8685,2014-08-31
2014-08-12,6.8793,2014-08-31
2014-08-13,6.8785,2014-08-31
2014-08-14,6.8533,2014-08-31
2014-08-15,6.8341,2014-08-31
2014-08-18,6.8559,2014-08-31
2014-08-19,6.8702,2014-08-31
2014-08-20,6.9013,2014-08-31
2014-08-21,6.8898,2014-08-31
2014-08-22,6.9178,2014-08-31
2014-08-25,6.9233,2014-08-31
2014-08-26,6.9416,2014-08-31
2014-08-27,6.9462,2014-08-31
2014-08-28,6.9688,2014-08-31
2014-08-29,6.9753,2014-08-31
2014-09-02,7.0127,2014-09-30
2014-09-03,7.0185,2014-09-30
2014-09-04,7.0707,2014-09-30
2014-09-05,7.0869,2014-09-30
2014-09-08,7.0877,2014-09-30
2014-09-09,7.1136,2014-09-30
2014-09-10,7.0987,2014-09-30
2014-09-11,7.1179,2014-09-30
2014-09-12,7.1326,2014-09-30
2014-09-15,7.1106,2014-09-30
2014-09-16,7.1087,2014-09-30
2014-09-17,7.1238,2014-09-30
2014-09-18,7.1,2014-09-30
2014-09-19,7.146,2014-09-30
2014-09-22,7.1575,2014-09-30
2014-09-23,7.1433,2014-09-30
2014-09-24,7.1759,2014-09-30
2014-09-25,7.2146,2014-09-30
2014-09-26,7.26,2014-09-30
2014-09-29,7.2391,2014-09-30
2014-09-30,7.2151,2014-09-30
2014-10-01,7.2224,2014-10-31
2014-10-02,7.1889,2014-10-31
2014-10-03,7.271,2014-10-31
2014-10-06,7.2206,2014-10-31
2014-10-07,7.2049,2014-10-31
2014-10-08,7.2206,2014-10-31
2014-10-09,7.2147,2014-10-31
2014-10-10,7.2213,2014-10-31
2014-10-14,7.2428,2014-10-31
2014-10-15,7.1984,2014-10-31
2014-10-16,7.1632,2014-10-31
2014-10-17,7.1883,2014-10-31
2014-10-20,7.1869,2014-10-31
2014-10-21,7.2319,2014-10-31
2014-10-22,7.2655,2014-10-31
2014-10-23,7.2552,2014-10-31
2014-10-24,7.2565,2014-10-31
2014-10-27,7.2906,2014-10-31
2014-10-28,7.328,2014-10-31
2014-10-29,7.299,2014-10-31
2014-10-30,7.3358,2014-10-31
2014-10-31,7.3971,2014-10-31
2014-11-03,7.407,2014-11-30
2014-11-04,7.3907,2014-11-30
2014-11-05,7.373,2014-11-30
2014-11-06,7.4163,2014-11-30
2014-11-07,7.4289,2014-11-30
2014-11-10,7.4303,2014-11-30
2014-11-12,7.4148,2014-11-30
2014-11-13,7.4209,2014-11-30
2014-11-14,7.41,2014-11-30
2014-11-17,7.4302,2014-11-30
2014-11-18,7.3605,2014-11-30
2014-11-19,7.3855,2014-11-30
2014-11-20,7.4098,2014-11-30
2014-11-21,7.4754,2014-11-30
2014-11-24,7.4437,2014-11-30
2014-11-25,7.4349,2014-11-30
2014-11-26,7.3927,2014-11-30
2014-11-28,7.4544,2014-11-30
2014-12-01,7.4119,2014-12-31
2014-12-02,7.5123,2014-12-31
2014-12-03,7.5289,2014-12-31
2014-12-04,7.4688,2014-12-31
2014-12-05,7.5455,2014-12-31
2014-12-08,7.5591,2014-12-31
2014-12-09,7.518,2014-12-31
2014-12-10,7.522,2014-12-31
2014-12-11,7.5541,2014-12-31
2014-12-12,7.5325,2014-12-31
2014-12-15,7.6343,2014-12-31
2014-12-16,7.6031,2014-12-31
2014-12-17,7.6484,2014-12-31
2014-12-18,7.678,2014-12-31
2014-12-19,7.7302,2014-12-31
2014-12-22,7.7779,2014-12-31
2014-12-23,7.7889,2014-12-31
2014-12-24,7.8081,2014-12-31
2014-12-29,7.8217,2014-12-31
2014-12-30,7.7395,2014-12-31
2014-12-31,7.8245,2014-12-31
2015-01-02,7.8986,2015-01-31
2015-01-05,7.9253,2015-01-31
2015-01-06,7.8847,2015-01-31
2015-01-07,7.9743,2015-01-31
2015-01-08,8.0142,2015-01-31
2015-01-09,8.0521,2015-01-31
2015-01-12,8.0684,2015-01-31
2015-01-13,8.0718,2015-01-31
2015-01-14,8.0543,2015-01-31
2015-01-15,8.1431,2015-01-31
2015-01-16,8.14,2015-01-31
2015-01-20,8.1809,2015-01-31
2015-01-21,8.1819,2015-01-31
2015-01-22,8.1948,2015-01-31
2015-01-23,8.2702,2015-01-31
2015-01-26,8.2669,2015-01-31
2015-01-27,8.1703,2015-01-31
2015-01-28,8.2331,2015-01-31
2015-01-29,8.2647,2015-01-31
2015-01-30,8.2732,2015-01-31
2015-02-02,8.2932,2015-02-28
2015-02-03,8.2265,2015-02-28
2015-02-04,8.2527,2015-02-28
2015-02-05,8.2521,2015-02-28
2015-02-06,8.3891,2015-02-28
2015-02-09,8.3604,2015-02-28
2015-02-10,8.3312,2015-02-28
2015-02-11,8.3891,2015-02-28
2015-02-12,8.4169,2015-02-28
2015-02-13,8.4039,2015-02-28
2015-02-17,8.333,2015-02-28
2015-02-18,8.415,2015-02-28
2015-02-19,8.3967,2015-02-28
2015-02-20,8.3783,2015-02-28
2015-02-23,8.4142,2015-02-28
2015-02-24,8.4193,2015-02-28
2015-02-25,8.304,2015-02-28
2015-02-26,8.3893,2015-02-28
2015-02-27,8.3555,2015-02-28
2015-03-02,8.3427,2015-03-31
2015-03-03,8.2612,2015-03-31
2015-03-04,8.354,2015-03-31
2015-03-05,8.3583,2015-03-31
2015-03-06,8.4994,2015-03-31
2015-03-09,8.4875,2015-03-31
2015-03-10,8.5531,2015-03-31
2015-03-11,8.6257,2015-03-31
2015-03-12,8.61,2015-03-31
2015-03-13,8.6706,2015-03-31
2015-03-16,8.6341,2015-03-31
2015-03-17,8.6723,2015-03-31
2015-03-18,8.7505,2015-03-31
2015-03-19,8.6892,2015-03-31
2015-03-20,8.6443,2015-03-31
2015-03-23,8.4981,2015-03-31
2015-03-24,8.5137,2015-03-31
2015-03-25,8.4698,2015-03-31
2015-03-26,8.5548,2015-03-31
2015-03-27,8.5764,2015-03-31
2015-03-30,8.5928,2015-03-31
2015-03-31,8.6268,2015-03-31
2015-04-01,8.6475,2015-04-30
2015-04-02,8.6348,2015-04-30
2015-04-03,8.5341,2015-04-30
2015-04-06,8.503,2015-04-30
2015-04-07,8.6507,2015-04-30
2015-04-08,8.6489,2015-04-30
2015-04-09,8.7518,2015-04-30
2015-04-10,8.818,2015-04-30
2015-04-13,8.8156,2015-04-30
2015-04-14,8.7452,2015-04-30
2015-04-15,8.793,2015-04-30
2015-04-16,8.596,2015-04-30
2015-04-17,8.6482,2015-04-30
2015-04-20,8.6701,2015-04-30
2015-04-21,8.6279,2015-04-30
2015-04-22,8.7232,2015-04-30
2015-04-23,8.65,2015-04-30
2015-04-24,8.631,2015-04-30
2015-04-27,8.6008,2015-04-30
2015-04-28,8.5333,2015-04-30
2015-04-29,8.3052,2015-04-30
2015-04-30,8.3778,2015-04-30
2015-05-01,8.3931,2015-05-31
2015-05-04,8.3677,2015-05-31
2015-05-05,8.3671,2015-05-31
2015-05-06,8.2188,2015-05-31
2015-05-07,8.268,2015-05-31
2015-05-08,8.2106,2015-05-31
2015-05-11,8.295,2015-05-31
2015-05-12,8.3022,2015-05-31
2015-05-13,8.2085,2015-05-31
2015-05-14,8.2531,2015-05-31
2015-05-15,8.2174,2015-05-31
2015-05-18,8.22,2015-05-31
2015-05-19,8.3356,2015-05-31
2015-05-20,8.36,2015-05-31
2015-05-21,8.3159,2015-05-31
2015-05-22,8.374,2015-05-31
2015-05-26,8.4722,2015-05-31
2015-05-27,8.502,2015-05-31
2015-05-28,8.4941,2015-05-31
2015-05-29,8.5245,2015-05-31
2015-06-01,8.5884,2015-06-30
2015-06-02,8.4618,2015-06-30
2015-06-03,8.2778,2015-06-30
2015-06-04,8.2612,2015-06-30
2015-06-05,8.4144,2015-06-30
2015-06-08,8.347,2015-06-30
2015-06-09,8.2885,2015-06-30
2015-06-10,8.2592,2015-06-30
2015-06-11,8.2353,2015-06-30
2015-06-12,8.1623,2015-06-30
2015-06-15,8.1845,2015-06-30
2015-06-16,8.1973,2015-06-30
2015-06-17,8.1951,2015-06-30
2015-06-18,8.1076,2015-06-30
2015-06-19,8.1354,2015-06-30
2015-06-22,8.1149,2015-06-30
2015-06-23,8.2456,2015-06-30
2015-06-24,8.2613,2015-06-30
2015-06-25,8.2444,2015-06-30
2015-06-26,8.3113,2015-06-30
2015-06-29,8.2494,2015-06-30
2015-06-30,8.2937,2015-06-30
2015-07-01,8.3493,2015-07-31
2015-07-02,8.4545,2015-07-31
2015-07-06,8.4468,2015-07-31
2015-07-07,8.5483,2015-07-31
2015-07-08,8.4671,2015-07-31
2015-07-09,8.4956,2015-07-31
2015-07-10,8.4375,2015-07-31
2015-07-13,8.4703,2015-07-31
2015-07-14,8.5027,2015-07-31
2015-07-15,8.5025,2015-07-31
2015-07-16,8.5398,2015-07-31
2015-07-17,8.6402,2015-07-31
2015-07-20,8.6088,2015-07-31
2015-07-21,8.5604,2015-07-31
2015-07-22,8.6267,2015-07-31
2015-07-23,8.5875,2015-07-31
2015-07-24,8.5876,2015-07-31
2015-07-27,8.4916,2015-07-31
2015-07-28,8.5722,2015-07-31
2015-07-29,8.5991,2015-07-31
2015-07-30,8.6344,2015-07-31
2015-07-31,8.5925,2015-07-31
2015-08-03,8.6428,2015-08-31
2015-08-04,8.6453,2015-08-31
2015-08-05,8.733,2015-08-31
2015-08-06,8.7477,2015-08-31
2015-08-07,8.7679,2015-08-31
2015-08-10,8.6986,2015-08-31
2015-08-11,8.6691,2015-08-31
2015-08-12,8.5672,2015-08-31
2015-08-13,8.4833,2015-08-31
2015-08-14,8.5174,2015-08-31
2015-08-17,8.5198,2015-08-31
2015-08-18,8.5456,2015-08-31
2015-08-19,8.5783,2015-08-31
2015-08-20,8.506,2015-08-31
2015-08-21,8.3665,2015-08-31
2015-08-24,8.2769,2015-08-31
2015-08-25,8.4405,2015-08-31
2015-08-26,8.4619,2015-08-31
2015-08-27,8.4752,2015-08-31
2015-08-28,8.4649,2015-08-31
2015-08-31,8.4745,2015-08-31
2015-09-01,8.4609,2015-09-30
2015-09-02,8.4193,2015-09-30
2015-09-03,8.4266,2015-09-30
2015-09-04,8.4688,2015-09-30
2015-09-08,8.4108,2015-09-30
2015-09-09,8.4106,2015-09-30
2015-09-10,8.3663,2015-09-30
2015-09-11,8.2375,2015-09-30
2015-09-14,8.2576,2015-09-30
2015-09-15,8.3035,2015-09-30
2015-09-16,8.2439,2015-09-30
2015-09-17,8.259,2015-09-30
2015-09-18,8.2099,2015-09-30
2015-09-21,8.3362,2015-09-30
2015-09-22,8.395,2015-09-30
2015-09-23,8.4357,2015-09-30
2015-09-24,8.389,2015-09-30
2015-09-25,8.4078,2015-09-30
2015-09-28,8.4688,2015-09-30
2015-09-29,8.3846,2015-09-30
2015-09-30,8.3912,2015-09-30
2015-10-01,8.3633,2015-10-31
2015-10-02,8.319,2015-10-31
2015-10-05,8.3391,2015-10-31
2015-10-06,8.2362,2015-10-31
2015-10-07,8.2421,2015-10-31
2015-10-08,8.2338,2015-10-31
2015-10-09,8.183,2015-10-31
2015-10-13,8.1333,2015-10-31
2015-10-14,8.1341,2015-10-31
2015-10-15,8.2285,2015-10-31
2015-10-16,8.2217,2015-10-31
2015-10-19,8.3185,2015-10-31
2015-10-20,8.2819,2015-10-31
2015-10-21,8.3194,2015-10-31
2015-10-22,8.4394,2015-10-31
2015-10-23,8.5092,2015-10-31
2015-10-26,8.4997,2015-10-31
2015-10-27,8.4935,2015-10-31
2015-10-28,8.4173,2015-10-31
2015-10-29,8.5536,2015-10-31
2015-10-30,8.4922,2015-10-31
2015-11-02,8.5079,2015-11-30
2015-11-03,8.5526,2015-11-30
2015-11-04,8.6296,2015-11-30
2015-11-05,8.6473,2015-11-30
2015-11-06,8.7203,2015-11-30
2015-11-09,8.6731,2015-11-30
2015-11-10,8.7134,2015-11-30
2015-11-12,8.6459,2015-11-30
2015-11-13,8.7153,2015-11-30
2015-11-16,8.6957,2015-11-30
2015-11-17,8.7633,2015-11-30
2015-11-18,8.7423,2015-11-30
2015-11-19,8.6537,2015-11-30
2015-11-20,8.6929,2015-11-30
2015-11-23,8.7369,2015-11-30
2015-11-24,8.7009,2015-11-30
2015-11-25,8.7349,2015-11-30
2015-11-27,8.7292,2015-11-30
2015-11-30,8.7206,2015-11-30
2015-12-01,8.6974,2015-12-31
2015-12-02,8.7069,2015-12-31
2015-12-03,8.4958,2015-12-31
2015-12-04,8.4837,2015-12-31
2015-12-07,8.5384,2015-12-31
2015-12-08,8.5168,2015-12-31
2015-12-09,8.4267,2015-12-31
2015-12-10,8.4927,2015-12-31
2015-12-11,8.4816,2015-12-31
2015-12-14,8.4753,2015-12-31
2015-12-15,8.5023,2015-12-31
2015-12-16,8.5222,2015-12-31
2015-12-17,8.564,2015-12-31
2015-12-18,8.5602,2015-12-31
2015-12-21,8.5092,2015-12-31
2015-12-22,8.4113,2015-12-31
2015-12-23,8.4626,2015-12-31
2015-12-24,8.4008,2015-12-31
2015-12-28,8.3622,2015-12-31
2015-12-29,8.3774,2015-12-31
2015-12-30,8.4275,2015-12-31
2015-12-31,8.4485,2015-12-31
2016-01-04,8.5057,2016-01-31
2016-01-05,8.5987,2016-01-31
2016-01-06,8.6024,2016-01-31
2016-01-07,8.5106,2016-01-31
2016-01-08,8.5287,2016-01-31
2016-01-11,8.5253,2016-01-31
2016-01-12,8.5535,2016-01-31
2016-01-13,8.5165,2016-01-31
2016-01-14,8.5348,2016-01-31
2016-01-15,8.5512,2016-01-31
2016-01-19,8.5477,2016-01-31
2016-01-20,8.5825,2016-01-31
2016-01-21,8.5655,2016-01-31
2016-01-22,8.5754,2016-01-31
2016-01-25,8.5694,2016-01-31
2016-01-26,8.5614,2016-01-31
2016-01-27,8.5124,2016-01-31
2016-01-28,8.5048,2016-01-31
2016-01-29,8.5709,2016-01-31
2016-02-01,8.5385,2016-02-29
2016-02-02,8.5749,2016-02-29
2016-02-03,8.4745,2016-02-29
2016-02-04,8.3983,2016-02-29
2016-02-05,8.4802,2016-02-29
2016-02-08,8.4593,2016-02-29
2016-02-09,8.4061,2016-02-29
2016-02-10,8.4612,2016-02-29
2016-02-11,8.344,2016-02-29
2016-02-12,8.4337,2016-02-29
2016-02-16,8.4959,2016-02-29
2016-02-17,8.5104,2016-02-29
2016-02-18,8.4758,2016-02-29
2016-02-19,8.4426,2016-02-29
2016-02-22,8.5023,2016-02-29
2016-02-23,8.4829,2016-02-29
2016-02-24,8.4859,2016-02-29
2016-02-25,8.5157,2016-02-29
2016-02-26,8.5557,2016-02-29
2016-02-29,8.5709,2016-02-29
2016-03-01,8.6312,2016-03-31
2016-03-02,8.6321,2016-03-31
2016-03-03,8.5418,2016-03-31
2016-03-04,8.4779,2016-03-31
2016-03-07,8.4752,2016-03-31
2016-03-08,8.4776,2016-03-31
2016-03-09,8.4238,2016-03-31
2016-03-10,8.3712,2016-03-31
2016-03-11,8.3339,2016-03-31
2016-03-14,8.3326,2016-03-31
2016-03-15,8.3031,2016-03-31
2016-03-16,8.3168,2016-03-31
2016-03-17,8.1867,2016-03-31
2016-03-18,8.209,2016-03-31
2016-03-21,8.2166,2016-03-31
2016-03-22,8.2188,2016-03-31
2016-03-23,8.2672,2016-03-31
2016-03-24,8.3021,2016-03-31
2016-03-25,8.3066,2016-03-31
2016-03-28,8.2808,2016-03-31
2016-03-29,8.2546,2016-03-31
2016-03-30,8.15,2016-03-31
2016-03-31,8.0962,2016-03-31
2016-04-01,8.1164,2016-04-30
2016-04-04,8.1239,2016-04-30
2016-04-05,8.1408,2016-04-30
2016-04-06,8.1378,2016-04-30
2016-04-07,8.152,2016-04-30
2016-04-08,8.1453,2016-04-30
2016-04-11,8.1112,2016-04-30
2016-04-12,8.0701,2016-04-30
2016-04-13,8.1415,2016-04-30
2016-04-14,8.1264,2016-04-30
2016-04-15,8.1234,2016-04-30
2016-04-18,8.1214,2016-04-30
2016-04-19,8.074,2016-04-30
2016-04-20,8.089,2016-04-30
2016-04-21,8.1199,2016-04-30
2016-04-22,8.1244,2016-04-30
2016-04-25,8.1269,2016-04-30
2016-04-26,8.0938,2016-04-30
2016-04-27,8.0814,2016-04-30
2016-04-28,8.0851,2016-04-30
2016-04-29,8.0267,2016-04-30
2016-05-02,7.9761,2016-05-31
2016-05-03,8.0272,2016-05-31
2016-05-04,8.0679,2016-05-31
2016-05-05,8.1073,2016-05-31
2016-05-06,8.1254,2016-05-31
2016-05-09,8.1546,2016-05-31
2016-05-10,8.1466,2016-05-31
2016-05-11,8.1207,2016-05-31
2016-05-12,8.188,2016-05-31
2016-05-13,8.2562,2016-05-31
2016-05-16,8.2416,2016-05-31
2016-05-17,8.2281,2016-05-31
2016-05-18,8.2868,2016-05-31
2016-05-19,8.3375,2016-05-31
2016-05-20,8.3308,2016-05-31
2016-05-23,8.3599,2016-05-31
2016-05-24,8.3219,2016-05-31
2016-05-25,8.3028,2016-05-31
2016-05-26,8.2847,2016-05-31
2016-05-27,8.3224,2016-05-31
2016-05-31,8.336,2016-05-31
2016-06-01,8.303,2016-06-30
2016-06-02,8.3278,2016-06-30
2016-06-03,8.1742,2016-06-30
2016-06-06,8.1258,2016-06-30
2016-06-07,8.1404,2016-06-30
2016-06-08,8.1102,2016-06-30
2016-06-09,8.1685,2016-06-30
2016-06-10,8.2743,2016-06-30
2016-06-13,8.2548,2016-06-30
2016-06-14,8.3033,2016-06-30
2016-06-15,8.323,2016-06-30
2016-06-16,8.4216,2016-06-30
2016-06-17,8.3406,2016-06-30
2016-06-20,8.2374,2016-06-30
2016-06-21,8.2575,2016-06-30
2016-06-22,8.2727,2016-06-30
2016-06-23,8.1654,2016-06-30
2016-06-24,8.4345,2016-06-30
2016-06-27,8.5598,2016-06-30
2016-06-28,8.5372,2016-06-30
2016-06-29,8.4602,2016-06-30
2016-06-30,8.5028,2016-06-30
2016-07-01,8.4301,2016-07-31
2016-07-05,8.528,2016-07-31
2016-07-06,8.5276,2016-07-31
2016-07-07,8.5724,2016-07-31
2016-07-08,8.5984,2016-07-31
2016-07-11,8.584,2016-07-31
2016-07-12,8.5203,2016-07-31
2016-07-13,8.4751,2016-07-31
2016-07-14,8.4823,2016-07-31
2016-07-15,8.5455,2016-07-31
2016-07-18,8.5505,2016-07-31
2016-07-19,8.6114,2016-07-31
2016-07-20,8.6003,2016-07-31
2016-07-21,8.5947,2016-07-31
2016-07-22,8.6603,2016-07-31
2016-07-25,8.6513,2016-07-31
2016-07-26,8.6568,2016-07-31
2016-07-27,8.6797,2016-07-31
2016-07-28,8.6243,2016-07-31
2016-07-29,8.5503,2016-07-31
2016-08-01,8.5701,2016-08-31
2016-08-02,8.5105,2016-08-31
2016-08-03,8.5207,2016-08-31
2016-08-04,8.5214,2016-08-31
2016-08-05,8.5634,2016-08-31
2016-08-08,8.5867,2016-08-31
2016-08-09,8.5314,2016-08-31
2016-08-10,8.4686,2016-08-31
2016-08-11,8.4306,2016-08-31
2016-08-12,8.44,2016-08-31
2016-08-15,8.4542,2016-08-31
2016-08-16,8.4091,2016-08-31
2016-08-17,8.4384,2016-08-31
2016-08-18,8.358,2016-08-31
2016-08-19,8.3781,2016-08-31
2016-08-22,8.3826,2016-08-31
2016-08-23,8.3781,2016-08-31
2016-08-24,8.4068,2016-08-31
2016-08-25,8.4132,2016-08-31
2016-08-26,8.4464,2016-08-31
2016-08-29,8.4767,2016-08-31
2016-08-30,8.5389,2016-08-31
2016-08-31,8.5689,2016-08-31
2016-09-01,8.5504,2016-09-30
2016-09-02,8.5886,2016-09-30
2016-09-06,8.4765,2016-09-30
2016-09-07,8.4443,2016-09-30
2016-09-08,8.4483,2016-09-30
2016-09-09,8.4995,2016-09-30
2016-09-12,8.4992,2016-09-30
2016-09-13,8.5072,2016-09-30
2016-09-14,8.4628,2016-09-30
2016-09-15,8.4753,2016-09-30
2016-09-16,8.5761,2016-09-30
2016-09-19,8.5483,2016-09-30
2016-09-20,8.5801,2016-09-30
2016-09-21,8.5831,2016-09-30
2016-09-22,8.5322,2016-09-30
2016-09-23,8.5457,2016-09-30
2016-09-26,8.5175,2016-09-30
2016-09-27,8.612,2016-09-30
2016-09-28,8.5889,2016-09-30
2016-09-29,8.5435,2016-09-30
2016-09-30,8.5726,2016-09-30
2016-10-03,8.5641,2016-10-31
2016-10-04,8.5838,2016-10-31
2016-10-05,8.5989,2016-10-31
2016-10-06,8.6246,2016-10-31
2016-10-07,8.6616,2016-10-31
2016-10-11,8.8172,2016-10-31
2016-10-12,8.8306,2016-10-31
2016-10-13,8.805,2016-10-31
2016-10-14,8.8353,2016-10-31
2016-10-17,8.8135,2016-10-31
2016-10-18,8.8087,2016-10-31
2016-10-19,8.8431,2016-10-31
2016-10-20,8.8577,2016-10-31
2016-10-21,8.9297,2016-10-31
2016-10-24,8.9039,2016-10-31
2016-10-25,8.9224,2016-10-31
2016-10-26,8.8994,2016-10-31
2016-10-27,9.0646,2016-10-31
2016-10-28,9.0353,2016-10-31
2016-10-31,9.0207,2016-10-31
2016-11-01,8.9479,2016-11-30
2016-11-02,8.8938,2016-11-30
2016-11-03,8.9318,2016-11-30
2016-11-04,8.9543,2016-11-30
2016-11-07,9.0272,2016-11-30
2016-11-08,9.0102,2016-11-30
2016-11-09,9.0293,2016-11-30
2016-11-10,9.0874,2016-11-30
2016-11-14,9.1669,2016-11-30
2016-11-15,9.1814,2016-11-30
2016-11-16,9.1849,2016-11-30
2016-11-17,9.2191,2016-11-30
2016-11-18,9.2515,2016-11-30
2016-11-21,9.2494,2016-11-30
2016-11-22,9.2267,2016-11-30
2016-11-23,9.2686,2016-11-30
2016-11-25,9.2289,2016-11-30
2016-11-28,9.2275,2016-11-30
2016-11-29,9.1902,2016-11-30
2016-11-30,9.2548,2016-11-30
2016-12-01,9.2479,2016-12-31
2016-12-02,9.1936,2016-12-31
2016-12-05,9.1554,2016-12-31
2016-12-06,9.1214,2016-12-31
2016-12-07,9.0784,2016-12-31
2016-12-08,9.1273,2016-12-31
2016-12-09,9.1968,2016-12-31
2016-12-12,9.1874,2016-12-31
2016-12-13,9.1553,2016-12-31
2016-12-14,9.1535,2016-12-31
2016-12-15,9.4207,2016-12-31
2016-12-16,9.3581,2016-12-31
2016-12-19,9.3427,2016-12-31
2016-12-20,9.3557,2016-12-31
2016-12-21,9.228,2016-12-31
2016-12-22,9.1911,2016-12-31
2016-12-23,9.198,2016-12-31
2016-12-27,9.2277,2016-12-31
2016-12-28,9.206,2016-12-31
2016-12-29,9.1213,2016-12-31
2016-12-30,9.0803,2016-12-31
2017-01-03,9.1583,2017-01-31
2017-01-04,9.1108,2017-01-31
2017-01-05,8.9981,2017-01-31
2017-01-06,9.0421,2017-01-31
2017-01-09,9.0441,2017-01-31
2017-01-10,9.0643,2017-01-31
2017-01-11,9.1003,2017-01-31
2017-01-12,8.9121,2017-01-31
2017-01-13,8.9143,2017-01-31
2017-01-17,8.9119,2017-01-31
2017-01-18,8.9134,2017-01-31
2017-01-19,8.977,2017-01-31
2017-01-23,8.8427,2017-01-31
2017-01-24,8.8411,2017-01-31
2017-01-25,8.8254,2017-01-31
2017-01-26,8.8582,2017-01-31
2017-01-27,8.8499,2017-01-31
2017-01-30,8.8396,2017-01-31
2017-01-31,8.7525,2017-01-31
2017-02-01,8.7643,2017-02-28
2017-02-02,8.7176,2017-02-28
2017-02-03,8.7681,2017-02-28
2017-02-06,8.8343,2017-02-28
2017-02-07,8.8625,2017-02-28
2017-02-08,8.8331,2017-02-28
2017-02-09,8.9006,2017-02-28
2017-02-10,8.9,2017-02-28
2017-02-13,8.9362,2017-02-28
2017-02-14,8.94,2017-02-28
2017-02-15,8.9191,2017-02-28
2017-02-16,8.8612,2017-02-28
2017-02-17,8.9175,2017-02-28
2017-02-21,8.9677,2017-02-28
2017-02-22,8.982,2017-02-28
2017-02-23,8.986,2017-02-28
2017-02-24,8.9994,2017-02-28
2017-02-27,9.0134,2017-02-28
2017-02-28,9.0098,2017-02-28
2017-03-01,9.0293,2017-03-31
2017-03-02,9.0664,2017-03-31
2017-03-03,9.0372,2017-03-31
2017-03-06,9.0115,2017-03-31
2017-03-07,8.9966,2017-03-31
2017-03-08,9.0444,2017-03-31
2017-03-09,9.0305,2017-03-31
2017-03-10,9.0139,2017-03-31
2017-03-13,8.9466,2017-03-31
2017-03-14,8.9471,2017-03-31
2017-03-15,8.9571,2017-03-31
2017-03-16,8.8241,2017-03-31
2017-03-17,8.8167,2017-03-31
2017-03-20,8.8247,2017-03-31
2017-03-21,8.789,2017-03-31
2017-03-22,8.7984,2017-03-31
2017-03-23,8.8139,2017-03-31
2017-03-24,8.8111,2017-03-31
2017-03-27,8.7701,2017-03-31
2017-03-28,8.7864,2017-03-31
2017-03-29,8.8801,2017-03-31
2017-03-30,8.9092,2017-03-31
2017-03-31,8.9349,2017-03-31
2017-04-03,8.9639,2017-04-30
2017-04-04,9.0014,2017-04-30
2017-04-05,8.978,2017-04-30
2017-04-06,9.0076,2017-04-30
2017-04-07,9.0503,2017-04-30
2017-04-10,9.0635,2017-04-30
2017-04-11,9.045,2017-04-30
2017-04-12,9.0165,2017-04-30
2017-04-13,9.0255,2017-04-30
2017-04-14,9.0289,2017-04-30
2017-04-17,8.9864,2017-04-30
2017-04-18,8.9737,2017-04-30
2017-04-19,8.982,2017-04-30
2017-04-20,8.9546,2017-04-30
2017-04-21,9.0155,2017-04-30
2017-04-24,8.8732,2017-04-30
2017-04-25,8.7675,2017-04-30
2017-04-26,8.7855,2017-04-30
2017-04-27,8.8499,2017-04-30
2017-04-28,8.8635,2017-04-30
2017-05-01,8.8281,2017-05-31
2017-05-02,8.8291,2017-05-31
2017-05-03,8.8148,2017-05-31
2017-05-04,8.816,2017-05-31
2017-05-05,8.7941,2017-05-31
2017-05-08,8.8372,2017-05-31
2017-05-09,8.8876,2017-05-31
2017-05-10,8.913,2017-05-31
2017-05-11,8.8799,2017-05-31
2017-05-12,8.8439,2017-05-31
2017-05-15,8.819,2017-05-31
2017-05-16,8.7982,2017-05-31
2017-05-17,8.7533,2017-05-31
2017-05-18,8.7755,2017-05-31
2017-05-19,8.7398,2017-05-31
2017-05-22,8.6994,2017-05-31
2017-05-23,8.7069,2017-05-31
2017-05-24,8.7107,2017-05-31
2017-05-25,8.6731,2017-05-31
2017-05-26,8.6926,2017-05-31
2017-05-30,8.7256,2017-05-31
2017-05-31,8.6788,2017-05-31
2017-06-01,8.6915,2017-06-30
2017-06-02,8.6323,2017-06-30
2017-06-05,8.6621,2017-06-30
2017-06-06,8.6733,2017-06-30
2017-06-07,8.6945,2017-06-30
2017-06-08,8.7159,2017-06-30
2017-06-09,8.7178,2017-06-30
2017-06-12,8.7412,2017-06-30
2017-06-13,8.7035,2017-06-30
2017-06-14,8.6421,2017-06-30
2017-06-15,8.7503,2017-06-30
2017-06-16,8.7035,2017-06-30
2017-06-19,8.7339,2017-06-30
2017-06-20,8.7941,2017-06-30
2017-06-21,8.7619,2017-06-30
2017-06-22,8.753,2017-06-30
2017-06-23,8.7139,2017-06-30
2017-06-26,8.713,2017-06-30
2017-06-27,8.6147,2017-06-30
2017-06-28,8.5665,2017-06-30
2017-06-29,8.495,2017-06-30
2017-06-30,8.44,2017-06-30
2017-07-03,8.4742,2017-07-31
2017-07-05,8.5031,2017-07-31
2017-07-06,8.4454,2017-07-31
2017-07-07,8.4373,2017-07-31
2017-07-10,8.4368,2017-07-31
2017-07-11,8.4259,2017-07-31
2017-07-12,8.4176,2017-07-31
2017-07-13,8.3662,2017-07-31
2017-07-14,8.3298,2017-07-31
2017-07-17,8.3016,2017-07-31
2017-07-18,8.2742,2017-07-31
2017-07-19,8.2893,2017-07-31
2017-07-20,8.2314,2017-07-31
2017-07-21,8.2491,2017-07-31
2017-07-24,8.2205,2017-07-31
2017-07-25,8.2025,2017-07-31
2017-07-26,8.2301,2017-07-31
2017-07-27,8.2297,2017-07-31
2017-07-28,8.1177,2017-07-31
2017-07-31,8.0752,2017-07-31
2017-08-01,8.1124,2017-08-31
2017-08-02,8.0958,2017-08-31
2017-08-03,8.0922,2017-08-31
2017-08-04,8.1615,2017-08-31
2017-08-07,8.1597,2017-08-31
2017-08-08,8.1928,2017-08-31
2017-08-09,8.1879,2017-08-31
2017-08-10,8.1475,2017-08-31
2017-08-11,8.1405,2017-08-31
2017-08-14,8.1107,2017-08-31
2017-08-15,8.0847,2017-08-31
2017-08-16,8.1177,2017-08-31
2017-08-17,8.1152,2017-08-31
2017-08-18,8.1082,2017-08-31
2017-08-21,8.0693,2017-08-31
2017-08-22,8.1034,2017-08-31
2017-08-23,8.0753,2017-08-31
2017-08-24,8.0584,2017-08-31
2017-08-25,7.9963,2017-08-31
2017-08-28,7.9591,2017-08-31
2017-08-29,7.9132,2017-08-31
2017-08-30,7.9635,2017-08-31
2017-08-31,7.955,2017-08-31
2017-09-01,7.9911,2017-09-30
2017-09-05,7.964,2017-09-30
2017-09-06,7.9506,2017-09-30
2017-09-07,7.9435,2017-09-30
2017-09-08,7.9361,2017-09-30
2017-09-11,8.0063,2017-09-30
2017-09-12,7.9619,2017-09-30
2017-09-13,8.0295,2017-09-30
2017-09-14,8.0116,2017-09-30
2017-09-15,7.9589,2017-09-30
2017-09-18,7.9673,2017-09-30
2017-09-19,7.9585,2017-09-30
2017-09-20,7.9472,2017-09-30
2017-09-21,7.9705,2017-09-30
2017-09-22,7.9536,2017-09-30
2017-09-25,8.0486,2017-09-30
2017-09-26,8.1471,2017-09-30
2017-09-27,8.1508,2017-09-30
2017-09-28,8.1411,2017-09-30
2017-09-29,8.1538,2017-09-30
2017-10-02,8.1595,2017-10-31
2017-10-03,8.1252,2017-10-31
2017-10-04,8.0959,2017-10-31
2017-10-05,8.1354,2017-10-31
2017-10-06,8.1198,2017-10-31
2017-10-10,8.0743,2017-10-31
2017-10-11,8.0534,2017-10-31
2017-10-12,8.1051,2017-10-31
2017-10-13,8.099,2017-10-31
2017-10-16,8.1015,2017-10-31
2017-10-17,8.1608,2017-10-31
2017-10-18,8.1522,2017-10-31
2017-10-19,8.1393,2017-10-31
2017-10-20,8.1729,2017-10-31
2017-10-23,8.1885,2017-10-31
2017-10-24,8.2044,2017-10-31
2017-10-25,8.2228,2017-10-31
2017-10-26,8.3177,2017-10-31
2017-10-27,8.3803,2017-10-31
2017-10-30,8.3602,2017-10-31
2017-10-31,8.3612,2017-10-31
2017-11-01,8.4017,2017-11-30
2017-11-02,8.3849,2017-11-30
2017-11-03,8.434,2017-11-30
2017-11-06,8.4036,2017-11-30
2017-11-07,8.4021,2017-11-30
2017-11-08,8.3826,2017-11-30
2017-11-09,8.3683,2017-11-30
2017-11-13,8.3942,2017-11-30
2017-11-14,8.4188,2017-11-30
2017-11-15,8.4436,2017-11-30
2017-11-16,8.4038,2017-11-30
2017-11-17,8.4375,2017-11-30
2017-11-20,8.4803,2017-11-30
2017-11-21,8.4297,2017-11-30
2017-11-22,8.3785,2017-11-30
2017-11-24,8.2769,2017-11-30
2017-11-27,8.2971,2017-11-30
2017-11-28,8.3377,2017-11-30
2017-11-29,8.351,2017-11-30
2017-11-30,8.3599,2017-11-30
2017-12-01,8.3623,2017-12-31
2017-12-04,8.4238,2017-12-31
2017-12-05,8.3763,2017-12-31
2017-12-06,8.4298,2017-12-31
2017-12-07,8.4676,2017-12-31
2017-12-08,8.4696,2017-12-31
2017-12-11,8.4962,2017-12-31
2017-12-12,8.4465,2017-12-31
2017-12-13,8.4464,2017-12-31
2017-12-14,8.4288,2017-12-31
2017-12-15,8.5053,2017-12-31
2017-12-18,8.4169,2017-12-31
2017-12-19,8.4195,2017-12-31
2017-12-20,8.3783,2017-12-31
2017-12-21,8.3935,2017-12-31
2017-12-22,8.358,2017-12-31
2017-12-26,8.3451,2017-12-31
2017-12-27,8.2684,2017-12-31
2017-12-28,8.2438,2017-12-31
2017-12-29,8.1732,2017-12-31
2018-01-02,8.1724,2018-01-31
2018-01-03,8.1708,2018-01-31
2018-01-04,8.137,2018-01-31
2018-01-05,8.1331,2018-01-31
2018-01-08,8.1986,2018-01-31
2018-01-09,8.2413,2018-01-31
2018-01-10,8.1973,2018-01-31
2018-01-11,8.1325,2018-01-31
2018-01-12,8.0933,2018-01-31
2018-01-16,8.0402,2018-01-31
2018-01-17,8.0309,2018-01-31
2018-01-18,8.0151,2018-01-31
2018-01-19,8.0348,2018-01-31
2018-01-22,8.0412,2018-01-31
2018-01-23,8.0289,2018-01-31
2018-01-24,7.9408,2018-01-31
2018-01-25,7.8549,2018-01-31
2018-01-26,7.8723,2018-01-31
2018-01-29,7.9063,2018-01-31
2018-01-30,7.8925,2018-01-31
2018-01-31,7.8736,2018-01-31
2018-02-01,7.8588,2018-02-28
2018-02-02,7.9092,2018-02-28
2018-02-05,7.9258,2018-02-28
2018-02-06,7.954,2018-02-28
2018-02-07,8.0396,2018-02-28
2018-02-08,8.1225,2018-02-28
2018-02-09,8.1069,2018-02-28
2018-02-12,8.0868,2018-02-28
2018-02-13,8.0257,2018-02-28
2018-02-14,8.0051,2018-02-28
2018-02-15,7.9596,2018-02-28
2018-02-16,7.944,2018-02-28
2018-02-20,8.0775,2018-02-28
2018-02-21,8.0766,2018-02-28
2018-02-22,8.1228,2018-02-28
2018-02-23,8.1611,2018-02-28
2018-02-26,8.1609,2018-02-28
2018-02-27,8.2235,2018-02-28
2018-02-28,8.2694,2018-02-28
2018-03-01,8.2603,2018-03-31
2018-03-02,8.259,2018-03-31
2018-03-05,8.2558,2018-03-31
2018-03-06,8.209,2018-03-31
2018-03-07,8.2539,2018-03-31
2018-03-08,8.2705,2018-03-31
2018-03-09,8.2307,2018-03-31
2018-03-12,8.2461,2018-03-31
2018-03-13,8.2013,2018-03-31
2018-03-14,8.1973,2018-03-31
2018-03-15,8.1808,2018-03-31
2018-03-16,8.196,2018-03-31
2018-03-19,8.1707,2018-03-31
2018-03-20,8.2043,2018-03-31
2018-03-21,8.223,2018-03-31
2018-03-22,8.2448,2018-03-31
2018-03-23,8.2472,2018-03-31
2018-03-26,8.1941,2018-03-31
2018-03-27,8.2118,2018-03-31
2018-03-28,8.3133,2018-03-31
2018-03-29,8.3619,2018-03-31
2018-03-30,8.3619,2018-03-31
2018-04-02,8.39,2018-04-30
2018-04-03,8.3973,2018-04-30
2018-04-04,8.4029,2018-04-30
2018-04-05,8.4306,2018-04-30
2018-04-06,8.3906,2018-04-30
2018-04-09,8.3617,2018-04-30
2018-04-10,8.3157,2018-04-30
2018-04-11,8.3274,2018-04-30
2018-04-12,8.4237,2018-04-30
2018-04-13,8.446,2018-04-30
2018-04-16,8.4279,2018-04-30
2018-04-17,8.4183,2018-04-30
2018-04-18,8.3922,2018-04-30
2018-04-19,8.407,2018-04-30
2018-04-20,8.4453,2018-04-30
2018-04-23,8.501,2018-04-30
2018-04-24,8.5138,2018-04-30
2018-04-25,8.5597,2018-04-30
2018-04-26,8.6604,2018-04-30
2018-04-27,8.6769,2018-04-30
2018-04-30,8.763,2018-04-30
2018-05-01,8.8386,2018-05-31
2018-05-02,8.8974,2018-05-31
2018-05-03,8.8417,2018-05-31
2018-05-04,8.8033,2018-05-31
2018-05-07,8.8184,2018-05-31
2018-05-08,8.8136,2018-05-31
2018-05-09,8.7044,2018-05-31
2018-05-10,8.6631,2018-05-31
2018-05-11,8.5912,2018-05-31
2018-05-14,8.6003,2018-05-31
2018-05-15,8.6668,2018-05-31
2018-05-16,8.6664,2018-05-31
2018-05-17,8.7446,2018-05-31
2018-05-18,8.7504,2018-05-31
2018-05-21,8.7015,2018-05-31
2018-05-22,8.6708,2018-05-31
2018-05-23,8.7691,2018-05-31
2018-05-24,8.7539,2018-05-31
2018-05-25,8.7432,2018-05-31
2018-05-29,8.9564,2018-05-31
2018-05-30,8.8025,2018-05-31
2018-05-31,8.8233,2018-05-31
2018-06-01,8.8205,2018-06-30
2018-06-04,8.753,2018-06-30
2018-06-05,8.7774,2018-06-30
2018-06-06,8.7279,2018-06-30
2018-06-07,8.6793,2018-06-30
2018-06-08,8.716,2018-06-30
2018-06-11,8.6511,2018-06-30
2018-06-12,8.6059,2018-06-30
2018-06-13,8.6179,2018-06-30
2018-06-14,8.6839,2018-06-30
2018-06-15,8.7822,2018-06-30
2018-06-18,8.8301,2018-06-30
2018-06-19,8.9066,2018-06-30
2018-06-20,8.8703,2018-06-30
2018-06-21,8.9077,2018-06-30
2018-06-22,8.8698,2018-06-30
2018-06-25,8.8699,2018-06-30
2018-06-26,8.8558,2018-06-30
2018-06-27,8.9352,2018-06-30
2018-06-28,9.0091,2018-06-30
2018-06-29,8.9511,2018-06-30
2018-07-02,8.9988,2018-07-31
2018-07-03,8.8262,2018-07-31
2018-07-05,8.767,2018-07-31
2018-07-06,8.7275,2018-07-31
2018-07-09,8.7241,2018-07-31
2018-07-10,8.7474,2018-07-31
2018-07-11,8.7769,2018-07-31
2018-07-12,8.8454,2018-07-31
2018-07-13,8.904,2018-07-31
2018-07-16,8.8205,2018-07-31
2018-07-17,8.825,2018-07-31
2018-07-18,8.8646,2018-07-31
2018-07-19,8.9426,2018-07-31
2018-07-20,8.8671,2018-07-31
2018-07-23,8.8522,2018-07-31
2018-07-24,8.828,2018-07-31
2018-07-25,8.8035,2018-07-31
2018-07-26,8.8052,2018-07-31
2018-07-27,8.8373,2018-07-31
2018-07-30,8.7522,2018-07-31
2018-07-31,8.7856,2018-07-31
2018-08-01,8.8033,2018-08-31
2018-08-02,8.8729,2018-08-31
2018-08-03,8.9009,2018-08-31
2018-08-06,8.9208,2018-08-31
2018-08-07,8.9106,2018-08-31
2018-08-08,8.9601,2018-08-31
2018-08-09,8.9786,2018-08-31
2018-08-10,9.1367,2018-08-31
2018-08-13,9.1325,2018-08-31
2018-08-14,9.1308,2018-08-31
2018-08-15,9.2228,2018-08-31
2018-08-16,9.1874,2018-08-31
2018-08-17,9.1726,2018-08-31
2018-08-20,9.1778,2018-08-31
2018-08-21,9.1198,2018-08-31
2018-08-22,9.0668,2018-08-31
2018-08-23,9.1208,2018-08-31
2018-08-24,9.1138,2018-08-31
2018-08-27,9.0953,2018-08-31
2018-08-28,9.1154,2018-08-31
2018-08-29,9.1518,2018-08-31
2018-08-30,9.1388,2018-08-31
2018-08-31,9.1566,2018-08-31
2018-09-04,9.1118,2018-09-30
2018-09-05,9.0702,2018-09-30
2018-09-06,9.0697,2018-09-30
2018-09-07,9.0813,2018-09-30
2018-09-10,9.0357,2018-09-30
2018-09-11,9.0354,2018-09-30
2018-09-12,9.0653,2018-09-30
2018-09-13,8.988,2018-09-30
2018-09-14,9.0299,2018-09-30
2018-09-17,8.9141,2018-09-30
2018-09-18,8.8993,2018-09-30
2018-09-19,8.868,2018-09-30
2018-09-20,8.7931,2018-09-30
2018-09-21,8.7938,2018-09-30
2018-09-24,8.7953,2018-09-30
2018-09-25,8.7939,2018-09-30
2018-09-26,8.8082,2018-09-30
2018-09-27,8.8202,2018-09-30
2018-09-28,8.878,2018-09-30
2018-10-01,8.9488,2018-10-31
2018-10-02,8.9855,2018-10-31
2018-10-03,9.029,2018-10-31
2018-10-04,9.0479,2018-10-31
2018-10-05,9.0857,2018-10-31
2018-10-09,9.115,2018-10-31
2018-10-10,9.0955,2018-10-31
2018-10-11,9.0146,2018-10-31
2018-10-12,8.9654,2018-10-31
2018-10-15,8.9405,2018-10-31
2018-10-16,8.886,2018-10-31
2018-10-17,8.949,2018-10-31
2018-10-18,9.0182,2018-10-31
2018-10-19,8.9864,2018-10-31
2018-10-22,8.9967,2018-10-31
2018-10-23,9.035,2018-10-31
2018-10-24,9.0959,2018-10-31
2018-10-25,9.1089,2018-10-31
2018-10-26,9.1256,2018-10-31
2018-10-29,9.1278,2018-10-31
2018-10-30,9.1567,2018-10-31
2018-10-31,9.1462,2018-10-31
2018-11-01,9.1462,2018-11-30
2018-11-02,9.0777,2018-11-30
2018-11-05,9.0722,2018-11-30
2018-11-06,9.0716,2018-11-30
2018-11-07,9.0028,2018-11-30
2018-11-08,8.9832,2018-11-30
2018-11-09,9.0716,2018-11-30
2018-11-13,9.1207,2018-11-30
2018-11-14,9.0863,2018-11-30
2018-11-15,9.0535,2018-11-30
2018-11-16,9.0151,2018-11-30
2018-11-19,9.0025,2018-11-30
2018-11-20,9.0638,2018-11-30
2018-11-21,9.0278,2018-11-30
2018-11-23,9.0909,2018-11-30
2018-11-26,9.0929,2018-11-30
2018-11-27,9.1149,2018-11-30
2018-11-28,9.1007,2018-11-30
2018-11-29,9.0599,2018-11-30
2018-11-30,9.0982,2018-11-30
2018-12-03,9.0234,2018-12-31
2018-12-04,9.0086,2018-12-31
2018-12-06,9.0037,2018-12-31
2018-12-07,9.0318,2018-12-31
2018-12-10,9.0804,2018-12-31
2018-12-11,9.0819,2018-12-31
2018-12-12,9.0916,2018-12-31
2018-12-13,9.054,2018-12-31
2018-12-14,9.0758,2018-12-31
2018-12-17,9.0447,2018-12-31
2018-12-18,9.0711,2018-12-31
2018-12-19,9.0572,2018-12-31
2018-12-20,8.9922,2018-12-31
2018-12-21,9.0227,2018-12-31
2018-12-26,9.0704,2018-12-31
2018-12-27,9.0101,2018-12-31
2018-12-28,8.9595,2018-12-31
2018-12-31,8.8654,2018-12-31
2019-01-02,8.9931,2019-01-31
2019-01-03,9.0004,2019-01-31
2019-01-04,8.9488,2019-01-31
2019-01-07,8.9013,2019-01-31
2019-01-08,8.9281,2019-01-31
2019-01-09,8.8836,2019-01-31
2019-01-10,8.8829,2019-01-31
2019-01-11,8.9305,2019-01-31
2019-01-15,8.9763,2019-01-31
2019-01-16,8.9846,2019-01-31
2019-01-17,9.027,2019-01-31
2019-01-18,9.0187,2019-01-31
2019-01-22,9.0263,2019-01-31
2019-01-23,9.0118,2019-01-31
2019-01-24,9.0729,2019-01-31
2019-01-25,9.0518,2019-01-31
2019-01-28,9.0527,2019-01-31
2019-01-29,9.0726,2019-01-31
2019-01-30,9.0908,2019-01-31
2019-01-31,9.0465,2019-01-31
2019-02-01,9.0384,2019-02-28
2019-02-04,9.0968,2019-02-28
2019-02-05,9.1098,2019-02-28
2019-02-06,9.1721,2019-02-28
2019-02-07,9.238,2019-02-28
2019-02-08,9.265,2019-02-28
2019-02-11,9.3008,2019-02-28
2019-02-12,9.2598,2019-02-28
2019-02-13,9.2425,2019-02-28
2019-02-14,9.3032,2019-02-28
2019-02-15,9.2867,2019-02-28
2019-02-19,9.3256,2019-02-28
2019-02-21,9.3519,2019-02-28
2019-02-22,9.351,2019-02-28
2019-02-25,9.3218,2019-02-28
2019-02-26,9.3018,2019-02-28
2019-02-27,9.2671,2019-02-28
2019-02-28,9.2341,2019-02-28
2019-03-01,9.2607,2019-03-31
2019-03-04,9.3444,2019-03-31
2019-03-05,9.3244,2019-03-31
2019-03-06,9.288,2019-03-31
2019-03-07,9.4392,2019-03-31
2019-03-08,9.4369,2019-03-31
2019-03-11,9.4168,2019-03-31
2019-03-12,9.3647,2019-03-31
2019-03-13,9.3031,2019-03-31
2019-03-14,9.3143,2019-03-31
2019-03-15,9.2399,2019-03-31
2019-03-18,9.2351,2019-03-31
2019-03-19,9.202,2019-03-31
2019-03-20,9.1839,2019-03-31
2019-03-21,9.1783,2019-03-31
2019-03-22,9.2947,2019-03-31
2019-03-25,9.2282,2019-03-31
2019-03-26,9.232,2019-03-31
2019-03-27,9.2772,2019-03-31
2019-03-28,9.2962,2019-03-31
2019-03-29,9.2949,2019-03-31
2019-04-01,9.2821,2019-04-30
2019-04-02,9.3349,2019-04-30
2019-04-03,9.2636,2019-04-30
2019-04-04,9.2768,2019-04-30
2019-04-05,9.2875,2019-04-30
2019-04-08,9.2523,2019-04-30
2019-04-09,9.2437,2019-04-30
2019-04-10,9.2637,2019-04-30
2019-04-11,9.2745,2019-04-30
2019-04-12,9.2636,2019-04-30
2019-04-15,9.2573,2019-04-30
2019-04-16,9.2445,2019-04-30
2019-04-17,9.245,2019-04-30
2019-04-18,9.3007,2019-04-30
2019-04-19,9.3027,2019-04-30
2019-04-22,9.3024,2019-04-30
2019-04-23,9.3665,2019-04-30
2019-04-24,9.3982,2019-04-30
2019-04-25,9.5287,2019-04-30
2019-04-26,9.4979,2019-04-30
2019-04-29,9.5242,2019-04-30
2019-04-30,9.5041,2019-04-30
2019-05-01,9.4968,2019-05-31
2019-05-02,9.5663,2019-05-31
2019-05-03,9.5483,2019-05-31
2019-05-06,9.5618,2019-05-31
2019-05-07,9.5996,2019-05-31
2019-05-08,9.5894,2019-05-31
2019-05-09,9.6466,2019-05-31
2019-05-10,9.6173,2019-05-31
2019-05-13,9.6251,2019-05-31
2019-05-14,9.626,2019-05-31
2019-05-15,9.6003,2019-05-31
2019-05-16,9.6018,2019-05-31
2019-05-17,9.6408,2019-05-31
2019-05-20,9.6552,2019-05-31
2019-05-21,9.66,2019-05-31
2019-05-22,9.6331,2019-05-31
2019-05-23,9.624,2019-05-31
2019-05-24,9.5539,2019-05-31
2019-05-28,9.5673,2019-05-31
2019-05-29,9.5692,2019-05-31
2019-05-30,9.5312,2019-05-31
2019-05-31,9.513,2019-05-31
2019-06-03,9.4729,2019-06-30
2019-06-04,9.4561,2019-06-30
2019-06-05,9.4394,2019-06-30
2019-06-06,9.4418,2019-06-30
2019-06-07,9.4001,2019-06-30
2019-06-10,9.4173,2019-06-30
2019-06-11,9.4424,2019-06-30
2019-06-12,9.4516,2019-06-30
2019-06-13,9.4878,2019-06-30
2019-06-14,9.4858,2019-06-30
2019-06-17,9.4705,2019-06-30
2019-06-18,9.5197,2019-06-30
2019-06-19,9.5197,2019-06-30
2019-06-20,9.4176,2019-06-30
2019-06-21,9.3861,2019-06-30
2019-06-24,9.2946,2019-06-30
2019-06-25,9.2585,2019-06-30
2019-06-26,9.2506,2019-06-30
2019-06-27,9.2713,2019-06-30
2019-06-28,9.2869,2019-06-30
2019-07-01,9.3364,2019-07-31
2019-07-02,9.3219,2019-07-31
2019-07-03,9.3155,2019-07-31
2019-07-05,9.4413,2019-07-31
2019-07-08,9.4618,2019-07-31
2019-07-09,9.4701,2019-07-31
2019-07-10,9.4105,2019-07-31
2019-07-11,9.3845,2019-07-31
2019-07-12,9.3763,2019-07-31
2019-07-15,9.3568,2019-07-31
2019-07-16,9.3801,2019-07-31
2019-07-17,9.3537,2019-07-31
2019-07-18,9.351,2019-07-31
2019-07-19,9.3764,2019-07-31
2019-07-22,9.4079,2019-07-31
2019-07-23,9.4649,2019-07-31
2019-07-24,9.4284,2019-07-31
2019-07-25,9.439,2019-07-31
2019-07-26,9.4974,2019-07-31
2019-07-29,9.4853,2019-07-31
2019-07-30,9.5678,2019-07-31
2019-07-31,9.5929,2019-07-31
2019-08-01,9.6492,2019-08-31
2019-08-02,9.6397,2019-08-31
2019-08-05,9.6109,2019-08-31
2019-08-06,9.588,2019-08-31
2019-08-07,9.6311,2019-08-31
2019-08-08,9.5777,2019-08-31
2019-08-09,9.5384,2019-08-31
2019-08-12,9.5709,2019-08-31
2019-08-13,9.5513,2019-08-31
2019-08-14,9.6326,2019-08-31
2019-08-15,9.6393,2019-08-31
2019-08-16,9.6643,2019-08-31
2019-08-19,9.6668,2019-08-31
2019-08-20,9.7057,2019-08-31
2019-08-21,9.6202,2019-08-31
2019-08-22,9.6641,2019-08-31
2019-08-23,9.6278,2019-08-31
2019-08-26,9.6712,2019-08-31
2019-08-27,9.6623,2019-08-31
2019-08-28,9.719,2019-08-31
2019-08-29,9.7695,2019-08-31
2019-08-30,9.8277,2019-08-31
2019-09-03,9.8378,2019-09-30
2019-09-04,9.7519,2019-09-30
2019-09-05,9.6796,2019-09-30
2019-09-06,9.6179,2019-09-30
2019-09-09,9.6489,2019-09-30
2019-09-10,9.6885,2019-09-30
2019-09-11,9.6871,2019-09-30
2019-09-12,9.6312,2019-09-30
2019-09-13,9.6095,2019-09-30
2019-09-16,9.6649,2019-09-30
2019-09-17,9.6711,2019-09-30
2019-09-18,9.6955,2019-09-30
2019-09-19,9.7018,2019-09-30
2019-09-20,9.7313,2019-09-30
2019-09-23,9.7217,2019-09-30
2019-09-24,9.6905,2019-09-30
2019-09-25,9.7538,2019-09-30
2019-09-26,9.757,2019-09-30
2019-09-27,9.8006,2019-09-30
2019-09-30,9.8307,2019-09-30
2019-10-01,9.8791,2019-10-31
2019-10-02,9.8791,2019-10-31
2019-10-03,9.8375,2019-10-31
2019-10-04,9.8512,2019-10-31
2019-10-07,9.8999,2019-10-31
2019-10-08,9.9471,2019-10-31
2019-10-09,9.9576,2019-10-31
2019-10-10,9.8406,2019-10-31
2019-10-11,9.8406,2019-10-31
2019-10-15,9.7916,2019-10-31
2019-10-16,9.7807,2019-10-31
2019-10-17,9.7088,2019-10-31
2019-10-18,9.6665,2019-10-31
2019-10-21,9.629,2019-10-31
2019-10-22,9.6328,2019-10-31
2019-10-23,9.6592,2019-10-31
2019-10-24,9.6481,2019-10-31
2019-10-25,9.6901,2019-10-31
2019-10-28,9.7045,2019-10-31
2019-10-29,9.7176,2019-10-31
2019-10-30,9.6903,2019-10-31
2019-10-31,9.6334,2019-10-31
2019-11-01,9.5639,2019-11-30
2019-11-04,9.603,2019-11-30
2019-11-05,9.6698,2019-11-30
2019-11-06,9.6179,2019-11-30
2019-11-07,9.6369,2019-11-30
2019-11-08,9.7095,2019-11-30
2019-11-12,9.71,2019-11-30
2019-11-13,9.7303,2019-11-30
2019-11-14,9.6964,2019-11-30
2019-11-15,9.6467,2019-11-30
2019-11-18,9.6139,2019-11-30
2019-11-19,9.6399,2019-11-30
2019-11-20,9.6334,2019-11-30
2019-11-21,9.6344,2019-11-30
2019-11-22,9.6235,2019-11-30
2019-11-25,9.6468,2019-11-30
2019-11-26,9.5976,2019-11-30
2019-11-27,9.5794,2019-11-30
2019-11-29,9.57,2019-11-30
2019-12-02,9.5384,2019-12-31
2019-12-03,9.5254,2019-12-31
2019-12-04,9.5217,2019-12-31
2019-12-05,9.4811,2019-12-31
2019-12-06,9.4929,2019-12-31
2019-12-09,9.5292,2019-12-31
2019-12-10,9.4971,2019-12-31
2019-12-11,9.4401,2019-12-31
2019-12-12,9.406,2019-12-31
2019-12-13,9.4002,2019-12-31
2019-12-16,9.3699,2019-12-31
2019-12-17,9.3754,2019-12-31
2019-12-18,9.4203,2019-12-31
2019-12-19,9.4211,2019-12-31
2019-12-20,9.4111,2019-12-31
2019-12-23,9.4295,2019-12-31
2019-12-24,9.4133,2019-12-31
2019-12-26,9.4108,2019-12-31
2019-12-27,9.3405,2019-12-31
2019-12-30,9.3145,2019-12-31
2019-12-31,9.3425,2019-12-31
2020-01-02,9.3689,2020-01-31
2020-01-03,9.3844,2020-01-31
2020-01-06,9.4132,2020-01-31
2020-01-07,9.4504,2020-01-31
2020-01-08,9.4514,2020-01-31
2020-01-09,9.4877,2020-01-31
2020-01-10,9.5037,2020-01-31
2020-01-13,9.4679,2020-01-31
2020-01-14,9.4548,2020-01-31
2020-01-15,9.4441,2020-01-31
2020-01-16,9.4876,2020-01-31
2020-01-17,9.5141,2020-01-31
2020-01-21,9.5099,2020-01-31
2020-01-22,9.5151,2020-01-31
2020-01-23,9.5506,2020-01-31
2020-01-24,9.565,2020-01-31
2020-01-27,9.6207,2020-01-31
2020-01-28,9.6213,2020-01-31
2020-01-29,9.6224,2020-01-31
2020-01-30,9.6387,2020-01-31
2020-01-31,9.6353,2020-01-31
2020-02-03,9.6541,2020-02-29
2020-02-04,9.5939,2020-02-29
2020-02-05,9.5951,2020-02-29
2020-02-06,9.6282,2020-02-29
2020-02-07,9.6493,2020-02-29
2020-02-10,9.6648,2020-02-29
2020-02-11,9.6335,2020-02-29
2020-02-12,9.6235,2020-02-29
2020-02-13,9.6758,2020-02-29
2020-02-14,9.7176,2020-02-29
2020-02-18,9.7715,2020-02-29
2020-02-19,9.8041,2020-02-29
2020-02-20,9.8168,2020-02-29
2020-02-21,9.7269,2020-02-29
2020-02-24,9.7277,2020-02-29
2020-02-25,9.7283,2020-02-29
2020-02-26,9.7263,2020-02-29
2020-02-27,9.6568,2020-02-29
2020-02-28,9.6802,2020-02-29
2020-03-02,9.4936,2020-03-31
2020-03-03,9.4301,2020-03-31
2020-03-04,9.5,2020-03-31
2020-03-05,9.4508,2020-03-31
2020-03-06,9.3651,2020-03-31
2020-03-09,9.4147,2020-03-31
2020-03-10,9.5002,2020-03-31
2020-03-11,9.4951,2020-03-31
2020-03-12,9.8319,2020-03-31
2020-03-13,9.8113,2020-03-31
2020-03-16,9.8405,2020-03-31
2020-03-17,9.9453,2020-03-31
2020-03-18,10.2426,2020-03-31
2020-03-19,10.3827,2020-03-31
2020-03-20,10.3349,2020-03-31
2020-03-23,10.3085,2020-03-31
2020-03-24,10.1627,2020-03-31
2020-03-25,10.1783,2020-03-31
2020-03-26,9.9501,2020-03-31
2020-03-27,9.9481,2020-03-31
2020-03-30,10.0596,2020-03-31
2020-03-31,9.9145,2020-03-31
2020-04-01,10.0468,2020-04-30
2020-04-02,10.1075,2020-04-30
2020-04-03,10.1865,2020-04-30
2020-04-06,10.1237,2020-04-30
2020-04-07,10.0318,2020-04-30
2020-04-08,10.057,2020-04-30
2020-04-09,9.9551,2020-04-30
2020-04-10,9.9204,2020-04-30
2020-04-13,9.9931,2020-04-30
2020-04-14,9.9606,2020-04-30
2020-04-15,10.0391,2020-04-30
2020-04-16,10.0384,2020-04-30
2020-04-17,9.9801,2020-04-30
2020-04-20,10.0102,2020-04-30
2020-04-21,10.105,2020-04-30
2020-04-22,10.0949,2020-04-30
2020-04-23,10.0467,2020-04-30
2020-04-24,10.0732,2020-04-30
2020-04-27,10.0473,2020-04-30
2020-04-28,9.8868,2020-04-30
2020-04-29,9.8824,2020-04-30
2020-04-30,9.7751,2020-04-30
2020-05-01,9.8316,2020-05-31
2020-05-04,9.8856,2020-05-31
2020-05-05,9.8296,2020-05-31
2020-05-06,9.8486,2020-05-31
2020-05-07,9.8128,2020-05-31
2020-05-08,9.759,2020-05-31
2020-05-11,9.8649,2020-05-31
2020-05-12,9.7394,2020-05-31
2020-05-13,9.7939,2020-05-31
2020-05-14,9.8438,2020-05-31
2020-05-15,9.866,2020-05-31
2020-05-18,9.7192,2020-05-31
2020-05-19,9.6594,2020-05-31
2020-05-20,9.5831,2020-05-31
2020-05-21,9.6318,2020-05-31
2020-05-22,9.6838,2020-05-31
2020-05-26,9.6426,2020-05-31
2020-05-27,9.6477,2020-05-31
2020-05-28,9.504,2020-05-31
2020-05-29,9.4248,2020-05-31
2020-06-01,9.386,2020-06-30
2020-06-02,9.3538,2020-06-30
2020-06-03,9.26,2020-06-30
2020-06-04,9.196,2020-06-30
2020-06-05,9.1806,2020-06-30
2020-06-08,9.2138,2020-06-30
2020-06-09,9.1774,2020-06-30
2020-06-10,9.2273,2020-06-30
2020-06-11,9.2524,2020-06-30
2020-06-12,9.3322,2020-06-30
2020-06-15,9.3404,2020-06-30
2020-06-16,9.3804,2020-06-30
2020-06-17,9.3589,2020-06-30
2020-06-18,9.4211,2020-06-30
2020-06-19,9.4542,2020-06-30
2020-06-22,9.3703,2020-06-30
2020-06-23,9.2806,2020-06-30
2020-06-24,9.3315,2020-06-30
2020-06-25,9.3234,2020-06-30
2020-06-26,9.3582,2020-06-30
2020-06-29,9.3254,2020-06-30
2020-06-30,9.3071,2020-06-30
2020-07-01,9.29,2020-07-31
2020-07-02,9.3226,2020-07-31
2020-07-06,9.2691,2020-07-31
2020-07-07,9.2255,2020-07-31
2020-07-08,9.1916,2020-07-31
2020-07-09,9.2164,2020-07-31
2020-07-10,9.1764,2020-07-31
2020-07-13,9.1381,2020-07-31
2020-07-14,9.0986,2020-07-31
2020-07-15,9.0732,2020-07-31
2020-07-16,9.0348,2020-07-31
2020-07-17,9.0241,2020-07-31
2020-07-20,8.9752,2020-07-31
2020-07-21,8.9005,2020-07-31
2020-07-22,8.8498,2020-07-31
2020-07-23,8.8326,2020-07-31
2020-07-24,8.8533,2020-07-31
2020-07-27,8.7379,2020-07-31
2020-07-28,8.7536,2020-07-31
2020-07-29,8.7534,2020-07-31
2020-07-30,8.7473,2020-07-31
2020-07-31,8.7487,2020-07-31
2020-08-03,8.7591,2020-08-31
2020-08-04,8.7452,2020-08-31
2020-08-05,8.6532,2020-08-31
2020-08-06,8.6973,2020-08-31
2020-08-07,8.7518,2020-08-31
2020-08-10,8.7419,2020-08-31
2020-08-11,8.7392,2020-08-31
2020-08-12,8.6888,2020-08-31
2020-08-13,8.6839,2020-08-31
2020-08-14,8.6984,2020-08-31
2020-08-17,8.6918,2020-08-31
2020-08-18,8.6481,2020-08-31
2020-08-19,8.6574,2020-08-31
2020-08-20,8.706,2020-08-31
2020-08-21,8.7988,2020-08-31
2020-08-24,8.7819,2020-08-31
2020-08-25,8.7721,2020-08-31
2020-08-26,8.7389,2020-08-31
2020-08-27,8.7099,2020-08-31
2020-08-28,8.627,2020-08-31
2020-08-31,8.6249,2020-08-31
2020-09-01,8.6717,2020-09-30
2020-09-02,8.731,2020-09-30
2020-09-03,8.7494,2020-09-30
2020-09-04,8.7642,2020-09-30
2020-09-08,8.8122,2020-09-30
2020-09-09,8.7628,2020-09-30
2020-09-10,8.7364,2020-09-30
2020-09-11,8.7848,2020-09-30
2020-09-14,8.7657,2020-09-30
2020-09-15,8.7882,2020-09-30
2020-09-16,8.7894,2020-09-30
2020-09-17,8.807,2020-09-30
2020-09-18,8.7539,2020-09-30
2020-09-21,8.8829,2020-09-30
2020-09-22,8.9081,2020-09-30
2020-09-23,8.981,2020-09-30
2020-09-24,9.1146,2020-09-30
2020-09-25,9.1347,2020-09-30
2020-09-28,9.0615,2020-09-30
2020-09-29,9.0009,2020-09-30
2020-09-30,8.9627,2020-09-30
2020-10-01,8.9197,2020-10-31
2020-10-02,8.9317,2020-10-31
2020-10-05,8.8936,2020-10-31
2020-10-06,8.9171,2020-10-31
2020-10-07,8.8934,2020-10-31
2020-10-08,8.872,2020-10-31
2020-10-09,8.7918,2020-10-31
2020-10-13,8.8146,2020-10-31
2020-10-14,8.823,2020-10-31
2020-10-15,8.8685,2020-10-31
2020-10-16,8.837,2020-10-31
2020-10-19,8.8054,2020-10-31
2020-10-20,8.747,2020-10-31
2020-10-21,8.7195,2020-10-31
2020-10-22,8.7794,2020-10-31
2020-10-23,8.7688,2020-10-31
2020-10-26,8.7517,2020-10-31
2020-10-27,8.7022,2020-10-31
2020-10-28,8.8458,2020-10-31
2020-10-29,8.9427,2020-10-31
2020-10-30,8.9009,2020-10-31
2020-11-02,8.9179,2020-11-30
2020-11-03,8.8377,2020-11-30
2020-11-04,8.7718,2020-11-30
2020-11-05,8.7167,2020-11-30
2020-11-06,8.6339,2020-11-30
2020-11-09,8.6335,2020-11-30
2020-11-10,8.6152,2020-11-30
2020-11-12,8.6229,2020-11-30
2020-11-13,8.6947,2020-11-30
2020-11-16,8.6326,2020-11-30
2020-11-17,8.6281,2020-11-30
2020-11-18,8.5813,2020-11-30
2020-11-19,8.6288,2020-11-30
2020-11-20,8.6171,2020-11-30
2020-11-23,8.6496,2020-11-30
2020-11-24,8.5678,2020-11-30
2020-11-25,8.5169,2020-11-30
2020-11-30,8.5576,2020-11-30
2020-12-01,8.5082,2020-12-31
2020-12-02,8.4986,2020-12-31
2020-12-03,8.4415,2020-12-31
2020-12-04,8.4494,2020-12-31
2020-12-07,8.3864,2020-12-31
2020-12-08,8.472,2020-12-31
2020-12-09,8.4914,2020-12-31
2020-12-10,8.4499,2020-12-31
2020-12-11,8.4717,2020-12-31
2020-12-14,8.4133,2020-12-31
2020-12-15,8.3759,2020-12-31
2020-12-16,8.3645,2020-12-31
2020-12-17,8.2689,2020-12-31
2020-12-18,8.2786,2020-12-31
2020-12-21,8.2576,2020-12-31
2020-12-22,8.3303,2020-12-31
2020-12-23,8.2841,2020-12-31
2020-12-28,8.2854,2020-12-31
2020-12-29,8.1906,2020-12-31
2020-12-30,8.1972,2020-12-31
2020-12-31,8.2095,2020-12-31
2021-01-04,8.2486,2021-01-31
2021-01-05,8.1856,2021-01-31
2021-01-06,8.1855,2021-01-31
2021-01-07,8.1992,2021-01-31
2021-01-08,8.2085,2021-01-31
2021-01-11,8.281,2021-01-31
2021-01-12,8.2864,2021-01-31
2021-01-13,8.3373,2021-01-31
2021-01-14,8.309,2021-01-31
2021-01-15,8.3715,2021-01-31
2021-01-19,8.348,2021-01-31
2021-01-21,8.2948,2021-01-31
2021-01-22,8.282,2021-01-31
2021-01-25,8.3046,2021-01-31
2021-01-26,8.3025,2021-01-31
2021-01-27,8.3511,2021-01-31
2021-01-28,8.3301,2021-01-31
2021-01-29,8.3357,2021-01-31
2021-02-01,8.4259,2021-02-28
2021-02-02,8.4232,2021-02-28
2021-02-03,8.408,2021-02-28
2021-02-04,8.4602,2021-02-28
2021-02-05,8.3861,2021-02-28
2021-02-08,8.3896,2021-02-28
2021-02-09,8.3405,2021-02-28
2021-02-10,8.309,2021-02-28
2021-02-11,8.3262,2021-02-28
2021-02-12,8.3019,2021-02-28
2021-02-16,8.295,2021-02-28
2021-02-17,8.3348,2021-02-28
2021-02-18,8.3274,2021-02-28
2021-02-19,8.2666,2021-02-28
2021-02-22,8.2673,2021-02-28
2021-02-23,8.2972,2021-02-28
2021-02-24,8.3028,2021-02-28
2021-02-25,8.2474,2021-02-28
2021-02-26,8.4211,2021-02-28
2021-03-01,8.4358,2021-03-31
2021-03-02,8.3871,2021-03-31
2021-03-03,8.4011,2021-03-31
2021-03-04,8.4245,2021-03-31
2021-03-05,8.5366,2021-03-31
2021-03-08,8.5807,2021-03-31
2021-03-09,8.5173,2021-03-31
2021-03-10,8.5066,2021-03-31
2021-03-11,8.4631,2021-03-31
2021-03-12,8.4881,2021-03-31
2021-03-15,8.5302,2021-03-31
2021-03-16,8.5204,2021-03-31
2021-03-17,8.5154,2021-03-31
2021-03-18,8.5132,2021-03-31
2021-03-19,8.5439,2021-03-31
2021-03-22,8.5103,2021-03-31
2021-03-23,8.5658,2021-03-31
2021-03-24,8.5932,2021-03-31
2021-03-25,8.6668,2021-03-31
2021-03-26,8.6451,2021-03-31
2021-03-29,8.6905,2021-03-31
2021-03-30,8.7375,2021-03-31
2021-03-31,8.7185,2021-03-31
2021-04-01,8.7117,2021-04-30
2021-04-02,8.7282,2021-04-30
2021-04-05,8.7018,2021-04-30
2021-04-06,8.6374,2021-04-30
2021-04-07,8.6088,2021-04-30
2021-04-08,8.5581,2021-04-30
2021-04-09,8.5399,2021-04-30
2021-04-12,8.5795,2021-04-30
2021-04-13,8.5271,2021-04-30
2021-04-14,8.4549,2021-04-30
2021-04-15,8.4573,2021-04-30
2021-04-16,8.4425,2021-04-30
2021-04-19,8.4088,2021-04-30
2021-04-20,8.4245,2021-04-30
2021-04-21,8.4138,2021-04-30
2021-04-22,8.4347,2021-04-30
2021-04-23,8.403,2021-04-30
2021-04-26,8.3818,2021-04-30
2021-04-27,8.3775,2021-04-30
2021-04-28,8.3651,2021-04-30
2021-04-29,8.3793,2021-04-30
2021-04-30,8.4503,2021-04-30
2021-05-03,8.4229,2021-05-31
2021-05-04,8.4835,2021-05-31
2021-05-05,8.4894,2021-05-31
2021-05-06,8.4392,2021-05-31
2021-05-07,8.3142,2021-05-31
2021-05-10,8.3094,2021-05-31
2021-05-11,8.3055,2021-05-31
2021-05-12,8.4164,2021-05-31
2021-05-13,8.4165,2021-05-31
2021-05-14,8.3399,2021-05-31
2021-05-17,8.3312,2021-05-31
2021-05-18,8.2972,2021-05-31
2021-05-19,8.325,2021-05-31
2021-05-20,8.2983,2021-05-31
2021-05-21,8.3251,2021-05-31
2021-05-24,8.3226,2021-05-31
2021-05-25,8.2798,2021-05-31
2021-05-26,8.3117,2021-05-31
2021-05-27,8.2918,2021-05-31
2021-05-28,8.3019,2021-05-31
2021-06-01,8.2624,2021-06-30
2021-06-02,8.2665,2021-06-30
2021-06-03,8.3381,2021-06-30
2021-06-04,8.2659,2021-06-30
2021-06-07,8.2576,2021-06-30
2021-06-08,8.2632,2021-06-30
2021-06-09,8.2594,2021-06-30
2021-06-10,8.2494,2021-06-30
2021-06-11,8.3263,2021-06-30
2021-06-14,8.3174,2021-06-30
2021-06-15,8.3387,2021-06-30
2021-06-16,8.3577,2021-06-30
2021-06-17,8.5405,2021-06-30
2021-06-18,8.6193,2021-06-30
2021-06-21,8.5387,2021-06-30
2021-06-22,8.504,2021-06-30
2021-06-23,8.4787,2021-06-30
2021-06-24,8.4698,2021-06-30
2021-06-25,8.4826,2021-06-30
2021-06-28,8.5067,2021-06-30
2021-06-29,8.5217,2021-06-30
2021-06-30,8.5609,2021-06-30
2021-07-01,8.5749,2021-07-31
2021-07-02,8.5561,2021-07-31
2021-07-06,8.5862,2021-07-31
2021-07-07,8.6261,2021-07-31
2021-07-08,8.5879,2021-07-31
2021-07-09,8.5788,2021-07-31
2021-07-12,8.575,2021-07-31
2021-07-13,8.628,2021-07-31
2021-07-14,8.6245,2021-07-31
2021-07-15,8.6704,2021-07-31
2021-07-16,8.6762,2021-07-31
2021-07-19,8.6806,2021-07-31
2021-07-20,8.7038,2021-07-31
2021-07-21,8.6899,2021-07-31
2021-07-22,8.6832,2021-07-31
2021-07-23,8.6904,2021-07-31
2021-07-26,8.6285,2021-07-31
2021-07-27,8.6095,2021-07-31
2021-07-28,8.6235,2021-07-31
2021-07-29,8.5532,2021-07-31
2021-07-30,8.5912,2021-07-31
2021-08-02,8.5835,2021-08-31
2021-08-03,8.6042,2021-08-31
2021-08-04,8.604,2021-08-31
2021-08-05,8.6113,2021-08-31
2021-08-06,8.6646,2021-08-31
2021-08-09,8.699,2021-08-31
2021-08-10,8.7112,2021-08-31
2021-08-11,8.6909,2021-08-31
2021-08-12,8.6851,2021-08-31
2021-08-13,8.6348,2021-08-31
2021-08-16,8.6475,2021-08-31
2021-08-17,8.7448,2021-08-31
2021-08-18,8.7234,2021-08-31
2021-08-19,8.7888,2021-08-31
2021-08-20,8.8169,2021-08-31
2021-08-23,8.719,2021-08-31
2021-08-24,8.6957,2021-08-31
2021-08-25,8.6982,2021-08-31
2021-08-26,8.7128,2021-08-31
2021-08-27,8.6404,2021-08-31
2021-08-30,8.6223,2021-08-31
2021-08-31,8.6325,2021-08-31
2021-09-01,8.6006,2021-09-30
2021-09-02,8.5802,2021-09-30
2021-09-03,8.5468,2021-09-30
2021-09-07,8.5774,2021-09-30
2021-09-08,8.6273,2021-09-30
2021-09-09,8.6008,2021-09-30
2021-09-10,8.6162,2021-09-30
2021-09-13,8.6137,2021-09-30
2021-09-14,8.584,2021-09-30
2021-09-15,8.583,2021-09-30
2021-09-16,8.6311,2021-09-30
2021-09-17,8.6717,2021-09-30
2021-09-20,8.6964,2021-09-30
2021-09-21,8.6734,2021-09-30
2021-09-22,8.648,2021-09-30
2021-09-23,8.6327,2021-09-30
2021-09-24,8.6579,2021-09-30
2021-09-27,8.7049,2021-09-30
2021-09-28,8.7313,2021-09-30
2021-09-29,8.787,2021-09-30
2021-09-30,8.7601,2021-09-30
2021-10-01,8.7524,2021-10-31
2021-10-04,8.7254,2021-10-31
2021-10-05,8.7286,2021-10-31
2021-10-06,8.8093,2021-10-31
2021-10-07,8.7798,2021-10-31
2021-10-08,8.7415,2021-10-31
2021-10-12,8.7716,2021-10-31
2021-10-13,8.7127,2021-10-31
2021-10-14,8.635,2021-10-31
2021-10-15,8.6173,2021-10-31
2021-10-18,8.6592,2021-10-31
2021-10-19,8.6234,2021-10-31
2021-10-20,8.5928,2021-10-31
2021-10-21,8.5922,2021-10-31
2021-10-22,8.5815,2021-10-31
2021-10-25,8.5953,2021-10-31
2021-10-26,8.6214,2021-10-31
2021-10-27,8.5832,2021-10-31
2021-10-28,8.5318,2021-10-31
2021-10-29,8.593,2021-10-31
2021-11-01,8.5119,2021-11-30
2021-11-02,8.5707,2021-11-30
2021-11-03,8.5583,2021-11-30
2021-11-04,8.5814,2021-11-30
2021-11-05,8.5831,2021-11-30
2021-11-08,8.5724,2021-11-30
2021-11-09,8.5724,2021-11-30
2021-11-10,8.6679,2021-11-30
2021-11-12,8.7501,2021-11-30
2021-11-15,8.7707,2021-11-30
2021-11-16,8.8675,2021-11-30
2021-11-17,8.8595,2021-11-30
2021-11-18,8.8889,2021-11-30
2021-11-19,8.9138,2021-11-30
2021-11-22,8.967,2021-11-30
2021-11-23,9.0307,2021-11-30
2021-11-24,9.1158,2021-11-30
2021-11-26,9.1099,2021-11-30
2021-11-29,9.1032,2021-11-30
2021-11-30,9.0762,2021-11-30
2021-12-01,9.0778,2021-12-31
2021-12-02,9.0464,2021-12-31
2021-12-03,9.1426,2021-12-31
2021-12-06,9.0929,2021-12-31
2021-12-07,9.1201,2021-12-31
2021-12-08,9.0472,2021-12-31
2021-12-09,9.0788,2021-12-31
2021-12-10,9.0522,2021-12-31
2021-12-13,9.0921,2021-12-31
2021-12-14,9.1447,2021-12-31
2021-12-15,9.1237,2021-12-31
2021-12-16,9.0505,2021-12-31
2021-12-17,9.0966,2021-12-31
2021-12-20,9.139,2021-12-31
2021-12-21,9.1477,2021-12-31
2021-12-22,9.0893,2021-12-31
2021-12-23,9.0923,2021-12-31
2021-12-27,9.1011,2021-12-31
2021-12-28,9.0503,2021-12-31
2021-12-29,9.0459,2021-12-31
2021-12-30,9.0498,2021-12-31
2022-01-03,9.1206,2022-01-31
2022-01-04,9.0867,2022-01-31
2022-01-05,9.0637,2022-01-31
2022-01-06,9.1321,2022-01-31
2022-01-07,9.0604,2022-01-31
2022-01-10,9.104,2022-01-31
2022-01-11,9.0515,2022-01-31
2022-01-12,8.9525,2022-01-31
2022-01-13,8.9203,2022-01-31
2022-01-14,9.0108,2022-01-31
2022-01-18,9.1213,2022-01-31
2022-01-19,9.1043,2022-01-31
2022-01-20,9.121,2022-01-31
2022-01-21,9.1893,2022-01-31
2022-01-24,9.3324,2022-01-31
2022-01-25,9.2868,2022-01-31
2022-01-26,9.2624,2022-01-31
2022-01-27,9.3789,2022-01-31
2022-01-28,9.4335,2022-01-31
2022-01-31,9.3341,2022-01-31
2022-02-01,9.281,2022-02-28
2022-02-02,9.2823,2022-02-28
2022-02-03,9.1233,2022-02-28
2022-02-04,9.1382,2022-02-28
2022-02-07,9.1433,2022-02-28
2022-02-08,9.1522,2022-02-28
2022-02-09,9.0914,2022-02-28
2022-02-10,9.1924,2022-02-28
2022-02-11,9.2583,2022-02-28
2022-02-14,9.3785,2022-02-28
2022-02-15,9.2674,2022-02-28
2022-02-16,9.274,2022-02-28
2022-02-17,9.33,2022-02-28
2022-02-18,9.3911,2022-02-28
2022-02-22,9.3181,2022-02-28
2022-02-23,9.3662,2022-02-28
2022-02-24,9.5721,2022-02-28
2022-02-25,9.4213,2022-02-28
2022-02-28,9.4481,2022-02-28
2022-03-01,9.6436,2022-03-31
2022-03-02,9.6836,2022-03-31
2022-03-03,9.7703,2022-03-31
2022-03-04,9.8679,2022-03-31
2022-03-07,10.0055,2022-03-31
2022-03-08,9.9601,2022-03-31
2022-03-09,9.6751,2022-03-31
2022-03-10,9.6597,2022-03-31
2022-03-11,9.7179,2022-03-31
2022-03-14,9.5766,2022-03-31
2022-03-15,9.616,2022-03-31
2022-03-16,9.4655,2022-03-31
2022-03-17,9.3951,2022-03-31
2022-03-18,9.4179,2022-03-31
2022-03-21,9.4387,2022-03-31
2022-03-22,9.4184,2022-03-31
2022-03-23,9.4539,2022-03-31
2022-03-24,9.3974,2022-03-31
2022-03-25,9.4281,2022-03-31
2022-03-28,9.5146,2022-03-31
2022-03-29,9.2926,2022-03-31
2022-03-30,9.2552,2022-03-31
2022-03-31,9.3469,2022-03-31
2022-04-01,9.3575,2022-04-30
2022-04-04,9.4092,2022-04-30
2022-04-05,9.4169,2022-04-30
2022-04-06,9.4151,2022-04-30
2022-04-07,9.4576,2022-04-30
2022-04-08,9.4339,2022-04-30
2022-04-11,9.4839,2022-04-30
2022-04-12,9.4866,2022-04-30
2022-04-13,9.4955,2022-04-30
2022-04-14,9.5322,2022-04-30
2022-04-15,9.5685,2022-04-30
2022-04-18,9.5967,2022-04-30
2022-04-19,9.5659,2022-04-30
2022-04-20,9.438,2022-04-30
2022-04-21,9.4918,2022-04-30
2022-04-22,9.5434,2022-04-30
2022-04-25,9.7392,2022-04-30
2022-04-26,9.7993,2022-04-30
2022-04-27,9.849,2022-04-30
2022-04-28,9.8478,2022-04-30
2022-04-29,9.8011,2022-04-30
2022-05-02,9.8905,2022-05-31
2022-05-03,9.8541,2022-05-31
2022-05-04,9.8618,2022-05-31
2022-05-05,9.9672,2022-05-31
2022-05-06,9.9201,2022-05-31
2022-05-09,10.084,2022-05-31
2022-05-10,10.0699,2022-05-31
2022-05-11,10.0144,2022-05-31
2022-05-12,10.145,2022-05-31
2022-05-13,10.0575,2022-05-31
2022-05-16,10.0705,2022-05-31
2022-05-17,9.9248,2022-05-31
2022-05-18,10.003,2022-05-31
2022-05-19,9.9099,2022-05-31
2022-05-20,9.9506,2022-05-31
2022-05-23,9.8306,2022-05-31
2022-05-24,9.7688,2022-05-31
2022-05-25,9.8867,2022-05-31
2022-05-26,9.8743,2022-05-31
2022-05-27,9.836,2022-05-31
2022-05-31,9.7641,2022-05-31
2022-06-01,9.8602,2022-06-30
2022-06-02,9.7259,2022-06-30
2022-06-03,9.7769,2022-06-30
2022-06-06,9.7797,2022-06-30
2022-06-07,9.7933,2022-06-30
2022-06-08,9.7809,2022-06-30
2022-06-09,9.8777,2022-06-30
2022-06-10,10.017,2022-06-30
2022-06-13,10.1753,2022-06-30
2022-06-14,10.1997,2022-06-30
2022-06-15,10.2548,2022-06-30
2022-06-16,10.1781,2022-06-30
2022-06-17,10.2012,2022-06-30
2022-06-21,10.0844,2022-06-30
2022-06-22,10.0774,2022-06-30
2022-06-23,10.194,2022-06-30
2022-06-24,10.1325,2022-06-30
2022-06-27,10.0603,2022-06-30
2022-06-28,10.1233,2022-06-30
2022-06-29,10.1998,2022-06-30
2022-06-30,10.24,2022-06-30
2022-07-01,10.3358,2022-07-31
2022-07-05,10.5264,2022-07-31
2022-07-06,10.5621,2022-07-31
2022-07-07,10.5523,2022-07-31
2022-07-08,10.5523,2022-07-31
2022-07-11,10.5889,2022-07-31
2022-07-12,10.545,2022-07-31
2022-07-13,10.5139,2022-07-31
2022-07-14,10.5677,2022-07-31
2022-07-15,10.4818,2022-07-31
2022-07-18,10.3474,2022-07-31
2022-07-19,10.2143,2022-07-31
2022-07-20,10.2195,2022-07-31
2022-07-21,10.233,2022-07-31
2022-07-22,10.2069,2022-07-31
2022-07-25,10.1975,2022-07-31
2022-07-26,10.3258,2022-07-31
2022-07-27,10.3441,2022-07-31
2022-07-28,10.247,2022-07-31
2022-07-29,10.1871,2022-07-31
2022-08-01,10.0995,2022-08-31
2022-08-02,10.2032,2022-08-31
2022-08-03,10.2234,2022-08-31
2022-08-04,10.1344,2022-08-31
2022-08-05,10.1988,2022-08-31
2022-08-08,10.1527,2022-08-31
2022-08-09,10.1606,2022-08-31
2022-08-10,10.0282,2022-08-31
2022-08-11,10.0363,2022-08-31
2022-08-12,10.1982,2022-08-31
2022-08-15,10.3055,2022-08-31
2022-08-16,10.3475,2022-08-31
2022-08-17,10.408,2022-08-31
2022-08-18,10.4803,2022-08-31
2022-08-19,10.5913,2022-08-31
2022-08-22,10.7208,2022-08-31
2022-08-23,10.6062,2022-08-31
2022-08-24,10.605,2022-08-31
2022-08-25,10.5966,2022-08-31
2022-08-26,10.6126,2022-08-31
2022-08-29,10.6644,2022-08-31
2022-08-30,10.6714,2022-08-31
2022-08-31,10.6283,2022-08-31
2022-09-01,10.7993,2022-09-30
2022-09-02,10.6995,2022-09-30
2022-09-06,10.7938,2022-09-30
2022-09-07,10.7604,2022-09-30
2022-09-08,10.7413,2022-09-30
2022-09-09,10.6114,2022-09-30
2022-09-12,10.6147,2022-09-30
2022-09-13,10.6477,2022-09-30
2022-09-14,10.6881,2022-09-30
2022-09-15,10.7288,2022-09-30
2022-09-16,10.767,2022-09-30
2022-09-19,10.8157,2022-09-30
2022-09-20,10.867,2022-09-30
2022-09-21,11.0232,2022-09-30
2022-09-22,11.0671,2022-09-30
2022-09-23,11.2589,2022-09-30
2022-09-26,11.3341,2022-09-30
2022-09-27,11.342,2022-09-30
2022-09-28,11.2409,2022-09-30
2022-09-29,11.1862,2022-09-30
2022-09-30,11.125,2022-09-30
2022-10-03,11.0297,2022-10-31
2022-10-04,10.8576,2022-10-31
2022-10-05,10.989,2022-10-31
2022-10-06,11.1095,2022-10-31
2022-10-07,11.1736,2022-10-31
2022-10-11,11.2669,2022-10-31
2022-10-12,11.345,2022-10-31
2022-10-13,11.2468,2022-10-31
2022-10-14,11.3133,2022-10-31
2022-10-17,11.1437,2022-10-31
2022-10-18,11.1197,2022-10-31
2022-10-19,11.2058,2022-10-31
2022-10-20,11.2037,2022-10-31
2022-10-21,11.2125,2022-10-31
2022-10-24,11.1832,2022-10-31
2022-10-25,10.9841,2022-10-31
2022-10-26,10.8661,2022-10-31
2022-10-27,10.935,2022-10-31
2022-10-28,10.9896,2022-10-31
2022-10-31,11.0462,2022-10-31
2022-11-01,11.0258,2022-11-30
2022-11-02,11.0299,2022-11-30
2022-11-03,11.1845,2022-11-30
2022-11-04,11.1854,2022-11-30
2022-11-07,10.8605,2022-11-30
2022-11-08,10.7162,2022-11-30
2022-11-09,10.8391,2022-11-30
2022-11-10,10.6242,2022-11-30
2022-11-14,10.4862,2022-11-30
2022-11-15,10.4312,2022-11-30
2022-11-16,10.4763,2022-11-30
2022-11-17,10.6457,2022-11-30
2022-11-18,10.6108,2022-11-30
2022-11-21,10.7235,2022-11-30
2022-11-22,10.6718,2022-11-30
2022-11-23,10.4909,2022-11-30
2022-11-25,10.4153,2022-11-30
2022-11-28,10.4898,2022-11-30
2022-11-29,10.5554,2022-11-30
2022-11-30,10.6181,2022-11-30
2022-12-01,10.3419,2022-12-31
2022-12-02,10.3455,2022-12-31
2022-12-05,10.4059,2022-12-31
2022-12-06,10.3983,2022-12-31
2022-12-07,10.3778,2022-12-31
2022-12-08,10.3435,2022-12-31
2022-12-09,10.2983,2022-12-31
2022-12-12,10.3183,2022-12-31
2022-12-13,10.2125,2022-12-31
2022-12-14,10.1923,2022-12-31
2022-12-15,10.3208,2022-12-31
2022-12-16,10.3885,2022-12-31
2022-12-19,10.3728,2022-12-31
2022-12-20,10.4182,2022-12-31
2022-12-21,10.4287,2022-12-31
2022-12-22,10.4728,2022-12-31
2022-12-23,10.5236,2022-12-31
2022-12-27,10.4486,2022-12-31
2022-12-28,10.4638,2022-12-31
2022-12-29,10.4492,2022-12-31
2022-12-30,10.4167,2022-12-31
2023-01-03,10.5603,2023-01-31
2023-01-04,10.489,2023-01-31
2023-01-05,10.6977,2023-01-31
2023-01-06,10.5487,2023-01-31
2023-01-09,10.3592,2023-01-31
2023-01-10,10.435,2023-01-31
2023-01-11,10.4843,2023-01-31
2023-01-12,10.4508,2023-01-31
2023-01-13,10.4099,2023-01-31
2023-01-17,10.4035,2023-01-31
2023-01-18,10.2991,2023-01-31
2023-01-19,10.3498,2023-01-31
2023-01-20,10.3071,2023-01-31
2023-01-23,10.2387,2023-01-31
2023-01-24,10.2091,2023-01-31
2023-01-25,10.2404,2023-01-31
2023-01-26,10.3014,2023-01-31
2023-01-27,10.3183,2023-01-31
2023-01-30,10.3816,2023-01-31
2023-01-31,10.4656,2023-01-31
2023-02-01,10.4293,2023-02-28
2023-02-02,10.356,2023-02-28
2023-02-03,10.5166,2023-02-28
2023-02-06,10.651,2023-02-28
2023-02-07,10.6079,2023-02-28
2023-02-08,10.582,2023-02-28
2023-02-09,10.3218,2023-02-28
2023-02-10,10.4607,2023-02-28
2023-02-13,10.3819,2023-02-28
2023-02-14,10.3782,2023-02-28
2023-02-15,10.4304,2023-02-28
2023-02-16,10.4306,2023-02-28
2023-02-17,10.4656,2023-02-28
2023-02-21,10.3432,2023-02-28
2023-02-22,10.4026,2023-02-28
2023-02-23,10.4476,2023-02-28
2023-02-24,10.4833,2023-02-28
2023-02-27,10.4118,2023-02-28
2023-02-28,10.4346,2023-02-28
2023-03-01,10.4252,2023-03-31
2023-03-02,10.5063,2023-03-31
2023-03-03,10.4853,2023-03-31
2023-03-06,10.4395,2023-03-31
2023-03-07,10.6996,2023-03-31
2023-03-08,10.7088,2023-03-31
2023-03-09,10.7029,2023-03-31
2023-03-10,10.6653,2023-03-31
2023-03-13,10.5824,2023-03-31
2023-03-14,10.4788,2023-03-31
2023-03-15,10.6355,2023-03-31
2023-03-16,10.5073,2023-03-31
2023-03-17,10.4966,2023-03-31
2023-03-20,10.3763,2023-03-31
2023-03-21,10.3469,2023-03-31
2023-03-22,10.3496,2023-03-31
2023-03-23,10.2578,2023-03-31
2023-03-24,10.431,2023-03-31
2023-03-27,10.392,2023-03-31
2023-03-28,10.3416,2023-03-31
2023-03-29,10.4126,2023-03-31
2023-03-30,10.3678,2023-03-31
2023-03-31,10.3463,2023-03-31
2023-04-03,10.3808,2023-04-30
2023-04-04,10.2847,2023-04-30
2023-04-05,10.3858,2023-04-30
2023-04-06,10.4192,2023-04-30
2023-04-07,10.4205,2023-04-30
2023-04-10,10.5569,2023-04-30
2023-04-11,10.4657,2023-04-30
2023-04-12,10.3359,2023-04-30
2023-04-13,10.2609,2023-04-30
2023-04-14,10.3348,2023-04-30
2023-04-17,10.3748,2023-04-30
2023-04-18,10.3199,2023-04-30
2023-04-19,10.3426,2023-04-30
2023-04-20,10.3105,2023-04-30
2023-04-21,10.311,2023-04-30
2023-04-24,10.2751,2023-04-30
2023-04-25,10.3186,2023-04-30
2023-04-26,10.3153,2023-04-30
2023-04-27,10.3082,2023-04-30
2023-04-28,10.246,2023-04-30
2023-05-01,10.3295,2023-05-31
2023-05-02,10.3093,2023-05-31
2023-05-03,10.2467,2023-05-31
2023-05-04,10.2605,2023-05-31
2023-05-05,10.1593,2023-05-31
2023-05-08,10.141,2023-05-31
2023-05-09,10.1975,2023-05-31
2023-05-10,10.2321,2023-05-31
2023-05-11,10.3364,2023-05-31
2023-05-12,10.3826,2023-05-31
2023-05-15,10.3516,2023-05-31
2023-05-16,10.4113,2023-05-31
2023-05-17,10.4576,2023-05-31
2023-05-18,10.5732,2023-05-31
2023-05-19,10.5107,2023-05-31
2023-05-22,10.5608,2023-05-31
2023-05-23,10.631,2023-05-31
2023-05-24,10.7186,2023-05-31
2023-05-25,10.8258,2023-05-31
2023-05-26,10.8107,2023-05-31
2023-05-30,10.8767,2023-05-31
2023-05-31,10.8921,2023-05-31
2023-06-01,10.8182,2023-06-30
2023-06-02,10.7896,2023-06-30
2023-06-05,10.8502,2023-06-30
2023-06-06,10.903,2023-06-30
2023-06-07,10.889,2023-06-30
2023-06-08,10.8084,2023-06-30
2023-06-09,10.8247,2023-06-30
2023-06-12,10.8244,2023-06-30
2023-06-13,10.7179,2023-06-30
2023-06-14,10.6586,2023-06-30
2023-06-15,10.6026,2023-06-30
2023-06-16,10.6508,2023-06-30
2023-06-20,10.8246,2023-06-30
2023-06-21,10.6927,2023-06-30
2023-06-22,10.6975,2023-06-30
2023-06-23,10.7429,2023-06-30
2023-06-26,10.7107,2023-06-30
2023-06-27,10.7064,2023-06-30
2023-06-28,10.8036,2023-06-30
2023-06-29,10.8524,2023-06-30
2023-06-30,10.7822,2023-06-30
2023-07-03,10.825,2023-07-31
2023-07-05,10.892,2023-07-31
2023-07-06,10.9585,2023-07-31
2023-07-07,10.8287,2023-07-31
2023-07-10,10.7937,2023-07-31
2023-07-11,10.6731,2023-07-31
2023-07-12,10.4025,2023-07-31
2023-07-13,10.215,2023-07-31
2023-07-14,10.2318,2023-07-31
2023-07-17,10.2514,2023-07-31
2023-07-18,10.2177,2023-07-31
2023-07-19,10.2759,2023-07-31
2023-07-20,10.3482,2023-07-31
2023-07-21,10.3944,2023-07-31
2023-07-24,10.408,2023-07-31
2023-07-25,10.3819,2023-07-31
2023-07-26,10.4327,2023-07-31
2023-07-27,10.46,2023-07-31
2023-07-28,10.5148,2023-07-31
2023-07-31,10.4989,2023-07-31
2023-08-01,10.6153,2023-08-31
2023-08-02,10.7352,2023-08-31
2023-08-03,10.7068,2023-08-31
2023-08-04,10.5536,2023-08-31
2023-08-07,10.5972,2023-08-31
2023-08-08,10.726,2023-08-31
2023-08-09,10.6964,2023-08-31
2023-08-10,10.6357,2023-08-31
2023-08-11,10.8329,2023-08-31
2023-08-14,10.8015,2023-08-31
2023-08-15,10.8374,2023-08-31
2023-08-16,10.88,2023-08-31
2023-08-17,10.9085,2023-08-31
2023-08-18,10.9613,2023-08-31
2023-08-21,10.9704,2023-08-31
2023-08-22,10.9436,2023-08-31
2023-08-23,10.9212,2023-08-31
2023-08-24,10.9934,2023-08-31
2023-08-25,11.0669,2023-08-31
2023-08-28,10.9983,2023-08-31
2023-08-29,10.9186,2023-08-31
2023-08-30,10.8163,2023-08-31
2023-08-31,10.9523,2023-08-31
2023-09-01,11.0474,2023-09-30
2023-09-05,11.0926,2023-09-30
2023-09-06,11.1252,2023-09-30
2023-09-07,11.13,2023-09-30
2023-09-08,11.1088,2023-09-30
2023-09-11,11.0717,2023-09-30
2023-09-12,11.1053,2023-09-30
2023-09-13,11.1188,2023-09-30
2023-09-14,11.1695,2023-09-30
2023-09-15,11.1561,2023-09-30
2023-09-18,11.1553,2023-09-30
2023-09-19,11.1497,2023-09-30
2023-09-20,11.0621,2023-09-30
2023-09-21,11.1692,2023-09-30
2023-09-22,11.1132,2023-09-30
2023-09-25,11.0506,2023-09-30
2023-09-26,11.0262,2023-09-30
2023-09-27,11.0391,2023-09-30
2023-09-28,10.9116,2023-09-30
2023-09-29,10.8936,2023-09-30
2023-10-02,11.0225,2023-10-31
2023-10-03,11.1291,2023-10-31
2023-10-04,11.0579,2023-10-31
2023-10-05,11.0267,2023-10-31
2023-10-06,10.9401,2023-10-31
2023-10-10,10.8589,2023-10-31
2023-10-11,10.8987,2023-10-31
2023-10-12,10.9661,2023-10-31
2023-10-13,11.0284,2023-10-31
2023-10-16,10.9307,2023-10-31
2023-10-17,10.8881,2023-10-31
2023-10-18,11.0308,2023-10-31
2023-10-19,10.9694,2023-10-31
2023-10-20,10.9656,2023-10-31
2023-10-23,10.9841,2023-10-31
2023-10-24,11.1072,2023-10-31
2023-10-25,11.1065,2023-10-31
2023-10-26,11.1884,2023-10-31
2023-10-27,11.1296,2023-10-31
2023-10-30,11.1386,2023-10-31
2023-10-31,11.1759,2023-10-31
2023-11-01,11.224,2023-11-30
2023-11-02,11.1318,2023-11-30
2023-11-03,10.9064,2023-11-30
2023-11-06,10.8827,2023-11-30
2023-11-07,10.9362,2023-11-30
2023-11-08,10.8782,2023-11-30
2023-11-09,10.8488,2023-11-30
2023-11-13,10.8347,2023-11-30
2023-11-14,10.6129,2023-11-30
2023-11-15,10.5247,2023-11-30
2023-11-16,10.6114,2023-11-30
2023-11-17,10.5562,2023-11-30
2023-11-20,10.4518,2023-11-30
2023-11-21,10.4492,2023-11-30
2023-11-22,10.5111,2023-11-30
2023-11-24,10.4512,2023-11-30
2023-11-27,10.447,2023-11-30
2023-11-28,10.3235,2023-11-30
2023-11-29,10.367,2023-11-30
2023-11-30,10.4386,2023-11-30
2023-12-01,10.3749,2023-12-31
2023-12-04,10.4506,2023-12-31
2023-12-05,10.4975,2023-12-31
2023-12-06,10.4472,2023-12-31
2023-12-07,10.3998,2023-12-31
2023-12-08,10.4897,2023-12-31
2023-12-11,10.5039,2023-12-31
2023-12-12,10.4544,2023-12-31
2023-12-13,10.4443,2023-12-31
2023-12-14,10.2029,2023-12-31
2023-12-15,10.2539,2023-12-31
2023-12-18,10.2216,2023-12-31
2023-12-19,10.1649,2023-12-31
2023-12-20,10.1464,2023-12-31
2023-12-21,10.1015,2023-12-31
2023-12-22,10.0149,2023-12-31
2023-12-26,10.0285,2023-12-31
2023-12-27,9.9291,2023-12-31
2023-12-28,9.9748,2023-12-31
2023-12-29,10.0506,2023-12-31
2024-01-02,10.1963,2024-01-31
2024-01-03,10.3025,2024-01-31
2024-01-04,10.2089,2024-01-31
2024-01-05,10.237,2024-01-31
2024-01-08,10.2199,2024-01-31
2024-01-09,10.2473,2024-01-31
2024-01-10,10.2338,2024-01-31
2024-01-11,10.3012,2024-01-31
2024-01-12,10.2769,2024-01-31
2024-01-16,10.4211,2024-01-31
2024-01-17,10.4769,2024-01-31
2024-01-18,10.4924,2024-01-31
2024-01-19,10.4721,2024-01-31
2024-01-22,10.4395,2024-01-31
2024-01-23,10.502,2024-01-31
2024-01-24,10.4145,2024-01-31
2024-01-25,10.4485,2024-01-31
2024-01-26,10.4253,2024-01-31
2024-01-29,10.4746,2024-01-31
2024-01-30,10.4075,2024-01-31
2024-01-31,10.3475,2024-01-31
2024-02-01,10.3899,2024-02-29
2024-02-02,10.495,2024-02-29
2024-02-05,10.6173,2024-02-29
2024-02-06,10.5323,2024-02-29
2024-02-07,10.4699,2024-02-29
2024-02-08,10.4771,2024-02-29
2024-02-09,10.4703,2024-02-29
2024-02-12,10.4173,2024-02-29
2024-02-13,10.5712,2024-02-29
2024-02-14,10.5249,2024-02-29
2024-02-15,10.4647,2024-02-29
2024-02-16,10.4505,2024-02-29
2024-02-20,10.3512,2024-02-29
2024-02-21,10.3701,2024-02-29
2024-02-22,10.3371,2024-02-29
2024-02-23,10.3143,2024-02-29
2024-02-26,10.2837,2024-02-29
2024-02-27,10.2961,2024-02-29
2024-02-28,10.3329,2024-02-29
2024-02-29,10.3652,2024-02-29
2024-03-01,10.3226,2024-03-31
2024-03-04,10.3494,2024-03-31
2024-03-05,10.3709,2024-03-31
2024-03-06,10.271,2024-03-31
2024-03-07,10.2287,2024-03-31
2024-03-08,10.212,2024-03-31
2024-03-11,10.2405,2024-03-31
2024-03-12,10.2388,2024-03-31
2024-03-13,10.2318,2024-03-31
2024-03-14,10.3287,2024-03-31
2024-03-15,10.3648,2024-03-31
2024-03-18,10.425,2024-03-31
2024-03-19,10.4367,2024-03-31
2024-03-20,10.4746,2024-03-31
2024-03-21,10.4639,2024-03-31
2024-03-22,10.5507,2024-03-31
2024-03-25,10.5689,2024-03-31
2024-03-26,10.5779,2024-03-31
2024-03-27,10.6099,2024-03-31
2024-03-28,10.6881,2024-03-31
2024-03-29,10.6834,2024-03-31
2024-04-01,10.8241,2024-04-30
2024-04-02,10.7143,2024-04-30
2024-04-03,10.6401,2024-04-30
2024-04-04,10.5732,2024-04-30
2024-04-05,10.6267,2024-04-30
2024-04-08,10.5628,2024-04-30
2024-04-09,10.5682,2024-04-30
2024-04-10,10.7254,2024-04-30
2024-04-11,10.7582,2024-04-30
2024-04-12,10.8792,2024-04-30
2024-04-15,10.8778,2024-04-30
2024-04-16,10.9406,2024-04-30
2024-04-17,10.9925,2024-04-30
2024-04-18,10.9315,2024-04-30
2024-04-19,10.9212,2024-04-30
2024-04-22,10.9248,2024-04-30
2024-04-23,10.828,2024-04-30
2024-04-24,10.8853,2024-04-30
2024-04-25,10.9055,2024-04-30
2024-04-26,10.9472,2024-04-30
2024-04-29,10.932,2024-04-30
2024-04-30,10.988,2024-04-30
2024-05-01,10.9733,2024-05-31
2024-05-02,10.8953,2024-05-31
2024-05-03,10.8001,2024-05-31
2024-05-06,10.7976,2024-05-31
2024-05-07,10.829,2024-05-31
2024-05-08,10.8938,2024-05-31
2024-05-09,10.8739,2024-05-31
2024-05-10,10.8322,2024-05-31
2024-05-13,10.8328,2024-05-31
2024-05-14,10.8257,2024-05-31
2024-05-15,10.6967,2024-05-31
2024-05-16,10.6933,2024-05-31
2024-05-17,10.7141,2024-05-31
2024-05-20,10.6967,2024-05-31
2024-05-21,10.7009,2024-05-31
2024-05-22,10.7284,2024-05-31
2024-05-23,10.7266,2024-05-31
2024-05-24,10.6566,2024-05-31
2024-05-28,10.5358,2024-05-31
2024-05-29,10.6663,2024-05-31
2024-05-30,10.5925,2024-05-31
2024-05-31,10.5396,2024-05-31
2024-06-03,10.4075,2024-06-30
2024-06-04,10.4556,2024-06-30
2024-06-05,10.4209,2024-06-30
2024-06-06,10.4094,2024-06-30
2024-06-07,10.5347,2024-06-30
2024-06-10,10.496,2024-06-30
2024-06-11,10.5102,2024-06-30
2024-06-12,10.3076,2024-06-30
2024-06-13,10.4739,2024-06-30
2024-06-14,10.5315,2024-06-30
2024-06-17,10.5146,2024-06-30
2024-06-18,10.4425,2024-06-30
2024-06-20,10.4703,2024-06-30
2024-06-21,10.5173,2024-06-30
2024-06-24,10.468,2024-06-30
2024-06-25,10.5071,2024-06-30
2024-06-26,10.5696,2024-06-30
2024-06-27,10.616,2024-06-30
2024-06-28,10.5996,2024-06-30
2024-07-01,10.6292,2024-07-31
2024-07-02,10.6157,2024-07-31
2024-07-03,10.4807,2024-07-31
2024-07-05,10.4839,2024-07-31
2024-07-08,10.5494,2024-07-31
2024-07-09,10.5532,2024-07-31
2024-07-10,10.5459,2024-07-31
2024-07-11,10.4836,2024-07-31
2024-07-12,10.5289,2024-07-31
2024-07-15,10.5752,2024-07-31
2024-07-16,10.6196,2024-07-31
2024-07-17,10.5445,2024-07-31
2024-07-18,10.568,2024-07-31
2024-07-19,10.6776,2024-07-31
2024-07-22,10.732,2024-07-31
2024-07-23,10.7632,2024-07-31
2024-07-24,10.7577,2024-07-31
2024-07-25,10.801,2024-07-31
2024-07-26,10.811,2024-07-31
2024-07-29,10.8291,2024-07-31
2024-07-30,10.7899,2024-07-31
2024-07-31,10.7099,2024-07-31
2024-08-01,10.7027,2024-08-31
2024-08-02,10.5672,2024-08-31
2024-08-05,10.5628,2024-08-31
2024-08-06,10.527,2024-08-31
2024-08-07,10.4514,2024-08-31
2024-08-08,10.5292,2024-08-31
2024-08-09,10.5073,2024-08-31
2024-08-12,10.5245,2024-08-31
2024-08-13,10.5035,2024-08-31
2024-08-14,10.4438,2024-08-31
2024-08-15,10.5105,2024-08-31
2024-08-16,10.4926,2024-08-31
2024-08-19,10.3304,2024-08-31
2024-08-20,10.24,2024-08-31
2024-08-21,10.1957,2024-08-31
2024-08-22,10.2414,2024-08-31
2024-08-23,10.1837,2024-08-31
2024-08-26,10.2112,2024-08-31
2024-08-27,10.1818,2024-08-31
2024-08-28,10.1862,2024-08-31
2024-08-29,10.222,2024-08-31
2024-08-30,10.269,2024-08-31
2024-09-03,10.3064,2024-09-30
2024-09-04,10.2727,2024-09-30
2024-09-05,10.2567,2024-09-30
2024-09-06,10.2869,2024-09-30
2024-09-09,10.3666,2024-09-30
2024-09-10,10.3869,2024-09-30
2024-09-11,10.3863,2024-09-30
2024-09-12,10.3213,2024-09-30
2024-09-13,10.2093,2024-09-30
2024-09-16,10.198,2024-09-30
2024-09-17,10.1891,2024-09-30
2024-09-18,10.2063,2024-09-30
2024-09-19,10.171,2024-09-30
2024-09-20,10.1894,2024-09-30
2024-09-23,10.1864,2024-09-30
2024-09-24,10.1284,2024-09-30
2024-09-25,10.1756,2024-09-30
2024-09-26,10.0975,2024-09-30
2024-09-27,10.1018,2024-09-30
2024-09-30,10.1427,2024-09-30
2024-10-01,10.2766,2024-10-31
2024-10-02,10.2558,2024-10-31
2024-10-03,10.3156,2024-10-31
2024-10-04,10.3856,2024-10-31
2024-10-07,10.3598,2024-10-31
2024-10-08,10.3588,2024-10-31
2024-10-09,10.3847,2024-10-31
2024-10-10,10.4004,2024-10-31
2024-10-11,10.3658,2024-10-31
2024-10-15,10.3876,2024-10-31
2024-10-16,10.4995,2024-10-31
2024-10-17,10.5231,2024-10-31
2024-10-18,10.5323,2024-10-31
2024-10-21,10.5623,2024-10-31
2024-10-22,10.5418,2024-10-31
2024-10-23,10.5951,2024-10-31
2024-10-24,10.5804,2024-10-31
2024-10-25,10.5936,2024-10-31
2024-10-28,10.6353,2024-10-31
2024-10-29,10.6581,2024-10-31
2024-10-30,10.6671,2024-10-31
2024-10-31,10.7003,2024-10-31
2024-11-01,10.728,2024-11-30
2024-11-04,10.7068,2024-11-30
2024-11-05,10.7044,2024-11-30
2024-11-06,10.85,2024-11-30
2024-11-07,10.7078,2024-11-30
2024-11-08,10.8435,2024-11-30
2024-11-12,10.9327,2024-11-30
2024-11-13,10.9869,2024-11-30
2024-11-14,10.9627,2024-11-30
2024-11-15,10.9726,2024-11-30
2024-11-18,10.9393,2024-11-30
2024-11-19,10.9347,2024-11-30
2024-11-20,11.0367,2024-11-30
2024-11-21,11.0785,2024-11-30
2024-11-22,11.0672,2024-11-30
2024-11-25,10.9947,2024-11-30
2024-11-26,10.9988,2024-11-30
2024-11-27,10.9031,2024-11-30
2024-11-29,10.9241,2024-11-30
2024-12-02,11.0098,2024-12-31
2024-12-03,11.0017,2024-12-31
2024-12-04,10.9245,2024-12-31
2024-12-05,10.8769,2024-12-31
2024-12-06,10.9343,2024-12-31
2024-12-09,10.9071,2024-12-31
2024-12-10,10.9867,2024-12-31
2024-12-11,10.966,2024-12-31
2024-12-12,10.967,2024-12-31
2024-12-13,10.9782,2024-12-31
2024-12-16,10.8905,2024-12-31
2024-12-17,10.9293,2024-12-31
2024-12-18,10.9711,2024-12-31
2024-12-19,11.0432,2024-12-31
2024-12-20,11.0018,2024-12-31
2024-12-23,11.0407,2024-12-31
2024-12-24,11.1178,2024-12-31
2024-12-26,11.0394,2024-12-31
2024-12-27,10.9947,2024-12-31
2024-12-30,11.0363,2024-12-31
2024-12-31,11.0676,2024-12-31
2025-01-02,11.1443,2025-01-31
2025-01-03,11.1216,2025-01-31
2025-01-06,11.0392,2025-01-31
2025-01-07,11.0883,2025-01-31
2025-01-08,11.1543,2025-01-31
2025-01-09,11.1514,2025-01-31
2025-01-10,11.2225,2025-01-31
2025-01-13,11.2786,2025-01-31
2025-01-14,11.191,2025-01-31
2025-01-15,11.1612,2025-01-31
2025-01-16,11.1388,2025-01-31
2025-01-17,11.1712,2025-01-31
2025-01-21,10.9948,2025-01-31
2025-01-22,10.9979,2025-01-31
2025-01-23,10.9966,2025-01-31
2025-01-24,10.9069,2025-01-31
2025-01-27,10.9416,2025-01-31
2025-01-28,11.0081,2025-01-31
2025-01-29,11.0019,2025-01-31
2025-01-30,11.0132,2025-01-31
2025-01-31,11.0513,2025-01-31
2025-02-03,11.1561,2025-02-28
2025-02-04,10.9666,2025-02-28
2025-02-05,10.8861,2025-02-28
2025-02-06,10.9099,2025-02-28
2025-02-07,10.9414,2025-02-28
2025-02-10,10.9179,2025-02-28
2025-02-11,10.8677,2025-02-28
2025-02-12,10.8774,2025-02-28
2025-02-13,10.7798,2025-02-28
2025-02-14,10.696,2025-02-28
2025-02-18,10.7087,2025-02-28
2025-02-19,10.7539,2025-02-28
2025-02-20,10.6603,2025-02-28
2025-02-21,10.64,2025-02-28
2025-02-24,10.6501,2025-02-28
2025-02-25,10.602,2025-02-28
2025-02-26,10.6134,2025-02-28
2025-02-27,10.7329,2025-02-28
2025-02-28,10.7191,2025-02-28
2025-03-03,10.5249,2025-03-31
2025-03-04,10.5341,2025-03-31
2025-03-05,10.2391,2025-03-31
2025-03-06,10.1498,2025-03-31
2025-03-07,10.0602,2025-03-31
2025-03-10,10.1221,2025-03-31
2025-03-11,10.0193,2025-03-31
2025-03-12,10.0466,2025-03-31
2025-03-13,10.1867,2025-03-31
2025-03-14,10.1343,2025-03-31
2025-03-17,10.0745,2025-03-31
2025-03-18,10.0445,2025-03-31
2025-03-19,10.1329,2025-03-31
2025-03-20,10.1427,2025-03-31
2025-03-21,10.14,2025-03-31
2025-03-24,10.1138,2025-03-31
2025-03-25,10.0296,2025-03-31
2025-03-26,10.0318,2025-03-31
2025-03-27,10.015,2025-03-31
2025-03-28,9.9926,2025-03-31
2025-03-31,10.0548,2025-03-31
2025-04-01,9.9933,2025-04-30
2025-04-02,9.8981,2025-04-30
2025-04-03,9.7478,2025-04-30
2025-04-04,9.9729,2025-04-30
2025-04-07,10.0781,2025-04-30
2025-04-08,10.0126,2025-04-30
2025-04-09,10.032,2025-04-30
2025-04-10,9.8359,2025-04-30
2025-04-11,9.8196,2025-04-30
2025-04-14,9.7743,2025-04-30
2025-04-15,9.8589,2025-04-30
2025-04-16,9.7494,2025-04-30
2025-04-17,9.633,2025-04-30
2025-04-18,9.6353,2025-04-30
2025-04-21,9.5423,2025-04-30
2025-04-22,9.4871,2025-04-30
2025-04-23,9.6529,2025-04-30
2025-04-24,9.6129,2025-04-30
2025-04-25,9.6739,2025-04-30
2025-04-28,9.6203,2025-04-30
2025-04-29,9.6166,2025-04-30
2025-04-30,9.6581,2025-04-30
2025-05-01,9.7704,2025-05-31
2025-05-02,9.6242,2025-05-31
2025-05-05,9.6644,2025-05-31
2025-05-06,9.5789,2025-05-31
2025-05-07,9.601,2025-05-31
2025-05-08,9.7039,2025-05-31
2025-05-09,9.7016,2025-05-31
2025-05-12,9.8121,2025-05-31
2025-05-13,9.7296,2025-05-31
2025-05-14,9.7256,2025-05-31
2025-05-15,9.7344,2025-05-31
2025-05-16,9.7944,2025-05-31
2025-05-19,9.6846,2025-05-31
2025-05-20,9.6677,2025-05-31
2025-05-21,9.5515,2025-05-31
2025-05-22,9.6262,2025-05-31
2025-05-23,9.5304,2025-05-31
2025-05-27,9.6267,2025-05-31
2025-05-28,9.6523,2025-05-31
2025-05-29,9.553,2025-05-31
2025-05-30,9.5915,2025-05-31
2025-06-02,9.5361,2025-06-30
2025-06-03,9.6156,2025-06-30
2025-06-04,9.5678,2025-06-30
2025-06-05,9.5723,2025-06-30
2025-06-06,9.64,2025-06-30
2025-06-09,9.5876,2025-06-30
2025-06-10,9.5979,2025-06-30
2025-06-11,9.5482,2025-06-30
2025-06-12,9.4358,2025-06-30
2025-06-13,9.4896,2025-06-30
2025-06-16,9.4633,2025-06-30
2025-06-17,9.495,2025-06-30
2025-06-18,9.5946,2025-06-30
2025-06-20,9.6761,2025-06-30
2025-06-23,9.6482,2025-06-30
2025-06-24,9.5353,2025-06-30
2025-06-25,9.5127,2025-06-30
2025-06-26,9.4832,2025-06-30
2025-06-27,9.4765,2025-06-30
2025-06-30,9.4881,2025-06-30
2025-07-01,9.5012,2025-07-31
2025-07-02,9.5462,2025-07-31
2025-07-03,9.5732,2025-07-31
2025-07-07,9.4982,2025-07-31
2025-07-08,9.5439,2025-07-31
2025-07-09,9.5257,2025-07-31
2025-07-10,9.526,2025-07-31
2025-07-11,9.5465,2025-07-31
2025-07-14,9.6191,2025-07-31
2025-07-15,9.7114,2025-07-31
2025-07-16,9.7241,2025-07-31
2025-07-17,9.7498,2025-07-31
2025-07-18,9.6591,2025-07-31
2025-07-21,9.5671,2025-07-31
2025-07-22,9.5233,2025-07-31
2025-07-23,9.5114,2025-07-31
2025-07-24,9.5178,2025-07-31
2025-07-25,9.532,2025-07-31
2025-07-28,9.5963,2025-07-31
2025-07-29,9.6562,2025-07-31
2025-07-30,9.7446,2025-07-31
2025-07-31,9.7718,2025-07-31
2025-08-01,9.6735,2025-08-31
2025-08-04,9.6699,2025-08-31
2025-08-05,9.66,2025-08-31
2025-08-06,9.6169,2025-08-31
2025-08-07,9.5865,2025-08-31
2025-08-08,9.5728,2025-08-31
2025-08-11,9.6382,2025-08-31
2025-08-12,9.5516,2025-08-31
2025-08-13,9.5431,2025-08-31
2025-08-14,9.5968,2025-08-31
2025-08-15,9.5457,2025-08-31
2025-08-18,9.5543,2025-08-31
2025-08-19,9.5877,2025-08-31
2025-08-20,9.5922,2025-08-31
2025-08-21,9.6279,2025-08-31
2025-08-22,9.5038,2025-08-31
2025-08-25,9.5456,2025-08-31
2025-08-26,9.5529,2025-08-31
2025-08-27,9.5539,2025-08-31
2025-08-28,9.4834,2025-08-31
2025-08-29,9.4692,2025-08-31
2025-09-02,9.4509,2025-09-30
2025-09-03,9.4197,2025-09-30
2025-09-04,9.4814,2025-09-30
2025-09-05,9.3501,2025-09-30
2025-09-08,9.3568,2025-09-30
2025-09-09,9.38,2025-09-30
2025-09-10,9.3334,2025-09-30
2025-09-11,9.3152,2025-09-30
2025-09-12,9.346,2025-09-30
2025-09-15,9.2642,2025-09-30
2025-09-16,9.2412,2025-09-30
2025-09-17,9.2756,2025-09-30
2025-09-18,9.3601,2025-09-30
2025-09-19,9.4077,2025-09-30
2025-09-22,9.3774,2025-09-30
2025-09-23,9.3515,2025-09-30
2025-09-24,9.4051,2025-09-30
2025-09-25,9.4611,2025-09-30
2025-09-26,9.4189,2025-09-30
2025-09-29,9.4142,2025-09-30
2025-09-30,9.4159,2025-09-30
2025-10-01,9.3824,2025-10-31
2025-10-02,9.4311,2025-10-31
2025-10-03,9.351,2025-10-31
2025-10-06,9.3804,2025-10-31
2025-10-07,9.3925,2025-10-31
2025-10-08,9.4461,2025-10-31
2025-10-09,9.5458,2025-10-31
2025-10-10,9.5113,2025-10-31
2025-10-14,9.5333,2025-10-31
2025-10-15,9.4789,2025-10-31
2025-10-16,9.4312,2025-10-31
2025-10-17,9.4287,2025-10-31
2025-10-20,9.4108,2025-10-31
2025-10-21,9.4172,2025-10-31
2025-10-22,9.3972,2025-10-31
2025-10-23,9.393,2025-10-31
2025-10-24,9.392,2025-10-31
2025-10-27,9.3936,2025-10-31
2025-10-28,9.3557,2025-10-31
2025-10-29,9.3566,2025-10-31
2025-10-30,9.433,2025-10-31
2025-10-31,9.4958,2025-10-31
2025-11-03,9.4765,2025-11-30
2025-11-04,9.5651,2025-11-30
2025-11-05,9.5623,2025-11-30
2025-11-06,9.5805,2025-11-30
2025-11-07,9.5313,2025-11-30
2025-11-10,9.5251,2025-11-30
2025-11-12,9.4486,2025-11-30
2025-11-13,9.3814,2025-11-30
2025-11-14,9.4485,2025-11-30
2025-11-17,9.4542,2025-11-30
2025-11-18,9.4789,2025-11-30
2025-11-19,9.5474,2025-11-30
2025-11-20,9.5428,2025-11-30
2025-11-21,9.5622,2025-11-30
2025-11-24,9.5573,2025-11-30
2025-11-25,9.5523,2025-11-30
2025-11-26,9.4992,2025-11-30
2025-11-28,9.4402,2025-11-30
2025-12-01,9.4415,2025-12-31
2025-12-02,9.4572,2025-12-31
2025-12-03,9.3747,2025-12-31
2025-12-04,9.4074,2025-12-31
2025-12-05,9.4113,2025-12-31
2025-12-08,9.4065,2025-12-31
2025-12-09,9.3471,2025-12-31
2025-12-10,9.3072,2025-12-31
2025-12-11,9.2363,2025-12-31
2025-12-12,9.2935,2025-12-31
2025-12-15,9.2841,2025-12-31
2025-12-16,9.2857,2025-12-31
2025-12-17,9.3024,2025-12-31
2025-12-18,9.2826,2025-12-31
2025-12-19,9.2631,2025-12-31
2025-12-22,9.2353,2025-12-31
2025-12-23,9.1816,2025-12-31
2025-12-24,9.169,2025-12-31
2025-12-26,9.1673,2025-12-31
2025-12-29,9.1943,2025-12-31
2025-12-30,9.1867,2025-12-31
2025-12-31,9.2227,2025-12-31
2026-01-02,9.2082,2026-01-31
2026-01-05,9.1837,2026-01-31
2026-01-06,9.2074,2026-01-31
2026-01-07,9.1773,2026-01-31
2026-01-08,9.2254,2026-01-31
2026-01-09,9.2071,2026-01-31
2026-01-12,9.1805,2026-01-31
2026-01-13,9.2094,2026-01-31
2026-01-14,9.1899,2026-01-31
2026-01-15,9.2288,2026-01-31
2026-01-16,9.2334,2026-01-31
2026-01-20,9.1115,2026-01-31
2026-01-21,9.1049,2026-01-31
2026-01-22,9.0211,2026-01-31
2026-01-23,8.9953,2026-01-31
2026-01-26,8.921,2026-01-31
2026-01-27,8.8199,2026-01-31
2026-01-28,8.8637,2026-01-31
2026-01-29,8.8408,2026-01-31
2026-01-30,8.8656,2026-01-31
2026-02-02,8.9585,2026-02-28
2026-02-03,8.8986,2026-02-28
2026-02-04,8.9939,2026-02-28
2026-02-05,9.0109,2026-02-28
2026-02-06,9.0178,2026-02-28
2026-02-09,8.9358,2026-02-28
2026-02-10,8.8944,2026-02-28
2026-02-11,8.8881,2026-02-28
2026-02-12,8.9263,2026-02-28
2026-02-13,8.9397,2026-02-28
2026-02-17,9.0014,2026-02-28
2026-02-18,9.0026,2026-02-28
2026-02-19,9.0712,2026-02-28
2026-02-20,9.0571,2026-02-28
2026-02-23,9.0527,2026-02-28
2026-02-24,9.0369,2026-02-28
2026-02-25,9.0267,2026-02-28
2026-02-26,9.0545,2026-02-28
2026-02-27,9.0199,2026-02-28
2026-03-02,9.1557,2026-03-31
2026-03-03,9.275,2026-03-31
2026-03-04,9.1602,2026-03-31
2026-03-05,9.2383,2026-03-31
2026-03-06,9.1835,2026-03-31
2026-03-09,9.2013,2026-03-31
2026-03-10,9.1294,2026-03-31
2026-03-11,9.2228,2026-03-31
2026-03-12,9.3291,2026-03-31
2026-03-13,9.4189,2026-03-31
2026-03-16,9.3536,2026-03-31
2026-03-17,9.2832,2026-03-31
2026-03-18,9.3461,2026-03-31
2026-03-19,9.3544,2026-03-31
2026-03-20,9.3611,2026-03-31
2026-03-23,9.3432,2026-03-31
2026-03-24,9.3298,2026-03-31
2026-03-25,9.3432,2026-03-31
2026-03-26,9.409,2026-03-31
2026-03-27,9.4548,2026-03-31
2026-03-30,9.5528,2026-03-31
2026-03-31,9.533,2026-03-31
2026-04-01,9.3817,2026-04-30
2026-04-02,9.413,2026-04-30
2026-04-03,9.4747,2026-04-30
2026-04-06,9.4257,2026-04-30
2026-04-07,9.5237,2026-04-30
2026-04-08,9.3034,2026-04-30
2026-04-09,9.2789,2026-04-30
2026-04-10,9.2651,2026-04-30
2026-04-13,9.229,2026-04-30
2026-04-14,9.1906,2026-04-30
2026-04-15,9.1638,2026-04-30
2026-04-16,9.1857,2026-04-30
2026-04-17,9.1354,2026-04-30
2026-04-20,9.1239,2026-04-30
2026-04-21,9.1614,2026-04-30
2026-04-22,9.1995,2026-04-30
2026-04-23,9.2153,2026-04-30
2026-04-24,9.2226,2026-04-30
2026-04-27,9.2115,2026-04-30
2026-04-28,9.2645,2026-04-30
2026-04-29,9.2977,2026-04-30
2026-04-30,9.2496,2026-04-30
2026-05-01,9.1913,2026-05-31
2026-05-04,9.2806,2026-05-31
2026-05-05,9.246,2026-05-31
2026-05-06,9.2331,2026-05-31
2026-05-07,9.2251,2026-05-31
2026-05-08,9.2302,2026-05-31
2026-05-11,9.2166,2026-05-31
2026-05-12,9.3037,2026-05-31
2026-05-13,9.3156,2026-05-31
2026-05-14,9.3428,2026-05-31
2026-05-15,9.4415,2026-05-31
2026-05-18,9.3982,2026-05-31
2026-05-19,9.402,2026-05-31
2026-05-20,9.3345,2026-05-31
2026-05-21,9.3798,2026-05-31
2026-05-22,9.3547,2026-05-31
2026-05-26,9.3295,2026-05-31
2026-05-27,9.2942,2026-05-31
2026-05-28,9.2629,2026-05-31
2026-05-29,9.2191,2026-05-31
2026-06-01,9.3149,2026-06-30
2026-06-02,9.3008,2026-06-30
2026-06-03,9.3966,2026-06-30
2026-06-04,9.3598,2026-06-30
2026-06-05,9.4601,2026-06-30
2026-06-08,9.4244,2026-06-30
2026-06-09,9.4532,2026-06-30
2026-06-10,9.4859,2026-06-30
2026-06-11,9.5503,2026-06-30
2026-06-12,9.4141,2026-06-30
2026-06-15,9.3821,2026-06-30
2026-06-16,9.3599,2026-06-30
2026-06-17,9.3979,2026-06-30
2026-06-18,9.5709,2026-06-30
2026-06-22,9.6149,2026-06-30
2026-06-23,9.73,2026-06-30
2026-06-24,9.7678,2026-06-30
2026-06-25,9.7102,2026-06-30
2026-06-26,9.7112,2026-06-30
2026-06-29,9.7198,2026-06-30
2026-06-30,9.7013,2026-06-30
2026-07-01,9.7215,2026-07-31
2026-07-02,9.6567,2026-07-31
2026-07-06,9.645,2026-07-31
2026-07-07,9.672,2026-07-31
2026-07-08,9.7392,2026-07-31
2026-07-09,9.6521,2026-07-31
2026-07-10,9.6382,2026-07-31
2026-07-13,9.679,2026-07-31
2026-07-14,9.6555,2026-07-31
2026-07-15,9.634,2026-07-31
2026-07-16,9.6387,2026-07-31
2026-07-17,9.6417,2026-07-31
2026-07-20,9.6874,2026-07-31
2026-07-21,9.6926,2026-07-31
2026-07-22,9.6862,2026-07-31
2026-07-23,9.767,2026-07-31
2026-07-24,9.6998,2026-07-31
