idx,forecast_time,last_context_time,last_close,p_up,gen_mean,gen_sd,gen_distinct,step_gap_h,ctx_max_gap_h,spans_weekend_gap
47650,2024-07-30 08:00:00+00:00,2024-07-30 07:00:00+00:00,1.08197,0.8,1.0820653438568115,0.0005152316298335791,8,1.0,49.0,False
47651,2024-07-30 09:00:00+00:00,2024-07-30 08:00:00+00:00,1.08222,0.2,1.0819982290267944,0.0004534693725872785,10,1.0,49.0,False
47652,2024-07-30 10:00:00+00:00,2024-07-30 09:00:00+00:00,1.08175,0.5333333333333333,1.0814954042434692,0.0004098530043847859,9,1.0,49.0,False
47653,2024-07-30 11:00:00+00:00,2024-07-30 10:00:00+00:00,1.08281,0.6,1.082895040512085,0.00032744393683969975,14,1.0,49.0,False
47654,2024-07-30 12:00:00+00:00,2024-07-30 11:00:00+00:00,1.08314,0.7333333333333333,1.0832290649414062,0.00031629533623345196,12,1.0,49.0,False
47655,2024-07-30 13:00:00+00:00,2024-07-30 12:00:00+00:00,1.08326,0.4,1.0830672979354858,0.00044850120320916176,14,1.0,49.0,False
47656,2024-07-30 14:00:00+00:00,2024-07-30 13:00:00+00:00,1.0824,0.43333333333333335,1.0823910236358643,0.0006202701479196548,12,1.0,49.0,False
47657,2024-07-30 15:00:00+00:00,2024-07-30 14:00:00+00:00,1.08014,0.26666666666666666,1.079850435256958,0.0007441341294907033,11,1.0,49.0,False
47658,2024-07-30 16:00:00+00:00,2024-07-30 15:00:00+00:00,1.08094,0.3333333333333333,1.0807468891143799,0.00043366706813685596,9,1.0,49.0,False
47659,2024-07-30 17:00:00+00:00,2024-07-30 16:00:00+00:00,1.08047,0.06666666666666667,1.0799857378005981,0.0003842694859486073,7,1.0,49.0,False
47660,2024-07-30 18:00:00+00:00,2024-07-30 17:00:00+00:00,1.08085,0.23333333333333334,1.0804264545440674,0.0004668773617595434,9,1.0,49.0,False
47661,2024-07-30 19:00:00+00:00,2024-07-30 18:00:00+00:00,1.08133,0.13333333333333333,1.0811794996261597,0.0002201027236878872,4,1.0,49.0,False
47662,2024-07-30 20:00:00+00:00,2024-07-30 19:00:00+00:00,1.08139,0.8,1.081436276435852,0.00022456044098362327,4,1.0,49.0,False
47663,2024-07-30 21:00:00+00:00,2024-07-30 20:00:00+00:00,1.08107,0.36666666666666664,1.081132173538208,0.00020346371456980705,4,1.0,49.0,False
47664,2024-07-30 22:00:00+00:00,2024-07-30 21:00:00+00:00,1.08103,0.26666666666666666,1.0810348987579346,0.0001751236559357494,2,1.0,49.0,False
47665,2024-07-30 23:00:00+00:00,2024-07-30 22:00:00+00:00,1.08146,0.6333333333333333,1.0813612937927246,0.00021956715499982238,4,1.0,49.0,False
47666,2024-07-31 00:00:00+00:00,2024-07-30 23:00:00+00:00,1.08136,0.5333333333333333,1.0811972618103027,0.0003993377322331071,9,1.0,49.0,False
47667,2024-07-31 01:00:00+00:00,2024-07-31 00:00:00+00:00,1.08142,0.7,1.0815876722335815,0.0003869046049658209,10,1.0,49.0,False
47668,2024-07-31 02:00:00+00:00,2024-07-31 01:00:00+00:00,1.08152,0.7,1.0816738605499268,0.0003272716421633959,7,1.0,49.0,False
47669,2024-07-31 03:00:00+00:00,2024-07-31 02:00:00+00:00,1.08196,0.9666666666666667,1.082081913948059,0.00017596180259715766,4,1.0,49.0,False
47670,2024-07-31 04:00:00+00:00,2024-07-31 03:00:00+00:00,1.08216,0.6,1.0823242664337158,0.00023902388056740165,4,1.0,49.0,False
47671,2024-07-31 05:00:00+00:00,2024-07-31 04:00:00+00:00,1.0826,0.03333333333333333,1.082358956336975,0.0002156192495021969,5,1.0,49.0,False
47672,2024-07-31 06:00:00+00:00,2024-07-31 05:00:00+00:00,1.08216,0.3,1.0821315050125122,0.00031768661574460566,5,1.0,49.0,False
47673,2024-07-31 07:00:00+00:00,2024-07-31 06:00:00+00:00,1.08251,0.5666666666666667,1.0825947523117065,0.00038170572952367365,10,1.0,49.0,False
47674,2024-07-31 08:00:00+00:00,2024-07-31 07:00:00+00:00,1.08243,0.36666666666666664,1.0823302268981934,0.00039412322803400457,10,1.0,49.0,False
47675,2024-07-31 09:00:00+00:00,2024-07-31 08:00:00+00:00,1.08249,0.2,1.0822227001190186,0.00035227081389166415,10,1.0,49.0,False
47676,2024-07-31 10:00:00+00:00,2024-07-31 09:00:00+00:00,1.08177,0.8,1.0818794965744019,0.00039787375135347247,7,1.0,49.0,False
47677,2024-07-31 11:00:00+00:00,2024-07-31 10:00:00+00:00,1.08218,0.3,1.082078218460083,0.00037508882815018296,7,1.0,49.0,False
47678,2024-07-31 12:00:00+00:00,2024-07-31 11:00:00+00:00,1.08255,0.5333333333333333,1.0825858116149902,0.00028857748839072883,7,1.0,49.0,False
47679,2024-07-31 13:00:00+00:00,2024-07-31 12:00:00+00:00,1.08327,0.43333333333333335,1.083123803138733,0.00033717078622430563,14,1.0,49.0,False
47680,2024-07-31 14:00:00+00:00,2024-07-31 13:00:00+00:00,1.08278,0.7666666666666667,1.0831018686294556,0.0005387083510868251,18,1.0,49.0,False
47681,2024-07-31 15:00:00+00:00,2024-07-31 14:00:00+00:00,1.08401,0.4,1.0839236974716187,0.0004708748892880976,17,1.0,49.0,False
47682,2024-07-31 16:00:00+00:00,2024-07-31 15:00:00+00:00,1.08419,0.36666666666666664,1.0841246843338013,0.00027847682940773666,13,1.0,49.0,False
47683,2024-07-31 17:00:00+00:00,2024-07-31 16:00:00+00:00,1.08212,0.7333333333333333,1.082287311553955,0.0004614034260157496,11,1.0,49.0,False
47684,2024-07-31 18:00:00+00:00,2024-07-31 17:00:00+00:00,1.08227,0.43333333333333335,1.082276463508606,0.0004313405370339751,12,1.0,49.0,False
47685,2024-07-31 19:00:00+00:00,2024-07-31 18:00:00+00:00,1.08088,0.36666666666666664,1.0807640552520752,0.0004988914588466287,10,1.0,49.0,False
47686,2024-07-31 20:00:00+00:00,2024-07-31 19:00:00+00:00,1.08149,0.16666666666666666,1.0812197923660278,0.000396482995711267,7,1.0,49.0,False
47687,2024-07-31 21:00:00+00:00,2024-07-31 20:00:00+00:00,1.0826,0.06666666666666667,1.082226037979126,0.00026401758077554405,5,1.0,49.0,False
47688,2024-07-31 22:00:00+00:00,2024-07-31 21:00:00+00:00,1.08223,0.8333333333333334,1.082362413406372,0.00021588416711892933,4,1.0,49.0,False
47689,2024-07-31 23:00:00+00:00,2024-07-31 22:00:00+00:00,1.08247,0.26666666666666666,1.082399606704712,0.00024300144286826253,4,1.0,49.0,False
47690,2024-08-01 00:00:00+00:00,2024-07-31 23:00:00+00:00,1.08263,0.3,1.0824767351150513,0.0003299893578514457,8,1.0,49.0,False
47691,2024-08-01 01:00:00+00:00,2024-08-01 00:00:00+00:00,1.08237,0.8333333333333334,1.0824795961380005,0.00028463907074183226,9,1.0,49.0,False
47692,2024-08-01 02:00:00+00:00,2024-08-01 01:00:00+00:00,1.08233,0.4,1.0820485353469849,0.00036513296072371304,8,1.0,49.0,False
47693,2024-08-01 03:00:00+00:00,2024-08-01 02:00:00+00:00,1.08271,0.5333333333333333,1.082826018333435,0.0002888655581045896,6,1.0,49.0,False
47694,2024-08-01 04:00:00+00:00,2024-08-01 03:00:00+00:00,1.0827,0.3,1.0826609134674072,0.0002256015141028911,4,1.0,49.0,False
47695,2024-08-01 05:00:00+00:00,2024-08-01 04:00:00+00:00,1.08257,0.5,1.0824633836746216,0.00019673097995109856,5,1.0,49.0,False
47696,2024-08-01 06:00:00+00:00,2024-08-01 05:00:00+00:00,1.08324,0.2,1.0829761028289795,0.00027510535437613726,8,1.0,49.0,False
47697,2024-08-01 07:00:00+00:00,2024-08-01 06:00:00+00:00,1.0826,0.5,1.082515835762024,0.0004189186729490757,11,1.0,49.0,False
47698,2024-08-01 08:00:00+00:00,2024-08-01 07:00:00+00:00,1.08268,0.2,1.0824239253997803,0.00039026167360134423,14,1.0,49.0,False
47699,2024-08-01 09:00:00+00:00,2024-08-01 08:00:00+00:00,1.08158,0.6333333333333333,1.081708312034607,0.00040518358582630754,14,1.0,49.0,False
47700,2024-08-01 10:00:00+00:00,2024-08-01 09:00:00+00:00,1.08007,0.6333333333333333,1.0803765058517456,0.0005343998200260103,9,1.0,49.0,False
47701,2024-08-01 11:00:00+00:00,2024-08-01 10:00:00+00:00,1.07839,0.9333333333333333,1.0788288116455078,0.0005498017999343574,9,1.0,49.0,False
47702,2024-08-01 12:00:00+00:00,2024-08-01 11:00:00+00:00,1.07773,0.9,1.0786921977996826,0.0007297120173461735,9,1.0,49.0,False
47703,2024-08-01 13:00:00+00:00,2024-08-01 12:00:00+00:00,1.0784,1.0,1.079702615737915,0.0006231229053810239,13,1.0,49.0,False
47704,2024-08-01 14:00:00+00:00,2024-08-01 13:00:00+00:00,1.07912,0.9666666666666667,1.079982876777649,0.0005175477126613259,11,1.0,49.0,False
47705,2024-08-01 15:00:00+00:00,2024-08-01 14:00:00+00:00,1.0796,0.7666666666666667,1.080045223236084,0.0006358567625284195,11,1.0,49.0,False
47706,2024-08-01 16:00:00+00:00,2024-08-01 15:00:00+00:00,1.08022,0.4,1.0801589488983154,0.00042926319292746484,11,1.0,49.0,False
47707,2024-08-01 17:00:00+00:00,2024-08-01 16:00:00+00:00,1.07916,0.9,1.0799051523208618,0.00035419550840742886,8,1.0,49.0,False
47708,2024-08-01 18:00:00+00:00,2024-08-01 17:00:00+00:00,1.0788,0.36666666666666664,1.0786865949630737,0.0006349244504235685,8,1.0,49.0,False
47709,2024-08-01 19:00:00+00:00,2024-08-01 18:00:00+00:00,1.07858,0.8666666666666667,1.079048991203308,0.0005213636322878301,6,1.0,49.0,False
47710,2024-08-01 20:00:00+00:00,2024-08-01 19:00:00+00:00,1.07911,0.6333333333333333,1.079252004623413,0.0004735256952699274,5,1.0,49.0,False
47711,2024-08-01 21:00:00+00:00,2024-08-01 20:00:00+00:00,1.07835,0.7333333333333333,1.0784443616867065,0.00027757909265346825,3,1.0,49.0,False
47712,2024-08-01 22:00:00+00:00,2024-08-01 21:00:00+00:00,1.07895,0.16666666666666666,1.0785032510757446,0.00027820555260404944,3,1.0,49.0,False
47713,2024-08-01 23:00:00+00:00,2024-08-01 22:00:00+00:00,1.07905,0.0,1.0785752534866333,0.00027058616979047656,3,1.0,49.0,False
47714,2024-08-02 00:00:00+00:00,2024-08-01 23:00:00+00:00,1.07911,0.03333333333333333,1.078521728515625,0.0003332992782816291,4,1.0,49.0,False
47715,2024-08-02 01:00:00+00:00,2024-08-02 00:00:00+00:00,1.0788,0.36666666666666664,1.0786316394805908,0.0003820309939328581,4,1.0,49.0,False
47716,2024-08-02 02:00:00+00:00,2024-08-02 01:00:00+00:00,1.07858,0.5,1.0787537097930908,0.0003802561550401151,4,1.0,49.0,False
47717,2024-08-02 03:00:00+00:00,2024-08-02 02:00:00+00:00,1.07906,0.06666666666666667,1.0786559581756592,0.000309597555315122,4,1.0,49.0,False
47718,2024-08-02 04:00:00+00:00,2024-08-02 03:00:00+00:00,1.07903,0.5333333333333333,1.078985571861267,0.00027644532383419573,3,1.0,49.0,False
47719,2024-08-02 05:00:00+00:00,2024-08-02 04:00:00+00:00,1.07898,0.5333333333333333,1.078871488571167,0.00033272153814323246,4,1.0,49.0,False
47720,2024-08-02 06:00:00+00:00,2024-08-02 05:00:00+00:00,1.07925,0.36666666666666664,1.0792450904846191,0.00036051461938768625,6,1.0,49.0,False
47721,2024-08-02 07:00:00+00:00,2024-08-02 06:00:00+00:00,1.07972,0.3,1.0796115398406982,0.00032320627360604703,7,1.0,49.0,False
47722,2024-08-02 08:00:00+00:00,2024-08-02 07:00:00+00:00,1.08037,0.4666666666666667,1.0803989171981812,0.00046356109669432044,10,1.0,49.0,False
47723,2024-08-02 09:00:00+00:00,2024-08-02 08:00:00+00:00,1.07955,0.7333333333333333,1.079821228981018,0.0004337567661423236,9,1.0,49.0,False
47724,2024-08-02 10:00:00+00:00,2024-08-02 09:00:00+00:00,1.08035,0.23333333333333334,1.080106496810913,0.0003463813045527786,7,1.0,49.0,False
47725,2024-08-02 11:00:00+00:00,2024-08-02 10:00:00+00:00,1.08142,0.7666666666666667,1.0817396640777588,0.000532647012732923,12,1.0,49.0,False
47726,2024-08-02 12:00:00+00:00,2024-08-02 11:00:00+00:00,1.08201,0.26666666666666666,1.0818349123001099,0.0005799555801786482,9,1.0,49.0,False
47727,2024-08-02 13:00:00+00:00,2024-08-02 12:00:00+00:00,1.08224,0.26666666666666666,1.0817168951034546,0.000547494855709374,14,1.0,49.0,False
47728,2024-08-02 14:00:00+00:00,2024-08-02 13:00:00+00:00,1.08305,0.6333333333333333,1.0830268859863281,0.00047014225856401026,22,1.0,49.0,False
47729,2024-08-02 15:00:00+00:00,2024-08-02 14:00:00+00:00,1.08907,0.1,1.0870088338851929,0.0016158348880708218,22,1.0,49.0,False
47730,2024-08-02 16:00:00+00:00,2024-08-02 15:00:00+00:00,1.09048,0.16666666666666666,1.0895497798919678,0.0010585460113361478,22,1.0,49.0,False
47731,2024-08-02 17:00:00+00:00,2024-08-02 16:00:00+00:00,1.09217,0.1,1.0911768674850464,0.0009124535135924816,18,1.0,49.0,False
47732,2024-08-02 18:00:00+00:00,2024-08-02 17:00:00+00:00,1.09129,0.5,1.0911026000976562,0.0010289103956893086,13,1.0,49.0,False
47733,2024-08-02 19:00:00+00:00,2024-08-02 18:00:00+00:00,1.09114,0.16666666666666666,1.0905565023422241,0.0007489826530218124,16,1.0,49.0,False
47734,2024-08-02 20:00:00+00:00,2024-08-02 19:00:00+00:00,1.09107,0.3333333333333333,1.0907479524612427,0.0005535435047931969,11,1.0,49.0,False
47735,2024-08-02 21:00:00+00:00,2024-08-02 20:00:00+00:00,1.09125,0.6,1.0913257598876953,0.0005073492066003382,11,1.0,49.0,False
47736,2024-08-02 22:00:00+00:00,2024-08-02 21:00:00+00:00,1.09122,0.6666666666666666,1.0912597179412842,0.00023522284755017608,7,1.0,49.0,False
47737,2024-08-04 23:00:00+00:00,2024-08-02 22:00:00+00:00,1.09103,0.5,1.0910626649856567,0.0004285322211217135,9,49.0,49.0,True
47738,2024-08-05 00:00:00+00:00,2024-08-04 23:00:00+00:00,1.09199,0.23333333333333334,1.0916208028793335,0.0005672967527061701,14,1.0,49.0,False
47739,2024-08-05 01:00:00+00:00,2024-08-05 00:00:00+00:00,1.09057,0.0,1.089901089668274,0.00038557799416594207,9,1.0,49.0,False
47740,2024-08-05 02:00:00+00:00,2024-08-05 01:00:00+00:00,1.09098,0.43333333333333335,1.090772032737732,0.0004487121186684817,12,1.0,49.0,False
47741,2024-08-05 03:00:00+00:00,2024-08-05 02:00:00+00:00,1.09161,0.2,1.091277837753296,0.0005421070381999016,11,1.0,49.0,False
47742,2024-08-05 04:00:00+00:00,2024-08-05 03:00:00+00:00,1.09185,0.13333333333333333,1.0915353298187256,0.00030966722988523543,9,1.0,49.0,False
47743,2024-08-05 05:00:00+00:00,2024-08-05 04:00:00+00:00,1.09212,0.1,1.0915886163711548,0.0003763700369745493,9,1.0,49.0,False
47744,2024-08-05 06:00:00+00:00,2024-08-05 05:00:00+00:00,1.09301,0.3,1.0927354097366333,0.0005783293745480478,6,1.0,49.0,False
47745,2024-08-05 07:00:00+00:00,2024-08-05 06:00:00+00:00,1.0932,0.13333333333333333,1.092481017112732,0.0007018616888672113,13,1.0,49.0,False
47746,2024-08-05 08:00:00+00:00,2024-08-05 07:00:00+00:00,1.09119,0.26666666666666666,1.0907834768295288,0.0006418871926143765,16,1.0,49.0,False
47747,2024-08-05 09:00:00+00:00,2024-08-05 08:00:00+00:00,1.09047,0.4666666666666667,1.0903321504592896,0.000441961718024686,13,1.0,49.0,False
47748,2024-08-05 10:00:00+00:00,2024-08-05 09:00:00+00:00,1.09484,0.5333333333333333,1.0949501991271973,0.0008176447590813041,8,1.0,49.0,False
47749,2024-08-05 11:00:00+00:00,2024-08-05 10:00:00+00:00,1.09505,0.43333333333333335,1.0954039096832275,0.0008003862458281219,8,1.0,49.0,False
47750,2024-08-05 12:00:00+00:00,2024-08-05 11:00:00+00:00,1.0951,0.4666666666666667,1.0948201417922974,0.0007401295588351786,8,1.0,49.0,False
47751,2024-08-05 13:00:00+00:00,2024-08-05 12:00:00+00:00,1.0948,0.36666666666666664,1.094115138053894,0.0012521268799901009,16,1.0,49.0,False
47752,2024-08-05 14:00:00+00:00,2024-08-05 13:00:00+00:00,1.09621,0.4666666666666667,1.0956404209136963,0.001145754475146532,11,1.0,49.0,False
47753,2024-08-05 15:00:00+00:00,2024-08-05 14:00:00+00:00,1.09904,0.23333333333333334,1.0980714559555054,0.0015178360044956207,16,1.0,49.0,False
47754,2024-08-05 16:00:00+00:00,2024-08-05 15:00:00+00:00,1.09775,0.5333333333333333,1.0975271463394165,0.001171181327663362,11,1.0,49.0,False
47755,2024-08-05 17:00:00+00:00,2024-08-05 16:00:00+00:00,1.09788,0.0,1.096418857574463,0.0006404971936717629,6,1.0,49.0,False
47756,2024-08-05 18:00:00+00:00,2024-08-05 17:00:00+00:00,1.09558,0.23333333333333334,1.0953965187072754,0.000744620047044009,9,1.0,49.0,False
47757,2024-08-05 19:00:00+00:00,2024-08-05 18:00:00+00:00,1.09593,0.1,1.0952479839324951,0.0003744951682165265,4,1.0,49.0,False
47758,2024-08-05 20:00:00+00:00,2024-08-05 19:00:00+00:00,1.09529,0.3333333333333333,1.0952763557434082,0.0005200848681852221,4,1.0,49.0,False
47759,2024-08-05 21:00:00+00:00,2024-08-05 20:00:00+00:00,1.09505,0.9666666666666667,1.0951930284500122,0.00032903190003708005,3,1.0,49.0,False
47760,2024-08-05 22:00:00+00:00,2024-08-05 21:00:00+00:00,1.09583,0.6666666666666666,1.0958324670791626,0.00035504502011463046,2,1.0,49.0,False
47761,2024-08-05 23:00:00+00:00,2024-08-05 22:00:00+00:00,1.0951,0.9666666666666667,1.0954227447509766,0.0003663844254333526,3,1.0,49.0,False
47762,2024-08-06 00:00:00+00:00,2024-08-05 23:00:00+00:00,1.09521,0.03333333333333333,1.0949058532714844,0.0003328389720991254,4,1.0,49.0,False
47763,2024-08-06 01:00:00+00:00,2024-08-06 00:00:00+00:00,1.09543,0.6333333333333333,1.09597909450531,0.0005705335061065853,4,1.0,49.0,False
47764,2024-08-06 02:00:00+00:00,2024-08-06 01:00:00+00:00,1.09499,0.8666666666666667,1.0953965187072754,0.0004498789203353226,4,1.0,49.0,False
47765,2024-08-06 03:00:00+00:00,2024-08-06 02:00:00+00:00,1.09621,0.5,1.096045970916748,0.000505362986586988,3,1.0,49.0,False
47766,2024-08-06 04:00:00+00:00,2024-08-06 03:00:00+00:00,1.09543,0.23333333333333334,1.0955182313919067,0.00034297615638934076,3,1.0,49.0,False
47767,2024-08-06 05:00:00+00:00,2024-08-06 04:00:00+00:00,1.09514,0.7666666666666667,1.095317006111145,0.00038346066139638424,3,1.0,49.0,False
47768,2024-08-06 06:00:00+00:00,2024-08-06 05:00:00+00:00,1.09537,0.9333333333333333,1.0954378843307495,0.0002795874606817961,4,1.0,49.0,False
47769,2024-08-06 07:00:00+00:00,2024-08-06 06:00:00+00:00,1.09514,0.6666666666666666,1.095334768295288,0.0006300562527030706,9,1.0,49.0,False
47770,2024-08-06 08:00:00+00:00,2024-08-06 07:00:00+00:00,1.09458,0.6333333333333333,1.0945804119110107,0.0007109465659596026,10,1.0,49.0,False
47771,2024-08-06 09:00:00+00:00,2024-08-06 08:00:00+00:00,1.09385,0.6333333333333333,1.093861699104309,0.00048393759061582386,11,1.0,49.0,False
47772,2024-08-06 10:00:00+00:00,2024-08-06 09:00:00+00:00,1.09265,0.6666666666666666,1.0928770303726196,0.0004383287741802633,12,1.0,49.0,False
47773,2024-08-06 11:00:00+00:00,2024-08-06 10:00:00+00:00,1.09273,0.43333333333333335,1.0927528142929077,0.0004055353347212076,10,1.0,49.0,False
47774,2024-08-06 12:00:00+00:00,2024-08-06 11:00:00+00:00,1.09113,0.6333333333333333,1.0912152528762817,0.0005050066392868757,13,1.0,49.0,False
47775,2024-08-06 13:00:00+00:00,2024-08-06 12:00:00+00:00,1.0908,0.4,1.0905879735946655,0.0006749297026544809,19,1.0,49.0,False
47776,2024-08-06 14:00:00+00:00,2024-08-06 13:00:00+00:00,1.09163,0.3333333333333333,1.091599941253662,0.0005806086119264364,16,1.0,49.0,False
47777,2024-08-06 15:00:00+00:00,2024-08-06 14:00:00+00:00,1.09045,0.6,1.0904762744903564,0.000860702944919467,14,1.0,49.0,False
47778,2024-08-06 16:00:00+00:00,2024-08-06 15:00:00+00:00,1.09178,0.2,1.091598391532898,0.0003528518136590719,10,1.0,49.0,False
47779,2024-08-06 17:00:00+00:00,2024-08-06 16:00:00+00:00,1.09332,0.06666666666666667,1.0928434133529663,0.0003551892004907131,8,1.0,49.0,False
47780,2024-08-06 18:00:00+00:00,2024-08-06 17:00:00+00:00,1.09245,0.4,1.0922844409942627,0.00044190455810166895,9,1.0,49.0,False
47781,2024-08-06 19:00:00+00:00,2024-08-06 18:00:00+00:00,1.09273,0.5666666666666667,1.092629075050354,0.000315125536872074,9,1.0,49.0,False
47782,2024-08-06 20:00:00+00:00,2024-08-06 19:00:00+00:00,1.09252,0.13333333333333333,1.0924144983291626,0.00021063249732833356,5,1.0,49.0,False
47783,2024-08-06 21:00:00+00:00,2024-08-06 20:00:00+00:00,1.09282,0.3333333333333333,1.092618703842163,0.00020579002739395946,5,1.0,49.0,False
47784,2024-08-06 22:00:00+00:00,2024-08-06 21:00:00+00:00,1.09295,0.0,1.0926095247268677,0.0001962318638106808,4,1.0,49.0,False
47785,2024-08-06 23:00:00+00:00,2024-08-06 22:00:00+00:00,1.09295,0.03333333333333333,1.0927867889404297,0.00018010551866609603,5,1.0,49.0,False
47786,2024-08-07 00:00:00+00:00,2024-08-06 23:00:00+00:00,1.0928,0.23333333333333334,1.0924967527389526,0.00043425915646366775,11,1.0,49.0,False
47787,2024-08-07 01:00:00+00:00,2024-08-07 00:00:00+00:00,1.0929,0.3333333333333333,1.0927144289016724,0.0005503939464688301,11,1.0,49.0,False
47788,2024-08-07 02:00:00+00:00,2024-08-07 01:00:00+00:00,1.09252,0.3333333333333333,1.0922813415527344,0.00031732028583064675,8,1.0,49.0,False
47789,2024-08-07 03:00:00+00:00,2024-08-07 02:00:00+00:00,1.09292,0.6,1.0928889513015747,0.00030296918703243136,7,1.0,49.0,False
47790,2024-08-07 04:00:00+00:00,2024-08-07 03:00:00+00:00,1.09178,0.43333333333333335,1.091764211654663,0.00029202151927165687,8,1.0,49.0,False
47791,2024-08-07 05:00:00+00:00,2024-08-07 04:00:00+00:00,1.09158,0.4,1.0916290283203125,0.0002834484330378473,8,1.0,49.0,False
47792,2024-08-07 06:00:00+00:00,2024-08-07 05:00:00+00:00,1.09153,0.4,1.0914618968963623,0.0002104096201946959,7,1.0,49.0,False
47793,2024-08-07 07:00:00+00:00,2024-08-07 06:00:00+00:00,1.0911,0.9666666666666667,1.091356873512268,0.00029046941199339926,11,1.0,49.0,False
47794,2024-08-07 08:00:00+00:00,2024-08-07 07:00:00+00:00,1.09098,0.9333333333333333,1.091423511505127,0.0004785929049830884,11,1.0,49.0,False
47795,2024-08-07 09:00:00+00:00,2024-08-07 08:00:00+00:00,1.09146,0.3333333333333333,1.0912432670593262,0.00032151213963516057,9,1.0,49.0,False
47796,2024-08-07 10:00:00+00:00,2024-08-07 09:00:00+00:00,1.09215,0.5,1.0921307802200317,0.00039873248897492886,11,1.0,49.0,False
47797,2024-08-07 11:00:00+00:00,2024-08-07 10:00:00+00:00,1.09184,0.5666666666666667,1.0918792486190796,0.0004043476947117597,11,1.0,49.0,False
47798,2024-08-07 12:00:00+00:00,2024-08-07 11:00:00+00:00,1.09131,0.5333333333333333,1.0913959741592407,0.0005903355195187032,13,1.0,49.0,False
47799,2024-08-07 13:00:00+00:00,2024-08-07 12:00:00+00:00,1.09177,0.43333333333333335,1.0917173624038696,0.00037073486601002514,9,1.0,49.0,False
47800,2024-08-07 14:00:00+00:00,2024-08-07 13:00:00+00:00,1.09228,0.26666666666666666,1.0918632745742798,0.0004391690599732101,11,1.0,49.0,False
47801,2024-08-07 15:00:00+00:00,2024-08-07 14:00:00+00:00,1.09212,0.23333333333333334,1.091909408569336,0.0004906808026134968,11,1.0,49.0,False
47802,2024-08-07 16:00:00+00:00,2024-08-07 15:00:00+00:00,1.0918,0.23333333333333334,1.0916529893875122,0.0002635808486957103,9,1.0,49.0,False
47803,2024-08-07 17:00:00+00:00,2024-08-07 16:00:00+00:00,1.09313,0.4,1.0929559469223022,0.000345489097526297,8,1.0,49.0,False
47804,2024-08-07 18:00:00+00:00,2024-08-07 17:00:00+00:00,1.09241,0.5,1.0924808979034424,0.0003431839868426323,9,1.0,49.0,False
47805,2024-08-07 19:00:00+00:00,2024-08-07 18:00:00+00:00,1.09217,0.6666666666666666,1.0923110246658325,0.0002361450606258586,6,1.0,49.0,False
47806,2024-08-07 20:00:00+00:00,2024-08-07 19:00:00+00:00,1.09218,0.6,1.0921955108642578,0.000175465305801481,5,1.0,49.0,False
47807,2024-08-07 21:00:00+00:00,2024-08-07 20:00:00+00:00,1.09217,1.0,1.092223048210144,8.531264757039025e-05,2,1.0,49.0,False
47808,2024-08-07 22:00:00+00:00,2024-08-07 21:00:00+00:00,1.09227,0.06666666666666667,1.092220425605774,8.504505967721343e-05,2,1.0,49.0,False
47809,2024-08-07 23:00:00+00:00,2024-08-07 22:00:00+00:00,1.09213,0.8,1.0922175645828247,0.000177149340743199,4,1.0,49.0,False
47810,2024-08-08 00:00:00+00:00,2024-08-07 23:00:00+00:00,1.09225,0.13333333333333333,1.0921465158462524,0.00022121131769381464,5,1.0,49.0,False
47811,2024-08-08 01:00:00+00:00,2024-08-08 00:00:00+00:00,1.09264,0.43333333333333335,1.092407464981079,0.00025377259589731693,6,1.0,49.0,False
47812,2024-08-08 02:00:00+00:00,2024-08-08 01:00:00+00:00,1.09267,0.8,1.0928020477294922,0.0002102062717312947,5,1.0,49.0,False
47813,2024-08-08 03:00:00+00:00,2024-08-08 02:00:00+00:00,1.09278,0.5666666666666667,1.0926955938339233,0.00019303527369629592,5,1.0,49.0,False
47814,2024-08-08 04:00:00+00:00,2024-08-08 03:00:00+00:00,1.09271,0.16666666666666666,1.0924516916275024,0.00018446310423314571,5,1.0,49.0,False
47815,2024-08-08 05:00:00+00:00,2024-08-08 04:00:00+00:00,1.09333,0.1,1.092934250831604,0.0002593968529254198,7,1.0,49.0,False
47816,2024-08-08 06:00:00+00:00,2024-08-08 05:00:00+00:00,1.09345,0.2,1.092878818511963,0.0004262551374267787,12,1.0,49.0,False
47817,2024-08-08 07:00:00+00:00,2024-08-08 06:00:00+00:00,1.09309,0.2,1.0926623344421387,0.0005120914429426193,14,1.0,49.0,False
47818,2024-08-08 08:00:00+00:00,2024-08-08 07:00:00+00:00,1.09353,0.3,1.0931440591812134,0.0005896394723095,15,1.0,49.0,False
47819,2024-08-08 09:00:00+00:00,2024-08-08 08:00:00+00:00,1.09421,0.13333333333333333,1.093846082687378,0.0004866895033046603,11,1.0,49.0,False
47820,2024-08-08 10:00:00+00:00,2024-08-08 09:00:00+00:00,1.09395,0.1,1.0935031175613403,0.0004251974751241505,11,1.0,49.0,False
47821,2024-08-08 11:00:00+00:00,2024-08-08 10:00:00+00:00,1.09365,0.43333333333333335,1.0935852527618408,0.000493478961288929,13,1.0,49.0,False
47822,2024-08-08 12:00:00+00:00,2024-08-08 11:00:00+00:00,1.09266,0.4666666666666667,1.092596173286438,0.0003713028854690492,13,1.0,49.0,False
47823,2024-08-08 13:00:00+00:00,2024-08-08 12:00:00+00:00,1.09249,0.23333333333333334,1.0920636653900146,0.0005556016112677753,13,1.0,49.0,False
47824,2024-08-08 14:00:00+00:00,2024-08-08 13:00:00+00:00,1.09299,0.43333333333333335,1.0929454565048218,0.0005747009417973459,17,1.0,49.0,False
47825,2024-08-08 15:00:00+00:00,2024-08-08 14:00:00+00:00,1.08971,0.4,1.0896415710449219,0.0008294048602692783,16,1.0,49.0,False
47826,2024-08-08 16:00:00+00:00,2024-08-08 15:00:00+00:00,1.08924,0.5,1.0890825986862183,0.0004917134065181017,11,1.0,49.0,False
47827,2024-08-08 17:00:00+00:00,2024-08-08 16:00:00+00:00,1.09058,0.6666666666666666,1.0904808044433594,0.0003840794088318944,8,1.0,49.0,False
47828,2024-08-08 18:00:00+00:00,2024-08-08 17:00:00+00:00,1.09126,0.7333333333333333,1.091376781463623,0.0003678245411720127,8,1.0,49.0,False
47829,2024-08-08 19:00:00+00:00,2024-08-08 18:00:00+00:00,1.09082,0.3,1.0904535055160522,0.00038773470441810787,8,1.0,49.0,False
47830,2024-08-08 20:00:00+00:00,2024-08-08 19:00:00+00:00,1.09123,0.26666666666666666,1.0910849571228027,0.0002632303221616894,5,1.0,49.0,False
47831,2024-08-08 21:00:00+00:00,2024-08-08 20:00:00+00:00,1.09176,0.3,1.0916342735290527,0.0001905301760416478,4,1.0,49.0,False
47832,2024-08-08 22:00:00+00:00,2024-08-08 21:00:00+00:00,1.09155,0.3333333333333333,1.0915075540542603,0.0002197366120526567,5,1.0,49.0,False
47833,2024-08-08 23:00:00+00:00,2024-08-08 22:00:00+00:00,1.09179,0.43333333333333335,1.0918147563934326,0.0002556552062742412,6,1.0,49.0,False
47834,2024-08-09 00:00:00+00:00,2024-08-08 23:00:00+00:00,1.09166,0.13333333333333333,1.0911850929260254,0.00044010451529175043,9,1.0,49.0,False
47835,2024-08-09 01:00:00+00:00,2024-08-09 00:00:00+00:00,1.09179,0.26666666666666666,1.0915170907974243,0.0003302620898466557,8,1.0,49.0,False
47836,2024-08-09 02:00:00+00:00,2024-08-09 01:00:00+00:00,1.09143,0.5,1.0914751291275024,0.00032160658156499267,9,1.0,49.0,False
47837,2024-08-09 03:00:00+00:00,2024-08-09 02:00:00+00:00,1.09124,0.8,1.0913456678390503,0.0003257260250393301,6,1.0,49.0,False
47838,2024-08-09 04:00:00+00:00,2024-08-09 03:00:00+00:00,1.09172,0.23333333333333334,1.091489553451538,0.0003055271226912737,6,1.0,49.0,False
47839,2024-08-09 05:00:00+00:00,2024-08-09 04:00:00+00:00,1.09208,0.16666666666666666,1.0919145345687866,0.00026786161470226943,6,1.0,49.0,False
47840,2024-08-09 06:00:00+00:00,2024-08-09 05:00:00+00:00,1.09222,0.13333333333333333,1.0919182300567627,0.0003858105337712914,8,1.0,49.0,False
47841,2024-08-09 07:00:00+00:00,2024-08-09 06:00:00+00:00,1.09195,0.4666666666666667,1.091925859451294,0.0002849028678610921,8,1.0,49.0,False
47842,2024-08-09 08:00:00+00:00,2024-08-09 07:00:00+00:00,1.0919,0.36666666666666664,1.0918314456939697,0.00026101371622644365,7,1.0,49.0,False
47843,2024-08-09 09:00:00+00:00,2024-08-09 08:00:00+00:00,1.09268,0.3,1.0924007892608643,0.00031721856794320047,7,1.0,49.0,False
47844,2024-08-09 10:00:00+00:00,2024-08-09 09:00:00+00:00,1.09214,0.6,1.0922565460205078,0.00022224345593713224,5,1.0,49.0,False
47845,2024-08-09 11:00:00+00:00,2024-08-09 10:00:00+00:00,1.09173,0.7333333333333333,1.0918195247650146,0.00040933641139417887,11,1.0,49.0,False
47846,2024-08-09 12:00:00+00:00,2024-08-09 11:00:00+00:00,1.0919,0.8666666666666667,1.0923460721969604,0.00046105252113193274,13,1.0,49.0,False
47847,2024-08-09 13:00:00+00:00,2024-08-09 12:00:00+00:00,1.09172,0.7333333333333333,1.091834545135498,0.0005296193994581699,15,1.0,49.0,False
47848,2024-08-09 14:00:00+00:00,2024-08-09 13:00:00+00:00,1.09156,0.8333333333333334,1.091908574104309,0.0005267690285108984,15,1.0,49.0,False
47849,2024-08-09 15:00:00+00:00,2024-08-09 14:00:00+00:00,1.09112,0.5,1.0911496877670288,0.0007078281487338245,12,1.0,49.0,False
47850,2024-08-09 16:00:00+00:00,2024-08-09 15:00:00+00:00,1.09217,0.3333333333333333,1.0919926166534424,0.0003230747825000435,7,1.0,49.0,False
47851,2024-08-09 17:00:00+00:00,2024-08-09 16:00:00+00:00,1.09227,0.9,1.09246027469635,0.00022830090892966837,6,1.0,49.0,False
47852,2024-08-09 18:00:00+00:00,2024-08-09 17:00:00+00:00,1.09237,0.7333333333333333,1.0924582481384277,0.00021234684390947223,6,1.0,49.0,False
47853,2024-08-09 19:00:00+00:00,2024-08-09 18:00:00+00:00,1.09183,0.8333333333333334,1.092092752456665,0.0002104923769365996,6,1.0,49.0,False
47854,2024-08-09 20:00:00+00:00,2024-08-09 19:00:00+00:00,1.09203,0.2,1.0919697284698486,0.00016126531409099698,6,1.0,49.0,False
47855,2024-08-09 21:00:00+00:00,2024-08-09 20:00:00+00:00,1.09187,0.36666666666666664,1.091915249824524,0.00021000904962420464,5,1.0,49.0,False
47856,2024-08-09 22:00:00+00:00,2024-08-09 21:00:00+00:00,1.09183,0.2,1.091800332069397,8.419815276283771e-05,3,1.0,49.0,False
47857,2024-08-11 23:00:00+00:00,2024-08-09 22:00:00+00:00,1.09149,0.9,1.0917330980300903,0.00023766767117194831,6,49.0,49.0,True
47858,2024-08-12 00:00:00+00:00,2024-08-11 23:00:00+00:00,1.09178,0.1,1.091647744178772,0.00015501357847824693,4,1.0,49.0,False
47859,2024-08-12 01:00:00+00:00,2024-08-12 00:00:00+00:00,1.09123,0.23333333333333334,1.0910487174987793,0.0002898163511417806,5,1.0,49.0,False
47860,2024-08-12 02:00:00+00:00,2024-08-12 01:00:00+00:00,1.09121,0.13333333333333333,1.0908467769622803,0.0002910792827606201,3,1.0,49.0,False
47861,2024-08-12 03:00:00+00:00,2024-08-12 02:00:00+00:00,1.09178,0.16666666666666666,1.0915095806121826,0.0003318585513625294,5,1.0,49.0,False
47862,2024-08-12 04:00:00+00:00,2024-08-12 03:00:00+00:00,1.09202,0.5,1.0920050144195557,0.00021095530246384442,4,1.0,49.0,False
47863,2024-08-12 05:00:00+00:00,2024-08-12 04:00:00+00:00,1.09172,0.26666666666666666,1.0916565656661987,0.0002188531361753121,5,1.0,49.0,False
47864,2024-08-12 06:00:00+00:00,2024-08-12 05:00:00+00:00,1.09135,0.3,1.0910295248031616,0.000355780211975798,6,1.0,49.0,False
47865,2024-08-12 07:00:00+00:00,2024-08-12 06:00:00+00:00,1.09184,0.3,1.0917811393737793,0.00029852965963073075,6,1.0,49.0,False
47866,2024-08-12 08:00:00+00:00,2024-08-12 07:00:00+00:00,1.0918,0.8,1.0918930768966675,0.00026012197486124933,7,1.0,49.0,False
47867,2024-08-12 09:00:00+00:00,2024-08-12 08:00:00+00:00,1.09208,0.43333333333333335,1.0920357704162598,0.00022942645591683686,6,1.0,49.0,False
47868,2024-08-12 10:00:00+00:00,2024-08-12 09:00:00+00:00,1.09217,0.7333333333333333,1.0923473834991455,0.0002227428340120241,6,1.0,49.0,False
47869,2024-08-12 11:00:00+00:00,2024-08-12 10:00:00+00:00,1.09203,0.4,1.091850757598877,0.00032505663693882525,8,1.0,49.0,False
47870,2024-08-12 12:00:00+00:00,2024-08-12 11:00:00+00:00,1.09263,0.16666666666666666,1.0924060344696045,0.00026019001961685717,6,1.0,49.0,False
47871,2024-08-12 13:00:00+00:00,2024-08-12 12:00:00+00:00,1.09262,0.2,1.0923999547958374,0.0004862516943830997,9,1.0,49.0,False
47872,2024-08-12 14:00:00+00:00,2024-08-12 13:00:00+00:00,1.09255,0.6,1.0927245616912842,0.00047078440547920763,11,1.0,49.0,False
47873,2024-08-12 15:00:00+00:00,2024-08-12 14:00:00+00:00,1.09195,0.9,1.0921376943588257,0.0002885008871089667,10,1.0,49.0,False
47874,2024-08-12 16:00:00+00:00,2024-08-12 15:00:00+00:00,1.09248,0.8,1.092634677886963,0.00018017446564044803,5,1.0,49.0,False
47875,2024-08-12 17:00:00+00:00,2024-08-12 16:00:00+00:00,1.09308,0.0,1.0926239490509033,0.00015825428999960423,4,1.0,49.0,False
47876,2024-08-12 18:00:00+00:00,2024-08-12 17:00:00+00:00,1.09275,1.0,1.093083143234253,0.0001940204674610868,4,1.0,49.0,False
47877,2024-08-12 19:00:00+00:00,2024-08-12 18:00:00+00:00,1.09223,0.9,1.0924280881881714,0.00018695488688535988,6,1.0,49.0,False
47878,2024-08-12 20:00:00+00:00,2024-08-12 19:00:00+00:00,1.09328,0.1,1.0929800271987915,0.00018516587442718446,6,1.0,49.0,False
47879,2024-08-12 21:00:00+00:00,2024-08-12 20:00:00+00:00,1.09302,0.0,1.0928857326507568,0.00013865721120964736,4,1.0,49.0,False
47880,2024-08-12 22:00:00+00:00,2024-08-12 21:00:00+00:00,1.09311,0.0,1.0929489135742188,0.0001129571974161081,3,1.0,49.0,False
47881,2024-08-12 23:00:00+00:00,2024-08-12 22:00:00+00:00,1.09308,0.0,1.0929653644561768,0.00012052971578668803,3,1.0,49.0,False
47882,2024-08-13 00:00:00+00:00,2024-08-12 23:00:00+00:00,1.0931,0.26666666666666666,1.0930540561676025,0.00020310365653131157,6,1.0,49.0,False
47883,2024-08-13 01:00:00+00:00,2024-08-13 00:00:00+00:00,1.09318,0.26666666666666666,1.0930157899856567,0.00025525392265990376,6,1.0,49.0,False
47884,2024-08-13 02:00:00+00:00,2024-08-13 01:00:00+00:00,1.09355,0.36666666666666664,1.0933277606964111,0.0002124292659573257,5,1.0,49.0,False
47885,2024-08-13 03:00:00+00:00,2024-08-13 02:00:00+00:00,1.09294,0.9,1.0932339429855347,0.000183551455847919,5,1.0,49.0,False
47886,2024-08-13 04:00:00+00:00,2024-08-13 03:00:00+00:00,1.09344,0.16666666666666666,1.093217134475708,0.00018786043801810592,5,1.0,49.0,False
47887,2024-08-13 05:00:00+00:00,2024-08-13 04:00:00+00:00,1.09348,0.4666666666666667,1.0934855937957764,0.00020313083950895816,5,1.0,49.0,False
47888,2024-08-13 06:00:00+00:00,2024-08-13 05:00:00+00:00,1.09362,0.5333333333333333,1.0936106443405151,0.00023922743275761604,5,1.0,49.0,False
47889,2024-08-13 07:00:00+00:00,2024-08-13 06:00:00+00:00,1.09387,0.06666666666666667,1.0936416387557983,0.00027060374850407243,8,1.0,49.0,False
47890,2024-08-13 08:00:00+00:00,2024-08-13 07:00:00+00:00,1.09393,0.13333333333333333,1.0935341119766235,0.0003941354516427964,10,1.0,49.0,False
47891,2024-08-13 09:00:00+00:00,2024-08-13 08:00:00+00:00,1.09329,0.5,1.0933101177215576,0.0002796358894556761,8,1.0,49.0,False
47892,2024-08-13 10:00:00+00:00,2024-08-13 09:00:00+00:00,1.09297,0.4666666666666667,1.0929570198059082,0.00027176461298950016,8,1.0,49.0,False
47893,2024-08-13 11:00:00+00:00,2024-08-13 10:00:00+00:00,1.0923,0.16666666666666666,1.0919032096862793,0.00040969965630210936,6,1.0,49.0,False
47894,2024-08-13 12:00:00+00:00,2024-08-13 11:00:00+00:00,1.09193,0.5333333333333333,1.091822862625122,0.0004181748954579234,10,1.0,49.0,False
47895,2024-08-13 13:00:00+00:00,2024-08-13 12:00:00+00:00,1.09227,0.23333333333333334,1.0921343564987183,0.0003630043938755989,10,1.0,49.0,False
47896,2024-08-13 14:00:00+00:00,2024-08-13 13:00:00+00:00,1.09297,0.13333333333333333,1.0925780534744263,0.00040899368468672037,8,1.0,49.0,False
47897,2024-08-13 15:00:00+00:00,2024-08-13 14:00:00+00:00,1.09401,0.2,1.09354567527771,0.00046069768723100424,14,1.0,49.0,False
47898,2024-08-13 16:00:00+00:00,2024-08-13 15:00:00+00:00,1.09581,0.5,1.0955193042755127,0.0007916829199530184,12,1.0,49.0,False
47899,2024-08-13 17:00:00+00:00,2024-08-13 16:00:00+00:00,1.09553,0.03333333333333333,1.0951191186904907,0.00027214005240239203,8,1.0,49.0,False
47900,2024-08-13 18:00:00+00:00,2024-08-13 17:00:00+00:00,1.09529,0.1,1.0948001146316528,0.00034192384919151664,8,1.0,49.0,False
47901,2024-08-13 19:00:00+00:00,2024-08-13 18:00:00+00:00,1.09719,0.3,1.0970981121063232,0.0006796131492592394,5,1.0,49.0,False
47902,2024-08-13 20:00:00+00:00,2024-08-13 19:00:00+00:00,1.09762,0.5,1.097978949546814,0.0005788014968857169,3,1.0,49.0,False
47903,2024-08-13 21:00:00+00:00,2024-08-13 20:00:00+00:00,1.09988,0.5666666666666667,1.0996886491775513,0.0007567860302515328,7,1.0,49.0,False
47904,2024-08-13 22:00:00+00:00,2024-08-13 21:00:00+00:00,1.09955,0.03333333333333333,1.0986756086349487,0.0005236024735495448,3,1.0,49.0,False
47905,2024-08-13 23:00:00+00:00,2024-08-13 22:00:00+00:00,1.09923,0.6333333333333333,1.0990314483642578,0.00043969391845166683,2,1.0,49.0,False
47906,2024-08-14 00:00:00+00:00,2024-08-13 23:00:00+00:00,1.09911,0.06666666666666667,1.0982600450515747,0.0004444225050974637,3,1.0,49.0,False
47907,2024-08-14 01:00:00+00:00,2024-08-14 00:00:00+00:00,1.09959,0.5333333333333333,1.0992156267166138,0.0005797235062345862,4,1.0,49.0,False
47908,2024-08-14 02:00:00+00:00,2024-08-14 01:00:00+00:00,1.09953,0.7333333333333333,1.099660873413086,0.00048593239625915885,3,1.0,49.0,False
47909,2024-08-14 03:00:00+00:00,2024-08-14 02:00:00+00:00,1.09913,0.3,1.0991076231002808,0.00040714661008678377,2,1.0,49.0,False
47910,2024-08-14 04:00:00+00:00,2024-08-14 03:00:00+00:00,1.09913,0.23333333333333334,1.0989168882369995,0.0005010569584555924,3,1.0,49.0,False
47911,2024-08-14 05:00:00+00:00,2024-08-14 04:00:00+00:00,1.09911,0.13333333333333333,1.0989060401916504,0.00029257871210575104,2,1.0,49.0,False
47912,2024-08-14 06:00:00+00:00,2024-08-14 05:00:00+00:00,1.09894,0.06666666666666667,1.0987409353256226,0.0003779050603043288,4,1.0,49.0,False
47913,2024-08-14 07:00:00+00:00,2024-08-14 06:00:00+00:00,1.09923,0.3333333333333333,1.099082350730896,0.000480431888718158,4,1.0,49.0,False
47914,2024-08-14 08:00:00+00:00,2024-08-14 07:00:00+00:00,1.09902,0.1,1.0987409353256226,0.0004483815864659846,6,1.0,49.0,False
47915,2024-08-14 09:00:00+00:00,2024-08-14 08:00:00+00:00,1.09993,0.5666666666666667,1.0998036861419678,0.0006066961213946342,3,1.0,49.0,False
47916,2024-08-14 10:00:00+00:00,2024-08-14 09:00:00+00:00,1.10054,0.16666666666666666,1.100162386894226,0.0006272514583542943,3,1.0,49.0,False
47917,2024-08-14 11:00:00+00:00,2024-08-14 10:00:00+00:00,1.10186,0.1,1.1012139320373535,0.0005601741722784936,4,1.0,49.0,False
47918,2024-08-14 12:00:00+00:00,2024-08-14 11:00:00+00:00,1.10251,0.06666666666666667,1.101884126663208,0.0007836965378373861,5,1.0,49.0,False
47919,2024-08-14 13:00:00+00:00,2024-08-14 12:00:00+00:00,1.10216,0.36666666666666664,1.1015057563781738,0.000668946944642812,4,1.0,49.0,False
47920,2024-08-14 14:00:00+00:00,2024-08-14 13:00:00+00:00,1.10218,0.16666666666666666,1.1012318134307861,0.0007362288306467235,7,1.0,49.0,False
47921,2024-08-14 15:00:00+00:00,2024-08-14 14:00:00+00:00,1.1016,0.1,1.1014968156814575,0.0005138792912475765,4,1.0,49.0,False
47922,2024-08-14 16:00:00+00:00,2024-08-14 15:00:00+00:00,1.10372,0.03333333333333333,1.102640986442566,0.0006560483016073704,6,1.0,49.0,False
47923,2024-08-14 17:00:00+00:00,2024-08-14 16:00:00+00:00,1.1035,0.2,1.1030758619308472,0.0006266331183724105,4,1.0,49.0,False
47924,2024-08-14 18:00:00+00:00,2024-08-14 17:00:00+00:00,1.10227,0.8666666666666667,1.102592945098877,0.0006684181862510741,4,1.0,49.0,False
47925,2024-08-14 19:00:00+00:00,2024-08-14 18:00:00+00:00,1.10179,0.43333333333333335,1.1015015840530396,0.0005446078139357269,3,1.0,49.0,False
47926,2024-08-14 20:00:00+00:00,2024-08-14 19:00:00+00:00,1.10137,0.26666666666666666,1.1011918783187866,0.00041983285336755216,2,1.0,49.0,False
47927,2024-08-14 21:00:00+00:00,2024-08-14 20:00:00+00:00,1.10157,0.16666666666666666,1.1010197401046753,0.00034923816565424204,2,1.0,49.0,False
47928,2024-08-14 22:00:00+00:00,2024-08-14 21:00:00+00:00,1.10125,0.03333333333333333,1.1008565425872803,0.0001671027421252802,2,1.0,49.0,False
47929,2024-08-14 23:00:00+00:00,2024-08-14 22:00:00+00:00,1.10112,0.2,1.1009938716888428,0.00036878586979582906,2,1.0,49.0,False
47930,2024-08-15 00:00:00+00:00,2024-08-14 23:00:00+00:00,1.10111,0.23333333333333334,1.1009480953216553,0.00044514433830045164,3,1.0,49.0,False
47931,2024-08-15 01:00:00+00:00,2024-08-15 00:00:00+00:00,1.10125,0.23333333333333334,1.1009273529052734,0.000419681950006634,3,1.0,49.0,False
47932,2024-08-15 02:00:00+00:00,2024-08-15 01:00:00+00:00,1.1011,0.1,1.1008564233779907,0.0002771615982055664,2,1.0,49.0,False
47933,2024-08-15 03:00:00+00:00,2024-08-15 02:00:00+00:00,1.10092,0.0,1.1006819009780884,0.00023823689843993634,2,1.0,49.0,False
47934,2024-08-15 04:00:00+00:00,2024-08-15 03:00:00+00:00,1.10065,0.8333333333333334,1.1007102727890015,0.00026256166165694594,2,1.0,49.0,False
47935,2024-08-15 05:00:00+00:00,2024-08-15 04:00:00+00:00,1.10081,1.0,1.1009337902069092,0.00016862194752320647,2,1.0,49.0,False
47936,2024-08-15 06:00:00+00:00,2024-08-15 05:00:00+00:00,1.10076,0.9333333333333333,1.101136326789856,0.0004795170680154115,3,1.0,49.0,False
47937,2024-08-15 07:00:00+00:00,2024-08-15 06:00:00+00:00,1.10111,0.13333333333333333,1.1008795499801636,0.0004930425784550607,4,1.0,49.0,False
47938,2024-08-15 08:00:00+00:00,2024-08-15 07:00:00+00:00,1.10091,0.7666666666666667,1.1009221076965332,0.0005967951728962362,4,1.0,49.0,False
47939,2024-08-15 09:00:00+00:00,2024-08-15 08:00:00+00:00,1.10141,0.1,1.1010029315948486,0.0004453444271348417,3,1.0,49.0,False
47940,2024-08-15 10:00:00+00:00,2024-08-15 09:00:00+00:00,1.10129,0.1,1.1011598110198975,0.00038261225563474,3,1.0,49.0,False
47941,2024-08-15 11:00:00+00:00,2024-08-15 10:00:00+00:00,1.10057,0.23333333333333334,1.10026216506958,0.000407889427151531,5,1.0,49.0,False
47942,2024-08-15 12:00:00+00:00,2024-08-15 11:00:00+00:00,1.10115,0.23333333333333334,1.1011470556259155,0.0006523901247419417,4,1.0,49.0,False
47943,2024-08-15 13:00:00+00:00,2024-08-15 12:00:00+00:00,1.10097,0.7666666666666667,1.1012341976165771,0.0005664675845764577,6,1.0,49.0,False
47944,2024-08-15 14:00:00+00:00,2024-08-15 13:00:00+00:00,1.10128,0.5333333333333333,1.101120114326477,0.001000613672658801,11,1.0,49.0,False
47945,2024-08-15 15:00:00+00:00,2024-08-15 14:00:00+00:00,1.09562,0.4,1.0954127311706543,0.0012017613044008613,20,1.0,49.0,False
47946,2024-08-15 16:00:00+00:00,2024-08-15 15:00:00+00:00,1.09682,0.23333333333333334,1.096343755722046,0.0005917830276302993,12,1.0,49.0,False
47947,2024-08-15 17:00:00+00:00,2024-08-15 16:00:00+00:00,1.09826,0.43333333333333335,1.09791100025177,0.0006367486785165966,8,1.0,49.0,False
47948,2024-08-15 18:00:00+00:00,2024-08-15 17:00:00+00:00,1.09849,0.9333333333333333,1.098983883857727,0.000362861406756565,8,1.0,49.0,False
47949,2024-08-15 19:00:00+00:00,2024-08-15 18:00:00+00:00,1.09775,0.7666666666666667,1.0980706214904785,0.00034977824543602765,6,1.0,49.0,False
47950,2024-08-15 20:00:00+00:00,2024-08-15 19:00:00+00:00,1.09739,0.5666666666666667,1.0975388288497925,0.00025804582401178777,4,1.0,49.0,False
47951,2024-08-15 21:00:00+00:00,2024-08-15 20:00:00+00:00,1.09779,0.03333333333333333,1.0975428819656372,0.00021928719070274383,3,1.0,49.0,False
47952,2024-08-15 22:00:00+00:00,2024-08-15 21:00:00+00:00,1.09737,0.5,1.0971940755844116,0.00024503469467163086,2,1.0,49.0,False
47953,2024-08-15 23:00:00+00:00,2024-08-15 22:00:00+00:00,1.09711,0.2,1.0969411134719849,0.0001912117440951988,2,1.0,49.0,False
47954,2024-08-16 00:00:00+00:00,2024-08-15 23:00:00+00:00,1.09711,0.23333333333333334,1.09678316116333,0.0002682263439055532,4,1.0,49.0,False
47955,2024-08-16 01:00:00+00:00,2024-08-16 00:00:00+00:00,1.09708,0.1,1.0966145992279053,0.00027199677424505353,6,1.0,49.0,False
47956,2024-08-16 02:00:00+00:00,2024-08-16 01:00:00+00:00,1.09719,0.0,1.0966356992721558,0.0001126400675275363,2,1.0,49.0,False
47957,2024-08-16 03:00:00+00:00,2024-08-16 02:00:00+00:00,1.09752,0.0,1.0970134735107422,0.0002766924153547734,4,1.0,49.0,False
47958,2024-08-16 04:00:00+00:00,2024-08-16 03:00:00+00:00,1.09805,0.0,1.0972965955734253,0.00023784881341271102,4,1.0,49.0,False
47959,2024-08-16 05:00:00+00:00,2024-08-16 04:00:00+00:00,1.09806,0.06666666666666667,1.0975853204727173,0.0002413377515040338,5,1.0,49.0,False
47960,2024-08-16 06:00:00+00:00,2024-08-16 05:00:00+00:00,1.09765,0.3,1.0974069833755493,0.0004142130783293396,10,1.0,49.0,False
47961,2024-08-16 07:00:00+00:00,2024-08-16 06:00:00+00:00,1.09815,0.3333333333333333,1.0979883670806885,0.0006496278219856322,11,1.0,49.0,False
47962,2024-08-16 08:00:00+00:00,2024-08-16 07:00:00+00:00,1.09849,0.03333333333333333,1.097493052482605,0.0004876416642218828,12,1.0,49.0,False
47963,2024-08-16 09:00:00+00:00,2024-08-16 08:00:00+00:00,1.09808,0.3333333333333333,1.0978721380233765,0.0004152253386564553,10,1.0,49.0,False
47964,2024-08-16 10:00:00+00:00,2024-08-16 09:00:00+00:00,1.09845,0.06666666666666667,1.0979399681091309,0.0004521258524619043,9,1.0,49.0,False
47965,2024-08-16 11:00:00+00:00,2024-08-16 10:00:00+00:00,1.09804,0.4666666666666667,1.0979456901550293,0.00037894502747803926,9,1.0,49.0,False
47966,2024-08-16 12:00:00+00:00,2024-08-16 11:00:00+00:00,1.09893,0.36666666666666664,1.0987508296966553,0.0007237195386551321,11,1.0,49.0,False
47967,2024-08-16 13:00:00+00:00,2024-08-16 12:00:00+00:00,1.09934,0.3,1.0989928245544434,0.0008691006805747747,15,1.0,49.0,False
47968,2024-08-16 14:00:00+00:00,2024-08-16 13:00:00+00:00,1.09917,0.3,1.098991870880127,0.0011013528564944863,17,1.0,49.0,False
47969,2024-08-16 15:00:00+00:00,2024-08-16 14:00:00+00:00,1.09934,0.5333333333333333,1.0991672277450562,0.0006393060320988297,12,1.0,49.0,False
47970,2024-08-16 16:00:00+00:00,2024-08-16 15:00:00+00:00,1.10014,0.5333333333333333,1.1004115343093872,0.0005499865510500968,6,1.0,49.0,False
47971,2024-08-16 17:00:00+00:00,2024-08-16 16:00:00+00:00,1.099,0.1,1.098473072052002,0.00038487595156766474,6,1.0,49.0,False
47972,2024-08-16 18:00:00+00:00,2024-08-16 17:00:00+00:00,1.09954,0.2,1.0992923974990845,0.0003599236370064318,7,1.0,49.0,False
47973,2024-08-16 19:00:00+00:00,2024-08-16 18:00:00+00:00,1.10032,0.03333333333333333,1.0996555089950562,0.00025020496104843915,5,1.0,49.0,False
47974,2024-08-16 20:00:00+00:00,2024-08-16 19:00:00+00:00,1.10122,0.0,1.1006343364715576,0.00045907593448646367,4,1.0,49.0,False
47975,2024-08-16 21:00:00+00:00,2024-08-16 20:00:00+00:00,1.10201,0.0,1.1011712551116943,0.00041916489135473967,2,1.0,49.0,False
47976,2024-08-16 22:00:00+00:00,2024-08-16 21:00:00+00:00,1.1024,0.0,1.1013582944869995,0.00044401813647709787,2,1.0,49.0,False
47977,2024-08-18 23:00:00+00:00,2024-08-16 22:00:00+00:00,1.10279,0.0,1.1016595363616943,0.00042163708712905645,2,49.0,49.0,True
47978,2024-08-19 00:00:00+00:00,2024-08-18 23:00:00+00:00,1.10243,0.0,1.1019710302352905,0.00033222269848920405,2,1.0,49.0,False
47979,2024-08-19 01:00:00+00:00,2024-08-19 00:00:00+00:00,1.10245,0.1,1.1021102666854858,0.0005771575961261988,5,1.0,49.0,False
47980,2024-08-19 02:00:00+00:00,2024-08-19 01:00:00+00:00,1.10242,0.8333333333333334,1.102340817451477,0.0003257808566559106,2,1.0,49.0,False
47981,2024-08-19 03:00:00+00:00,2024-08-19 02:00:00+00:00,1.10297,0.0,1.1025491952896118,0.00026092526968568563,2,1.0,49.0,False
47982,2024-08-19 04:00:00+00:00,2024-08-19 03:00:00+00:00,1.10305,0.0,1.1027451753616333,0.00015565429930575192,2,1.0,49.0,False
47983,2024-08-19 05:00:00+00:00,2024-08-19 04:00:00+00:00,1.10301,0.0,1.1027575731277466,0.0003221822844352573,2,1.0,49.0,False
47984,2024-08-19 06:00:00+00:00,2024-08-19 05:00:00+00:00,1.10382,0.1,1.102874755859375,0.0005649080849252641,3,1.0,49.0,False
47985,2024-08-19 07:00:00+00:00,2024-08-19 06:00:00+00:00,1.10391,0.13333333333333333,1.1029257774353027,0.0007290870998986065,5,1.0,49.0,False
47986,2024-08-19 08:00:00+00:00,2024-08-19 07:00:00+00:00,1.10471,0.23333333333333334,1.102266550064087,0.002057549776509404,15,1.0,49.0,False
47987,2024-08-19 09:00:00+00:00,2024-08-19 08:00:00+00:00,1.10416,0.16666666666666666,1.1037254333496094,0.0005009144078940153,4,1.0,49.0,False
47988,2024-08-19 10:00:00+00:00,2024-08-19 09:00:00+00:00,1.10423,0.06666666666666667,1.1036733388900757,0.0003927208890672773,3,1.0,49.0,False
47989,2024-08-19 11:00:00+00:00,2024-08-19 10:00:00+00:00,1.10366,0.9333333333333333,1.1038691997528076,0.000451482308562845,3,1.0,49.0,False
47990,2024-08-19 12:00:00+00:00,2024-08-19 11:00:00+00:00,1.10346,0.9333333333333333,1.1038841009140015,0.0003618669870775193,3,1.0,49.0,False
47991,2024-08-19 13:00:00+00:00,2024-08-19 12:00:00+00:00,1.10365,0.6,1.1036508083343506,0.0008002425311133265,7,1.0,49.0,False
47992,2024-08-19 14:00:00+00:00,2024-08-19 13:00:00+00:00,1.10417,0.13333333333333333,1.1034733057022095,0.0010613412596285343,11,1.0,49.0,False
47993,2024-08-19 15:00:00+00:00,2024-08-19 14:00:00+00:00,1.10383,0.6666666666666666,1.1038955450057983,0.0007906261016614735,6,1.0,49.0,False
47994,2024-08-19 16:00:00+00:00,2024-08-19 15:00:00+00:00,1.10441,0.06666666666666667,1.1040226221084595,0.0004769161168951541,3,1.0,49.0,False
47995,2024-08-19 17:00:00+00:00,2024-08-19 16:00:00+00:00,1.10651,0.3,1.1065363883972168,0.000786144461017102,4,1.0,49.0,False
47996,2024-08-19 18:00:00+00:00,2024-08-19 17:00:00+00:00,1.10688,0.13333333333333333,1.106208086013794,0.0007979844231158495,3,1.0,49.0,False
47997,2024-08-19 19:00:00+00:00,2024-08-19 18:00:00+00:00,1.10732,0.0,1.1064012050628662,0.0005273742135614157,2,1.0,49.0,False
47998,2024-08-19 20:00:00+00:00,2024-08-19 19:00:00+00:00,1.10765,0.0,1.1069256067276,0.000298311875667423,2,1.0,49.0,False
47999,2024-08-19 21:00:00+00:00,2024-08-19 20:00:00+00:00,1.1081,0.0,1.1070809364318848,0.00044910929864272475,2,1.0,49.0,False
48000,2024-08-19 22:00:00+00:00,2024-08-19 21:00:00+00:00,1.10831,0.0,1.1070042848587036,0.0005645992350764573,2,1.0,49.0,False
48001,2024-08-19 23:00:00+00:00,2024-08-19 22:00:00+00:00,1.10844,0.0,1.1073805093765259,0.0005109046469442546,2,1.0,49.0,False
48002,2024-08-20 00:00:00+00:00,2024-08-19 23:00:00+00:00,1.10832,0.0,1.1077486276626587,0.0003646016411948949,2,1.0,49.0,False
48003,2024-08-20 01:00:00+00:00,2024-08-20 00:00:00+00:00,1.10847,0.0,1.107634425163269,0.0005887096049264073,2,1.0,49.0,False
48004,2024-08-20 02:00:00+00:00,2024-08-20 01:00:00+00:00,1.1085,0.0,1.108008623123169,0.0005183668108657002,2,1.0,49.0,False
48005,2024-08-20 03:00:00+00:00,2024-08-20 02:00:00+00:00,1.10813,0.8666666666666667,1.108297348022461,0.0004192547348793596,2,1.0,49.0,False
48006,2024-08-20 04:00:00+00:00,2024-08-20 03:00:00+00:00,1.10848,0.9333333333333333,1.108551025390625,0.00030851122573949397,2,1.0,49.0,False
48007,2024-08-20 05:00:00+00:00,2024-08-20 04:00:00+00:00,1.10755,0.3333333333333333,1.107532024383545,0.0005818512290716171,2,1.0,49.0,False
48008,2024-08-20 06:00:00+00:00,2024-08-20 05:00:00+00:00,1.10751,0.13333333333333333,1.1071994304656982,0.00041512135067023337,2,1.0,49.0,False
48009,2024-08-20 07:00:00+00:00,2024-08-20 06:00:00+00:00,1.10765,0.16666666666666666,1.1070818901062012,0.0005808561691083014,3,1.0,49.0,False
48010,2024-08-20 08:00:00+00:00,2024-08-20 07:00:00+00:00,1.10761,0.03333333333333333,1.106876015663147,0.0004226893070153892,4,1.0,49.0,False
48011,2024-08-20 09:00:00+00:00,2024-08-20 08:00:00+00:00,1.10807,0.5,1.1080398559570312,0.0006095171556808054,2,1.0,49.0,False
48012,2024-08-20 10:00:00+00:00,2024-08-20 09:00:00+00:00,1.1086,0.7333333333333333,1.108553171157837,0.0005509910406544805,2,1.0,49.0,False
48013,2024-08-20 11:00:00+00:00,2024-08-20 10:00:00+00:00,1.10792,0.06666666666666667,1.107291579246521,0.00031121718348003924,2,1.0,49.0,False
48014,2024-08-20 12:00:00+00:00,2024-08-20 11:00:00+00:00,1.10752,0.13333333333333333,1.1073588132858276,0.0004263463197275996,2,1.0,49.0,False
48015,2024-08-20 13:00:00+00:00,2024-08-20 12:00:00+00:00,1.10815,0.16666666666666666,1.1073222160339355,0.0006512039108201861,4,1.0,49.0,False
48016,2024-08-20 14:00:00+00:00,2024-08-20 13:00:00+00:00,1.10804,0.1,1.1065113544464111,0.001390974153764546,10,1.0,49.0,False
48017,2024-08-20 15:00:00+00:00,2024-08-20 14:00:00+00:00,1.10976,0.03333333333333333,1.108489990234375,0.0007336074486374855,4,1.0,49.0,False
48018,2024-08-20 16:00:00+00:00,2024-08-20 15:00:00+00:00,1.11015,0.13333333333333333,1.109169363975525,0.0008780159405432642,3,1.0,49.0,False
48019,2024-08-20 17:00:00+00:00,2024-08-20 16:00:00+00:00,1.11112,0.4,1.1109005212783813,0.0007476751925423741,3,1.0,49.0,False
48020,2024-08-20 18:00:00+00:00,2024-08-20 17:00:00+00:00,1.11047,0.0,1.109622597694397,0.0006392623763531446,2,1.0,49.0,False
48021,2024-08-20 19:00:00+00:00,2024-08-20 18:00:00+00:00,1.11144,0.0,1.1100807189941406,0.0005918461829423904,2,1.0,49.0,False
48022,2024-08-20 20:00:00+00:00,2024-08-20 19:00:00+00:00,1.11156,0.0,1.1104623079299927,0.0005410671001300216,2,1.0,49.0,False
48023,2024-08-20 21:00:00+00:00,2024-08-20 20:00:00+00:00,1.11203,0.0,1.1109226942062378,0.0003410721546970308,2,1.0,49.0,False
48024,2024-08-20 22:00:00+00:00,2024-08-20 21:00:00+00:00,1.1124,0.0,1.111095666885376,0.0004683285369537771,2,1.0,49.0,False
48025,2024-08-20 23:00:00+00:00,2024-08-20 22:00:00+00:00,1.11286,0.0,1.1113262176513672,0.00047205667942762375,2,1.0,49.0,False
48026,2024-08-21 00:00:00+00:00,2024-08-20 23:00:00+00:00,1.11283,0.0,1.1114903688430786,0.0005213471013121307,2,1.0,49.0,False
48027,2024-08-21 01:00:00+00:00,2024-08-21 00:00:00+00:00,1.11281,0.0,1.1117526292800903,0.00047862151404842734,2,1.0,49.0,False
48028,2024-08-21 02:00:00+00:00,2024-08-21 01:00:00+00:00,1.11269,0.0,1.1120134592056274,0.0004248618788551539,2,1.0,49.0,False
48029,2024-08-21 03:00:00+00:00,2024-08-21 02:00:00+00:00,1.1127,0.0,1.1122417449951172,0.00035591042251326144,2,1.0,49.0,False
48030,2024-08-21 04:00:00+00:00,2024-08-21 03:00:00+00:00,1.11209,0.8333333333333334,1.1123077869415283,0.0005343641387298703,2,1.0,49.0,False
48031,2024-08-21 05:00:00+00:00,2024-08-21 04:00:00+00:00,1.11211,0.8666666666666667,1.1125293970108032,0.0004906164249405265,2,1.0,49.0,False
48032,2024-08-21 06:00:00+00:00,2024-08-21 05:00:00+00:00,1.11205,0.7333333333333333,1.1125162839889526,0.0006420849240384996,2,1.0,49.0,False
48033,2024-08-21 07:00:00+00:00,2024-08-21 06:00:00+00:00,1.11187,0.23333333333333334,1.1113282442092896,0.0007827179506421089,3,1.0,49.0,False
48034,2024-08-21 08:00:00+00:00,2024-08-21 07:00:00+00:00,1.11172,0.13333333333333333,1.11021888256073,0.0013980864314362407,10,1.0,49.0,False
48035,2024-08-21 09:00:00+00:00,2024-08-21 08:00:00+00:00,1.11172,0.13333333333333333,1.1106654405593872,0.0006526982178911567,3,1.0,49.0,False
48036,2024-08-21 10:00:00+00:00,2024-08-21 09:00:00+00:00,1.11139,0.06666666666666667,1.110505223274231,0.00041088074794970453,3,1.0,49.0,False
48037,2024-08-21 11:00:00+00:00,2024-08-21 10:00:00+00:00,1.11179,0.13333333333333333,1.1106823682785034,0.0004887523828074336,2,1.0,49.0,False
48038,2024-08-21 12:00:00+00:00,2024-08-21 11:00:00+00:00,1.11165,0.16666666666666666,1.1107155084609985,0.0006684177205897868,3,1.0,49.0,False
48039,2024-08-21 13:00:00+00:00,2024-08-21 12:00:00+00:00,1.11244,0.4666666666666667,1.1113535165786743,0.002115376526489854,10,1.0,49.0,False
48040,2024-08-21 14:00:00+00:00,2024-08-21 13:00:00+00:00,1.11142,0.1,1.1093415021896362,0.0021922278683632612,18,1.0,49.0,False
48041,2024-08-21 15:00:00+00:00,2024-08-21 14:00:00+00:00,1.11244,0.5,1.1124494075775146,0.0012919154250994325,5,1.0,49.0,False
48042,2024-08-21 16:00:00+00:00,2024-08-21 15:00:00+00:00,1.11139,0.2,1.111528992652893,0.0007343098404817283,3,1.0,49.0,False
48043,2024-08-21 17:00:00+00:00,2024-08-21 16:00:00+00:00,1.11242,0.0,1.1113075017929077,0.0,1,1.0,49.0,False
48044,2024-08-21 18:00:00+00:00,2024-08-21 17:00:00+00:00,1.11417,0.0,1.1124602556228638,0.0007499247440136969,2,1.0,49.0,False
48045,2024-08-21 19:00:00+00:00,2024-08-21 18:00:00+00:00,1.11459,0.0,1.113256812095642,0.0007436996675096452,2,1.0,49.0,False
48046,2024-08-21 20:00:00+00:00,2024-08-21 19:00:00+00:00,1.11543,0.0,1.113905429840088,0.0006625171517953277,2,1.0,49.0,False
48047,2024-08-21 21:00:00+00:00,2024-08-21 20:00:00+00:00,1.11613,0.3333333333333333,1.1158733367919922,0.0008072840864770114,3,1.0,49.0,False
48048,2024-08-21 22:00:00+00:00,2024-08-21 21:00:00+00:00,1.11514,0.9666666666666667,1.115368127822876,0.00029772042762488127,2,1.0,49.0,False
48049,2024-08-21 23:00:00+00:00,2024-08-21 22:00:00+00:00,1.11485,0.9666666666666667,1.1155976057052612,0.00029660770087502897,2,1.0,49.0,False
48050,2024-08-22 00:00:00+00:00,2024-08-21 23:00:00+00:00,1.11474,0.7,1.1154022216796875,0.0007601563702337444,2,1.0,49.0,False
48051,2024-08-22 01:00:00+00:00,2024-08-22 00:00:00+00:00,1.11556,0.6666666666666666,1.115159511566162,0.0007642066339030862,2,1.0,49.0,False
48052,2024-08-22 02:00:00+00:00,2024-08-22 01:00:00+00:00,1.11543,0.6666666666666666,1.1151909828186035,0.000763082702178508,2,1.0,49.0,False
48053,2024-08-22 03:00:00+00:00,2024-08-22 02:00:00+00:00,1.1147,0.1,1.1139121055603027,0.000488627003505826,2,1.0,49.0,False
48054,2024-08-22 04:00:00+00:00,2024-08-22 03:00:00+00:00,1.11425,0.03333333333333333,1.113727331161499,0.00028907539672218263,2,1.0,49.0,False
48055,2024-08-22 05:00:00+00:00,2024-08-22 04:00:00+00:00,1.11426,0.1,1.1138137578964233,0.0004819750611204654,2,1.0,49.0,False
48056,2024-08-22 06:00:00+00:00,2024-08-22 05:00:00+00:00,1.1144,0.1,1.113759160041809,0.0004837274900637567,2,1.0,49.0,False
48057,2024-08-22 07:00:00+00:00,2024-08-22 06:00:00+00:00,1.11426,0.1,1.1136291027069092,0.0007055463502183557,3,1.0,49.0,False
48058,2024-08-22 08:00:00+00:00,2024-08-22 07:00:00+00:00,1.11425,0.03333333333333333,1.113534688949585,0.00047850265400484204,3,1.0,49.0,False
48059,2024-08-22 09:00:00+00:00,2024-08-22 08:00:00+00:00,1.11488,0.1,1.1138591766357422,0.0004903078661300242,2,1.0,49.0,False
48060,2024-08-22 10:00:00+00:00,2024-08-22 09:00:00+00:00,1.11365,0.26666666666666666,1.1127537488937378,0.0006844067247584462,6,1.0,49.0,False
48061,2024-08-22 11:00:00+00:00,2024-08-22 10:00:00+00:00,1.11419,0.0,1.1135070323944092,0.0005307700484991074,2,1.0,49.0,False
48062,2024-08-22 12:00:00+00:00,2024-08-22 11:00:00+00:00,1.11393,0.9,1.1139214038848877,0.0005848197033628821,3,1.0,49.0,False
48063,2024-08-22 13:00:00+00:00,2024-08-22 12:00:00+00:00,1.11448,0.06666666666666667,1.1140705347061157,0.0005861271056346595,3,1.0,49.0,False
48064,2024-08-22 14:00:00+00:00,2024-08-22 13:00:00+00:00,1.11363,0.7,1.113783597946167,0.0017345673404633999,8,1.0,49.0,False
48065,2024-08-22 15:00:00+00:00,2024-08-22 14:00:00+00:00,1.11397,0.6333333333333333,1.113843321800232,0.001057201181538403,7,1.0,49.0,False
48066,2024-08-22 16:00:00+00:00,2024-08-22 15:00:00+00:00,1.11183,0.6,1.1119240522384644,0.0008093518554233015,12,1.0,49.0,False
48067,2024-08-22 17:00:00+00:00,2024-08-22 16:00:00+00:00,1.11144,0.5333333333333333,1.1112357378005981,0.000651298207230866,7,1.0,49.0,False
48068,2024-08-22 18:00:00+00:00,2024-08-22 17:00:00+00:00,1.11126,0.4,1.1111563444137573,0.00032865290995687246,5,1.0,49.0,False
48069,2024-08-22 19:00:00+00:00,2024-08-22 18:00:00+00:00,1.11099,0.9333333333333333,1.1114311218261719,0.0002635832061059773,4,1.0,49.0,False
48070,2024-08-22 20:00:00+00:00,2024-08-22 19:00:00+00:00,1.11023,1.0,1.1106631755828857,0.00032698691939003766,4,1.0,49.0,False
48071,2024-08-22 21:00:00+00:00,2024-08-22 20:00:00+00:00,1.11101,0.43333333333333335,1.1108031272888184,0.0002988544583786279,4,1.0,49.0,False
48072,2024-08-22 22:00:00+00:00,2024-08-22 21:00:00+00:00,1.1108,0.7333333333333333,1.1110621690750122,0.00020147683972027153,3,1.0,49.0,False
48073,2024-08-22 23:00:00+00:00,2024-08-22 22:00:00+00:00,1.11111,0.6333333333333333,1.1110765933990479,0.00017066886357497424,3,1.0,49.0,False
48074,2024-08-23 00:00:00+00:00,2024-08-22 23:00:00+00:00,1.11107,0.5333333333333333,1.1110546588897705,0.000567011593375355,8,1.0,49.0,False
48075,2024-08-23 01:00:00+00:00,2024-08-23 00:00:00+00:00,1.1113,0.4,1.111012578010559,0.0005730959819629788,8,1.0,49.0,False
48076,2024-08-23 02:00:00+00:00,2024-08-23 01:00:00+00:00,1.11155,0.0,1.1111376285552979,0.0003221387160010636,4,1.0,49.0,False
48077,2024-08-23 03:00:00+00:00,2024-08-23 02:00:00+00:00,1.11192,0.0,1.1112921237945557,0.00031219437369145453,4,1.0,49.0,False
48078,2024-08-23 04:00:00+00:00,2024-08-23 03:00:00+00:00,1.11269,0.0,1.1115292310714722,0.00026002159575000405,4,1.0,49.0,False
48079,2024-08-23 05:00:00+00:00,2024-08-23 04:00:00+00:00,1.11246,0.0,1.1116867065429688,0.0002692905254662037,4,1.0,49.0,False
48080,2024-08-23 06:00:00+00:00,2024-08-23 05:00:00+00:00,1.11243,0.16666666666666666,1.112114667892456,0.0005995817482471466,6,1.0,49.0,False
48081,2024-08-23 07:00:00+00:00,2024-08-23 06:00:00+00:00,1.11272,0.03333333333333333,1.1118253469467163,0.0005703322240151465,8,1.0,49.0,False
48082,2024-08-23 08:00:00+00:00,2024-08-23 07:00:00+00:00,1.11255,0.03333333333333333,1.1116822957992554,0.0009871851652860641,11,1.0,49.0,False
48083,2024-08-23 09:00:00+00:00,2024-08-23 08:00:00+00:00,1.11278,0.03333333333333333,1.1121296882629395,0.0003576748422347009,5,1.0,49.0,False
48084,2024-08-23 10:00:00+00:00,2024-08-23 09:00:00+00:00,1.11188,0.4,1.1116851568222046,0.0004215799563098699,6,1.0,49.0,False
48085,2024-08-23 11:00:00+00:00,2024-08-23 10:00:00+00:00,1.11223,0.6,1.112223505973816,0.00026172466459684074,4,1.0,49.0,False
48086,2024-08-23 12:00:00+00:00,2024-08-23 11:00:00+00:00,1.11166,0.6333333333333333,1.1116045713424683,0.0009436800610274076,9,1.0,49.0,False
48087,2024-08-23 13:00:00+00:00,2024-08-23 12:00:00+00:00,1.11191,0.1,1.1109086275100708,0.0009074645349755883,14,1.0,49.0,False
48088,2024-08-23 14:00:00+00:00,2024-08-23 13:00:00+00:00,1.11187,0.0,1.1106327772140503,0.0010186420986428857,9,1.0,49.0,False
48089,2024-08-23 15:00:00+00:00,2024-08-23 14:00:00+00:00,1.11134,0.23333333333333334,1.1109287738800049,0.0004501749644987285,6,1.0,49.0,False
48090,2024-08-23 16:00:00+00:00,2024-08-23 15:00:00+00:00,1.11136,0.06666666666666667,1.1107126474380493,0.0004763235046993941,5,1.0,49.0,False
48091,2024-08-23 17:00:00+00:00,2024-08-23 16:00:00+00:00,1.1174,0.0,1.1160008907318115,0.0009512255201116204,2,1.0,49.0,False
48092,2024-08-23 18:00:00+00:00,2024-08-23 17:00:00+00:00,1.11749,0.5,1.1172807216644287,0.0009612441062927246,2,1.0,49.0,False
48093,2024-08-23 19:00:00+00:00,2024-08-23 18:00:00+00:00,1.11734,0.0,1.116045594215393,0.0006256099441088736,2,1.0,49.0,False
48094,2024-08-23 20:00:00+00:00,2024-08-23 19:00:00+00:00,1.11921,0.5,1.1183570623397827,0.0009470582590438426,2,1.0,49.0,False
48095,2024-08-23 21:00:00+00:00,2024-08-23 20:00:00+00:00,1.11868,0.7,1.1194632053375244,0.000868812610860914,2,1.0,49.0,False
48096,2024-08-23 22:00:00+00:00,2024-08-23 21:00:00+00:00,1.11908,0.0,1.117509365081787,0.0,1,1.0,49.0,False
48097,2024-08-25 23:00:00+00:00,2024-08-23 22:00:00+00:00,1.11914,0.0,1.1176682710647583,0.00026395326131023467,2,49.0,49.0,True
48098,2024-08-26 00:00:00+00:00,2024-08-25 23:00:00+00:00,1.11903,0.0,1.1179120540618896,1.1920928955078125e-07,1,1.0,49.0,False
48099,2024-08-26 01:00:00+00:00,2024-08-26 00:00:00+00:00,1.11906,0.0,1.1179777383804321,0.00026260511367581785,2,1.0,49.0,False
48100,2024-08-26 02:00:00+00:00,2024-08-26 01:00:00+00:00,1.11887,0.0,1.1181341409683228,2.384185791015625e-07,1,1.0,49.0,False
48101,2024-08-26 03:00:00+00:00,2024-08-26 02:00:00+00:00,1.11931,0.0,1.1182786226272583,0.0,1,1.0,49.0,False
48102,2024-08-26 04:00:00+00:00,2024-08-26 03:00:00+00:00,1.1189,0.0,1.1184241771697998,2.384185791015625e-07,1,1.0,49.0,False
48103,2024-08-26 05:00:00+00:00,2024-08-26 04:00:00+00:00,1.11863,0.0,1.1186089515686035,0.0,1,1.0,49.0,False
48104,2024-08-26 06:00:00+00:00,2024-08-26 05:00:00+00:00,1.1183,1.0,1.1189179420471191,0.0004633764910977334,2,1.0,49.0,False
48105,2024-08-26 07:00:00+00:00,2024-08-26 06:00:00+00:00,1.11829,0.8666666666666667,1.1190768480300903,0.0009176325984299183,3,1.0,49.0,False
48106,2024-08-26 08:00:00+00:00,2024-08-26 07:00:00+00:00,1.11785,0.13333333333333333,1.1171176433563232,0.0007520680665038526,7,1.0,49.0,False
48107,2024-08-26 09:00:00+00:00,2024-08-26 08:00:00+00:00,1.11808,0.6666666666666666,1.1184369325637817,0.0006896909908391535,2,1.0,49.0,False
48108,2024-08-26 10:00:00+00:00,2024-08-26 09:00:00+00:00,1.11799,0.16666666666666666,1.1172294616699219,0.0006113811978138983,4,1.0,49.0,False
48109,2024-08-26 11:00:00+00:00,2024-08-26 10:00:00+00:00,1.11799,0.8666666666666667,1.1186115741729736,0.0005084466538392007,2,1.0,49.0,False
48110,2024-08-26 12:00:00+00:00,2024-08-26 11:00:00+00:00,1.11739,0.3,1.1171900033950806,0.0007774306577630341,6,1.0,49.0,False
48111,2024-08-26 13:00:00+00:00,2024-08-26 12:00:00+00:00,1.11712,0.2,1.1163052320480347,0.0011912352638319135,9,1.0,49.0,False
48112,2024-08-26 14:00:00+00:00,2024-08-26 13:00:00+00:00,1.11647,0.26666666666666666,1.115242838859558,0.0016738108824938536,17,1.0,49.0,False
48113,2024-08-26 15:00:00+00:00,2024-08-26 14:00:00+00:00,1.11608,0.5,1.116004467010498,0.0006602388457395136,9,1.0,49.0,False
48114,2024-08-26 16:00:00+00:00,2024-08-26 15:00:00+00:00,1.11592,0.03333333333333333,1.1152045726776123,0.0004103962273802608,5,1.0,49.0,False
48115,2024-08-26 17:00:00+00:00,2024-08-26 16:00:00+00:00,1.11759,0.5333333333333333,1.1175462007522583,0.0008032889454625547,2,1.0,49.0,False
48116,2024-08-26 18:00:00+00:00,2024-08-26 17:00:00+00:00,1.11633,0.9,1.1167353391647339,0.0005207227659411728,5,1.0,49.0,False
48117,2024-08-26 19:00:00+00:00,2024-08-26 18:00:00+00:00,1.11708,0.0,1.1165260076522827,0.00022513476142194122,4,1.0,49.0,False
48118,2024-08-26 20:00:00+00:00,2024-08-26 19:00:00+00:00,1.11689,0.0,1.1165955066680908,0.0001431196287740022,2,1.0,49.0,False
48119,2024-08-26 21:00:00+00:00,2024-08-26 20:00:00+00:00,1.1163,0.9,1.1166855096817017,0.0001746296911733225,2,1.0,49.0,False
48120,2024-08-26 22:00:00+00:00,2024-08-26 21:00:00+00:00,1.11591,0.7333333333333333,1.1160677671432495,0.0003447024500928819,4,1.0,49.0,False
48121,2024-08-26 23:00:00+00:00,2024-08-26 22:00:00+00:00,1.11601,0.06666666666666667,1.1154842376708984,0.0003190173883922398,4,1.0,49.0,False
48122,2024-08-27 00:00:00+00:00,2024-08-26 23:00:00+00:00,1.11602,0.0,1.115317940711975,0.00043014303082600236,6,1.0,49.0,False
48123,2024-08-27 01:00:00+00:00,2024-08-27 00:00:00+00:00,1.11622,0.43333333333333335,1.1159988641738892,0.0003291826287750155,4,1.0,49.0,False
48124,2024-08-27 02:00:00+00:00,2024-08-27 01:00:00+00:00,1.1164,0.5,1.1162796020507812,0.0003066111821681261,4,1.0,49.0,False
48125,2024-08-27 03:00:00+00:00,2024-08-27 02:00:00+00:00,1.11602,0.26666666666666666,1.1156319379806519,0.00036334939068183303,4,1.0,49.0,False
48126,2024-08-27 04:00:00+00:00,2024-08-27 03:00:00+00:00,1.11687,0.0,1.116399884223938,0.00032548359013162553,4,1.0,49.0,False
48127,2024-08-27 05:00:00+00:00,2024-08-27 04:00:00+00:00,1.11675,0.6333333333333333,1.1167033910751343,0.00024704725365154445,4,1.0,49.0,False
48128,2024-08-27 06:00:00+00:00,2024-08-27 05:00:00+00:00,1.11661,0.8,1.1167815923690796,0.00033453377545811236,4,1.0,49.0,False
48129,2024-08-27 07:00:00+00:00,2024-08-27 06:00:00+00:00,1.11677,0.9,1.1172080039978027,0.0005772187723778188,4,1.0,49.0,False
48130,2024-08-27 08:00:00+00:00,2024-08-27 07:00:00+00:00,1.11661,0.9333333333333333,1.1171900033950806,0.0003049359074793756,4,1.0,49.0,False
48131,2024-08-27 09:00:00+00:00,2024-08-27 08:00:00+00:00,1.11611,0.9666666666666667,1.1164398193359375,0.0003625078243203461,6,1.0,49.0,False
48132,2024-08-27 10:00:00+00:00,2024-08-27 09:00:00+00:00,1.11635,0.13333333333333333,1.1159262657165527,0.00039503115112893283,6,1.0,49.0,False
48133,2024-08-27 11:00:00+00:00,2024-08-27 10:00:00+00:00,1.11659,0.6333333333333333,1.1166146993637085,0.000347835331922397,4,1.0,49.0,False
48134,2024-08-27 12:00:00+00:00,2024-08-27 11:00:00+00:00,1.11679,0.7333333333333333,1.116923451423645,0.0002599767467472702,4,1.0,49.0,False
48135,2024-08-27 13:00:00+00:00,2024-08-27 12:00:00+00:00,1.11654,0.23333333333333334,1.1157355308532715,0.000824187824036926,8,1.0,49.0,False
48136,2024-08-27 14:00:00+00:00,2024-08-27 13:00:00+00:00,1.11597,0.43333333333333335,1.1157184839248657,0.0006388096953742206,7,1.0,49.0,False
48137,2024-08-27 15:00:00+00:00,2024-08-27 14:00:00+00:00,1.11581,0.1,1.1144517660140991,0.0009736482170410454,9,1.0,49.0,False
48138,2024-08-27 16:00:00+00:00,2024-08-27 15:00:00+00:00,1.11673,0.06666666666666667,1.115952968597412,0.00046010984806343913,6,1.0,49.0,False
48139,2024-08-27 17:00:00+00:00,2024-08-27 16:00:00+00:00,1.11657,0.0,1.11553955078125,0.0002505819720681757,3,1.0,49.0,False
48140,2024-08-27 18:00:00+00:00,2024-08-27 17:00:00+00:00,1.11592,0.13333333333333333,1.1157052516937256,0.00029313922277651727,3,1.0,49.0,False
48141,2024-08-27 19:00:00+00:00,2024-08-27 18:00:00+00:00,1.11653,0.0,1.115619421005249,0.00020991102792322636,2,1.0,49.0,False
48142,2024-08-27 20:00:00+00:00,2024-08-27 19:00:00+00:00,1.11809,0.0,1.1167144775390625,0.00034097765455953777,4,1.0,49.0,False
48143,2024-08-27 21:00:00+00:00,2024-08-27 20:00:00+00:00,1.11853,0.0,1.1171226501464844,0.0003488047805149108,4,1.0,49.0,False
48144,2024-08-27 22:00:00+00:00,2024-08-27 21:00:00+00:00,1.11837,0.0,1.1175378561019897,0.0003090093669015914,4,1.0,49.0,False
48145,2024-08-27 23:00:00+00:00,2024-08-27 22:00:00+00:00,1.1183,0.0,1.1178231239318848,0.0002582058950792998,4,1.0,49.0,False
48146,2024-08-28 00:00:00+00:00,2024-08-27 23:00:00+00:00,1.11826,0.4666666666666667,1.1180673837661743,0.00031014170963317156,4,1.0,49.0,False
48147,2024-08-28 01:00:00+00:00,2024-08-28 00:00:00+00:00,1.11832,0.7333333333333333,1.1184028387069702,0.00026477599749341607,3,1.0,49.0,False
48148,2024-08-28 02:00:00+00:00,2024-08-28 01:00:00+00:00,1.11766,0.5333333333333333,1.1178392171859741,0.000426785321906209,4,1.0,49.0,False
48149,2024-08-28 03:00:00+00:00,2024-08-28 02:00:00+00:00,1.11792,0.36666666666666664,1.1176986694335938,0.00039457916864193976,4,1.0,49.0,False
48150,2024-08-28 04:00:00+00:00,2024-08-28 03:00:00+00:00,1.11731,0.36666666666666664,1.117527723312378,0.00033182904007844627,3,1.0,49.0,False
48151,2024-08-28 05:00:00+00:00,2024-08-28 04:00:00+00:00,1.1166,0.4666666666666667,1.1166695356369019,0.0003142503264825791,2,1.0,49.0,False
48152,2024-08-28 06:00:00+00:00,2024-08-28 05:00:00+00:00,1.11651,0.23333333333333334,1.116234302520752,0.0003101210459135473,3,1.0,49.0,False
48153,2024-08-28 07:00:00+00:00,2024-08-28 06:00:00+00:00,1.1159,0.9,1.1159840822219849,0.0005385287804529071,4,1.0,49.0,False
48154,2024-08-28 08:00:00+00:00,2024-08-28 07:00:00+00:00,1.11432,0.5,1.1142089366912842,0.0005415407940745354,8,1.0,49.0,False
48155,2024-08-28 09:00:00+00:00,2024-08-28 08:00:00+00:00,1.11473,0.43333333333333335,1.1145719289779663,0.0006317310035228729,4,1.0,49.0,False
48156,2024-08-28 10:00:00+00:00,2024-08-28 09:00:00+00:00,1.11559,0.13333333333333333,1.1151072978973389,0.0004915412864647806,4,1.0,49.0,False
48157,2024-08-28 11:00:00+00:00,2024-08-28 10:00:00+00:00,1.11409,1.0,1.1144471168518066,0.00039501910214312375,2,1.0,49.0,False
48158,2024-08-28 12:00:00+00:00,2024-08-28 11:00:00+00:00,1.11354,0.9,1.1140705347061157,0.0004364041960798204,4,1.0,49.0,False
48159,2024-08-28 13:00:00+00:00,2024-08-28 12:00:00+00:00,1.11248,0.6666666666666666,1.1127780675888062,0.0005590887740254402,7,1.0,49.0,False
48160,2024-08-28 14:00:00+00:00,2024-08-28 13:00:00+00:00,1.112,0.5,1.1122771501541138,0.0005542012513615191,7,1.0,49.0,False
48161,2024-08-28 15:00:00+00:00,2024-08-28 14:00:00+00:00,1.11114,0.6,1.1113455295562744,0.0005486187874339521,7,1.0,49.0,False
48162,2024-08-28 16:00:00+00:00,2024-08-28 15:00:00+00:00,1.11106,0.9,1.1115859746932983,0.0005242489860393107,6,1.0,49.0,False
48163,2024-08-28 17:00:00+00:00,2024-08-28 16:00:00+00:00,1.11297,0.0,1.1123764514923096,0.0004404467763379216,4,1.0,49.0,False
48164,2024-08-28 18:00:00+00:00,2024-08-28 17:00:00+00:00,1.11257,0.6333333333333333,1.11269211769104,0.0002748885890468955,3,1.0,49.0,False
48165,2024-08-28 19:00:00+00:00,2024-08-28 18:00:00+00:00,1.11142,1.0,1.1116855144500732,0.0004150246677454561,3,1.0,49.0,False
48166,2024-08-28 20:00:00+00:00,2024-08-28 19:00:00+00:00,1.1106,1.0,1.1116138696670532,0.0003761791449505836,4,1.0,49.0,False
48167,2024-08-28 21:00:00+00:00,2024-08-28 20:00:00+00:00,1.11154,0.5666666666666667,1.111639380455017,0.00037571616121567786,4,1.0,49.0,False
48168,2024-08-28 22:00:00+00:00,2024-08-28 21:00:00+00:00,1.11128,1.0,1.111606240272522,0.0003394829691387713,4,1.0,49.0,False
48169,2024-08-28 23:00:00+00:00,2024-08-28 22:00:00+00:00,1.11187,0.03333333333333333,1.1116034984588623,0.00027050828794017434,3,1.0,49.0,False
48170,2024-08-29 00:00:00+00:00,2024-08-28 23:00:00+00:00,1.11191,0.1,1.1116464138031006,0.0002949001791421324,4,1.0,49.0,False
48171,2024-08-29 01:00:00+00:00,2024-08-29 00:00:00+00:00,1.11235,0.6333333333333333,1.11239492893219,0.00041170380427502096,4,1.0,49.0,False
48172,2024-08-29 02:00:00+00:00,2024-08-29 01:00:00+00:00,1.11239,0.8,1.1127458810806274,0.000353401992470026,3,1.0,49.0,False
48173,2024-08-29 03:00:00+00:00,2024-08-29 02:00:00+00:00,1.11311,0.0,1.1129590272903442,0.00020177365513518453,2,1.0,49.0,False
48174,2024-08-29 04:00:00+00:00,2024-08-29 03:00:00+00:00,1.11284,0.7,1.112986445426941,0.0003301127580925822,4,1.0,49.0,False
48175,2024-08-29 05:00:00+00:00,2024-08-29 04:00:00+00:00,1.11309,0.6,1.1130948066711426,0.00026370404521003366,3,1.0,49.0,False
48176,2024-08-29 06:00:00+00:00,2024-08-29 05:00:00+00:00,1.11352,0.0,1.1132367849349976,0.00029927247669547796,4,1.0,49.0,False
48177,2024-08-29 07:00:00+00:00,2024-08-29 06:00:00+00:00,1.11348,0.5666666666666667,1.1133086681365967,0.0004117554926779121,5,1.0,49.0,False
48178,2024-08-29 08:00:00+00:00,2024-08-29 07:00:00+00:00,1.11352,0.6,1.1132524013519287,0.00039981212466955185,4,1.0,49.0,False
48179,2024-08-29 09:00:00+00:00,2024-08-29 08:00:00+00:00,1.11278,0.9333333333333333,1.1133227348327637,0.00036149981315247715,4,1.0,49.0,False
48180,2024-08-29 10:00:00+00:00,2024-08-29 09:00:00+00:00,1.11293,0.4,1.11288321018219,0.0003799056576099247,4,1.0,49.0,False
48181,2024-08-29 11:00:00+00:00,2024-08-29 10:00:00+00:00,1.10841,0.4,1.1082870960235596,0.0007310591172426939,6,1.0,49.0,False
48182,2024-08-29 12:00:00+00:00,2024-08-29 11:00:00+00:00,1.10936,0.4666666666666667,1.1091846227645874,0.0009525491041131318,4,1.0,49.0,False
48183,2024-08-29 13:00:00+00:00,2024-08-29 12:00:00+00:00,1.1097,0.36666666666666664,1.1090099811553955,0.0008121179416775703,5,1.0,49.0,False
48184,2024-08-29 14:00:00+00:00,2024-08-29 13:00:00+00:00,1.10958,0.7333333333333333,1.110093593597412,0.0008404880645684898,6,1.0,49.0,False
48185,2024-08-29 15:00:00+00:00,2024-08-29 14:00:00+00:00,1.10837,0.13333333333333333,1.1077213287353516,0.0008731247507967055,7,1.0,49.0,False
48186,2024-08-29 16:00:00+00:00,2024-08-29 15:00:00+00:00,1.10817,0.8333333333333334,1.1084859371185303,0.0007285035098902881,3,1.0,49.0,False
48187,2024-08-29 17:00:00+00:00,2024-08-29 16:00:00+00:00,1.10694,0.7333333333333333,1.1073709726333618,0.00047929692664183676,2,1.0,49.0,False
48188,2024-08-29 18:00:00+00:00,2024-08-29 17:00:00+00:00,1.10845,0.23333333333333334,1.1084449291229248,0.000475862791063264,2,1.0,49.0,False
48189,2024-08-29 19:00:00+00:00,2024-08-29 18:00:00+00:00,1.10812,1.0,1.108194351196289,0.00019258851534686983,2,1.0,49.0,False
48190,2024-08-29 20:00:00+00:00,2024-08-29 19:00:00+00:00,1.10833,0.06666666666666667,1.1082377433776855,0.00026363955112174153,2,1.0,49.0,False
48191,2024-08-29 21:00:00+00:00,2024-08-29 20:00:00+00:00,1.10787,1.0,1.1081547737121582,1.1920928955078125e-07,1,1.0,49.0,False
48192,2024-08-29 22:00:00+00:00,2024-08-29 21:00:00+00:00,1.10751,1.0,1.108112096786499,0.0,1,1.0,49.0,False
48193,2024-08-29 23:00:00+00:00,2024-08-29 22:00:00+00:00,1.10765,1.0,1.1080825328826904,2.384185791015625e-07,1,1.0,49.0,False
48194,2024-08-30 00:00:00+00:00,2024-08-29 23:00:00+00:00,1.1078,0.9333333333333333,1.1080634593963623,0.00038698542630299926,3,1.0,49.0,False
48195,2024-08-30 01:00:00+00:00,2024-08-30 00:00:00+00:00,1.10795,0.7,1.107865571975708,0.0006746508879587054,3,1.0,49.0,False
48196,2024-08-30 02:00:00+00:00,2024-08-30 01:00:00+00:00,1.10795,0.8666666666666667,1.1079304218292236,0.000365763931768015,2,1.0,49.0,False
48197,2024-08-30 03:00:00+00:00,2024-08-30 02:00:00+00:00,1.10801,0.8333333333333334,1.107904076576233,0.00039904043660499156,2,1.0,49.0,False
48198,2024-08-30 04:00:00+00:00,2024-08-30 03:00:00+00:00,1.10709,0.6666666666666666,1.1072883605957031,0.0004862060595769435,2,1.0,49.0,False
48199,2024-08-30 05:00:00+00:00,2024-08-30 04:00:00+00:00,1.10714,0.7666666666666667,1.1075435876846313,0.00042927483445964754,2,1.0,49.0,False
48200,2024-08-30 06:00:00+00:00,2024-08-30 05:00:00+00:00,1.10731,0.7333333333333333,1.1076374053955078,0.0005854397313669324,3,1.0,49.0,False
48201,2024-08-30 07:00:00+00:00,2024-08-30 06:00:00+00:00,1.10735,0.6333333333333333,1.107869029045105,0.0008450575405731797,3,1.0,49.0,False
48202,2024-08-30 08:00:00+00:00,2024-08-30 07:00:00+00:00,1.10766,0.5666666666666667,1.1075892448425293,0.0006193835288286209,3,1.0,49.0,False
48203,2024-08-30 09:00:00+00:00,2024-08-30 08:00:00+00:00,1.10844,0.2,1.107881784439087,0.0006300450186245143,3,1.0,49.0,False
48204,2024-08-30 10:00:00+00:00,2024-08-30 09:00:00+00:00,1.10837,0.16666666666666666,1.1079148054122925,0.00057401874801144,3,1.0,49.0,False
48205,2024-08-30 11:00:00+00:00,2024-08-30 10:00:00+00:00,1.10739,0.8,1.1078009605407715,0.0004979653167538345,3,1.0,49.0,False
48206,2024-08-30 12:00:00+00:00,2024-08-30 11:00:00+00:00,1.10824,0.3333333333333333,1.1081335544586182,0.0006807910976931453,3,1.0,49.0,False
48207,2024-08-30 13:00:00+00:00,2024-08-30 12:00:00+00:00,1.10788,0.8666666666666667,1.1081026792526245,0.0005681493785232306,3,1.0,49.0,False
48208,2024-08-30 14:00:00+00:00,2024-08-30 13:00:00+00:00,1.1081,0.4,1.1082147359848022,0.000808560464065522,5,1.0,49.0,False
48209,2024-08-30 15:00:00+00:00,2024-08-30 14:00:00+00:00,1.10674,0.6,1.107523798942566,0.0007446410018019378,3,1.0,49.0,False
48210,2024-08-30 16:00:00+00:00,2024-08-30 15:00:00+00:00,1.10714,0.3333333333333333,1.1068236827850342,0.0005058587994426489,3,1.0,49.0,False
48211,2024-08-30 17:00:00+00:00,2024-08-30 16:00:00+00:00,1.10678,0.3333333333333333,1.106604814529419,0.0004187710874248296,2,1.0,49.0,False
48212,2024-08-30 18:00:00+00:00,2024-08-30 17:00:00+00:00,1.10591,0.7,1.105944037437439,0.0003820873680524528,5,1.0,49.0,False
48213,2024-08-30 19:00:00+00:00,2024-08-30 18:00:00+00:00,1.10491,0.6666666666666666,1.105033278465271,0.0004237217945046723,8,1.0,49.0,False
48214,2024-08-30 20:00:00+00:00,2024-08-30 19:00:00+00:00,1.1052,0.9333333333333333,1.1056658029556274,0.00035053218016400933,5,1.0,49.0,False
48215,2024-08-30 21:00:00+00:00,2024-08-30 20:00:00+00:00,1.10515,1.0,1.105880856513977,0.00035893364110961556,3,1.0,49.0,False
48216,2024-08-30 22:00:00+00:00,2024-08-30 21:00:00+00:00,1.10519,1.0,1.1058098077774048,0.0003034887195099145,3,1.0,49.0,False
48217,2024-09-01 23:00:00+00:00,2024-08-30 22:00:00+00:00,1.10467,1.0,1.1053262948989868,0.00023856082407291979,5,49.0,49.0,True
48218,2024-09-02 00:00:00+00:00,2024-09-01 23:00:00+00:00,1.10482,0.6333333333333333,1.1049998998641968,0.00040695094503462315,8,1.0,49.0,False
48219,2024-09-02 01:00:00+00:00,2024-09-02 00:00:00+00:00,1.10453,0.7333333333333333,1.1046758890151978,0.0003536795557010919,11,1.0,49.0,False
48220,2024-09-02 02:00:00+00:00,2024-09-02 01:00:00+00:00,1.10441,0.6333333333333333,1.1045387983322144,0.00041001851786859334,9,1.0,49.0,False
48221,2024-09-02 03:00:00+00:00,2024-09-02 02:00:00+00:00,1.1053,0.0,1.1050794124603271,0.00023037991195451468,5,1.0,49.0,False
48222,2024-09-02 04:00:00+00:00,2024-09-02 03:00:00+00:00,1.10509,1.0,1.1054153442382812,0.00013777069398202002,3,1.0,49.0,False
48223,2024-09-02 05:00:00+00:00,2024-09-02 04:00:00+00:00,1.1051,0.9333333333333333,1.1055233478546143,0.00030350545421242714,5,1.0,49.0,False
48224,2024-09-02 06:00:00+00:00,2024-09-02 05:00:00+00:00,1.10481,1.0,1.1055965423583984,0.00026215342222712934,3,1.0,49.0,False
48225,2024-09-02 07:00:00+00:00,2024-09-02 06:00:00+00:00,1.1048,0.6666666666666666,1.1049143075942993,0.00039280104101635516,9,1.0,49.0,False
48226,2024-09-02 08:00:00+00:00,2024-09-02 07:00:00+00:00,1.10546,0.0,1.1052709817886353,0.00018146273214370012,4,1.0,49.0,False
48227,2024-09-02 09:00:00+00:00,2024-09-02 08:00:00+00:00,1.10654,0.36666666666666664,1.1061326265335083,0.00035272023524157703,2,1.0,49.0,False
48228,2024-09-02 10:00:00+00:00,2024-09-02 09:00:00+00:00,1.10661,0.43333333333333335,1.1065212488174438,0.0003742830886039883,2,1.0,49.0,False
48229,2024-09-02 11:00:00+00:00,2024-09-02 10:00:00+00:00,1.1067,0.5333333333333333,1.1067655086517334,0.00038817402673885226,2,1.0,49.0,False
48230,2024-09-02 12:00:00+00:00,2024-09-02 11:00:00+00:00,1.10686,0.7,1.1072063446044922,0.0005238591693341732,3,1.0,49.0,False
48231,2024-09-02 13:00:00+00:00,2024-09-02 12:00:00+00:00,1.1066,0.26666666666666666,1.1062833070755005,0.00042935958481393754,6,1.0,49.0,False
48232,2024-09-02 14:00:00+00:00,2024-09-02 13:00:00+00:00,1.10593,0.9666666666666667,1.1062735319137573,0.0004662119899876416,5,1.0,49.0,False
48233,2024-09-02 15:00:00+00:00,2024-09-02 14:00:00+00:00,1.10674,0.4666666666666667,1.106819748878479,0.0005152826197445393,3,1.0,49.0,False
48234,2024-09-02 16:00:00+00:00,2024-09-02 15:00:00+00:00,1.10673,0.5333333333333333,1.1070367097854614,0.0003714623744599521,2,1.0,49.0,False
48235,2024-09-02 17:00:00+00:00,2024-09-02 16:00:00+00:00,1.10686,0.4,1.106762409210205,0.00036529439967125654,2,1.0,49.0,False
48236,2024-09-02 18:00:00+00:00,2024-09-02 17:00:00+00:00,1.10675,0.23333333333333334,1.1065565347671509,0.00030519149731844664,2,1.0,49.0,False
48237,2024-09-02 19:00:00+00:00,2024-09-02 18:00:00+00:00,1.10654,0.23333333333333334,1.1064321994781494,0.0002952587965410203,2,1.0,49.0,False
48238,2024-09-02 20:00:00+00:00,2024-09-02 19:00:00+00:00,1.10681,0.6,1.1069804430007935,0.00034421190503053367,2,1.0,49.0,False
48239,2024-09-02 21:00:00+00:00,2024-09-02 20:00:00+00:00,1.10705,0.5666666666666667,1.107191801071167,0.00035715202102437615,2,1.0,49.0,False
48240,2024-09-02 22:00:00+00:00,2024-09-02 21:00:00+00:00,1.10718,0.6,1.1074130535125732,0.0003612648288253695,2,1.0,49.0,False
48241,2024-09-02 23:00:00+00:00,2024-09-02 22:00:00+00:00,1.10704,0.4,1.1070562601089478,0.0003564759681466967,2,1.0,49.0,False
48242,2024-09-03 00:00:00+00:00,2024-09-02 23:00:00+00:00,1.10696,0.36666666666666664,1.1068909168243408,0.00034048414090648293,2,1.0,49.0,False
48243,2024-09-03 01:00:00+00:00,2024-09-03 00:00:00+00:00,1.1066,0.23333333333333334,1.1066862344741821,0.00029127561720088124,2,1.0,49.0,False
48244,2024-09-03 02:00:00+00:00,2024-09-03 01:00:00+00:00,1.10667,0.26666666666666666,1.1066479682922363,0.00030079938005656004,2,1.0,49.0,False
48245,2024-09-03 03:00:00+00:00,2024-09-03 02:00:00+00:00,1.10599,0.5666666666666667,1.1059867143630981,0.0002578696876298636,6,1.0,49.0,False
48246,2024-09-03 04:00:00+00:00,2024-09-03 03:00:00+00:00,1.10664,0.1,1.1063162088394165,0.0002697092422749847,3,1.0,49.0,False
48247,2024-09-03 05:00:00+00:00,2024-09-03 04:00:00+00:00,1.10632,1.0,1.1063990592956543,0.00019773242820519954,2,1.0,49.0,False
48248,2024-09-03 06:00:00+00:00,2024-09-03 05:00:00+00:00,1.10575,0.5333333333333333,1.1058080196380615,0.00027209255495108664,8,1.0,49.0,False
48249,2024-09-03 07:00:00+00:00,2024-09-03 06:00:00+00:00,1.10537,0.6,1.105494737625122,0.00037453201366588473,12,1.0,49.0,False
48250,2024-09-03 08:00:00+00:00,2024-09-03 07:00:00+00:00,1.10591,0.7,1.1060491800308228,0.00042779475916177034,7,1.0,49.0,False
48251,2024-09-03 09:00:00+00:00,2024-09-03 08:00:00+00:00,1.1061,0.1,1.105843424797058,0.00045293677248992026,9,1.0,49.0,False
48252,2024-09-03 10:00:00+00:00,2024-09-03 09:00:00+00:00,1.10555,1.0,1.1061828136444092,0.00034661786048673093,7,1.0,49.0,False
48253,2024-09-03 11:00:00+00:00,2024-09-03 10:00:00+00:00,1.10482,0.7,1.1051011085510254,0.000365857791621238,11,1.0,49.0,False
48254,2024-09-03 12:00:00+00:00,2024-09-03 11:00:00+00:00,1.10396,0.36666666666666664,1.1038379669189453,0.0005606609047390521,11,1.0,49.0,False
48255,2024-09-03 13:00:00+00:00,2024-09-03 12:00:00+00:00,1.10353,1.0,1.104258418083191,0.00038565995055250823,11,1.0,49.0,False
48256,2024-09-03 14:00:00+00:00,2024-09-03 13:00:00+00:00,1.10359,0.8,1.1037447452545166,0.0005258359014987946,10,1.0,49.0,False
48257,2024-09-03 15:00:00+00:00,2024-09-03 14:00:00+00:00,1.10474,0.3333333333333333,1.1047825813293457,0.0003653090097941458,11,1.0,49.0,False
48258,2024-09-03 16:00:00+00:00,2024-09-03 15:00:00+00:00,1.10575,0.8666666666666667,1.1059578657150269,0.00034299888648092747,6,1.0,49.0,False
48259,2024-09-03 17:00:00+00:00,2024-09-03 16:00:00+00:00,1.10419,1.0,1.1048580408096313,0.00029966942383907735,9,1.0,49.0,False
48260,2024-09-03 18:00:00+00:00,2024-09-03 17:00:00+00:00,1.1042,0.8666666666666667,1.1045466661453247,0.0003627720579970628,11,1.0,49.0,False
48261,2024-09-03 19:00:00+00:00,2024-09-03 18:00:00+00:00,1.10387,1.0,1.1043716669082642,0.00031532192951999605,10,1.0,49.0,False
48262,2024-09-03 20:00:00+00:00,2024-09-03 19:00:00+00:00,1.10274,0.8666666666666667,1.1032785177230835,0.00035292544635012746,10,1.0,49.0,False
48263,2024-09-03 21:00:00+00:00,2024-09-03 20:00:00+00:00,1.10376,0.4666666666666667,1.1037665605545044,0.00012470527144614607,6,1.0,49.0,False
48264,2024-09-03 22:00:00+00:00,2024-09-03 21:00:00+00:00,1.10413,0.03333333333333333,1.1039848327636719,0.00012147487723268569,4,1.0,49.0,False
48265,2024-09-03 23:00:00+00:00,2024-09-03 22:00:00+00:00,1.10424,0.36666666666666664,1.1042858362197876,0.00021445220045279711,7,1.0,49.0,False
48266,2024-09-04 00:00:00+00:00,2024-09-03 23:00:00+00:00,1.10443,0.5333333333333333,1.1044870615005493,0.0002568426134530455,9,1.0,49.0,False
48267,2024-09-04 01:00:00+00:00,2024-09-04 00:00:00+00:00,1.1045,0.43333333333333335,1.1044965982437134,0.00027938588755205274,10,1.0,49.0,False
48268,2024-09-04 02:00:00+00:00,2024-09-04 01:00:00+00:00,1.10481,0.9,1.1050949096679688,0.0002731345302890986,10,1.0,49.0,False
48269,2024-09-04 03:00:00+00:00,2024-09-04 02:00:00+00:00,1.10475,0.7666666666666667,1.1049160957336426,0.00029265935881994665,10,1.0,49.0,False
48270,2024-09-04 04:00:00+00:00,2024-09-04 03:00:00+00:00,1.10525,0.5333333333333333,1.105315089225769,0.0003354861109983176,7,1.0,49.0,False
48271,2024-09-04 05:00:00+00:00,2024-09-04 04:00:00+00:00,1.1052,0.5,1.1052252054214478,0.0003557642048690468,9,1.0,49.0,False
48272,2024-09-04 06:00:00+00:00,2024-09-04 05:00:00+00:00,1.10534,0.7333333333333333,1.1056272983551025,0.0003983882488682866,10,1.0,49.0,False
48273,2024-09-04 07:00:00+00:00,2024-09-04 06:00:00+00:00,1.10558,0.7666666666666667,1.1057037115097046,0.00029557468951679766,8,1.0,49.0,False
48274,2024-09-04 08:00:00+00:00,2024-09-04 07:00:00+00:00,1.10573,0.7333333333333333,1.106025218963623,0.0004104424442630261,6,1.0,49.0,False
48275,2024-09-04 09:00:00+00:00,2024-09-04 08:00:00+00:00,1.10528,0.7333333333333333,1.1053621768951416,0.0004853942955378443,12,1.0,49.0,False
48276,2024-09-04 10:00:00+00:00,2024-09-04 09:00:00+00:00,1.10554,0.8,1.1057525873184204,0.00041422335198149085,10,1.0,49.0,False
48277,2024-09-04 11:00:00+00:00,2024-09-04 10:00:00+00:00,1.10509,0.8666666666666667,1.1054627895355225,0.00029503231053240597,11,1.0,49.0,False
48278,2024-09-04 12:00:00+00:00,2024-09-04 11:00:00+00:00,1.10528,0.6333333333333333,1.1053123474121094,0.00035051762824878097,11,1.0,49.0,False
48279,2024-09-04 13:00:00+00:00,2024-09-04 12:00:00+00:00,1.10524,0.5,1.1052886247634888,0.0003876997216138989,10,1.0,49.0,False
48280,2024-09-04 14:00:00+00:00,2024-09-04 13:00:00+00:00,1.105,0.3,1.1047968864440918,0.00041410551057197154,13,1.0,49.0,False
48281,2024-09-04 15:00:00+00:00,2024-09-04 14:00:00+00:00,1.10522,0.36666666666666664,1.1051229238510132,0.00039976078551262617,11,1.0,49.0,False
48282,2024-09-04 16:00:00+00:00,2024-09-04 15:00:00+00:00,1.10563,0.36666666666666664,1.105442762374878,0.00034977844916284084,11,1.0,49.0,False
48283,2024-09-04 17:00:00+00:00,2024-09-04 16:00:00+00:00,1.10894,0.26666666666666666,1.1084743738174438,0.0006435332470573485,6,1.0,49.0,False
48284,2024-09-04 18:00:00+00:00,2024-09-04 17:00:00+00:00,1.10806,0.1,1.1072754859924316,0.0005707035306841135,8,1.0,49.0,False
48285,2024-09-04 19:00:00+00:00,2024-09-04 18:00:00+00:00,1.10842,0.06666666666666667,1.107820749282837,0.0004254918603692204,3,1.0,49.0,False
48286,2024-09-04 20:00:00+00:00,2024-09-04 19:00:00+00:00,1.10658,0.7666666666666667,1.1068440675735474,0.0003239056095480919,6,1.0,49.0,False
48287,2024-09-04 21:00:00+00:00,2024-09-04 20:00:00+00:00,1.10756,0.6,1.1075575351715088,0.0004673890653066337,3,1.0,49.0,False
48288,2024-09-04 22:00:00+00:00,2024-09-04 21:00:00+00:00,1.10776,0.4,1.1076041460037231,0.0003406495088711381,2,1.0,49.0,False
48289,2024-09-04 23:00:00+00:00,2024-09-04 22:00:00+00:00,1.10812,0.3333333333333333,1.1077769994735718,0.0003338030946906656,2,1.0,49.0,False
48290,2024-09-05 00:00:00+00:00,2024-09-04 23:00:00+00:00,1.10819,0.4666666666666667,1.1080949306488037,0.00045284509542398155,3,1.0,49.0,False
48291,2024-09-05 01:00:00+00:00,2024-09-05 00:00:00+00:00,1.10843,0.6333333333333333,1.1083406209945679,0.0004614877107087523,3,1.0,49.0,False
48292,2024-09-05 02:00:00+00:00,2024-09-05 01:00:00+00:00,1.10794,0.26666666666666666,1.1077287197113037,0.00030675632297061384,2,1.0,49.0,False
48293,2024-09-05 03:00:00+00:00,2024-09-05 02:00:00+00:00,1.10786,0.23333333333333334,1.1075787544250488,0.0002832588797900826,2,1.0,49.0,False
48294,2024-09-05 04:00:00+00:00,2024-09-05 03:00:00+00:00,1.10784,0.36666666666666664,1.1079074144363403,0.000322618376230821,2,1.0,49.0,False
48295,2024-09-05 05:00:00+00:00,2024-09-05 04:00:00+00:00,1.10793,0.4666666666666667,1.1081559658050537,0.0003417263797018677,2,1.0,49.0,False
48296,2024-09-05 06:00:00+00:00,2024-09-05 05:00:00+00:00,1.10766,0.8666666666666667,1.1078476905822754,0.00037408864591270685,5,1.0,49.0,False
48297,2024-09-05 07:00:00+00:00,2024-09-05 06:00:00+00:00,1.10765,0.23333333333333334,1.1075364351272583,0.0003224555402994156,4,1.0,49.0,False
48298,2024-09-05 08:00:00+00:00,2024-09-05 07:00:00+00:00,1.10797,0.43333333333333335,1.107973575592041,0.00036723483935929835,3,1.0,49.0,False
48299,2024-09-05 09:00:00+00:00,2024-09-05 08:00:00+00:00,1.10834,0.5333333333333333,1.1082338094711304,0.00041246117325499654,3,1.0,49.0,False
48300,2024-09-05 10:00:00+00:00,2024-09-05 09:00:00+00:00,1.10867,0.0,1.108420491218567,0.00032238857238553464,2,1.0,49.0,False
48301,2024-09-05 11:00:00+00:00,2024-09-05 10:00:00+00:00,1.10986,0.4,1.1093162298202515,0.0005246028886176646,3,1.0,49.0,False
48302,2024-09-05 12:00:00+00:00,2024-09-05 11:00:00+00:00,1.10941,0.1,1.1088577508926392,0.00047728937352076173,3,1.0,49.0,False
48303,2024-09-05 13:00:00+00:00,2024-09-05 12:00:00+00:00,1.10983,0.3333333333333333,1.109531283378601,0.0006416838150471449,4,1.0,49.0,False
48304,2024-09-05 14:00:00+00:00,2024-09-05 13:00:00+00:00,1.10945,0.23333333333333334,1.1093426942825317,0.0005985625321045518,6,1.0,49.0,False
48305,2024-09-05 15:00:00+00:00,2024-09-05 14:00:00+00:00,1.10919,0.6333333333333333,1.1093029975891113,0.0005853315233252943,4,1.0,49.0,False
48306,2024-09-05 16:00:00+00:00,2024-09-05 15:00:00+00:00,1.11023,0.43333333333333335,1.1096867322921753,0.0006365550798363984,4,1.0,49.0,False
48307,2024-09-05 17:00:00+00:00,2024-09-05 16:00:00+00:00,1.10792,0.3,1.1077059507369995,0.0003675122279673815,11,1.0,49.0,False
48308,2024-09-05 18:00:00+00:00,2024-09-05 17:00:00+00:00,1.10948,0.16666666666666666,1.1087967157363892,0.0005254290299490094,6,1.0,49.0,False
48309,2024-09-05 19:00:00+00:00,2024-09-05 18:00:00+00:00,1.11005,0.3,1.1094908714294434,0.0005523089785128832,3,1.0,49.0,False
48310,2024-09-05 20:00:00+00:00,2024-09-05 19:00:00+00:00,1.11063,0.0,1.109800100326538,0.00040153064765036106,3,1.0,49.0,False
48311,2024-09-05 21:00:00+00:00,2024-09-05 20:00:00+00:00,1.11036,0.3333333333333333,1.11020827293396,0.00039382014074362814,2,1.0,49.0,False
48312,2024-09-05 22:00:00+00:00,2024-09-05 21:00:00+00:00,1.11032,0.06666666666666667,1.1099345684051514,0.0001956630003405735,2,1.0,49.0,False
48313,2024-09-05 23:00:00+00:00,2024-09-05 22:00:00+00:00,1.11094,0.3333333333333333,1.1104267835617065,0.0003890996740665287,2,1.0,49.0,False
48314,2024-09-06 00:00:00+00:00,2024-09-05 23:00:00+00:00,1.11079,0.4,1.1106441020965576,0.0005177459679543972,4,1.0,49.0,False
48315,2024-09-06 01:00:00+00:00,2024-09-06 00:00:00+00:00,1.1109,0.7,1.111077070236206,0.0005222472245804965,4,1.0,49.0,False
48316,2024-09-06 02:00:00+00:00,2024-09-06 01:00:00+00:00,1.11104,0.5333333333333333,1.1111385822296143,0.0004287339688744396,2,1.0,49.0,False
48317,2024-09-06 03:00:00+00:00,2024-09-06 02:00:00+00:00,1.11128,0.6333333333333333,1.1113345623016357,0.00041321117896586657,2,1.0,49.0,False
48318,2024-09-06 04:00:00+00:00,2024-09-06 03:00:00+00:00,1.11101,0.1,1.1105968952178955,0.00032517832005396485,3,1.0,49.0,False
48319,2024-09-06 05:00:00+00:00,2024-09-06 04:00:00+00:00,1.11104,0.43333333333333335,1.1111079454421997,0.00041350716492161155,2,1.0,49.0,False
48320,2024-09-06 06:00:00+00:00,2024-09-06 05:00:00+00:00,1.11146,0.8333333333333334,1.1115835905075073,0.00031551826396025717,2,1.0,49.0,False
48321,2024-09-06 07:00:00+00:00,2024-09-06 06:00:00+00:00,1.11153,0.5666666666666667,1.1112656593322754,0.0005166443297639489,4,1.0,49.0,False
48322,2024-09-06 08:00:00+00:00,2024-09-06 07:00:00+00:00,1.11165,0.6333333333333333,1.1114943027496338,0.0005379143403843045,4,1.0,49.0,False
48323,2024-09-06 09:00:00+00:00,2024-09-06 08:00:00+00:00,1.11202,0.13333333333333333,1.1117005348205566,0.00042506729369051754,3,1.0,49.0,False
48324,2024-09-06 10:00:00+00:00,2024-09-06 09:00:00+00:00,1.11151,0.13333333333333333,1.1109017133712769,0.0004086107073817402,3,1.0,49.0,False
48325,2024-09-06 11:00:00+00:00,2024-09-06 10:00:00+00:00,1.1117,0.43333333333333335,1.1114012002944946,0.0004142838588450104,3,1.0,49.0,False
48326,2024-09-06 12:00:00+00:00,2024-09-06 11:00:00+00:00,1.11129,0.4,1.1111037731170654,0.0004992249305360019,3,1.0,49.0,False
48327,2024-09-06 13:00:00+00:00,2024-09-06 12:00:00+00:00,1.1107,0.5666666666666667,1.1107326745986938,0.0006698102806694806,4,1.0,49.0,False
48328,2024-09-06 14:00:00+00:00,2024-09-06 13:00:00+00:00,1.11066,0.7,1.1107592582702637,0.000596643250901252,5,1.0,49.0,False
48329,2024-09-06 15:00:00+00:00,2024-09-06 14:00:00+00:00,1.11203,0.03333333333333333,1.1109172105789185,0.0008538905531167984,13,1.0,49.0,False
48330,2024-09-06 16:00:00+00:00,2024-09-06 15:00:00+00:00,1.10827,0.5666666666666667,1.108383297920227,0.000830525066703558,15,1.0,49.0,False
48331,2024-09-06 17:00:00+00:00,2024-09-06 16:00:00+00:00,1.11015,0.5666666666666667,1.1101462841033936,0.0005662140902131796,9,1.0,49.0,False
48332,2024-09-06 18:00:00+00:00,2024-09-06 17:00:00+00:00,1.10851,0.5,1.1085772514343262,0.0007022758945822716,11,1.0,49.0,False
48333,2024-09-06 19:00:00+00:00,2024-09-06 18:00:00+00:00,1.10763,0.5333333333333333,1.1078171730041504,0.0004307707422412932,10,1.0,49.0,False
48334,2024-09-06 20:00:00+00:00,2024-09-06 19:00:00+00:00,1.1084,0.7666666666666667,1.1085612773895264,0.0003119617176707834,9,1.0,49.0,False
48335,2024-09-06 21:00:00+00:00,2024-09-06 20:00:00+00:00,1.10855,1.0,1.1087976694107056,0.00020535413932520896,3,1.0,49.0,False
48336,2024-09-06 22:00:00+00:00,2024-09-06 21:00:00+00:00,1.10881,1.0,1.1090812683105469,0.0001821041660150513,2,1.0,49.0,False
48337,2024-09-08 23:00:00+00:00,2024-09-06 22:00:00+00:00,1.10841,1.0,1.1090258359909058,0.0002283216017531231,3,49.0,49.0,True
48338,2024-09-09 00:00:00+00:00,2024-09-08 23:00:00+00:00,1.10826,0.6333333333333333,1.1084587574005127,0.0002839543449226767,7,1.0,49.0,False
48339,2024-09-09 01:00:00+00:00,2024-09-09 00:00:00+00:00,1.1086,0.6333333333333333,1.1084914207458496,0.0003137908352073282,6,1.0,49.0,False
48340,2024-09-09 02:00:00+00:00,2024-09-09 01:00:00+00:00,1.10862,0.06666666666666667,1.108567476272583,0.00023194242385216057,6,1.0,49.0,False
48341,2024-09-09 03:00:00+00:00,2024-09-09 02:00:00+00:00,1.10826,0.7333333333333333,1.1085721254348755,0.00029467191779986024,5,1.0,49.0,False
48342,2024-09-09 04:00:00+00:00,2024-09-09 03:00:00+00:00,1.10816,0.9666666666666667,1.1085468530654907,0.00020924325508531183,6,1.0,49.0,False
48343,2024-09-09 05:00:00+00:00,2024-09-09 04:00:00+00:00,1.10801,0.6333333333333333,1.108116626739502,0.0002767284167930484,10,1.0,49.0,False
48344,2024-09-09 06:00:00+00:00,2024-09-09 05:00:00+00:00,1.10792,0.6333333333333333,1.1079519987106323,0.00027572442195378244,9,1.0,49.0,False
48345,2024-09-09 07:00:00+00:00,2024-09-09 06:00:00+00:00,1.10751,0.3333333333333333,1.1073757410049438,0.00036310640280134976,12,1.0,49.0,False
48346,2024-09-09 08:00:00+00:00,2024-09-09 07:00:00+00:00,1.10685,0.7,1.1070961952209473,0.00041909018182195723,13,1.0,49.0,False
48347,2024-09-09 09:00:00+00:00,2024-09-09 08:00:00+00:00,1.10642,0.23333333333333334,1.1060148477554321,0.0004939830396324396,10,1.0,49.0,False
48348,2024-09-09 10:00:00+00:00,2024-09-09 09:00:00+00:00,1.10589,0.2,1.1055961847305298,0.0003856162657029927,8,1.0,49.0,False
48349,2024-09-09 11:00:00+00:00,2024-09-09 10:00:00+00:00,1.10471,0.26666666666666666,1.1046990156173706,0.00038241344736889005,4,1.0,49.0,False
48350,2024-09-09 12:00:00+00:00,2024-09-09 11:00:00+00:00,1.10553,0.43333333333333335,1.1054457426071167,0.00045956208487041295,12,1.0,49.0,False
48351,2024-09-09 13:00:00+00:00,2024-09-09 12:00:00+00:00,1.10398,0.6333333333333333,1.1041412353515625,0.0007093948661349714,12,1.0,49.0,False
48352,2024-09-09 14:00:00+00:00,2024-09-09 13:00:00+00:00,1.10444,0.43333333333333335,1.1043733358383179,0.0006923659238964319,13,1.0,49.0,False
48353,2024-09-09 15:00:00+00:00,2024-09-09 14:00:00+00:00,1.1039,0.8,1.1043893098831177,0.0005404744297266006,7,1.0,49.0,False
48354,2024-09-09 16:00:00+00:00,2024-09-09 15:00:00+00:00,1.10465,0.5666666666666667,1.1047110557556152,0.000436323753092438,7,1.0,49.0,False
48355,2024-09-09 17:00:00+00:00,2024-09-09 16:00:00+00:00,1.10416,0.06666666666666667,1.1038693189620972,0.00027785709244199097,4,1.0,49.0,False
48356,2024-09-09 18:00:00+00:00,2024-09-09 17:00:00+00:00,1.10411,0.26666666666666666,1.1038439273834229,0.00033671193523332477,3,1.0,49.0,False
48357,2024-09-09 19:00:00+00:00,2024-09-09 18:00:00+00:00,1.10483,0.06666666666666667,1.1042883396148682,0.0003128982207272202,6,1.0,49.0,False
48358,2024-09-09 20:00:00+00:00,2024-09-09 19:00:00+00:00,1.10432,0.6,1.104488730430603,0.00025394410477019846,3,1.0,49.0,False
48359,2024-09-09 21:00:00+00:00,2024-09-09 20:00:00+00:00,1.10426,0.23333333333333334,1.1039981842041016,0.0002020828687818721,2,1.0,49.0,False
48360,2024-09-09 22:00:00+00:00,2024-09-09 21:00:00+00:00,1.10375,0.1,1.103561282157898,0.0002957349643111229,4,1.0,49.0,False
48361,2024-09-09 23:00:00+00:00,2024-09-09 22:00:00+00:00,1.10335,0.6,1.103266954421997,0.00031961043714545667,4,1.0,49.0,False
48362,2024-09-10 00:00:00+00:00,2024-09-09 23:00:00+00:00,1.10364,0.26666666666666666,1.1035847663879395,0.0002869747986551374,4,1.0,49.0,False
48363,2024-09-10 01:00:00+00:00,2024-09-10 00:00:00+00:00,1.10373,0.3,1.1035990715026855,0.0003405199677217752,3,1.0,49.0,False
48364,2024-09-10 02:00:00+00:00,2024-09-10 01:00:00+00:00,1.10349,0.03333333333333333,1.1031720638275146,0.00029137462843209505,3,1.0,49.0,False
48365,2024-09-10 03:00:00+00:00,2024-09-10 02:00:00+00:00,1.10302,0.7333333333333333,1.1031416654586792,0.00023558932298328727,2,1.0,49.0,False
48366,2024-09-10 04:00:00+00:00,2024-09-10 03:00:00+00:00,1.10343,0.16666666666666666,1.103322982788086,0.0002808066492434591,4,1.0,49.0,False
48367,2024-09-10 05:00:00+00:00,2024-09-10 04:00:00+00:00,1.10342,0.7666666666666667,1.1034666299819946,0.0003411069919820875,3,1.0,49.0,False
48368,2024-09-10 06:00:00+00:00,2024-09-10 05:00:00+00:00,1.10378,0.8666666666666667,1.1039375066757202,0.0003260067605879158,4,1.0,49.0,False
48369,2024-09-10 07:00:00+00:00,2024-09-10 06:00:00+00:00,1.10397,0.26666666666666666,1.1038422584533691,0.00028862105682492256,4,1.0,49.0,False
48370,2024-09-10 08:00:00+00:00,2024-09-10 07:00:00+00:00,1.1039,0.2,1.103803038597107,0.0002824303519446403,4,1.0,49.0,False
48371,2024-09-10 09:00:00+00:00,2024-09-10 08:00:00+00:00,1.1049,0.03333333333333333,1.1043838262557983,0.0003162827924825251,5,1.0,49.0,False
48372,2024-09-10 10:00:00+00:00,2024-09-10 09:00:00+00:00,1.10366,0.7666666666666667,1.1037356853485107,0.0003046529309358448,4,1.0,49.0,False
48373,2024-09-10 11:00:00+00:00,2024-09-10 10:00:00+00:00,1.10374,0.03333333333333333,1.1033861637115479,0.00027535564731806517,4,1.0,49.0,False
48374,2024-09-10 12:00:00+00:00,2024-09-10 11:00:00+00:00,1.1038,0.3333333333333333,1.1037615537643433,0.00043770772754214704,6,1.0,49.0,False
48375,2024-09-10 13:00:00+00:00,2024-09-10 12:00:00+00:00,1.104,0.4,1.1039023399353027,0.0004635210207197815,8,1.0,49.0,False
48376,2024-09-10 14:00:00+00:00,2024-09-10 13:00:00+00:00,1.10305,0.9666666666666667,1.1034773588180542,0.0002939543919637799,6,1.0,49.0,False
48377,2024-09-10 15:00:00+00:00,2024-09-10 14:00:00+00:00,1.10295,0.9,1.1032243967056274,0.00041981448885053396,7,1.0,49.0,False
48378,2024-09-10 16:00:00+00:00,2024-09-10 15:00:00+00:00,1.10191,0.7333333333333333,1.1023107767105103,0.0005981515860185027,10,1.0,49.0,False
48379,2024-09-10 17:00:00+00:00,2024-09-10 16:00:00+00:00,1.10182,0.8333333333333334,1.1021881103515625,0.0005102772265672684,8,1.0,49.0,False
48380,2024-09-10 18:00:00+00:00,2024-09-10 17:00:00+00:00,1.10247,0.23333333333333334,1.102207899093628,0.0003978920867666602,6,1.0,49.0,False
48381,2024-09-10 19:00:00+00:00,2024-09-10 18:00:00+00:00,1.1026,0.2,1.1022998094558716,0.00035693313111551106,6,1.0,49.0,False
48382,2024-09-10 20:00:00+00:00,2024-09-10 19:00:00+00:00,1.10225,0.8,1.1022889614105225,0.000305849127471447,6,1.0,49.0,False
48383,2024-09-10 21:00:00+00:00,2024-09-10 20:00:00+00:00,1.1024,0.1,1.1023330688476562,0.00027836073422804475,4,1.0,49.0,False
48384,2024-09-10 22:00:00+00:00,2024-09-10 21:00:00+00:00,1.10261,0.1,1.1024385690689087,0.00015728475409559906,2,1.0,49.0,False
48385,2024-09-10 23:00:00+00:00,2024-09-10 22:00:00+00:00,1.10186,0.6,1.1019401550292969,0.00020499232050497085,6,1.0,49.0,False
48386,2024-09-11 00:00:00+00:00,2024-09-10 23:00:00+00:00,1.10187,0.43333333333333335,1.1016364097595215,0.0003027096972800791,7,1.0,49.0,False
48387,2024-09-11 01:00:00+00:00,2024-09-11 00:00:00+00:00,1.10195,0.7333333333333333,1.1020314693450928,0.0003178594051860273,7,1.0,49.0,False
48388,2024-09-11 02:00:00+00:00,2024-09-11 01:00:00+00:00,1.10197,0.7666666666666667,1.1021251678466797,0.00027260693605057895,5,1.0,49.0,False
48389,2024-09-11 03:00:00+00:00,2024-09-11 02:00:00+00:00,1.10196,0.9,1.1023013591766357,0.00017218824359588325,5,1.0,49.0,False
48390,2024-09-11 04:00:00+00:00,2024-09-11 03:00:00+00:00,1.10362,0.26666666666666666,1.103389859199524,0.0003289584710728377,4,1.0,49.0,False
48391,2024-09-11 05:00:00+00:00,2024-09-11 04:00:00+00:00,1.10327,0.7666666666666667,1.1033743619918823,0.00025925273075699806,3,1.0,49.0,False
48392,2024-09-11 06:00:00+00:00,2024-09-11 05:00:00+00:00,1.1038,0.3333333333333333,1.1038600206375122,0.00023301839246414602,4,1.0,49.0,False
48393,2024-09-11 07:00:00+00:00,2024-09-11 06:00:00+00:00,1.1046,0.26666666666666666,1.1042979955673218,0.0004254084487911314,8,1.0,49.0,False
48394,2024-09-11 08:00:00+00:00,2024-09-11 07:00:00+00:00,1.10433,0.4666666666666667,1.1044654846191406,0.0003516670549288392,7,1.0,49.0,False
48395,2024-09-11 09:00:00+00:00,2024-09-11 08:00:00+00:00,1.10445,0.3,1.1043339967727661,0.0003258703800383955,6,1.0,49.0,False
48396,2024-09-11 10:00:00+00:00,2024-09-11 09:00:00+00:00,1.10407,0.7666666666666667,1.1041278839111328,0.00026995959342457354,4,1.0,49.0,False
48397,2024-09-11 11:00:00+00:00,2024-09-11 10:00:00+00:00,1.10433,0.13333333333333333,1.1041795015335083,0.00021729998115915805,4,1.0,49.0,False
48398,2024-09-11 12:00:00+00:00,2024-09-11 11:00:00+00:00,1.10416,0.8,1.1042735576629639,0.0002948722685687244,4,1.0,49.0,False
48399,2024-09-11 13:00:00+00:00,2024-09-11 12:00:00+00:00,1.10482,0.6666666666666666,1.1047760248184204,0.00046354811638593674,9,1.0,49.0,False
48400,2024-09-11 14:00:00+00:00,2024-09-11 13:00:00+00:00,1.10432,0.9333333333333333,1.1046510934829712,0.0003069799277000129,7,1.0,49.0,False
48401,2024-09-11 15:00:00+00:00,2024-09-11 14:00:00+00:00,1.10155,0.6666666666666666,1.1017529964447021,0.0012100397143512964,16,1.0,49.0,False
48402,2024-09-11 16:00:00+00:00,2024-09-11 15:00:00+00:00,1.10126,0.9666666666666667,1.1019864082336426,0.000616620178334415,13,1.0,49.0,False
48403,2024-09-11 17:00:00+00:00,2024-09-11 16:00:00+00:00,1.10098,0.8666666666666667,1.1013550758361816,0.0005492035415954888,9,1.0,49.0,False
48404,2024-09-11 18:00:00+00:00,2024-09-11 17:00:00+00:00,1.10115,0.9666666666666667,1.1017215251922607,0.0006168917752802372,11,1.0,49.0,False
48405,2024-09-11 19:00:00+00:00,2024-09-11 18:00:00+00:00,1.10155,0.36666666666666664,1.101391077041626,0.00038430618587881327,6,1.0,49.0,False
48406,2024-09-11 20:00:00+00:00,2024-09-11 19:00:00+00:00,1.1018,0.8,1.1021357774734497,0.0004413166316226125,8,1.0,49.0,False
48407,2024-09-11 21:00:00+00:00,2024-09-11 20:00:00+00:00,1.10177,0.7333333333333333,1.1018054485321045,0.0002614377299323678,6,1.0,49.0,False
48408,2024-09-11 22:00:00+00:00,2024-09-11 21:00:00+00:00,1.10171,0.7666666666666667,1.1018050909042358,0.00023786848760209978,6,1.0,49.0,False
48409,2024-09-11 23:00:00+00:00,2024-09-11 22:00:00+00:00,1.10111,0.7666666666666667,1.1011618375778198,0.0003348198370076716,6,1.0,49.0,False
48410,2024-09-12 00:00:00+00:00,2024-09-11 23:00:00+00:00,1.10124,0.43333333333333335,1.1013522148132324,0.00038604007568210363,7,1.0,49.0,False
48411,2024-09-12 01:00:00+00:00,2024-09-12 00:00:00+00:00,1.10118,0.6666666666666666,1.1012760400772095,0.00034974300069734454,8,1.0,49.0,False
48412,2024-09-12 02:00:00+00:00,2024-09-12 01:00:00+00:00,1.10097,0.6666666666666666,1.1009459495544434,0.00044800841715186834,7,1.0,49.0,False
48413,2024-09-12 03:00:00+00:00,2024-09-12 02:00:00+00:00,1.10062,0.6666666666666666,1.1008307933807373,0.00038650547503493726,5,1.0,49.0,False
48414,2024-09-12 04:00:00+00:00,2024-09-12 03:00:00+00:00,1.10104,0.1,1.1010019779205322,0.0002682468038983643,5,1.0,49.0,False
48415,2024-09-12 05:00:00+00:00,2024-09-12 04:00:00+00:00,1.10091,0.8666666666666667,1.1010832786560059,0.0002880298416130245,5,1.0,49.0,False
48416,2024-09-12 06:00:00+00:00,2024-09-12 05:00:00+00:00,1.10131,0.23333333333333334,1.1011766195297241,0.0003128021489828825,6,1.0,49.0,False
48417,2024-09-12 07:00:00+00:00,2024-09-12 06:00:00+00:00,1.10158,0.36666666666666664,1.101425290107727,0.00030853485804982483,7,1.0,49.0,False
48418,2024-09-12 08:00:00+00:00,2024-09-12 07:00:00+00:00,1.10215,0.3,1.1020559072494507,0.000540719018317759,8,1.0,49.0,False
48419,2024-09-12 09:00:00+00:00,2024-09-12 08:00:00+00:00,1.10076,0.9333333333333333,1.101183295249939,0.0004718171257991344,8,1.0,49.0,False
48420,2024-09-12 10:00:00+00:00,2024-09-12 09:00:00+00:00,1.10071,0.4666666666666667,1.100799798965454,0.0004498732159845531,6,1.0,49.0,False
48421,2024-09-12 11:00:00+00:00,2024-09-12 10:00:00+00:00,1.10151,0.36666666666666664,1.1014009714126587,0.0003152479766868055,8,1.0,49.0,False
48422,2024-09-12 12:00:00+00:00,2024-09-12 11:00:00+00:00,1.10142,0.23333333333333334,1.1011594533920288,0.0004233299696352333,9,1.0,49.0,False
48423,2024-09-12 13:00:00+00:00,2024-09-12 12:00:00+00:00,1.1021,0.43333333333333335,1.1019090414047241,0.00048552631051279604,12,1.0,49.0,False
48424,2024-09-12 14:00:00+00:00,2024-09-12 13:00:00+00:00,1.10135,0.8,1.1017491817474365,0.000585343106649816,12,1.0,49.0,False
48425,2024-09-12 15:00:00+00:00,2024-09-12 14:00:00+00:00,1.10246,0.13333333333333333,1.1020597219467163,0.0005107574397698045,13,1.0,49.0,False
48426,2024-09-12 16:00:00+00:00,2024-09-12 15:00:00+00:00,1.10363,0.26666666666666666,1.1034305095672607,0.00046090350951999426,6,1.0,49.0,False
48427,2024-09-12 17:00:00+00:00,2024-09-12 16:00:00+00:00,1.10396,0.3333333333333333,1.1038498878479004,0.0005407294374890625,11,1.0,49.0,False
48428,2024-09-12 18:00:00+00:00,2024-09-12 17:00:00+00:00,1.10396,0.13333333333333333,1.1036747694015503,0.0003836285031866282,6,1.0,49.0,False
48429,2024-09-12 19:00:00+00:00,2024-09-12 18:00:00+00:00,1.10457,0.23333333333333334,1.1043919324874878,0.0003773780190385878,6,1.0,49.0,False
48430,2024-09-12 20:00:00+00:00,2024-09-12 19:00:00+00:00,1.10557,0.13333333333333333,1.1052004098892212,0.00031780218705534935,10,1.0,49.0,False
48431,2024-09-12 21:00:00+00:00,2024-09-12 20:00:00+00:00,1.10603,0.5666666666666667,1.105979561805725,0.00028403333271853626,10,1.0,49.0,False
48432,2024-09-12 22:00:00+00:00,2024-09-12 21:00:00+00:00,1.10696,0.4666666666666667,1.1068108081817627,0.00021730542357545346,9,1.0,49.0,False
48433,2024-09-12 23:00:00+00:00,2024-09-12 22:00:00+00:00,1.10734,0.0,1.1068968772888184,0.0002318625192856416,8,1.0,49.0,False
48434,2024-09-13 00:00:00+00:00,2024-09-12 23:00:00+00:00,1.10733,0.0,1.106755018234253,0.00030893049552105367,14,1.0,49.0,False
48435,2024-09-13 01:00:00+00:00,2024-09-13 00:00:00+00:00,1.10714,0.03333333333333333,1.1067924499511719,0.00023302924819290638,12,1.0,49.0,False
48436,2024-09-13 02:00:00+00:00,2024-09-13 01:00:00+00:00,1.10784,0.1,1.1072601079940796,0.00030476725078187883,16,1.0,49.0,False
48437,2024-09-13 03:00:00+00:00,2024-09-13 02:00:00+00:00,1.10865,0.3,1.108520746231079,0.0004908242262899876,8,1.0,49.0,False
48438,2024-09-13 04:00:00+00:00,2024-09-13 03:00:00+00:00,1.10811,0.06666666666666667,1.1078531742095947,0.0003325448196846992,13,1.0,49.0,False
48439,2024-09-13 05:00:00+00:00,2024-09-13 04:00:00+00:00,1.10862,0.3333333333333333,1.108431339263916,0.0003236192569602281,9,1.0,49.0,False
48440,2024-09-13 06:00:00+00:00,2024-09-13 05:00:00+00:00,1.10864,0.2,1.1083025932312012,0.0004945882246829569,16,1.0,49.0,False
48441,2024-09-13 07:00:00+00:00,2024-09-13 06:00:00+00:00,1.10839,0.2,1.1082229614257812,0.0005700056790374219,18,1.0,49.0,False
48442,2024-09-13 08:00:00+00:00,2024-09-13 07:00:00+00:00,1.10822,0.23333333333333334,1.1079286336898804,0.0004510250873863697,19,1.0,49.0,False
48443,2024-09-13 09:00:00+00:00,2024-09-13 08:00:00+00:00,1.10785,0.26666666666666666,1.10758376121521,0.00041226946632377803,19,1.0,49.0,False
48444,2024-09-13 10:00:00+00:00,2024-09-13 09:00:00+00:00,1.10919,0.2,1.1088790893554688,0.0005593975074589252,9,1.0,49.0,False
48445,2024-09-13 11:00:00+00:00,2024-09-13 10:00:00+00:00,1.10922,0.3333333333333333,1.109032154083252,0.000419978256104514,10,1.0,49.0,False
48446,2024-09-13 12:00:00+00:00,2024-09-13 11:00:00+00:00,1.10915,0.3,1.109017252922058,0.0005737859173677862,15,1.0,49.0,False
48447,2024-09-13 13:00:00+00:00,2024-09-13 12:00:00+00:00,1.10897,0.5333333333333333,1.1090407371520996,0.0006326450384221971,18,1.0,49.0,False
48448,2024-09-13 14:00:00+00:00,2024-09-13 13:00:00+00:00,1.10837,0.5,1.1079868078231812,0.0009961248142644763,25,1.0,49.0,False
48449,2024-09-13 15:00:00+00:00,2024-09-13 14:00:00+00:00,1.10926,0.4666666666666667,1.1093376874923706,0.0008068530587479472,15,1.0,49.0,False
48450,2024-09-13 16:00:00+00:00,2024-09-13 15:00:00+00:00,1.10939,0.36666666666666664,1.109228491783142,0.000512918399181217,12,1.0,49.0,False
48451,2024-09-13 17:00:00+00:00,2024-09-13 16:00:00+00:00,1.10886,0.36666666666666664,1.1087225675582886,0.0002672296832315624,12,1.0,49.0,False
48452,2024-09-13 18:00:00+00:00,2024-09-13 17:00:00+00:00,1.10838,0.36666666666666664,1.108236312866211,0.00028604845283553004,11,1.0,49.0,False
48453,2024-09-13 19:00:00+00:00,2024-09-13 18:00:00+00:00,1.10835,0.06666666666666667,1.108080506324768,0.00026251832605339587,13,1.0,49.0,False
48454,2024-09-13 20:00:00+00:00,2024-09-13 19:00:00+00:00,1.1081,0.9,1.1083245277404785,0.00024703514645807445,11,1.0,49.0,False
48455,2024-09-13 21:00:00+00:00,2024-09-13 20:00:00+00:00,1.10775,0.9666666666666667,1.1081528663635254,0.00022944837110117078,12,1.0,49.0,False
48456,2024-09-13 22:00:00+00:00,2024-09-13 21:00:00+00:00,1.10773,0.9333333333333333,1.1079583168029785,0.0002261074259877205,13,1.0,49.0,False
48457,2024-09-15 23:00:00+00:00,2024-09-13 22:00:00+00:00,1.10745,0.5333333333333333,1.1074250936508179,0.0002878881641663611,13,49.0,49.0,True
48458,2024-09-16 00:00:00+00:00,2024-09-15 23:00:00+00:00,1.10749,0.6666666666666666,1.107556939125061,0.0002662095066625625,11,1.0,49.0,False
48459,2024-09-16 01:00:00+00:00,2024-09-16 00:00:00+00:00,1.10861,0.16666666666666666,1.108325719833374,0.00034481415059417486,14,1.0,49.0,False
48460,2024-09-16 02:00:00+00:00,2024-09-16 01:00:00+00:00,1.10869,0.0,1.1083804368972778,0.00024335789203178138,13,1.0,49.0,False
48461,2024-09-16 03:00:00+00:00,2024-09-16 02:00:00+00:00,1.10889,0.06666666666666667,1.1086002588272095,0.00024791693431325257,13,1.0,49.0,False
48462,2024-09-16 04:00:00+00:00,2024-09-16 03:00:00+00:00,1.10873,0.7666666666666667,1.10881769657135,0.00021466448379214853,10,1.0,49.0,False
48463,2024-09-16 05:00:00+00:00,2024-09-16 04:00:00+00:00,1.10886,0.6333333333333333,1.1088756322860718,0.0003093197592534125,13,1.0,49.0,False
48464,2024-09-16 06:00:00+00:00,2024-09-16 05:00:00+00:00,1.11034,0.16666666666666666,1.1096761226654053,0.00036444608122110367,8,1.0,49.0,False
48465,2024-09-16 07:00:00+00:00,2024-09-16 06:00:00+00:00,1.10966,0.3333333333333333,1.109609842300415,0.0004351208626758307,12,1.0,49.0,False
48466,2024-09-16 08:00:00+00:00,2024-09-16 07:00:00+00:00,1.10978,0.13333333333333333,1.1093673706054688,0.0003628276172094047,15,1.0,49.0,False
48467,2024-09-16 09:00:00+00:00,2024-09-16 08:00:00+00:00,1.11139,0.26666666666666666,1.111230492591858,0.0004743735189549625,8,1.0,49.0,False
48468,2024-09-16 10:00:00+00:00,2024-09-16 09:00:00+00:00,1.11145,0.3333333333333333,1.1111749410629272,0.00045142904855310917,6,1.0,49.0,False
48469,2024-09-16 11:00:00+00:00,2024-09-16 10:00:00+00:00,1.11224,0.13333333333333333,1.1118186712265015,0.0003764068824239075,6,1.0,49.0,False
48470,2024-09-16 12:00:00+00:00,2024-09-16 11:00:00+00:00,1.112,0.2,1.1118128299713135,0.00041861823410727084,6,1.0,49.0,False
48471,2024-09-16 13:00:00+00:00,2024-09-16 12:00:00+00:00,1.11215,0.06666666666666667,1.111948847770691,0.0002515693486202508,6,1.0,49.0,False
48472,2024-09-16 14:00:00+00:00,2024-09-16 13:00:00+00:00,1.11231,0.2,1.1117360591888428,0.0006531758117489517,12,1.0,49.0,False
48473,2024-09-16 15:00:00+00:00,2024-09-16 14:00:00+00:00,1.11244,0.26666666666666666,1.1121442317962646,0.0006434459937736392,10,1.0,49.0,False
48474,2024-09-16 16:00:00+00:00,2024-09-16 15:00:00+00:00,1.11291,0.3333333333333333,1.1127190589904785,0.00034398186835460365,6,1.0,49.0,False
48475,2024-09-16 17:00:00+00:00,2024-09-16 16:00:00+00:00,1.11234,0.26666666666666666,1.1122885942459106,0.0002656392171047628,7,1.0,49.0,False
48476,2024-09-16 18:00:00+00:00,2024-09-16 17:00:00+00:00,1.11221,0.6666666666666666,1.1122032403945923,0.00027851565391756594,7,1.0,49.0,False
48477,2024-09-16 19:00:00+00:00,2024-09-16 18:00:00+00:00,1.11284,0.3,1.1126396656036377,0.000387371372198686,7,1.0,49.0,False
48478,2024-09-16 20:00:00+00:00,2024-09-16 19:00:00+00:00,1.1123,0.7666666666666667,1.1123758554458618,0.00033909009653143585,9,1.0,49.0,False
48479,2024-09-16 21:00:00+00:00,2024-09-16 20:00:00+00:00,1.11203,0.3,1.1117373704910278,0.0003296954382676631,5,1.0,49.0,False
48480,2024-09-16 22:00:00+00:00,2024-09-16 21:00:00+00:00,1.11286,0.23333333333333334,1.1126347780227661,0.00030942464945837855,6,1.0,49.0,False
48481,2024-09-16 23:00:00+00:00,2024-09-16 22:00:00+00:00,1.11316,0.16666666666666666,1.1129409074783325,0.00019388232612982392,4,1.0,49.0,False
48482,2024-09-17 00:00:00+00:00,2024-09-16 23:00:00+00:00,1.1131,0.43333333333333335,1.113073468208313,0.0003648871788755059,6,1.0,49.0,False
48483,2024-09-17 01:00:00+00:00,2024-09-17 00:00:00+00:00,1.11269,0.7,1.112653136253357,0.0003788819012697786,9,1.0,49.0,False
48484,2024-09-17 02:00:00+00:00,2024-09-17 01:00:00+00:00,1.11286,0.3,1.1127445697784424,0.00023693879484198987,7,1.0,49.0,False
48485,2024-09-17 03:00:00+00:00,2024-09-17 02:00:00+00:00,1.11225,0.9,1.1125776767730713,0.00032328240922652185,7,1.0,49.0,False
48486,2024-09-17 04:00:00+00:00,2024-09-17 03:00:00+00:00,1.11272,0.3333333333333333,1.1126573085784912,0.00034672862966544926,8,1.0,49.0,False
48487,2024-09-17 05:00:00+00:00,2024-09-17 04:00:00+00:00,1.11266,0.7333333333333333,1.1126155853271484,0.00031623750692233443,7,1.0,49.0,False
48488,2024-09-17 06:00:00+00:00,2024-09-17 05:00:00+00:00,1.11233,0.3333333333333333,1.1120116710662842,0.00040063008782453835,9,1.0,49.0,False
48489,2024-09-17 07:00:00+00:00,2024-09-17 06:00:00+00:00,1.11238,0.8333333333333334,1.1125378608703613,0.00035057260538451374,8,1.0,49.0,False
48490,2024-09-17 08:00:00+00:00,2024-09-17 07:00:00+00:00,1.11263,0.3,1.1123108863830566,0.000419270625570789,9,1.0,49.0,False
48491,2024-09-17 09:00:00+00:00,2024-09-17 08:00:00+00:00,1.11202,0.23333333333333334,1.111794352531433,0.00043211018783040345,11,1.0,49.0,False
48492,2024-09-17 10:00:00+00:00,2024-09-17 09:00:00+00:00,1.11358,0.03333333333333333,1.1129965782165527,0.0003566043160390109,10,1.0,49.0,False
48493,2024-09-17 11:00:00+00:00,2024-09-17 10:00:00+00:00,1.11442,0.2,1.1138747930526733,0.0003943357151001692,9,1.0,49.0,False
48494,2024-09-17 12:00:00+00:00,2024-09-17 11:00:00+00:00,1.11373,0.5666666666666667,1.113614559173584,0.00041779744788073003,12,1.0,49.0,False
48495,2024-09-17 13:00:00+00:00,2024-09-17 12:00:00+00:00,1.11337,0.23333333333333334,1.1130903959274292,0.0006423282902687788,11,1.0,49.0,False
48496,2024-09-17 14:00:00+00:00,2024-09-17 13:00:00+00:00,1.11381,0.3,1.1135063171386719,0.0006222964730113745,16,1.0,49.0,False
48497,2024-09-17 15:00:00+00:00,2024-09-17 14:00:00+00:00,1.11244,0.26666666666666666,1.1120965480804443,0.0006366216111928225,16,1.0,49.0,False
48498,2024-09-17 16:00:00+00:00,2024-09-17 15:00:00+00:00,1.11127,0.6333333333333333,1.111289381980896,0.0005293934373185039,13,1.0,49.0,False
48499,2024-09-17 17:00:00+00:00,2024-09-17 16:00:00+00:00,1.11241,0.5666666666666667,1.1122761964797974,0.00047130632447078824,7,1.0,49.0,False
48500,2024-09-17 18:00:00+00:00,2024-09-17 17:00:00+00:00,1.11169,0.23333333333333334,1.1113344430923462,0.00036261783679947257,11,1.0,49.0,False
48501,2024-09-17 19:00:00+00:00,2024-09-17 18:00:00+00:00,1.1119,0.26666666666666666,1.1117284297943115,0.00034698538365773857,8,1.0,49.0,False
48502,2024-09-17 20:00:00+00:00,2024-09-17 19:00:00+00:00,1.11156,0.43333333333333335,1.1113612651824951,0.0003068684891331941,5,1.0,49.0,False
48503,2024-09-17 21:00:00+00:00,2024-09-17 20:00:00+00:00,1.11219,0.5,1.1119740009307861,0.00033993704710155725,4,1.0,49.0,False
48504,2024-09-17 22:00:00+00:00,2024-09-17 21:00:00+00:00,1.11154,0.7666666666666667,1.1117091178894043,0.0002606241323519498,3,1.0,49.0,False
48505,2024-09-17 23:00:00+00:00,2024-09-17 22:00:00+00:00,1.11126,0.5,1.1113895177841187,0.00022907233505975455,4,1.0,49.0,False
48506,2024-09-18 00:00:00+00:00,2024-09-17 23:00:00+00:00,1.11133,0.43333333333333335,1.1112346649169922,0.0003672813472803682,11,1.0,49.0,False
48507,2024-09-18 01:00:00+00:00,2024-09-18 00:00:00+00:00,1.11176,0.3333333333333333,1.1114850044250488,0.00046920374734327197,8,1.0,49.0,False
48508,2024-09-18 02:00:00+00:00,2024-09-18 01:00:00+00:00,1.11215,0.6,1.1120160818099976,0.0003269046719651669,6,1.0,49.0,False
48509,2024-09-18 03:00:00+00:00,2024-09-18 02:00:00+00:00,1.11264,0.0,1.1122958660125732,0.0002566672337707132,4,1.0,49.0,False
48510,2024-09-18 04:00:00+00:00,2024-09-18 03:00:00+00:00,1.11272,0.13333333333333333,1.112526297569275,0.0002937914105132222,4,1.0,49.0,False
48511,2024-09-18 05:00:00+00:00,2024-09-18 04:00:00+00:00,1.11276,0.2,1.1125264167785645,0.0004240549460519105,8,1.0,49.0,False
48512,2024-09-18 06:00:00+00:00,2024-09-18 05:00:00+00:00,1.11256,0.6666666666666666,1.1125149726867676,0.0003888523206114769,7,1.0,49.0,False
48513,2024-09-18 07:00:00+00:00,2024-09-18 06:00:00+00:00,1.11195,0.16666666666666666,1.1114836931228638,0.0004734945250675082,13,1.0,49.0,False
48514,2024-09-18 08:00:00+00:00,2024-09-18 07:00:00+00:00,1.112,0.26666666666666666,1.1118022203445435,0.0004905206151306629,13,1.0,49.0,False
48515,2024-09-18 09:00:00+00:00,2024-09-18 08:00:00+00:00,1.1118,0.6666666666666666,1.1118998527526855,0.00043322070268914104,8,1.0,49.0,False
48516,2024-09-18 10:00:00+00:00,2024-09-18 09:00:00+00:00,1.11306,0.3333333333333333,1.112842321395874,0.00045943912118673325,8,1.0,49.0,False
48517,2024-09-18 11:00:00+00:00,2024-09-18 10:00:00+00:00,1.11292,0.4,1.1127079725265503,0.00041185811278410256,7,1.0,49.0,False
48518,2024-09-18 12:00:00+00:00,2024-09-18 11:00:00+00:00,1.11376,0.06666666666666667,1.1133918762207031,0.0003426553448662162,8,1.0,49.0,False
48519,2024-09-18 13:00:00+00:00,2024-09-18 12:00:00+00:00,1.11295,0.8666666666666667,1.113083004951477,0.0003162545617669821,8,1.0,49.0,False
48520,2024-09-18 14:00:00+00:00,2024-09-18 13:00:00+00:00,1.1124,0.36666666666666664,1.1121184825897217,0.0006174874724820256,16,1.0,49.0,False
48521,2024-09-18 15:00:00+00:00,2024-09-18 14:00:00+00:00,1.1122,0.4666666666666667,1.1120537519454956,0.0006525912322103977,18,1.0,49.0,False
48522,2024-09-18 16:00:00+00:00,2024-09-18 15:00:00+00:00,1.11346,0.3333333333333333,1.1133067607879639,0.0003227742272429168,7,1.0,49.0,False
48523,2024-09-18 17:00:00+00:00,2024-09-18 16:00:00+00:00,1.11174,0.13333333333333333,1.1112521886825562,0.0004100580990780145,17,1.0,49.0,False
48524,2024-09-18 18:00:00+00:00,2024-09-18 17:00:00+00:00,1.11151,0.26666666666666666,1.1114341020584106,0.00039079919224604964,14,1.0,49.0,False
48525,2024-09-18 19:00:00+00:00,2024-09-18 18:00:00+00:00,1.11237,0.4666666666666667,1.1122263669967651,0.0004272054065950215,7,1.0,49.0,False
48526,2024-09-18 20:00:00+00:00,2024-09-18 19:00:00+00:00,1.11217,0.2,1.1119083166122437,0.0003288632142357528,7,1.0,49.0,False
48527,2024-09-18 21:00:00+00:00,2024-09-18 20:00:00+00:00,1.11482,0.23333333333333334,1.114154577255249,0.0008505678852088749,15,1.0,49.0,False
48528,2024-09-18 22:00:00+00:00,2024-09-18 21:00:00+00:00,1.11051,0.6,1.110857605934143,0.0007462607463821769,21,1.0,49.0,False
48529,2024-09-18 23:00:00+00:00,2024-09-18 22:00:00+00:00,1.11179,0.6666666666666666,1.1119616031646729,0.0005036814836785197,10,1.0,49.0,False
48530,2024-09-19 00:00:00+00:00,2024-09-18 23:00:00+00:00,1.11163,0.8333333333333334,1.1120858192443848,0.0004893213044852018,10,1.0,49.0,False
48531,2024-09-19 01:00:00+00:00,2024-09-19 00:00:00+00:00,1.11213,0.43333333333333335,1.1120696067810059,0.0006330939941108227,13,1.0,49.0,False
48532,2024-09-19 02:00:00+00:00,2024-09-19 01:00:00+00:00,1.11134,0.8333333333333334,1.1116129159927368,0.0003893090470228344,9,1.0,49.0,False
48533,2024-09-19 03:00:00+00:00,2024-09-19 02:00:00+00:00,1.10809,0.7666666666666667,1.1087740659713745,0.0008411946473643184,22,1.0,49.0,False
48534,2024-09-19 04:00:00+00:00,2024-09-19 03:00:00+00:00,1.10827,0.7333333333333333,1.1085432767868042,0.000669783737976104,17,1.0,49.0,False
48535,2024-09-19 05:00:00+00:00,2024-09-19 04:00:00+00:00,1.11013,0.4666666666666667,1.1100585460662842,0.0005230990354903042,18,1.0,49.0,False
48536,2024-09-19 06:00:00+00:00,2024-09-19 05:00:00+00:00,1.11181,0.5666666666666667,1.1117738485336304,0.0006202445365488529,12,1.0,49.0,False
48537,2024-09-19 07:00:00+00:00,2024-09-19 06:00:00+00:00,1.11196,0.5,1.111904263496399,0.0007326307822950184,19,1.0,49.0,False
48538,2024-09-19 08:00:00+00:00,2024-09-19 07:00:00+00:00,1.11307,0.5,1.1130646467208862,0.0005928158643655479,13,1.0,49.0,False
48539,2024-09-19 09:00:00+00:00,2024-09-19 08:00:00+00:00,1.11448,0.4666666666666667,1.1144920587539673,0.0006307987496256828,14,1.0,49.0,False
48540,2024-09-19 10:00:00+00:00,2024-09-19 09:00:00+00:00,1.11451,0.6,1.1147913932800293,0.0006002574227750301,13,1.0,49.0,False
48541,2024-09-19 11:00:00+00:00,2024-09-19 10:00:00+00:00,1.11619,0.5333333333333333,1.1163023710250854,0.0011448049917817116,17,1.0,49.0,False
48542,2024-09-19 12:00:00+00:00,2024-09-19 11:00:00+00:00,1.11773,0.1,1.1171855926513672,0.0007762226741760969,10,1.0,49.0,False
48543,2024-09-19 13:00:00+00:00,2024-09-19 12:00:00+00:00,1.11698,0.2,1.1164213418960571,0.0007547404966317117,19,1.0,49.0,False
48544,2024-09-19 14:00:00+00:00,2024-09-19 13:00:00+00:00,1.11575,0.16666666666666666,1.1150463819503784,0.0009078544680960476,16,1.0,49.0,False
48545,2024-09-19 15:00:00+00:00,2024-09-19 14:00:00+00:00,1.11255,0.4666666666666667,1.1124522686004639,0.000958709220867604,19,1.0,49.0,False
48546,2024-09-19 16:00:00+00:00,2024-09-19 15:00:00+00:00,1.11214,0.4,1.1120178699493408,0.0007774409023113549,16,1.0,49.0,False
48547,2024-09-19 17:00:00+00:00,2024-09-19 16:00:00+00:00,1.11287,0.5333333333333333,1.112632393836975,0.0005032980698160827,12,1.0,49.0,False
48548,2024-09-19 18:00:00+00:00,2024-09-19 17:00:00+00:00,1.1146,0.2,1.1140848398208618,0.0005523440195247531,12,1.0,49.0,False
48549,2024-09-19 19:00:00+00:00,2024-09-19 18:00:00+00:00,1.11549,0.23333333333333334,1.1150342226028442,0.0005540234851650894,12,1.0,49.0,False
48550,2024-09-19 20:00:00+00:00,2024-09-19 19:00:00+00:00,1.11601,0.0,1.1153454780578613,0.0003692419268190861,9,1.0,49.0,False
48551,2024-09-19 21:00:00+00:00,2024-09-19 20:00:00+00:00,1.1165,0.26666666666666666,1.1161636114120483,0.0005114735686220229,11,1.0,49.0,False
48552,2024-09-19 22:00:00+00:00,2024-09-19 21:00:00+00:00,1.11618,0.1,1.1157543659210205,0.0003316796792205423,7,1.0,49.0,False
48553,2024-09-19 23:00:00+00:00,2024-09-19 22:00:00+00:00,1.11606,0.2,1.1158969402313232,0.00029690173687413335,5,1.0,49.0,False
48554,2024-09-20 00:00:00+00:00,2024-09-19 23:00:00+00:00,1.11613,0.16666666666666666,1.115649700164795,0.000450998661108315,12,1.0,49.0,False
48555,2024-09-20 01:00:00+00:00,2024-09-20 00:00:00+00:00,1.11603,0.3,1.115667462348938,0.0005454432684928179,15,1.0,49.0,False
48556,2024-09-20 02:00:00+00:00,2024-09-20 01:00:00+00:00,1.11588,0.23333333333333334,1.115761399269104,0.00035848349216394126,8,1.0,49.0,False
48557,2024-09-20 03:00:00+00:00,2024-09-20 02:00:00+00:00,1.116,0.2,1.1156089305877686,0.00046049352386035025,10,1.0,49.0,False
48558,2024-09-20 04:00:00+00:00,2024-09-20 03:00:00+00:00,1.11586,0.36666666666666664,1.1155718564987183,0.00043528006062842906,9,1.0,49.0,False
48559,2024-09-20 05:00:00+00:00,2024-09-20 04:00:00+00:00,1.11609,0.4,1.1159310340881348,0.00043829475180245936,12,1.0,49.0,False
48560,2024-09-20 06:00:00+00:00,2024-09-20 05:00:00+00:00,1.11653,0.4666666666666667,1.1162338256835938,0.000605873588938266,13,1.0,49.0,False
48561,2024-09-20 07:00:00+00:00,2024-09-20 06:00:00+00:00,1.11646,0.3,1.116041660308838,0.0005949423066340387,13,1.0,49.0,False
48562,2024-09-20 08:00:00+00:00,2024-09-20 07:00:00+00:00,1.11633,0.26666666666666666,1.1159019470214844,0.0006262990063987672,15,1.0,49.0,False
48563,2024-09-20 09:00:00+00:00,2024-09-20 08:00:00+00:00,1.11759,0.43333333333333335,1.1174813508987427,0.0007708891062065959,13,1.0,49.0,False
48564,2024-09-20 10:00:00+00:00,2024-09-20 09:00:00+00:00,1.11619,0.6333333333333333,1.116387963294983,0.0007831770344637334,18,1.0,49.0,False
48565,2024-09-20 11:00:00+00:00,2024-09-20 10:00:00+00:00,1.11636,0.3,1.1160143613815308,0.0005771393189206719,15,1.0,49.0,False
48566,2024-09-20 12:00:00+00:00,2024-09-20 11:00:00+00:00,1.11603,0.3333333333333333,1.115705132484436,0.000573492783587426,15,1.0,49.0,False
48567,2024-09-20 13:00:00+00:00,2024-09-20 12:00:00+00:00,1.11587,0.4,1.1156078577041626,0.0007101136725395918,16,1.0,49.0,False
48568,2024-09-20 14:00:00+00:00,2024-09-20 13:00:00+00:00,1.11608,0.36666666666666664,1.1159119606018066,0.0007149025914259255,18,1.0,49.0,False
48569,2024-09-20 15:00:00+00:00,2024-09-20 14:00:00+00:00,1.11737,0.43333333333333335,1.1172294616699219,0.0012049468932673335,19,1.0,49.0,False
48570,2024-09-20 16:00:00+00:00,2024-09-20 15:00:00+00:00,1.11543,0.7666666666666667,1.1158872842788696,0.0005192658281885087,14,1.0,49.0,False
48571,2024-09-20 17:00:00+00:00,2024-09-20 16:00:00+00:00,1.1143,0.8333333333333334,1.1144877672195435,0.0004540350928436965,12,1.0,49.0,False
48572,2024-09-20 18:00:00+00:00,2024-09-20 17:00:00+00:00,1.11583,0.2,1.1154398918151855,0.0005055468645878136,13,1.0,49.0,False
48573,2024-09-20 19:00:00+00:00,2024-09-20 18:00:00+00:00,1.11734,0.43333333333333335,1.1174557209014893,0.00066840008366853,13,1.0,49.0,False
48574,2024-09-20 20:00:00+00:00,2024-09-20 19:00:00+00:00,1.11588,0.5,1.116106629371643,0.0005280504119582474,16,1.0,49.0,False
48575,2024-09-20 21:00:00+00:00,2024-09-20 20:00:00+00:00,1.11644,0.36666666666666664,1.1162234544754028,0.00041849270928651094,7,1.0,49.0,False
48576,2024-09-20 22:00:00+00:00,2024-09-20 21:00:00+00:00,1.11615,0.13333333333333333,1.115943193435669,0.0003001604927703738,8,1.0,49.0,False
48577,2024-09-22 23:00:00+00:00,2024-09-20 22:00:00+00:00,1.11623,0.16666666666666666,1.1158592700958252,0.000353666371665895,10,49.0,49.0,True
48578,2024-09-23 00:00:00+00:00,2024-09-22 23:00:00+00:00,1.11606,0.4666666666666667,1.1159021854400635,0.0004018368781544268,12,1.0,49.0,False
48579,2024-09-23 01:00:00+00:00,2024-09-23 00:00:00+00:00,1.11616,0.26666666666666666,1.115897297859192,0.00048245617654174566,11,1.0,49.0,False
48580,2024-09-23 02:00:00+00:00,2024-09-23 01:00:00+00:00,1.11586,0.3,1.115624189376831,0.00024729236611165106,7,1.0,49.0,False
48581,2024-09-23 03:00:00+00:00,2024-09-23 02:00:00+00:00,1.11582,0.23333333333333334,1.1155054569244385,0.00029619914130307734,6,1.0,49.0,False
48582,2024-09-23 04:00:00+00:00,2024-09-23 03:00:00+00:00,1.11584,0.06666666666666667,1.1155860424041748,0.0002179370349040255,6,1.0,49.0,False
48583,2024-09-23 05:00:00+00:00,2024-09-23 04:00:00+00:00,1.11616,0.26666666666666666,1.115891695022583,0.00026428306591697037,7,1.0,49.0,False
48584,2024-09-23 06:00:00+00:00,2024-09-23 05:00:00+00:00,1.11609,0.26666666666666666,1.115884780883789,0.0003494306583888829,8,1.0,49.0,False
48585,2024-09-23 07:00:00+00:00,2024-09-23 06:00:00+00:00,1.1163,0.23333333333333334,1.115869402885437,0.0005432876059785485,13,1.0,49.0,False
48586,2024-09-23 08:00:00+00:00,2024-09-23 07:00:00+00:00,1.11624,0.2,1.1158416271209717,0.00043641208321787417,11,1.0,49.0,False
48587,2024-09-23 09:00:00+00:00,2024-09-23 08:00:00+00:00,1.11583,0.26666666666666666,1.115720510482788,0.00032179930713027716,7,1.0,49.0,False
48588,2024-09-23 10:00:00+00:00,2024-09-23 09:00:00+00:00,1.11007,0.8333333333333334,1.1110855340957642,0.0012705050176009536,18,1.0,49.0,False
48589,2024-09-23 11:00:00+00:00,2024-09-23 10:00:00+00:00,1.1092,0.9666666666666667,1.110565423965454,0.0005968761397525668,19,1.0,49.0,False
48590,2024-09-23 12:00:00+00:00,2024-09-23 11:00:00+00:00,1.11054,0.7666666666666667,1.1111183166503906,0.0007563374820165336,18,1.0,49.0,False
48591,2024-09-23 13:00:00+00:00,2024-09-23 12:00:00+00:00,1.11123,0.7666666666666667,1.1116749048233032,0.0007389034726656973,16,1.0,49.0,False
48592,2024-09-23 14:00:00+00:00,2024-09-23 13:00:00+00:00,1.11192,0.5666666666666667,1.1122395992279053,0.0006850460194982588,20,1.0,49.0,False
48593,2024-09-23 15:00:00+00:00,2024-09-23 14:00:00+00:00,1.11221,0.43333333333333335,1.1120587587356567,0.0006273466278798878,18,1.0,49.0,False
48594,2024-09-23 16:00:00+00:00,2024-09-23 15:00:00+00:00,1.11288,0.9666666666666667,1.1136152744293213,0.0005793393938802183,10,1.0,49.0,False
48595,2024-09-23 17:00:00+00:00,2024-09-23 16:00:00+00:00,1.1132,0.5,1.1131794452667236,0.00042807433055713773,7,1.0,49.0,False
48596,2024-09-23 18:00:00+00:00,2024-09-23 17:00:00+00:00,1.11299,0.8333333333333334,1.1133098602294922,0.00026686734054237604,7,1.0,49.0,False
48597,2024-09-23 19:00:00+00:00,2024-09-23 18:00:00+00:00,1.11248,0.4666666666666667,1.1123522520065308,0.00031276169465854764,7,1.0,49.0,False
48598,2024-09-23 20:00:00+00:00,2024-09-23 19:00:00+00:00,1.11203,0.5666666666666667,1.1122359037399292,0.00029152719071134925,6,1.0,49.0,False
48599,2024-09-23 21:00:00+00:00,2024-09-23 20:00:00+00:00,1.11163,0.9666666666666667,1.1117428541183472,0.00018649152480065823,6,1.0,49.0,False
48600,2024-09-23 22:00:00+00:00,2024-09-23 21:00:00+00:00,1.11142,0.5,1.111465573310852,0.00016576817142777145,6,1.0,49.0,False
48601,2024-09-23 23:00:00+00:00,2024-09-23 22:00:00+00:00,1.11103,0.5,1.1109603643417358,0.0002781958901323378,9,1.0,49.0,False
48602,2024-09-24 00:00:00+00:00,2024-09-23 23:00:00+00:00,1.1111,0.3333333333333333,1.1110351085662842,0.00039921299321576953,12,1.0,49.0,False
48603,2024-09-24 01:00:00+00:00,2024-09-24 00:00:00+00:00,1.11105,0.6666666666666666,1.1110413074493408,0.00030368243460543454,12,1.0,49.0,False
48604,2024-09-24 02:00:00+00:00,2024-09-24 01:00:00+00:00,1.11103,0.3,1.1109877824783325,0.00022983377857599407,10,1.0,49.0,False
48605,2024-09-24 03:00:00+00:00,2024-09-24 02:00:00+00:00,1.11053,0.7,1.110697865486145,0.00029459127108566463,11,1.0,49.0,False
48606,2024-09-24 04:00:00+00:00,2024-09-24 03:00:00+00:00,1.11068,0.5333333333333333,1.1106665134429932,0.0002337207697564736,12,1.0,49.0,False
48607,2024-09-24 05:00:00+00:00,2024-09-24 04:00:00+00:00,1.11049,0.5333333333333333,1.1104737520217896,0.00030637485906481743,13,1.0,49.0,False
48608,2024-09-24 06:00:00+00:00,2024-09-24 05:00:00+00:00,1.1112,0.4,1.1110490560531616,0.00039422643021680415,10,1.0,49.0,False
48609,2024-09-24 07:00:00+00:00,2024-09-24 06:00:00+00:00,1.11162,0.4,1.1114422082901,0.0004582384426612407,12,1.0,49.0,False
48610,2024-09-24 08:00:00+00:00,2024-09-24 07:00:00+00:00,1.11159,0.4666666666666667,1.1116650104522705,0.0006520473398268223,15,1.0,49.0,False
48611,2024-09-24 09:00:00+00:00,2024-09-24 08:00:00+00:00,1.11147,0.5,1.111607313156128,0.0005551339709199965,17,1.0,49.0,False
48612,2024-09-24 10:00:00+00:00,2024-09-24 09:00:00+00:00,1.11269,0.9,1.113059163093567,0.0004070156719535589,8,1.0,49.0,False
48613,2024-09-24 11:00:00+00:00,2024-09-24 10:00:00+00:00,1.11397,0.3,1.1138538122177124,0.0004902142682112753,10,1.0,49.0,False
48614,2024-09-24 12:00:00+00:00,2024-09-24 11:00:00+00:00,1.11352,0.6333333333333333,1.1137760877609253,0.0005271906265988946,13,1.0,49.0,False
48615,2024-09-24 13:00:00+00:00,2024-09-24 12:00:00+00:00,1.11276,0.6,1.1128891706466675,0.0005661072791554034,14,1.0,49.0,False
48616,2024-09-24 14:00:00+00:00,2024-09-24 13:00:00+00:00,1.11288,0.5,1.112907886505127,0.0007039535557851195,16,1.0,49.0,False
48617,2024-09-24 15:00:00+00:00,2024-09-24 14:00:00+00:00,1.11402,0.5666666666666667,1.114072561264038,0.0005637955036945641,13,1.0,49.0,False
48618,2024-09-24 16:00:00+00:00,2024-09-24 15:00:00+00:00,1.11367,0.36666666666666664,1.113558292388916,0.0003445708134677261,9,1.0,49.0,False
48619,2024-09-24 17:00:00+00:00,2024-09-24 16:00:00+00:00,1.11505,0.8666666666666667,1.115573525428772,0.0006907576462253928,12,1.0,49.0,False
48620,2024-09-24 18:00:00+00:00,2024-09-24 17:00:00+00:00,1.11493,0.4666666666666667,1.1149877309799194,0.0005605589249171317,12,1.0,49.0,False
48621,2024-09-24 19:00:00+00:00,2024-09-24 18:00:00+00:00,1.11581,0.6,1.1158117055892944,0.00044887408148497343,10,1.0,49.0,False
48622,2024-09-24 20:00:00+00:00,2024-09-24 19:00:00+00:00,1.11623,0.8333333333333334,1.1164268255233765,0.00040732743218541145,9,1.0,49.0,False
48623,2024-09-24 21:00:00+00:00,2024-09-24 20:00:00+00:00,1.11658,0.26666666666666666,1.1164733171463013,0.00028287232271395624,8,1.0,49.0,False
48624,2024-09-24 22:00:00+00:00,2024-09-24 21:00:00+00:00,1.11761,0.5333333333333333,1.1175715923309326,0.0004788617370650172,5,1.0,49.0,False
48625,2024-09-24 23:00:00+00:00,2024-09-24 22:00:00+00:00,1.11787,0.5,1.1178275346755981,0.00044112661271356046,6,1.0,49.0,False
48626,2024-09-25 00:00:00+00:00,2024-09-24 23:00:00+00:00,1.1178,0.1,1.1171647310256958,0.0005617954302579165,10,1.0,49.0,False
48627,2024-09-25 01:00:00+00:00,2024-09-25 00:00:00+00:00,1.1188,0.16666666666666666,1.118036150932312,0.0008578838314861059,14,1.0,49.0,False
48628,2024-09-25 02:00:00+00:00,2024-09-25 01:00:00+00:00,1.11903,0.06666666666666667,1.1183675527572632,0.0004867777752224356,6,1.0,49.0,False
48629,2024-09-25 03:00:00+00:00,2024-09-25 02:00:00+00:00,1.11927,0.03333333333333333,1.1184117794036865,0.0003991589474026114,5,1.0,49.0,False
48630,2024-09-25 04:00:00+00:00,2024-09-25 03:00:00+00:00,1.11875,0.7666666666666667,1.118750810623169,0.0003427700139582157,3,1.0,49.0,False
48631,2024-09-25 05:00:00+00:00,2024-09-25 04:00:00+00:00,1.11942,0.03333333333333333,1.118778109550476,0.00038016392500139773,3,1.0,49.0,False
48632,2024-09-25 06:00:00+00:00,2024-09-25 05:00:00+00:00,1.11975,0.13333333333333333,1.119055151939392,0.0004899501800537109,5,1.0,49.0,False
48633,2024-09-25 07:00:00+00:00,2024-09-25 06:00:00+00:00,1.11951,0.06666666666666667,1.1189830303192139,0.0004171229957137257,5,1.0,49.0,False
48634,2024-09-25 08:00:00+00:00,2024-09-25 07:00:00+00:00,1.11953,0.16666666666666666,1.118990182876587,0.0007707846234552562,10,1.0,49.0,False
48635,2024-09-25 09:00:00+00:00,2024-09-25 08:00:00+00:00,1.11901,0.6,1.1192898750305176,0.0007840993930585682,8,1.0,49.0,False
48636,2024-09-25 10:00:00+00:00,2024-09-25 09:00:00+00:00,1.11914,0.4666666666666667,1.1190152168273926,0.0007258715340867639,8,1.0,49.0,False
48637,2024-09-25 11:00:00+00:00,2024-09-25 10:00:00+00:00,1.11843,0.6666666666666666,1.1186070442199707,0.000434499146649614,8,1.0,49.0,False
48638,2024-09-25 12:00:00+00:00,2024-09-25 11:00:00+00:00,1.11828,0.13333333333333333,1.1178048849105835,0.0006215868634171784,15,1.0,49.0,False
48639,2024-09-25 13:00:00+00:00,2024-09-25 12:00:00+00:00,1.11864,0.23333333333333334,1.1180232763290405,0.0010345575865358114,14,1.0,49.0,False
48640,2024-09-25 14:00:00+00:00,2024-09-25 13:00:00+00:00,1.11954,0.26666666666666666,1.1186751127243042,0.0010617608204483986,15,1.0,49.0,False
48641,2024-09-25 15:00:00+00:00,2024-09-25 14:00:00+00:00,1.11971,0.6666666666666666,1.120308518409729,0.0006908953073434532,6,1.0,49.0,False
48642,2024-09-25 16:00:00+00:00,2024-09-25 15:00:00+00:00,1.11942,0.5666666666666667,1.1195305585861206,0.0006227745325304568,6,1.0,49.0,False
48643,2024-09-25 17:00:00+00:00,2024-09-25 16:00:00+00:00,1.11718,0.4,1.116997480392456,0.0005351260770112276,9,1.0,49.0,False
48644,2024-09-25 18:00:00+00:00,2024-09-25 17:00:00+00:00,1.11427,0.9666666666666667,1.11496901512146,0.00038266272167675197,9,1.0,49.0,False
48645,2024-09-25 19:00:00+00:00,2024-09-25 18:00:00+00:00,1.1134,0.6666666666666666,1.1138681173324585,0.0005348646081984043,8,1.0,49.0,False
48646,2024-09-25 20:00:00+00:00,2024-09-25 19:00:00+00:00,1.11367,0.3333333333333333,1.1133899688720703,0.000440809439169243,8,1.0,49.0,False
48647,2024-09-25 21:00:00+00:00,2024-09-25 20:00:00+00:00,1.11338,0.2,1.113233208656311,0.0004053063166793436,6,1.0,49.0,False
48648,2024-09-25 22:00:00+00:00,2024-09-25 21:00:00+00:00,1.11256,0.6,1.1129162311553955,0.0003979756438639015,6,1.0,49.0,False
48649,2024-09-25 23:00:00+00:00,2024-09-25 22:00:00+00:00,1.1132,0.36666666666666664,1.1130470037460327,0.0004067189001943916,4,1.0,49.0,False
48650,2024-09-26 00:00:00+00:00,2024-09-25 23:00:00+00:00,1.11322,0.4666666666666667,1.1130613088607788,0.0005339810741133988,8,1.0,49.0,False
48651,2024-09-26 01:00:00+00:00,2024-09-26 00:00:00+00:00,1.11312,0.43333333333333335,1.1129238605499268,0.0005354234599508345,10,1.0,49.0,False
48652,2024-09-26 02:00:00+00:00,2024-09-26 01:00:00+00:00,1.11292,0.13333333333333333,1.1126673221588135,0.00032830334384925663,4,1.0,49.0,False
48653,2024-09-26 03:00:00+00:00,2024-09-26 02:00:00+00:00,1.1136,0.16666666666666666,1.1133121252059937,0.0003794235526584089,7,1.0,49.0,False
48654,2024-09-26 04:00:00+00:00,2024-09-26 03:00:00+00:00,1.11389,0.1,1.113579511642456,0.00030164109193719923,5,1.0,49.0,False
48655,2024-09-26 05:00:00+00:00,2024-09-26 04:00:00+00:00,1.11405,0.2,1.1136590242385864,0.0003691131714731455,6,1.0,49.0,False
48656,2024-09-26 06:00:00+00:00,2024-09-26 05:00:00+00:00,1.11398,0.4,1.113893985748291,0.0003866286715492606,8,1.0,49.0,False
48657,2024-09-26 07:00:00+00:00,2024-09-26 06:00:00+00:00,1.11411,0.43333333333333335,1.1139750480651855,0.0002729787374846637,8,1.0,49.0,False
48658,2024-09-26 08:00:00+00:00,2024-09-26 07:00:00+00:00,1.11489,0.1,1.1144611835479736,0.0003316384390927851,8,1.0,49.0,False
48659,2024-09-26 09:00:00+00:00,2024-09-26 08:00:00+00:00,1.11531,0.4666666666666667,1.1153151988983154,0.00044667377369478345,9,1.0,49.0,False
48660,2024-09-26 10:00:00+00:00,2024-09-26 09:00:00+00:00,1.11345,0.3,1.11314058303833,0.0005647758371196687,13,1.0,49.0,False
48661,2024-09-26 11:00:00+00:00,2024-09-26 10:00:00+00:00,1.1141,0.3,1.1139496564865112,0.00028394581750035286,9,1.0,49.0,False
48662,2024-09-26 12:00:00+00:00,2024-09-26 11:00:00+00:00,1.11432,0.4666666666666667,1.1142536401748657,0.0005201578023843467,11,1.0,49.0,False
48663,2024-09-26 13:00:00+00:00,2024-09-26 12:00:00+00:00,1.11536,0.13333333333333333,1.1146721839904785,0.000595176825299859,13,1.0,49.0,False
48664,2024-09-26 14:00:00+00:00,2024-09-26 13:00:00+00:00,1.11537,0.3333333333333333,1.115030288696289,0.0008839295478537679,16,1.0,49.0,False
48665,2024-09-26 15:00:00+00:00,2024-09-26 14:00:00+00:00,1.11508,0.16666666666666666,1.1144943237304688,0.0006075437995605171,15,1.0,49.0,False
48666,2024-09-26 16:00:00+00:00,2024-09-26 15:00:00+00:00,1.11397,0.8666666666666667,1.1142146587371826,0.00038179877446964383,12,1.0,49.0,False
48667,2024-09-26 17:00:00+00:00,2024-09-26 16:00:00+00:00,1.11645,0.1,1.1159688234329224,0.0006130638648755848,12,1.0,49.0,False
48668,2024-09-26 18:00:00+00:00,2024-09-26 17:00:00+00:00,1.11823,0.36666666666666664,1.118329644203186,0.0007320038857869804,9,1.0,49.0,False
48669,2024-09-26 19:00:00+00:00,2024-09-26 18:00:00+00:00,1.11687,0.3333333333333333,1.116536259651184,0.0005805294495075941,11,1.0,49.0,False
48670,2024-09-26 20:00:00+00:00,2024-09-26 19:00:00+00:00,1.11792,0.5,1.1178847551345825,0.0004793739062733948,7,1.0,49.0,False
48671,2024-09-26 21:00:00+00:00,2024-09-26 20:00:00+00:00,1.11791,0.1,1.11721670627594,0.0003765086585190147,8,1.0,49.0,False
48672,2024-09-26 22:00:00+00:00,2024-09-26 21:00:00+00:00,1.11773,0.13333333333333333,1.1173657178878784,0.00033715213066898286,6,1.0,49.0,False
48673,2024-09-26 23:00:00+00:00,2024-09-26 22:00:00+00:00,1.1176,0.1,1.1175252199172974,0.0002897371887229383,5,1.0,49.0,False
48674,2024-09-27 00:00:00+00:00,2024-09-26 23:00:00+00:00,1.11747,0.6,1.1174283027648926,0.0003652595041785389,8,1.0,49.0,False
48675,2024-09-27 01:00:00+00:00,2024-09-27 00:00:00+00:00,1.11757,0.4666666666666667,1.1176241636276245,0.0003731467295438051,8,1.0,49.0,False
48676,2024-09-27 02:00:00+00:00,2024-09-27 01:00:00+00:00,1.11764,0.6333333333333333,1.1178256273269653,0.00030161120230332017,6,1.0,49.0,False
48677,2024-09-27 03:00:00+00:00,2024-09-27 02:00:00+00:00,1.11686,0.6,1.1170142889022827,0.00031052285339683294,6,1.0,49.0,False
48678,2024-09-27 04:00:00+00:00,2024-09-27 03:00:00+00:00,1.11636,0.5333333333333333,1.1163005828857422,0.00035614933585748076,7,1.0,49.0,False
48679,2024-09-27 05:00:00+00:00,2024-09-27 04:00:00+00:00,1.11684,0.2,1.1166532039642334,0.0003199199854861945,8,1.0,49.0,False
48680,2024-09-27 06:00:00+00:00,2024-09-27 05:00:00+00:00,1.11687,0.3333333333333333,1.1166768074035645,0.00046603853115811944,10,1.0,49.0,False
48681,2024-09-27 07:00:00+00:00,2024-09-27 06:00:00+00:00,1.11641,0.4,1.1161309480667114,0.0005115451058372855,12,1.0,49.0,False
48682,2024-09-27 08:00:00+00:00,2024-09-27 07:00:00+00:00,1.11634,0.26666666666666666,1.11604642868042,0.0006019995198585093,15,1.0,49.0,False
48683,2024-09-27 09:00:00+00:00,2024-09-27 08:00:00+00:00,1.11504,0.3333333333333333,1.1149286031723022,0.000652132264804095,14,1.0,49.0,False
48684,2024-09-27 10:00:00+00:00,2024-09-27 09:00:00+00:00,1.11325,0.16666666666666666,1.1126950979232788,0.0004896871978417039,13,1.0,49.0,False
48685,2024-09-27 11:00:00+00:00,2024-09-27 10:00:00+00:00,1.1144,0.3,1.1141407489776611,0.000570728734601289,11,1.0,49.0,False
48686,2024-09-27 12:00:00+00:00,2024-09-27 11:00:00+00:00,1.11589,0.1,1.1151862144470215,0.0005685194046236575,11,1.0,49.0,False
48687,2024-09-27 13:00:00+00:00,2024-09-27 12:00:00+00:00,1.1163,0.26666666666666666,1.1157965660095215,0.0007856336887925863,16,1.0,49.0,False
48688,2024-09-27 14:00:00+00:00,2024-09-27 13:00:00+00:00,1.11619,0.3333333333333333,1.115861177444458,0.0006362975109368563,17,1.0,49.0,False
48689,2024-09-27 15:00:00+00:00,2024-09-27 14:00:00+00:00,1.11991,0.1,1.1187664270401,0.0010884999064728618,11,1.0,49.0,False
48690,2024-09-27 16:00:00+00:00,2024-09-27 15:00:00+00:00,1.11847,0.36666666666666664,1.118353009223938,0.0006918359431438148,12,1.0,49.0,False
48691,2024-09-27 17:00:00+00:00,2024-09-27 16:00:00+00:00,1.1178,0.13333333333333333,1.117289662361145,0.0004736664122901857,11,1.0,49.0,False
48692,2024-09-27 18:00:00+00:00,2024-09-27 17:00:00+00:00,1.11579,0.5333333333333333,1.1158088445663452,0.00029700237791985273,7,1.0,49.0,False
48693,2024-09-27 19:00:00+00:00,2024-09-27 18:00:00+00:00,1.11512,0.6,1.1153442859649658,0.0004315796250011772,10,1.0,49.0,False
48694,2024-09-27 20:00:00+00:00,2024-09-27 19:00:00+00:00,1.11631,0.4,1.1160987615585327,0.00041594947106204927,8,1.0,49.0,False
48695,2024-09-27 21:00:00+00:00,2024-09-27 20:00:00+00:00,1.11673,0.3,1.1165419816970825,0.00035742035834118724,7,1.0,49.0,False
48696,2024-09-27 22:00:00+00:00,2024-09-27 21:00:00+00:00,1.11635,0.7666666666666667,1.116548776626587,0.00028872594702988863,6,1.0,49.0,False
48697,2024-09-29 23:00:00+00:00,2024-09-27 22:00:00+00:00,1.11619,0.6,1.1163084506988525,0.0003580757474992424,8,49.0,49.0,True
48698,2024-09-30 00:00:00+00:00,2024-09-29 23:00:00+00:00,1.11587,0.3333333333333333,1.1159272193908691,0.00042981060687452555,10,1.0,49.0,False
48699,2024-09-30 01:00:00+00:00,2024-09-30 00:00:00+00:00,1.11702,0.6,1.1170506477355957,0.0006429463974200189,9,1.0,49.0,False
48700,2024-09-30 02:00:00+00:00,2024-09-30 01:00:00+00:00,1.11685,0.5333333333333333,1.1167761087417603,0.00028789372299797833,8,1.0,49.0,False
48701,2024-09-30 03:00:00+00:00,2024-09-30 02:00:00+00:00,1.11703,0.03333333333333333,1.1168239116668701,0.00023848323326092213,5,1.0,49.0,False
48702,2024-09-30 04:00:00+00:00,2024-09-30 03:00:00+00:00,1.11599,0.8333333333333334,1.1163126230239868,0.00034171793959103525,8,1.0,49.0,False
48703,2024-09-30 05:00:00+00:00,2024-09-30 04:00:00+00:00,1.11599,0.8,1.1162879467010498,0.00029998182435519993,7,1.0,49.0,False
48704,2024-09-30 06:00:00+00:00,2024-09-30 05:00:00+00:00,1.11575,0.6666666666666666,1.116019606590271,0.00047179486136883497,13,1.0,49.0,False
48705,2024-09-30 07:00:00+00:00,2024-09-30 06:00:00+00:00,1.11612,0.23333333333333334,1.1157385110855103,0.00037035340210422873,7,1.0,49.0,False
48706,2024-09-30 08:00:00+00:00,2024-09-30 07:00:00+00:00,1.11661,0.23333333333333334,1.1161348819732666,0.000569089490454644,15,1.0,49.0,False
48707,2024-09-30 09:00:00+00:00,2024-09-30 08:00:00+00:00,1.11676,0.13333333333333333,1.116021990776062,0.0005327491671778262,11,1.0,49.0,False
48708,2024-09-30 10:00:00+00:00,2024-09-30 09:00:00+00:00,1.11716,0.2,1.1166402101516724,0.0007495246245525777,16,1.0,49.0,False
48709,2024-09-30 11:00:00+00:00,2024-09-30 10:00:00+00:00,1.12049,0.03333333333333333,1.1197092533111572,0.000750818639062345,7,1.0,49.0,False
48710,2024-09-30 12:00:00+00:00,2024-09-30 11:00:00+00:00,1.11891,0.4666666666666667,1.1190154552459717,0.0004810722020920366,8,1.0,49.0,False
48711,2024-09-30 13:00:00+00:00,2024-09-30 12:00:00+00:00,1.11895,0.13333333333333333,1.118203043937683,0.0007584607810713351,13,1.0,49.0,False
48712,2024-09-30 14:00:00+00:00,2024-09-30 13:00:00+00:00,1.11971,0.3,1.1189600229263306,0.0011044152779504657,16,1.0,49.0,False
48713,2024-09-30 15:00:00+00:00,2024-09-30 14:00:00+00:00,1.11894,0.26666666666666666,1.118371605873108,0.001036803936585784,17,1.0,49.0,False
48714,2024-09-30 16:00:00+00:00,2024-09-30 15:00:00+00:00,1.11679,0.3333333333333333,1.1164720058441162,0.0006901673623360693,12,1.0,49.0,False
48715,2024-09-30 17:00:00+00:00,2024-09-30 16:00:00+00:00,1.11573,0.36666666666666664,1.1156201362609863,0.0005664452910423279,9,1.0,49.0,False
48716,2024-09-30 18:00:00+00:00,2024-09-30 17:00:00+00:00,1.11436,0.43333333333333335,1.1142982244491577,0.0006140289478935301,12,1.0,49.0,False
48717,2024-09-30 19:00:00+00:00,2024-09-30 18:00:00+00:00,1.11477,0.43333333333333335,1.11461341381073,0.0003645133401732892,6,1.0,49.0,False
48718,2024-09-30 20:00:00+00:00,2024-09-30 19:00:00+00:00,1.11524,0.7,1.1153956651687622,0.00035130229662172496,7,1.0,49.0,False
48719,2024-09-30 21:00:00+00:00,2024-09-30 20:00:00+00:00,1.11317,0.13333333333333333,1.1128501892089844,0.0005467476439662278,15,1.0,49.0,False
48720,2024-09-30 22:00:00+00:00,2024-09-30 21:00:00+00:00,1.11319,0.3333333333333333,1.113138198852539,0.0003456667473074049,8,1.0,49.0,False
48721,2024-09-30 23:00:00+00:00,2024-09-30 22:00:00+00:00,1.11338,0.8333333333333334,1.1135066747665405,0.0003045689663849771,4,1.0,49.0,False
48722,2024-10-01 00:00:00+00:00,2024-09-30 23:00:00+00:00,1.1135,0.5,1.1137502193450928,0.0006726423744112253,13,1.0,49.0,False
48723,2024-10-01 01:00:00+00:00,2024-10-01 00:00:00+00:00,1.11408,0.26666666666666666,1.1137950420379639,0.0004337636346463114,8,1.0,49.0,False
48724,2024-10-01 02:00:00+00:00,2024-10-01 01:00:00+00:00,1.11362,0.7666666666666667,1.1137648820877075,0.0003856882103718817,4,1.0,49.0,False
48725,2024-10-01 03:00:00+00:00,2024-10-01 02:00:00+00:00,1.11316,0.3333333333333333,1.1131494045257568,0.00023830198915675282,6,1.0,49.0,False
48726,2024-10-01 04:00:00+00:00,2024-10-01 03:00:00+00:00,1.11425,0.5,1.1143486499786377,0.0003485589404590428,5,1.0,49.0,False
48727,2024-10-01 05:00:00+00:00,2024-10-01 04:00:00+00:00,1.11382,0.5333333333333333,1.1138501167297363,0.00043874402763321996,6,1.0,49.0,False
48728,2024-10-01 06:00:00+00:00,2024-10-01 05:00:00+00:00,1.11373,0.36666666666666664,1.1135860681533813,0.0005098084220662713,11,1.0,49.0,False
48729,2024-10-01 07:00:00+00:00,2024-10-01 06:00:00+00:00,1.11399,0.7,1.114311933517456,0.0004487413680180907,10,1.0,49.0,False
48730,2024-10-01 08:00:00+00:00,2024-10-01 07:00:00+00:00,1.11371,0.43333333333333335,1.1136611700057983,0.0005407219869084656,9,1.0,49.0,False
48731,2024-10-01 09:00:00+00:00,2024-10-01 08:00:00+00:00,1.11341,0.13333333333333333,1.113089680671692,0.0004442350473254919,12,1.0,49.0,False
48732,2024-10-01 10:00:00+00:00,2024-10-01 09:00:00+00:00,1.11145,0.5333333333333333,1.1113535165786743,0.0005500320112332702,14,1.0,49.0,False
48733,2024-10-01 11:00:00+00:00,2024-10-01 10:00:00+00:00,1.11019,0.43333333333333335,1.1100283861160278,0.0008542871219106019,18,1.0,49.0,False
48734,2024-10-01 12:00:00+00:00,2024-10-01 11:00:00+00:00,1.10946,0.5,1.109433889389038,0.0008747897227294743,22,1.0,49.0,False
48735,2024-10-01 13:00:00+00:00,2024-10-01 12:00:00+00:00,1.10865,0.6666666666666666,1.1089249849319458,0.0015019973507151008,26,1.0,49.0,False
48736,2024-10-01 14:00:00+00:00,2024-10-01 13:00:00+00:00,1.10839,0.7333333333333333,1.1090387105941772,0.0010382261825725436,22,1.0,49.0,False
48737,2024-10-01 15:00:00+00:00,2024-10-01 14:00:00+00:00,1.10708,0.5333333333333333,1.1070204973220825,0.0011173159582540393,19,1.0,49.0,False
48738,2024-10-01 16:00:00+00:00,2024-10-01 15:00:00+00:00,1.10702,0.4666666666666667,1.1070650815963745,0.0007239855476655066,13,1.0,49.0,False
48739,2024-10-01 17:00:00+00:00,2024-10-01 16:00:00+00:00,1.10759,0.4666666666666667,1.1075373888015747,0.000630331109277904,14,1.0,49.0,False
48740,2024-10-01 18:00:00+00:00,2024-10-01 17:00:00+00:00,1.10657,0.5333333333333333,1.1065033674240112,0.00058327941223979,11,1.0,49.0,False
48741,2024-10-01 19:00:00+00:00,2024-10-01 18:00:00+00:00,1.10536,0.6333333333333333,1.1052461862564087,0.0007328541250899434,10,1.0,49.0,False
48742,2024-10-01 20:00:00+00:00,2024-10-01 19:00:00+00:00,1.10614,0.4,1.1059383153915405,0.0005401793168857694,10,1.0,49.0,False
48743,2024-10-01 21:00:00+00:00,2024-10-01 20:00:00+00:00,1.10712,0.8333333333333334,1.1074470281600952,0.0004202939453534782,9,1.0,49.0,False
48744,2024-10-01 22:00:00+00:00,2024-10-01 21:00:00+00:00,1.10671,0.9333333333333333,1.1070139408111572,0.0003148778050672263,6,1.0,49.0,False
48745,2024-10-01 23:00:00+00:00,2024-10-01 22:00:00+00:00,1.10668,0.8666666666666667,1.1067901849746704,0.0003309427120257169,6,1.0,49.0,False
48746,2024-10-02 00:00:00+00:00,2024-10-01 23:00:00+00:00,1.10681,0.43333333333333335,1.1069235801696777,0.00041555732605047524,7,1.0,49.0,False
48747,2024-10-02 01:00:00+00:00,2024-10-02 00:00:00+00:00,1.10666,0.9,1.1069388389587402,0.00043413782259449363,9,1.0,49.0,False
48748,2024-10-02 02:00:00+00:00,2024-10-02 01:00:00+00:00,1.1064,0.5666666666666667,1.1063152551651,0.0004236504901200533,8,1.0,49.0,False
48749,2024-10-02 03:00:00+00:00,2024-10-02 02:00:00+00:00,1.1065,0.7,1.1065928936004639,0.0004531896556727588,8,1.0,49.0,False
48750,2024-10-02 04:00:00+00:00,2024-10-02 03:00:00+00:00,1.10716,0.7,1.1071760654449463,0.00030709485872648656,5,1.0,49.0,False
48751,2024-10-02 05:00:00+00:00,2024-10-02 04:00:00+00:00,1.1066,0.8333333333333334,1.1068624258041382,0.00032826184178702533,7,1.0,49.0,False
48752,2024-10-02 06:00:00+00:00,2024-10-02 05:00:00+00:00,1.10702,0.5333333333333333,1.1070398092269897,0.00037818963755853474,9,1.0,49.0,False
48753,2024-10-02 07:00:00+00:00,2024-10-02 06:00:00+00:00,1.10624,0.4666666666666667,1.1062179803848267,0.0005485794972628355,11,1.0,49.0,False
48754,2024-10-02 08:00:00+00:00,2024-10-02 07:00:00+00:00,1.10617,0.5333333333333333,1.1060104370117188,0.0005456911167129874,13,1.0,49.0,False
48755,2024-10-02 09:00:00+00:00,2024-10-02 08:00:00+00:00,1.10662,0.43333333333333335,1.106447696685791,0.000598715734668076,11,1.0,49.0,False
48756,2024-10-02 10:00:00+00:00,2024-10-02 09:00:00+00:00,1.10661,0.4,1.106616497039795,0.0005445601418614388,10,1.0,49.0,False
48757,2024-10-02 11:00:00+00:00,2024-10-02 10:00:00+00:00,1.10718,0.9666666666666667,1.107767105102539,0.0004905855166725814,11,1.0,49.0,False
48758,2024-10-02 12:00:00+00:00,2024-10-02 11:00:00+00:00,1.10707,0.6333333333333333,1.1071583032608032,0.0006252836901694536,13,1.0,49.0,False
48759,2024-10-02 13:00:00+00:00,2024-10-02 12:00:00+00:00,1.10663,0.8333333333333334,1.1072202920913696,0.0006724036647938192,15,1.0,49.0,False
48760,2024-10-02 14:00:00+00:00,2024-10-02 13:00:00+00:00,1.1075,0.7333333333333333,1.1077537536621094,0.0004989101435057819,12,1.0,49.0,False
48761,2024-10-02 15:00:00+00:00,2024-10-02 14:00:00+00:00,1.10531,0.9,1.1060184240341187,0.0006385263986885548,13,1.0,49.0,False
48762,2024-10-02 16:00:00+00:00,2024-10-02 15:00:00+00:00,1.10508,0.7,1.1054307222366333,0.0005806763656437397,12,1.0,49.0,False
48763,2024-10-02 17:00:00+00:00,2024-10-02 16:00:00+00:00,1.10357,0.3333333333333333,1.1036564111709595,0.0005618678987957537,5,1.0,49.0,False
48764,2024-10-02 18:00:00+00:00,2024-10-02 17:00:00+00:00,1.10487,0.6333333333333333,1.1050668954849243,0.0006023444002494216,15,1.0,49.0,False
48765,2024-10-02 19:00:00+00:00,2024-10-02 18:00:00+00:00,1.10462,0.6666666666666666,1.1047300100326538,0.0005262786289677024,11,1.0,49.0,False
48766,2024-10-02 20:00:00+00:00,2024-10-02 19:00:00+00:00,1.10468,0.26666666666666666,1.104763388633728,0.0005427227006293833,8,1.0,49.0,False
48767,2024-10-02 21:00:00+00:00,2024-10-02 20:00:00+00:00,1.10378,0.7,1.103899359703064,0.000508889090269804,5,1.0,49.0,False
48768,2024-10-02 22:00:00+00:00,2024-10-02 21:00:00+00:00,1.10484,0.26666666666666666,1.1046802997589111,0.00029607617761939764,9,1.0,49.0,False
48769,2024-10-02 23:00:00+00:00,2024-10-02 22:00:00+00:00,1.10438,0.8333333333333334,1.1045836210250854,0.00032344137434847653,6,1.0,49.0,False
48770,2024-10-03 00:00:00+00:00,2024-10-02 23:00:00+00:00,1.10469,0.3333333333333333,1.1046401262283325,0.0004669137706514448,10,1.0,49.0,False
48771,2024-10-03 01:00:00+00:00,2024-10-03 00:00:00+00:00,1.10455,0.6666666666666666,1.104799509048462,0.0004491419531404972,10,1.0,49.0,False
48772,2024-10-03 02:00:00+00:00,2024-10-03 01:00:00+00:00,1.10453,0.7666666666666667,1.1048195362091064,0.00033852027263492346,8,1.0,49.0,False
48773,2024-10-03 03:00:00+00:00,2024-10-03 02:00:00+00:00,1.10387,0.9666666666666667,1.1043275594711304,0.0003570430271793157,7,1.0,49.0,False
48774,2024-10-03 04:00:00+00:00,2024-10-03 03:00:00+00:00,1.10388,0.7666666666666667,1.1038585901260376,0.0003365271259099245,3,1.0,49.0,False
48775,2024-10-03 05:00:00+00:00,2024-10-03 04:00:00+00:00,1.10354,0.8333333333333334,1.1038649082183838,0.0003645276592578739,4,1.0,49.0,False
48776,2024-10-03 06:00:00+00:00,2024-10-03 05:00:00+00:00,1.10352,0.43333333333333335,1.1032299995422363,0.0003550393448676914,4,1.0,49.0,False
48777,2024-10-03 07:00:00+00:00,2024-10-03 06:00:00+00:00,1.10323,0.6333333333333333,1.1034374237060547,0.0005666626384481788,8,1.0,49.0,False
48778,2024-10-03 08:00:00+00:00,2024-10-03 07:00:00+00:00,1.10281,0.8,1.1035876274108887,0.0006530020036734641,12,1.0,49.0,False
48779,2024-10-03 09:00:00+00:00,2024-10-03 08:00:00+00:00,1.10374,0.7666666666666667,1.104142665863037,0.0006690179579891264,10,1.0,49.0,False
48780,2024-10-03 10:00:00+00:00,2024-10-03 09:00:00+00:00,1.10326,0.6333333333333333,1.1031736135482788,0.00048203638289123774,7,1.0,49.0,False
48781,2024-10-03 11:00:00+00:00,2024-10-03 10:00:00+00:00,1.10372,0.9333333333333333,1.1040316820144653,0.00039629251114092767,8,1.0,49.0,False
48782,2024-10-03 12:00:00+00:00,2024-10-03 11:00:00+00:00,1.10355,1.0,1.104387640953064,0.0005087399622425437,9,1.0,49.0,False
48783,2024-10-03 13:00:00+00:00,2024-10-03 12:00:00+00:00,1.10423,0.4,1.1043460369110107,0.0005170663935132325,12,1.0,49.0,False
48784,2024-10-03 14:00:00+00:00,2024-10-03 13:00:00+00:00,1.10421,0.6,1.1046452522277832,0.0006993418210186064,15,1.0,49.0,False
48785,2024-10-03 15:00:00+00:00,2024-10-03 14:00:00+00:00,1.10317,0.9333333333333333,1.1039955615997314,0.00046458625001832843,13,1.0,49.0,False
48786,2024-10-03 16:00:00+00:00,2024-10-03 15:00:00+00:00,1.10362,0.6666666666666666,1.1038352251052856,0.0004420757759362459,8,1.0,49.0,False
48787,2024-10-03 17:00:00+00:00,2024-10-03 16:00:00+00:00,1.10163,1.0,1.102538824081421,0.0006848529446870089,6,1.0,49.0,False
48788,2024-10-03 18:00:00+00:00,2024-10-03 17:00:00+00:00,1.10142,0.5666666666666667,1.1018869876861572,0.0007474430021829903,5,1.0,49.0,False
48789,2024-10-03 19:00:00+00:00,2024-10-03 18:00:00+00:00,1.10298,0.5,1.1029341220855713,0.00045842007966712117,7,1.0,49.0,False
48790,2024-10-03 20:00:00+00:00,2024-10-03 19:00:00+00:00,1.10325,0.6,1.1033647060394287,0.0004167657461948693,10,1.0,49.0,False
48791,2024-10-03 21:00:00+00:00,2024-10-03 20:00:00+00:00,1.10256,0.4,1.1025049686431885,0.0003144139191135764,3,1.0,49.0,False
48792,2024-10-03 22:00:00+00:00,2024-10-03 21:00:00+00:00,1.1028,0.8,1.1029709577560425,0.0003379872359801084,3,1.0,49.0,False
48793,2024-10-03 23:00:00+00:00,2024-10-03 22:00:00+00:00,1.10296,0.8333333333333334,1.103055715560913,0.0003522035258356482,3,1.0,49.0,False
48794,2024-10-04 00:00:00+00:00,2024-10-03 23:00:00+00:00,1.10322,0.23333333333333334,1.102988362312317,0.0004969867295585573,7,1.0,49.0,False
48795,2024-10-04 01:00:00+00:00,2024-10-04 00:00:00+00:00,1.10338,0.7333333333333333,1.1035518646240234,0.00036779206129722297,9,1.0,49.0,False
48796,2024-10-04 02:00:00+00:00,2024-10-04 01:00:00+00:00,1.10346,0.8666666666666667,1.103753685951233,0.00031930196564644575,7,1.0,49.0,False
48797,2024-10-04 03:00:00+00:00,2024-10-04 02:00:00+00:00,1.1034,0.5666666666666667,1.103637456893921,0.000296427053399384,5,1.0,49.0,False
48798,2024-10-04 04:00:00+00:00,2024-10-04 03:00:00+00:00,1.10293,0.6666666666666666,1.1029444932937622,0.0003631561412476003,3,1.0,49.0,False
48799,2024-10-04 05:00:00+00:00,2024-10-04 04:00:00+00:00,1.103,0.6666666666666666,1.1030553579330444,0.00043573390576057136,3,1.0,49.0,False
48800,2024-10-04 06:00:00+00:00,2024-10-04 05:00:00+00:00,1.10265,0.8,1.1029051542282104,0.00041831075213849545,6,1.0,49.0,False
48801,2024-10-04 07:00:00+00:00,2024-10-04 06:00:00+00:00,1.1027,0.7666666666666667,1.103080153465271,0.000519366527441889,8,1.0,49.0,False
48802,2024-10-04 08:00:00+00:00,2024-10-04 07:00:00+00:00,1.10328,0.8333333333333334,1.1037089824676514,0.0005869842134416103,9,1.0,49.0,False
48803,2024-10-04 09:00:00+00:00,2024-10-04 08:00:00+00:00,1.10313,0.43333333333333335,1.1031807661056519,0.0004949817666783929,7,1.0,49.0,False
48804,2024-10-04 10:00:00+00:00,2024-10-04 09:00:00+00:00,1.10272,0.8666666666666667,1.1032295227050781,0.0004951551090925932,7,1.0,49.0,False
48805,2024-10-04 11:00:00+00:00,2024-10-04 10:00:00+00:00,1.10252,0.7,1.10280179977417,0.00045574872638098896,5,1.0,49.0,False
48806,2024-10-04 12:00:00+00:00,2024-10-04 11:00:00+00:00,1.10268,0.7,1.1029826402664185,0.000706502003595233,9,1.0,49.0,False
48807,2024-10-04 13:00:00+00:00,2024-10-04 12:00:00+00:00,1.10271,0.8666666666666667,1.1031004190444946,0.0005661773611791432,7,1.0,49.0,False
48808,2024-10-04 14:00:00+00:00,2024-10-04 13:00:00+00:00,1.1032,0.5333333333333333,1.1031759977340698,0.0007758862338960171,11,1.0,49.0,False
48809,2024-10-04 15:00:00+00:00,2024-10-04 14:00:00+00:00,1.09605,1.0,1.0993387699127197,0.0019316637190058827,21,1.0,49.0,False
48810,2024-10-04 16:00:00+00:00,2024-10-04 15:00:00+00:00,1.09727,0.5333333333333333,1.097352147102356,0.0010254931403324008,16,1.0,49.0,False
48811,2024-10-04 17:00:00+00:00,2024-10-04 16:00:00+00:00,1.09691,0.5666666666666667,1.0972366333007812,0.0008001279784366488,12,1.0,49.0,False
48812,2024-10-04 18:00:00+00:00,2024-10-04 17:00:00+00:00,1.096,0.23333333333333334,1.0953593254089355,0.0007796401041559875,9,1.0,49.0,False
48813,2024-10-04 19:00:00+00:00,2024-10-04 18:00:00+00:00,1.09592,0.03333333333333333,1.094915509223938,0.0005437934305518866,7,1.0,49.0,False
48814,2024-10-04 20:00:00+00:00,2024-10-04 19:00:00+00:00,1.09676,0.2,1.0964163541793823,0.000559923704713583,7,1.0,49.0,False
48815,2024-10-04 21:00:00+00:00,2024-10-04 20:00:00+00:00,1.09721,0.13333333333333333,1.0969289541244507,0.0004949469584971666,6,1.0,49.0,False
48816,2024-10-04 22:00:00+00:00,2024-10-04 21:00:00+00:00,1.09757,0.5666666666666667,1.0975457429885864,0.00040789926424622536,5,1.0,49.0,False
48817,2024-10-06 23:00:00+00:00,2024-10-04 22:00:00+00:00,1.09735,0.3,1.0972788333892822,0.0003958499291911721,4,49.0,49.0,True
48818,2024-10-07 00:00:00+00:00,2024-10-06 23:00:00+00:00,1.09682,0.43333333333333335,1.0967001914978027,0.0004856186278630048,6,1.0,49.0,False
48819,2024-10-07 01:00:00+00:00,2024-10-07 00:00:00+00:00,1.09687,0.7666666666666667,1.0968748331069946,0.0004700165882240981,6,1.0,49.0,False
48820,2024-10-07 02:00:00+00:00,2024-10-07 01:00:00+00:00,1.09701,0.26666666666666666,1.096990942955017,0.0003801042039413005,4,1.0,49.0,False
48821,2024-10-07 03:00:00+00:00,2024-10-07 02:00:00+00:00,1.09694,0.16666666666666666,1.0968091487884521,0.00033698801416903734,4,1.0,49.0,False
48822,2024-10-07 04:00:00+00:00,2024-10-07 03:00:00+00:00,1.09727,0.6,1.0973174571990967,0.00028745929012075067,3,1.0,49.0,False
48823,2024-10-07 05:00:00+00:00,2024-10-07 04:00:00+00:00,1.09709,0.3333333333333333,1.0969061851501465,0.0004335846460890025,5,1.0,49.0,False
48824,2024-10-07 06:00:00+00:00,2024-10-07 05:00:00+00:00,1.09715,0.4,1.0969617366790771,0.0005067295278422534,7,1.0,49.0,False
48825,2024-10-07 07:00:00+00:00,2024-10-07 06:00:00+00:00,1.09679,0.2,1.0967885255813599,0.0004335364210419357,6,1.0,49.0,False
48826,2024-10-07 08:00:00+00:00,2024-10-07 07:00:00+00:00,1.09686,0.5333333333333333,1.0970302820205688,0.0006076135323382914,7,1.0,49.0,False
48827,2024-10-07 09:00:00+00:00,2024-10-07 08:00:00+00:00,1.09708,0.6333333333333333,1.09725022315979,0.0005417593638412654,5,1.0,49.0,False
48828,2024-10-07 10:00:00+00:00,2024-10-07 09:00:00+00:00,1.09691,0.3333333333333333,1.0966860055923462,0.00038718816358596087,5,1.0,49.0,False
48829,2024-10-07 11:00:00+00:00,2024-10-07 10:00:00+00:00,1.09695,0.6333333333333333,1.0969935655593872,0.0003756286751013249,3,1.0,49.0,False
48830,2024-10-07 12:00:00+00:00,2024-10-07 11:00:00+00:00,1.09582,0.3,1.0954163074493408,0.00064534303965047,11,1.0,49.0,False
48831,2024-10-07 13:00:00+00:00,2024-10-07 12:00:00+00:00,1.09647,0.5333333333333333,1.0965373516082764,0.0008472712943330407,8,1.0,49.0,False
48832,2024-10-07 14:00:00+00:00,2024-10-07 13:00:00+00:00,1.09763,0.7666666666666667,1.0981799364089966,0.0008706554654054344,7,1.0,49.0,False
48833,2024-10-07 15:00:00+00:00,2024-10-07 14:00:00+00:00,1.09766,0.7666666666666667,1.0982669591903687,0.0007083285599946976,5,1.0,49.0,False
48834,2024-10-07 16:00:00+00:00,2024-10-07 15:00:00+00:00,1.09794,0.6666666666666666,1.098228096961975,0.0006416591932065785,4,1.0,49.0,False
48835,2024-10-07 17:00:00+00:00,2024-10-07 16:00:00+00:00,1.09743,0.4666666666666667,1.0977078676223755,0.0005185060435906053,4,1.0,49.0,False
48836,2024-10-07 18:00:00+00:00,2024-10-07 17:00:00+00:00,1.09756,0.2,1.097282886505127,0.0003825605381280184,3,1.0,49.0,False
48837,2024-10-07 19:00:00+00:00,2024-10-07 18:00:00+00:00,1.09834,0.13333333333333333,1.0979180335998535,0.0004708706110250205,3,1.0,49.0,False
48838,2024-10-07 20:00:00+00:00,2024-10-07 19:00:00+00:00,1.09817,0.0,1.0978387594223022,0.0003664855321403593,2,1.0,49.0,False
48839,2024-10-07 21:00:00+00:00,2024-10-07 20:00:00+00:00,1.09685,0.8333333333333334,1.0969464778900146,0.00023617221449967474,2,1.0,49.0,False
48840,2024-10-07 22:00:00+00:00,2024-10-07 21:00:00+00:00,1.0972,0.2,1.0970790386199951,0.00030393601628020406,2,1.0,49.0,False
48841,2024-10-07 23:00:00+00:00,2024-10-07 22:00:00+00:00,1.09718,0.13333333333333333,1.0968672037124634,0.00025805283803492785,2,1.0,49.0,False
48842,2024-10-08 00:00:00+00:00,2024-10-07 23:00:00+00:00,1.09721,0.13333333333333333,1.0968132019042969,0.0002573233505245298,2,1.0,49.0,False
48843,2024-10-08 01:00:00+00:00,2024-10-08 00:00:00+00:00,1.09773,0.2,1.0977600812911987,0.0005269317771308124,4,1.0,49.0,False
48844,2024-10-08 02:00:00+00:00,2024-10-08 01:00:00+00:00,1.09738,0.2,1.0969271659851074,0.00030069350032135844,2,1.0,49.0,False
48845,2024-10-08 03:00:00+00:00,2024-10-08 02:00:00+00:00,1.09812,0.13333333333333333,1.0975418090820312,0.00044885356328450143,3,1.0,49.0,False
48846,2024-10-08 04:00:00+00:00,2024-10-08 03:00:00+00:00,1.09832,0.16666666666666666,1.097710132598877,0.00041271260124631226,3,1.0,49.0,False
48847,2024-10-08 05:00:00+00:00,2024-10-08 04:00:00+00:00,1.09813,0.26666666666666666,1.0980457067489624,0.0003335261717438698,3,1.0,49.0,False
48848,2024-10-08 06:00:00+00:00,2024-10-08 05:00:00+00:00,1.09826,0.26666666666666666,1.09807550907135,0.00033007157617248595,3,1.0,49.0,False
48849,2024-10-08 07:00:00+00:00,2024-10-08 06:00:00+00:00,1.09849,0.26666666666666666,1.098140001296997,0.0005206074565649033,4,1.0,49.0,False
48850,2024-10-08 08:00:00+00:00,2024-10-08 07:00:00+00:00,1.09826,0.26666666666666666,1.098050832748413,0.0005918105598539114,4,1.0,49.0,False
48851,2024-10-08 09:00:00+00:00,2024-10-08 08:00:00+00:00,1.09833,0.2,1.0979441404342651,0.000441381853306666,4,1.0,49.0,False
48852,2024-10-08 10:00:00+00:00,2024-10-08 09:00:00+00:00,1.09946,0.0,1.0986168384552002,0.000449740415206179,3,1.0,49.0,False
48853,2024-10-08 11:00:00+00:00,2024-10-08 10:00:00+00:00,1.09935,0.23333333333333334,1.098819375038147,0.0004742747114505619,3,1.0,49.0,False
48854,2024-10-08 12:00:00+00:00,2024-10-08 11:00:00+00:00,1.0987,0.5,1.0984238386154175,0.0005661245086230338,4,1.0,49.0,False
48855,2024-10-08 13:00:00+00:00,2024-10-08 12:00:00+00:00,1.09844,0.6,1.098620891571045,0.0006921565509401262,7,1.0,49.0,False
48856,2024-10-08 14:00:00+00:00,2024-10-08 13:00:00+00:00,1.09869,0.4666666666666667,1.098671555519104,0.0008150821086019278,8,1.0,49.0,False
48857,2024-10-08 15:00:00+00:00,2024-10-08 14:00:00+00:00,1.09754,0.7,1.0977834463119507,0.0007128576980903745,5,1.0,49.0,False
48858,2024-10-08 16:00:00+00:00,2024-10-08 15:00:00+00:00,1.09773,0.5333333333333333,1.0980714559555054,0.0005980267887935042,4,1.0,49.0,False
48859,2024-10-08 17:00:00+00:00,2024-10-08 16:00:00+00:00,1.09702,0.7,1.0975663661956787,0.0007022941717877984,4,1.0,49.0,False
48860,2024-10-08 18:00:00+00:00,2024-10-08 17:00:00+00:00,1.09693,0.4666666666666667,1.0968444347381592,0.0005427952273748815,4,1.0,49.0,False
48861,2024-10-08 19:00:00+00:00,2024-10-08 18:00:00+00:00,1.09752,0.13333333333333333,1.0972208976745605,0.00040541074122302234,3,1.0,49.0,False
48862,2024-10-08 20:00:00+00:00,2024-10-08 19:00:00+00:00,1.09739,0.23333333333333334,1.0973533391952515,0.00041026651160791516,3,1.0,49.0,False
48863,2024-10-08 21:00:00+00:00,2024-10-08 20:00:00+00:00,1.09718,0.8666666666666667,1.0972468852996826,0.00035845403908751905,3,1.0,49.0,False
48864,2024-10-08 22:00:00+00:00,2024-10-08 21:00:00+00:00,1.09773,0.13333333333333333,1.0972979068756104,0.000352695700712502,3,1.0,49.0,False
48865,2024-10-08 23:00:00+00:00,2024-10-08 22:00:00+00:00,1.09731,0.1,1.0972628593444824,0.00032841195934452116,3,1.0,49.0,False
48866,2024-10-09 00:00:00+00:00,2024-10-08 23:00:00+00:00,1.09785,0.23333333333333334,1.097326636314392,0.00040175733738578856,3,1.0,49.0,False
48867,2024-10-09 01:00:00+00:00,2024-10-09 00:00:00+00:00,1.09801,0.4666666666666667,1.097855806350708,0.0004375728021841496,3,1.0,49.0,False
48868,2024-10-09 02:00:00+00:00,2024-10-09 01:00:00+00:00,1.09751,0.16666666666666666,1.0974866151809692,0.00024643479264341295,2,1.0,49.0,False
48869,2024-10-09 03:00:00+00:00,2024-10-09 02:00:00+00:00,1.09748,0.26666666666666666,1.0975422859191895,0.0002922593557741493,2,1.0,49.0,False
48870,2024-10-09 04:00:00+00:00,2024-10-09 03:00:00+00:00,1.0973,0.16666666666666666,1.0974019765853882,0.0002461682306602597,2,1.0,49.0,False
48871,2024-10-09 05:00:00+00:00,2024-10-09 04:00:00+00:00,1.09701,1.0,1.0973342657089233,0.0002467458543833345,2,1.0,49.0,False
48872,2024-10-09 06:00:00+00:00,2024-10-09 05:00:00+00:00,1.0967,0.43333333333333335,1.0964316129684448,0.0003916503628715873,2,1.0,49.0,False
48873,2024-10-09 07:00:00+00:00,2024-10-09 06:00:00+00:00,1.09626,0.5666666666666667,1.0962295532226562,0.0006156270392239094,4,1.0,49.0,False
48874,2024-10-09 08:00:00+00:00,2024-10-09 07:00:00+00:00,1.09727,0.4666666666666667,1.0969977378845215,0.0005846643471159041,4,1.0,49.0,False
48875,2024-10-09 09:00:00+00:00,2024-10-09 08:00:00+00:00,1.09622,0.43333333333333335,1.0960041284561157,0.0006233567255549133,4,1.0,49.0,False
48876,2024-10-09 10:00:00+00:00,2024-10-09 09:00:00+00:00,1.09599,0.16666666666666666,1.0955921411514282,0.00036895080120302737,3,1.0,49.0,False
48877,2024-10-09 11:00:00+00:00,2024-10-09 10:00:00+00:00,1.09573,0.3333333333333333,1.095534086227417,0.00042004615534096956,3,1.0,49.0,False
48878,2024-10-09 12:00:00+00:00,2024-10-09 11:00:00+00:00,1.09663,0.3,1.0963969230651855,0.0006169702974148095,4,1.0,49.0,False
48879,2024-10-09 13:00:00+00:00,2024-10-09 12:00:00+00:00,1.09649,0.5,1.0966780185699463,0.000715472677256912,4,1.0,49.0,False
48880,2024-10-09 14:00:00+00:00,2024-10-09 13:00:00+00:00,1.09537,0.7333333333333333,1.0959609746932983,0.0007469379343092442,5,1.0,49.0,False
48881,2024-10-09 15:00:00+00:00,2024-10-09 14:00:00+00:00,1.09563,0.5666666666666667,1.0955936908721924,0.000791541300714016,5,1.0,49.0,False
48882,2024-10-09 16:00:00+00:00,2024-10-09 15:00:00+00:00,1.09529,0.2,1.0949612855911255,0.00036817934596911073,3,1.0,49.0,False
48883,2024-10-09 17:00:00+00:00,2024-10-09 16:00:00+00:00,1.09474,0.23333333333333334,1.0948330163955688,0.00042305857641622424,3,1.0,49.0,False
48884,2024-10-09 18:00:00+00:00,2024-10-09 17:00:00+00:00,1.09505,0.3333333333333333,1.094797134399414,0.0004348844522610307,3,1.0,49.0,False
48885,2024-10-09 19:00:00+00:00,2024-10-09 18:00:00+00:00,1.0941,0.7666666666666667,1.0940535068511963,0.00031265366123989224,2,1.0,49.0,False
48886,2024-10-09 20:00:00+00:00,2024-10-09 19:00:00+00:00,1.09387,0.6,1.0936386585235596,0.0003605639794841409,2,1.0,49.0,False
48887,2024-10-09 21:00:00+00:00,2024-10-09 20:00:00+00:00,1.0936,0.6333333333333333,1.0934101343154907,0.0003520883328747004,2,1.0,49.0,False
48888,2024-10-09 22:00:00+00:00,2024-10-09 21:00:00+00:00,1.0938,0.9666666666666667,1.0938189029693604,0.00013110999134369195,2,1.0,49.0,False
48889,2024-10-09 23:00:00+00:00,2024-10-09 22:00:00+00:00,1.09378,1.0,1.0941548347473145,0.00032196013489738107,2,1.0,49.0,False
48890,2024-10-10 00:00:00+00:00,2024-10-09 23:00:00+00:00,1.09406,0.2,1.0940818786621094,0.0003471851523499936,2,1.0,49.0,False
48891,2024-10-10 01:00:00+00:00,2024-10-10 00:00:00+00:00,1.09401,0.23333333333333334,1.0940667390823364,0.000367460073903203,2,1.0,49.0,False
48892,2024-10-10 02:00:00+00:00,2024-10-10 01:00:00+00:00,1.09411,0.16666666666666666,1.0938981771469116,0.0003244036342948675,2,1.0,49.0,False
48893,2024-10-10 03:00:00+00:00,2024-10-10 02:00:00+00:00,1.09399,0.1,1.0937427282333374,0.0002624632033985108,2,1.0,49.0,False
48894,2024-10-10 04:00:00+00:00,2024-10-10 03:00:00+00:00,1.09423,0.16666666666666666,1.0937012434005737,0.00032773561542853713,2,1.0,49.0,False
48895,2024-10-10 05:00:00+00:00,2024-10-10 04:00:00+00:00,1.09414,0.06666666666666667,1.0935264825820923,0.0002206710196333006,2,1.0,49.0,False
48896,2024-10-10 06:00:00+00:00,2024-10-10 05:00:00+00:00,1.09431,0.5333333333333333,1.0942479372024536,0.0005648676306009293,3,1.0,49.0,False
48897,2024-10-10 07:00:00+00:00,2024-10-10 06:00:00+00:00,1.09405,0.4666666666666667,1.0941357612609863,0.0007158058579079807,4,1.0,49.0,False
48898,2024-10-10 08:00:00+00:00,2024-10-10 07:00:00+00:00,1.09387,0.26666666666666666,1.0935977697372437,0.0006622658693231642,4,1.0,49.0,False
48899,2024-10-10 09:00:00+00:00,2024-10-10 08:00:00+00:00,1.09363,0.26666666666666666,1.0936132669448853,0.00043103081407025456,3,1.0,49.0,False
48900,2024-10-10 10:00:00+00:00,2024-10-10 09:00:00+00:00,1.09371,0.13333333333333333,1.0931485891342163,0.0005334661109372973,3,1.0,49.0,False
48901,2024-10-10 11:00:00+00:00,2024-10-10 10:00:00+00:00,1.09327,0.13333333333333333,1.0932127237319946,0.0004057544865645468,3,1.0,49.0,False
48902,2024-10-10 12:00:00+00:00,2024-10-10 11:00:00+00:00,1.09332,0.3333333333333333,1.0933424234390259,0.0005598469288088381,4,1.0,49.0,False
48903,2024-10-10 13:00:00+00:00,2024-10-10 12:00:00+00:00,1.09386,0.3,1.0932669639587402,0.0005205314955674112,4,1.0,49.0,False
48904,2024-10-10 14:00:00+00:00,2024-10-10 13:00:00+00:00,1.09301,0.9333333333333333,1.0937186479568481,0.0007990066660568118,5,1.0,49.0,False
48905,2024-10-10 15:00:00+00:00,2024-10-10 14:00:00+00:00,1.09436,0.23333333333333334,1.0942398309707642,0.0006813674117438495,4,1.0,49.0,False
48906,2024-10-10 16:00:00+00:00,2024-10-10 15:00:00+00:00,1.09368,0.7,1.0942881107330322,0.0006231451407074928,3,1.0,49.0,False
48907,2024-10-10 17:00:00+00:00,2024-10-10 16:00:00+00:00,1.0922,0.6333333333333333,1.0928062200546265,0.0006035252008587122,3,1.0,49.0,False
48908,2024-10-10 18:00:00+00:00,2024-10-10 17:00:00+00:00,1.09243,0.9333333333333333,1.0930142402648926,0.0005047215381637216,3,1.0,49.0,False
48909,2024-10-10 19:00:00+00:00,2024-10-10 18:00:00+00:00,1.09056,0.4,1.090482234954834,0.0007496632169932127,5,1.0,49.0,False
48910,2024-10-10 20:00:00+00:00,2024-10-10 19:00:00+00:00,1.09185,0.0,1.0912774801254272,0.0005048561142757535,4,1.0,49.0,False
48911,2024-10-10 21:00:00+00:00,2024-10-10 20:00:00+00:00,1.09216,0.0,1.0915690660476685,0.0003464517358224839,2,1.0,49.0,False
48912,2024-10-10 22:00:00+00:00,2024-10-10 21:00:00+00:00,1.09338,0.03333333333333333,1.0926222801208496,0.0005397687200456858,3,1.0,49.0,False
48913,2024-10-10 23:00:00+00:00,2024-10-10 22:00:00+00:00,1.09359,0.0,1.092893123626709,0.00046971431584097445,2,1.0,49.0,False
48914,2024-10-11 00:00:00+00:00,2024-10-10 23:00:00+00:00,1.09348,0.8333333333333334,1.0935267210006714,0.00046517682494595647,3,1.0,49.0,False
48915,2024-10-11 01:00:00+00:00,2024-10-11 00:00:00+00:00,1.09335,0.8,1.0937060117721558,0.0005584791651926935,3,1.0,49.0,False
48916,2024-10-11 02:00:00+00:00,2024-10-11 01:00:00+00:00,1.09331,0.8333333333333334,1.093705415725708,0.00045313150621950626,3,1.0,49.0,False
48917,2024-10-11 03:00:00+00:00,2024-10-11 02:00:00+00:00,1.0937,0.8333333333333334,1.093782663345337,0.0004773035761900246,3,1.0,49.0,False
48918,2024-10-11 04:00:00+00:00,2024-10-11 03:00:00+00:00,1.09313,0.3333333333333333,1.092902660369873,0.0004426542727742344,2,1.0,49.0,False
48919,2024-10-11 05:00:00+00:00,2024-10-11 04:00:00+00:00,1.09362,0.8333333333333334,1.0936044454574585,0.000505917938426137,3,1.0,49.0,False
48920,2024-10-11 06:00:00+00:00,2024-10-11 05:00:00+00:00,1.09391,0.26666666666666666,1.0937249660491943,0.000590335635934025,3,1.0,49.0,False
48921,2024-10-11 07:00:00+00:00,2024-10-11 06:00:00+00:00,1.09352,0.8333333333333334,1.0937001705169678,0.0005453407065942883,4,1.0,49.0,False
48922,2024-10-11 08:00:00+00:00,2024-10-11 07:00:00+00:00,1.09352,1.0,1.094219446182251,0.0006406903848983347,3,1.0,49.0,False
48923,2024-10-11 09:00:00+00:00,2024-10-11 08:00:00+00:00,1.09397,0.26666666666666666,1.0938640832901,0.000493892002850771,3,1.0,49.0,False
48924,2024-10-11 10:00:00+00:00,2024-10-11 09:00:00+00:00,1.09441,0.26666666666666666,1.0937657356262207,0.0005879352102056146,3,1.0,49.0,False
48925,2024-10-11 11:00:00+00:00,2024-10-11 10:00:00+00:00,1.09492,0.2,1.0947397947311401,0.0005388744175434113,3,1.0,49.0,False
48926,2024-10-11 12:00:00+00:00,2024-10-11 11:00:00+00:00,1.09383,1.0,1.0943208932876587,0.0005614865804091096,3,1.0,49.0,False
48927,2024-10-11 13:00:00+00:00,2024-10-11 12:00:00+00:00,1.09346,0.8,1.0935548543930054,0.0006394467782229185,4,1.0,49.0,False
48928,2024-10-11 14:00:00+00:00,2024-10-11 13:00:00+00:00,1.09305,0.5666666666666667,1.0929721593856812,0.0007728352211415768,5,1.0,49.0,False
48929,2024-10-11 15:00:00+00:00,2024-10-11 14:00:00+00:00,1.09326,0.7333333333333333,1.093301773071289,0.0007652781787328422,4,1.0,49.0,False
48930,2024-10-11 16:00:00+00:00,2024-10-11 15:00:00+00:00,1.09373,0.3333333333333333,1.0935002565383911,0.0005354225868359208,3,1.0,49.0,False
48931,2024-10-11 17:00:00+00:00,2024-10-11 16:00:00+00:00,1.09421,0.7666666666666667,1.0945816040039062,0.0006120670004747808,3,1.0,49.0,False
48932,2024-10-11 18:00:00+00:00,2024-10-11 17:00:00+00:00,1.09407,0.3,1.0936264991760254,0.0006200135103426874,3,1.0,49.0,False
48933,2024-10-11 19:00:00+00:00,2024-10-11 18:00:00+00:00,1.09444,0.1,1.0938645601272583,0.0003061842580791563,3,1.0,49.0,False
48934,2024-10-11 20:00:00+00:00,2024-10-11 19:00:00+00:00,1.0943,0.1,1.0937762260437012,0.00023939608945511281,2,1.0,49.0,False
48935,2024-10-11 21:00:00+00:00,2024-10-11 20:00:00+00:00,1.09386,0.3,1.0938620567321777,0.000363990111509338,2,1.0,49.0,False
48936,2024-10-11 22:00:00+00:00,2024-10-11 21:00:00+00:00,1.09327,1.0,1.0937625169754028,0.00035003648372367024,2,1.0,49.0,False
48937,2024-10-13 23:00:00+00:00,2024-10-11 22:00:00+00:00,1.0935,0.26666666666666666,1.0936959981918335,0.00035109082818962634,2,49.0,49.0,True
48938,2024-10-14 00:00:00+00:00,2024-10-13 23:00:00+00:00,1.09312,1.0,1.0937196016311646,0.00033645183430053294,2,1.0,49.0,False
48939,2024-10-14 01:00:00+00:00,2024-10-14 00:00:00+00:00,1.09266,0.5333333333333333,1.0925935506820679,0.00048778968630358577,2,1.0,49.0,False
48940,2024-10-14 02:00:00+00:00,2024-10-14 01:00:00+00:00,1.09226,0.43333333333333335,1.0923842191696167,0.00048427595174871385,2,1.0,49.0,False
48941,2024-10-14 03:00:00+00:00,2024-10-14 02:00:00+00:00,1.0921,0.26666666666666666,1.091916799545288,0.00043517336598597467,2,1.0,49.0,False
48942,2024-10-14 04:00:00+00:00,2024-10-14 03:00:00+00:00,1.09226,0.7666666666666667,1.0924845933914185,0.0004961205995641649,3,1.0,49.0,False
48943,2024-10-14 05:00:00+00:00,2024-10-14 04:00:00+00:00,1.0924,0.9333333333333333,1.0926095247268677,0.0002976294490508735,3,1.0,49.0,False
48944,2024-10-14 06:00:00+00:00,2024-10-14 05:00:00+00:00,1.0925,0.8666666666666667,1.0925949811935425,0.0004509571008384228,3,1.0,49.0,False
48945,2024-10-14 07:00:00+00:00,2024-10-14 06:00:00+00:00,1.09233,0.8333333333333334,1.092589259147644,0.0005365794058889151,3,1.0,49.0,False
48946,2024-10-14 08:00:00+00:00,2024-10-14 07:00:00+00:00,1.09256,0.4,1.0929964780807495,0.0006124305073171854,3,1.0,49.0,False
48947,2024-10-14 09:00:00+00:00,2024-10-14 08:00:00+00:00,1.09246,0.8,1.0924993753433228,0.00062307168263942,3,1.0,49.0,False
48948,2024-10-14 10:00:00+00:00,2024-10-14 09:00:00+00:00,1.0928,0.26666666666666666,1.0925452709197998,0.0005208723596297204,3,1.0,49.0,False
48949,2024-10-14 11:00:00+00:00,2024-10-14 10:00:00+00:00,1.09266,0.13333333333333333,1.0923172235488892,0.0005043626297265291,3,1.0,49.0,False
48950,2024-10-14 12:00:00+00:00,2024-10-14 11:00:00+00:00,1.09285,0.26666666666666666,1.092479944229126,0.0005191732197999954,3,1.0,49.0,False
48951,2024-10-14 13:00:00+00:00,2024-10-14 12:00:00+00:00,1.09224,0.7666666666666667,1.09221613407135,0.0006073695258237422,3,1.0,49.0,False
48952,2024-10-14 14:00:00+00:00,2024-10-14 13:00:00+00:00,1.09122,0.5666666666666667,1.0914409160614014,0.0005892038461752236,3,1.0,49.0,False
48953,2024-10-14 15:00:00+00:00,2024-10-14 14:00:00+00:00,1.09091,0.4666666666666667,1.0908845663070679,0.0006060374435037374,3,1.0,49.0,False
48954,2024-10-14 16:00:00+00:00,2024-10-14 15:00:00+00:00,1.09186,0.16666666666666666,1.0915865898132324,0.00048294372390955687,3,1.0,49.0,False
48955,2024-10-14 17:00:00+00:00,2024-10-14 16:00:00+00:00,1.09141,0.9333333333333333,1.091623067855835,0.000439970608567819,3,1.0,49.0,False
48956,2024-10-14 18:00:00+00:00,2024-10-14 17:00:00+00:00,1.09063,0.3,1.0904529094696045,0.0004661455168388784,2,1.0,49.0,False
48957,2024-10-14 19:00:00+00:00,2024-10-14 18:00:00+00:00,1.09011,0.03333333333333333,1.0899420976638794,0.00018437149992678314,2,1.0,49.0,False
48958,2024-10-14 20:00:00+00:00,2024-10-14 19:00:00+00:00,1.09034,0.2,1.089789628982544,0.00041308405343443155,2,1.0,49.0,False
48959,2024-10-14 21:00:00+00:00,2024-10-14 20:00:00+00:00,1.08966,0.13333333333333333,1.089447259902954,0.0003543768252711743,2,1.0,49.0,False
48960,2024-10-14 22:00:00+00:00,2024-10-14 21:00:00+00:00,1.09035,0.0,1.089309573173523,0.000419807416619733,2,1.0,49.0,False
48961,2024-10-14 23:00:00+00:00,2024-10-14 22:00:00+00:00,1.09079,0.0,1.0897659063339233,0.0005141075234860182,2,1.0,49.0,False
48962,2024-10-15 00:00:00+00:00,2024-10-14 23:00:00+00:00,1.09072,0.03333333333333333,1.0902976989746094,0.0004657596000470221,3,1.0,49.0,False
48963,2024-10-15 01:00:00+00:00,2024-10-15 00:00:00+00:00,1.09082,0.1,1.0905556678771973,0.0005631411913782358,3,1.0,49.0,False
48964,2024-10-15 02:00:00+00:00,2024-10-15 01:00:00+00:00,1.09084,0.03333333333333333,1.0906164646148682,0.00036315113538876176,3,1.0,49.0,False
48965,2024-10-15 03:00:00+00:00,2024-10-15 02:00:00+00:00,1.09067,0.9,1.09070885181427,0.0003634652530308813,3,1.0,49.0,False
48966,2024-10-15 04:00:00+00:00,2024-10-15 03:00:00+00:00,1.09067,0.9333333333333333,1.090959906578064,0.00046992406714707613,3,1.0,49.0,False
48967,2024-10-15 05:00:00+00:00,2024-10-15 04:00:00+00:00,1.09015,0.9333333333333333,1.0908247232437134,0.0003910960804205388,3,1.0,49.0,False
48968,2024-10-15 06:00:00+00:00,2024-10-15 05:00:00+00:00,1.0896,0.43333333333333335,1.0897358655929565,0.0005249768728390336,2,1.0,49.0,False
48969,2024-10-15 07:00:00+00:00,2024-10-15 06:00:00+00:00,1.08925,0.4,1.0892786979675293,0.0005764474044553936,3,1.0,49.0,False
48970,2024-10-15 08:00:00+00:00,2024-10-15 07:00:00+00:00,1.08912,0.3333333333333333,1.0888116359710693,0.0006464089965447783,3,1.0,49.0,False
48971,2024-10-15 09:00:00+00:00,2024-10-15 08:00:00+00:00,1.08922,0.13333333333333333,1.0883724689483643,0.0004202973796054721,3,1.0,49.0,False
48972,2024-10-15 10:00:00+00:00,2024-10-15 09:00:00+00:00,1.08977,0.0,1.089147925376892,0.0005068298778496683,2,1.0,49.0,False
48973,2024-10-15 11:00:00+00:00,2024-10-15 10:00:00+00:00,1.09099,0.16666666666666666,1.090574860572815,0.0007100474322214723,3,1.0,49.0,False
48974,2024-10-15 12:00:00+00:00,2024-10-15 11:00:00+00:00,1.0913,0.2,1.09110426902771,0.0006616878090426326,3,1.0,49.0,False
48975,2024-10-15 13:00:00+00:00,2024-10-15 12:00:00+00:00,1.09025,0.4666666666666667,1.0906498432159424,0.0008861281676217914,4,1.0,49.0,False
48976,2024-10-15 14:00:00+00:00,2024-10-15 13:00:00+00:00,1.09006,0.26666666666666666,1.0903575420379639,0.0007048109546303749,4,1.0,49.0,False
48977,2024-10-15 15:00:00+00:00,2024-10-15 14:00:00+00:00,1.09095,0.7333333333333333,1.0913885831832886,0.0006756415823474526,4,1.0,49.0,False
48978,2024-10-15 16:00:00+00:00,2024-10-15 15:00:00+00:00,1.09095,0.6333333333333333,1.0914251804351807,0.000658842851407826,3,1.0,49.0,False
48979,2024-10-15 17:00:00+00:00,2024-10-15 16:00:00+00:00,1.09022,1.0,1.0908163785934448,0.00044245264143683016,2,1.0,49.0,False
48980,2024-10-15 18:00:00+00:00,2024-10-15 17:00:00+00:00,1.08983,1.0,1.0905011892318726,0.00041091605089604855,2,1.0,49.0,False
48981,2024-10-15 19:00:00+00:00,2024-10-15 18:00:00+00:00,1.08891,0.5666666666666667,1.0891149044036865,0.0005547493929043412,2,1.0,49.0,False
48982,2024-10-15 20:00:00+00:00,2024-10-15 19:00:00+00:00,1.08847,0.23333333333333334,1.088263750076294,0.0004745014593936503,2,1.0,49.0,False
48983,2024-10-15 21:00:00+00:00,2024-10-15 20:00:00+00:00,1.08868,0.6333333333333333,1.088744044303894,0.0005386164411902428,2,1.0,49.0,False
48984,2024-10-15 22:00:00+00:00,2024-10-15 21:00:00+00:00,1.08865,0.8333333333333334,1.0890405178070068,0.00041956553468480706,2,1.0,49.0,False
48985,2024-10-15 23:00:00+00:00,2024-10-15 22:00:00+00:00,1.08866,0.9333333333333333,1.0891203880310059,0.00028219481464475393,2,1.0,49.0,False
48986,2024-10-16 00:00:00+00:00,2024-10-15 23:00:00+00:00,1.08917,0.16666666666666666,1.0891386270523071,0.0005719607579521835,3,1.0,49.0,False
48987,2024-10-16 01:00:00+00:00,2024-10-16 00:00:00+00:00,1.0889,0.8666666666666667,1.0890051126480103,0.0005447746370919049,3,1.0,49.0,False
48988,2024-10-16 02:00:00+00:00,2024-10-16 01:00:00+00:00,1.08827,0.9333333333333333,1.088981032371521,0.0004546170821413398,3,1.0,49.0,False
48989,2024-10-16 03:00:00+00:00,2024-10-16 02:00:00+00:00,1.08849,1.0,1.0889525413513184,0.0002864958078134805,2,1.0,49.0,False
48990,2024-10-16 04:00:00+00:00,2024-10-16 03:00:00+00:00,1.08913,0.1,1.0888949632644653,0.00028485062648542225,2,1.0,49.0,False
48991,2024-10-16 05:00:00+00:00,2024-10-16 04:00:00+00:00,1.08921,0.16666666666666666,1.0889413356781006,0.0003521258768159896,2,1.0,49.0,False
48992,2024-10-16 06:00:00+00:00,2024-10-16 05:00:00+00:00,1.08904,0.2,1.0888358354568481,0.0004460631462279707,3,1.0,49.0,False
48993,2024-10-16 07:00:00+00:00,2024-10-16 06:00:00+00:00,1.08888,0.36666666666666664,1.0887926816940308,0.000682137266267091,3,1.0,49.0,False
48994,2024-10-16 08:00:00+00:00,2024-10-16 07:00:00+00:00,1.08874,0.3,1.0887227058410645,0.0007277182303369045,4,1.0,49.0,False
48995,2024-10-16 09:00:00+00:00,2024-10-16 08:00:00+00:00,1.08773,0.36666666666666664,1.0870699882507324,0.0007515046745538712,3,1.0,49.0,False
48996,2024-10-16 10:00:00+00:00,2024-10-16 09:00:00+00:00,1.08817,0.1,1.0876898765563965,0.000674569106195122,3,1.0,49.0,False
48997,2024-10-16 11:00:00+00:00,2024-10-16 10:00:00+00:00,1.08828,0.1,1.0877867937088013,0.0006131473928689957,3,1.0,49.0,False
48998,2024-10-16 12:00:00+00:00,2024-10-16 11:00:00+00:00,1.08942,0.2,1.0891921520233154,0.0006700203521177173,3,1.0,49.0,False
48999,2024-10-16 13:00:00+00:00,2024-10-16 12:00:00+00:00,1.08895,0.36666666666666664,1.0886168479919434,0.0008050799369812012,4,1.0,49.0,False
49000,2024-10-16 14:00:00+00:00,2024-10-16 13:00:00+00:00,1.08939,0.6,1.0893504619598389,0.0007521248771809042,4,1.0,49.0,False
49001,2024-10-16 15:00:00+00:00,2024-10-16 14:00:00+00:00,1.08884,0.36666666666666664,1.0885632038116455,0.0006027145427651703,3,1.0,49.0,False
49002,2024-10-16 16:00:00+00:00,2024-10-16 15:00:00+00:00,1.08894,0.43333333333333335,1.088614583015442,0.0005514679360203445,3,1.0,49.0,False
49003,2024-10-16 17:00:00+00:00,2024-10-16 16:00:00+00:00,1.0879,0.0,1.0869823694229126,0.0005918062524870038,2,1.0,49.0,False
49004,2024-10-16 18:00:00+00:00,2024-10-16 17:00:00+00:00,1.08719,0.26666666666666666,1.0864168405532837,0.0005288502434268594,2,1.0,49.0,False
49005,2024-10-16 19:00:00+00:00,2024-10-16 18:00:00+00:00,1.08678,0.2,1.086181402206421,0.0004756450653076172,2,1.0,49.0,False
49006,2024-10-16 20:00:00+00:00,2024-10-16 19:00:00+00:00,1.08617,0.2,1.0857326984405518,0.00047597885713912547,2,1.0,49.0,False
49007,2024-10-16 21:00:00+00:00,2024-10-16 20:00:00+00:00,1.08553,0.16666666666666666,1.0852978229522705,0.0004459105839487165,2,1.0,49.0,False
49008,2024-10-16 22:00:00+00:00,2024-10-16 21:00:00+00:00,1.08573,0.13333333333333333,1.0851236581802368,0.0004149998421780765,2,1.0,49.0,False
49009,2024-10-16 23:00:00+00:00,2024-10-16 22:00:00+00:00,1.08611,0.5,1.0858715772628784,0.0006011724472045898,2,1.0,49.0,False
49010,2024-10-17 00:00:00+00:00,2024-10-16 23:00:00+00:00,1.08623,0.5,1.0859832763671875,0.0007737335399724543,3,1.0,49.0,False
49011,2024-10-17 01:00:00+00:00,2024-10-17 00:00:00+00:00,1.08583,0.7666666666666667,1.0864231586456299,0.0007535289041697979,3,1.0,49.0,False
49012,2024-10-17 02:00:00+00:00,2024-10-17 01:00:00+00:00,1.08582,0.9333333333333333,1.0865459442138672,0.0005265427753329277,3,1.0,49.0,False
49013,2024-10-17 03:00:00+00:00,2024-10-17 02:00:00+00:00,1.08626,0.8,1.0863655805587769,0.0006556547596119344,3,1.0,49.0,False
49014,2024-10-17 04:00:00+00:00,2024-10-17 03:00:00+00:00,1.08619,0.8666666666666667,1.0862523317337036,0.0004629149043466896,3,1.0,49.0,False
49015,2024-10-17 05:00:00+00:00,2024-10-17 04:00:00+00:00,1.08613,0.8666666666666667,1.0862927436828613,0.0005794548196718097,3,1.0,49.0,False
49016,2024-10-17 06:00:00+00:00,2024-10-17 05:00:00+00:00,1.08524,0.5333333333333333,1.0852112770080566,0.0006055443664081395,2,1.0,49.0,False
49017,2024-10-17 07:00:00+00:00,2024-10-17 06:00:00+00:00,1.08529,0.7,1.0857046842575073,0.0008276817388832569,3,1.0,49.0,False
49018,2024-10-17 08:00:00+00:00,2024-10-17 07:00:00+00:00,1.08542,0.8666666666666667,1.0858074426651,0.0005842667305842042,3,1.0,49.0,False
49019,2024-10-17 09:00:00+00:00,2024-10-17 08:00:00+00:00,1.08503,0.9,1.085792899131775,0.0005412972532212734,3,1.0,49.0,False
49020,2024-10-17 10:00:00+00:00,2024-10-17 09:00:00+00:00,1.08544,0.8333333333333334,1.0856941938400269,0.0006229165592230856,3,1.0,49.0,False
49021,2024-10-17 11:00:00+00:00,2024-10-17 10:00:00+00:00,1.08512,0.9666666666666667,1.0857819318771362,0.0004299054853618145,3,1.0,49.0,False
49022,2024-10-17 12:00:00+00:00,2024-10-17 11:00:00+00:00,1.08583,0.1,1.0853854417800903,0.0006748207961209118,3,1.0,49.0,False
49023,2024-10-17 13:00:00+00:00,2024-10-17 12:00:00+00:00,1.08639,0.06666666666666667,1.0855580568313599,0.0003451288503129035,3,1.0,49.0,False
49024,2024-10-17 14:00:00+00:00,2024-10-17 13:00:00+00:00,1.08628,0.26666666666666666,1.0854567289352417,0.0007914782618172467,3,1.0,49.0,False
49025,2024-10-17 15:00:00+00:00,2024-10-17 14:00:00+00:00,1.08423,0.5333333333333333,1.0846871137619019,0.0007311203517019749,3,1.0,49.0,False
49026,2024-10-17 16:00:00+00:00,2024-10-17 15:00:00+00:00,1.08326,0.1,1.0827507972717285,0.0007763094617985189,3,1.0,49.0,False
49027,2024-10-17 17:00:00+00:00,2024-10-17 16:00:00+00:00,1.08282,0.8666666666666667,1.0831447839736938,0.0008213298860937357,3,1.0,49.0,False
49028,2024-10-17 18:00:00+00:00,2024-10-17 17:00:00+00:00,1.08363,0.5333333333333333,1.0837494134902954,0.0007576478528790176,3,1.0,49.0,False
49029,2024-10-17 19:00:00+00:00,2024-10-17 18:00:00+00:00,1.08244,1.0,1.0827691555023193,0.00047616512165404856,2,1.0,49.0,False
49030,2024-10-17 20:00:00+00:00,2024-10-17 19:00:00+00:00,1.08251,0.26666666666666666,1.0825923681259155,0.0005669640959240496,2,1.0,49.0,False
49031,2024-10-17 21:00:00+00:00,2024-10-17 20:00:00+00:00,1.08246,0.1,1.0820411443710327,0.0003856659459415823,2,1.0,49.0,False
49032,2024-10-17 22:00:00+00:00,2024-10-17 21:00:00+00:00,1.08275,0.13333333333333333,1.081819772720337,0.0004425151564646512,2,1.0,49.0,False
49033,2024-10-17 23:00:00+00:00,2024-10-17 22:00:00+00:00,1.08306,0.43333333333333335,1.0824559926986694,0.0006365056615322828,2,1.0,49.0,False
49034,2024-10-18 00:00:00+00:00,2024-10-17 23:00:00+00:00,1.08311,0.8666666666666667,1.0836585760116577,0.0005865329294465482,3,1.0,49.0,False
49035,2024-10-18 01:00:00+00:00,2024-10-18 00:00:00+00:00,1.08284,0.8666666666666667,1.0836803913116455,0.0005852815229445696,3,1.0,49.0,False
49036,2024-10-18 02:00:00+00:00,2024-10-18 01:00:00+00:00,1.08287,0.8333333333333334,1.0836294889450073,0.0006588437245227396,3,1.0,49.0,False
49037,2024-10-18 03:00:00+00:00,2024-10-18 02:00:00+00:00,1.08284,0.9,1.0836108922958374,0.0005323312361724675,3,1.0,49.0,False
49038,2024-10-18 04:00:00+00:00,2024-10-18 03:00:00+00:00,1.08346,0.9,1.0836821794509888,0.0005265453364700079,3,1.0,49.0,False
49039,2024-10-18 05:00:00+00:00,2024-10-18 04:00:00+00:00,1.08384,0.06666666666666667,1.0836224555969238,0.00042803381802514195,3,1.0,49.0,False
49040,2024-10-18 06:00:00+00:00,2024-10-18 05:00:00+00:00,1.08382,0.3,1.083675742149353,0.0007778505096212029,3,1.0,49.0,False
49041,2024-10-18 07:00:00+00:00,2024-10-18 06:00:00+00:00,1.084,0.3,1.0836375951766968,0.0007346507045440376,3,1.0,49.0,False
49042,2024-10-18 08:00:00+00:00,2024-10-18 07:00:00+00:00,1.08429,0.23333333333333334,1.08353590965271,0.0006449912907555699,3,1.0,49.0,False
49043,2024-10-18 09:00:00+00:00,2024-10-18 08:00:00+00:00,1.08439,0.23333333333333334,1.0833016633987427,0.000802877766545862,3,1.0,49.0,False
49044,2024-10-18 10:00:00+00:00,2024-10-18 09:00:00+00:00,1.08406,0.23333333333333334,1.0835117101669312,0.0005305138765834272,3,1.0,49.0,False
49045,2024-10-18 11:00:00+00:00,2024-10-18 10:00:00+00:00,1.08375,0.23333333333333334,1.083325743675232,0.0006484142504632473,3,1.0,49.0,False
49046,2024-10-18 12:00:00+00:00,2024-10-18 11:00:00+00:00,1.08436,0.0,1.0831137895584106,0.0006429441273212433,3,1.0,49.0,False
49047,2024-10-18 13:00:00+00:00,2024-10-18 12:00:00+00:00,1.08447,0.1,1.0830237865447998,0.0010780340526252985,4,1.0,49.0,False
49048,2024-10-18 14:00:00+00:00,2024-10-18 13:00:00+00:00,1.08479,0.23333333333333334,1.0843276977539062,0.0007780763553455472,4,1.0,49.0,False
49049,2024-10-18 15:00:00+00:00,2024-10-18 14:00:00+00:00,1.08589,0.3333333333333333,1.085368275642395,0.0008107212488539517,5,1.0,49.0,False
49050,2024-10-18 16:00:00+00:00,2024-10-18 15:00:00+00:00,1.08565,0.3333333333333333,1.0856537818908691,0.0006975632859393954,3,1.0,49.0,False
49051,2024-10-18 17:00:00+00:00,2024-10-18 16:00:00+00:00,1.08568,0.3333333333333333,1.085633635520935,0.0006946927169337869,3,1.0,49.0,False
49052,2024-10-18 18:00:00+00:00,2024-10-18 17:00:00+00:00,1.08531,0.8666666666666667,1.085447907447815,0.0005228217924013734,3,1.0,49.0,False
49053,2024-10-18 19:00:00+00:00,2024-10-18 18:00:00+00:00,1.08662,0.5,1.0862332582473755,0.0005402358365245163,3,1.0,49.0,False
49054,2024-10-18 20:00:00+00:00,2024-10-18 19:00:00+00:00,1.08615,0.13333333333333333,1.0855695009231567,0.0006102629122324288,3,1.0,49.0,False
49055,2024-10-18 21:00:00+00:00,2024-10-18 20:00:00+00:00,1.0865,0.5,1.086540699005127,0.0004595518403220922,2,1.0,49.0,False
49056,2024-10-18 22:00:00+00:00,2024-10-18 21:00:00+00:00,1.08633,0.2,1.0860927104949951,0.0003718853404279798,2,1.0,49.0,False
49057,2024-10-20 23:00:00+00:00,2024-10-18 22:00:00+00:00,1.08667,0.5333333333333333,1.0865883827209473,0.00045246334047988057,2,49.0,49.0,True
49058,2024-10-21 00:00:00+00:00,2024-10-20 23:00:00+00:00,1.08653,0.3333333333333333,1.08608078956604,0.0006040164735168219,3,1.0,49.0,False
49059,2024-10-21 01:00:00+00:00,2024-10-21 00:00:00+00:00,1.08687,0.5666666666666667,1.0866440534591675,0.0004388347442727536,3,1.0,49.0,False
49060,2024-10-21 02:00:00+00:00,2024-10-21 01:00:00+00:00,1.08677,0.6333333333333333,1.086776852607727,0.00042923862929455936,2,1.0,49.0,False
49061,2024-10-21 03:00:00+00:00,2024-10-21 02:00:00+00:00,1.08645,0.23333333333333334,1.0861868858337402,0.0003855103859677911,2,1.0,49.0,False
49062,2024-10-21 04:00:00+00:00,2024-10-21 03:00:00+00:00,1.08647,0.2,1.0860575437545776,0.0003658771456684917,2,1.0,49.0,False
49063,2024-10-21 05:00:00+00:00,2024-10-21 04:00:00+00:00,1.0864,0.2,1.0859547853469849,0.0003672600141726434,2,1.0,49.0,False
49064,2024-10-21 06:00:00+00:00,2024-10-21 05:00:00+00:00,1.08657,0.4,1.0863037109375,0.0004380613099783659,2,1.0,49.0,False
49065,2024-10-21 07:00:00+00:00,2024-10-21 06:00:00+00:00,1.08583,0.26666666666666666,1.085861325263977,0.0005758386687375605,3,1.0,49.0,False
49066,2024-10-21 08:00:00+00:00,2024-10-21 07:00:00+00:00,1.08595,0.36666666666666664,1.0857659578323364,0.0006665790569968522,3,1.0,49.0,False
49067,2024-10-21 09:00:00+00:00,2024-10-21 08:00:00+00:00,1.08519,0.03333333333333333,1.0846912860870361,0.0006124977953732014,3,1.0,49.0,False
49068,2024-10-21 10:00:00+00:00,2024-10-21 09:00:00+00:00,1.08478,0.7666666666666667,1.085584282875061,0.0007219637627713382,3,1.0,49.0,False
49069,2024-10-21 11:00:00+00:00,2024-10-21 10:00:00+00:00,1.0855,0.2,1.0854690074920654,0.0005803463282063603,3,1.0,49.0,False
49070,2024-10-21 12:00:00+00:00,2024-10-21 11:00:00+00:00,1.08461,0.8,1.0852619409561157,0.000671190966386348,3,1.0,49.0,False
49071,2024-10-21 13:00:00+00:00,2024-10-21 12:00:00+00:00,1.08471,0.7333333333333333,1.0851311683654785,0.0007870077970437706,3,1.0,49.0,False
49072,2024-10-21 14:00:00+00:00,2024-10-21 13:00:00+00:00,1.08553,0.7333333333333333,1.0860512256622314,0.0005392014281824231,4,1.0,49.0,False
49073,2024-10-21 15:00:00+00:00,2024-10-21 14:00:00+00:00,1.0857,0.8,1.0863128900527954,0.0006419713026843965,6,1.0,49.0,False
49074,2024-10-21 16:00:00+00:00,2024-10-21 15:00:00+00:00,1.08471,0.9333333333333333,1.0854121446609497,0.0005474656936712563,3,1.0,49.0,False
49075,2024-10-21 17:00:00+00:00,2024-10-21 16:00:00+00:00,1.08345,0.8333333333333334,1.0846048593521118,0.000665767933242023,3,1.0,49.0,False
49076,2024-10-21 18:00:00+00:00,2024-10-21 17:00:00+00:00,1.08196,0.8,1.0822625160217285,0.0008187136263586581,3,1.0,49.0,False
49077,2024-10-21 19:00:00+00:00,2024-10-21 18:00:00+00:00,1.08182,1.0,1.0824205875396729,0.0004392021510284394,2,1.0,49.0,False
49078,2024-10-21 20:00:00+00:00,2024-10-21 19:00:00+00:00,1.08159,1.0,1.0822887420654297,0.0005378181231208146,2,1.0,49.0,False
49079,2024-10-21 21:00:00+00:00,2024-10-21 20:00:00+00:00,1.08108,1.0,1.0818188190460205,0.0003532290575094521,2,1.0,49.0,False
49080,2024-10-21 22:00:00+00:00,2024-10-21 21:00:00+00:00,1.08149,1.0,1.082145094871521,0.0005660749156959355,2,1.0,49.0,False
49081,2024-10-21 23:00:00+00:00,2024-10-21 22:00:00+00:00,1.08142,1.0,1.081652283668518,0.0004632473282981664,2,1.0,49.0,False
49082,2024-10-22 00:00:00+00:00,2024-10-21 23:00:00+00:00,1.08149,0.36666666666666664,1.0816112756729126,0.0005580332945100963,2,1.0,49.0,False
49083,2024-10-22 01:00:00+00:00,2024-10-22 00:00:00+00:00,1.0815,0.3,1.081331729888916,0.0005306618404574692,2,1.0,49.0,False
49084,2024-10-22 02:00:00+00:00,2024-10-22 01:00:00+00:00,1.08149,0.23333333333333334,1.081078052520752,0.00048806442646309733,2,1.0,49.0,False
49085,2024-10-22 03:00:00+00:00,2024-10-22 02:00:00+00:00,1.08155,0.23333333333333334,1.0809338092803955,0.00048821562086232007,2,1.0,49.0,False
49086,2024-10-22 04:00:00+00:00,2024-10-22 03:00:00+00:00,1.08183,0.5666666666666667,1.0816138982772827,0.000555280945263803,2,1.0,49.0,False
49087,2024-10-22 05:00:00+00:00,2024-10-22 04:00:00+00:00,1.08152,0.3333333333333333,1.0810400247573853,0.0005379623617045581,2,1.0,49.0,False
49088,2024-10-22 06:00:00+00:00,2024-10-22 05:00:00+00:00,1.08186,0.5,1.0814852714538574,0.0005562305450439453,2,1.0,49.0,False
49089,2024-10-22 07:00:00+00:00,2024-10-22 06:00:00+00:00,1.08198,0.7333333333333333,1.0819671154022217,0.0006305131828412414,3,1.0,49.0,False
49090,2024-10-22 08:00:00+00:00,2024-10-22 07:00:00+00:00,1.08187,0.7,1.081989049911499,0.0006044599576853216,3,1.0,49.0,False
49091,2024-10-22 09:00:00+00:00,2024-10-22 08:00:00+00:00,1.08251,0.2,1.0824617147445679,0.0006349367904476821,3,1.0,49.0,False
49092,2024-10-22 10:00:00+00:00,2024-10-22 09:00:00+00:00,1.08362,0.6,1.083417296409607,0.00047853271826170385,2,1.0,49.0,False
49093,2024-10-22 11:00:00+00:00,2024-10-22 10:00:00+00:00,1.08267,0.9333333333333333,1.0829448699951172,0.00045002411934547126,3,1.0,49.0,False
49094,2024-10-22 12:00:00+00:00,2024-10-22 11:00:00+00:00,1.08156,0.5333333333333333,1.081977367401123,0.0007585512357763946,3,1.0,49.0,False
49095,2024-10-22 13:00:00+00:00,2024-10-22 12:00:00+00:00,1.08284,0.43333333333333335,1.0827503204345703,0.0007022214122116566,4,1.0,49.0,False
49096,2024-10-22 14:00:00+00:00,2024-10-22 13:00:00+00:00,1.08173,0.4666666666666667,1.0814666748046875,0.0009293213952332735,4,1.0,49.0,False
49097,2024-10-22 15:00:00+00:00,2024-10-22 14:00:00+00:00,1.08115,0.3333333333333333,1.0808777809143066,0.0008817994385026395,4,1.0,49.0,False
49098,2024-10-22 16:00:00+00:00,2024-10-22 15:00:00+00:00,1.08065,0.36666666666666664,1.081055760383606,0.000680402445141226,3,1.0,49.0,False
49099,2024-10-22 17:00:00+00:00,2024-10-22 16:00:00+00:00,1.08091,0.36666666666666664,1.0807899236679077,0.0007415605941787362,3,1.0,49.0,False
49100,2024-10-22 18:00:00+00:00,2024-10-22 17:00:00+00:00,1.08042,0.23333333333333334,1.0801193714141846,0.0007056815666146576,3,1.0,49.0,False
49101,2024-10-22 19:00:00+00:00,2024-10-22 18:00:00+00:00,1.08072,0.3333333333333333,1.0801318883895874,0.0005411093006841838,2,1.0,49.0,False
49102,2024-10-22 20:00:00+00:00,2024-10-22 19:00:00+00:00,1.08024,0.03333333333333333,1.0795750617980957,0.00020728944218717515,2,1.0,49.0,False
49103,2024-10-22 21:00:00+00:00,2024-10-22 20:00:00+00:00,1.07995,0.13333333333333333,1.0794968605041504,0.00039408972952514887,2,1.0,49.0,False
49104,2024-10-22 22:00:00+00:00,2024-10-22 21:00:00+00:00,1.07945,0.1,1.0792584419250488,0.00034865151974372566,2,1.0,49.0,False
49105,2024-10-22 23:00:00+00:00,2024-10-22 22:00:00+00:00,1.07975,0.23333333333333334,1.0792319774627686,0.0004917954793199897,2,1.0,49.0,False
49106,2024-10-23 00:00:00+00:00,2024-10-22 23:00:00+00:00,1.07977,0.06666666666666667,1.0790467262268066,0.0002890043833758682,2,1.0,49.0,False
49107,2024-10-23 01:00:00+00:00,2024-10-23 00:00:00+00:00,1.07978,0.2,1.079070806503296,0.00046648981515318155,2,1.0,49.0,False
49108,2024-10-23 02:00:00+00:00,2024-10-23 01:00:00+00:00,1.07958,0.16666666666666666,1.0789045095443726,0.0004364032647572458,2,1.0,49.0,False
49109,2024-10-23 03:00:00+00:00,2024-10-23 02:00:00+00:00,1.07948,0.16666666666666666,1.0788460969924927,0.000437069742474705,2,1.0,49.0,False
49110,2024-10-23 04:00:00+00:00,2024-10-23 03:00:00+00:00,1.07945,0.03333333333333333,1.0785690546035767,0.00021088442008476704,2,1.0,49.0,False
49111,2024-10-23 05:00:00+00:00,2024-10-23 04:00:00+00:00,1.08041,0.0,1.0794298648834229,0.0005697011947631836,2,1.0,49.0,False
49112,2024-10-23 06:00:00+00:00,2024-10-23 05:00:00+00:00,1.08017,0.6,1.0797985792160034,0.0006704794941470027,3,1.0,49.0,False
49113,2024-10-23 07:00:00+00:00,2024-10-23 06:00:00+00:00,1.08017,0.5666666666666667,1.0800045728683472,0.0006747907027602196,3,1.0,49.0,False
49114,2024-10-23 08:00:00+00:00,2024-10-23 07:00:00+00:00,1.0806,0.2,1.08034348487854,0.0007668596226722002,3,1.0,49.0,False
49115,2024-10-23 09:00:00+00:00,2024-10-23 08:00:00+00:00,1.07922,0.4666666666666667,1.0793964862823486,0.0005747973336838186,2,1.0,49.0,False
49116,2024-10-23 10:00:00+00:00,2024-10-23 09:00:00+00:00,1.07814,1.0,1.0788813829421997,0.0005073420470580459,2,1.0,49.0,False
49117,2024-10-23 11:00:00+00:00,2024-10-23 10:00:00+00:00,1.07876,0.5666666666666667,1.07896089553833,0.0005673908744938672,2,1.0,49.0,False
49118,2024-10-23 12:00:00+00:00,2024-10-23 11:00:00+00:00,1.0782,0.23333333333333334,1.0783129930496216,0.0006519101443700492,3,1.0,49.0,False
49119,2024-10-23 13:00:00+00:00,2024-10-23 12:00:00+00:00,1.0777,0.8666666666666667,1.0782638788223267,0.0008403122774325311,3,1.0,49.0,False
49120,2024-10-23 14:00:00+00:00,2024-10-23 13:00:00+00:00,1.07628,0.5333333333333333,1.0767565965652466,0.0010578606743365526,4,1.0,49.0,False
49121,2024-10-23 15:00:00+00:00,2024-10-23 14:00:00+00:00,1.07741,0.2,1.0773231983184814,0.000763493066187948,3,1.0,49.0,False
49122,2024-10-23 16:00:00+00:00,2024-10-23 15:00:00+00:00,1.07746,0.3,1.077246904373169,0.0008873819606378675,3,1.0,49.0,False
49123,2024-10-23 17:00:00+00:00,2024-10-23 16:00:00+00:00,1.07742,0.23333333333333334,1.077245831489563,0.000603150692768395,3,1.0,49.0,False
49124,2024-10-23 18:00:00+00:00,2024-10-23 17:00:00+00:00,1.07784,0.3,1.077080249786377,0.0008375226170755923,3,1.0,49.0,False
49125,2024-10-23 19:00:00+00:00,2024-10-23 18:00:00+00:00,1.07726,0.16666666666666666,1.0769346952438354,0.000543132540769875,3,1.0,49.0,False
49126,2024-10-23 20:00:00+00:00,2024-10-23 19:00:00+00:00,1.07684,0.13333333333333333,1.0767948627471924,0.00041305471677333117,2,1.0,49.0,False
49127,2024-10-23 21:00:00+00:00,2024-10-23 20:00:00+00:00,1.078,0.4666666666666667,1.0775649547576904,0.000584848050493747,2,1.0,49.0,False
49128,2024-10-23 22:00:00+00:00,2024-10-23 21:00:00+00:00,1.07854,0.7,1.0782265663146973,0.0005276573356240988,2,1.0,49.0,False
49129,2024-10-23 23:00:00+00:00,2024-10-23 22:00:00+00:00,1.07809,0.5666666666666667,1.0782313346862793,0.0005710534169338644,2,1.0,49.0,False
49130,2024-10-24 00:00:00+00:00,2024-10-23 23:00:00+00:00,1.07821,0.43333333333333335,1.0776855945587158,0.0005818636855110526,2,1.0,49.0,False
49131,2024-10-24 01:00:00+00:00,2024-10-24 00:00:00+00:00,1.07818,0.6666666666666666,1.078349232673645,0.0007315900875255466,3,1.0,49.0,False
49132,2024-10-24 02:00:00+00:00,2024-10-24 01:00:00+00:00,1.07801,0.8,1.078734278678894,0.00045475957449525595,2,1.0,49.0,False
49133,2024-10-24 03:00:00+00:00,2024-10-24 02:00:00+00:00,1.07882,0.7666666666666667,1.0787122249603271,0.0004797451547347009,2,1.0,49.0,False
49134,2024-10-24 04:00:00+00:00,2024-10-24 03:00:00+00:00,1.07825,0.8,1.0787602663040161,0.00045366285485215485,2,1.0,49.0,False
49135,2024-10-24 05:00:00+00:00,2024-10-24 04:00:00+00:00,1.07871,0.8,1.0787550210952759,0.00045351980952546,2,1.0,49.0,False
49136,2024-10-24 06:00:00+00:00,2024-10-24 05:00:00+00:00,1.07864,0.8,1.078893780708313,0.0006229967693798244,3,1.0,49.0,False
49137,2024-10-24 07:00:00+00:00,2024-10-24 06:00:00+00:00,1.07925,0.16666666666666666,1.0787264108657837,0.0007452853606082499,3,1.0,49.0,False
49138,2024-10-24 08:00:00+00:00,2024-10-24 07:00:00+00:00,1.07881,0.8666666666666667,1.0790282487869263,0.0006558548775501549,3,1.0,49.0,False
49139,2024-10-24 09:00:00+00:00,2024-10-24 08:00:00+00:00,1.0783,0.6,1.077983021736145,0.0005692869308404624,2,1.0,49.0,False
49140,2024-10-24 10:00:00+00:00,2024-10-24 09:00:00+00:00,1.07948,0.06666666666666667,1.078744649887085,0.0005179467843845487,3,1.0,49.0,False
49141,2024-10-24 11:00:00+00:00,2024-10-24 10:00:00+00:00,1.08027,0.0,1.0796178579330444,0.0004862843779847026,2,1.0,49.0,False
49142,2024-10-24 12:00:00+00:00,2024-10-24 11:00:00+00:00,1.07967,0.16666666666666666,1.079052209854126,0.0005842094542458653,3,1.0,49.0,False
49143,2024-10-24 13:00:00+00:00,2024-10-24 12:00:00+00:00,1.07986,0.7,1.0800122022628784,0.0005270788678899407,4,1.0,49.0,False
49144,2024-10-24 14:00:00+00:00,2024-10-24 13:00:00+00:00,1.07946,0.4,1.0793837308883667,0.0006654665339738131,3,1.0,49.0,False
49145,2024-10-24 15:00:00+00:00,2024-10-24 14:00:00+00:00,1.07961,0.2,1.0790631771087646,0.0006449790671467781,3,1.0,49.0,False
49146,2024-10-24 16:00:00+00:00,2024-10-24 15:00:00+00:00,1.07996,0.5333333333333333,1.0798345804214478,0.0005336246103979647,5,1.0,49.0,False
49147,2024-10-24 17:00:00+00:00,2024-10-24 16:00:00+00:00,1.07973,0.8,1.080229640007019,0.0004283271264284849,3,1.0,49.0,False
49148,2024-10-24 18:00:00+00:00,2024-10-24 17:00:00+00:00,1.08047,0.5333333333333333,1.0802465677261353,0.0005259346216917038,4,1.0,49.0,False
49149,2024-10-24 19:00:00+00:00,2024-10-24 18:00:00+00:00,1.08105,0.1,1.08060622215271,0.00041832210263237357,4,1.0,49.0,False
49150,2024-10-24 20:00:00+00:00,2024-10-24 19:00:00+00:00,1.08205,0.4,1.0819568634033203,0.0005479399114847183,6,1.0,49.0,False
49151,2024-10-24 21:00:00+00:00,2024-10-24 20:00:00+00:00,1.08224,0.6666666666666666,1.0825165510177612,0.0005094343796372414,6,1.0,49.0,False
49152,2024-10-24 22:00:00+00:00,2024-10-24 21:00:00+00:00,1.08285,0.5333333333333333,1.0828583240509033,0.00048608650104142725,6,1.0,49.0,False
49153,2024-10-24 23:00:00+00:00,2024-10-24 22:00:00+00:00,1.0827,0.9333333333333333,1.083290696144104,0.0004381640173960477,4,1.0,49.0,False
49154,2024-10-25 00:00:00+00:00,2024-10-24 23:00:00+00:00,1.08277,0.4666666666666667,1.082872986793518,0.0005199803272262216,6,1.0,49.0,False
49155,2024-10-25 01:00:00+00:00,2024-10-25 00:00:00+00:00,1.08238,0.8,1.082785964012146,0.0005158753483556211,6,1.0,49.0,False
49156,2024-10-25 02:00:00+00:00,2024-10-25 01:00:00+00:00,1.08234,0.6,1.0824029445648193,0.0004922249936498702,6,1.0,49.0,False
49157,2024-10-25 03:00:00+00:00,2024-10-25 02:00:00+00:00,1.08213,0.4666666666666667,1.082018494606018,0.00040104991057887673,5,1.0,49.0,False
49158,2024-10-25 04:00:00+00:00,2024-10-25 03:00:00+00:00,1.08231,0.43333333333333335,1.0820790529251099,0.0004388402448967099,5,1.0,49.0,False
49159,2024-10-25 05:00:00+00:00,2024-10-25 04:00:00+00:00,1.08254,0.3333333333333333,1.0823841094970703,0.00047726568300276995,6,1.0,49.0,False
49160,2024-10-25 06:00:00+00:00,2024-10-25 05:00:00+00:00,1.08212,0.2,1.0816295146942139,0.0003132900164928287,4,1.0,49.0,False
49161,2024-10-25 07:00:00+00:00,2024-10-25 06:00:00+00:00,1.08213,0.06666666666666667,1.081433653831482,0.0004350479575805366,6,1.0,49.0,False
49162,2024-10-25 08:00:00+00:00,2024-10-25 07:00:00+00:00,1.08212,0.7,1.0822734832763672,0.0005428112926892936,6,1.0,49.0,False
49163,2024-10-25 09:00:00+00:00,2024-10-25 08:00:00+00:00,1.08152,0.26666666666666666,1.0814573764801025,0.00045295991003513336,6,1.0,49.0,False
49164,2024-10-25 10:00:00+00:00,2024-10-25 09:00:00+00:00,1.08239,0.7333333333333333,1.0828741788864136,0.0007639247342012823,8,1.0,49.0,False
49165,2024-10-25 11:00:00+00:00,2024-10-25 10:00:00+00:00,1.08234,0.8666666666666667,1.083138108253479,0.0006575093721039593,6,1.0,49.0,False
49166,2024-10-25 12:00:00+00:00,2024-10-25 11:00:00+00:00,1.08224,0.7333333333333333,1.0825258493423462,0.0005437853978946805,6,1.0,49.0,False
49167,2024-10-25 13:00:00+00:00,2024-10-25 12:00:00+00:00,1.08237,0.5666666666666667,1.082406759262085,0.000528345350176096,6,1.0,49.0,False
49168,2024-10-25 14:00:00+00:00,2024-10-25 13:00:00+00:00,1.0821,0.5,1.0822429656982422,0.00078535609645769,8,1.0,49.0,False
49169,2024-10-25 15:00:00+00:00,2024-10-25 14:00:00+00:00,1.0838,0.13333333333333333,1.0829341411590576,0.0007245147717185318,6,1.0,49.0,False
49170,2024-10-25 16:00:00+00:00,2024-10-25 15:00:00+00:00,1.08339,0.5333333333333333,1.0831512212753296,0.000415574962971732,6,1.0,49.0,False
49171,2024-10-25 17:00:00+00:00,2024-10-25 16:00:00+00:00,1.08302,0.9333333333333333,1.0837652683258057,0.000548618845641613,5,1.0,49.0,False
49172,2024-10-25 18:00:00+00:00,2024-10-25 17:00:00+00:00,1.08119,0.9333333333333333,1.081540584564209,0.0005328327533788979,8,1.0,49.0,False
49173,2024-10-25 19:00:00+00:00,2024-10-25 18:00:00+00:00,1.08047,0.6333333333333333,1.0805665254592896,0.0005549576017074287,5,1.0,49.0,False
49174,2024-10-25 20:00:00+00:00,2024-10-25 19:00:00+00:00,1.08027,0.9,1.0806819200515747,0.00034920909092761576,5,1.0,49.0,False
49175,2024-10-25 21:00:00+00:00,2024-10-25 20:00:00+00:00,1.08026,0.8666666666666667,1.0810407400131226,0.0005664491327479482,6,1.0,49.0,False
49176,2024-10-25 22:00:00+00:00,2024-10-25 21:00:00+00:00,1.07953,0.9,1.0798639059066772,0.0006773664499633014,3,1.0,49.0,False
49177,2024-10-27 22:00:00+00:00,2024-10-25 22:00:00+00:00,1.07953,0.5666666666666667,1.079806923866272,0.0004706893232651055,2,48.0,49.0,True
49178,2024-10-27 23:00:00+00:00,2024-10-27 22:00:00+00:00,1.07936,0.5333333333333333,1.0793989896774292,0.0005547342007048428,3,1.0,49.0,False
49179,2024-10-28 00:00:00+00:00,2024-10-27 23:00:00+00:00,1.07952,0.4666666666666667,1.0794126987457275,0.0004531769664026797,2,1.0,49.0,False
49180,2024-10-28 01:00:00+00:00,2024-10-28 00:00:00+00:00,1.07955,0.7666666666666667,1.079717993736267,0.000405870407121256,3,1.0,49.0,False
49181,2024-10-28 02:00:00+00:00,2024-10-28 01:00:00+00:00,1.07935,0.9,1.079870343208313,0.00031690439209342003,4,1.0,49.0,False
49182,2024-10-28 03:00:00+00:00,2024-10-28 02:00:00+00:00,1.07905,0.43333333333333335,1.0791021585464478,0.0004541489761322737,2,1.0,49.0,False
49183,2024-10-28 04:00:00+00:00,2024-10-28 03:00:00+00:00,1.07879,0.5,1.0789090394973755,0.00046277043293230236,2,1.0,49.0,False
49184,2024-10-28 05:00:00+00:00,2024-10-28 04:00:00+00:00,1.07824,0.16666666666666666,1.0783613920211792,0.0003462615713942796,2,1.0,49.0,False
49185,2024-10-28 06:00:00+00:00,2024-10-28 05:00:00+00:00,1.07872,0.9,1.0793101787567139,0.000537901243660599,6,1.0,49.0,False
49186,2024-10-28 07:00:00+00:00,2024-10-28 06:00:00+00:00,1.07872,0.3333333333333333,1.0783087015151978,0.0006086922367103398,3,1.0,49.0,False
49187,2024-10-28 08:00:00+00:00,2024-10-28 07:00:00+00:00,1.07937,0.06666666666666667,1.0789464712142944,0.0005467602168209851,4,1.0,49.0,False
49188,2024-10-28 09:00:00+00:00,2024-10-28 08:00:00+00:00,1.08039,0.7333333333333333,1.0807420015335083,0.0007905039819888771,8,1.0,49.0,False
49189,2024-10-28 10:00:00+00:00,2024-10-28 09:00:00+00:00,1.08187,0.1,1.0810010433197021,0.0007681935094296932,7,1.0,49.0,False
49190,2024-10-28 11:00:00+00:00,2024-10-28 10:00:00+00:00,1.08126,0.7,1.0814776420593262,0.000547895033378154,7,1.0,49.0,False
49191,2024-10-28 12:00:00+00:00,2024-10-28 11:00:00+00:00,1.08164,0.6333333333333333,1.081524133682251,0.0006296987412497401,5,1.0,49.0,False
49192,2024-10-28 13:00:00+00:00,2024-10-28 12:00:00+00:00,1.0819,0.6666666666666666,1.0819052457809448,0.0007658399408683181,8,1.0,49.0,False
49193,2024-10-28 14:00:00+00:00,2024-10-28 13:00:00+00:00,1.08149,0.7333333333333333,1.0820157527923584,0.0007242815918289125,6,1.0,49.0,False
49194,2024-10-28 15:00:00+00:00,2024-10-28 14:00:00+00:00,1.08199,0.6666666666666666,1.0822678804397583,0.0007062554941512644,8,1.0,49.0,False
49195,2024-10-28 16:00:00+00:00,2024-10-28 15:00:00+00:00,1.08237,0.9333333333333333,1.0828816890716553,0.000515625171829015,6,1.0,49.0,False
49196,2024-10-28 17:00:00+00:00,2024-10-28 16:00:00+00:00,1.08183,0.6,1.0818785429000854,0.0004952149465680122,6,1.0,49.0,False
49197,2024-10-28 18:00:00+00:00,2024-10-28 17:00:00+00:00,1.08151,0.4,1.0816025733947754,0.00043386517791077495,6,1.0,49.0,False
49198,2024-10-28 19:00:00+00:00,2024-10-28 18:00:00+00:00,1.08133,0.9333333333333333,1.0815815925598145,0.000358668330591172,6,1.0,49.0,False
49199,2024-10-28 20:00:00+00:00,2024-10-28 19:00:00+00:00,1.08117,0.7333333333333333,1.0812605619430542,0.000416458206018433,6,1.0,49.0,False
49200,2024-10-28 21:00:00+00:00,2024-10-28 20:00:00+00:00,1.08147,0.9,1.0816950798034668,0.00040831457590684295,6,1.0,49.0,False
49201,2024-10-28 22:00:00+00:00,2024-10-28 21:00:00+00:00,1.08113,0.43333333333333335,1.0810128450393677,0.00039061647839844227,5,1.0,49.0,False
49202,2024-10-28 23:00:00+00:00,2024-10-28 22:00:00+00:00,1.08134,0.26666666666666666,1.0811002254486084,0.0004370688402559608,6,1.0,49.0,False
49203,2024-10-29 00:00:00+00:00,2024-10-28 23:00:00+00:00,1.08121,0.43333333333333335,1.0813088417053223,0.00040228592115454376,6,1.0,49.0,False
49204,2024-10-29 01:00:00+00:00,2024-10-29 00:00:00+00:00,1.08171,0.9,1.0818949937820435,0.00025926949456334114,4,1.0,49.0,False
49205,2024-10-29 02:00:00+00:00,2024-10-29 01:00:00+00:00,1.08152,0.6333333333333333,1.0818235874176025,0.0004256271058693528,6,1.0,49.0,False
49206,2024-10-29 03:00:00+00:00,2024-10-29 02:00:00+00:00,1.08152,0.4666666666666667,1.0814793109893799,0.00045348983258008957,6,1.0,49.0,False
49207,2024-10-29 04:00:00+00:00,2024-10-29 03:00:00+00:00,1.08118,0.7666666666666667,1.0813738107681274,0.0003957861044909805,6,1.0,49.0,False
49208,2024-10-29 05:00:00+00:00,2024-10-29 04:00:00+00:00,1.08074,0.5666666666666667,1.080761194229126,0.0004482842923607677,6,1.0,49.0,False
49209,2024-10-29 06:00:00+00:00,2024-10-29 05:00:00+00:00,1.08082,0.3333333333333333,1.0805660486221313,0.0005718302563764155,8,1.0,49.0,False
49210,2024-10-29 07:00:00+00:00,2024-10-29 06:00:00+00:00,1.08106,0.4666666666666667,1.0810291767120361,0.0006127072847448289,7,1.0,49.0,False
49211,2024-10-29 08:00:00+00:00,2024-10-29 07:00:00+00:00,1.08109,0.4666666666666667,1.0810191631317139,0.00041613669600337744,6,1.0,49.0,False
49212,2024-10-29 09:00:00+00:00,2024-10-29 08:00:00+00:00,1.0809,0.43333333333333335,1.0809279680252075,0.00045572881936095655,6,1.0,49.0,False
49213,2024-10-29 10:00:00+00:00,2024-10-29 09:00:00+00:00,1.0818,0.06666666666666667,1.0814452171325684,0.0005336246103979647,8,1.0,49.0,False
49214,2024-10-29 11:00:00+00:00,2024-10-29 10:00:00+00:00,1.08173,0.7,1.0818482637405396,0.00068296940298751,7,1.0,49.0,False
49215,2024-10-29 12:00:00+00:00,2024-10-29 11:00:00+00:00,1.08051,0.4,1.0806279182434082,0.0003740783722605556,6,1.0,49.0,False
49216,2024-10-29 13:00:00+00:00,2024-10-29 12:00:00+00:00,1.07987,0.1,1.0796571969985962,0.0005150141660124063,5,1.0,49.0,False
49217,2024-10-29 14:00:00+00:00,2024-10-29 13:00:00+00:00,1.07771,0.6666666666666666,1.078162431716919,0.0009242300293408334,4,1.0,49.0,False
49218,2024-10-29 15:00:00+00:00,2024-10-29 14:00:00+00:00,1.07868,0.43333333333333335,1.0782886743545532,0.0007786734495311975,6,1.0,49.0,False
49219,2024-10-29 16:00:00+00:00,2024-10-29 15:00:00+00:00,1.08001,0.5,1.0800786018371582,0.0005511406343430281,7,1.0,49.0,False
49220,2024-10-29 17:00:00+00:00,2024-10-29 16:00:00+00:00,1.07972,0.3333333333333333,1.0795046091079712,0.0005307006649672985,6,1.0,49.0,False
49221,2024-10-29 18:00:00+00:00,2024-10-29 17:00:00+00:00,1.07982,0.23333333333333334,1.0794612169265747,0.0004461738280951977,7,1.0,49.0,False
49222,2024-10-29 19:00:00+00:00,2024-10-29 18:00:00+00:00,1.08054,0.4,1.0802868604660034,0.0005003832629881799,6,1.0,49.0,False
49223,2024-10-29 20:00:00+00:00,2024-10-29 19:00:00+00:00,1.08129,0.0,1.0807980298995972,0.0004306714399717748,6,1.0,49.0,False
49224,2024-10-29 21:00:00+00:00,2024-10-29 20:00:00+00:00,1.08136,0.0,1.0808939933776855,0.0004308299394324422,6,1.0,49.0,False
49225,2024-10-29 22:00:00+00:00,2024-10-29 21:00:00+00:00,1.08175,0.0,1.0813482999801636,0.0003219785285182297,5,1.0,49.0,False
49226,2024-10-29 23:00:00+00:00,2024-10-29 22:00:00+00:00,1.08144,0.7333333333333333,1.0814927816390991,0.0003154102305416018,5,1.0,49.0,False
49227,2024-10-30 00:00:00+00:00,2024-10-29 23:00:00+00:00,1.08195,0.0,1.0814672708511353,0.00042596060666255653,5,1.0,49.0,False
49228,2024-10-30 01:00:00+00:00,2024-10-30 00:00:00+00:00,1.08193,0.13333333333333333,1.081795573234558,0.0005338005721569061,7,1.0,49.0,False
49229,2024-10-30 02:00:00+00:00,2024-10-30 01:00:00+00:00,1.08213,0.13333333333333333,1.0819966793060303,0.0004245301824994385,5,1.0,49.0,False
49230,2024-10-30 03:00:00+00:00,2024-10-30 02:00:00+00:00,1.08211,0.1,1.0819778442382812,0.0004496704787015915,5,1.0,49.0,False
49231,2024-10-30 04:00:00+00:00,2024-10-30 03:00:00+00:00,1.08175,0.43333333333333335,1.0815620422363281,0.00035750650567933917,6,1.0,49.0,False
49232,2024-10-30 05:00:00+00:00,2024-10-30 04:00:00+00:00,1.08135,0.6,1.0812979936599731,0.0003926859935745597,6,1.0,49.0,False
49233,2024-10-30 06:00:00+00:00,2024-10-30 05:00:00+00:00,1.0816,0.7666666666666667,1.0816301107406616,0.00036187624209560454,6,1.0,49.0,False
49234,2024-10-30 07:00:00+00:00,2024-10-30 06:00:00+00:00,1.08151,0.7333333333333333,1.0817521810531616,0.0006066017667762935,5,1.0,49.0,False
49235,2024-10-30 08:00:00+00:00,2024-10-30 07:00:00+00:00,1.08231,0.1,1.0818631649017334,0.0004951557493768632,7,1.0,49.0,False
49236,2024-10-30 09:00:00+00:00,2024-10-30 08:00:00+00:00,1.08184,0.8666666666666667,1.081947922706604,0.00044034517486579716,6,1.0,49.0,False
49237,2024-10-30 10:00:00+00:00,2024-10-30 09:00:00+00:00,1.08339,0.9,1.08357572555542,0.0003673620813060552,4,1.0,49.0,False
49238,2024-10-30 11:00:00+00:00,2024-10-30 10:00:00+00:00,1.08392,0.6333333333333333,1.0837931632995605,0.00039941820432431996,4,1.0,49.0,False
49239,2024-10-30 12:00:00+00:00,2024-10-30 11:00:00+00:00,1.08337,0.4666666666666667,1.0831927061080933,0.0005722065106965601,6,1.0,49.0,False
49240,2024-10-30 13:00:00+00:00,2024-10-30 12:00:00+00:00,1.08237,0.6666666666666666,1.0824540853500366,0.0006577924941666424,10,1.0,49.0,False
49241,2024-10-30 14:00:00+00:00,2024-10-30 13:00:00+00:00,1.08136,0.4,1.0814486742019653,0.000738064234610647,10,1.0,49.0,False
49242,2024-10-30 15:00:00+00:00,2024-10-30 14:00:00+00:00,1.08431,0.23333333333333334,1.0836358070373535,0.0009158774628303945,14,1.0,49.0,False
49243,2024-10-30 16:00:00+00:00,2024-10-30 15:00:00+00:00,1.08485,0.8,1.0850741863250732,0.0005576782859861851,9,1.0,49.0,False
49244,2024-10-30 17:00:00+00:00,2024-10-30 16:00:00+00:00,1.08634,0.26666666666666666,1.0859596729278564,0.0006441284203901887,11,1.0,49.0,False
49245,2024-10-30 18:00:00+00:00,2024-10-30 17:00:00+00:00,1.08606,0.4666666666666667,1.0861146450042725,0.000509552308358252,8,1.0,49.0,False
49246,2024-10-30 19:00:00+00:00,2024-10-30 18:00:00+00:00,1.08656,0.06666666666666667,1.0858614444732666,0.00039649338577874005,8,1.0,49.0,False
49247,2024-10-30 20:00:00+00:00,2024-10-30 19:00:00+00:00,1.08688,0.3,1.0866059064865112,0.0004172864428255707,9,1.0,49.0,False
49248,2024-10-30 21:00:00+00:00,2024-10-30 20:00:00+00:00,1.086,0.0,1.0854161977767944,0.0003613095614127815,4,1.0,49.0,False
49249,2024-10-30 22:00:00+00:00,2024-10-30 21:00:00+00:00,1.08549,0.5,1.0854393243789673,0.00026404857635498047,2,1.0,49.0,False
49250,2024-10-30 23:00:00+00:00,2024-10-30 22:00:00+00:00,1.08569,0.0,1.0853335857391357,0.0002594993566162884,3,1.0,49.0,False
49251,2024-10-31 00:00:00+00:00,2024-10-30 23:00:00+00:00,1.08582,0.6666666666666666,1.0859099626541138,0.0005088956095278263,8,1.0,49.0,False
49252,2024-10-31 01:00:00+00:00,2024-10-31 00:00:00+00:00,1.08577,0.6,1.0859280824661255,0.0005498688551597297,10,1.0,49.0,False
49253,2024-10-31 02:00:00+00:00,2024-10-31 01:00:00+00:00,1.08528,0.6333333333333333,1.0854880809783936,0.0003295445058029145,4,1.0,49.0,False
49254,2024-10-31 03:00:00+00:00,2024-10-31 02:00:00+00:00,1.08442,0.7,1.084777593612671,0.0004137346986681223,4,1.0,49.0,False
49255,2024-10-31 04:00:00+00:00,2024-10-31 03:00:00+00:00,1.08484,1.0,1.0850201845169067,0.00023676329874433577,3,1.0,49.0,False
49256,2024-10-31 05:00:00+00:00,2024-10-31 04:00:00+00:00,1.08494,0.9333333333333333,1.085326075553894,0.00031757616670802236,4,1.0,49.0,False
49257,2024-10-31 06:00:00+00:00,2024-10-31 05:00:00+00:00,1.08474,0.8,1.0851056575775146,0.000455611472716555,6,1.0,49.0,False
49258,2024-10-31 07:00:00+00:00,2024-10-31 06:00:00+00:00,1.08509,0.4,1.0851565599441528,0.0004798476875294,7,1.0,49.0,False
49259,2024-10-31 08:00:00+00:00,2024-10-31 07:00:00+00:00,1.08513,0.5333333333333333,1.0851707458496094,0.00045015118666924536,9,1.0,49.0,False
49260,2024-10-31 09:00:00+00:00,2024-10-31 08:00:00+00:00,1.08584,0.5333333333333333,1.0857412815093994,0.00030856573721393943,6,1.0,49.0,False
49261,2024-10-31 10:00:00+00:00,2024-10-31 09:00:00+00:00,1.08556,0.4666666666666667,1.0858495235443115,0.0004507199046202004,8,1.0,49.0,False
49262,2024-10-31 11:00:00+00:00,2024-10-31 10:00:00+00:00,1.08647,0.7333333333333333,1.0867217779159546,0.0003785417939070612,10,1.0,49.0,False
49263,2024-10-31 12:00:00+00:00,2024-10-31 11:00:00+00:00,1.08666,0.7,1.0872979164123535,0.0006336001679301262,11,1.0,49.0,False
49264,2024-10-31 13:00:00+00:00,2024-10-31 12:00:00+00:00,1.08675,0.4666666666666667,1.0866132974624634,0.0005868459702469409,14,1.0,49.0,False
49265,2024-10-31 14:00:00+00:00,2024-10-31 13:00:00+00:00,1.08792,0.26666666666666666,1.0876567363739014,0.0003377239336259663,17,1.0,49.0,False
49266,2024-10-31 15:00:00+00:00,2024-10-31 14:00:00+00:00,1.08588,0.6,1.086188554763794,0.000970112276263535,16,1.0,49.0,False
49267,2024-10-31 16:00:00+00:00,2024-10-31 15:00:00+00:00,1.0865,0.7,1.0866856575012207,0.00036007683956995606,11,1.0,49.0,False
49268,2024-10-31 17:00:00+00:00,2024-10-31 16:00:00+00:00,1.0855,0.16666666666666666,1.0852432250976562,0.0003508887893985957,3,1.0,49.0,False
49269,2024-10-31 18:00:00+00:00,2024-10-31 17:00:00+00:00,1.08576,0.8333333333333334,1.0863643884658813,0.00048595629050396383,10,1.0,49.0,False
49270,2024-10-31 19:00:00+00:00,2024-10-31 18:00:00+00:00,1.08611,0.6,1.0861663818359375,0.0005243427003733814,11,1.0,49.0,False
49271,2024-10-31 20:00:00+00:00,2024-10-31 19:00:00+00:00,1.08701,0.23333333333333334,1.0868068933486938,0.00040361614082939923,12,1.0,49.0,False
49272,2024-10-31 21:00:00+00:00,2024-10-31 20:00:00+00:00,1.08768,0.3,1.0874427556991577,0.0003949115052819252,12,1.0,49.0,False
49273,2024-10-31 22:00:00+00:00,2024-10-31 21:00:00+00:00,1.08827,0.2,1.0879584550857544,0.0002402060927124694,10,1.0,49.0,False
49274,2024-10-31 23:00:00+00:00,2024-10-31 22:00:00+00:00,1.08819,0.13333333333333333,1.0878796577453613,0.00023058422084432095,11,1.0,49.0,False
49275,2024-11-01 00:00:00+00:00,2024-10-31 23:00:00+00:00,1.08856,0.26666666666666666,1.088319182395935,0.0003757737867999822,9,1.0,49.0,False
49276,2024-11-01 01:00:00+00:00,2024-11-01 00:00:00+00:00,1.08835,0.36666666666666664,1.0880776643753052,0.0003588100371416658,9,1.0,49.0,False
49277,2024-11-01 02:00:00+00:00,2024-11-01 01:00:00+00:00,1.08863,0.4666666666666667,1.0885242223739624,0.00033332168823108077,11,1.0,49.0,False
49278,2024-11-01 03:00:00+00:00,2024-11-01 02:00:00+00:00,1.08794,0.6,1.0881472826004028,0.00037016309215687215,10,1.0,49.0,False
49279,2024-11-01 04:00:00+00:00,2024-11-01 03:00:00+00:00,1.08777,0.7,1.0878781080245972,0.00020460382802411914,9,1.0,49.0,False
49280,2024-11-01 05:00:00+00:00,2024-11-01 04:00:00+00:00,1.08759,0.6,1.0875777006149292,0.000508718891069293,12,1.0,49.0,False
49281,2024-11-01 06:00:00+00:00,2024-11-01 05:00:00+00:00,1.08766,0.36666666666666664,1.0876652002334595,0.000394030794268474,12,1.0,49.0,False
49282,2024-11-01 07:00:00+00:00,2024-11-01 06:00:00+00:00,1.08711,0.9,1.0875617265701294,0.00036988724605180323,14,1.0,49.0,False
49283,2024-11-01 08:00:00+00:00,2024-11-01 07:00:00+00:00,1.08727,0.8333333333333334,1.0876656770706177,0.00039701274363324046,17,1.0,49.0,False
49284,2024-11-01 09:00:00+00:00,2024-11-01 08:00:00+00:00,1.08675,0.8666666666666667,1.0873528718948364,0.00047613875358365476,14,1.0,49.0,False
49285,2024-11-01 10:00:00+00:00,2024-11-01 09:00:00+00:00,1.08619,0.4,1.086114525794983,0.000428865198045969,7,1.0,49.0,False
49286,2024-11-01 11:00:00+00:00,2024-11-01 10:00:00+00:00,1.0858,0.6333333333333333,1.086016297340393,0.0003717496292665601,7,1.0,49.0,False
49287,2024-11-01 12:00:00+00:00,2024-11-01 11:00:00+00:00,1.08603,0.4,1.086058497428894,0.0004813575651496649,13,1.0,49.0,False
49288,2024-11-01 13:00:00+00:00,2024-11-01 12:00:00+00:00,1.08675,0.6,1.0869345664978027,0.0004664298612624407,16,1.0,49.0,False
49289,2024-11-01 14:00:00+00:00,2024-11-01 13:00:00+00:00,1.08858,0.5666666666666667,1.0887593030929565,0.0009430743521079421,18,1.0,49.0,False
49290,2024-11-01 15:00:00+00:00,2024-11-01 14:00:00+00:00,1.08679,0.7333333333333333,1.0870860815048218,0.0004984490806236863,15,1.0,49.0,False
49291,2024-11-01 16:00:00+00:00,2024-11-01 15:00:00+00:00,1.08539,0.8333333333333334,1.0856671333312988,0.0005015634233132005,7,1.0,49.0,False
49292,2024-11-01 17:00:00+00:00,2024-11-01 16:00:00+00:00,1.08481,0.8333333333333334,1.0851237773895264,0.0004825377545785159,7,1.0,49.0,False
49293,2024-11-01 18:00:00+00:00,2024-11-01 17:00:00+00:00,1.08521,0.36666666666666664,1.084959626197815,0.00045894418144598603,5,1.0,49.0,False
49294,2024-11-01 19:00:00+00:00,2024-11-01 18:00:00+00:00,1.08356,0.8,1.0836665630340576,0.0005367779522202909,7,1.0,49.0,False
49295,2024-11-01 20:00:00+00:00,2024-11-01 19:00:00+00:00,1.08385,0.5666666666666667,1.0839359760284424,0.0003400934219826013,5,1.0,49.0,False
49296,2024-11-01 21:00:00+00:00,2024-11-01 20:00:00+00:00,1.08353,0.6666666666666666,1.0838813781738281,0.0003135385049972683,5,1.0,49.0,False
49297,2024-11-03 23:00:00+00:00,2024-11-01 21:00:00+00:00,1.08331,0.6,1.0836517810821533,0.00030563442851416767,5,50.0,49.0,True
49298,2024-11-04 00:00:00+00:00,2024-11-03 23:00:00+00:00,1.08804,0.4666666666666667,1.0880178213119507,0.000590807176195085,9,1.0,50.0,False
49299,2024-11-04 01:00:00+00:00,2024-11-04 00:00:00+00:00,1.08721,0.2,1.0869301557540894,0.0005073958891443908,13,1.0,50.0,False
49300,2024-11-04 02:00:00+00:00,2024-11-04 01:00:00+00:00,1.08765,0.26666666666666666,1.0873967409133911,0.0004251441569067538,11,1.0,50.0,False
49301,2024-11-04 03:00:00+00:00,2024-11-04 02:00:00+00:00,1.08877,0.1,1.088378667831421,0.00043746884330175817,7,1.0,50.0,False
49302,2024-11-04 04:00:00+00:00,2024-11-04 03:00:00+00:00,1.08938,0.8666666666666667,1.0896379947662354,0.0005020191892981529,5,1.0,50.0,False
49303,2024-11-04 05:00:00+00:00,2024-11-04 04:00:00+00:00,1.09011,0.36666666666666664,1.0900099277496338,0.0004864969232585281,6,1.0,50.0,False
49304,2024-11-04 06:00:00+00:00,2024-11-04 05:00:00+00:00,1.0897,0.5666666666666667,1.0897629261016846,0.0005190701922401786,7,1.0,50.0,False
49305,2024-11-04 07:00:00+00:00,2024-11-04 06:00:00+00:00,1.08984,0.7333333333333333,1.0900590419769287,0.000566838018130511,8,1.0,50.0,False
49306,2024-11-04 08:00:00+00:00,2024-11-04 07:00:00+00:00,1.08912,0.3333333333333333,1.0892030000686646,0.0004955387557856739,11,1.0,50.0,False
49307,2024-11-04 09:00:00+00:00,2024-11-04 08:00:00+00:00,1.08907,0.3,1.0891132354736328,0.0004164107085671276,9,1.0,50.0,False
49308,2024-11-04 10:00:00+00:00,2024-11-04 09:00:00+00:00,1.08923,0.6666666666666666,1.0896241664886475,0.0004848879761993885,7,1.0,50.0,False
49309,2024-11-04 11:00:00+00:00,2024-11-04 10:00:00+00:00,1.08956,0.6,1.089648962020874,0.00046034721890464425,7,1.0,50.0,False
49310,2024-11-04 12:00:00+00:00,2024-11-04 11:00:00+00:00,1.09012,0.4,1.089928150177002,0.0005766649264842272,8,1.0,50.0,False
49311,2024-11-04 13:00:00+00:00,2024-11-04 12:00:00+00:00,1.09132,0.5,1.0915366411209106,0.0005913306376896799,10,1.0,50.0,False
49312,2024-11-04 14:00:00+00:00,2024-11-04 13:00:00+00:00,1.09042,0.7,1.0906881093978882,0.0008594411192461848,15,1.0,50.0,False
49313,2024-11-04 15:00:00+00:00,2024-11-04 14:00:00+00:00,1.09047,0.5666666666666667,1.0906398296356201,0.0007144898409023881,10,1.0,50.0,False
49314,2024-11-04 16:00:00+00:00,2024-11-04 15:00:00+00:00,1.08994,0.7666666666666667,1.090132474899292,0.0004538049397524446,7,1.0,50.0,False
49315,2024-11-04 17:00:00+00:00,2024-11-04 16:00:00+00:00,1.08987,0.7,1.090099573135376,0.00045770086580887437,5,1.0,50.0,False
49316,2024-11-04 18:00:00+00:00,2024-11-04 17:00:00+00:00,1.08835,0.6333333333333333,1.0885974168777466,0.0003539396566338837,11,1.0,50.0,False
49317,2024-11-04 19:00:00+00:00,2024-11-04 18:00:00+00:00,1.08882,0.4666666666666667,1.0890430212020874,0.00037537774187512696,5,1.0,50.0,False
49318,2024-11-04 20:00:00+00:00,2024-11-04 19:00:00+00:00,1.08845,0.8,1.0885040760040283,0.00013433967251330614,7,1.0,50.0,False
49319,2024-11-04 21:00:00+00:00,2024-11-04 20:00:00+00:00,1.08784,0.6666666666666666,1.087905764579773,0.0002526172320358455,10,1.0,50.0,False
49320,2024-11-04 22:00:00+00:00,2024-11-04 21:00:00+00:00,1.08751,0.8,1.087748408317566,0.0002289984840899706,8,1.0,50.0,False
49321,2024-11-04 23:00:00+00:00,2024-11-04 22:00:00+00:00,1.08718,0.9666666666666667,1.0874921083450317,0.00021818607638124377,11,1.0,50.0,False
49322,2024-11-05 00:00:00+00:00,2024-11-04 23:00:00+00:00,1.08782,0.5333333333333333,1.0878710746765137,0.00042906502494588494,12,1.0,50.0,False
49323,2024-11-05 01:00:00+00:00,2024-11-05 00:00:00+00:00,1.08733,0.5666666666666667,1.0874136686325073,0.00029439255013130605,13,1.0,50.0,False
49324,2024-11-05 02:00:00+00:00,2024-11-05 01:00:00+00:00,1.08752,0.5333333333333333,1.087578296661377,0.0003046609926968813,13,1.0,50.0,False
49325,2024-11-05 03:00:00+00:00,2024-11-05 02:00:00+00:00,1.0877,0.4666666666666667,1.0875662565231323,0.00025119518977589905,10,1.0,50.0,False
49326,2024-11-05 04:00:00+00:00,2024-11-05 03:00:00+00:00,1.08768,0.6,1.087781548500061,0.0002518554392736405,10,1.0,50.0,False
49327,2024-11-05 05:00:00+00:00,2024-11-05 04:00:00+00:00,1.08752,0.4,1.0875591039657593,0.00020998233230784535,9,1.0,50.0,False
49328,2024-11-05 06:00:00+00:00,2024-11-05 05:00:00+00:00,1.08748,0.6,1.0875407457351685,0.00022612202155869454,12,1.0,50.0,False
49329,2024-11-05 07:00:00+00:00,2024-11-05 06:00:00+00:00,1.08782,0.5666666666666667,1.087786078453064,0.0002653317351359874,11,1.0,50.0,False
49330,2024-11-05 08:00:00+00:00,2024-11-05 07:00:00+00:00,1.08804,0.16666666666666666,1.0878522396087646,0.0003513527917675674,15,1.0,50.0,False
49331,2024-11-05 09:00:00+00:00,2024-11-05 08:00:00+00:00,1.08883,0.7,1.0891309976577759,0.00054007931612432,6,1.0,50.0,False
49332,2024-11-05 10:00:00+00:00,2024-11-05 09:00:00+00:00,1.08915,0.2,1.0888622999191284,0.0004141267272643745,5,1.0,50.0,False
49333,2024-11-05 11:00:00+00:00,2024-11-05 10:00:00+00:00,1.08915,0.6666666666666666,1.0891530513763428,0.0003756142978090793,4,1.0,50.0,False
49334,2024-11-05 12:00:00+00:00,2024-11-05 11:00:00+00:00,1.08935,0.36666666666666664,1.0892761945724487,0.0005102874129079282,9,1.0,50.0,False
49335,2024-11-05 13:00:00+00:00,2024-11-05 12:00:00+00:00,1.0899,0.5333333333333333,1.089831829071045,0.0007538616191595793,12,1.0,50.0,False
49336,2024-11-05 14:00:00+00:00,2024-11-05 13:00:00+00:00,1.08954,0.3333333333333333,1.0893867015838623,0.0006550204125232995,13,1.0,50.0,False
49337,2024-11-05 15:00:00+00:00,2024-11-05 14:00:00+00:00,1.08923,0.43333333333333335,1.0889935493469238,0.00047035416355356574,11,1.0,50.0,False
49338,2024-11-05 16:00:00+00:00,2024-11-05 15:00:00+00:00,1.09045,0.5666666666666667,1.0906184911727905,0.00047502489178441465,8,1.0,50.0,False
49339,2024-11-05 17:00:00+00:00,2024-11-05 16:00:00+00:00,1.09015,0.23333333333333334,1.0896042585372925,0.00042113923700526357,4,1.0,50.0,False
49340,2024-11-05 18:00:00+00:00,2024-11-05 17:00:00+00:00,1.09195,0.16666666666666666,1.0914095640182495,0.0005895140930078924,11,1.0,50.0,False
49341,2024-11-05 19:00:00+00:00,2024-11-05 18:00:00+00:00,1.09298,0.2,1.092584252357483,0.00046765035949647427,9,1.0,50.0,False
49342,2024-11-05 20:00:00+00:00,2024-11-05 19:00:00+00:00,1.09298,0.7333333333333333,1.0931051969528198,0.00042194800334982574,9,1.0,50.0,False
49343,2024-11-05 21:00:00+00:00,2024-11-05 20:00:00+00:00,1.09305,0.0,1.0924534797668457,0.00025770338834263384,5,1.0,50.0,False
49344,2024-11-05 22:00:00+00:00,2024-11-05 21:00:00+00:00,1.09247,0.7,1.0925309658050537,0.00036424974678084254,5,1.0,50.0,False
49345,2024-11-05 23:00:00+00:00,2024-11-05 22:00:00+00:00,1.09257,0.23333333333333334,1.09250807762146,0.0003358956309966743,6,1.0,50.0,False
49346,2024-11-06 00:00:00+00:00,2024-11-05 23:00:00+00:00,1.09234,0.8,1.0924588441848755,0.0002578113053459674,6,1.0,50.0,False
49347,2024-11-06 01:00:00+00:00,2024-11-06 00:00:00+00:00,1.09337,0.13333333333333333,1.0929173231124878,0.0003975828003603965,7,1.0,50.0,False
49348,2024-11-06 02:00:00+00:00,2024-11-06 01:00:00+00:00,1.08359,0.4,1.0838228464126587,0.0013270742492750287,17,1.0,50.0,False
49349,2024-11-06 03:00:00+00:00,2024-11-06 02:00:00+00:00,1.08357,0.5333333333333333,1.083781123161316,0.001161764608696103,22,1.0,50.0,False
49350,2024-11-06 04:00:00+00:00,2024-11-06 03:00:00+00:00,1.07619,0.5,1.0770677328109741,0.0025710933841764927,19,1.0,50.0,False
49351,2024-11-06 05:00:00+00:00,2024-11-06 04:00:00+00:00,1.07457,0.36666666666666664,1.0738275051116943,0.0016077716136351228,21,1.0,50.0,False
49352,2024-11-06 06:00:00+00:00,2024-11-06 05:00:00+00:00,1.07769,0.8666666666666667,1.0797101259231567,0.0021103015169501305,19,1.0,50.0,False
49353,2024-11-06 07:00:00+00:00,2024-11-06 06:00:00+00:00,1.07592,0.5666666666666667,1.0764002799987793,0.0017130525084212422,16,1.0,50.0,False
49354,2024-11-06 08:00:00+00:00,2024-11-06 07:00:00+00:00,1.07247,0.4,1.0717768669128418,0.002073566662147641,17,1.0,50.0,False
49355,2024-11-06 09:00:00+00:00,2024-11-06 08:00:00+00:00,1.07336,0.5333333333333333,1.0734859704971313,0.0011209110962226987,15,1.0,50.0,False
49356,2024-11-06 10:00:00+00:00,2024-11-06 09:00:00+00:00,1.07724,0.8333333333333334,1.0781733989715576,0.0012391720665618777,18,1.0,50.0,False
49357,2024-11-06 11:00:00+00:00,2024-11-06 10:00:00+00:00,1.07544,0.5,1.075615406036377,0.0013820690801367164,14,1.0,50.0,False
49358,2024-11-06 12:00:00+00:00,2024-11-06 11:00:00+00:00,1.07461,0.5,1.074690341949463,0.001951148035004735,18,1.0,50.0,False
49359,2024-11-06 13:00:00+00:00,2024-11-06 12:00:00+00:00,1.07077,0.3333333333333333,1.0705082416534424,0.0018620825139805675,13,1.0,50.0,False
49360,2024-11-06 14:00:00+00:00,2024-11-06 13:00:00+00:00,1.06881,0.6333333333333333,1.0691792964935303,0.0018407144816592336,12,1.0,50.0,False
49361,2024-11-06 15:00:00+00:00,2024-11-06 14:00:00+00:00,1.07094,0.7,1.0711750984191895,0.0009458028944209218,14,1.0,50.0,False
49362,2024-11-06 16:00:00+00:00,2024-11-06 15:00:00+00:00,1.07148,0.23333333333333334,1.0709501504898071,0.0007463400834240019,14,1.0,50.0,False
49363,2024-11-06 17:00:00+00:00,2024-11-06 16:00:00+00:00,1.07377,0.8333333333333334,1.0752640962600708,0.0011636753333732486,10,1.0,50.0,False
49364,2024-11-06 18:00:00+00:00,2024-11-06 17:00:00+00:00,1.07307,0.5666666666666667,1.0737248659133911,0.0013511372962966561,10,1.0,50.0,False
49365,2024-11-06 19:00:00+00:00,2024-11-06 18:00:00+00:00,1.07268,0.8333333333333334,1.0730667114257812,0.0005273986025713384,6,1.0,50.0,False
49366,2024-11-06 20:00:00+00:00,2024-11-06 19:00:00+00:00,1.07526,0.7,1.0756727457046509,0.0006658409838564694,5,1.0,50.0,False
49367,2024-11-06 21:00:00+00:00,2024-11-06 20:00:00+00:00,1.07345,0.6666666666666666,1.0739256143569946,0.0008156173280440271,7,1.0,50.0,False
49368,2024-11-06 22:00:00+00:00,2024-11-06 21:00:00+00:00,1.07347,0.8333333333333334,1.073901653289795,0.0003994275175500661,3,1.0,50.0,False
49369,2024-11-06 23:00:00+00:00,2024-11-06 22:00:00+00:00,1.07256,0.6,1.072737455368042,0.0006510044331662357,6,1.0,50.0,False
49370,2024-11-07 00:00:00+00:00,2024-11-06 23:00:00+00:00,1.07286,0.36666666666666664,1.0728672742843628,0.0005283360369503498,6,1.0,50.0,False
49371,2024-11-07 01:00:00+00:00,2024-11-07 00:00:00+00:00,1.07311,0.5666666666666667,1.0734859704971313,0.001000674325041473,8,1.0,50.0,False
49372,2024-11-07 02:00:00+00:00,2024-11-07 01:00:00+00:00,1.07206,0.43333333333333335,1.0722546577453613,0.000763517280574888,8,1.0,50.0,False
49373,2024-11-07 03:00:00+00:00,2024-11-07 02:00:00+00:00,1.07172,0.7,1.0718337297439575,0.0005815796321257949,6,1.0,50.0,False
49374,2024-11-07 04:00:00+00:00,2024-11-07 03:00:00+00:00,1.07363,0.5,1.0737688541412354,0.0006433019880205393,5,1.0,50.0,False
49375,2024-11-07 05:00:00+00:00,2024-11-07 04:00:00+00:00,1.07393,0.36666666666666664,1.0738643407821655,0.0004978039651177824,4,1.0,50.0,False
49376,2024-11-07 06:00:00+00:00,2024-11-07 05:00:00+00:00,1.07372,0.9,1.0743905305862427,0.0007459596963599324,5,1.0,50.0,False
49377,2024-11-07 07:00:00+00:00,2024-11-07 06:00:00+00:00,1.07457,0.6333333333333333,1.074549913406372,0.0006993271526880562,5,1.0,50.0,False
49378,2024-11-07 08:00:00+00:00,2024-11-07 07:00:00+00:00,1.07496,0.4,1.0748844146728516,0.0006648863200098276,4,1.0,50.0,False
49379,2024-11-07 09:00:00+00:00,2024-11-07 08:00:00+00:00,1.07516,0.5333333333333333,1.0755037069320679,0.0005537373945116997,6,1.0,50.0,False
49380,2024-11-07 10:00:00+00:00,2024-11-07 09:00:00+00:00,1.07685,0.3333333333333333,1.0768996477127075,0.0006195196765474975,11,1.0,50.0,False
49381,2024-11-07 11:00:00+00:00,2024-11-07 10:00:00+00:00,1.07458,0.3333333333333333,1.0744613409042358,0.000742661242838949,7,1.0,50.0,False
49382,2024-11-07 12:00:00+00:00,2024-11-07 11:00:00+00:00,1.07556,0.5,1.075498104095459,0.0006901446613483131,8,1.0,50.0,False
49383,2024-11-07 13:00:00+00:00,2024-11-07 12:00:00+00:00,1.07586,0.26666666666666666,1.0752440690994263,0.0008123855805024505,7,1.0,50.0,False
49384,2024-11-07 14:00:00+00:00,2024-11-07 13:00:00+00:00,1.07747,0.4,1.077488660812378,0.0007230695337057114,12,1.0,50.0,False
49385,2024-11-07 15:00:00+00:00,2024-11-07 14:00:00+00:00,1.07917,0.5666666666666667,1.0790265798568726,0.0008483119891025126,15,1.0,50.0,False
49386,2024-11-07 16:00:00+00:00,2024-11-07 15:00:00+00:00,1.08088,0.6333333333333333,1.0808552503585815,0.0006723767728544772,17,1.0,50.0,False
49387,2024-11-07 17:00:00+00:00,2024-11-07 16:00:00+00:00,1.08106,0.5,1.0811619758605957,0.0006473685498349369,13,1.0,50.0,False
49388,2024-11-07 18:00:00+00:00,2024-11-07 17:00:00+00:00,1.07909,0.4,1.079091191291809,0.0006248130812309682,12,1.0,50.0,False
49389,2024-11-07 19:00:00+00:00,2024-11-07 18:00:00+00:00,1.08044,0.3333333333333333,1.0802234411239624,0.0006434910465031862,12,1.0,50.0,False
49390,2024-11-07 20:00:00+00:00,2024-11-07 19:00:00+00:00,1.07935,0.7666666666666667,1.0797383785247803,0.0004663929285015911,8,1.0,50.0,False
49391,2024-11-07 21:00:00+00:00,2024-11-07 20:00:00+00:00,1.07812,0.6333333333333333,1.0782071352005005,0.0006458490388467908,9,1.0,50.0,False
49392,2024-11-07 22:00:00+00:00,2024-11-07 21:00:00+00:00,1.08017,0.9,1.0804564952850342,0.0004186751611996442,11,1.0,50.0,False
49393,2024-11-07 23:00:00+00:00,2024-11-07 22:00:00+00:00,1.07963,0.7666666666666667,1.0798362493515015,0.00043195136822760105,11,1.0,50.0,False
49394,2024-11-08 00:00:00+00:00,2024-11-07 23:00:00+00:00,1.08036,0.6333333333333333,1.0803900957107544,0.0006732486654073,15,1.0,50.0,False
49395,2024-11-08 01:00:00+00:00,2024-11-08 00:00:00+00:00,1.0795,0.7666666666666667,1.079738974571228,0.0006626603426411748,13,1.0,50.0,False
49396,2024-11-08 02:00:00+00:00,2024-11-08 01:00:00+00:00,1.079,0.6,1.079257845878601,0.0006022094166837633,9,1.0,50.0,False
49397,2024-11-08 03:00:00+00:00,2024-11-08 02:00:00+00:00,1.07863,0.23333333333333334,1.0783840417861938,0.00044806735240854323,9,1.0,50.0,False
49398,2024-11-08 04:00:00+00:00,2024-11-08 03:00:00+00:00,1.07804,0.9,1.0786300897598267,0.0005614323890767992,10,1.0,50.0,False
49399,2024-11-08 05:00:00+00:00,2024-11-08 04:00:00+00:00,1.07777,0.7333333333333333,1.0782086849212646,0.0003665429539978504,7,1.0,50.0,False
49400,2024-11-08 06:00:00+00:00,2024-11-08 05:00:00+00:00,1.07823,0.5,1.078453540802002,0.00060642248718068,13,1.0,50.0,False
49401,2024-11-08 07:00:00+00:00,2024-11-08 06:00:00+00:00,1.07812,0.6,1.0783644914627075,0.0005189945222809911,11,1.0,50.0,False
49402,2024-11-08 08:00:00+00:00,2024-11-08 07:00:00+00:00,1.07767,0.5666666666666667,1.077735424041748,0.0006144311628304422,8,1.0,50.0,False
49403,2024-11-08 09:00:00+00:00,2024-11-08 08:00:00+00:00,1.07793,0.5,1.0779272317886353,0.0006661168881691992,9,1.0,50.0,False
49404,2024-11-08 10:00:00+00:00,2024-11-08 09:00:00+00:00,1.07785,0.3333333333333333,1.0777448415756226,0.00047692895168438554,10,1.0,50.0,False
49405,2024-11-08 11:00:00+00:00,2024-11-08 10:00:00+00:00,1.07786,0.3333333333333333,1.0779389142990112,0.0005324263474904001,11,1.0,50.0,False
49406,2024-11-08 12:00:00+00:00,2024-11-08 11:00:00+00:00,1.07779,0.4666666666666667,1.0777040719985962,0.0007003501523286104,12,1.0,50.0,False
49407,2024-11-08 13:00:00+00:00,2024-11-08 12:00:00+00:00,1.07823,0.7333333333333333,1.078658938407898,0.0006815286469645798,11,1.0,50.0,False
49408,2024-11-08 14:00:00+00:00,2024-11-08 13:00:00+00:00,1.07714,0.8,1.0775368213653564,0.0006913596880622208,14,1.0,50.0,False
49409,2024-11-08 15:00:00+00:00,2024-11-08 14:00:00+00:00,1.07525,0.7333333333333333,1.0758564472198486,0.001384225208312273,14,1.0,50.0,False
49410,2024-11-08 16:00:00+00:00,2024-11-08 15:00:00+00:00,1.07509,0.8666666666666667,1.0764009952545166,0.000905541586689651,10,1.0,50.0,False
49411,2024-11-08 17:00:00+00:00,2024-11-08 16:00:00+00:00,1.07478,0.8,1.0753434896469116,0.0005941890412941575,7,1.0,50.0,False
49412,2024-11-08 18:00:00+00:00,2024-11-08 17:00:00+00:00,1.07092,0.8333333333333334,1.0718683004379272,0.0009769019670784473,13,1.0,50.0,False
49413,2024-11-08 19:00:00+00:00,2024-11-08 18:00:00+00:00,1.07085,0.26666666666666666,1.0703171491622925,0.0009260798105970025,13,1.0,50.0,False
49414,2024-11-08 20:00:00+00:00,2024-11-08 19:00:00+00:00,1.0706,0.26666666666666666,1.0702794790267944,0.0006776032387278974,11,1.0,50.0,False
49415,2024-11-08 21:00:00+00:00,2024-11-08 20:00:00+00:00,1.07133,0.36666666666666664,1.0710285902023315,0.0006551860715262592,8,1.0,50.0,False
49416,2024-11-10 23:00:00+00:00,2024-11-08 21:00:00+00:00,1.0717,0.2,1.0711500644683838,0.0006423340528272092,8,50.0,50.0,True
49417,2024-11-11 00:00:00+00:00,2024-11-10 23:00:00+00:00,1.07086,0.7,1.0710599422454834,0.0006563204806298018,8,1.0,50.0,False
49418,2024-11-11 01:00:00+00:00,2024-11-11 00:00:00+00:00,1.07127,0.5,1.0713311433792114,0.0006122578633949161,8,1.0,50.0,False
49419,2024-11-11 02:00:00+00:00,2024-11-11 01:00:00+00:00,1.07163,0.5333333333333333,1.0714666843414307,0.0005155701073817909,7,1.0,50.0,False
49420,2024-11-11 03:00:00+00:00,2024-11-11 02:00:00+00:00,1.07196,0.03333333333333333,1.0714936256408691,0.0004057627229485661,5,1.0,50.0,False
49421,2024-11-11 04:00:00+00:00,2024-11-11 03:00:00+00:00,1.07222,0.06666666666666667,1.071869969367981,0.0003033771354239434,4,1.0,50.0,False
49422,2024-11-11 05:00:00+00:00,2024-11-11 04:00:00+00:00,1.07162,0.8333333333333334,1.07186758518219,0.0003483275359030813,3,1.0,50.0,False
49423,2024-11-11 06:00:00+00:00,2024-11-11 05:00:00+00:00,1.07134,0.4666666666666667,1.0712413787841797,0.0004729187930934131,5,1.0,50.0,False
49424,2024-11-11 07:00:00+00:00,2024-11-11 06:00:00+00:00,1.07169,0.13333333333333333,1.0714948177337646,0.0005552663351409137,5,1.0,50.0,False
49425,2024-11-11 08:00:00+00:00,2024-11-11 07:00:00+00:00,1.07204,0.3,1.0717650651931763,0.0006245446857064962,6,1.0,50.0,False
49426,2024-11-11 09:00:00+00:00,2024-11-11 08:00:00+00:00,1.06896,0.43333333333333335,1.0686661005020142,0.0009792832424864173,13,1.0,50.0,False
49427,2024-11-11 10:00:00+00:00,2024-11-11 09:00:00+00:00,1.06869,0.16666666666666666,1.0675806999206543,0.0010774298571050167,9,1.0,50.0,False
49428,2024-11-11 11:00:00+00:00,2024-11-11 10:00:00+00:00,1.06811,0.2,1.067339301109314,0.000687172170728445,8,1.0,50.0,False
49429,2024-11-11 12:00:00+00:00,2024-11-11 11:00:00+00:00,1.06714,0.23333333333333334,1.0668646097183228,0.0006317566148936749,7,1.0,50.0,False
49430,2024-11-11 13:00:00+00:00,2024-11-11 12:00:00+00:00,1.06621,0.7,1.0661463737487793,0.0009065666818059981,7,1.0,50.0,False
49431,2024-11-11 14:00:00+00:00,2024-11-11 13:00:00+00:00,1.06519,0.7666666666666667,1.065891981124878,0.0007972684688866138,7,1.0,50.0,False
49432,2024-11-11 15:00:00+00:00,2024-11-11 14:00:00+00:00,1.06477,0.6,1.0644094944000244,0.0010013632709160447,5,1.0,50.0,False
49433,2024-11-11 16:00:00+00:00,2024-11-11 15:00:00+00:00,1.06423,0.9666666666666667,1.0651662349700928,0.0001829994871513918,3,1.0,50.0,False
49434,2024-11-11 17:00:00+00:00,2024-11-11 16:00:00+00:00,1.06469,0.8666666666666667,1.0647672414779663,0.00038506381679326296,4,1.0,50.0,False
49435,2024-11-11 18:00:00+00:00,2024-11-11 17:00:00+00:00,1.06515,0.0,1.0643956661224365,0.0005899876705370843,4,1.0,50.0,False
49436,2024-11-11 19:00:00+00:00,2024-11-11 18:00:00+00:00,1.06485,0.0,1.064247727394104,0.00034667213913053274,3,1.0,50.0,False
49437,2024-11-11 20:00:00+00:00,2024-11-11 19:00:00+00:00,1.06499,0.0,1.0640252828598022,0.00030412833439186215,3,1.0,50.0,False
49438,2024-11-11 21:00:00+00:00,2024-11-11 20:00:00+00:00,1.06507,0.6,1.06509268283844,0.0005657095462083817,8,1.0,50.0,False
49439,2024-11-11 22:00:00+00:00,2024-11-11 21:00:00+00:00,1.06552,0.26666666666666666,1.065104365348816,0.0005132532678544521,7,1.0,50.0,False
49440,2024-11-11 23:00:00+00:00,2024-11-11 22:00:00+00:00,1.06494,0.7333333333333333,1.0652778148651123,0.0005950627964921296,6,1.0,50.0,False
49441,2024-11-12 00:00:00+00:00,2024-11-11 23:00:00+00:00,1.06554,0.4,1.06515371799469,0.0006327033624984324,7,1.0,50.0,False
49442,2024-11-12 01:00:00+00:00,2024-11-12 00:00:00+00:00,1.06627,0.7333333333333333,1.0663843154907227,0.0005289844120852649,8,1.0,50.0,False
49443,2024-11-12 02:00:00+00:00,2024-11-12 01:00:00+00:00,1.06573,0.13333333333333333,1.065307855606079,0.0005351831205189228,6,1.0,50.0,False
49444,2024-11-12 03:00:00+00:00,2024-11-12 02:00:00+00:00,1.06477,0.8,1.0651341676712036,0.0005024160491302609,7,1.0,50.0,False
49445,2024-11-12 04:00:00+00:00,2024-11-12 03:00:00+00:00,1.06429,0.16666666666666666,1.063852310180664,0.0004341068852227181,6,1.0,50.0,False
49446,2024-11-12 05:00:00+00:00,2024-11-12 04:00:00+00:00,1.06378,0.1,1.0634053945541382,0.0003227677079848945,5,1.0,50.0,False
49447,2024-11-12 06:00:00+00:00,2024-11-12 05:00:00+00:00,1.06438,0.5666666666666667,1.0642876625061035,0.0006112303235568106,8,1.0,50.0,False
49448,2024-11-12 07:00:00+00:00,2024-11-12 06:00:00+00:00,1.06395,0.8666666666666667,1.0645909309387207,0.0005615813424810767,7,1.0,50.0,False
49449,2024-11-12 08:00:00+00:00,2024-11-12 07:00:00+00:00,1.06341,0.13333333333333333,1.0627940893173218,0.0007539750076830387,7,1.0,50.0,False
49450,2024-11-12 09:00:00+00:00,2024-11-12 08:00:00+00:00,1.06318,0.23333333333333334,1.0629838705062866,0.00046585017116740346,5,1.0,50.0,False
49451,2024-11-12 10:00:00+00:00,2024-11-12 09:00:00+00:00,1.06314,0.06666666666666667,1.0625300407409668,0.00031765023595653474,5,1.0,50.0,False
49452,2024-11-12 11:00:00+00:00,2024-11-12 10:00:00+00:00,1.06255,0.0,1.0620684623718262,0.00011482645641081035,3,1.0,50.0,False
49453,2024-11-12 12:00:00+00:00,2024-11-12 11:00:00+00:00,1.06173,0.0,1.0615785121917725,0.00031457969453185797,3,1.0,50.0,False
49454,2024-11-12 13:00:00+00:00,2024-11-12 12:00:00+00:00,1.06181,0.16666666666666666,1.061251163482666,0.0004998151562176645,4,1.0,50.0,False
49455,2024-11-12 14:00:00+00:00,2024-11-12 13:00:00+00:00,1.06192,0.0,1.0604950189590454,0.0007293665548786521,4,1.0,50.0,False
49456,2024-11-12 15:00:00+00:00,2024-11-12 14:00:00+00:00,1.06224,0.36666666666666664,1.0620770454406738,0.0007772899698466063,8,1.0,50.0,False
49457,2024-11-12 16:00:00+00:00,2024-11-12 15:00:00+00:00,1.0617,0.0,1.0609986782073975,0.00014802173245698214,3,1.0,50.0,False
49458,2024-11-12 17:00:00+00:00,2024-11-12 16:00:00+00:00,1.06085,0.1,1.0607514381408691,0.0002553804370108992,4,1.0,50.0,False
49459,2024-11-12 18:00:00+00:00,2024-11-12 17:00:00+00:00,1.05977,0.7666666666666667,1.060142159461975,0.0006312910700216889,4,1.0,50.0,False
49460,2024-11-12 19:00:00+00:00,2024-11-12 18:00:00+00:00,1.06064,0.0,1.0601071119308472,9.358751640320406e-07,2,1.0,50.0,False
49461,2024-11-12 20:00:00+00:00,2024-11-12 19:00:00+00:00,1.06158,0.2,1.061008095741272,0.0005724264192394912,6,1.0,50.0,False
49462,2024-11-12 21:00:00+00:00,2024-11-12 20:00:00+00:00,1.06119,0.5,1.0612760782241821,0.0006993827410042286,8,1.0,50.0,False
49463,2024-11-12 22:00:00+00:00,2024-11-12 21:00:00+00:00,1.06216,0.03333333333333333,1.0613197088241577,0.0005405910196714103,7,1.0,50.0,False
49464,2024-11-12 23:00:00+00:00,2024-11-12 22:00:00+00:00,1.06196,0.1,1.0613020658493042,0.0005102844443172216,6,1.0,50.0,False
49465,2024-11-13 00:00:00+00:00,2024-11-12 23:00:00+00:00,1.06209,0.16666666666666666,1.0615322589874268,0.0005034298519603908,6,1.0,50.0,False
49466,2024-11-13 01:00:00+00:00,2024-11-13 00:00:00+00:00,1.06159,0.3333333333333333,1.0614774227142334,0.0006131279515102506,6,1.0,50.0,False
49467,2024-11-13 02:00:00+00:00,2024-11-13 01:00:00+00:00,1.06122,0.8666666666666667,1.061474084854126,0.0004673734656535089,4,1.0,50.0,False
49468,2024-11-13 03:00:00+00:00,2024-11-13 02:00:00+00:00,1.06274,0.7666666666666667,1.0628297328948975,0.000545777496881783,5,1.0,50.0,False
49469,2024-11-13 04:00:00+00:00,2024-11-13 03:00:00+00:00,1.06256,0.16666666666666666,1.0622917413711548,0.00030206088558770716,4,1.0,50.0,False
49470,2024-11-13 05:00:00+00:00,2024-11-13 04:00:00+00:00,1.06185,0.3,1.0613813400268555,0.0003780597762670368,3,1.0,50.0,False
49471,2024-11-13 06:00:00+00:00,2024-11-13 05:00:00+00:00,1.06174,0.7333333333333333,1.0621248483657837,0.00048701060586608946,5,1.0,50.0,False
49472,2024-11-13 07:00:00+00:00,2024-11-13 06:00:00+00:00,1.06125,0.5,1.0612989664077759,0.0005746525130234659,8,1.0,50.0,False
49473,2024-11-13 08:00:00+00:00,2024-11-13 07:00:00+00:00,1.0613,0.3,1.0609898567199707,0.00044723242172040045,8,1.0,50.0,False
49474,2024-11-13 09:00:00+00:00,2024-11-13 08:00:00+00:00,1.06026,0.9,1.0605518817901611,0.0005458169034682214,6,1.0,50.0,False
49475,2024-11-13 10:00:00+00:00,2024-11-13 09:00:00+00:00,1.06116,0.36666666666666664,1.0606632232666016,0.0004636181693058461,5,1.0,50.0,False
49476,2024-11-13 11:00:00+00:00,2024-11-13 10:00:00+00:00,1.06265,0.5666666666666667,1.0624961853027344,0.0005607946077361703,4,1.0,50.0,False
49477,2024-11-13 12:00:00+00:00,2024-11-13 11:00:00+00:00,1.06145,0.36666666666666664,1.0613739490509033,0.0005821374361403286,6,1.0,50.0,False
49478,2024-11-13 13:00:00+00:00,2024-11-13 12:00:00+00:00,1.0637,0.26666666666666666,1.063126564025879,0.0006548428209498525,4,1.0,50.0,False
49479,2024-11-13 14:00:00+00:00,2024-11-13 13:00:00+00:00,1.06308,0.7,1.0630258321762085,0.0006732141482643783,7,1.0,50.0,False
49480,2024-11-13 15:00:00+00:00,2024-11-13 14:00:00+00:00,1.0636,0.1,1.0630968809127808,0.000699914526194334,7,1.0,50.0,False
49481,2024-11-13 16:00:00+00:00,2024-11-13 15:00:00+00:00,1.05849,0.26666666666666666,1.0582870244979858,0.0009750942699611187,8,1.0,50.0,False
49482,2024-11-13 17:00:00+00:00,2024-11-13 16:00:00+00:00,1.0588,0.3333333333333333,1.058129906654358,0.0007903832593001425,8,1.0,50.0,False
49483,2024-11-13 18:00:00+00:00,2024-11-13 17:00:00+00:00,1.05654,1.0,1.057496428489685,0.0006240226794034243,7,1.0,50.0,False
49484,2024-11-13 19:00:00+00:00,2024-11-13 18:00:00+00:00,1.05685,0.2,1.0566884279251099,0.0005454505444504321,6,1.0,50.0,False
49485,2024-11-13 20:00:00+00:00,2024-11-13 19:00:00+00:00,1.05584,1.0,1.0564216375350952,0.0005014249472878873,5,1.0,50.0,False
49486,2024-11-13 21:00:00+00:00,2024-11-13 20:00:00+00:00,1.0565,0.13333333333333333,1.0562387704849243,0.0005443606059998274,6,1.0,50.0,False
49487,2024-11-13 22:00:00+00:00,2024-11-13 21:00:00+00:00,1.05616,0.13333333333333333,1.0557194948196411,0.0005137076368555427,5,1.0,50.0,False
49488,2024-11-13 23:00:00+00:00,2024-11-13 22:00:00+00:00,1.05625,0.7666666666666667,1.0569056272506714,0.0007663193391636014,7,1.0,50.0,False
49489,2024-11-14 00:00:00+00:00,2024-11-13 23:00:00+00:00,1.05617,0.43333333333333335,1.0556777715682983,0.0009035542607307434,8,1.0,50.0,False
49490,2024-11-14 01:00:00+00:00,2024-11-14 00:00:00+00:00,1.05652,0.9,1.0570446252822876,0.000500135007314384,6,1.0,50.0,False
49491,2024-11-14 02:00:00+00:00,2024-11-14 01:00:00+00:00,1.05647,0.8666666666666667,1.0568618774414062,0.000658774224575609,5,1.0,50.0,False
49492,2024-11-14 03:00:00+00:00,2024-11-14 02:00:00+00:00,1.05555,0.43333333333333335,1.055325984954834,0.0007586058345623314,6,1.0,50.0,False
49493,2024-11-14 04:00:00+00:00,2024-11-14 03:00:00+00:00,1.05489,0.1,1.0543242692947388,0.0004734476387966424,5,1.0,50.0,False
49494,2024-11-14 05:00:00+00:00,2024-11-14 04:00:00+00:00,1.05471,0.3,1.05439293384552,0.0007041647913865745,6,1.0,50.0,False
49495,2024-11-14 06:00:00+00:00,2024-11-14 05:00:00+00:00,1.05481,0.7666666666666667,1.055330753326416,0.0006595100276172161,7,1.0,50.0,False
49496,2024-11-14 07:00:00+00:00,2024-11-14 06:00:00+00:00,1.05467,0.3,1.0541895627975464,0.0006919967709109187,7,1.0,50.0,False
49497,2024-11-14 08:00:00+00:00,2024-11-14 07:00:00+00:00,1.05445,0.8,1.055133581161499,0.0007324138423427939,7,1.0,50.0,False
49498,2024-11-14 09:00:00+00:00,2024-11-14 08:00:00+00:00,1.05506,0.5666666666666667,1.0548902750015259,0.0007177781080827117,7,1.0,50.0,False
49499,2024-11-14 10:00:00+00:00,2024-11-14 09:00:00+00:00,1.05356,0.23333333333333334,1.0532959699630737,0.0006797819514758885,6,1.0,50.0,False
49500,2024-11-14 11:00:00+00:00,2024-11-14 10:00:00+00:00,1.05199,1.0,1.052590012550354,0.0004548518918454647,5,1.0,50.0,False
49501,2024-11-14 12:00:00+00:00,2024-11-14 11:00:00+00:00,1.05109,1.0,1.052133560180664,0.0005121823633089662,6,1.0,50.0,False
49502,2024-11-14 13:00:00+00:00,2024-11-14 12:00:00+00:00,1.05285,0.03333333333333333,1.0513206720352173,0.0009148804238066077,7,1.0,50.0,False
49503,2024-11-14 14:00:00+00:00,2024-11-14 13:00:00+00:00,1.0535,0.06666666666666667,1.0524779558181763,0.0008976399549283087,8,1.0,50.0,False
49504,2024-11-14 15:00:00+00:00,2024-11-14 14:00:00+00:00,1.05299,0.7,1.0531258583068848,0.0008867047727108002,10,1.0,50.0,False
49505,2024-11-14 16:00:00+00:00,2024-11-14 15:00:00+00:00,1.0552,0.3333333333333333,1.0549424886703491,0.0007745014736428857,6,1.0,50.0,False
49506,2024-11-14 17:00:00+00:00,2024-11-14 16:00:00+00:00,1.05743,0.06666666666666667,1.0563538074493408,0.0007317300769500434,6,1.0,50.0,False
49507,2024-11-14 18:00:00+00:00,2024-11-14 17:00:00+00:00,1.05611,0.7,1.056738018989563,0.0006552753038704395,5,1.0,50.0,False
49508,2024-11-14 19:00:00+00:00,2024-11-14 18:00:00+00:00,1.05587,0.7,1.0557818412780762,0.00045719987247139215,4,1.0,50.0,False
49509,2024-11-14 20:00:00+00:00,2024-11-14 19:00:00+00:00,1.05465,0.5333333333333333,1.0542610883712769,0.0005420173984020948,6,1.0,50.0,False
49510,2024-11-14 21:00:00+00:00,2024-11-14 20:00:00+00:00,1.05472,0.2,1.0546435117721558,0.0005516079836525023,4,1.0,50.0,False
49511,2024-11-14 22:00:00+00:00,2024-11-14 21:00:00+00:00,1.05197,0.5,1.0519601106643677,0.0009688546997494996,8,1.0,50.0,False
49512,2024-11-14 23:00:00+00:00,2024-11-14 22:00:00+00:00,1.05294,0.3,1.0529600381851196,0.0006395056843757629,4,1.0,50.0,False
49513,2024-11-15 00:00:00+00:00,2024-11-14 23:00:00+00:00,1.05305,0.4,1.0525524616241455,0.0008195176487788558,7,1.0,50.0,False
49514,2024-11-15 01:00:00+00:00,2024-11-15 00:00:00+00:00,1.0529,0.36666666666666664,1.052287220954895,0.0008942806161940098,9,1.0,50.0,False
49515,2024-11-15 02:00:00+00:00,2024-11-15 01:00:00+00:00,1.05302,0.7,1.053235650062561,0.000828285759780556,5,1.0,50.0,False
49516,2024-11-15 03:00:00+00:00,2024-11-15 02:00:00+00:00,1.05315,0.8,1.0532195568084717,0.0005027338629588485,5,1.0,50.0,False
49517,2024-11-15 04:00:00+00:00,2024-11-15 03:00:00+00:00,1.05406,0.6,1.0539478063583374,0.000511893245857209,4,1.0,50.0,False
49518,2024-11-15 05:00:00+00:00,2024-11-15 04:00:00+00:00,1.05396,0.7,1.0540199279785156,0.0005828240537084639,4,1.0,50.0,False
49519,2024-11-15 06:00:00+00:00,2024-11-15 05:00:00+00:00,1.05419,0.2,1.0542211532592773,0.000467801233753562,4,1.0,50.0,False
49520,2024-11-15 07:00:00+00:00,2024-11-15 06:00:00+00:00,1.05396,0.8666666666666667,1.0542906522750854,0.0006051090313121676,4,1.0,50.0,False
49521,2024-11-15 08:00:00+00:00,2024-11-15 07:00:00+00:00,1.05538,0.13333333333333333,1.0549689531326294,0.0007351456442847848,3,1.0,50.0,False
49522,2024-11-15 09:00:00+00:00,2024-11-15 08:00:00+00:00,1.05561,0.1,1.055149793624878,0.0005767118418589234,3,1.0,50.0,False
49523,2024-11-15 10:00:00+00:00,2024-11-15 09:00:00+00:00,1.05692,0.5333333333333333,1.0565885305404663,0.0006923832115717232,3,1.0,50.0,False
49524,2024-11-15 11:00:00+00:00,2024-11-15 10:00:00+00:00,1.05617,0.13333333333333333,1.0557546615600586,0.0006874037790112197,3,1.0,50.0,False
49525,2024-11-15 12:00:00+00:00,2024-11-15 11:00:00+00:00,1.05742,0.6666666666666666,1.0571240186691284,0.0010832167463377118,5,1.0,50.0,False
49526,2024-11-15 13:00:00+00:00,2024-11-15 12:00:00+00:00,1.05769,0.4,1.0582042932510376,0.0013405823847278953,5,1.0,50.0,False
49527,2024-11-15 14:00:00+00:00,2024-11-15 13:00:00+00:00,1.05755,0.9666666666666667,1.0595232248306274,0.0011402949457988143,6,1.0,50.0,False
49528,2024-11-15 15:00:00+00:00,2024-11-15 14:00:00+00:00,1.0558,0.9,1.0572752952575684,0.001217844896018505,6,1.0,50.0,False
49529,2024-11-15 16:00:00+00:00,2024-11-15 15:00:00+00:00,1.05308,0.5333333333333333,1.0526998043060303,0.0014441959792748094,10,1.0,50.0,False
49530,2024-11-15 17:00:00+00:00,2024-11-15 16:00:00+00:00,1.05348,0.5666666666666667,1.0535355806350708,0.0009329598397016525,6,1.0,50.0,False
49531,2024-11-15 18:00:00+00:00,2024-11-15 17:00:00+00:00,1.05509,0.13333333333333333,1.0546554327011108,0.0007678843103349209,3,1.0,50.0,False
49532,2024-11-15 19:00:00+00:00,2024-11-15 18:00:00+00:00,1.05482,0.8666666666666667,1.054750919342041,0.0003653991734609008,2,1.0,50.0,False
49533,2024-11-15 20:00:00+00:00,2024-11-15 19:00:00+00:00,1.05508,0.0,1.0546512603759766,0.0004055267199873924,2,1.0,50.0,False
49534,2024-11-15 21:00:00+00:00,2024-11-15 20:00:00+00:00,1.05367,0.7,1.054052472114563,0.0005133991944603622,2,1.0,50.0,False
49535,2024-11-15 22:00:00+00:00,2024-11-15 21:00:00+00:00,1.05273,0.23333333333333334,1.0527738332748413,0.000607592286542058,4,1.0,50.0,False
49536,2024-11-17 23:00:00+00:00,2024-11-15 22:00:00+00:00,1.0538,0.0,1.0535367727279663,0.00044388772221282125,2,49.0,50.0,True
49537,2024-11-18 00:00:00+00:00,2024-11-17 23:00:00+00:00,1.05315,0.4666666666666667,1.0528253316879272,0.0005975870881229639,4,1.0,50.0,False
49538,2024-11-18 01:00:00+00:00,2024-11-18 00:00:00+00:00,1.05359,0.6666666666666666,1.0533851385116577,0.0007205407018773258,3,1.0,50.0,False
49539,2024-11-18 02:00:00+00:00,2024-11-18 01:00:00+00:00,1.05481,0.1,1.0535824298858643,0.0006375467637553811,3,1.0,50.0,False
49540,2024-11-18 03:00:00+00:00,2024-11-18 02:00:00+00:00,1.05416,0.16666666666666666,1.0542100667953491,0.000583360088057816,3,1.0,50.0,False
49541,2024-11-18 04:00:00+00:00,2024-11-18 03:00:00+00:00,1.05409,0.06666666666666667,1.0538617372512817,0.0005298672476783395,3,1.0,50.0,False
49542,2024-11-18 05:00:00+00:00,2024-11-18 04:00:00+00:00,1.05335,0.9666666666666667,1.0539697408676147,0.0005741409840993583,3,1.0,50.0,False
49543,2024-11-18 06:00:00+00:00,2024-11-18 05:00:00+00:00,1.05403,0.23333333333333334,1.053741693496704,0.000775673717726022,3,1.0,50.0,False
49544,2024-11-18 07:00:00+00:00,2024-11-18 06:00:00+00:00,1.05376,0.1,1.0534915924072266,0.000549756980035454,3,1.0,50.0,False
49545,2024-11-18 08:00:00+00:00,2024-11-18 07:00:00+00:00,1.05422,0.16666666666666666,1.0534703731536865,0.0005949512706138194,3,1.0,50.0,False
49546,2024-11-18 09:00:00+00:00,2024-11-18 08:00:00+00:00,1.05468,0.9,1.0550020933151245,0.0007261914433911443,4,1.0,50.0,False
49547,2024-11-18 10:00:00+00:00,2024-11-18 09:00:00+00:00,1.05465,0.6666666666666666,1.0550382137298584,0.0009009236237034202,3,1.0,50.0,False
49548,2024-11-18 11:00:00+00:00,2024-11-18 10:00:00+00:00,1.05656,0.5666666666666667,1.056890606880188,0.0008654065895825624,3,1.0,50.0,False
49549,2024-11-18 12:00:00+00:00,2024-11-18 11:00:00+00:00,1.05477,0.8333333333333334,1.0559146404266357,0.000730193976778537,3,1.0,50.0,False
49550,2024-11-18 13:00:00+00:00,2024-11-18 12:00:00+00:00,1.0542,0.6333333333333333,1.0549808740615845,0.0007471411372534931,3,1.0,50.0,False
49551,2024-11-18 14:00:00+00:00,2024-11-18 13:00:00+00:00,1.05467,0.9,1.0558525323867798,0.000859541876707226,4,1.0,50.0,False
49552,2024-11-18 15:00:00+00:00,2024-11-18 14:00:00+00:00,1.05673,0.6666666666666666,1.0571398735046387,0.0009018398122861981,4,1.0,50.0,False
49553,2024-11-18 16:00:00+00:00,2024-11-18 15:00:00+00:00,1.05678,0.8,1.0573805570602417,0.0006601928034797311,3,1.0,50.0,False
49554,2024-11-18 17:00:00+00:00,2024-11-18 16:00:00+00:00,1.05729,0.8,1.0576030015945435,0.0006533543346449733,3,1.0,50.0,False
49555,2024-11-18 18:00:00+00:00,2024-11-18 17:00:00+00:00,1.05853,0.43333333333333335,1.0586720705032349,0.0009951972169801593,6,1.0,50.0,False
49556,2024-11-18 19:00:00+00:00,2024-11-18 18:00:00+00:00,1.05907,0.6333333333333333,1.0591374635696411,0.00047443772200495005,3,1.0,50.0,False
49557,2024-11-18 20:00:00+00:00,2024-11-18 19:00:00+00:00,1.05967,0.43333333333333335,1.0592834949493408,0.0004839900939259678,3,1.0,50.0,False
49558,2024-11-18 21:00:00+00:00,2024-11-18 20:00:00+00:00,1.05905,0.6333333333333333,1.0595957040786743,0.0004689340712502599,2,1.0,50.0,False
49559,2024-11-18 22:00:00+00:00,2024-11-18 21:00:00+00:00,1.05919,0.4666666666666667,1.0592601299285889,0.0004902875516563654,2,1.0,50.0,False
49560,2024-11-18 23:00:00+00:00,2024-11-18 22:00:00+00:00,1.05974,0.6666666666666666,1.0596599578857422,0.00044375259312801063,3,1.0,50.0,False
49561,2024-11-19 00:00:00+00:00,2024-11-18 23:00:00+00:00,1.05973,0.8,1.0601061582565308,0.000690105720423162,5,1.0,50.0,False
49562,2024-11-19 01:00:00+00:00,2024-11-19 00:00:00+00:00,1.0594,0.23333333333333334,1.0591272115707397,0.0007582299294881523,6,1.0,50.0,False
49563,2024-11-19 02:00:00+00:00,2024-11-19 01:00:00+00:00,1.05891,0.26666666666666666,1.0589903593063354,0.000544928596355021,3,1.0,50.0,False
49564,2024-11-19 03:00:00+00:00,2024-11-19 02:00:00+00:00,1.05925,0.3,1.0588253736495972,0.0006526686483994126,3,1.0,50.0,False
49565,2024-11-19 04:00:00+00:00,2024-11-19 03:00:00+00:00,1.05914,0.3,1.0586425065994263,0.0007582321995869279,3,1.0,50.0,False
49566,2024-11-19 05:00:00+00:00,2024-11-19 04:00:00+00:00,1.05961,0.6333333333333333,1.0594398975372314,0.00045453253551386297,3,1.0,50.0,False
49567,2024-11-19 06:00:00+00:00,2024-11-19 05:00:00+00:00,1.05865,0.6333333333333333,1.0592221021652222,0.0005526040331460536,3,1.0,50.0,False
49568,2024-11-19 07:00:00+00:00,2024-11-19 06:00:00+00:00,1.0583,0.13333333333333333,1.0578089952468872,0.0007580876117572188,3,1.0,50.0,False
49569,2024-11-19 08:00:00+00:00,2024-11-19 07:00:00+00:00,1.05921,0.7333333333333333,1.0598642826080322,0.000850604847073555,5,1.0,50.0,False
49570,2024-11-19 09:00:00+00:00,2024-11-19 08:00:00+00:00,1.05768,0.4,1.0577949285507202,0.0009623036021366715,3,1.0,50.0,False
49571,2024-11-19 10:00:00+00:00,2024-11-19 09:00:00+00:00,1.05713,0.43333333333333335,1.0572129487991333,0.0007622722187079489,3,1.0,50.0,False
49572,2024-11-19 11:00:00+00:00,2024-11-19 10:00:00+00:00,1.05489,0.6666666666666666,1.0552232265472412,0.0008144855964928865,3,1.0,50.0,False
49573,2024-11-19 12:00:00+00:00,2024-11-19 11:00:00+00:00,1.05606,0.36666666666666664,1.0558818578720093,0.001139736152254045,4,1.0,50.0,False
49574,2024-11-19 13:00:00+00:00,2024-11-19 12:00:00+00:00,1.05615,0.3333333333333333,1.0555875301361084,0.0009302673279307783,4,1.0,50.0,False
49575,2024-11-19 14:00:00+00:00,2024-11-19 13:00:00+00:00,1.05716,0.4,1.0569069385528564,0.0008353934390470386,4,1.0,50.0,False
49576,2024-11-19 15:00:00+00:00,2024-11-19 14:00:00+00:00,1.05765,0.6333333333333333,1.0579367876052856,0.0011133727384731174,7,1.0,50.0,False
49577,2024-11-19 16:00:00+00:00,2024-11-19 15:00:00+00:00,1.05718,0.36666666666666664,1.057407259941101,0.000689496286213398,3,1.0,50.0,False
49578,2024-11-19 17:00:00+00:00,2024-11-19 16:00:00+00:00,1.05864,0.03333333333333333,1.0581896305084229,0.0006096261204220355,4,1.0,50.0,False
49579,2024-11-19 18:00:00+00:00,2024-11-19 17:00:00+00:00,1.0577,0.3,1.0574538707733154,0.0008362708031199872,5,1.0,50.0,False
49580,2024-11-19 19:00:00+00:00,2024-11-19 18:00:00+00:00,1.05797,0.5333333333333333,1.058152437210083,0.0004904660163447261,2,1.0,50.0,False
49581,2024-11-19 20:00:00+00:00,2024-11-19 19:00:00+00:00,1.05895,0.0,1.0584391355514526,0.0004540621011983603,2,1.0,50.0,False
49582,2024-11-19 21:00:00+00:00,2024-11-19 20:00:00+00:00,1.05933,0.0,1.0583990812301636,0.00047373768757097423,2,1.0,50.0,False
49583,2024-11-19 22:00:00+00:00,2024-11-19 21:00:00+00:00,1.05929,0.0,1.0586920976638794,0.000412136287195608,2,1.0,50.0,False
49584,2024-11-19 23:00:00+00:00,2024-11-19 22:00:00+00:00,1.05935,0.0,1.058802843093872,0.0003857624833472073,2,1.0,50.0,False
49585,2024-11-20 00:00:00+00:00,2024-11-19 23:00:00+00:00,1.05933,0.06666666666666667,1.058824062347412,0.00044949690345674753,5,1.0,50.0,False
49586,2024-11-20 01:00:00+00:00,2024-11-20 00:00:00+00:00,1.06067,0.4666666666666667,1.060322642326355,0.0006731172907166183,6,1.0,50.0,False
49587,2024-11-20 02:00:00+00:00,2024-11-20 01:00:00+00:00,1.05989,0.16666666666666666,1.059428095817566,0.00046315687359310687,5,1.0,50.0,False
49588,2024-11-20 03:00:00+00:00,2024-11-20 02:00:00+00:00,1.05995,0.16666666666666666,1.0594468116760254,0.00040214144974015653,4,1.0,50.0,False
49589,2024-11-20 04:00:00+00:00,2024-11-20 03:00:00+00:00,1.05953,0.13333333333333333,1.0592666864395142,0.0004392916162032634,5,1.0,50.0,False
49590,2024-11-20 05:00:00+00:00,2024-11-20 04:00:00+00:00,1.05892,0.5,1.058531403541565,0.00046551230479963124,2,1.0,50.0,False
49591,2024-11-20 06:00:00+00:00,2024-11-20 05:00:00+00:00,1.05924,0.1,1.058784008026123,0.0005294529837556183,5,1.0,50.0,False
49592,2024-11-20 07:00:00+00:00,2024-11-20 06:00:00+00:00,1.05864,0.5666666666666667,1.058435320854187,0.0008311591809615493,6,1.0,50.0,False
49593,2024-11-20 08:00:00+00:00,2024-11-20 07:00:00+00:00,1.05871,0.7,1.0590355396270752,0.0007448804099112749,7,1.0,50.0,False
49594,2024-11-20 09:00:00+00:00,2024-11-20 08:00:00+00:00,1.05779,0.9333333333333333,1.058347225189209,0.0006708051078021526,6,1.0,50.0,False
49595,2024-11-20 10:00:00+00:00,2024-11-20 09:00:00+00:00,1.05638,0.7333333333333333,1.0570076704025269,0.0007547457353211939,3,1.0,50.0,False
49596,2024-11-20 11:00:00+00:00,2024-11-20 10:00:00+00:00,1.05547,0.6,1.0561801195144653,0.0007585638086311519,3,1.0,50.0,False
49597,2024-11-20 12:00:00+00:00,2024-11-20 11:00:00+00:00,1.05483,0.9333333333333333,1.055662989616394,0.0009810648625716567,4,1.0,50.0,False
49598,2024-11-20 13:00:00+00:00,2024-11-20 12:00:00+00:00,1.05537,0.5,1.0551564693450928,0.0009976386791095138,5,1.0,50.0,False
49599,2024-11-20 14:00:00+00:00,2024-11-20 13:00:00+00:00,1.05581,0.6666666666666666,1.0559149980545044,0.0010482268407940865,5,1.0,50.0,False
49600,2024-11-20 15:00:00+00:00,2024-11-20 14:00:00+00:00,1.05559,0.8666666666666667,1.0562150478363037,0.0008472713525407016,5,1.0,50.0,False
49601,2024-11-20 16:00:00+00:00,2024-11-20 15:00:00+00:00,1.05243,0.6,1.05302894115448,0.0009407926700077951,3,1.0,50.0,False
49602,2024-11-20 17:00:00+00:00,2024-11-20 16:00:00+00:00,1.05211,0.6333333333333333,1.052315592765808,0.0009257546626031399,3,1.0,50.0,False
49603,2024-11-20 18:00:00+00:00,2024-11-20 17:00:00+00:00,1.05199,0.4,1.0510516166687012,0.001050225575454533,4,1.0,50.0,False
49604,2024-11-20 19:00:00+00:00,2024-11-20 18:00:00+00:00,1.05316,0.06666666666666667,1.0519204139709473,0.0006869186763651669,3,1.0,50.0,False
49605,2024-11-20 20:00:00+00:00,2024-11-20 19:00:00+00:00,1.05357,0.0,1.0517319440841675,0.0007884952356107533,3,1.0,50.0,False
49606,2024-11-20 21:00:00+00:00,2024-11-20 20:00:00+00:00,1.0539,0.0,1.0529371500015259,0.0006078965961933136,2,1.0,50.0,False
49607,2024-11-20 22:00:00+00:00,2024-11-20 21:00:00+00:00,1.05389,0.0,1.0524697303771973,0.0004762984754052013,2,1.0,50.0,False
49608,2024-11-20 23:00:00+00:00,2024-11-20 22:00:00+00:00,1.05427,0.0,1.0535328388214111,0.0006150598055683076,2,1.0,50.0,False
49609,2024-11-21 00:00:00+00:00,2024-11-20 23:00:00+00:00,1.05418,0.8666666666666667,1.054201602935791,0.0004689460329245776,3,1.0,50.0,False
49610,2024-11-21 01:00:00+00:00,2024-11-21 00:00:00+00:00,1.05452,0.16666666666666666,1.0543501377105713,0.0007432755664922297,3,1.0,50.0,False
49611,2024-11-21 02:00:00+00:00,2024-11-21 01:00:00+00:00,1.05452,0.9,1.054672122001648,0.00035676953848451376,2,1.0,50.0,False
49612,2024-11-21 03:00:00+00:00,2024-11-21 02:00:00+00:00,1.05452,0.8,1.0545076131820679,0.0004745483456645161,2,1.0,50.0,False
49613,2024-11-21 04:00:00+00:00,2024-11-21 03:00:00+00:00,1.05488,0.0,1.0545130968093872,0.000401910743676126,2,1.0,50.0,False
49614,2024-11-21 05:00:00+00:00,2024-11-21 04:00:00+00:00,1.05525,0.06666666666666667,1.0544304847717285,0.0005658264271914959,3,1.0,50.0,False
49615,2024-11-21 06:00:00+00:00,2024-11-21 05:00:00+00:00,1.05507,0.16666666666666666,1.0545512437820435,0.0006003101007081568,3,1.0,50.0,False
49616,2024-11-21 07:00:00+00:00,2024-11-21 06:00:00+00:00,1.0546,0.1,1.054276704788208,0.0006580386543646455,3,1.0,50.0,False
49617,2024-11-21 08:00:00+00:00,2024-11-21 07:00:00+00:00,1.05448,0.2,1.0543421506881714,0.0007574155461043119,3,1.0,50.0,False
49618,2024-11-21 09:00:00+00:00,2024-11-21 08:00:00+00:00,1.0536,0.4666666666666667,1.0535025596618652,0.0007840172038413584,3,1.0,50.0,False
49619,2024-11-21 10:00:00+00:00,2024-11-21 09:00:00+00:00,1.05402,0.13333333333333333,1.053167700767517,0.0008296210435219109,3,1.0,50.0,False
49620,2024-11-21 11:00:00+00:00,2024-11-21 10:00:00+00:00,1.05162,1.0,1.052836298942566,0.0007785289199091494,3,1.0,50.0,False
49621,2024-11-21 12:00:00+00:00,2024-11-21 11:00:00+00:00,1.05201,0.16666666666666666,1.0519647598266602,0.0007708962075412273,3,1.0,50.0,False
49622,2024-11-21 13:00:00+00:00,2024-11-21 12:00:00+00:00,1.05198,0.3,1.05197012424469,0.0008860018569976091,4,1.0,50.0,False
49623,2024-11-21 14:00:00+00:00,2024-11-21 13:00:00+00:00,1.05269,0.9333333333333333,1.053505301475525,0.0006696252385154366,4,1.0,50.0,False
49624,2024-11-21 15:00:00+00:00,2024-11-21 14:00:00+00:00,1.05325,0.3,1.053427815437317,0.0010796613059937954,7,1.0,50.0,False
49625,2024-11-21 16:00:00+00:00,2024-11-21 15:00:00+00:00,1.05346,0.13333333333333333,1.0530699491500854,0.0007526832050643861,3,1.0,50.0,False
49626,2024-11-21 17:00:00+00:00,2024-11-21 16:00:00+00:00,1.05099,1.0,1.0523228645324707,0.0006884498870931566,3,1.0,50.0,False
49627,2024-11-21 18:00:00+00:00,2024-11-21 17:00:00+00:00,1.04736,0.8333333333333334,1.048563838005066,0.0010147555731236935,3,1.0,50.0,False
49628,2024-11-21 19:00:00+00:00,2024-11-21 18:00:00+00:00,1.04871,0.1,1.047860860824585,0.0007110758451744914,3,1.0,50.0,False
49629,2024-11-21 20:00:00+00:00,2024-11-21 19:00:00+00:00,1.04858,0.5,1.048675775527954,0.0008063912391662598,2,1.0,50.0,False
49630,2024-11-21 21:00:00+00:00,2024-11-21 20:00:00+00:00,1.04841,0.4,1.0478712320327759,0.0007887555984780192,2,1.0,50.0,False
49631,2024-11-21 22:00:00+00:00,2024-11-21 21:00:00+00:00,1.04785,0.2,1.0471009016036987,0.0006458759307861328,2,1.0,50.0,False
49632,2024-11-21 23:00:00+00:00,2024-11-21 22:00:00+00:00,1.04736,0.16666666666666666,1.0465588569641113,0.0006025145994499326,2,1.0,50.0,False
49633,2024-11-22 00:00:00+00:00,2024-11-21 23:00:00+00:00,1.04747,0.2,1.0465611219406128,0.0006487369537353516,2,1.0,50.0,False
49634,2024-11-22 01:00:00+00:00,2024-11-22 00:00:00+00:00,1.04684,0.23333333333333334,1.0462931394577026,0.0008244503987953067,3,1.0,50.0,False
49635,2024-11-22 02:00:00+00:00,2024-11-22 01:00:00+00:00,1.04749,0.8333333333333334,1.047570824623108,0.0005964725860394537,2,1.0,50.0,False
49636,2024-11-22 03:00:00+00:00,2024-11-22 02:00:00+00:00,1.04712,0.7333333333333333,1.0478706359863281,0.0008349331910721958,3,1.0,50.0,False
49637,2024-11-22 04:00:00+00:00,2024-11-22 03:00:00+00:00,1.04722,0.8666666666666667,1.0481473207473755,0.0007689690683037043,3,1.0,50.0,False
49638,2024-11-22 05:00:00+00:00,2024-11-22 04:00:00+00:00,1.04744,0.8333333333333334,1.0479804277420044,0.0007696392713114619,3,1.0,50.0,False
49639,2024-11-22 06:00:00+00:00,2024-11-22 05:00:00+00:00,1.04742,0.8333333333333334,1.0481886863708496,0.0009486276539973915,3,1.0,50.0,False
49640,2024-11-22 07:00:00+00:00,2024-11-22 06:00:00+00:00,1.04641,0.5666666666666667,1.0469237565994263,0.0012618681648746133,4,1.0,50.0,False
49641,2024-11-22 08:00:00+00:00,2024-11-22 07:00:00+00:00,1.04689,0.7666666666666667,1.0478147268295288,0.0012657495681196451,4,1.0,50.0,False
49642,2024-11-22 09:00:00+00:00,2024-11-22 08:00:00+00:00,1.04857,0.43333333333333335,1.0481575727462769,0.0008585625910200179,3,1.0,50.0,False
49643,2024-11-22 10:00:00+00:00,2024-11-22 09:00:00+00:00,1.04427,0.9,1.0465319156646729,0.001195052987895906,4,1.0,50.0,False
49644,2024-11-22 11:00:00+00:00,2024-11-22 10:00:00+00:00,1.04013,0.16666666666666666,1.0380100011825562,0.0017958780517801642,11,1.0,50.0,False
49645,2024-11-22 12:00:00+00:00,2024-11-22 11:00:00+00:00,1.04289,0.7666666666666667,1.0431091785430908,0.001553820911794901,5,1.0,50.0,False
49646,2024-11-22 13:00:00+00:00,2024-11-22 12:00:00+00:00,1.0416,0.5666666666666667,1.0420228242874146,0.0014198514400050044,5,1.0,50.0,False
49647,2024-11-22 14:00:00+00:00,2024-11-22 13:00:00+00:00,1.04067,0.7,1.041778326034546,0.0022337858099490404,8,1.0,50.0,False
49648,2024-11-22 15:00:00+00:00,2024-11-22 14:00:00+00:00,1.04292,0.3333333333333333,1.04301917552948,0.0019951933063566685,5,1.0,50.0,False
49649,2024-11-22 16:00:00+00:00,2024-11-22 15:00:00+00:00,1.04035,0.5333333333333333,1.04087233543396,0.001289471983909607,6,1.0,50.0,False
49650,2024-11-22 17:00:00+00:00,2024-11-22 16:00:00+00:00,1.041,0.8,1.041511058807373,0.0011306483065709472,3,1.0,50.0,False
49651,2024-11-22 18:00:00+00:00,2024-11-22 17:00:00+00:00,1.03979,0.6666666666666666,1.0406683683395386,0.0011913013877347112,5,1.0,50.0,False
49652,2024-11-22 19:00:00+00:00,2024-11-22 18:00:00+00:00,1.04187,0.0,1.0407469272613525,0.0005867004510946572,2,1.0,50.0,False
49653,2024-11-22 20:00:00+00:00,2024-11-22 19:00:00+00:00,1.04162,0.0,1.0407302379608154,0.00043891670065931976,2,1.0,50.0,False
49654,2024-11-22 21:00:00+00:00,2024-11-22 20:00:00+00:00,1.04106,0.0,1.0406185388565063,0.0003667343989945948,2,1.0,50.0,False
49655,2024-11-22 22:00:00+00:00,2024-11-22 21:00:00+00:00,1.0414,0.0,1.0403921604156494,0.00044506785343401134,2,1.0,50.0,False
49656,2024-11-24 23:00:00+00:00,2024-11-22 22:00:00+00:00,1.04131,0.06666666666666667,1.0406736135482788,0.0004377737350296229,2,49.0,50.0,True
49657,2024-11-25 00:00:00+00:00,2024-11-24 23:00:00+00:00,1.04791,0.43333333333333335,1.0466258525848389,0.0019055395387113094,9,1.0,50.0,False
49658,2024-11-25 01:00:00+00:00,2024-11-25 00:00:00+00:00,1.04789,0.5,1.0476936101913452,0.0010965728433802724,4,1.0,50.0,False
49659,2024-11-25 02:00:00+00:00,2024-11-25 01:00:00+00:00,1.04808,0.03333333333333333,1.0468248128890991,0.0007916652830317616,3,1.0,50.0,False
49660,2024-11-25 03:00:00+00:00,2024-11-25 02:00:00+00:00,1.04773,0.13333333333333333,1.0473816394805908,0.0007897446630522609,3,1.0,50.0,False
49661,2024-11-25 04:00:00+00:00,2024-11-25 03:00:00+00:00,1.04867,0.13333333333333333,1.0473716259002686,0.0008354693418368697,3,1.0,50.0,False
49662,2024-11-25 05:00:00+00:00,2024-11-25 04:00:00+00:00,1.04775,0.7666666666666667,1.0477591753005981,0.0008703461498953402,3,1.0,50.0,False
49663,2024-11-25 06:00:00+00:00,2024-11-25 05:00:00+00:00,1.04786,0.8,1.0480648279190063,0.0007539569633081555,3,1.0,50.0,False
49664,2024-11-25 07:00:00+00:00,2024-11-25 06:00:00+00:00,1.04794,0.8,1.0480581521987915,0.0006589747499674559,3,1.0,50.0,False
49665,2024-11-25 08:00:00+00:00,2024-11-25 07:00:00+00:00,1.04829,0.23333333333333334,1.0480923652648926,0.0009385380544699728,3,1.0,50.0,False
49666,2024-11-25 09:00:00+00:00,2024-11-25 08:00:00+00:00,1.04499,0.6666666666666666,1.045070767402649,0.0011763287475332618,4,1.0,50.0,False
49667,2024-11-25 10:00:00+00:00,2024-11-25 09:00:00+00:00,1.04648,0.4,1.0458427667617798,0.001129488693550229,4,1.0,50.0,False
49668,2024-11-25 11:00:00+00:00,2024-11-25 10:00:00+00:00,1.04886,0.13333333333333333,1.0481810569763184,0.0012396249221637845,6,1.0,50.0,False
49669,2024-11-25 12:00:00+00:00,2024-11-25 11:00:00+00:00,1.04855,0.6,1.0487961769104004,0.001196916913613677,6,1.0,50.0,False
49670,2024-11-25 13:00:00+00:00,2024-11-25 12:00:00+00:00,1.04791,0.26666666666666666,1.047843098640442,0.0011242810869589448,5,1.0,50.0,False
49671,2024-11-25 14:00:00+00:00,2024-11-25 13:00:00+00:00,1.04882,0.3333333333333333,1.0481102466583252,0.0009805732406675816,3,1.0,50.0,False
49672,2024-11-25 15:00:00+00:00,2024-11-25 14:00:00+00:00,1.0528,0.4,1.052866816520691,0.0012216581963002682,6,1.0,50.0,False
49673,2024-11-25 16:00:00+00:00,2024-11-25 15:00:00+00:00,1.05075,0.3333333333333333,1.0509943962097168,0.0007552197203040123,7,1.0,50.0,False
49674,2024-11-25 17:00:00+00:00,2024-11-25 16:00:00+00:00,1.04878,1.0,1.04965341091156,0.0006796217057853937,4,1.0,50.0,False
49675,2024-11-25 18:00:00+00:00,2024-11-25 17:00:00+00:00,1.04772,0.8333333333333334,1.0480190515518188,0.0008329333504661918,3,1.0,50.0,False
49676,2024-11-25 19:00:00+00:00,2024-11-25 18:00:00+00:00,1.04853,0.13333333333333333,1.0478614568710327,0.0007386605138890445,3,1.0,50.0,False
49677,2024-11-25 20:00:00+00:00,2024-11-25 19:00:00+00:00,1.0507,0.5,1.0507344007492065,0.0008831210434436798,8,1.0,50.0,False
49678,2024-11-25 21:00:00+00:00,2024-11-25 20:00:00+00:00,1.05051,0.1,1.0499149560928345,0.0005712785059586167,4,1.0,50.0,False
49679,2024-11-25 22:00:00+00:00,2024-11-25 21:00:00+00:00,1.0492,0.6,1.0492013692855835,0.0005900926189497113,3,1.0,50.0,False
49680,2024-11-25 23:00:00+00:00,2024-11-25 22:00:00+00:00,1.04925,0.5,1.048777461051941,0.0006088614463806152,2,1.0,50.0,False
49681,2024-11-26 00:00:00+00:00,2024-11-25 23:00:00+00:00,1.04945,0.6666666666666666,1.0492550134658813,0.0006555352592840791,5,1.0,50.0,False
49682,2024-11-26 01:00:00+00:00,2024-11-26 00:00:00+00:00,1.04434,0.6666666666666666,1.0448884963989258,0.0018340470269322395,5,1.0,50.0,False
49683,2024-11-26 02:00:00+00:00,2024-11-26 01:00:00+00:00,1.04344,0.5666666666666667,1.0433791875839233,0.0012912071542814374,4,1.0,50.0,False
49684,2024-11-26 03:00:00+00:00,2024-11-26 02:00:00+00:00,1.04535,0.16666666666666666,1.0440174341201782,0.0007815509452484548,3,1.0,50.0,False
49685,2024-11-26 04:00:00+00:00,2024-11-26 03:00:00+00:00,1.04603,0.1,1.0453002452850342,0.000888875569216907,3,1.0,50.0,False
49686,2024-11-26 05:00:00+00:00,2024-11-26 04:00:00+00:00,1.04774,0.0,1.0465425252914429,0.00102959293872118,3,1.0,50.0,False
49687,2024-11-26 06:00:00+00:00,2024-11-26 05:00:00+00:00,1.04792,0.7,1.0478628873825073,0.0006919088191352785,4,1.0,50.0,False
49688,2024-11-26 07:00:00+00:00,2024-11-26 06:00:00+00:00,1.04747,0.26666666666666666,1.0465285778045654,0.0009053399553522468,4,1.0,50.0,False
49689,2024-11-26 08:00:00+00:00,2024-11-26 07:00:00+00:00,1.04754,0.4,1.0466700792312622,0.0009131081169471145,3,1.0,50.0,False
49690,2024-11-26 09:00:00+00:00,2024-11-26 08:00:00+00:00,1.04713,0.36666666666666664,1.0466746091842651,0.001067480188794434,3,1.0,50.0,False
49691,2024-11-26 10:00:00+00:00,2024-11-26 09:00:00+00:00,1.04908,0.23333333333333334,1.0487333536148071,0.000606762187089771,8,1.0,50.0,False
49692,2024-11-26 11:00:00+00:00,2024-11-26 10:00:00+00:00,1.05068,0.5333333333333333,1.050342321395874,0.0007329102954827249,7,1.0,50.0,False
49693,2024-11-26 12:00:00+00:00,2024-11-26 11:00:00+00:00,1.05164,0.3,1.0513209104537964,0.001216359087266028,10,1.0,50.0,False
49694,2024-11-26 13:00:00+00:00,2024-11-26 12:00:00+00:00,1.05126,0.23333333333333334,1.0505845546722412,0.0007811022223904729,8,1.0,50.0,False
49695,2024-11-26 14:00:00+00:00,2024-11-26 13:00:00+00:00,1.05233,0.2,1.0517605543136597,0.0010643118293955922,10,1.0,50.0,False
49696,2024-11-26 15:00:00+00:00,2024-11-26 14:00:00+00:00,1.0503,0.3,1.04999577999115,0.0007484873640350997,7,1.0,50.0,False
49697,2024-11-26 16:00:00+00:00,2024-11-26 15:00:00+00:00,1.05026,0.4666666666666667,1.0502350330352783,0.0006847901386208832,8,1.0,50.0,False
49698,2024-11-26 17:00:00+00:00,2024-11-26 16:00:00+00:00,1.04794,1.0,1.0490469932556152,0.0005908936145715415,4,1.0,50.0,False
49699,2024-11-26 18:00:00+00:00,2024-11-26 17:00:00+00:00,1.04794,0.7333333333333333,1.0486023426055908,0.0007906160899437964,5,1.0,50.0,False
49700,2024-11-26 19:00:00+00:00,2024-11-26 18:00:00+00:00,1.04701,1.0,1.0479599237442017,0.0005958592519164085,2,1.0,50.0,False
49701,2024-11-26 20:00:00+00:00,2024-11-26 19:00:00+00:00,1.04645,1.0,1.047275185585022,0.0005370212020352483,2,1.0,50.0,False
49702,2024-11-26 21:00:00+00:00,2024-11-26 20:00:00+00:00,1.04723,0.3333333333333333,1.047070026397705,0.000573140918277204,2,1.0,50.0,False
49703,2024-11-26 22:00:00+00:00,2024-11-26 21:00:00+00:00,1.04805,0.0,1.047605276107788,0.0005675693973898888,2,1.0,50.0,False
49704,2024-11-26 23:00:00+00:00,2024-11-26 22:00:00+00:00,1.04878,0.0,1.0481359958648682,0.0004872576682828367,2,1.0,50.0,False
49705,2024-11-27 00:00:00+00:00,2024-11-26 23:00:00+00:00,1.04864,0.23333333333333334,1.0487024784088135,0.0006555698928423226,7,1.0,50.0,False
49706,2024-11-27 01:00:00+00:00,2024-11-27 00:00:00+00:00,1.04912,0.23333333333333334,1.0485212802886963,0.000724108365830034,6,1.0,50.0,False
49707,2024-11-27 02:00:00+00:00,2024-11-27 01:00:00+00:00,1.04887,0.06666666666666667,1.0482391119003296,0.0005256747244857252,3,1.0,50.0,False
49708,2024-11-27 03:00:00+00:00,2024-11-27 02:00:00+00:00,1.04863,0.0,1.0484192371368408,0.0002824327093549073,2,1.0,50.0,False
49709,2024-11-27 04:00:00+00:00,2024-11-27 03:00:00+00:00,1.0485,0.06666666666666667,1.048331379890442,0.00044873260776512325,4,1.0,50.0,False
49710,2024-11-27 05:00:00+00:00,2024-11-27 04:00:00+00:00,1.04823,0.9,1.0483256578445435,0.00043447589268907905,4,1.0,50.0,False
49711,2024-11-27 06:00:00+00:00,2024-11-27 05:00:00+00:00,1.04781,0.8,1.048122763633728,0.0005100209382362664,3,1.0,50.0,False
49712,2024-11-27 07:00:00+00:00,2024-11-27 06:00:00+00:00,1.04764,0.9,1.048329472541809,0.0006306556169874966,6,1.0,50.0,False
49713,2024-11-27 08:00:00+00:00,2024-11-27 07:00:00+00:00,1.04794,0.6333333333333333,1.0480563640594482,0.000578300270717591,5,1.0,50.0,False
49714,2024-11-27 09:00:00+00:00,2024-11-27 08:00:00+00:00,1.04977,0.4666666666666667,1.0497534275054932,0.0009302634280174971,7,1.0,50.0,False
49715,2024-11-27 10:00:00+00:00,2024-11-27 09:00:00+00:00,1.05136,1.0,1.0518635511398315,0.000583111250307411,3,1.0,50.0,False
49716,2024-11-27 11:00:00+00:00,2024-11-27 10:00:00+00:00,1.0516,0.13333333333333333,1.0514546632766724,0.0007363958284258842,7,1.0,50.0,False
49717,2024-11-27 12:00:00+00:00,2024-11-27 11:00:00+00:00,1.05273,0.2,1.0516796112060547,0.0009160061017610133,7,1.0,50.0,False
49718,2024-11-27 13:00:00+00:00,2024-11-27 12:00:00+00:00,1.05257,0.3,1.0517747402191162,0.0011797124752774835,7,1.0,50.0,False
49719,2024-11-27 14:00:00+00:00,2024-11-27 13:00:00+00:00,1.05273,0.3333333333333333,1.0522760152816772,0.001199327758513391,8,1.0,50.0,False
49720,2024-11-27 15:00:00+00:00,2024-11-27 14:00:00+00:00,1.05721,0.13333333333333333,1.05618417263031,0.001101246802136302,12,1.0,50.0,False
49721,2024-11-27 16:00:00+00:00,2024-11-27 15:00:00+00:00,1.0555,0.23333333333333334,1.0553454160690308,0.0006626470712944865,4,1.0,50.0,False
49722,2024-11-27 17:00:00+00:00,2024-11-27 16:00:00+00:00,1.05699,0.0,1.055946946144104,0.0007605567807331681,4,1.0,50.0,False
49723,2024-11-27 18:00:00+00:00,2024-11-27 17:00:00+00:00,1.05737,0.0,1.0566797256469727,0.0006025337497703731,3,1.0,50.0,False
49724,2024-11-27 19:00:00+00:00,2024-11-27 18:00:00+00:00,1.05759,0.4666666666666667,1.0571343898773193,0.00048493503709323704,2,1.0,50.0,False
49725,2024-11-27 20:00:00+00:00,2024-11-27 19:00:00+00:00,1.05659,0.2,1.0565698146820068,0.00048477909876964986,3,1.0,50.0,False
49726,2024-11-27 21:00:00+00:00,2024-11-27 20:00:00+00:00,1.05623,0.03333333333333333,1.0557366609573364,0.0005068896571174264,3,1.0,50.0,False
49727,2024-11-27 22:00:00+00:00,2024-11-27 21:00:00+00:00,1.05648,0.13333333333333333,1.0561898946762085,0.00037890594103373587,4,1.0,50.0,False
49728,2024-11-27 23:00:00+00:00,2024-11-27 22:00:00+00:00,1.05648,0.26666666666666666,1.0566343069076538,0.0004033853765577078,2,1.0,50.0,False
49729,2024-11-28 00:00:00+00:00,2024-11-27 23:00:00+00:00,1.05664,0.2,1.0565459728240967,0.0007190360338427126,6,1.0,50.0,False
49730,2024-11-28 01:00:00+00:00,2024-11-28 00:00:00+00:00,1.05613,0.8333333333333334,1.0569233894348145,0.001155321835540235,8,1.0,50.0,False
49731,2024-11-28 02:00:00+00:00,2024-11-28 01:00:00+00:00,1.05513,0.5333333333333333,1.0555617809295654,0.0005741161294281483,4,1.0,50.0,False
49732,2024-11-28 03:00:00+00:00,2024-11-28 02:00:00+00:00,1.05566,0.9333333333333333,1.056254506111145,0.00047208552132360637,3,1.0,50.0,False
49733,2024-11-28 04:00:00+00:00,2024-11-28 03:00:00+00:00,1.05565,0.9333333333333333,1.0562613010406494,0.00041698908898979425,4,1.0,50.0,False
49734,2024-11-28 05:00:00+00:00,2024-11-28 04:00:00+00:00,1.05517,0.5333333333333333,1.05536949634552,0.0005240459577180445,3,1.0,50.0,False
49735,2024-11-28 06:00:00+00:00,2024-11-28 05:00:00+00:00,1.05543,0.5666666666666667,1.055177927017212,0.0005747115355916321,4,1.0,50.0,False
49736,2024-11-28 07:00:00+00:00,2024-11-28 06:00:00+00:00,1.05494,0.5,1.054874300956726,0.0006510082166641951,6,1.0,50.0,False
49737,2024-11-28 08:00:00+00:00,2024-11-28 07:00:00+00:00,1.05479,0.5,1.0545883178710938,0.0007968734134919941,7,1.0,50.0,False
49738,2024-11-28 09:00:00+00:00,2024-11-28 08:00:00+00:00,1.05406,0.8666666666666667,1.0545456409454346,0.0008387292618863285,6,1.0,50.0,False
49739,2024-11-28 10:00:00+00:00,2024-11-28 09:00:00+00:00,1.05438,0.6,1.054589867591858,0.000777914363425225,7,1.0,50.0,False
49740,2024-11-28 11:00:00+00:00,2024-11-28 10:00:00+00:00,1.05313,0.9666666666666667,1.0540276765823364,0.0007132096798159182,5,1.0,50.0,False
49741,2024-11-28 12:00:00+00:00,2024-11-28 11:00:00+00:00,1.055,0.7333333333333333,1.0551122426986694,0.0006805110024288297,3,1.0,50.0,False
49742,2024-11-28 13:00:00+00:00,2024-11-28 12:00:00+00:00,1.05494,0.7333333333333333,1.0553025007247925,0.0006898807478137314,5,1.0,50.0,False
49743,2024-11-28 14:00:00+00:00,2024-11-28 13:00:00+00:00,1.05446,0.4666666666666667,1.0545941591262817,0.0007608839077875018,6,1.0,50.0,False
49744,2024-11-28 15:00:00+00:00,2024-11-28 14:00:00+00:00,1.05335,0.9666666666666667,1.0543818473815918,0.0008711213013157248,5,1.0,50.0,False
49745,2024-11-28 16:00:00+00:00,2024-11-28 15:00:00+00:00,1.05487,0.8,1.0550446510314941,0.0005998891429044306,3,1.0,50.0,False
49746,2024-11-28 17:00:00+00:00,2024-11-28 16:00:00+00:00,1.05519,0.8333333333333334,1.0551774501800537,0.0005034313071519136,4,1.0,50.0,False
49747,2024-11-28 18:00:00+00:00,2024-11-28 17:00:00+00:00,1.05534,0.8666666666666667,1.0553337335586548,0.0003904493059962988,4,1.0,50.0,False
49748,2024-11-28 19:00:00+00:00,2024-11-28 18:00:00+00:00,1.05523,0.9333333333333333,1.0555577278137207,0.000385898572858423,3,1.0,50.0,False
49749,2024-11-28 20:00:00+00:00,2024-11-28 19:00:00+00:00,1.0555,1.0,1.055615782737732,0.00016425659123342484,2,1.0,50.0,False
49750,2024-11-28 21:00:00+00:00,2024-11-28 20:00:00+00:00,1.05563,0.06666666666666667,1.0556604862213135,0.00022751033247914165,2,1.0,50.0,False
49751,2024-11-28 22:00:00+00:00,2024-11-28 21:00:00+00:00,1.05543,1.0,1.0556378364562988,1.1920928955078125e-07,1,1.0,50.0,False
49752,2024-11-28 23:00:00+00:00,2024-11-28 22:00:00+00:00,1.05468,0.7666666666666667,1.0550155639648438,0.00043033366091549397,2,1.0,50.0,False
49753,2024-11-29 00:00:00+00:00,2024-11-28 23:00:00+00:00,1.05505,0.7333333333333333,1.055229663848877,0.0005277092568576336,4,1.0,50.0,False
49754,2024-11-29 01:00:00+00:00,2024-11-29 00:00:00+00:00,1.05596,0.9,1.0561659336090088,0.0005628393846563995,4,1.0,50.0,False
49755,2024-11-29 02:00:00+00:00,2024-11-29 01:00:00+00:00,1.05619,1.0,1.0567187070846558,0.0004410390101838857,3,1.0,50.0,False
49756,2024-11-29 03:00:00+00:00,2024-11-29 02:00:00+00:00,1.05593,0.9,1.0563093423843384,0.0005543986917473376,3,1.0,50.0,False
49757,2024-11-29 04:00:00+00:00,2024-11-29 03:00:00+00:00,1.05704,0.6666666666666666,1.057129144668579,0.0004252335929777473,2,1.0,50.0,False
49758,2024-11-29 05:00:00+00:00,2024-11-29 04:00:00+00:00,1.05731,0.4666666666666667,1.0571922063827515,0.0004496086621657014,2,1.0,50.0,False
49759,2024-11-29 06:00:00+00:00,2024-11-29 05:00:00+00:00,1.05693,0.36666666666666664,1.0567078590393066,0.0005782333319075406,4,1.0,50.0,False
49760,2024-11-29 07:00:00+00:00,2024-11-29 06:00:00+00:00,1.05676,0.2,1.0564167499542236,0.0004972795723006129,3,1.0,50.0,False
49761,2024-11-29 08:00:00+00:00,2024-11-29 07:00:00+00:00,1.05798,0.06666666666666667,1.0571744441986084,0.0007267575711011887,6,1.0,50.0,False
49762,2024-11-29 09:00:00+00:00,2024-11-29 08:00:00+00:00,1.05792,0.13333333333333333,1.057469367980957,0.0007573336479254067,5,1.0,50.0,False
49763,2024-11-29 10:00:00+00:00,2024-11-29 09:00:00+00:00,1.05697,0.36666666666666664,1.056897759437561,0.000526715419255197,4,1.0,50.0,False
49764,2024-11-29 11:00:00+00:00,2024-11-29 10:00:00+00:00,1.05565,0.7666666666666667,1.055908441543579,0.0005911232437938452,4,1.0,50.0,False
49765,2024-11-29 12:00:00+00:00,2024-11-29 11:00:00+00:00,1.05641,0.26666666666666666,1.0560396909713745,0.0006033695535734296,4,1.0,50.0,False
49766,2024-11-29 13:00:00+00:00,2024-11-29 12:00:00+00:00,1.05619,0.26666666666666666,1.0561836957931519,0.0007857631426304579,7,1.0,50.0,False
49767,2024-11-29 14:00:00+00:00,2024-11-29 13:00:00+00:00,1.05635,0.3,1.055897831916809,0.0007901169010438025,5,1.0,50.0,False
49768,2024-11-29 15:00:00+00:00,2024-11-29 14:00:00+00:00,1.05624,0.23333333333333334,1.0559120178222656,0.0005749595584347844,4,1.0,50.0,False
49769,2024-11-29 16:00:00+00:00,2024-11-29 15:00:00+00:00,1.05527,0.8,1.0552654266357422,0.00044731886009685695,4,1.0,50.0,False
49770,2024-11-29 17:00:00+00:00,2024-11-29 16:00:00+00:00,1.05606,0.36666666666666664,1.0563105344772339,0.00043274296331219375,2,1.0,50.0,False
49771,2024-11-29 18:00:00+00:00,2024-11-29 17:00:00+00:00,1.05463,0.7666666666666667,1.0552414655685425,0.0005488580791279674,4,1.0,50.0,False
49772,2024-11-29 19:00:00+00:00,2024-11-29 18:00:00+00:00,1.05668,0.36666666666666664,1.0562982559204102,0.000485174881760031,3,1.0,50.0,False
49773,2024-11-29 20:00:00+00:00,2024-11-29 19:00:00+00:00,1.05748,0.0,1.056884527206421,0.0004243557632435113,2,1.0,50.0,False
49774,2024-11-29 21:00:00+00:00,2024-11-29 20:00:00+00:00,1.05792,0.06666666666666667,1.057013988494873,0.0006920028245076537,5,1.0,50.0,False
49775,2024-11-29 22:00:00+00:00,2024-11-29 21:00:00+00:00,1.05818,0.13333333333333333,1.0572493076324463,0.0008452168549410999,7,1.0,50.0,False
49776,2024-12-01 23:00:00+00:00,2024-11-29 22:00:00+00:00,1.0576,0.03333333333333333,1.056559681892395,0.000613211770541966,5,49.0,50.0,True
49777,2024-12-02 00:00:00+00:00,2024-12-01 23:00:00+00:00,1.05625,0.16666666666666666,1.0556637048721313,0.0006059880834072828,4,1.0,50.0,False
49778,2024-12-02 01:00:00+00:00,2024-12-02 00:00:00+00:00,1.05434,0.6,1.054922342300415,0.0006023716414347291,4,1.0,50.0,False
49779,2024-12-02 02:00:00+00:00,2024-12-02 01:00:00+00:00,1.05357,1.0,1.0544449090957642,0.0005057473899796605,2,1.0,50.0,False
49780,2024-12-02 03:00:00+00:00,2024-12-02 02:00:00+00:00,1.05298,1.0,1.0541895627975464,0.0005028847954235971,2,1.0,50.0,False
49781,2024-12-02 04:00:00+00:00,2024-12-02 03:00:00+00:00,1.05249,1.0,1.0536853075027466,0.0005147409974597394,2,1.0,50.0,False
49782,2024-12-02 05:00:00+00:00,2024-12-02 04:00:00+00:00,1.05231,1.0,1.0534601211547852,0.0005175442202016711,2,1.0,50.0,False
49783,2024-12-02 06:00:00+00:00,2024-12-02 05:00:00+00:00,1.0523,1.0,1.0533629655838013,0.0005284090875647962,2,1.0,50.0,False
49784,2024-12-02 07:00:00+00:00,2024-12-02 06:00:00+00:00,1.05213,1.0,1.0530027151107788,0.0005131677608005702,2,1.0,50.0,False
49785,2024-12-02 08:00:00+00:00,2024-12-02 07:00:00+00:00,1.05324,0.8,1.0538641214370728,0.0005257676239125431,4,1.0,50.0,False
49786,2024-12-02 09:00:00+00:00,2024-12-02 08:00:00+00:00,1.05024,0.6666666666666666,1.050915002822876,0.0009415154927410185,6,1.0,50.0,False
49787,2024-12-02 10:00:00+00:00,2024-12-02 09:00:00+00:00,1.05015,0.6,1.0505799055099487,0.000909112102817744,7,1.0,50.0,False
49788,2024-12-02 11:00:00+00:00,2024-12-02 10:00:00+00:00,1.05132,0.16666666666666666,1.0511374473571777,0.0008931714110076427,8,1.0,50.0,False
49789,2024-12-02 12:00:00+00:00,2024-12-02 11:00:00+00:00,1.05212,0.1,1.051155924797058,0.000625378976110369,5,1.0,50.0,False
49790,2024-12-02 13:00:00+00:00,2024-12-02 12:00:00+00:00,1.05224,0.6,1.0525758266448975,0.0008208577055484056,5,1.0,50.0,False
49791,2024-12-02 14:00:00+00:00,2024-12-02 13:00:00+00:00,1.05005,0.5,1.0502122640609741,0.0010823772754520178,8,1.0,50.0,False
49792,2024-12-02 15:00:00+00:00,2024-12-02 14:00:00+00:00,1.05051,0.8333333333333334,1.051081895828247,0.0008399214711971581,7,1.0,50.0,False
49793,2024-12-02 16:00:00+00:00,2024-12-02 15:00:00+00:00,1.04714,0.8,1.0473567247390747,0.0009007113403640687,7,1.0,50.0,False
49794,2024-12-02 17:00:00+00:00,2024-12-02 16:00:00+00:00,1.04687,0.7666666666666667,1.0467420816421509,0.0006847938057035208,6,1.0,50.0,False
49795,2024-12-02 18:00:00+00:00,2024-12-02 17:00:00+00:00,1.04831,0.5,1.0486315488815308,0.0010012697894126177,8,1.0,50.0,False
49796,2024-12-02 19:00:00+00:00,2024-12-02 18:00:00+00:00,1.04872,0.6666666666666666,1.0492360591888428,0.0009178158943541348,7,1.0,50.0,False
49797,2024-12-02 20:00:00+00:00,2024-12-02 19:00:00+00:00,1.04894,0.7666666666666667,1.049587368965149,0.0008737098542042077,6,1.0,50.0,False
49798,2024-12-02 21:00:00+00:00,2024-12-02 20:00:00+00:00,1.049,1.0,1.0502411127090454,0.0006088108639232814,5,1.0,50.0,False
49799,2024-12-02 22:00:00+00:00,2024-12-02 21:00:00+00:00,1.04994,0.9666666666666667,1.0502097606658936,0.00027047915500588715,4,1.0,50.0,False
49800,2024-12-02 23:00:00+00:00,2024-12-02 22:00:00+00:00,1.04966,0.8666666666666667,1.050230622291565,0.0005988971097394824,6,1.0,50.0,False
49801,2024-12-03 00:00:00+00:00,2024-12-02 23:00:00+00:00,1.0496,0.7666666666666667,1.0500694513320923,0.0005707129021175206,5,1.0,50.0,False
49802,2024-12-03 01:00:00+00:00,2024-12-03 00:00:00+00:00,1.05003,0.7666666666666667,1.0501444339752197,0.0006978054298087955,5,1.0,50.0,False
49803,2024-12-03 02:00:00+00:00,2024-12-03 01:00:00+00:00,1.04905,0.5,1.0491503477096558,0.0005655641434714198,7,1.0,50.0,False
49804,2024-12-03 03:00:00+00:00,2024-12-03 02:00:00+00:00,1.04875,0.6666666666666666,1.0491074323654175,0.0004998523509129882,7,1.0,50.0,False
49805,2024-12-03 04:00:00+00:00,2024-12-03 03:00:00+00:00,1.04888,0.5333333333333333,1.048581600189209,0.0005786852561868727,6,1.0,50.0,False
49806,2024-12-03 05:00:00+00:00,2024-12-03 04:00:00+00:00,1.04897,0.7666666666666667,1.0492860078811646,0.0006368296453729272,5,1.0,50.0,False
49807,2024-12-03 06:00:00+00:00,2024-12-03 05:00:00+00:00,1.04849,0.5,1.0486326217651367,0.0007976708002388477,8,1.0,50.0,False
49808,2024-12-03 07:00:00+00:00,2024-12-03 06:00:00+00:00,1.04908,0.5666666666666667,1.0490190982818604,0.0008176786359399557,8,1.0,50.0,False
49809,2024-12-03 08:00:00+00:00,2024-12-03 07:00:00+00:00,1.04875,0.6,1.0490062236785889,0.0007722535519860685,7,1.0,50.0,False
49810,2024-12-03 09:00:00+00:00,2024-12-03 08:00:00+00:00,1.04976,0.16666666666666666,1.049381136894226,0.0008783965022303164,8,1.0,50.0,False
49811,2024-12-03 10:00:00+00:00,2024-12-03 09:00:00+00:00,1.05248,0.16666666666666666,1.0515475273132324,0.0005818592035211623,4,1.0,50.0,False
49812,2024-12-03 11:00:00+00:00,2024-12-03 10:00:00+00:00,1.05202,0.2,1.0518218278884888,0.0005260776379145682,4,1.0,50.0,False
49813,2024-12-03 12:00:00+00:00,2024-12-03 11:00:00+00:00,1.05143,0.3333333333333333,1.051365613937378,0.0006784602301195264,7,1.0,50.0,False
49814,2024-12-03 13:00:00+00:00,2024-12-03 12:00:00+00:00,1.05221,0.2,1.0521389245986938,0.0005599323776550591,4,1.0,50.0,False
49815,2024-12-03 14:00:00+00:00,2024-12-03 13:00:00+00:00,1.05072,0.8333333333333334,1.0513532161712646,0.0010883300565183163,8,1.0,50.0,False
49816,2024-12-03 15:00:00+00:00,2024-12-03 14:00:00+00:00,1.05232,0.06666666666666667,1.0519105195999146,0.0005094503285363317,7,1.0,50.0,False
49817,2024-12-03 16:00:00+00:00,2024-12-03 15:00:00+00:00,1.05182,0.8333333333333334,1.0523468255996704,0.0005437897052615881,4,1.0,50.0,False
49818,2024-12-03 17:00:00+00:00,2024-12-03 16:00:00+00:00,1.05163,0.6666666666666666,1.0517809391021729,0.0005380921647883952,4,1.0,50.0,False
49819,2024-12-03 18:00:00+00:00,2024-12-03 17:00:00+00:00,1.05172,0.4,1.0512444972991943,0.00044300148147158325,3,1.0,50.0,False
49820,2024-12-03 19:00:00+00:00,2024-12-03 18:00:00+00:00,1.05282,0.0,1.0518126487731934,0.0003655045584309846,3,1.0,50.0,False
49821,2024-12-03 20:00:00+00:00,2024-12-03 19:00:00+00:00,1.05272,0.9666666666666667,1.053025245666504,0.0004219856928102672,4,1.0,50.0,False
49822,2024-12-03 21:00:00+00:00,2024-12-03 20:00:00+00:00,1.05042,1.0,1.0513516664505005,0.0004314935358706862,3,1.0,50.0,False
49823,2024-12-03 22:00:00+00:00,2024-12-03 21:00:00+00:00,1.05087,1.0,1.0515360832214355,0.00043619098141789436,2,1.0,50.0,False
49824,2024-12-03 23:00:00+00:00,2024-12-03 22:00:00+00:00,1.05056,1.0,1.0513482093811035,0.0004451275453902781,2,1.0,50.0,False
49825,2024-12-04 00:00:00+00:00,2024-12-03 23:00:00+00:00,1.05077,0.26666666666666666,1.0508626699447632,0.0005870854947715998,4,1.0,50.0,False
49826,2024-12-04 01:00:00+00:00,2024-12-04 00:00:00+00:00,1.05096,0.2,1.0504354238510132,0.0008845318225212395,6,1.0,50.0,False
49827,2024-12-04 02:00:00+00:00,2024-12-04 01:00:00+00:00,1.04987,1.0,1.0506737232208252,0.00033582132891751826,2,1.0,50.0,False
49828,2024-12-04 03:00:00+00:00,2024-12-04 02:00:00+00:00,1.05054,0.13333333333333333,1.0505231618881226,0.0003055056731682271,2,1.0,50.0,False
49829,2024-12-04 04:00:00+00:00,2024-12-04 03:00:00+00:00,1.04998,1.0,1.0504997968673706,0.00037951042759232223,2,1.0,50.0,False
49830,2024-12-04 05:00:00+00:00,2024-12-04 04:00:00+00:00,1.04932,0.5333333333333333,1.049203634262085,0.0005225090426392853,7,1.0,50.0,False
49831,2024-12-04 06:00:00+00:00,2024-12-04 05:00:00+00:00,1.05102,0.5,1.0506528615951538,0.0005296875606290996,4,1.0,50.0,False
49832,2024-12-04 07:00:00+00:00,2024-12-04 06:00:00+00:00,1.05145,0.8,1.0517686605453491,0.0005618166760541499,4,1.0,50.0,False
49833,2024-12-04 08:00:00+00:00,2024-12-04 07:00:00+00:00,1.05225,0.4666666666666667,1.0524083375930786,0.0007296380354091525,6,1.0,50.0,False
49834,2024-12-04 09:00:00+00:00,2024-12-04 08:00:00+00:00,1.05087,0.7,1.0511289834976196,0.0011081123957410455,8,1.0,50.0,False
49835,2024-12-04 10:00:00+00:00,2024-12-04 09:00:00+00:00,1.04909,0.5,1.049260139465332,0.0008380020735785365,8,1.0,50.0,False
49836,2024-12-04 11:00:00+00:00,2024-12-04 10:00:00+00:00,1.05024,0.23333333333333334,1.049685001373291,0.0007149577140808105,5,1.0,50.0,False
49837,2024-12-04 12:00:00+00:00,2024-12-04 11:00:00+00:00,1.04989,0.23333333333333334,1.0496940612792969,0.0007589515880681574,8,1.0,50.0,False
49838,2024-12-04 13:00:00+00:00,2024-12-04 12:00:00+00:00,1.05042,0.23333333333333334,1.0496281385421753,0.000883577682543546,8,1.0,50.0,False
49839,2024-12-04 14:00:00+00:00,2024-12-04 13:00:00+00:00,1.04908,0.6666666666666666,1.0491502285003662,0.0009119738242588937,9,1.0,50.0,False
49840,2024-12-04 15:00:00+00:00,2024-12-04 14:00:00+00:00,1.04829,0.5,1.0481256246566772,0.0009033893002197146,8,1.0,50.0,False
49841,2024-12-04 16:00:00+00:00,2024-12-04 15:00:00+00:00,1.04936,0.16666666666666666,1.0487213134765625,0.0008254272397607565,7,1.0,50.0,False
49842,2024-12-04 17:00:00+00:00,2024-12-04 16:00:00+00:00,1.05286,0.43333333333333335,1.0529440641403198,0.0008914591744542122,12,1.0,50.0,False
49843,2024-12-04 18:00:00+00:00,2024-12-04 17:00:00+00:00,1.05264,0.4666666666666667,1.0525625944137573,0.0007901416975073516,9,1.0,50.0,False
49844,2024-12-04 19:00:00+00:00,2024-12-04 18:00:00+00:00,1.05369,0.03333333333333333,1.0527855157852173,0.00047889462439343333,4,1.0,50.0,False
49845,2024-12-04 20:00:00+00:00,2024-12-04 19:00:00+00:00,1.05156,0.6,1.0515799522399902,0.0004912469885312021,4,1.0,50.0,False
49846,2024-12-04 21:00:00+00:00,2024-12-04 20:00:00+00:00,1.05133,0.7333333333333333,1.051293134689331,0.0004408295208122581,4,1.0,50.0,False
49847,2024-12-04 22:00:00+00:00,2024-12-04 21:00:00+00:00,1.05126,0.0,1.0507012605667114,0.00041037629125639796,2,1.0,50.0,False
49848,2024-12-04 23:00:00+00:00,2024-12-04 22:00:00+00:00,1.05079,0.43333333333333335,1.0507174730300903,0.00041929626604542136,2,1.0,50.0,False
49849,2024-12-05 00:00:00+00:00,2024-12-04 23:00:00+00:00,1.05102,0.6666666666666666,1.0506492853164673,0.0009123531635850668,7,1.0,50.0,False
49850,2024-12-05 01:00:00+00:00,2024-12-05 00:00:00+00:00,1.05121,0.16666666666666666,1.0506736040115356,0.0007122868555597961,9,1.0,50.0,False
49851,2024-12-05 02:00:00+00:00,2024-12-05 01:00:00+00:00,1.05135,0.23333333333333334,1.051171064376831,0.0005080386181361973,4,1.0,50.0,False
49852,2024-12-05 03:00:00+00:00,2024-12-05 02:00:00+00:00,1.05115,0.0,1.0505931377410889,0.0006004624883644283,4,1.0,50.0,False
49853,2024-12-05 04:00:00+00:00,2024-12-05 03:00:00+00:00,1.05194,0.3,1.0516301393508911,0.0005484971916303039,3,1.0,50.0,False
49854,2024-12-05 05:00:00+00:00,2024-12-05 04:00:00+00:00,1.05225,0.6,1.0523780584335327,0.00038434157613664865,4,1.0,50.0,False
49855,2024-12-05 06:00:00+00:00,2024-12-05 05:00:00+00:00,1.05178,0.7,1.0517736673355103,0.0007861180929467082,6,1.0,50.0,False
49856,2024-12-05 07:00:00+00:00,2024-12-05 06:00:00+00:00,1.0526,0.6,1.0528875589370728,0.0007128453580662608,9,1.0,50.0,False
49857,2024-12-05 08:00:00+00:00,2024-12-05 07:00:00+00:00,1.05249,0.5,1.0523542165756226,0.001119010616093874,11,1.0,50.0,False
49858,2024-12-05 09:00:00+00:00,2024-12-05 08:00:00+00:00,1.05347,0.36666666666666664,1.053139567375183,0.0006584287039004266,10,1.0,50.0,False
49859,2024-12-05 10:00:00+00:00,2024-12-05 09:00:00+00:00,1.05298,0.6666666666666666,1.053229570388794,0.0005767788970842957,10,1.0,50.0,False
49860,2024-12-05 11:00:00+00:00,2024-12-05 10:00:00+00:00,1.05279,0.3,1.0525497198104858,0.0005922747659496963,8,1.0,50.0,False
49861,2024-12-05 12:00:00+00:00,2024-12-05 11:00:00+00:00,1.05253,0.3,1.0523346662521362,0.000752342923078686,8,1.0,50.0,False
49862,2024-12-05 13:00:00+00:00,2024-12-05 12:00:00+00:00,1.05357,0.3333333333333333,1.0532917976379395,0.0005500916158780456,10,1.0,50.0,False
49863,2024-12-05 14:00:00+00:00,2024-12-05 13:00:00+00:00,1.05364,0.23333333333333334,1.0532574653625488,0.0006480679730884731,15,1.0,50.0,False
49864,2024-12-05 15:00:00+00:00,2024-12-05 14:00:00+00:00,1.05662,0.36666666666666664,1.0562325716018677,0.0011441890383139253,19,1.0,50.0,False
49865,2024-12-05 16:00:00+00:00,2024-12-05 15:00:00+00:00,1.0575,0.6,1.0579999685287476,0.0008904763963073492,10,1.0,50.0,False
49866,2024-12-05 17:00:00+00:00,2024-12-05 16:00:00+00:00,1.05719,0.43333333333333335,1.0570038557052612,0.0005604993202723563,12,1.0,50.0,False
49867,2024-12-05 18:00:00+00:00,2024-12-05 17:00:00+00:00,1.05699,0.7333333333333333,1.0570385456085205,0.0005999024142511189,10,1.0,50.0,False
49868,2024-12-05 19:00:00+00:00,2024-12-05 18:00:00+00:00,1.05672,0.5666666666666667,1.0566587448120117,0.00045961845899000764,15,1.0,50.0,False
49869,2024-12-05 20:00:00+00:00,2024-12-05 19:00:00+00:00,1.05675,0.3,1.0564935207366943,0.0003347619785927236,9,1.0,50.0,False
49870,2024-12-05 21:00:00+00:00,2024-12-05 20:00:00+00:00,1.05865,0.13333333333333333,1.058097243309021,0.0006452719680964947,8,1.0,50.0,False
49871,2024-12-05 22:00:00+00:00,2024-12-05 21:00:00+00:00,1.05836,0.3333333333333333,1.0581878423690796,0.00035736997961066663,7,1.0,50.0,False
49872,2024-12-05 23:00:00+00:00,2024-12-05 22:00:00+00:00,1.05832,0.2,1.0578782558441162,0.0006466149934567511,11,1.0,50.0,False
49873,2024-12-06 00:00:00+00:00,2024-12-05 23:00:00+00:00,1.05865,0.4,1.0583871603012085,0.00084614974912256,12,1.0,50.0,False
49874,2024-12-06 01:00:00+00:00,2024-12-06 00:00:00+00:00,1.05859,0.4666666666666667,1.0588481426239014,0.0006865927716717124,10,1.0,50.0,False
49875,2024-12-06 02:00:00+00:00,2024-12-06 01:00:00+00:00,1.05765,0.5333333333333333,1.0577102899551392,0.0004588394076563418,12,1.0,50.0,False
49876,2024-12-06 03:00:00+00:00,2024-12-06 02:00:00+00:00,1.05681,0.6,1.0570247173309326,0.00045908259926363826,11,1.0,50.0,False
49877,2024-12-06 04:00:00+00:00,2024-12-06 03:00:00+00:00,1.05765,0.2,1.057498574256897,0.0002711244742386043,9,1.0,50.0,False
49878,2024-12-06 05:00:00+00:00,2024-12-06 04:00:00+00:00,1.05756,0.7,1.0576430559158325,0.00040485337376594543,9,1.0,50.0,False
49879,2024-12-06 06:00:00+00:00,2024-12-06 05:00:00+00:00,1.05749,0.7666666666666667,1.0577528476715088,0.0004865045484621078,11,1.0,50.0,False
49880,2024-12-06 07:00:00+00:00,2024-12-06 06:00:00+00:00,1.05718,0.5333333333333333,1.057299256324768,0.0004710561770480126,13,1.0,50.0,False
49881,2024-12-06 08:00:00+00:00,2024-12-06 07:00:00+00:00,1.05738,0.6,1.0576523542404175,0.0006932314718142152,13,1.0,50.0,False
49882,2024-12-06 09:00:00+00:00,2024-12-06 08:00:00+00:00,1.05833,0.43333333333333335,1.058252215385437,0.0007706974865868688,8,1.0,50.0,False
49883,2024-12-06 10:00:00+00:00,2024-12-06 09:00:00+00:00,1.05814,0.4666666666666667,1.0582239627838135,0.00033339866786263883,6,1.0,50.0,False
49884,2024-12-06 11:00:00+00:00,2024-12-06 10:00:00+00:00,1.05766,0.7,1.0576512813568115,0.00043655518675222993,10,1.0,50.0,False
49885,2024-12-06 12:00:00+00:00,2024-12-06 11:00:00+00:00,1.05821,0.23333333333333334,1.0576289892196655,0.0005175755359232426,15,1.0,50.0,False
49886,2024-12-06 13:00:00+00:00,2024-12-06 12:00:00+00:00,1.05863,0.43333333333333335,1.0584722757339478,0.000864673696924001,13,1.0,50.0,False
49887,2024-12-06 14:00:00+00:00,2024-12-06 13:00:00+00:00,1.05808,0.2,1.0577638149261475,0.0007401735638268292,17,1.0,50.0,False
49888,2024-12-06 15:00:00+00:00,2024-12-06 14:00:00+00:00,1.06041,0.3333333333333333,1.0602636337280273,0.000954104121774435,11,1.0,50.0,False
49889,2024-12-06 16:00:00+00:00,2024-12-06 15:00:00+00:00,1.05755,0.36666666666666664,1.0572187900543213,0.0005999054410494864,16,1.0,50.0,False
49890,2024-12-06 17:00:00+00:00,2024-12-06 16:00:00+00:00,1.05628,0.6,1.056259036064148,0.0004867888055741787,13,1.0,50.0,False
49891,2024-12-06 18:00:00+00:00,2024-12-06 17:00:00+00:00,1.05618,0.5,1.055937647819519,0.0007116120541468263,11,1.0,50.0,False
49892,2024-12-06 19:00:00+00:00,2024-12-06 18:00:00+00:00,1.05507,0.8,1.055558204650879,0.0005607335478998721,14,1.0,50.0,False
49893,2024-12-06 20:00:00+00:00,2024-12-06 19:00:00+00:00,1.05491,0.9333333333333333,1.0555481910705566,0.00046294284402392805,11,1.0,50.0,False
49894,2024-12-06 21:00:00+00:00,2024-12-06 20:00:00+00:00,1.05539,0.6333333333333333,1.0555304288864136,0.00039547475171275437,11,1.0,50.0,False
49895,2024-12-06 22:00:00+00:00,2024-12-06 21:00:00+00:00,1.05631,0.6,1.056273341178894,0.00037381527363322675,12,1.0,50.0,False
49896,2024-12-08 23:00:00+00:00,2024-12-06 22:00:00+00:00,1.05666,0.26666666666666666,1.056449294090271,0.0003220138605684042,9,49.0,50.0,True
49897,2024-12-09 00:00:00+00:00,2024-12-08 23:00:00+00:00,1.05616,0.5333333333333333,1.0560020208358765,0.0004368357767816633,11,1.0,50.0,False
49898,2024-12-09 01:00:00+00:00,2024-12-09 00:00:00+00:00,1.05651,0.3333333333333333,1.0562227964401245,0.00046247581485658884,13,1.0,50.0,False
49899,2024-12-09 02:00:00+00:00,2024-12-09 01:00:00+00:00,1.05586,0.43333333333333335,1.0558210611343384,0.0003322172851767391,9,1.0,50.0,False
49900,2024-12-09 03:00:00+00:00,2024-12-09 02:00:00+00:00,1.05512,0.8666666666666667,1.0554766654968262,0.00038171172491274774,11,1.0,50.0,False
49901,2024-12-09 04:00:00+00:00,2024-12-09 03:00:00+00:00,1.05542,0.5,1.0554938316345215,0.00038377667078748345,11,1.0,50.0,False
49902,2024-12-09 05:00:00+00:00,2024-12-09 04:00:00+00:00,1.05368,0.4666666666666667,1.054050087928772,0.0006115806754678488,8,1.0,50.0,False
49903,2024-12-09 06:00:00+00:00,2024-12-09 05:00:00+00:00,1.05342,0.43333333333333335,1.053404450416565,0.0006156666786409914,8,1.0,50.0,False
49904,2024-12-09 07:00:00+00:00,2024-12-09 06:00:00+00:00,1.05368,0.26666666666666666,1.0534013509750366,0.0005588195053860545,9,1.0,50.0,False
49905,2024-12-09 08:00:00+00:00,2024-12-09 07:00:00+00:00,1.05439,0.6333333333333333,1.0544639825820923,0.0005107761826366186,13,1.0,50.0,False
49906,2024-12-09 09:00:00+00:00,2024-12-09 08:00:00+00:00,1.05638,0.6666666666666666,1.0565553903579712,0.0007230830378830433,10,1.0,50.0,False
49907,2024-12-09 10:00:00+00:00,2024-12-09 09:00:00+00:00,1.05668,0.36666666666666664,1.0566660165786743,0.0006078123115003109,11,1.0,50.0,False
49908,2024-12-09 11:00:00+00:00,2024-12-09 10:00:00+00:00,1.05656,0.3,1.0565654039382935,0.0004997195210307837,11,1.0,50.0,False
49909,2024-12-09 12:00:00+00:00,2024-12-09 11:00:00+00:00,1.05799,0.43333333333333335,1.0576671361923218,0.0006716576754115522,7,1.0,50.0,False
49910,2024-12-09 13:00:00+00:00,2024-12-09 12:00:00+00:00,1.05684,0.2,1.0567981004714966,0.0006826386088505387,15,1.0,50.0,False
49911,2024-12-09 14:00:00+00:00,2024-12-09 13:00:00+00:00,1.05651,0.43333333333333335,1.056655764579773,0.0007604677230119705,21,1.0,50.0,False
49912,2024-12-09 15:00:00+00:00,2024-12-09 14:00:00+00:00,1.05756,0.4,1.0571537017822266,0.0007982932147569954,15,1.0,50.0,False
49913,2024-12-09 16:00:00+00:00,2024-12-09 15:00:00+00:00,1.05777,0.26666666666666666,1.0573652982711792,0.000530656601767987,9,1.0,50.0,False
49914,2024-12-09 17:00:00+00:00,2024-12-09 16:00:00+00:00,1.05906,0.13333333333333333,1.0585477352142334,0.0006218728376552463,7,1.0,50.0,False
49915,2024-12-09 18:00:00+00:00,2024-12-09 17:00:00+00:00,1.05699,0.26666666666666666,1.0567561388015747,0.0006902454188093543,14,1.0,50.0,False
49916,2024-12-09 19:00:00+00:00,2024-12-09 18:00:00+00:00,1.05665,0.5,1.0568320751190186,0.0005467417067848146,9,1.0,50.0,False
49917,2024-12-09 20:00:00+00:00,2024-12-09 19:00:00+00:00,1.05631,0.7666666666666667,1.056427240371704,0.000403764279326424,11,1.0,50.0,False
49918,2024-12-09 21:00:00+00:00,2024-12-09 20:00:00+00:00,1.05547,0.8333333333333334,1.055896520614624,0.00030800930107943714,11,1.0,50.0,False
49919,2024-12-09 22:00:00+00:00,2024-12-09 21:00:00+00:00,1.05496,1.0,1.0554742813110352,0.0003122356138192117,10,1.0,50.0,False
49920,2024-12-09 23:00:00+00:00,2024-12-09 22:00:00+00:00,1.05526,0.8666666666666667,1.055635929107666,0.00023134348157327622,10,1.0,50.0,False
49921,2024-12-10 00:00:00+00:00,2024-12-09 23:00:00+00:00,1.05536,0.6666666666666666,1.0557351112365723,0.0007329069194383919,19,1.0,50.0,False
49922,2024-12-10 01:00:00+00:00,2024-12-10 00:00:00+00:00,1.05535,0.7333333333333333,1.0554726123809814,0.00044505010009743273,14,1.0,50.0,False
49923,2024-12-10 02:00:00+00:00,2024-12-10 01:00:00+00:00,1.05527,0.2,1.0550217628479004,0.0003396508691366762,11,1.0,50.0,False
49924,2024-12-10 03:00:00+00:00,2024-12-10 02:00:00+00:00,1.05525,0.43333333333333335,1.0551270246505737,0.0003525620559230447,15,1.0,50.0,False
49925,2024-12-10 04:00:00+00:00,2024-12-10 03:00:00+00:00,1.05529,0.6666666666666666,1.0553950071334839,0.00028286295128054917,10,1.0,50.0,False
49926,2024-12-10 05:00:00+00:00,2024-12-10 04:00:00+00:00,1.05559,0.16666666666666666,1.0554585456848145,0.00022318669653031975,9,1.0,50.0,False
49927,2024-12-10 06:00:00+00:00,2024-12-10 05:00:00+00:00,1.05571,0.4666666666666667,1.0557328462600708,0.0004611576732713729,15,1.0,50.0,False
49928,2024-12-10 07:00:00+00:00,2024-12-10 06:00:00+00:00,1.05616,0.5333333333333333,1.0561579465866089,0.0005249944515526295,14,1.0,49.0,False
49929,2024-12-10 08:00:00+00:00,2024-12-10 07:00:00+00:00,1.05663,0.36666666666666664,1.0563666820526123,0.0007368279621005058,13,1.0,49.0,False
49930,2024-12-10 09:00:00+00:00,2024-12-10 08:00:00+00:00,1.05479,0.6666666666666666,1.0552970170974731,0.0008012281614355743,19,1.0,49.0,False
49931,2024-12-10 10:00:00+00:00,2024-12-10 09:00:00+00:00,1.05374,0.5,1.0538870096206665,0.000824602844659239,15,1.0,49.0,False
49932,2024-12-10 11:00:00+00:00,2024-12-10 10:00:00+00:00,1.05309,0.43333333333333335,1.0530802011489868,0.0008236136054620147,12,1.0,49.0,False
49933,2024-12-10 12:00:00+00:00,2024-12-10 11:00:00+00:00,1.05278,0.8333333333333334,1.053263545036316,0.0006045697373338044,17,1.0,49.0,False
49934,2024-12-10 13:00:00+00:00,2024-12-10 12:00:00+00:00,1.05309,0.6,1.053227424621582,0.0007830389658920467,17,1.0,49.0,False
49935,2024-12-10 14:00:00+00:00,2024-12-10 13:00:00+00:00,1.05302,0.5,1.052851915359497,0.0008537488174624741,24,1.0,49.0,False
49936,2024-12-10 15:00:00+00:00,2024-12-10 14:00:00+00:00,1.05225,0.7666666666666667,1.0526154041290283,0.0007224378641694784,19,1.0,49.0,False
49937,2024-12-10 16:00:00+00:00,2024-12-10 15:00:00+00:00,1.05191,0.7,1.0521035194396973,0.0006120303878560662,13,1.0,49.0,False
49938,2024-12-10 17:00:00+00:00,2024-12-10 16:00:00+00:00,1.05031,0.7,1.0506764650344849,0.000588181777857244,15,1.0,49.0,False
49939,2024-12-10 18:00:00+00:00,2024-12-10 17:00:00+00:00,1.05114,0.23333333333333334,1.0508782863616943,0.0006195729365572333,13,1.0,49.0,False
49940,2024-12-10 19:00:00+00:00,2024-12-10 18:00:00+00:00,1.05092,0.3333333333333333,1.0509368181228638,0.0005010630702599883,8,1.0,49.0,False
49941,2024-12-10 20:00:00+00:00,2024-12-10 19:00:00+00:00,1.05247,0.16666666666666666,1.052327275276184,0.0002920560073107481,12,1.0,49.0,False
49942,2024-12-10 21:00:00+00:00,2024-12-10 20:00:00+00:00,1.05261,0.3,1.0525364875793457,0.00031608607969246805,8,1.0,49.0,False
49943,2024-12-10 22:00:00+00:00,2024-12-10 21:00:00+00:00,1.05261,0.7333333333333333,1.0527114868164062,0.0003099160094279796,10,1.0,49.0,False
49944,2024-12-10 23:00:00+00:00,2024-12-10 22:00:00+00:00,1.05267,0.36666666666666664,1.052641749382019,0.000279879110166803,9,1.0,49.0,False
49945,2024-12-11 00:00:00+00:00,2024-12-10 23:00:00+00:00,1.0528,0.7333333333333333,1.0529190301895142,0.0003999150649178773,14,1.0,49.0,False
49946,2024-12-11 01:00:00+00:00,2024-12-11 00:00:00+00:00,1.05305,0.6333333333333333,1.0531281232833862,0.00043233082396909595,15,1.0,49.0,False
49947,2024-12-11 02:00:00+00:00,2024-12-11 01:00:00+00:00,1.05285,0.7333333333333333,1.0530213117599487,0.00028045178623870015,12,1.0,49.0,False
49948,2024-12-11 03:00:00+00:00,2024-12-11 02:00:00+00:00,1.05341,0.4666666666666667,1.053406000137329,0.0002961384307127446,16,1.0,49.0,False
49949,2024-12-11 04:00:00+00:00,2024-12-11 03:00:00+00:00,1.05364,0.4666666666666667,1.0535989999771118,0.00022504011576529592,12,1.0,49.0,False
49950,2024-12-11 05:00:00+00:00,2024-12-11 04:00:00+00:00,1.05277,0.8333333333333334,1.0530979633331299,0.00039648517849855125,12,1.0,49.0,False
49951,2024-12-11 06:00:00+00:00,2024-12-11 05:00:00+00:00,1.05242,0.5333333333333333,1.0524954795837402,0.0004910599091090262,12,1.0,49.0,False
49952,2024-12-11 07:00:00+00:00,2024-12-11 06:00:00+00:00,1.05235,0.8,1.0526983737945557,0.0003647097328212112,16,1.0,49.0,False
49953,2024-12-11 08:00:00+00:00,2024-12-11 07:00:00+00:00,1.05255,0.7666666666666667,1.0529271364212036,0.0005404898547567427,16,1.0,49.0,False
49954,2024-12-11 09:00:00+00:00,2024-12-11 08:00:00+00:00,1.04896,0.7333333333333333,1.049386739730835,0.0010937723563984036,16,1.0,49.0,False
49955,2024-12-11 10:00:00+00:00,2024-12-11 09:00:00+00:00,1.05053,0.7333333333333333,1.0509955883026123,0.0007699357229284942,15,1.0,49.0,False
49956,2024-12-11 11:00:00+00:00,2024-12-11 10:00:00+00:00,1.05001,0.3,1.0498484373092651,0.00054183165775612,14,1.0,49.0,False
49957,2024-12-11 12:00:00+00:00,2024-12-11 11:00:00+00:00,1.04944,0.5666666666666667,1.0497153997421265,0.0008312423597089946,16,1.0,49.0,False
49958,2024-12-11 13:00:00+00:00,2024-12-11 12:00:00+00:00,1.05032,0.5333333333333333,1.0505149364471436,0.0009037645068019629,19,1.0,49.0,False
49959,2024-12-11 14:00:00+00:00,2024-12-11 13:00:00+00:00,1.05026,0.8,1.0508438348770142,0.0011352244764566422,20,1.0,49.0,False
49960,2024-12-11 15:00:00+00:00,2024-12-11 14:00:00+00:00,1.05233,0.5333333333333333,1.0526859760284424,0.0008117256802506745,19,1.0,49.0,False
49961,2024-12-11 16:00:00+00:00,2024-12-11 15:00:00+00:00,1.05003,0.7,1.0505698919296265,0.0008891014149412513,14,1.0,49.0,False
49962,2024-12-11 17:00:00+00:00,2024-12-11 16:00:00+00:00,1.049,1.0,1.0497184991836548,0.0005750127020291984,14,1.0,49.0,False
49963,2024-12-11 18:00:00+00:00,2024-12-11 17:00:00+00:00,1.05072,0.8333333333333334,1.0513346195220947,0.0008125538006424904,17,1.0,49.0,False
49964,2024-12-11 19:00:00+00:00,2024-12-11 18:00:00+00:00,1.04872,0.8333333333333334,1.049458384513855,0.0005511921481229365,12,1.0,49.0,False
49965,2024-12-11 20:00:00+00:00,2024-12-11 19:00:00+00:00,1.04841,0.6666666666666666,1.048814296722412,0.0005472907796502113,10,1.0,49.0,False
49966,2024-12-11 21:00:00+00:00,2024-12-11 20:00:00+00:00,1.04909,0.43333333333333335,1.0490765571594238,0.00040653112228028476,12,1.0,49.0,False
49967,2024-12-11 22:00:00+00:00,2024-12-11 21:00:00+00:00,1.04922,0.5,1.0492058992385864,0.00030367186991497874,9,1.0,49.0,False
49968,2024-12-11 23:00:00+00:00,2024-12-11 22:00:00+00:00,1.04926,0.8666666666666667,1.0495291948318481,0.000372264621546492,9,1.0,49.0,False
49969,2024-12-12 00:00:00+00:00,2024-12-11 23:00:00+00:00,1.04958,0.7333333333333333,1.0497459173202515,0.00042571028461679816,10,1.0,49.0,False
49970,2024-12-12 01:00:00+00:00,2024-12-12 00:00:00+00:00,1.05049,0.7,1.0508898496627808,0.0006114155985414982,15,1.0,49.0,False
49971,2024-12-12 02:00:00+00:00,2024-12-12 01:00:00+00:00,1.05053,0.5666666666666667,1.0507310628890991,0.0004408109816722572,12,1.0,49.0,False
49972,2024-12-12 03:00:00+00:00,2024-12-12 02:00:00+00:00,1.05057,0.8333333333333334,1.0507251024246216,0.0004263923619873822,7,1.0,49.0,False
49973,2024-12-12 04:00:00+00:00,2024-12-12 03:00:00+00:00,1.0503,0.6,1.0504157543182373,0.0004426684172358364,10,1.0,49.0,False
49974,2024-12-12 05:00:00+00:00,2024-12-12 04:00:00+00:00,1.05048,0.9,1.0508286952972412,0.0003538989694789052,9,1.0,49.0,False
49975,2024-12-12 06:00:00+00:00,2024-12-12 05:00:00+00:00,1.05086,0.9,1.0512841939926147,0.00032795016886666417,12,1.0,49.0,False
49976,2024-12-12 07:00:00+00:00,2024-12-12 06:00:00+00:00,1.05059,0.5,1.050590991973877,0.0006810329505242407,17,1.0,49.0,False
49977,2024-12-12 08:00:00+00:00,2024-12-12 07:00:00+00:00,1.05136,0.5666666666666667,1.0514471530914307,0.0010235641384497285,22,1.0,49.0,False
49978,2024-12-12 09:00:00+00:00,2024-12-12 08:00:00+00:00,1.05157,0.9,1.0521036386489868,0.0005192315438762307,18,1.0,49.0,False
49979,2024-12-12 10:00:00+00:00,2024-12-12 09:00:00+00:00,1.05084,0.5666666666666667,1.0509717464447021,0.0005774343153461814,17,1.0,49.0,False
49980,2024-12-12 11:00:00+00:00,2024-12-12 10:00:00+00:00,1.05097,0.7333333333333333,1.051297664642334,0.00047126642311923206,14,1.0,49.0,False
49981,2024-12-12 12:00:00+00:00,2024-12-12 11:00:00+00:00,1.04962,0.6666666666666666,1.0498961210250854,0.000937015051022172,19,1.0,49.0,False
49982,2024-12-12 13:00:00+00:00,2024-12-12 12:00:00+00:00,1.05021,0.6333333333333333,1.0503106117248535,0.0008059293613769114,19,1.0,49.0,False
49983,2024-12-12 14:00:00+00:00,2024-12-12 13:00:00+00:00,1.04887,0.9666666666666667,1.0497498512268066,0.000581375090405345,15,1.0,49.0,False
49984,2024-12-12 15:00:00+00:00,2024-12-12 14:00:00+00:00,1.04844,0.8333333333333334,1.049493670463562,0.0010669110342860222,22,1.0,49.0,False
49985,2024-12-12 16:00:00+00:00,2024-12-12 15:00:00+00:00,1.05186,0.5666666666666667,1.051875352859497,0.0006985143991187215,19,1.0,49.0,False
49986,2024-12-12 17:00:00+00:00,2024-12-12 16:00:00+00:00,1.04722,0.9,1.048572301864624,0.0009208699339069426,15,1.0,49.0,False
49987,2024-12-12 18:00:00+00:00,2024-12-12 17:00:00+00:00,1.05129,0.3,1.0511233806610107,0.0007531220326200128,21,1.0,49.0,False
49988,2024-12-12 19:00:00+00:00,2024-12-12 18:00:00+00:00,1.05001,0.36666666666666664,1.0499215126037598,0.0007089926511980593,15,1.0,49.0,False
49989,2024-12-12 20:00:00+00:00,2024-12-12 19:00:00+00:00,1.0482,0.6666666666666666,1.048349142074585,0.0008158020791597664,12,1.0,49.0,False
49990,2024-12-12 21:00:00+00:00,2024-12-12 20:00:00+00:00,1.04722,0.9666666666666667,1.0479450225830078,0.000644638086669147,12,1.0,49.0,False
49991,2024-12-12 22:00:00+00:00,2024-12-12 21:00:00+00:00,1.04667,0.6666666666666666,1.0467876195907593,0.0009117103763855994,11,1.0,49.0,False
49992,2024-12-12 23:00:00+00:00,2024-12-12 22:00:00+00:00,1.04661,0.9,1.0470454692840576,0.0005673318519257009,8,1.0,49.0,False
49993,2024-12-13 00:00:00+00:00,2024-12-12 23:00:00+00:00,1.04692,0.6,1.047053337097168,0.0006689024739898741,8,1.0,49.0,False
49994,2024-12-13 01:00:00+00:00,2024-12-13 00:00:00+00:00,1.04731,0.6666666666666666,1.047480583190918,0.0005675462889485061,11,1.0,49.0,False
49995,2024-12-13 02:00:00+00:00,2024-12-13 01:00:00+00:00,1.04789,0.4666666666666667,1.0478936433792114,0.0005342783406376839,12,1.0,49.0,False
49996,2024-12-13 03:00:00+00:00,2024-12-13 02:00:00+00:00,1.04647,0.9666666666666667,1.0471701622009277,0.0005308461259119213,9,1.0,49.0,False
49997,2024-12-13 04:00:00+00:00,2024-12-13 03:00:00+00:00,1.04601,0.5666666666666667,1.046097993850708,0.0005918354145251215,6,1.0,49.0,False
49998,2024-12-13 05:00:00+00:00,2024-12-13 04:00:00+00:00,1.04597,0.9333333333333333,1.0465927124023438,0.0005645689088851213,10,1.0,49.0,False
49999,2024-12-13 06:00:00+00:00,2024-12-13 05:00:00+00:00,1.04633,0.7,1.0467489957809448,0.000662224309053272,12,1.0,49.0,False
50000,2024-12-13 07:00:00+00:00,2024-12-13 06:00:00+00:00,1.04648,0.8333333333333334,1.0472108125686646,0.0006974344723857939,12,1.0,49.0,False
50001,2024-12-13 08:00:00+00:00,2024-12-13 07:00:00+00:00,1.04653,0.8,1.047026515007019,0.0007213394856080413,13,1.0,49.0,False
50002,2024-12-13 09:00:00+00:00,2024-12-13 08:00:00+00:00,1.04591,0.4666666666666667,1.0459338426589966,0.0007477988256141543,10,1.0,49.0,False
50003,2024-12-13 10:00:00+00:00,2024-12-13 09:00:00+00:00,1.0468,0.8666666666666667,1.0472255945205688,0.0005779474158771336,14,1.0,49.0,False
50004,2024-12-13 11:00:00+00:00,2024-12-13 10:00:00+00:00,1.04865,0.6333333333333333,1.0487456321716309,0.0007708994089625776,15,1.0,49.0,False
50005,2024-12-13 12:00:00+00:00,2024-12-13 11:00:00+00:00,1.04869,0.6666666666666666,1.0490888357162476,0.0007263411534950137,17,1.0,49.0,False
50006,2024-12-13 13:00:00+00:00,2024-12-13 12:00:00+00:00,1.04885,0.3333333333333333,1.0487151145935059,0.0008545333403162658,18,1.0,49.0,False
50007,2024-12-13 14:00:00+00:00,2024-12-13 13:00:00+00:00,1.05156,0.23333333333333334,1.0509706735610962,0.0010687672765925527,23,1.0,49.0,False
50008,2024-12-13 15:00:00+00:00,2024-12-13 14:00:00+00:00,1.05096,0.5666666666666667,1.050887942314148,0.0008908328018151224,19,1.0,49.0,False
50009,2024-12-13 16:00:00+00:00,2024-12-13 15:00:00+00:00,1.04903,0.5,1.0492078065872192,0.0011806017719209194,15,1.0,49.0,False
50010,2024-12-13 17:00:00+00:00,2024-12-13 16:00:00+00:00,1.04889,0.3333333333333333,1.048566222190857,0.000694716174621135,12,1.0,49.0,False
50011,2024-12-13 18:00:00+00:00,2024-12-13 17:00:00+00:00,1.04973,0.7666666666666667,1.0500843524932861,0.0005698272725567222,18,1.0,49.0,False
50012,2024-12-13 19:00:00+00:00,2024-12-13 18:00:00+00:00,1.0496,0.6,1.0496562719345093,0.00043535884469747543,10,1.0,49.0,False
50013,2024-12-13 20:00:00+00:00,2024-12-13 19:00:00+00:00,1.04955,0.43333333333333335,1.0494365692138672,0.0004475574241951108,9,1.0,49.0,False
50014,2024-12-13 21:00:00+00:00,2024-12-13 20:00:00+00:00,1.04945,0.3,1.0493117570877075,0.0003909930819645524,8,1.0,49.0,False
50015,2024-12-13 22:00:00+00:00,2024-12-13 21:00:00+00:00,1.04967,0.13333333333333333,1.0493353605270386,0.0003722021065186709,9,1.0,49.0,False
50016,2024-12-15 23:00:00+00:00,2024-12-13 22:00:00+00:00,1.05014,0.43333333333333335,1.0499961376190186,0.0002275268197990954,7,49.0,49.0,True
50017,2024-12-16 00:00:00+00:00,2024-12-15 23:00:00+00:00,1.04929,0.4,1.0492955446243286,0.00039585272315889597,10,1.0,49.0,False
50018,2024-12-16 01:00:00+00:00,2024-12-16 00:00:00+00:00,1.0509,0.3,1.0508368015289307,0.0005386520060710609,19,1.0,49.0,False
50019,2024-12-16 02:00:00+00:00,2024-12-16 01:00:00+00:00,1.05139,0.3,1.0512017011642456,0.0002601145242806524,10,1.0,49.0,False
50020,2024-12-16 03:00:00+00:00,2024-12-16 02:00:00+00:00,1.05184,0.36666666666666664,1.0517914295196533,0.0004168561426922679,14,1.0,49.0,False
50021,2024-12-16 04:00:00+00:00,2024-12-16 03:00:00+00:00,1.05121,0.9666666666666667,1.0514744520187378,0.00021205733355600387,10,1.0,49.0,False
50022,2024-12-16 05:00:00+00:00,2024-12-16 04:00:00+00:00,1.05113,0.8666666666666667,1.051374912261963,0.0003097569278907031,14,1.0,49.0,False
50023,2024-12-16 06:00:00+00:00,2024-12-16 05:00:00+00:00,1.05155,0.7,1.051664113998413,0.0004955338663421571,17,1.0,49.0,False
50024,2024-12-16 07:00:00+00:00,2024-12-16 06:00:00+00:00,1.05191,0.4666666666666667,1.0518966913223267,0.0006501594907604158,19,1.0,49.0,False
50025,2024-12-16 08:00:00+00:00,2024-12-16 07:00:00+00:00,1.05131,0.6333333333333333,1.0512504577636719,0.0006409467314369977,19,1.0,49.0,False
50026,2024-12-16 09:00:00+00:00,2024-12-16 08:00:00+00:00,1.05046,0.7,1.0508124828338623,0.0004944044048897922,18,1.0,49.0,False
50027,2024-12-16 10:00:00+00:00,2024-12-16 09:00:00+00:00,1.05081,0.8333333333333334,1.0512974262237549,0.0004114553739782423,18,1.0,49.0,False
50028,2024-12-16 11:00:00+00:00,2024-12-16 10:00:00+00:00,1.05044,0.9333333333333333,1.0510143041610718,0.0003790411865338683,11,1.0,49.0,False
50029,2024-12-16 12:00:00+00:00,2024-12-16 11:00:00+00:00,1.04886,0.9333333333333333,1.049397587776184,0.0005337341572158039,16,1.0,49.0,False
50030,2024-12-16 13:00:00+00:00,2024-12-16 12:00:00+00:00,1.04902,0.6,1.0491516590118408,0.0009342475095763803,14,1.0,49.0,False
50031,2024-12-16 14:00:00+00:00,2024-12-16 13:00:00+00:00,1.04903,0.8,1.0498442649841309,0.0008101346320472658,18,1.0,49.0,False
50032,2024-12-16 15:00:00+00:00,2024-12-16 14:00:00+00:00,1.05071,0.4666666666666667,1.0505872964859009,0.0007642645505256951,25,1.0,49.0,False
50033,2024-12-16 16:00:00+00:00,2024-12-16 15:00:00+00:00,1.0482,0.9,1.0490537881851196,0.0009192356374114752,17,1.0,49.0,False
50034,2024-12-16 17:00:00+00:00,2024-12-16 16:00:00+00:00,1.05061,0.7666666666666667,1.0511406660079956,0.0006720001110807061,17,1.0,49.0,False
50035,2024-12-16 18:00:00+00:00,2024-12-16 17:00:00+00:00,1.05107,0.4666666666666667,1.0510889291763306,0.0004969933070242405,17,1.0,49.0,False
50036,2024-12-16 19:00:00+00:00,2024-12-16 18:00:00+00:00,1.05107,0.7333333333333333,1.0512484312057495,0.00036118488060310483,15,1.0,49.0,False
50037,2024-12-16 20:00:00+00:00,2024-12-16 19:00:00+00:00,1.052,0.26666666666666666,1.0518419742584229,0.0002610228839330375,12,1.0,49.0,False
50038,2024-12-16 21:00:00+00:00,2024-12-16 20:00:00+00:00,1.05095,0.4666666666666667,1.0510284900665283,0.0003532342379912734,11,1.0,49.0,False
50039,2024-12-16 22:00:00+00:00,2024-12-16 21:00:00+00:00,1.05074,0.7,1.0508946180343628,0.00029546752921305597,11,1.0,49.0,False
50040,2024-12-16 23:00:00+00:00,2024-12-16 22:00:00+00:00,1.05097,0.6,1.0509819984436035,0.00027879734989255667,7,1.0,49.0,False
50041,2024-12-17 00:00:00+00:00,2024-12-16 23:00:00+00:00,1.05083,0.5,1.0508747100830078,0.00043040438322350383,14,1.0,49.0,False
50042,2024-12-17 01:00:00+00:00,2024-12-17 00:00:00+00:00,1.05163,0.4666666666666667,1.051573634147644,0.0003854378592222929,15,1.0,49.0,False
50043,2024-12-17 02:00:00+00:00,2024-12-17 01:00:00+00:00,1.05282,0.2,1.0525859594345093,0.00045772671001031995,9,1.0,49.0,False
50044,2024-12-17 03:00:00+00:00,2024-12-17 02:00:00+00:00,1.05209,0.43333333333333335,1.0520862340927124,0.0002875877544283867,16,1.0,49.0,False
50045,2024-12-17 04:00:00+00:00,2024-12-17 03:00:00+00:00,1.05166,0.7666666666666667,1.0519016981124878,0.0002957794931717217,10,1.0,49.0,False
50046,2024-12-17 05:00:00+00:00,2024-12-17 04:00:00+00:00,1.05118,0.6666666666666666,1.051302433013916,0.0003393535444047302,13,1.0,49.0,False
50047,2024-12-17 06:00:00+00:00,2024-12-17 05:00:00+00:00,1.05077,0.6,1.050850749015808,0.0005236201686784625,14,1.0,49.0,False
50048,2024-12-17 07:00:00+00:00,2024-12-17 06:00:00+00:00,1.05043,0.6666666666666666,1.0504580736160278,0.0006798102986067533,17,1.0,49.0,False
50049,2024-12-17 08:00:00+00:00,2024-12-17 07:00:00+00:00,1.05025,0.6333333333333333,1.0504565238952637,0.0006279156659729779,16,1.0,49.0,False
50050,2024-12-17 09:00:00+00:00,2024-12-17 08:00:00+00:00,1.0497,0.6666666666666666,1.0498837232589722,0.000540082051884383,13,1.0,49.0,False
50051,2024-12-17 10:00:00+00:00,2024-12-17 09:00:00+00:00,1.0489,0.7666666666666667,1.0493026971817017,0.000460817595012486,12,1.0,49.0,False
50052,2024-12-17 11:00:00+00:00,2024-12-17 10:00:00+00:00,1.04846,0.4,1.048390507698059,0.0004959789221175015,12,1.0,49.0,False
50053,2024-12-17 12:00:00+00:00,2024-12-17 11:00:00+00:00,1.04875,0.3333333333333333,1.0485142469406128,0.0006086672656238079,15,1.0,49.0,False
50054,2024-12-17 13:00:00+00:00,2024-12-17 12:00:00+00:00,1.04909,0.4,1.0489274263381958,0.0007133092731237411,16,1.0,49.0,False
50055,2024-12-17 14:00:00+00:00,2024-12-17 13:00:00+00:00,1.05008,0.5,1.0499244928359985,0.0009450734360143542,19,1.0,49.0,False
50056,2024-12-17 15:00:00+00:00,2024-12-17 14:00:00+00:00,1.05045,0.4666666666666667,1.0503575801849365,0.0007604325073771179,18,1.0,49.0,False
50057,2024-12-17 16:00:00+00:00,2024-12-17 15:00:00+00:00,1.05043,0.7,1.0506097078323364,0.0005300891352817416,17,1.0,49.0,False
50058,2024-12-17 17:00:00+00:00,2024-12-17 16:00:00+00:00,1.04983,0.7333333333333333,1.0500558614730835,0.000675488670822233,11,1.0,49.0,False
50059,2024-12-17 18:00:00+00:00,2024-12-17 17:00:00+00:00,1.05044,0.5,1.0505441427230835,0.00037957081804051995,14,1.0,49.0,False
50060,2024-12-17 19:00:00+00:00,2024-12-17 18:00:00+00:00,1.04993,0.8666666666666667,1.0503886938095093,0.0003123238275293261,11,1.0,49.0,False
50061,2024-12-17 20:00:00+00:00,2024-12-17 19:00:00+00:00,1.04928,0.7333333333333333,1.0494099855422974,0.000364371866453439,9,1.0,49.0,False
50062,2024-12-17 21:00:00+00:00,2024-12-17 20:00:00+00:00,1.0488,0.4666666666666667,1.0488070249557495,0.0003456728009041399,9,1.0,49.0,False
50063,2024-12-17 22:00:00+00:00,2024-12-17 21:00:00+00:00,1.0488,0.7666666666666667,1.048885703086853,0.0002713996509555727,7,1.0,49.0,False
50064,2024-12-17 23:00:00+00:00,2024-12-17 22:00:00+00:00,1.04902,0.2,1.0488390922546387,0.0003423784510232508,8,1.0,49.0,False
50065,2024-12-18 00:00:00+00:00,2024-12-17 23:00:00+00:00,1.04923,0.36666666666666664,1.0489591360092163,0.00043622683733701706,13,1.0,49.0,False
50066,2024-12-18 01:00:00+00:00,2024-12-18 00:00:00+00:00,1.0494,0.03333333333333333,1.0487984418869019,0.00037422048626467586,10,1.0,49.0,False
50067,2024-12-18 02:00:00+00:00,2024-12-18 01:00:00+00:00,1.04986,0.5,1.0498377084732056,0.00034316928940825164,11,1.0,49.0,False
50068,2024-12-18 03:00:00+00:00,2024-12-18 02:00:00+00:00,1.05017,0.3333333333333333,1.0500155687332153,0.00034144226810894907,9,1.0,49.0,False
50069,2024-12-18 04:00:00+00:00,2024-12-18 03:00:00+00:00,1.05003,0.16666666666666666,1.0496935844421387,0.000285835936665535,5,1.0,49.0,False
50070,2024-12-18 05:00:00+00:00,2024-12-18 04:00:00+00:00,1.04987,0.4,1.049797773361206,0.0002701268531382084,7,1.0,49.0,False
50071,2024-12-18 06:00:00+00:00,2024-12-18 05:00:00+00:00,1.05026,0.2,1.0500988960266113,0.00032680947333574295,10,1.0,49.0,False
50072,2024-12-18 07:00:00+00:00,2024-12-18 06:00:00+00:00,1.05018,0.26666666666666666,1.0499567985534668,0.00047259798157028854,13,1.0,49.0,False
50073,2024-12-18 08:00:00+00:00,2024-12-18 07:00:00+00:00,1.05107,0.13333333333333333,1.0509028434753418,0.00026226197951473296,17,1.0,49.0,False
50074,2024-12-18 09:00:00+00:00,2024-12-18 08:00:00+00:00,1.04965,0.3333333333333333,1.049565315246582,0.0006590656703338027,18,1.0,49.0,False
50075,2024-12-18 10:00:00+00:00,2024-12-18 09:00:00+00:00,1.0493,0.7,1.0493757724761963,0.0004750858061015606,13,1.0,49.0,False
50076,2024-12-18 11:00:00+00:00,2024-12-18 10:00:00+00:00,1.04939,0.43333333333333335,1.0493396520614624,0.0005428402801044285,12,1.0,49.0,False
50077,2024-12-18 12:00:00+00:00,2024-12-18 11:00:00+00:00,1.04981,0.6333333333333333,1.0499234199523926,0.0004605904105119407,15,1.0,49.0,False
50078,2024-12-18 13:00:00+00:00,2024-12-18 12:00:00+00:00,1.0496,0.6666666666666666,1.0496770143508911,0.0005955983651801944,21,1.0,49.0,False
50079,2024-12-18 14:00:00+00:00,2024-12-18 13:00:00+00:00,1.04902,0.5666666666666667,1.0490126609802246,0.0005298574105836451,18,1.0,49.0,False
50080,2024-12-18 15:00:00+00:00,2024-12-18 14:00:00+00:00,1.04915,0.7333333333333333,1.0495165586471558,0.0006616731407120824,20,1.0,49.0,False
50081,2024-12-18 16:00:00+00:00,2024-12-18 15:00:00+00:00,1.04957,0.8333333333333334,1.0500444173812866,0.00047124526463449,18,1.0,49.0,False
50082,2024-12-18 17:00:00+00:00,2024-12-18 16:00:00+00:00,1.04736,0.9,1.0480265617370605,0.0006248417776077986,15,1.0,49.0,False
50083,2024-12-18 18:00:00+00:00,2024-12-18 17:00:00+00:00,1.04687,0.8333333333333334,1.0474683046340942,0.0005966130993328989,12,1.0,49.0,False
50084,2024-12-18 19:00:00+00:00,2024-12-18 18:00:00+00:00,1.04747,0.4666666666666667,1.0477540493011475,0.0005112586077302694,12,1.0,49.0,False
50085,2024-12-18 20:00:00+00:00,2024-12-18 19:00:00+00:00,1.04852,0.5,1.0485624074935913,0.0003650637809187174,10,1.0,49.0,False
50086,2024-12-18 21:00:00+00:00,2024-12-18 20:00:00+00:00,1.03771,0.9666666666666667,1.0430008172988892,0.002570230048149824,26,1.0,49.0,False
50087,2024-12-18 22:00:00+00:00,2024-12-18 21:00:00+00:00,1.03645,0.23333333333333334,1.036460041999817,0.000746539153624326,10,1.0,49.0,False
50088,2024-12-18 23:00:00+00:00,2024-12-18 22:00:00+00:00,1.03515,1.0,1.036268949508667,0.00068338040728122,4,1.0,49.0,False
50089,2024-12-19 00:00:00+00:00,2024-12-18 23:00:00+00:00,1.03502,0.5,1.0349459648132324,0.0013750038342550397,8,1.0,49.0,False
50090,2024-12-19 01:00:00+00:00,2024-12-19 00:00:00+00:00,1.035,0.8,1.0362762212753296,0.0009084361372515559,6,1.0,49.0,False
50091,2024-12-19 02:00:00+00:00,2024-12-19 01:00:00+00:00,1.03725,0.1,1.036259412765503,0.0008797685732133687,4,1.0,49.0,False
50092,2024-12-19 03:00:00+00:00,2024-12-19 02:00:00+00:00,1.03773,0.0,1.037490963935852,0.00044848708785139024,4,1.0,49.0,False
50093,2024-12-19 04:00:00+00:00,2024-12-19 03:00:00+00:00,1.03895,0.0,1.0374594926834106,0.0003454501274973154,2,1.0,49.0,False
50094,2024-12-19 05:00:00+00:00,2024-12-19 04:00:00+00:00,1.03776,0.16666666666666666,1.0376965999603271,0.00046656272024847567,6,1.0,49.0,False
50095,2024-12-19 06:00:00+00:00,2024-12-19 05:00:00+00:00,1.03783,0.03333333333333333,1.037424921989441,0.00046758324606344104,7,1.0,49.0,False
50096,2024-12-19 07:00:00+00:00,2024-12-19 06:00:00+00:00,1.03814,0.1,1.0374566316604614,0.0005408745491877198,7,1.0,49.0,False
50097,2024-12-19 08:00:00+00:00,2024-12-19 07:00:00+00:00,1.03848,0.1,1.0373419523239136,0.0005954886437393725,8,1.0,49.0,False
50098,2024-12-19 09:00:00+00:00,2024-12-19 08:00:00+00:00,1.03944,0.7666666666666667,1.0398575067520142,0.0007088051061145961,8,1.0,49.0,False
50099,2024-12-19 10:00:00+00:00,2024-12-19 09:00:00+00:00,1.0408,0.26666666666666666,1.0405185222625732,0.0008247021469287574,9,1.0,49.0,False
50100,2024-12-19 11:00:00+00:00,2024-12-19 10:00:00+00:00,1.04122,0.6333333333333333,1.04163658618927,0.0009738357621245086,7,1.0,49.0,False
50101,2024-12-19 12:00:00+00:00,2024-12-19 11:00:00+00:00,1.04047,0.6333333333333333,1.0406075716018677,0.0009450274519622326,13,1.0,49.0,False
50102,2024-12-19 13:00:00+00:00,2024-12-19 12:00:00+00:00,1.04031,0.5333333333333333,1.0403097867965698,0.001212785136885941,15,1.0,49.0,False
50103,2024-12-19 14:00:00+00:00,2024-12-19 13:00:00+00:00,1.03932,0.7333333333333333,1.0396522283554077,0.0008895806386135519,16,1.0,49.0,False
50104,2024-12-19 15:00:00+00:00,2024-12-19 14:00:00+00:00,1.03986,0.7333333333333333,1.0402567386627197,0.0007973801111802459,14,1.0,49.0,False
50105,2024-12-19 16:00:00+00:00,2024-12-19 15:00:00+00:00,1.03951,0.7666666666666667,1.0400785207748413,0.0006118708406575024,9,1.0,49.0,False
50106,2024-12-19 17:00:00+00:00,2024-12-19 16:00:00+00:00,1.03794,0.7666666666666667,1.0384852886199951,0.0006338938255794346,10,1.0,49.0,False
50107,2024-12-19 18:00:00+00:00,2024-12-19 17:00:00+00:00,1.03563,0.4,1.0355974435806274,0.0010524808894842863,4,1.0,49.0,False
50108,2024-12-19 19:00:00+00:00,2024-12-19 18:00:00+00:00,1.0361,0.3333333333333333,1.0356998443603516,0.0007717167609371245,4,1.0,49.0,False
50109,2024-12-19 20:00:00+00:00,2024-12-19 19:00:00+00:00,1.03737,0.0,1.0362346172332764,0.0005433039623312652,4,1.0,49.0,False
50110,2024-12-19 21:00:00+00:00,2024-12-19 20:00:00+00:00,1.0361,0.9,1.0364954471588135,0.00039732232107780874,6,1.0,49.0,False
50111,2024-12-19 22:00:00+00:00,2024-12-19 21:00:00+00:00,1.03676,0.0,1.0360960960388184,0.00030185875948518515,3,1.0,49.0,False
50112,2024-12-19 23:00:00+00:00,2024-12-19 22:00:00+00:00,1.03582,0.9,1.0358628034591675,0.0003406735195312649,4,1.0,49.0,False
50113,2024-12-20 00:00:00+00:00,2024-12-19 23:00:00+00:00,1.03642,0.13333333333333333,1.0355892181396484,0.0006116997683420777,6,1.0,49.0,False
50114,2024-12-20 01:00:00+00:00,2024-12-20 00:00:00+00:00,1.03642,0.13333333333333333,1.0356196165084839,0.0006481645978055894,8,1.0,49.0,False
50115,2024-12-20 02:00:00+00:00,2024-12-20 01:00:00+00:00,1.03647,0.6333333333333333,1.0364669561386108,0.0005270044784992933,8,1.0,49.0,False
50116,2024-12-20 03:00:00+00:00,2024-12-20 02:00:00+00:00,1.03629,0.13333333333333333,1.035740613937378,0.0004273623344488442,7,1.0,49.0,False
50117,2024-12-20 04:00:00+00:00,2024-12-20 03:00:00+00:00,1.0363,0.8,1.0364954471588135,0.0004703470622189343,8,1.0,49.0,False
50118,2024-12-20 05:00:00+00:00,2024-12-20 04:00:00+00:00,1.03613,0.8666666666666667,1.0365476608276367,0.00044661571155302227,6,1.0,49.0,False
50119,2024-12-20 06:00:00+00:00,2024-12-20 05:00:00+00:00,1.03582,0.8333333333333334,1.036466360092163,0.0005133023951202631,11,1.0,49.0,False
50120,2024-12-20 07:00:00+00:00,2024-12-20 06:00:00+00:00,1.03658,0.3333333333333333,1.0365221500396729,0.0008662014151923358,13,1.0,49.0,False
50121,2024-12-20 08:00:00+00:00,2024-12-20 07:00:00+00:00,1.03743,0.1,1.0370761156082153,0.0005286582745611668,10,1.0,49.0,False
50122,2024-12-20 09:00:00+00:00,2024-12-20 08:00:00+00:00,1.03823,0.6333333333333333,1.038010835647583,0.0005007974104955792,7,1.0,49.0,False
50123,2024-12-20 10:00:00+00:00,2024-12-20 09:00:00+00:00,1.03916,0.6666666666666666,1.0394469499588013,0.0006711749010719359,5,1.0,49.0,False
50124,2024-12-20 11:00:00+00:00,2024-12-20 10:00:00+00:00,1.03824,0.36666666666666664,1.0382367372512817,0.00060781289357692,6,1.0,49.0,False
50125,2024-12-20 12:00:00+00:00,2024-12-20 11:00:00+00:00,1.03913,0.1,1.038569450378418,0.00041705183684825897,6,1.0,49.0,False
50126,2024-12-20 13:00:00+00:00,2024-12-20 12:00:00+00:00,1.03911,0.36666666666666664,1.038788080215454,0.0009175263694487512,8,1.0,49.0,False
50127,2024-12-20 14:00:00+00:00,2024-12-20 13:00:00+00:00,1.03892,0.36666666666666664,1.038943886756897,0.0009310668683610857,8,1.0,49.0,False
50128,2024-12-20 15:00:00+00:00,2024-12-20 14:00:00+00:00,1.04069,0.4,1.0406111478805542,0.0009010778157971799,9,1.0,49.0,False
50129,2024-12-20 16:00:00+00:00,2024-12-20 15:00:00+00:00,1.0393,0.26666666666666666,1.0391701459884644,0.0008061138214543462,8,1.0,49.0,False
50130,2024-12-20 17:00:00+00:00,2024-12-20 16:00:00+00:00,1.03964,0.7333333333333333,1.0402330160140991,0.0007431769045069814,6,1.0,49.0,False
50131,2024-12-20 18:00:00+00:00,2024-12-20 17:00:00+00:00,1.04274,0.4,1.0422463417053223,0.0007180192624218762,11,1.0,49.0,False
50132,2024-12-20 19:00:00+00:00,2024-12-20 18:00:00+00:00,1.04279,0.6666666666666666,1.0429497957229614,0.0006109685054980218,9,1.0,49.0,False
50133,2024-12-20 20:00:00+00:00,2024-12-20 19:00:00+00:00,1.04364,0.03333333333333333,1.0432038307189941,0.000489902391564101,8,1.0,49.0,False
50134,2024-12-20 21:00:00+00:00,2024-12-20 20:00:00+00:00,1.04442,0.3333333333333333,1.0441797971725464,0.00046579624176956713,8,1.0,49.0,False
50135,2024-12-20 22:00:00+00:00,2024-12-20 21:00:00+00:00,1.04284,0.9333333333333333,1.0434552431106567,0.0004249305638950318,9,1.0,49.0,False
50136,2024-12-22 23:00:00+00:00,2024-12-20 22:00:00+00:00,1.0425,0.43333333333333335,1.042600393295288,0.0005089179030619562,5,49.0,49.0,True
50137,2024-12-23 00:00:00+00:00,2024-12-22 23:00:00+00:00,1.04342,0.5333333333333333,1.0435413122177124,0.00044802066986449063,9,1.0,49.0,False
50138,2024-12-23 01:00:00+00:00,2024-12-23 00:00:00+00:00,1.04333,0.5666666666666667,1.0435577630996704,0.0005949460319243371,13,1.0,49.0,False
50139,2024-12-23 02:00:00+00:00,2024-12-23 01:00:00+00:00,1.04314,0.8,1.0434223413467407,0.0005462060798890889,11,1.0,49.0,False
50140,2024-12-23 03:00:00+00:00,2024-12-23 02:00:00+00:00,1.04354,0.43333333333333335,1.04351007938385,0.00036050338530912995,8,1.0,49.0,False
50141,2024-12-23 04:00:00+00:00,2024-12-23 03:00:00+00:00,1.04401,0.6,1.0441162586212158,0.0005318914772942662,9,1.0,49.0,False
50142,2024-12-23 05:00:00+00:00,2024-12-23 04:00:00+00:00,1.04388,0.7666666666666667,1.044141411781311,0.00041857376345433295,8,1.0,49.0,False
50143,2024-12-23 06:00:00+00:00,2024-12-23 05:00:00+00:00,1.04426,0.6,1.0442869663238525,0.00046123264473862946,9,1.0,49.0,False
50144,2024-12-23 07:00:00+00:00,2024-12-23 06:00:00+00:00,1.04396,0.5,1.0439285039901733,0.00033585820347070694,7,1.0,49.0,False
50145,2024-12-23 08:00:00+00:00,2024-12-23 07:00:00+00:00,1.04333,0.7666666666666667,1.0434397459030151,0.0005124546005390584,8,1.0,49.0,False
50146,2024-12-23 09:00:00+00:00,2024-12-23 08:00:00+00:00,1.04123,0.4666666666666667,1.041195034980774,0.0007235153461806476,7,1.0,49.0,False
50147,2024-12-23 10:00:00+00:00,2024-12-23 09:00:00+00:00,1.04177,0.6,1.0420057773590088,0.0005305193481035531,6,1.0,49.0,False
50148,2024-12-23 11:00:00+00:00,2024-12-23 10:00:00+00:00,1.04071,0.5666666666666667,1.040759563446045,0.0005463206325657666,4,1.0,49.0,False
50149,2024-12-23 12:00:00+00:00,2024-12-23 11:00:00+00:00,1.03895,0.4666666666666667,1.0391244888305664,0.0007715537212789059,8,1.0,49.0,False
50150,2024-12-23 13:00:00+00:00,2024-12-23 12:00:00+00:00,1.03996,0.4,1.0397593975067139,0.001138226012699306,8,1.0,49.0,False
50151,2024-12-23 14:00:00+00:00,2024-12-23 13:00:00+00:00,1.03947,0.5,1.0398528575897217,0.0009585230727680027,9,1.0,49.0,False
50152,2024-12-23 15:00:00+00:00,2024-12-23 14:00:00+00:00,1.03991,0.7666666666666667,1.0404765605926514,0.0010052280267700553,8,1.0,49.0,False
50153,2024-12-23 16:00:00+00:00,2024-12-23 15:00:00+00:00,1.03929,0.5666666666666667,1.039686918258667,0.000829830823931843,8,1.0,49.0,False
50154,2024-12-23 17:00:00+00:00,2024-12-23 16:00:00+00:00,1.03904,0.6,1.039284348487854,0.0004188126767985523,3,1.0,49.0,False
50155,2024-12-23 18:00:00+00:00,2024-12-23 17:00:00+00:00,1.04074,0.6333333333333333,1.040974736213684,0.0006761084077879786,7,1.0,49.0,False
50156,2024-12-23 19:00:00+00:00,2024-12-23 18:00:00+00:00,1.03968,0.8,1.039980173110962,0.000583668181207031,4,1.0,49.0,False
50157,2024-12-23 20:00:00+00:00,2024-12-23 19:00:00+00:00,1.04083,0.2,1.0405925512313843,0.00047170722973532975,3,1.0,49.0,False
50158,2024-12-23 21:00:00+00:00,2024-12-23 20:00:00+00:00,1.04107,0.2,1.0408369302749634,0.0003968105302192271,3,1.0,49.0,False
50159,2024-12-23 22:00:00+00:00,2024-12-23 21:00:00+00:00,1.04055,0.4,1.04043447971344,0.0003827761102002114,3,1.0,49.0,False
50160,2024-12-23 23:00:00+00:00,2024-12-23 22:00:00+00:00,1.04044,0.23333333333333334,1.0401690006256104,0.0003465077024884522,3,1.0,49.0,False
50161,2024-12-24 00:00:00+00:00,2024-12-23 23:00:00+00:00,1.04037,0.3333333333333333,1.0401562452316284,0.0005232305265963078,4,1.0,49.0,False
50162,2024-12-24 01:00:00+00:00,2024-12-24 00:00:00+00:00,1.04037,0.5333333333333333,1.0403556823730469,0.000599103223066777,4,1.0,49.0,False
50163,2024-12-24 02:00:00+00:00,2024-12-24 01:00:00+00:00,1.03997,0.8666666666666667,1.0400179624557495,0.0003677904314827174,3,1.0,49.0,False
50164,2024-12-24 03:00:00+00:00,2024-12-24 02:00:00+00:00,1.04022,0.16666666666666666,1.0400214195251465,0.0003411479410715401,3,1.0,49.0,False
50165,2024-12-24 04:00:00+00:00,2024-12-24 03:00:00+00:00,1.03992,1.0,1.0400792360305786,0.0002484321594238281,2,1.0,49.0,False
50166,2024-12-24 05:00:00+00:00,2024-12-24 04:00:00+00:00,1.03903,0.6333333333333333,1.0395677089691162,0.00046902921167202294,3,1.0,49.0,False
50167,2024-12-24 06:00:00+00:00,2024-12-24 05:00:00+00:00,1.0396,0.7333333333333333,1.0398221015930176,0.0006047268398106098,4,1.0,49.0,False
50168,2024-12-24 07:00:00+00:00,2024-12-24 06:00:00+00:00,1.03965,0.8666666666666667,1.0400352478027344,0.0006171825225465,6,1.0,49.0,False
50169,2024-12-24 08:00:00+00:00,2024-12-24 07:00:00+00:00,1.03957,0.8333333333333334,1.0402482748031616,0.0008027817821130157,7,1.0,49.0,False
50170,2024-12-24 09:00:00+00:00,2024-12-24 08:00:00+00:00,1.03899,0.5,1.0391424894332886,0.000502613780554384,4,1.0,49.0,False
50171,2024-12-24 10:00:00+00:00,2024-12-24 09:00:00+00:00,1.03947,0.7,1.0395065546035767,0.0005872021429240704,4,1.0,49.0,False
50172,2024-12-24 11:00:00+00:00,2024-12-24 10:00:00+00:00,1.03913,0.26666666666666666,1.0386762619018555,0.0004557889769785106,4,1.0,49.0,False
50173,2024-12-24 12:00:00+00:00,2024-12-24 11:00:00+00:00,1.03962,0.3,1.0395410060882568,0.0005938762333244085,4,1.0,49.0,False
50174,2024-12-24 13:00:00+00:00,2024-12-24 12:00:00+00:00,1.03943,0.7333333333333333,1.0395599603652954,0.0006534569547511637,4,1.0,49.0,False
50175,2024-12-24 14:00:00+00:00,2024-12-24 13:00:00+00:00,1.03907,0.7666666666666667,1.0397685766220093,0.0008730991976335645,8,1.0,49.0,False
50176,2024-12-24 15:00:00+00:00,2024-12-24 14:00:00+00:00,1.04021,0.7,1.0401872396469116,0.0005645222845487297,5,1.0,49.0,False
50177,2024-12-24 16:00:00+00:00,2024-12-24 15:00:00+00:00,1.04044,0.43333333333333335,1.0404821634292603,0.0007828469388186932,8,1.0,49.0,False
50178,2024-12-24 17:00:00+00:00,2024-12-24 16:00:00+00:00,1.03913,0.6666666666666666,1.0393109321594238,0.0005997313419356942,4,1.0,49.0,False
50179,2024-12-24 18:00:00+00:00,2024-12-24 17:00:00+00:00,1.03872,0.6333333333333333,1.0390466451644897,0.0004933921154588461,4,1.0,49.0,False
50180,2024-12-24 19:00:00+00:00,2024-12-24 18:00:00+00:00,1.03877,0.26666666666666666,1.0384314060211182,0.0003657533088698983,3,1.0,49.0,False
50181,2024-12-24 20:00:00+00:00,2024-12-24 19:00:00+00:00,1.03916,0.06666666666666667,1.0388004779815674,0.00041500377119518816,3,1.0,49.0,False
50182,2024-12-24 21:00:00+00:00,2024-12-24 20:00:00+00:00,1.03922,0.06666666666666667,1.0389975309371948,0.0002885543799493462,3,1.0,49.0,False
50183,2024-12-24 22:00:00+00:00,2024-12-24 21:00:00+00:00,1.03966,0.06666666666666667,1.039018154144287,0.0002560896391514689,3,1.0,49.0,False
50184,2024-12-25 23:00:00+00:00,2024-12-24 22:00:00+00:00,1.03891,0.8666666666666667,1.0390154123306274,0.0003993861027993262,3,25.0,49.0,True
50185,2024-12-26 00:00:00+00:00,2024-12-25 23:00:00+00:00,1.04009,0.3,1.0397876501083374,0.00047698631533421576,3,1.0,49.0,False
50186,2024-12-26 01:00:00+00:00,2024-12-26 00:00:00+00:00,1.03985,0.06666666666666667,1.0392781496047974,0.0004984537954442203,4,1.0,49.0,False
50187,2024-12-26 02:00:00+00:00,2024-12-26 01:00:00+00:00,1.03961,0.26666666666666666,1.0392403602600098,0.0002816633495967835,2,1.0,49.0,False
50188,2024-12-26 03:00:00+00:00,2024-12-26 02:00:00+00:00,1.03965,0.06666666666666667,1.0389670133590698,0.0003777726087719202,3,1.0,49.0,False
50189,2024-12-26 04:00:00+00:00,2024-12-26 03:00:00+00:00,1.03984,0.6333333333333333,1.0397149324417114,0.0004075216129422188,3,1.0,49.0,False
50190,2024-12-26 05:00:00+00:00,2024-12-26 04:00:00+00:00,1.04002,0.6,1.0398281812667847,0.00038969144225120544,3,1.0,49.0,False
50191,2024-12-26 06:00:00+00:00,2024-12-26 05:00:00+00:00,1.03972,0.4666666666666667,1.039541244506836,0.0005293167196214199,4,1.0,49.0,False
50192,2024-12-26 07:00:00+00:00,2024-12-26 06:00:00+00:00,1.03973,0.43333333333333335,1.0395324230194092,0.0007427565869875252,7,1.0,49.0,False
50193,2024-12-26 08:00:00+00:00,2024-12-26 07:00:00+00:00,1.03977,0.3,1.039300799369812,0.000776020111516118,6,1.0,49.0,False
50194,2024-12-26 09:00:00+00:00,2024-12-26 08:00:00+00:00,1.03971,0.1,1.0391517877578735,0.0005586079205386341,4,1.0,49.0,False
50195,2024-12-26 10:00:00+00:00,2024-12-26 09:00:00+00:00,1.03944,0.23333333333333334,1.0388257503509521,0.0005374302272684872,4,1.0,49.0,False
50196,2024-12-26 11:00:00+00:00,2024-12-26 10:00:00+00:00,1.03986,0.2,1.0396134853363037,0.00041634441004134715,3,1.0,49.0,False
50197,2024-12-26 12:00:00+00:00,2024-12-26 11:00:00+00:00,1.04011,0.2,1.0396841764450073,0.0004566762363538146,3,1.0,49.0,False
50198,2024-12-26 13:00:00+00:00,2024-12-26 12:00:00+00:00,1.04006,0.2,1.0398756265640259,0.0005387716228142381,6,1.0,49.0,False
50199,2024-12-26 14:00:00+00:00,2024-12-26 13:00:00+00:00,1.03993,0.26666666666666666,1.0394731760025024,0.0006648190901614726,6,1.0,49.0,False
50200,2024-12-26 15:00:00+00:00,2024-12-26 14:00:00+00:00,1.04022,0.4666666666666667,1.0400985479354858,0.0005886790459044278,7,1.0,49.0,False
50201,2024-12-26 16:00:00+00:00,2024-12-26 15:00:00+00:00,1.04015,0.06666666666666667,1.039572834968567,0.00038013316225260496,3,1.0,49.0,False
50202,2024-12-26 17:00:00+00:00,2024-12-26 16:00:00+00:00,1.0408,0.16666666666666666,1.040554404258728,0.000503430375829339,6,1.0,49.0,False
50203,2024-12-26 18:00:00+00:00,2024-12-26 17:00:00+00:00,1.04215,0.1,1.0415606498718262,0.0005906803417019546,10,1.0,49.0,False
50204,2024-12-26 19:00:00+00:00,2024-12-26 18:00:00+00:00,1.04114,0.2,1.0410778522491455,0.0003184948582202196,7,1.0,49.0,False
50205,2024-12-26 20:00:00+00:00,2024-12-26 19:00:00+00:00,1.04206,0.43333333333333335,1.0417920351028442,0.00046373382792808115,8,1.0,49.0,False
50206,2024-12-26 21:00:00+00:00,2024-12-26 20:00:00+00:00,1.04172,0.13333333333333333,1.0414226055145264,0.0003400949062779546,8,1.0,49.0,False
50207,2024-12-26 22:00:00+00:00,2024-12-26 21:00:00+00:00,1.04196,0.23333333333333334,1.0416063070297241,0.00031003126059658825,6,1.0,49.0,False
50208,2024-12-26 23:00:00+00:00,2024-12-26 22:00:00+00:00,1.04197,0.23333333333333334,1.0416938066482544,0.0003195558092556894,6,1.0,49.0,False
50209,2024-12-27 00:00:00+00:00,2024-12-26 23:00:00+00:00,1.04226,0.03333333333333333,1.0417156219482422,0.0003569067339412868,9,1.0,49.0,False
50210,2024-12-27 01:00:00+00:00,2024-12-27 00:00:00+00:00,1.04213,0.5,1.042218565940857,0.0004945157561451197,8,1.0,49.0,False
50211,2024-12-27 02:00:00+00:00,2024-12-27 01:00:00+00:00,1.04176,0.36666666666666664,1.0416814088821411,0.00036640025791712105,7,1.0,49.0,False
50212,2024-12-27 03:00:00+00:00,2024-12-27 02:00:00+00:00,1.04125,0.5666666666666667,1.0410661697387695,0.0004372705880086869,4,1.0,49.0,False
50213,2024-12-27 04:00:00+00:00,2024-12-27 03:00:00+00:00,1.04091,0.5,1.0408875942230225,0.0004584996204357594,5,1.0,49.0,False
50214,2024-12-27 05:00:00+00:00,2024-12-27 04:00:00+00:00,1.04121,0.7333333333333333,1.0412201881408691,0.0003099933674093336,5,1.0,49.0,False
50215,2024-12-27 06:00:00+00:00,2024-12-27 05:00:00+00:00,1.04085,0.43333333333333335,1.040735125541687,0.0003455864789430052,3,1.0,49.0,False
50216,2024-12-27 07:00:00+00:00,2024-12-27 06:00:00+00:00,1.04087,0.4666666666666667,1.0406630039215088,0.0003703201364260167,4,1.0,49.0,False
50217,2024-12-27 08:00:00+00:00,2024-12-27 07:00:00+00:00,1.04116,0.3,1.0410900115966797,0.00037930216058157384,9,1.0,49.0,False
50218,2024-12-27 09:00:00+00:00,2024-12-27 08:00:00+00:00,1.04211,0.1,1.0418744087219238,0.00047245383029803634,7,1.0,49.0,False
50219,2024-12-27 10:00:00+00:00,2024-12-27 09:00:00+00:00,1.04119,0.5333333333333333,1.041110634803772,0.00036486148019321263,5,1.0,49.0,False
50220,2024-12-27 11:00:00+00:00,2024-12-27 10:00:00+00:00,1.04164,0.16666666666666666,1.0413707494735718,0.0003368138859514147,8,1.0,49.0,False
50221,2024-12-27 12:00:00+00:00,2024-12-27 11:00:00+00:00,1.04185,0.13333333333333333,1.041323184967041,0.000367294589523226,7,1.0,49.0,False
50222,2024-12-27 13:00:00+00:00,2024-12-27 12:00:00+00:00,1.04384,0.36666666666666664,1.0434002876281738,0.0006849453202448785,11,1.0,49.0,False
50223,2024-12-27 14:00:00+00:00,2024-12-27 13:00:00+00:00,1.04319,0.4,1.0430290699005127,0.00068618607474491,11,1.0,49.0,False
50224,2024-12-27 15:00:00+00:00,2024-12-27 14:00:00+00:00,1.0438,0.16666666666666666,1.043492078781128,0.0005069076432846487,9,1.0,49.0,False
50225,2024-12-27 16:00:00+00:00,2024-12-27 15:00:00+00:00,1.04261,0.43333333333333335,1.0424715280532837,0.0005722120404243469,11,1.0,49.0,False
50226,2024-12-27 17:00:00+00:00,2024-12-27 16:00:00+00:00,1.04216,0.6,1.0423052310943604,0.000508825876750052,10,1.0,49.0,False
50227,2024-12-27 18:00:00+00:00,2024-12-27 17:00:00+00:00,1.04218,0.9,1.0426280498504639,0.0004048356495331973,8,1.0,49.0,False
50228,2024-12-27 19:00:00+00:00,2024-12-27 18:00:00+00:00,1.04209,0.3,1.0419516563415527,0.00043841032311320305,9,1.0,49.0,False
50229,2024-12-27 20:00:00+00:00,2024-12-27 19:00:00+00:00,1.04259,0.5666666666666667,1.042502760887146,0.000491766317281872,8,1.0,49.0,False
50230,2024-12-27 21:00:00+00:00,2024-12-27 20:00:00+00:00,1.04279,0.5333333333333333,1.04262375831604,0.0005139571148902178,8,1.0,49.0,False
50231,2024-12-27 22:00:00+00:00,2024-12-27 21:00:00+00:00,1.04255,0.43333333333333335,1.0422698259353638,0.00038633469375781715,7,1.0,49.0,False
50232,2024-12-29 23:00:00+00:00,2024-12-27 22:00:00+00:00,1.04211,0.23333333333333334,1.041900634765625,0.0003298273077234626,8,49.0,49.0,True
50233,2024-12-30 00:00:00+00:00,2024-12-29 23:00:00+00:00,1.04304,0.16666666666666666,1.0424541234970093,0.0004582703113555908,8,1.0,49.0,False
50234,2024-12-30 01:00:00+00:00,2024-12-30 00:00:00+00:00,1.04291,0.3,1.042649745941162,0.0005856493371538818,7,1.0,49.0,False
50235,2024-12-30 02:00:00+00:00,2024-12-30 01:00:00+00:00,1.04271,0.6333333333333333,1.0426781177520752,0.00045983344898559153,8,1.0,49.0,False
50236,2024-12-30 03:00:00+00:00,2024-12-30 02:00:00+00:00,1.04247,0.4666666666666667,1.0422736406326294,0.000347369525115937,6,1.0,49.0,False
50237,2024-12-30 04:00:00+00:00,2024-12-30 03:00:00+00:00,1.04252,0.4,1.0422903299331665,0.0003696876228787005,7,1.0,49.0,False
50238,2024-12-30 05:00:00+00:00,2024-12-30 04:00:00+00:00,1.04241,0.2,1.041995644569397,0.00031760052661411464,7,1.0,49.0,False
50239,2024-12-30 06:00:00+00:00,2024-12-30 05:00:00+00:00,1.0425,0.5,1.0424164533615112,0.0003713125188369304,8,1.0,49.0,False
50240,2024-12-30 07:00:00+00:00,2024-12-30 06:00:00+00:00,1.04247,0.6666666666666666,1.0425639152526855,0.0005191050004214048,8,1.0,49.0,False
50241,2024-12-30 08:00:00+00:00,2024-12-30 07:00:00+00:00,1.04286,0.1,1.0425047874450684,0.00043367964099161327,8,1.0,49.0,False
50242,2024-12-30 09:00:00+00:00,2024-12-30 08:00:00+00:00,1.04262,0.13333333333333333,1.0424370765686035,0.00047095600166358054,7,1.0,49.0,False
50243,2024-12-30 10:00:00+00:00,2024-12-30 09:00:00+00:00,1.0412,0.9666666666666667,1.0415889024734497,0.000364134757546708,9,1.0,49.0,False
50244,2024-12-30 11:00:00+00:00,2024-12-30 10:00:00+00:00,1.04334,0.36666666666666664,1.0433156490325928,0.0004931884468533099,7,1.0,49.0,False
50245,2024-12-30 12:00:00+00:00,2024-12-30 11:00:00+00:00,1.04377,0.43333333333333335,1.0437085628509521,0.0005357441841624677,7,1.0,49.0,False
50246,2024-12-30 13:00:00+00:00,2024-12-30 12:00:00+00:00,1.04475,0.13333333333333333,1.0440980195999146,0.0006056942511349916,12,1.0,49.0,False
50247,2024-12-30 14:00:00+00:00,2024-12-30 13:00:00+00:00,1.0449,0.26666666666666666,1.0445420742034912,0.0004623619024641812,10,1.0,49.0,False
50248,2024-12-30 15:00:00+00:00,2024-12-30 14:00:00+00:00,1.03871,0.8333333333333334,1.040124773979187,0.0015959158772602677,10,1.0,49.0,False
50249,2024-12-30 16:00:00+00:00,2024-12-30 15:00:00+00:00,1.04049,0.6333333333333333,1.0404062271118164,0.0006689335568808019,8,1.0,49.0,False
50250,2024-12-30 17:00:00+00:00,2024-12-30 16:00:00+00:00,1.038,0.8,1.0387072563171387,0.0007897465256974101,5,1.0,49.0,False
50251,2024-12-30 18:00:00+00:00,2024-12-30 17:00:00+00:00,1.03855,0.7666666666666667,1.039056658744812,0.0006117466255091131,5,1.0,49.0,False
50252,2024-12-30 19:00:00+00:00,2024-12-30 18:00:00+00:00,1.03937,0.5666666666666667,1.039650797843933,0.0006107203662395477,6,1.0,49.0,False
50253,2024-12-30 20:00:00+00:00,2024-12-30 19:00:00+00:00,1.0404,0.7,1.0409406423568726,0.00051852036267519,8,1.0,49.0,False
50254,2024-12-30 21:00:00+00:00,2024-12-30 20:00:00+00:00,1.03963,0.7,1.0401383638381958,0.0004585696442518383,9,1.0,49.0,False
50255,2024-12-30 22:00:00+00:00,2024-12-30 21:00:00+00:00,1.03985,0.9,1.040271282196045,0.00038677940028719604,7,1.0,49.0,False
50256,2024-12-30 23:00:00+00:00,2024-12-30 22:00:00+00:00,1.04061,0.36666666666666664,1.0404658317565918,0.0003584805817808956,6,1.0,49.0,False
50257,2024-12-31 00:00:00+00:00,2024-12-30 23:00:00+00:00,1.04044,0.3,1.0403438806533813,0.0004756043490488082,7,1.0,49.0,False
50258,2024-12-31 01:00:00+00:00,2024-12-31 00:00:00+00:00,1.04052,0.36666666666666664,1.0403786897659302,0.0005161401350051165,8,1.0,49.0,False
50259,2024-12-31 02:00:00+00:00,2024-12-31 01:00:00+00:00,1.04031,0.43333333333333335,1.0404019355773926,0.00044843769865110517,8,1.0,49.0,False
50260,2024-12-31 03:00:00+00:00,2024-12-31 02:00:00+00:00,1.04113,0.7,1.0411450862884521,0.0004613205965142697,8,1.0,49.0,False
50261,2024-12-31 04:00:00+00:00,2024-12-31 03:00:00+00:00,1.0412,0.7333333333333333,1.0414206981658936,0.0005015748320147395,8,1.0,49.0,False
50262,2024-12-31 05:00:00+00:00,2024-12-31 04:00:00+00:00,1.04081,0.43333333333333335,1.0407406091690063,0.00041944620897993445,7,1.0,49.0,False
50263,2024-12-31 06:00:00+00:00,2024-12-31 05:00:00+00:00,1.04037,0.6333333333333333,1.0405614376068115,0.0004215987282805145,9,1.0,49.0,False
50264,2024-12-31 07:00:00+00:00,2024-12-31 06:00:00+00:00,1.04035,0.6333333333333333,1.0405619144439697,0.0005971385980956256,11,1.0,49.0,False
50265,2024-12-31 08:00:00+00:00,2024-12-31 07:00:00+00:00,1.04036,0.5666666666666667,1.0407109260559082,0.0006416269461624324,13,1.0,49.0,False
50266,2024-12-31 09:00:00+00:00,2024-12-31 08:00:00+00:00,1.04114,0.5666666666666667,1.041221022605896,0.0004912642762064934,8,1.0,49.0,False
50267,2024-12-31 10:00:00+00:00,2024-12-31 09:00:00+00:00,1.04179,0.23333333333333334,1.0415136814117432,0.0004278976412024349,6,1.0,49.0,False
50268,2024-12-31 11:00:00+00:00,2024-12-31 10:00:00+00:00,1.04183,0.1,1.041445255279541,0.00045408200821839273,7,1.0,49.0,False
50269,2024-12-31 12:00:00+00:00,2024-12-31 11:00:00+00:00,1.04125,0.5333333333333333,1.0410898923873901,0.00039538429700769484,8,1.0,49.0,False
50270,2024-12-31 13:00:00+00:00,2024-12-31 12:00:00+00:00,1.04098,0.6666666666666666,1.041164755821228,0.0006768404273316264,11,1.0,49.0,False
50271,2024-12-31 14:00:00+00:00,2024-12-31 13:00:00+00:00,1.03923,0.7333333333333333,1.0396627187728882,0.0008990908972918987,8,1.0,49.0,False
50272,2024-12-31 15:00:00+00:00,2024-12-31 14:00:00+00:00,1.03925,0.6,1.0393964052200317,0.0007959210779517889,9,1.0,49.0,False
50273,2024-12-31 16:00:00+00:00,2024-12-31 15:00:00+00:00,1.03754,0.6666666666666666,1.0375714302062988,0.0008563938899897039,7,1.0,49.0,False
50274,2024-12-31 17:00:00+00:00,2024-12-31 16:00:00+00:00,1.03543,0.9666666666666667,1.0368726253509521,0.0007979709771461785,5,1.0,49.0,False
50275,2024-12-31 18:00:00+00:00,2024-12-31 17:00:00+00:00,1.03497,0.7,1.0353208780288696,0.0010465284576639533,8,1.0,49.0,False
50276,2024-12-31 19:00:00+00:00,2024-12-31 18:00:00+00:00,1.03486,0.6333333333333333,1.0347771644592285,0.000602026644628495,6,1.0,49.0,False
50277,2024-12-31 20:00:00+00:00,2024-12-31 19:00:00+00:00,1.03526,0.16666666666666666,1.0349770784378052,0.00037127762334421277,3,1.0,49.0,False
50278,2024-12-31 21:00:00+00:00,2024-12-31 20:00:00+00:00,1.03541,0.7333333333333333,1.0357224941253662,0.0005285134539008141,3,1.0,49.0,False
50279,2024-12-31 22:00:00+00:00,2024-12-31 21:00:00+00:00,1.03576,0.7333333333333333,1.0358548164367676,0.0005201802705414593,3,1.0,49.0,False
50280,2025-01-01 23:00:00+00:00,2024-12-31 22:00:00+00:00,1.03525,0.3,1.0351736545562744,0.0003986792580690235,2,25.0,49.0,True
50281,2025-01-02 00:00:00+00:00,2025-01-01 23:00:00+00:00,1.03549,0.5666666666666667,1.0352121591567993,0.0006664315587840974,4,1.0,49.0,False
50282,2025-01-02 01:00:00+00:00,2025-01-02 00:00:00+00:00,1.03504,0.43333333333333335,1.0349043607711792,0.0006247537676244974,4,1.0,49.0,False
50283,2025-01-02 02:00:00+00:00,2025-01-02 01:00:00+00:00,1.03514,0.26666666666666666,1.0345213413238525,0.00047690997598692775,3,1.0,49.0,False
50284,2025-01-02 03:00:00+00:00,2025-01-02 02:00:00+00:00,1.03573,0.23333333333333334,1.0356298685073853,0.000558292493224144,3,1.0,49.0,False
50285,2025-01-02 04:00:00+00:00,2025-01-02 03:00:00+00:00,1.03705,0.4666666666666667,1.0371415615081787,0.0005805992404930294,5,1.0,49.0,False
50286,2025-01-02 05:00:00+00:00,2025-01-02 04:00:00+00:00,1.03712,0.26666666666666666,1.0368504524230957,0.0005239336751401424,3,1.0,49.0,False
50287,2025-01-02 06:00:00+00:00,2025-01-02 05:00:00+00:00,1.03688,0.6666666666666666,1.0368534326553345,0.00043080750037916005,3,1.0,49.0,False
50288,2025-01-02 07:00:00+00:00,2025-01-02 06:00:00+00:00,1.03633,0.5333333333333333,1.0365221500396729,0.0005862112739123404,4,1.0,49.0,False
50289,2025-01-02 08:00:00+00:00,2025-01-02 07:00:00+00:00,1.03634,0.36666666666666664,1.0363703966140747,0.0006312023033387959,4,1.0,49.0,False
50290,2025-01-02 09:00:00+00:00,2025-01-02 08:00:00+00:00,1.03624,0.5333333333333333,1.0362684726715088,0.0006089861853979528,4,1.0,49.0,False
50291,2025-01-02 10:00:00+00:00,2025-01-02 09:00:00+00:00,1.03623,0.5333333333333333,1.0362293720245361,0.0006002868176437914,4,1.0,49.0,False
50292,2025-01-02 11:00:00+00:00,2025-01-02 10:00:00+00:00,1.03512,0.43333333333333335,1.0352168083190918,0.0004995688213966787,4,1.0,49.0,False
50293,2025-01-02 12:00:00+00:00,2025-01-02 11:00:00+00:00,1.03163,0.9,1.032510757446289,0.0009435353567823768,10,1.0,49.0,False
50294,2025-01-02 13:00:00+00:00,2025-01-02 12:00:00+00:00,1.03319,0.6333333333333333,1.0334783792495728,0.001186730689369142,9,1.0,49.0,False
50295,2025-01-02 14:00:00+00:00,2025-01-02 13:00:00+00:00,1.03177,0.7666666666666667,1.0323387384414673,0.000985891791060567,11,1.0,49.0,False
50296,2025-01-02 15:00:00+00:00,2025-01-02 14:00:00+00:00,1.0313,0.8,1.0320018529891968,0.0009697522618807852,10,1.0,49.0,False
50297,2025-01-02 16:00:00+00:00,2025-01-02 15:00:00+00:00,1.03035,0.7,1.030793309211731,0.0009446775075048208,11,1.0,49.0,False
50298,2025-01-02 17:00:00+00:00,2025-01-02 16:00:00+00:00,1.02737,1.0,1.0290446281433105,0.0009462737943977118,11,1.0,49.0,False
50299,2025-01-02 18:00:00+00:00,2025-01-02 17:00:00+00:00,1.02606,0.5,1.0253105163574219,0.0013463725335896015,5,1.0,49.0,False
50300,2025-01-02 19:00:00+00:00,2025-01-02 18:00:00+00:00,1.02645,0.2,1.026170253753662,0.0006239645881578326,8,1.0,49.0,False
50301,2025-01-02 20:00:00+00:00,2025-01-02 19:00:00+00:00,1.0256,1.0,1.0261311531066895,0.000584241293836385,7,1.0,49.0,False
50302,2025-01-02 21:00:00+00:00,2025-01-02 20:00:00+00:00,1.02503,0.9666666666666667,1.0253626108169556,0.00025781788281165063,4,1.0,49.0,False
50303,2025-01-02 22:00:00+00:00,2025-01-02 21:00:00+00:00,1.02607,0.16666666666666666,1.0253816843032837,0.0005052462220191956,5,1.0,49.0,False
50304,2025-01-02 23:00:00+00:00,2025-01-02 22:00:00+00:00,1.02562,0.2,1.0250028371810913,0.0005165341426618397,5,1.0,49.0,False
50305,2025-01-03 00:00:00+00:00,2025-01-02 23:00:00+00:00,1.02644,0.6,1.0264471769332886,0.0005283853970468044,8,1.0,49.0,False
50306,2025-01-03 01:00:00+00:00,2025-01-03 00:00:00+00:00,1.02671,0.13333333333333333,1.0260900259017944,0.0007163988193497062,8,1.0,49.0,False
50307,2025-01-03 02:00:00+00:00,2025-01-03 01:00:00+00:00,1.02724,0.2,1.027177095413208,0.0005129199707880616,6,1.0,49.0,False
50308,2025-01-03 03:00:00+00:00,2025-01-03 02:00:00+00:00,1.02668,0.13333333333333333,1.025987148284912,0.0006742856348864734,7,1.0,49.0,False
50309,2025-01-03 04:00:00+00:00,2025-01-03 03:00:00+00:00,1.02719,0.3333333333333333,1.0270335674285889,0.0006277565262280405,6,1.0,49.0,False
50310,2025-01-03 05:00:00+00:00,2025-01-03 04:00:00+00:00,1.02703,0.3,1.0270205736160278,0.0004703057638835162,5,1.0,49.0,False
50311,2025-01-03 06:00:00+00:00,2025-01-03 05:00:00+00:00,1.02692,0.7666666666666667,1.0270729064941406,0.0004750697989948094,5,1.0,49.0,False
50312,2025-01-03 07:00:00+00:00,2025-01-03 06:00:00+00:00,1.02712,0.3,1.0270932912826538,0.000542338122613728,6,1.0,49.0,False
50313,2025-01-03 08:00:00+00:00,2025-01-03 07:00:00+00:00,1.02788,0.43333333333333335,1.027780294418335,0.0006394264637492597,5,1.0,49.0,False
50314,2025-01-03 09:00:00+00:00,2025-01-03 08:00:00+00:00,1.028,0.2,1.027521014213562,0.0005390861770138144,5,1.0,49.0,False
50315,2025-01-03 10:00:00+00:00,2025-01-03 09:00:00+00:00,1.02799,0.1,1.0274300575256348,0.00045834676711820066,5,1.0,49.0,False
50316,2025-01-03 11:00:00+00:00,2025-01-03 10:00:00+00:00,1.02896,0.13333333333333333,1.0285656452178955,0.000546337862033397,4,1.0,49.0,False
50317,2025-01-03 12:00:00+00:00,2025-01-03 11:00:00+00:00,1.02805,0.16666666666666666,1.0276273488998413,0.0006281011155806482,6,1.0,49.0,False
50318,2025-01-03 13:00:00+00:00,2025-01-03 12:00:00+00:00,1.02971,0.7,1.030129075050354,0.0010823453776538372,5,1.0,49.0,False
50319,2025-01-03 14:00:00+00:00,2025-01-03 13:00:00+00:00,1.02952,0.16666666666666666,1.0285990238189697,0.0010654146317392588,7,1.0,49.0,False
50320,2025-01-03 15:00:00+00:00,2025-01-03 14:00:00+00:00,1.02924,0.2,1.0288217067718506,0.0009068514336831868,9,1.0,49.0,False
50321,2025-01-03 16:00:00+00:00,2025-01-03 15:00:00+00:00,1.02999,0.2,1.0290018320083618,0.0006367711466737092,3,1.0,49.0,False
50322,2025-01-03 17:00:00+00:00,2025-01-03 16:00:00+00:00,1.02886,0.4666666666666667,1.0286020040512085,0.0008370932773686945,6,1.0,49.0,False
50323,2025-01-03 18:00:00+00:00,2025-01-03 17:00:00+00:00,1.02902,0.06666666666666667,1.0288006067276,0.00046872938401065767,3,1.0,49.0,False
50324,2025-01-03 19:00:00+00:00,2025-01-03 18:00:00+00:00,1.02976,0.5333333333333333,1.0299136638641357,0.000527944415807724,3,1.0,49.0,False
50325,2025-01-03 20:00:00+00:00,2025-01-03 19:00:00+00:00,1.02969,0.16666666666666666,1.029284119606018,0.00039992984966374934,3,1.0,49.0,False
50326,2025-01-03 21:00:00+00:00,2025-01-03 20:00:00+00:00,1.03006,0.4,1.0297315120697021,0.00046580148045904934,2,1.0,49.0,False
50327,2025-01-03 22:00:00+00:00,2025-01-03 21:00:00+00:00,1.03056,0.0,1.0301547050476074,0.0004549746518023312,2,1.0,49.0,False
50328,2025-01-05 23:00:00+00:00,2025-01-03 22:00:00+00:00,1.03066,0.1,1.0304909944534302,0.00046577348257414997,3,49.0,49.0,True
50329,2025-01-06 00:00:00+00:00,2025-01-05 23:00:00+00:00,1.03009,0.26666666666666666,1.0296827554702759,0.0004207290767226368,2,1.0,49.0,False
50330,2025-01-06 01:00:00+00:00,2025-01-06 00:00:00+00:00,1.03046,0.7666666666666667,1.0303946733474731,0.0005653438274748623,3,1.0,49.0,False
50331,2025-01-06 02:00:00+00:00,2025-01-06 01:00:00+00:00,1.03024,0.0,1.0296049118041992,0.0004718116542790085,2,1.0,49.0,False
50332,2025-01-06 03:00:00+00:00,2025-01-06 02:00:00+00:00,1.03118,0.0,1.0299190282821655,0.00045462994603440166,2,1.0,49.0,False
50333,2025-01-06 04:00:00+00:00,2025-01-06 03:00:00+00:00,1.03156,0.06666666666666667,1.0311471223831177,0.0004962957464158535,3,1.0,49.0,False
50334,2025-01-06 05:00:00+00:00,2025-01-06 04:00:00+00:00,1.03159,0.6666666666666666,1.0317586660385132,0.0003748822200577706,2,1.0,49.0,False
50335,2025-01-06 06:00:00+00:00,2025-01-06 05:00:00+00:00,1.03147,0.23333333333333334,1.0311321020126343,0.0004459889023564756,3,1.0,49.0,False
50336,2025-01-06 07:00:00+00:00,2025-01-06 06:00:00+00:00,1.03083,0.8666666666666667,1.0310217142105103,0.0005535809323191643,3,1.0,49.0,False
50337,2025-01-06 08:00:00+00:00,2025-01-06 07:00:00+00:00,1.03123,0.16666666666666666,1.030772089958191,0.0005128297489136457,3,1.0,49.0,False
50338,2025-01-06 09:00:00+00:00,2025-01-06 08:00:00+00:00,1.03269,0.5666666666666667,1.0325149297714233,0.0006504467455670238,5,1.0,49.0,False
50339,2025-01-06 10:00:00+00:00,2025-01-06 09:00:00+00:00,1.03493,0.8,1.0350559949874878,0.0007472424767911434,9,1.0,49.0,False
50340,2025-01-06 11:00:00+00:00,2025-01-06 10:00:00+00:00,1.03552,0.7666666666666667,1.0357695817947388,0.0007876049494370818,8,1.0,49.0,False
50341,2025-01-06 12:00:00+00:00,2025-01-06 11:00:00+00:00,1.03347,0.6666666666666666,1.0338423252105713,0.0006720644887536764,7,1.0,49.0,False
50342,2025-01-06 13:00:00+00:00,2025-01-06 12:00:00+00:00,1.04211,0.06666666666666667,1.040221929550171,0.0015943639446049929,20,1.0,49.0,False
50343,2025-01-06 14:00:00+00:00,2025-01-06 13:00:00+00:00,1.04104,0.26666666666666666,1.0403637886047363,0.001084673684090376,16,1.0,49.0,False
50344,2025-01-06 15:00:00+00:00,2025-01-06 14:00:00+00:00,1.04164,0.3333333333333333,1.0412788391113281,0.0008387400885112584,20,1.0,49.0,False
50345,2025-01-06 16:00:00+00:00,2025-01-06 15:00:00+00:00,1.0392,0.3333333333333333,1.0384849309921265,0.0011851121671497822,16,1.0,49.0,False
50346,2025-01-06 17:00:00+00:00,2025-01-06 16:00:00+00:00,1.03927,0.16666666666666666,1.038791298866272,0.0007242306601256132,9,1.0,49.0,False
50347,2025-01-06 18:00:00+00:00,2025-01-06 17:00:00+00:00,1.03965,0.4,1.0395861864089966,0.0008259970927610993,10,1.0,49.0,False
50348,2025-01-06 19:00:00+00:00,2025-01-06 18:00:00+00:00,1.0387,0.06666666666666667,1.0379832983016968,0.0006364401779137552,7,1.0,49.0,False
50349,2025-01-06 20:00:00+00:00,2025-01-06 19:00:00+00:00,1.03815,0.23333333333333334,1.037954568862915,0.00039560458390042186,5,1.0,49.0,False
50350,2025-01-06 21:00:00+00:00,2025-01-06 20:00:00+00:00,1.03878,0.2,1.0387094020843506,0.0003414390084799379,4,1.0,49.0,False
50351,2025-01-06 22:00:00+00:00,2025-01-06 21:00:00+00:00,1.0387,0.7666666666666667,1.0387669801712036,0.00035587893216870725,3,1.0,49.0,False
50352,2025-01-06 23:00:00+00:00,2025-01-06 22:00:00+00:00,1.03888,0.3,1.038893699645996,0.0003822794242296368,4,1.0,49.0,False
50353,2025-01-07 00:00:00+00:00,2025-01-06 23:00:00+00:00,1.0389,0.1,1.0384422540664673,0.00039660430047661066,3,1.0,49.0,False
50354,2025-01-07 01:00:00+00:00,2025-01-07 00:00:00+00:00,1.03827,0.6666666666666666,1.038365364074707,0.0004257339460309595,6,1.0,49.0,False
50355,2025-01-07 02:00:00+00:00,2025-01-07 01:00:00+00:00,1.03839,0.3,1.0381758213043213,0.00038447201950475574,5,1.0,49.0,False
50356,2025-01-07 03:00:00+00:00,2025-01-07 02:00:00+00:00,1.03807,0.26666666666666666,1.0380905866622925,0.0002765773388091475,3,1.0,49.0,False
50357,2025-01-07 04:00:00+00:00,2025-01-07 03:00:00+00:00,1.03817,0.43333333333333335,1.0381290912628174,0.00033543823519721627,4,1.0,49.0,False
50358,2025-01-07 05:00:00+00:00,2025-01-07 04:00:00+00:00,1.03922,0.2,1.0389981269836426,0.0002876411599572748,4,1.0,49.0,False
50359,2025-01-07 06:00:00+00:00,2025-01-07 05:00:00+00:00,1.03912,0.16666666666666666,1.0388847589492798,0.00035944426781497896,4,1.0,49.0,False
50360,2025-01-07 07:00:00+00:00,2025-01-07 06:00:00+00:00,1.03959,0.5,1.0396552085876465,0.0005668271332979202,8,1.0,49.0,False
50361,2025-01-07 08:00:00+00:00,2025-01-07 07:00:00+00:00,1.03971,0.6,1.040039300918579,0.0004956988268531859,7,1.0,49.0,False
50362,2025-01-07 09:00:00+00:00,2025-01-07 08:00:00+00:00,1.04138,0.6666666666666666,1.0414551496505737,0.00046597357140854,14,1.0,49.0,False
50363,2025-01-07 10:00:00+00:00,2025-01-07 09:00:00+00:00,1.04248,0.23333333333333334,1.0420143604278564,0.00047719490248709917,11,1.0,49.0,False
50364,2025-01-07 11:00:00+00:00,2025-01-07 10:00:00+00:00,1.04271,0.3333333333333333,1.0424684286117554,0.0007040007039904594,15,1.0,49.0,False
50365,2025-01-07 12:00:00+00:00,2025-01-07 11:00:00+00:00,1.04275,0.4,1.0425398349761963,0.0007225801819004118,19,1.0,49.0,False
50366,2025-01-07 13:00:00+00:00,2025-01-07 12:00:00+00:00,1.04132,0.5666666666666667,1.0413202047348022,0.0011355908354744315,18,1.0,49.0,False
50367,2025-01-07 14:00:00+00:00,2025-01-07 13:00:00+00:00,1.03888,0.8,1.0396440029144287,0.0008873234037309885,16,1.0,49.0,False
50368,2025-01-07 15:00:00+00:00,2025-01-07 14:00:00+00:00,1.0396,0.8,1.0399832725524902,0.0008086436428129673,17,1.0,49.0,False
50369,2025-01-07 16:00:00+00:00,2025-01-07 15:00:00+00:00,1.03925,0.5666666666666667,1.039063572883606,0.0008784480742178857,11,1.0,49.0,False
50370,2025-01-07 17:00:00+00:00,2025-01-07 16:00:00+00:00,1.03723,0.5,1.0373852252960205,0.0007884016376920044,14,1.0,49.0,False
50371,2025-01-07 18:00:00+00:00,2025-01-07 17:00:00+00:00,1.03676,0.5666666666666667,1.0369815826416016,0.0007249363115988672,12,1.0,49.0,False
50372,2025-01-07 19:00:00+00:00,2025-01-07 18:00:00+00:00,1.03662,0.23333333333333334,1.0360485315322876,0.00044733958202414215,7,1.0,49.0,False
50373,2025-01-07 20:00:00+00:00,2025-01-07 19:00:00+00:00,1.0354,1.0,1.0357571840286255,0.0003786177549045533,5,1.0,49.0,False
50374,2025-01-07 21:00:00+00:00,2025-01-07 20:00:00+00:00,1.03545,0.2,1.0353628396987915,0.0002716323942877352,5,1.0,49.0,False
50375,2025-01-07 22:00:00+00:00,2025-01-07 21:00:00+00:00,1.03438,0.8666666666666667,1.0347425937652588,0.00027938178391195834,4,1.0,49.0,False
50376,2025-01-07 23:00:00+00:00,2025-01-07 22:00:00+00:00,1.03395,0.5333333333333333,1.0340875387191772,0.0004981021047569811,3,1.0,49.0,False
50377,2025-01-08 00:00:00+00:00,2025-01-07 23:00:00+00:00,1.03412,0.6,1.0338425636291504,0.0008584897732362151,8,1.0,49.0,False
50378,2025-01-08 01:00:00+00:00,2025-01-08 00:00:00+00:00,1.0341,0.7333333333333333,1.0341084003448486,0.0005433278856799006,7,1.0,49.0,False
50379,2025-01-08 02:00:00+00:00,2025-01-08 01:00:00+00:00,1.03461,0.4666666666666667,1.0347011089324951,0.0004613638448063284,7,1.0,49.0,False
50380,2025-01-08 03:00:00+00:00,2025-01-08 02:00:00+00:00,1.03523,0.5666666666666667,1.0353561639785767,0.0006106808432377875,7,1.0,49.0,False
50381,2025-01-08 04:00:00+00:00,2025-01-08 03:00:00+00:00,1.03537,0.7,1.0356576442718506,0.0004884711815975606,8,1.0,49.0,False
50382,2025-01-08 05:00:00+00:00,2025-01-08 04:00:00+00:00,1.03471,0.4,1.034856915473938,0.000455535133369267,7,1.0,49.0,False
50383,2025-01-08 06:00:00+00:00,2025-01-08 05:00:00+00:00,1.03508,0.5333333333333333,1.035260558128357,0.0006719568045809865,8,1.0,49.0,False
50384,2025-01-08 07:00:00+00:00,2025-01-08 06:00:00+00:00,1.03545,0.5,1.035487413406372,0.0006630845018662512,9,1.0,49.0,False
50385,2025-01-08 08:00:00+00:00,2025-01-08 07:00:00+00:00,1.03505,0.43333333333333335,1.0350914001464844,0.0006752582266926765,12,1.0,49.0,False
50386,2025-01-08 09:00:00+00:00,2025-01-08 08:00:00+00:00,1.03318,0.3,1.0329915285110474,0.0007133161416277289,5,1.0,49.0,False
50387,2025-01-08 10:00:00+00:00,2025-01-08 09:00:00+00:00,1.03185,0.6333333333333333,1.0324769020080566,0.0006361426785588264,5,1.0,49.0,False
50388,2025-01-08 11:00:00+00:00,2025-01-08 10:00:00+00:00,1.0319,0.5666666666666667,1.0321143865585327,0.0007458969485014677,5,1.0,49.0,False
50389,2025-01-08 12:00:00+00:00,2025-01-08 11:00:00+00:00,1.03186,0.8,1.0323652029037476,0.0011678969021886587,10,1.0,49.0,False
50390,2025-01-08 13:00:00+00:00,2025-01-08 12:00:00+00:00,1.02973,0.6666666666666666,1.0308787822723389,0.0014096322702243924,8,1.0,49.0,False
50391,2025-01-08 14:00:00+00:00,2025-01-08 13:00:00+00:00,1.02823,0.9666666666666667,1.029770016670227,0.0010072120930999517,5,1.0,49.0,False
50392,2025-01-08 15:00:00+00:00,2025-01-08 14:00:00+00:00,1.0303,0.6,1.0305840969085693,0.0011712609557434916,7,1.0,49.0,False
50393,2025-01-08 16:00:00+00:00,2025-01-08 15:00:00+00:00,1.02909,0.9,1.03019118309021,0.0007601255201734602,4,1.0,49.0,False
50394,2025-01-08 17:00:00+00:00,2025-01-08 16:00:00+00:00,1.0301,0.36666666666666664,1.0299124717712402,0.00089837092673406,6,1.0,49.0,False
50395,2025-01-08 18:00:00+00:00,2025-01-08 17:00:00+00:00,1.03121,0.26666666666666666,1.0307613611221313,0.0006731620524078608,5,1.0,49.0,False
50396,2025-01-08 19:00:00+00:00,2025-01-08 18:00:00+00:00,1.03049,0.43333333333333335,1.0303139686584473,0.0005613135872408748,3,1.0,49.0,False
50397,2025-01-08 20:00:00+00:00,2025-01-08 19:00:00+00:00,1.03118,0.23333333333333334,1.0309078693389893,0.00047151691978797317,3,1.0,49.0,False
50398,2025-01-08 21:00:00+00:00,2025-01-08 20:00:00+00:00,1.03087,0.8333333333333334,1.0308849811553955,0.00045141574810259044,3,1.0,49.0,False
50399,2025-01-08 22:00:00+00:00,2025-01-08 21:00:00+00:00,1.03157,0.13333333333333333,1.0310181379318237,0.0004467469989322126,3,1.0,49.0,False
50400,2025-01-08 23:00:00+00:00,2025-01-08 22:00:00+00:00,1.03176,0.6,1.0318602323532104,0.0003500802267808467,4,1.0,49.0,False
50401,2025-01-09 00:00:00+00:00,2025-01-08 23:00:00+00:00,1.03173,0.2,1.0313160419464111,0.0004744553007185459,3,1.0,49.0,False
50402,2025-01-09 01:00:00+00:00,2025-01-09 00:00:00+00:00,1.03128,0.9,1.0314377546310425,0.00044443353544920683,3,1.0,49.0,False
50403,2025-01-09 02:00:00+00:00,2025-01-09 01:00:00+00:00,1.03126,0.23333333333333334,1.0313220024108887,0.0004048463888466358,3,1.0,49.0,False
50404,2025-01-09 03:00:00+00:00,2025-01-09 02:00:00+00:00,1.03137,0.13333333333333333,1.031144380569458,0.00044794147834181786,3,1.0,49.0,False
50405,2025-01-09 04:00:00+00:00,2025-01-09 03:00:00+00:00,1.03159,0.7333333333333333,1.031963586807251,0.00035896047484129667,5,1.0,49.0,False
50406,2025-01-09 05:00:00+00:00,2025-01-09 04:00:00+00:00,1.03106,0.9333333333333333,1.0315786600112915,0.00040612148586660624,3,1.0,49.0,False
50407,2025-01-09 06:00:00+00:00,2025-01-09 05:00:00+00:00,1.03086,0.6333333333333333,1.0307857990264893,0.0004927007830701768,3,1.0,49.0,False
50408,2025-01-09 07:00:00+00:00,2025-01-09 06:00:00+00:00,1.03061,0.4666666666666667,1.0303820371627808,0.0007369625382125378,4,1.0,49.0,False
50409,2025-01-09 08:00:00+00:00,2025-01-09 07:00:00+00:00,1.02996,0.3333333333333333,1.0297863483428955,0.0006661142106167972,4,1.0,49.0,False
50410,2025-01-09 09:00:00+00:00,2025-01-09 08:00:00+00:00,1.02905,0.9666666666666667,1.029980182647705,0.0006414623931050301,4,1.0,49.0,False
50411,2025-01-09 10:00:00+00:00,2025-01-09 09:00:00+00:00,1.03073,0.23333333333333334,1.0305477380752563,0.0005120157729834318,3,1.0,49.0,False
50412,2025-01-09 11:00:00+00:00,2025-01-09 10:00:00+00:00,1.03052,0.8333333333333334,1.0310672521591187,0.0005889860913157463,5,1.0,49.0,False
50413,2025-01-09 12:00:00+00:00,2025-01-09 11:00:00+00:00,1.03026,0.6666666666666666,1.030476450920105,0.0009665332036092877,7,1.0,49.0,False
50414,2025-01-09 13:00:00+00:00,2025-01-09 12:00:00+00:00,1.03007,0.3333333333333333,1.0299545526504517,0.0007512086303904653,5,1.0,49.0,False
50415,2025-01-09 14:00:00+00:00,2025-01-09 13:00:00+00:00,1.0303,0.7333333333333333,1.0306576490402222,0.0007305756444111466,6,1.0,49.0,False
50416,2025-01-09 15:00:00+00:00,2025-01-09 14:00:00+00:00,1.03074,0.7666666666666667,1.0312175750732422,0.0006488171056844294,9,1.0,49.0,False
50417,2025-01-09 16:00:00+00:00,2025-01-09 15:00:00+00:00,1.03069,0.43333333333333335,1.0308232307434082,0.0007634087814949453,6,1.0,49.0,False
50418,2025-01-09 17:00:00+00:00,2025-01-09 16:00:00+00:00,1.02989,0.5,1.0300214290618896,0.0005218644510023296,3,1.0,49.0,False
50419,2025-01-09 18:00:00+00:00,2025-01-09 17:00:00+00:00,1.02968,0.5666666666666667,1.0298360586166382,0.0005393561441451311,3,1.0,49.0,False
50420,2025-01-09 19:00:00+00:00,2025-01-09 18:00:00+00:00,1.02971,0.3333333333333333,1.029212236404419,0.0005438015796244144,3,1.0,49.0,False
50421,2025-01-09 20:00:00+00:00,2025-01-09 19:00:00+00:00,1.02998,0.13333333333333333,1.0297611951828003,0.0005091401981189847,3,1.0,49.0,False
50422,2025-01-09 21:00:00+00:00,2025-01-09 20:00:00+00:00,1.02977,0.8666666666666667,1.0299171209335327,0.00027187124942429364,2,1.0,49.0,False
50423,2025-01-09 22:00:00+00:00,2025-01-09 21:00:00+00:00,1.03008,0.0,1.0298868417739868,0.00033982997410930693,2,1.0,49.0,False
50424,2025-01-09 23:00:00+00:00,2025-01-09 22:00:00+00:00,1.02982,0.0,1.0293827056884766,0.00040530198020860553,2,1.0,49.0,False
50425,2025-01-10 00:00:00+00:00,2025-01-09 23:00:00+00:00,1.03004,0.2,1.0299038887023926,0.00044448586413636804,3,1.0,49.0,False
50426,2025-01-10 01:00:00+00:00,2025-01-10 00:00:00+00:00,1.02958,0.43333333333333335,1.0293643474578857,0.00039584451587870717,2,1.0,49.0,False
50427,2025-01-10 02:00:00+00:00,2025-01-10 01:00:00+00:00,1.02949,0.13333333333333333,1.0290253162384033,0.00027085820329375565,2,1.0,49.0,False
50428,2025-01-10 03:00:00+00:00,2025-01-10 02:00:00+00:00,1.03013,0.13333333333333333,1.029792308807373,0.0003759250103030354,3,1.0,49.0,False
50429,2025-01-10 04:00:00+00:00,2025-01-10 03:00:00+00:00,1.03012,0.06666666666666667,1.0296889543533325,0.00040576778701506555,3,1.0,49.0,False
50430,2025-01-10 05:00:00+00:00,2025-01-10 04:00:00+00:00,1.0298,0.6,1.0296348333358765,0.0004767462960444391,3,1.0,49.0,False
50431,2025-01-10 06:00:00+00:00,2025-01-10 05:00:00+00:00,1.02945,0.4,1.0292965173721313,0.0005074933869764209,3,1.0,49.0,False
50432,2025-01-10 07:00:00+00:00,2025-01-10 06:00:00+00:00,1.02851,0.9666666666666667,1.029232144355774,0.0006572197307832539,4,1.0,49.0,False
50433,2025-01-10 08:00:00+00:00,2025-01-10 07:00:00+00:00,1.02813,0.9333333333333333,1.0289862155914307,0.0006603721994906664,4,1.0,49.0,False
50434,2025-01-10 09:00:00+00:00,2025-01-10 08:00:00+00:00,1.02966,0.3,1.029417634010315,0.0005222440813668072,4,1.0,49.0,False
50435,2025-01-10 10:00:00+00:00,2025-01-10 09:00:00+00:00,1.03024,0.5333333333333333,1.03009033203125,0.000589485396631062,6,1.0,49.0,False
50436,2025-01-10 11:00:00+00:00,2025-01-10 10:00:00+00:00,1.02994,0.23333333333333334,1.02965247631073,0.0004973451141268015,3,1.0,49.0,False
50437,2025-01-10 12:00:00+00:00,2025-01-10 11:00:00+00:00,1.03018,0.43333333333333335,1.0297856330871582,0.0010124293621629477,8,1.0,49.0,False
50438,2025-01-10 13:00:00+00:00,2025-01-10 12:00:00+00:00,1.03013,0.5666666666666667,1.030142903327942,0.0006450794171541929,8,1.0,49.0,False
50439,2025-01-10 14:00:00+00:00,2025-01-10 13:00:00+00:00,1.03048,0.5666666666666667,1.030394196510315,0.0007960433722473681,10,1.0,49.0,False
50440,2025-01-10 15:00:00+00:00,2025-01-10 14:00:00+00:00,1.02556,0.5,1.0256017446517944,0.0014584874734282494,13,1.0,49.0,False
50441,2025-01-10 16:00:00+00:00,2025-01-10 15:00:00+00:00,1.02522,0.9666666666666667,1.026793122291565,0.0011326897656545043,6,1.0,49.0,False
50442,2025-01-10 17:00:00+00:00,2025-01-10 16:00:00+00:00,1.02498,0.43333333333333335,1.0250061750411987,0.001077164663001895,7,1.0,49.0,False
50443,2025-01-10 18:00:00+00:00,2025-01-10 17:00:00+00:00,1.02368,0.5666666666666667,1.0238703489303589,0.000734076660592109,6,1.0,49.0,False
50444,2025-01-10 19:00:00+00:00,2025-01-10 18:00:00+00:00,1.02441,0.4,1.0242139101028442,0.00046300829853862524,4,1.0,49.0,False
50445,2025-01-10 20:00:00+00:00,2025-01-10 19:00:00+00:00,1.02412,0.8333333333333334,1.024617314338684,0.00043732344056479633,3,1.0,49.0,False
50446,2025-01-10 21:00:00+00:00,2025-01-10 20:00:00+00:00,1.0245,0.9,1.024726390838623,0.00042736504110507667,3,1.0,49.0,False
50447,2025-01-10 22:00:00+00:00,2025-01-10 21:00:00+00:00,1.02442,1.0,1.0247019529342651,0.00035510625457391143,2,1.0,49.0,False
50448,2025-01-12 23:00:00+00:00,2025-01-10 22:00:00+00:00,1.02402,0.9333333333333333,1.024485468864441,0.000395341805415228,3,49.0,49.0,True
50449,2025-01-13 00:00:00+00:00,2025-01-12 23:00:00+00:00,1.0246,0.1,1.0242663621902466,0.0005379832000471652,3,1.0,49.0,False
50450,2025-01-13 01:00:00+00:00,2025-01-13 00:00:00+00:00,1.02426,0.8333333333333334,1.0243154764175415,0.0005121035501360893,3,1.0,49.0,False
50451,2025-01-13 02:00:00+00:00,2025-01-13 01:00:00+00:00,1.02417,0.9333333333333333,1.024227261543274,0.00038622497231699526,3,1.0,49.0,False
50452,2025-01-13 03:00:00+00:00,2025-01-13 02:00:00+00:00,1.02413,0.2,1.024222731590271,0.00044315296690911055,3,1.0,49.0,False
50453,2025-01-13 04:00:00+00:00,2025-01-13 03:00:00+00:00,1.02397,0.13333333333333333,1.0240099430084229,0.0004197655071038753,3,1.0,49.0,False
50454,2025-01-13 05:00:00+00:00,2025-01-13 04:00:00+00:00,1.02149,0.5333333333333333,1.0213148593902588,0.0007702530710957944,8,1.0,49.0,False
50455,2025-01-13 06:00:00+00:00,2025-01-13 05:00:00+00:00,1.02112,0.26666666666666666,1.0208961963653564,0.0007398146553896368,8,1.0,49.0,False
50456,2025-01-13 07:00:00+00:00,2025-01-13 06:00:00+00:00,1.0219,0.5666666666666667,1.022203803062439,0.0007255483069457114,6,1.0,49.0,False
50457,2025-01-13 08:00:00+00:00,2025-01-13 07:00:00+00:00,1.02169,0.6333333333333333,1.0220515727996826,0.0006019367720000446,7,1.0,49.0,False
50458,2025-01-13 09:00:00+00:00,2025-01-13 08:00:00+00:00,1.02147,0.43333333333333335,1.021610975265503,0.0006372781936079264,5,1.0,49.0,False
50459,2025-01-13 10:00:00+00:00,2025-01-13 09:00:00+00:00,1.02211,0.7666666666666667,1.022291660308838,0.0006004226743243635,3,1.0,49.0,False
50460,2025-01-13 11:00:00+00:00,2025-01-13 10:00:00+00:00,1.01931,0.16666666666666666,1.0185667276382446,0.0009742665570229292,11,1.0,49.0,False
50461,2025-01-13 12:00:00+00:00,2025-01-13 11:00:00+00:00,1.02018,0.5333333333333333,1.0203310251235962,0.001006063655950129,7,1.0,49.0,False
50462,2025-01-13 13:00:00+00:00,2025-01-13 12:00:00+00:00,1.01955,0.36666666666666664,1.0192286968231201,0.0009501875028945506,8,1.0,49.0,False
50463,2025-01-13 14:00:00+00:00,2025-01-13 13:00:00+00:00,1.02023,0.6,1.0203498601913452,0.000929751549847424,7,1.0,49.0,False
50464,2025-01-13 15:00:00+00:00,2025-01-13 14:00:00+00:00,1.02078,0.5666666666666667,1.0208938121795654,0.0009927180362865329,7,1.0,49.0,False
50465,2025-01-13 16:00:00+00:00,2025-01-13 15:00:00+00:00,1.02077,0.5333333333333333,1.0208444595336914,0.0007390876999124885,7,1.0,49.0,False
50466,2025-01-13 17:00:00+00:00,2025-01-13 16:00:00+00:00,1.01964,0.6333333333333333,1.0199613571166992,0.0008597802952863276,7,1.0,49.0,False
50467,2025-01-13 18:00:00+00:00,2025-01-13 17:00:00+00:00,1.02077,0.8333333333333334,1.0210520029067993,0.0004478832706809044,3,1.0,49.0,False
50468,2025-01-13 19:00:00+00:00,2025-01-13 18:00:00+00:00,1.02174,0.0,1.020897388458252,0.00039859674870967865,2,1.0,49.0,False
50469,2025-01-13 20:00:00+00:00,2025-01-13 19:00:00+00:00,1.02157,0.0,1.0211756229400635,0.00028633809415623546,2,1.0,49.0,False
50470,2025-01-13 21:00:00+00:00,2025-01-13 20:00:00+00:00,1.02069,0.5333333333333333,1.0207545757293701,0.0004312912351451814,2,1.0,49.0,False
50471,2025-01-13 22:00:00+00:00,2025-01-13 21:00:00+00:00,1.02163,0.0,1.021044373512268,0.0002903094282373786,2,1.0,49.0,False
50472,2025-01-13 23:00:00+00:00,2025-01-13 22:00:00+00:00,1.02438,0.4,1.0244697332382202,0.000750898674596101,4,1.0,49.0,False
50473,2025-01-14 00:00:00+00:00,2025-01-13 23:00:00+00:00,1.02579,0.6333333333333333,1.0255426168441772,0.0005957498215138912,5,1.0,49.0,False
50474,2025-01-14 01:00:00+00:00,2025-01-14 00:00:00+00:00,1.02632,0.3,1.0258681774139404,0.00064795499201864,5,1.0,49.0,False
50475,2025-01-14 02:00:00+00:00,2025-01-14 01:00:00+00:00,1.02473,0.4666666666666667,1.0247251987457275,0.0006957883015275002,4,1.0,49.0,False
50476,2025-01-14 03:00:00+00:00,2025-01-14 02:00:00+00:00,1.02485,0.4666666666666667,1.0247325897216797,0.0004773545661009848,3,1.0,49.0,False
50477,2025-01-14 04:00:00+00:00,2025-01-14 03:00:00+00:00,1.02441,0.36666666666666664,1.0242758989334106,0.0006746595026925206,3,1.0,49.0,False
50478,2025-01-14 05:00:00+00:00,2025-01-14 04:00:00+00:00,1.02478,0.4666666666666667,1.024999976158142,0.0006325465510599315,3,1.0,49.0,False
50479,2025-01-14 06:00:00+00:00,2025-01-14 05:00:00+00:00,1.02498,0.3,1.0245811939239502,0.000591236341279,4,1.0,49.0,False
50480,2025-01-14 07:00:00+00:00,2025-01-14 06:00:00+00:00,1.02443,0.4,1.024606704711914,0.0008213129476644099,4,1.0,49.0,False
50481,2025-01-14 08:00:00+00:00,2025-01-14 07:00:00+00:00,1.02522,0.7666666666666667,1.025489091873169,0.0006665067048743367,5,1.0,49.0,False
50482,2025-01-14 09:00:00+00:00,2025-01-14 08:00:00+00:00,1.02539,0.13333333333333333,1.0250966548919678,0.0005543609731830657,3,1.0,49.0,False
50483,2025-01-14 10:00:00+00:00,2025-01-14 09:00:00+00:00,1.02611,0.5666666666666667,1.026098608970642,0.0007673772634007037,7,1.0,49.0,False
50484,2025-01-14 11:00:00+00:00,2025-01-14 10:00:00+00:00,1.0259,0.16666666666666666,1.0256067514419556,0.0005596783594228327,3,1.0,49.0,False
50485,2025-01-14 12:00:00+00:00,2025-01-14 11:00:00+00:00,1.02594,0.4,1.0262116193771362,0.000805418414529413,7,1.0,49.0,False
50486,2025-01-14 13:00:00+00:00,2025-01-14 12:00:00+00:00,1.02535,0.7,1.025402307510376,0.00077156099723652,6,1.0,49.0,False
50487,2025-01-14 14:00:00+00:00,2025-01-14 13:00:00+00:00,1.02474,0.3333333333333333,1.02471125125885,0.0006394146475940943,4,1.0,49.0,False
50488,2025-01-14 15:00:00+00:00,2025-01-14 14:00:00+00:00,1.02524,0.8333333333333334,1.025896668434143,0.0007525462424382567,7,1.0,49.0,False
50489,2025-01-14 16:00:00+00:00,2025-01-14 15:00:00+00:00,1.02674,0.3,1.0264736413955688,0.0007071324507705867,9,1.0,49.0,False
50490,2025-01-14 17:00:00+00:00,2025-01-14 16:00:00+00:00,1.02944,0.6,1.029402256011963,0.000728059618268162,9,1.0,49.0,False
50491,2025-01-14 18:00:00+00:00,2025-01-14 17:00:00+00:00,1.02911,0.3333333333333333,1.02890145778656,0.0007570007001049817,11,1.0,49.0,False
50492,2025-01-14 19:00:00+00:00,2025-01-14 18:00:00+00:00,1.02878,0.4666666666666667,1.0285042524337769,0.0007341930759139359,8,1.0,49.0,False
50493,2025-01-14 20:00:00+00:00,2025-01-14 19:00:00+00:00,1.02988,0.6333333333333333,1.0299537181854248,0.0005098674446344376,5,1.0,49.0,False
50494,2025-01-14 21:00:00+00:00,2025-01-14 20:00:00+00:00,1.02976,0.06666666666666667,1.0294349193572998,0.0003043795295525342,4,1.0,49.0,False
50495,2025-01-14 22:00:00+00:00,2025-01-14 21:00:00+00:00,1.03015,0.5666666666666667,1.0302413702011108,0.00039503275183960795,5,1.0,49.0,False
50496,2025-01-14 23:00:00+00:00,2025-01-14 22:00:00+00:00,1.03071,0.5333333333333333,1.0305345058441162,0.0003463641623966396,4,1.0,49.0,False
50497,2025-01-15 00:00:00+00:00,2025-01-14 23:00:00+00:00,1.03063,0.36666666666666664,1.0302339792251587,0.0006850590580143034,10,1.0,49.0,False
50498,2025-01-15 01:00:00+00:00,2025-01-15 00:00:00+00:00,1.03056,0.3,1.0301388502120972,0.0006151931011117995,8,1.0,49.0,False
50499,2025-01-15 02:00:00+00:00,2025-01-15 01:00:00+00:00,1.03007,0.9,1.0302953720092773,0.00038728429353795946,5,1.0,49.0,False
