,CV Accuracy,CV Precision,CV Recall,CV F1,CV ROC-AUC
RandomForest,0.5150745444505798,0.5052608286845002,0.4081373963759938,0.4418386812312377,0.5211325202798424
XGBoost,0.5123136388735505,0.5029400907913378,0.41292715353643095,0.4404878327066714,0.5199333093930815
LightGBM,0.5110988404196577,0.5017679649024904,0.4447023739923968,0.4616114427305941,0.5191062345649315
GradientBoosting,0.5137493097736057,0.5090274459719841,0.3397266959520529,0.3877162604073471,0.518233802497055
RandomForest (Tuned Hold-out),0.4986042516641615,0.49556010928961747,0.6284105673451711,0.554134046209662,0.5022178233016055
