,CV Accuracy,CV Precision,CV Recall,CV F1,CV ROC-AUC
XGBoost,0.517725013804528,0.5087178731543344,0.3976801287211079,0.4346829743770605,0.5236923212650616
RandomForest,0.5170623964660408,0.5076337065467218,0.3970860935790069,0.4351783234053473,0.5222155542452812
LightGBM,0.5110988404196577,0.5017679649024904,0.4447023739923968,0.4616114427305941,0.5191062345649315
GradientBoosting,0.5120927664273882,0.5067477687272909,0.32544703144934,0.3737378691730447,0.5166428854551964
XGBoost (Tuned Hold-out),0.49903371269057334,0.4948141745894555,0.4958856647899524,0.4953493402552455,0.5020875095821624
