idx,ts,last_close,p_up,gen_sd,trailing_sd,disp_ratio,gen_distinct
513,2024-08-25 09:00:00,63960.9609375,0.23333333333333334,155.0085810254765,281.67158936650765,0.5503167052598309,6
516,2024-08-25 12:00:00,63895.91796875,0.13333333333333333,201.26817543295695,279.65851739546974,0.7196926355307115,11
521,2024-08-25 17:00:00,64072.37890625,0.23333333333333334,142.08544603977478,277.8469417637328,0.5113802769893259,5
529,2024-08-26 01:00:00,64145.1796875,0.8333333333333334,203.22130522169581,250.1520091908149,0.8123912571362937,6
532,2024-08-26 04:00:00,64122.03515625,0.2,177.87233526070298,249.84295925825523,0.7119365532203837,5
533,2024-08-26 05:00:00,64025.9296875,0.7666666666666667,111.88294157484964,250.09634984608874,0.4473593542796737,6
539,2024-08-26 11:00:00,63808.96484375,0.8333333333333334,144.1458027867002,233.30462647066116,0.6178437391803159,9
540,2024-08-26 12:00:00,63915.296875,0.6666666666666666,221.19345111898173,233.30458073394047,0.9480887620086199,9
541,2024-08-26 13:00:00,63646.1640625,0.5333333333333333,311.14035380959757,235.06443824025507,1.3236385568947129,12
542,2024-08-26 14:00:00,63774.51171875,0.4666666666666667,237.45776447689195,230.92478565985732,1.028290505059329,12
544,2024-08-26 16:00:00,63584.94921875,0.06666666666666667,154.04935825154664,228.23554330576476,0.6749577915003726,7
556,2024-08-27 04:00:00,62988.9375,0.13333333333333333,80.43611581212929,232.15240674303004,0.3464797842960301,4
566,2024-08-27 14:00:00,62267.59375,0.7666666666666667,144.47788694848074,235.04467898175412,0.6146826534188259,8
571,2024-08-27 19:00:00,62103.2734375,0.3333333333333333,128.30599198271113,229.29809083650508,0.5595597918614871,4
576,2024-08-28 00:00:00,59507.92578125,0.3,413.73293572891413,252.60691781830036,1.6378527528153897,20
577,2024-08-28 01:00:00,59109.9140625,0.36666666666666664,347.58364071166835,241.41835775868515,1.4397564623445205,16
578,2024-08-28 02:00:00,59434.9140625,0.1,208.26844122700894,243.04319150215412,0.8569194633257728,7
580,2024-08-28 04:00:00,59634.77734375,0.4666666666666667,196.3849906706199,244.94540742345453,0.8017500419230773,10
582,2024-08-28 06:00:00,59326.359375,0.13333333333333333,196.56846677121837,245.8830476890592,0.7994388739633508,9
592,2024-08-28 16:00:00,59007.1484375,0.2,173.46786524197051,285.06133898412304,0.6085282061052555,8
594,2024-08-28 18:00:00,58663.00390625,0.6666666666666666,209.65296960772451,289.76289912645916,0.7235328271485411,9
596,2024-08-28 20:00:00,59155.9140625,0.9333333333333333,217.83033615891233,298.4053498860143,0.7299813366017727,13
604,2024-08-29 04:00:00,59163.234375,0.4666666666666667,175.01603067992892,292.2868412823879,0.5987817648993654,8
607,2024-08-29 07:00:00,59590.1171875,0.5333333333333333,172.8666999414257,294.48464090017296,0.5870143156295394,14
608,2024-08-29 08:00:00,59599.828125,0.9,158.57482653852992,294.43682873873706,0.5385699445881421,15
614,2024-08-29 14:00:00,60623.84375,0.36666666666666664,216.71690311412632,301.0716870241917,0.7198182773550297,16
616,2024-08-29 16:00:00,60816.8828125,0.5333333333333333,183.89385701242125,301.9010143284041,0.6091197057469434,10
618,2024-08-29 18:00:00,60514.83984375,0.23333333333333334,149.14975824743217,305.1994082846732,0.4886960924521632,16
619,2024-08-29 19:00:00,59190.5390625,0.8,328.6601360754224,331.2129950554827,0.9922923948692512,18
622,2024-08-29 22:00:00,59519.5234375,0.9,129.34388205621337,332.5321312980454,0.3889665685878749,8
629,2024-08-30 05:00:00,59035.92578125,0.8333333333333334,134.84126404174722,332.38084441903214,0.4056830178569286,8
631,2024-08-30 07:00:00,59351.1796875,0.6,202.2639005795004,336.32592809786763,0.601392529334353,12
632,2024-08-30 08:00:00,59316.0,0.6666666666666666,165.731863844718,336.2934294551428,0.49281921479475255,9
637,2024-08-30 13:00:00,59536.578125,0.9,158.94042694915555,337.0061248484201,0.4716247427866315,20
643,2024-08-30 19:00:00,59321.30078125,0.36666666666666664,191.566555429124,365.52379791831527,0.5240877790176988,6
651,2024-08-31 03:00:00,59185.0234375,0.23333333333333334,118.20783233633223,366.4412140206534,0.32258334437695046,7
658,2024-08-31 10:00:00,58927.53515625,0.5333333333333333,139.95729468422553,362.3591925965724,0.38623911727291277,8
669,2024-08-31 21:00:00,58951.48828125,0.7333333333333333,129.4935342599152,358.30514080004565,0.3614057391718526,6
674,2024-09-01 02:00:00,58836.39453125,0.7333333333333333,122.34762630719305,314.54809270503404,0.3889631797002309,6
677,2024-09-01 05:00:00,58415.5859375,0.4,125.95053517442153,311.91188144520265,0.40380165895202935,8
680,2024-09-01 08:00:00,58431.32421875,0.5666666666666667,143.87150278056194,312.9698489347711,0.45969764586028067,8
683,2024-09-01 11:00:00,57911.16796875,0.9666666666666667,133.60204784222296,309.109283328554,0.43221622593656167,7
687,2024-09-01 15:00:00,57867.35546875,0.3333333333333333,196.5358023876598,288.1031779671915,0.6821715878817581,8
690,2024-09-01 18:00:00,58067.53515625,0.36666666666666664,138.7244819131429,283.6162953785941,0.48912733215121573,8
693,2024-09-01 21:00:00,58416.31640625,0.6333333333333333,126.35471261390678,281.9907199645216,0.44808110220720737,7
695,2024-09-01 23:00:00,57428.62890625,0.7,324.09751924431566,286.6394891467451,1.130679936002795,9
699,2024-09-02 03:00:00,57515.203125,0.1,126.07226673277977,285.27143980273445,0.4419379199682902,3
701,2024-09-02 05:00:00,57459.90625,0.9,134.86900222353802,286.11404760815884,0.47138196586643966,4
703,2024-09-02 07:00:00,57683.93359375,0.8333333333333334,154.93624938681705,287.9927548411179,0.5379866221714275,9
705,2024-09-02 09:00:00,58092.36328125,0.5333333333333333,160.6775982288587,292.8532196090826,0.5486625635987217,9
709,2024-09-02 13:00:00,58389.23046875,0.7666666666666667,132.3816233210457,294.4333602627137,0.44961489147468114,7
710,2024-09-02 14:00:00,58224.09375,0.8666666666666667,135.10700995430972,294.5627180045119,0.4586697558658467,10
711,2024-09-02 15:00:00,58630.93359375,0.5666666666666667,144.18153166323796,294.18305619863327,0.4901082119627113,8
715,2024-09-02 19:00:00,58476.8828125,0.7,133.91098925611735,292.22186708989904,0.4582510904802378,8
718,2024-09-02 22:00:00,59085.78515625,0.0,84.92097043467646,261.9475229588054,0.3241907748371088,4
721,2024-09-03 01:00:00,59218.4296875,0.7333333333333333,150.09692811487525,261.6254467400774,0.5737092090433973,10
724,2024-09-03 04:00:00,59096.51953125,0.7333333333333333,100.97131579763217,260.13798606778187,0.3881452198654408,4
725,2024-09-03 05:00:00,59020.3359375,0.6,90.47310034772138,260.2182375936015,0.34768162748461423,4
727,2024-09-03 07:00:00,58889.17578125,0.6666666666666666,146.1401612153739,262.01618851289044,0.5577524123406757,6
728,2024-09-03 08:00:00,59112.75,0.2,117.62667478728714,262.9608580859728,0.4473162874637035,5
729,2024-09-03 09:00:00,58797.87109375,0.9666666666666667,110.22566208179491,264.3100829702204,0.41703161999390675,7
731,2024-09-03 11:00:00,59067.3046875,0.26666666666666666,111.10034101113212,260.5398244230323,0.4264236427469957,4
732,2024-09-03 12:00:00,59051.015625,0.16666666666666666,82.05888703640686,260.2532261004121,0.31530401473196923,4
735,2024-09-03 15:00:00,57690.8046875,0.7666666666666667,339.4163383760152,278.4451776253151,1.2189700725675516,12
739,2024-09-03 19:00:00,57910.390625,0.3,143.2281747586984,250.6001373386133,0.5715406874065959,6
742,2024-09-03 22:00:00,58095.375,0.7333333333333333,159.2333947449698,236.501517293151,0.6732869901531965,10
743,2024-09-03 23:00:00,57864.52734375,0.9,127.79017799746677,231.7810748709531,0.5513400007684643,7
746,2024-09-04 02:00:00,56828.09375,0.26666666666666666,298.8946851470031,237.33081364724242,1.2594010889427378,7
748,2024-09-04 04:00:00,56647.53515625,0.26666666666666666,147.6884830163789,237.13151661014197,0.6228125435523081,3
749,2024-09-04 05:00:00,56679.48046875,0.8,164.12355797604087,237.10920779089776,0.6921855102345009,3
752,2024-09-04 08:00:00,56739.92578125,0.36666666666666664,203.40920569402243,244.66842025748176,0.8313668166899538,4
753,2024-09-04 09:00:00,56769.46484375,0.5666666666666667,163.73080310797678,244.63329158352028,0.6692907659793207,4
759,2024-09-04 15:00:00,57558.50390625,0.2,240.89271131114296,270.57153480836064,0.890310621484117,12
760,2024-09-04 16:00:00,58139.38671875,0.23333333333333334,210.23486182219332,276.8591401217878,0.7593567679568496,7
762,2024-09-04 18:00:00,57913.08203125,0.5333333333333333,242.73108053833957,280.56161282614687,0.8651614099778882,11
765,2024-09-04 21:00:00,58077.92578125,0.26666666666666666,155.89127778155523,285.41392507053104,0.5461936650183821,8
770,2024-09-05 02:00:00,58039.0078125,0.7666666666666667,159.279314495406,285.2122039442558,0.558458972977667,7
774,2024-09-05 06:00:00,57190.6484375,0.7333333333333333,186.9947525731999,291.3018234167948,0.6419278478241714,8
777,2024-09-05 09:00:00,56998.67578125,0.8333333333333334,169.37615409835126,291.4984853865425,0.5810532904613535,6
780,2024-09-05 12:00:00,56688.84375,0.6,247.77160837018297,290.0537544438716,0.8542265168925071,8
785,2024-09-05 17:00:00,56325.55859375,0.9666666666666667,215.53621512355767,297.9488413220341,0.7234000782389288,4
787,2024-09-05 19:00:00,56560.7421875,0.5666666666666667,160.11234597395188,296.01218110212164,0.5408978285211665,3
788,2024-09-05 20:00:00,55971.80859375,1.0,175.0464646153201,301.49383915999994,0.5805971528407404,3
800,2024-09-06 08:00:00,55789.296875,0.26666666666666666,310.2622176211606,290.631911668001,1.0675435324376352,8
805,2024-09-06 13:00:00,56835.8671875,0.7,278.7304705724848,295.0198373841152,0.9447855203363099,14
806,2024-09-06 14:00:00,55981.3515625,0.5666666666666667,396.38528633221995,306.580366650109,1.2929245622065637,11
810,2024-09-06 18:00:00,53948.703125,0.7333333333333333,371.1607583628222,335.4639507651343,1.1064102641022076,12
821,2024-09-07 05:00:00,54045.75390625,0.26666666666666666,190.56784764759598,353.9850365983518,0.5383500090254473,5
824,2024-09-07 08:00:00,54266.1875,0.7333333333333333,112.68578206981466,354.4230910639555,0.31794142343135473,2
833,2024-09-07 17:00:00,54478.01171875,0.2,206.60766786450634,346.4362137594162,0.5963801117165705,3
837,2024-09-07 21:00:00,54180.98828125,0.06666666666666667,128.96257528646498,342.8836718889014,0.37611174243447343,3
839,2024-09-07 23:00:00,53955.16796875,0.9,136.95316731361652,342.5903809530219,0.3997577717524894,3
846,2024-09-08 06:00:00,54349.8515625,0.7333333333333333,209.5941822030824,338.1348268090917,0.6198538736189326,3
852,2024-09-08 12:00:00,54548.59765625,0.4,189.90401472865705,333.00242820170035,0.5702781681028216,4
855,2024-09-08 15:00:00,54150.703125,0.5,280.1402445493027,334.87404530796516,0.8365540670423507,5
865,2024-09-09 01:00:00,55049.49609375,0.5,248.80957782745577,308.9708010980778,0.8052850850086484,5
866,2024-09-09 02:00:00,55117.73828125,0.6333333333333333,180.07390018430735,309.0413513370685,0.5826854542449319,5
875,2024-09-09 11:00:00,55355.8515625,0.06666666666666667,122.42716252304308,303.9985174851167,0.40272289330831007,4
876,2024-09-09 12:00:00,55250.74609375,0.8333333333333334,158.59954435334637,303.7883299631476,0.5220725377192271,6
880,2024-09-09 16:00:00,55400.25,0.13333333333333333,163.38661804918434,323.46746384594513,0.5051098991736583,5
884,2024-09-09 20:00:00,57163.04296875,0.0,143.57763135927138,337.0790620573533,0.42594645446961027,4
887,2024-09-09 23:00:00,57237.6484375,0.4666666666666667,151.76547955817378,335.9955449371073,0.4516889638717731,4
889,2024-09-10 01:00:00,56997.46484375,0.06666666666666667,210.95630130410754,336.5746167533738,0.6267742450069742,10
893,2024-09-10 05:00:00,56618.921875,0.16666666666666666,151.19483534252396,335.69850405453883,0.45038876705259395,6
894,2024-09-10 06:00:00,56916.140625,0.6666666666666666,154.02893509850105,336.6154638843771,0.45758128079168675,4
897,2024-09-10 09:00:00,57027.00390625,0.6666666666666666,159.51661282571243,338.7585136206518,0.47088591551780795,4
898,2024-09-10 10:00:00,57163.94921875,0.16666666666666666,138.4740411872801,338.96599117339565,0.4085189806444172,4
899,2024-09-10 11:00:00,57161.16015625,0.16666666666666666,127.46455710732381,332.6021707967486,0.38323429099089285,4
903,2024-09-10 15:00:00,56912.96875,0.23333333333333334,208.70331809633282,334.3364305232323,0.6242314598194243,9
904,2024-09-10 16:00:00,56684.12109375,1.0,142.6450803171403,324.4168582956965,0.4396968797075381,4
907,2024-09-10 19:00:00,57574.66796875,0.36666666666666664,226.92817085739216,278.34650084243685,0.8152722242621222,10
913,2024-09-11 01:00:00,57655.1015625,0.1,186.0396398949344,254.3841143917339,0.7313335596437687,7
918,2024-09-11 06:00:00,56260.90234375,0.43333333333333335,239.93071883351914,268.4912404102788,0.893625871990771,8
919,2024-09-11 07:00:00,56465.76953125,0.36666666666666664,274.48579416005975,269.0921279563785,1.0200439390206004,6
925,2024-09-11 13:00:00,56749.71875,0.4666666666666667,254.9958735635023,273.0069172103377,0.9340271527517421,7
929,2024-09-11 17:00:00,57257.5859375,0.5666666666666667,188.17556557254224,304.71434710191494,0.617547441931262,10
930,2024-09-11 18:00:00,57676.71484375,0.6333333333333333,236.52160558204378,307.16838857926524,0.7700063365114442,15
934,2024-09-11 22:00:00,57337.140625,0.5666666666666667,128.38238483705695,304.478000337287,0.42164749077056707,4
940,2024-09-12 04:00:00,58251.6484375,0.26666666666666666,147.4875474912077,304.9580890730171,0.483632186768767,9
945,2024-09-12 09:00:00,58167.25,0.5666666666666667,169.01590858081067,305.62721225137756,0.5530132848307877,11
959,2024-09-12 23:00:00,58131.265625,0.3333333333333333,151.43902809742494,309.7644236111566,0.4888845088534907,10
968,2024-09-13 08:00:00,58140.328125,0.3,186.8647340720192,310.6131954642784,0.6015994709841915,15
977,2024-09-13 17:00:00,59476.13671875,0.4,275.52492294674266,334.51701135492226,0.8236499597756209,7
979,2024-09-13 19:00:00,59752.8203125,0.4666666666666667,280.38393158365,317.5214205932612,0.8830394215917055,9
982,2024-09-13 22:00:00,60305.37890625,0.1,228.13937854307989,301.65516953155736,0.7562919571289273,7
983,2024-09-13 23:00:00,60638.91015625,0.23333333333333334,240.08151286335254,297.0351229879771,0.8082596780080791,8
988,2024-09-14 04:00:00,60379.34375,0.6333333333333333,233.80655814991832,290.87764976084276,0.803796917164836,5
990,2024-09-14 06:00:00,59986.16796875,0.06666666666666667,194.72551244579944,292.08050668733665,0.6666843832007153,7
993,2024-09-14 09:00:00,59988.1015625,0.26666666666666666,190.53159889907096,290.592645731993,0.6556655913267465,5
1001,2024-09-14 17:00:00,59987.828125,0.13333333333333333,182.1989765593055,285.30623414267154,0.6386084661164264,3
1002,2024-09-14 18:00:00,59894.55078125,0.16666666666666666,187.68645141710627,285.35749405051,0.6577239264089018,4
1006,2024-09-14 22:00:00,60051.078125,0.3333333333333333,141.26115235719692,280.54016090094314,0.5035327273768667,2
1010,2024-09-15 02:00:00,60252.66796875,0.0,162.81277265002362,274.349572551884,0.5934500685953613,3
1016,2024-09-15 08:00:00,60202.33984375,0.8333333333333334,145.3320419968097,260.4222130420888,0.5580631555931117,6
1017,2024-09-15 09:00:00,60085.45703125,0.2,169.4897560259886,258.7791846743175,0.6549590000420524,5
1023,2024-09-15 15:00:00,60270.60546875,0.13333333333333333,192.63303064953035,252.91971830805292,0.7616370599262879,6
1026,2024-09-15 18:00:00,59838.109375,0.26666666666666666,182.86496292235665,238.53772068967186,0.7666081590519461,5
1027,2024-09-15 19:00:00,59989.12109375,0.5,142.494140625,222.91450548339975,0.639232248776253,2
1031,2024-09-15 23:00:00,59425.55078125,0.5666666666666667,111.56326461610705,214.73511128988088,0.5195389982847408,2
1032,2024-09-16 00:00:00,59185.2265625,0.16666666666666666,149.81792743783404,215.39744679512938,0.6955417980433636,11
1035,2024-09-16 03:00:00,58213.70703125,0.9333333333333333,141.10115528091836,225.25207744151098,0.6264144459114112,11
1037,2024-09-16 05:00:00,58333.83203125,0.8666666666666667,191.9269567734858,226.64650230122095,0.8468119067569299,10
1046,2024-09-16 14:00:00,58434.578125,0.5,168.76887747280756,227.3418865585482,0.7423571609596188,15
1052,2024-09-16 20:00:00,57978.54296875,0.5333333333333333,90.21782597463437,239.05680038744617,0.37739075327878463,8
1055,2024-09-16 23:00:00,57958.9609375,0.23333333333333334,127.38585207938429,238.52474657378946,0.5340571739795413,9
1059,2024-09-17 03:00:00,58106.16015625,0.36666666666666664,131.3826825691123,244.70920799445582,0.5368930889273644,12
1062,2024-09-17 06:00:00,58665.2890625,0.43333333333333335,191.42979316818975,248.6415498889976,0.7699026701436297,6
1063,2024-09-17 07:00:00,58495.33984375,0.36666666666666664,207.8837321545291,248.3790640598139,0.8369615729950055,12
1064,2024-09-17 08:00:00,58690.1015625,0.3,195.85308125268492,249.09130538788526,0.7862702431451883,9
1065,2024-09-17 09:00:00,58786.640625,0.3333333333333333,178.1220220565081,249.10794842925702,0.7150394966505539,9
1067,2024-09-17 11:00:00,59220.04296875,0.13333333333333333,150.486714221925,247.62036677927577,0.6077315698189968,6
1070,2024-09-17 14:00:00,58949.078125,0.8,262.8175337369661,252.61621153894956,1.0403826901522655,14
1074,2024-09-17 18:00:00,60930.546875,0.3333333333333333,278.6740565860608,291.9521377548694,0.9545196645213222,12
1076,2024-09-17 20:00:00,60024.77734375,0.26666666666666666,137.9567575115047,273.843698424077,0.5037791934063918,6
1080,2024-09-18 00:00:00,60309.0,0.23333333333333334,191.01676110986267,272.9249442812318,0.6998875152761121,13
1081,2024-09-18 01:00:00,60265.2265625,0.2,184.96688416445832,270.610722364845,0.6835164643442352,11
1085,2024-09-18 05:00:00,60385.8203125,0.6333333333333333,157.88649820652165,270.64714961615164,0.5833665657681818,11
1086,2024-09-18 06:00:00,60249.609375,0.3333333333333333,180.59786794973382,270.6993585914504,0.6671529215638036,13
1089,2024-09-18 09:00:00,60192.33203125,0.3,164.0469657950907,270.95785941455887,0.6054335022779423,12
1090,2024-09-18 10:00:00,59698.94140625,0.9,153.07211286711595,275.32562957599447,0.5559675396106395,8
1092,2024-09-18 12:00:00,59880.828125,0.5666666666666667,181.76916665720688,275.4037122522839,0.6600098639581772,11
1097,2024-09-18 17:00:00,59944.921875,0.06666666666666667,116.2220094898466,283.7398680591727,0.40960761096008197,7
1098,2024-09-18 18:00:00,60003.48046875,0.3,210.12641538412714,283.38171168098376,0.7414960342277713,12
1101,2024-09-18 21:00:00,60236.59765625,0.03333333333333333,95.64576469669856,296.9935195794295,0.32204663870155104,6
1106,2024-09-19 02:00:00,62007.73046875,0.4,385.16213177900954,320.36110939620875,1.202274934385552,9
1112,2024-09-19 08:00:00,62094.35546875,0.06666666666666667,224.21838963657888,320.53275402030965,0.6995178708706066,8
1124,2024-09-19 20:00:00,63283.08984375,0.9333333333333333,215.26302349874416,327.18312848081416,0.6579282510631261,3
1135,2024-09-20 07:00:00,63792.81640625,0.16666666666666666,318.832180206984,319.32182050085646,0.998466624381934,5
1138,2024-09-20 10:00:00,63470.48046875,0.6666666666666666,192.86705741644954,319.63282605962183,0.6034019089781273,2
1139,2024-09-20 11:00:00,63647.5390625,0.6666666666666666,266.6793956953427,319.48150552310926,0.8347256134864207,3
1143,2024-09-20 15:00:00,63057.3359375,0.26666666666666666,289.2836017012897,324.95085824381783,0.8902379986460408,9
1152,2024-09-21 00:00:00,63184.33984375,0.1,231.95514100937106,309.0885089286556,0.7504489306747777,5
1156,2024-09-21 04:00:00,62890.34765625,0.23333333333333334,158.22754023193062,304.13139209080924,0.5202604675044074,6
1157,2024-09-21 05:00:00,62864.5625,0.03333333333333333,97.2089966498814,303.77525102729544,0.3200030164443738,6
1158,2024-09-21 06:00:00,62912.12890625,0.13333333333333333,144.14217950950564,303.16335072036213,0.47546043796851417,6
1159,2024-09-21 07:00:00,63004.58203125,0.43333333333333335,223.50561820584744,303.03791089917024,0.7375500231725608,7
1161,2024-09-21 09:00:00,63039.9609375,0.6333333333333333,248.54318500937765,300.56763420801155,0.826912670302253,3
1163,2024-09-21 11:00:00,62978.30859375,0.23333333333333334,173.52041172999392,300.06273654275196,0.5782804413812019,6
1166,2024-09-21 14:00:00,63188.04296875,0.26666666666666666,368.8659230690636,299.07001411233585,1.2333764859840186,11
1168,2024-09-21 16:00:00,63204.09765625,0.5333333333333333,230.08531753253706,297.6351215438707,0.7730449160000193,5
1170,2024-09-21 18:00:00,63287.47265625,0.43333333333333335,169.8813118026098,264.0112518652656,0.6434623926153962,4
1173,2024-09-21 21:00:00,63162.9921875,0.16666666666666666,146.73603560001524,248.6276320260314,0.5901839405551348,4
1181,2024-09-22 05:00:00,63117.28515625,0.13333333333333333,141.09632301841512,240.32580224324528,0.5871043462724188,6
1183,2024-09-22 07:00:00,62892.68359375,0.26666666666666666,195.69064316990034,239.89223448377754,0.8157439676653381,8
1184,2024-09-22 08:00:00,62956.15625,0.36666666666666664,273.61696681621765,239.34338863340437,1.1431983493611733,10
1185,2024-09-22 09:00:00,63030.98046875,0.5,192.15895816535905,238.828743233434,0.8045889098764827,6
1187,2024-09-22 11:00:00,62676.3671875,0.8666666666666667,105.35723992569633,240.39757373247903,0.4382624927942939,6
1189,2024-09-22 13:00:00,62795.57421875,0.23333333333333334,301.8093449217598,233.36087270229336,1.293315976353879,17
1193,2024-09-22 17:00:00,62817.5390625,0.0,127.41576765542881,225.89360613136222,0.5640521209853707,5
1194,2024-09-22 18:00:00,63101.6640625,0.0,96.84396904827767,227.26397110885873,0.42612988136993224,6
1205,2024-09-23 05:00:00,63931.734375,0.26666666666666666,187.12199609418377,214.76327809810763,0.8712941884259336,6
1207,2024-09-23 07:00:00,63657.8984375,0.2,262.6180365942446,214.91610017250306,1.221956086042197,11
1209,2024-09-23 09:00:00,63498.6953125,0.06666666666666667,227.02325245452872,215.1215224915533,1.0553256123568144,9
1212,2024-09-23 12:00:00,63407.48828125,0.13333333333333333,191.62364642258046,215.4614826386482,0.8893638161023596,6
1213,2024-09-23 13:00:00,63330.55078125,0.2,245.82201670329994,213.37235716405655,1.1520799599841964,10
1219,2024-09-23 19:00:00,63466.71875,0.8666666666666667,98.42058669433594,215.26473568203735,0.4572071983016798,6
1220,2024-09-23 20:00:00,63281.14453125,0.9666666666666667,105.53013149215086,212.9732122544487,0.49550894394206374,5
1221,2024-09-23 21:00:00,63348.65625,0.26666666666666666,99.65920046191371,211.81727328521526,0.47049609749116655,6
1228,2024-09-24 04:00:00,63114.89453125,0.16666666666666666,90.81560690738651,210.48439628711532,0.43146004411418565,4
1229,2024-09-24 05:00:00,63050.5546875,0.26666666666666666,134.98544965037144,209.58166902917944,0.6440708783151154,4
1233,2024-09-24 09:00:00,63914.6328125,0.0,111.24999916669104,207.32335759200478,0.536601376993044,6
1237,2024-09-24 13:00:00,63438.6484375,0.1,274.78626275943515,207.9125551082978,1.3216434313757728,11
1242,2024-09-24 18:00:00,63813.24609375,0.03333333333333333,132.84272313797172,209.21907782702374,0.6349455533295211,7
1246,2024-09-24 22:00:00,64036.76171875,0.06666666666666667,101.79714708050814,212.28605075829898,0.4795281965860799,5
1250,2024-09-25 02:00:00,64440.62890625,0.0,75.66151250563192,223.0069965162446,0.33927864904507815,4
1252,2024-09-25 04:00:00,64448.8203125,0.4666666666666667,88.68216256707876,223.0051837001376,0.39766861512208,4
1258,2024-09-25 10:00:00,63618.84375,0.2,131.34709424968833,225.54886825786315,0.5823442842529505,4
1260,2024-09-25 12:00:00,63834.78125,0.13333333333333333,194.7336669515477,226.36042771806285,0.8602814056973465,7
1261,2024-09-25 13:00:00,63665.234375,0.03333333333333333,181.29660615245396,226.91272343951022,0.7989706500560491,8
1267,2024-09-25 19:00:00,63316.73828125,0.0,70.45278081580533,232.07331970957352,0.3035798380614064,2
1270,2024-09-25 22:00:00,63456.046875,0.43333333333333335,106.22464253210907,233.72336620974534,0.4544887584614975,2
1277,2024-09-26 05:00:00,63410.4375,0.06666666666666667,112.4076490389453,235.12602175025867,0.47807404813041127,5
1281,2024-09-26 09:00:00,63725.16796875,0.5,140.16208887687347,235.21627003495186,0.5958860280202817,5
1283,2024-09-26 11:00:00,64344.87890625,0.4,174.79897934503873,241.59291782549334,0.7235269184144669,7
1290,2024-09-26 18:00:00,65185.9375,0.4,133.5456271239376,252.15848030620631,0.5296098983534788,6
1293,2024-09-26 21:00:00,64721.734375,0.43333333333333335,228.38534681797677,255.3381188866118,0.8944428188546185,9
1297,2024-09-27 01:00:00,65266.2734375,0.1,235.85022025654382,254.14862618304227,0.9280011613624871,9
1300,2024-09-27 04:00:00,65373.5390625,0.0,109.7685198345075,232.9074519587378,0.4712967271393027,4
1303,2024-09-27 07:00:00,65341.3984375,0.4,173.89431120893113,229.1079428662738,0.7590060345940521,10
1305,2024-09-27 09:00:00,65749.8125,0.06666666666666667,157.1931487292597,225.72292391113118,0.6963986909506268,8
1306,2024-09-27 10:00:00,65779.171875,0.2,223.63016466337154,225.47285058092592,0.9918274598790642,7
1309,2024-09-27 13:00:00,65752.9609375,0.1,476.06284180367913,228.4893945322581,2.0835227069432696,15
1317,2024-09-27 21:00:00,65834.0234375,0.43333333333333335,248.53588059505475,239.5218577120298,1.0376334041875304,6
1322,2024-09-28 02:00:00,65970.2578125,0.4666666666666667,149.3547944063246,238.39336981517053,0.6265056554304397,7
1331,2024-09-28 11:00:00,65769.609375,0.0,154.4757293005129,236.6979062496657,0.6526282033841653,6
1334,2024-09-28 14:00:00,65544.6796875,0.03333333333333333,232.58980671768106,232.030687681169,1.0024096771082294,9
1338,2024-09-28 18:00:00,65636.625,0.1,177.6540894766052,227.75650919606488,0.7800176166366826,6
1342,2024-09-28 22:00:00,65663.890625,0.0,107.70587221384838,222.61517428470358,0.4838208920839459,3
1347,2024-09-29 03:00:00,65833.203125,0.06666666666666667,95.24512967549357,207.13348179680906,0.4598248861037629,4
1348,2024-09-29 04:00:00,65820.53125,0.06666666666666667,98.49408320746929,206.4023754923807,0.4771945234278816,4
1351,2024-09-29 07:00:00,65504.07421875,0.13333333333333333,109.17636375793565,205.5499848502037,0.5311426504725789,4
1361,2024-09-29 17:00:00,65775.7109375,0.0,128.59506441212818,198.62705627430705,0.6474196759707117,3
1368,2024-09-30 00:00:00,65634.65625,0.0,109.41488471349253,191.80679371983084,0.5704432183633346,4
1370,2024-09-30 02:00:00,64757.0703125,0.8333333333333334,143.34923564114416,205.14119143830794,0.6987832849954639,6
1372,2024-09-30 04:00:00,64529.84765625,0.0,157.91195366147906,207.31618384772855,0.7616962203851082,4
1375,2024-09-30 07:00:00,64370.734375,0.7,237.99157758482892,206.27406532257822,1.1537639364049466,5
1376,2024-09-30 08:00:00,64581.19921875,0.13333333333333333,148.42556325182957,207.1274059134251,0.71659065393726,6
1377,2024-09-30 09:00:00,64316.453125,0.8333333333333334,104.96994619139362,208.34384595908782,0.5038303181367134,5
1379,2024-09-30 11:00:00,63642.7109375,0.2,224.10309395920882,218.30707001645695,1.0265498682306302,4
1380,2024-09-30 12:00:00,63854.0703125,0.3333333333333333,202.3055267249926,219.06320124616872,0.9235030145371383,4
1382,2024-09-30 14:00:00,63894.74609375,0.7,220.17499209422115,212.94775010845373,1.03393903895245,7
1383,2024-09-30 15:00:00,63779.2734375,0.8,201.2648016333683,213.14407412966372,0.94426646602866,3
1386,2024-09-30 18:00:00,63606.078125,0.7666666666666667,151.47621253047842,212.66053808243896,0.7122911184949503,3
1388,2024-09-30 20:00:00,63588.3828125,0.0,111.8796875,201.0743593622404,0.5564095186221432,2
1392,2024-10-01 00:00:00,63329.5,0.4,230.1040808801959,198.258554864553,1.1606262389907929,6
1395,2024-10-01 03:00:00,63391.46875,0.3,117.79546625256603,195.92240532447997,0.6012353005644108,2
1399,2024-10-01 07:00:00,64056.765625,0.2,139.67050708531488,193.59581227101063,0.721454175309294,5
1404,2024-10-01 12:00:00,63733.515625,0.8,183.65891575016693,191.5697696752787,0.9587051029057397,3
1409,2024-10-01 17:00:00,62447.99609375,0.6,111.3716296125642,204.93127093419406,0.5434584439205815,12
1413,2024-10-01 21:00:00,60704.10546875,0.4,333.09696597193556,211.4238180520542,1.5754940433907236,11
1414,2024-10-01 22:00:00,61098.421875,0.6,174.60095655080457,216.01062231562906,0.8082980118250028,13
1421,2024-10-02 05:00:00,61464.453125,0.6,213.1319080743037,227.40131985794895,0.9372500925123964,9
1432,2024-10-02 16:00:00,61830.18359375,0.4,145.33438083078698,252.84530926669296,0.574795637903225,15
1440,2024-10-03 00:00:00,60632.484375,0.5333333333333333,270.9381819967007,274.9344801419253,0.985464543613585,11
1447,2024-10-03 07:00:00,61342.7109375,0.5333333333333333,154.88305798350837,279.06392859608684,0.5550092366386912,8
1449,2024-10-03 09:00:00,60250.2265625,0.6333333333333333,265.7498971215463,288.77283692544233,0.9202731806460028,13
1454,2024-10-03 14:00:00,60429.72265625,0.2,200.3802433858566,295.3220825376102,0.6785142569226518,8
1457,2024-10-03 17:00:00,60117.07421875,0.36666666666666664,169.28442039640228,300.56054149281783,0.5632290238618947,7
1460,2024-10-03 20:00:00,60984.953125,0.4,118.16852567730383,306.9796995302398,0.38493921864583536,5
1462,2024-10-03 22:00:00,60811.4453125,0.06666666666666667,109.62229820750791,307.59837170752905,0.35638126950730115,4
1467,2024-10-04 03:00:00,61048.5859375,0.23333333333333334,93.67062975743134,317.92864996411413,0.29462783479250554,4
1471,2024-10-04 07:00:00,61129.234375,0.3,207.33010910605935,309.86192615562175,0.6691048225199894,11
1474,2024-10-04 10:00:00,61319.80859375,0.4,139.9621528355521,311.83297533029133,0.4488369220327169,8
1475,2024-10-04 11:00:00,61282.1171875,0.5,144.84840500122834,310.87931214240234,0.4659313094944016,7
1478,2024-10-04 14:00:00,61568.7734375,0.9333333333333333,209.62721981682154,307.3790501437897,0.6819827822317736,16
1479,2024-10-04 15:00:00,61168.41796875,0.6333333333333333,234.6465106048876,308.79218392636875,0.7598848766872897,12
1483,2024-10-04 19:00:00,62319.83203125,0.36666666666666664,195.98155100765948,319.59381121901373,0.6132207324670493,16
1484,2024-10-04 20:00:00,62382.94921875,0.6,106.855508316333,319.5397687318137,0.33440441150852707,12
1488,2024-10-05 00:00:00,62067.609375,0.5333333333333333,172.26880382362666,317.11825707341836,0.5432320592747942,12
1493,2024-10-05 05:00:00,61938.2421875,0.3333333333333333,125.96269221991349,316.7050834685188,0.3977286718621126,12
1495,2024-10-05 07:00:00,62221.6484375,0.3,119.77773429339803,316.12093900040054,0.37889845156143315,12
1500,2024-10-05 12:00:00,62186.4921875,0.5333333333333333,150.876785862258,314.2185143718496,0.4801651683824995,12
1501,2024-10-05 13:00:00,62300.8359375,0.5,139.55697338243206,314.4935157357701,0.44375151282827874,14
1503,2024-10-05 15:00:00,62198.05078125,0.7666666666666667,101.77702733392958,314.4190452735159,0.323698671769049,13
1506,2024-10-05 18:00:00,62017.93359375,0.6,92.40657974933708,304.0952431994708,0.30387380866961844,8
1509,2024-10-05 21:00:00,61726.97265625,1.0,67.92929031924571,302.13514978905556,0.22483080954557097,4
1510,2024-10-05 22:00:00,61852.1640625,0.6666666666666666,66.15814010349087,301.6929867187199,0.2192896189700713,4
1513,2024-10-06 01:00:00,61904.2578125,0.6,105.7013035866576,280.9540192821649,0.3762227849835483,6
1515,2024-10-06 03:00:00,61973.4140625,0.7666666666666667,74.92655936073629,279.2481912070856,0.26831528983896646,5
1517,2024-10-06 05:00:00,61869.34375,0.5333333333333333,66.15194139451847,274.91620717446176,0.24062583313808947,3
1519,2024-10-06 07:00:00,61948.13671875,0.36666666666666664,61.45405526481834,273.3519559919845,0.22481659237375407,5
1521,2024-10-06 09:00:00,61986.203125,0.6666666666666666,67.56509895343996,271.7417173385239,0.24863719717083527,5
1522,2024-10-06 10:00:00,62070.52734375,0.43333333333333335,85.7571083875698,270.7303307062166,0.31676210110580205,7
1523,2024-10-06 11:00:00,62020.79296875,0.8666666666666667,59.97746063184065,270.7751839265961,0.22150279712523366,5
1525,2024-10-06 13:00:00,62214.8203125,0.2,120.33606277878559,265.0038996765415,0.454091667804381,13
1526,2024-10-06 14:00:00,62257.68359375,0.6666666666666666,113.74496185256932,264.9863919451094,0.4292483135365344,10
1534,2024-10-06 22:00:00,62311.7734375,0.6333333333333333,103.7704035093367,238.06476032174177,0.43589149174826297,8
1540,2024-10-07 04:00:00,63508.1328125,0.5,122.75071929900446,241.99257515943728,0.5072499402848617,8
1541,2024-10-07 05:00:00,63476.23828125,0.6333333333333333,139.99207839164998,242.0606717812059,0.5783346685833632,6
1543,2024-10-07 07:00:00,63702.19140625,0.43333333333333335,199.84212897182968,242.11895657142847,0.8253881967844738,12
1545,2024-10-07 09:00:00,63565.32421875,0.6333333333333333,133.80248636077968,241.579660469297,0.5538648663585857,8
1549,2024-10-07 13:00:00,62847.35546875,0.5,169.18605899879336,229.0804352042938,0.738544340759233,16
1551,2024-10-07 15:00:00,64066.515625,0.3333333333333333,221.8554491132512,241.3722806970637,0.9191422000593877,10
1562,2024-10-08 02:00:00,62631.52734375,0.4,177.46053579503808,269.23835424129044,0.6591205636177623,19
1563,2024-10-08 03:00:00,62772.0078125,0.5333333333333333,142.64020185699607,269.04525290711945,0.5301717845445083,17
1566,2024-10-08 06:00:00,62494.875,0.6,173.8062921245707,258.2733550228423,0.672954792836446,15
1568,2024-10-08 08:00:00,62269.0703125,0.3333333333333333,203.976057646556,258.87468162749667,0.78793359151307,16
1574,2024-10-08 14:00:00,62939.5390625,0.16666666666666666,191.45774861347402,260.6013255238567,0.7346768026931891,20
1577,2024-10-08 17:00:00,62496.7265625,0.3,181.84723619438654,261.94438309964966,0.6942207885603245,9
1579,2024-10-08 19:00:00,62081.49609375,0.7,162.95072158649026,251.9588722479216,0.6467353982524203,7
1581,2024-10-08 21:00:00,62300.37890625,0.5,135.18100123622554,248.74154373009756,0.5434596859417526,10
1583,2024-10-08 23:00:00,62130.23828125,0.8666666666666667,114.94061883912357,248.67626178946747,0.4622098547405131,7
1584,2024-10-09 00:00:00,62164.6484375,0.43333333333333335,159.4699047498245,248.6063297868646,0.641455528853756,10
1594,2024-10-09 10:00:00,62206.73046875,0.8333333333333334,72.27828145421067,250.34504957916383,0.28871464235347266,4
1597,2024-10-09 13:00:00,61766.30859375,0.43333333333333335,152.06859317954525,252.61049587062675,0.601988419584222,12
1599,2024-10-09 15:00:00,61765.94140625,0.43333333333333335,154.49663645682705,252.57366153252084,0.6116894197098789,13
1603,2024-10-09 19:00:00,61145.71875,0.6,160.0381091634628,268.17913688075265,0.5967582378886715,6
1606,2024-10-09 22:00:00,60866.796875,0.5666666666666667,173.8626188971322,276.25066913175476,0.6293654217873055,6
1614,2024-10-10 06:00:00,60882.97265625,0.7333333333333333,129.63390002654444,277.6607671699232,0.4668787072363411,6
1615,2024-10-10 07:00:00,61068.51953125,0.5333333333333333,172.96088021044116,278.27226014792126,0.6215527200537355,7
1616,2024-10-10 08:00:00,60865.63671875,0.36666666666666664,144.3273820139655,278.94582296728896,0.517402915299758,4
1623,2024-10-10 15:00:00,60540.4296875,0.5333333333333333,197.40785844636156,282.62364558548177,0.6984831649079198,7
1624,2024-10-10 16:00:00,60732.06640625,0.26666666666666666,176.74627017370955,283.1200944613658,0.62428020345913,5
1632,2024-10-11 00:00:00,60275.4609375,0.4666666666666667,216.7799187267605,298.11813582340943,0.7271611239886805,5
1644,2024-10-11 12:00:00,61164.7890625,0.6,138.75562558514153,284.08233529673146,0.48843454289478305,12
1651,2024-10-11 19:00:00,62884.65625,0.26666666666666666,171.38956063789166,282.43308730385473,0.6068324440100135,14
1652,2024-10-11 20:00:00,63017.21875,0.7666666666666667,204.25374896772382,282.2196047463224,0.7237404685309533,13
1653,2024-10-11 21:00:00,63020.0234375,0.3333333333333333,167.34530718011925,282.2046836275495,0.5929926641507469,15
1659,2024-10-12 03:00:00,62516.70703125,0.5666666666666667,124.44518301781721,252.81780562267687,0.49223266815134054,12
1660,2024-10-12 04:00:00,62539.2734375,0.8666666666666667,110.80986370957632,251.1548468760054,0.4412013747211612,15
1663,2024-10-12 07:00:00,62659.984375,0.4666666666666667,148.7827133586278,250.68091525513466,0.5935143216116062,16
1667,2024-10-12 11:00:00,63016.6640625,0.16666666666666666,101.24566295528908,250.03927630227204,0.40491903693119546,13
1668,2024-10-12 12:00:00,62905.4375,0.6,139.3056467706228,250.09915228574,0.5570016751254924,14
1669,2024-10-12 13:00:00,63035.71875,0.2,140.17541227691868,249.7537531820137,0.561254477624457,17
1670,2024-10-12 14:00:00,63065.24609375,0.1,103.62769800027648,249.63725953319897,0.4151131052874547,14
1671,2024-10-12 15:00:00,63245.46484375,0.13333333333333333,163.18988503881874,249.993597236844,0.6527762584423816,14
1676,2024-10-12 20:00:00,63016.546875,0.26666666666666666,59.195589270681225,240.39032963944922,0.2462477977357328,12
1678,2024-10-12 22:00:00,63185.03515625,0.1,74.2310989668268,238.76287863737534,0.3108988272819678,9
1679,2024-10-12 23:00:00,63277.20703125,0.26666666666666666,116.39304317857493,237.98518475102298,0.48907684442770594,10
1686,2024-10-13 06:00:00,62852.16796875,0.4666666666666667,101.76923197280519,236.58211806465707,0.4301645145682228,13
1687,2024-10-13 07:00:00,62854.40625,0.4,86.85693513750789,236.39234199142325,0.36742702579028225,10
1693,2024-10-13 13:00:00,62644.80078125,0.4666666666666667,107.81254804348328,235.51609319085358,0.4577714693836907,18
1695,2024-10-13 15:00:00,62218.4921875,0.8333333333333334,167.08717868129992,238.80716675526915,0.6996740548098028,16
1698,2024-10-13 18:00:00,62483.85546875,0.43333333333333335,101.1102993810393,239.1958700037058,0.4227092189320527,9
1701,2024-10-13 21:00:00,62725.1171875,0.3333333333333333,72.90096109329708,229.504847083446,0.31764453788111463,14
1702,2024-10-13 22:00:00,62863.58203125,0.16666666666666666,67.04480253350233,222.5445532319324,0.3012646302047631,11
1703,2024-10-13 23:00:00,62788.6875,0.6666666666666666,58.48028272802519,222.16294878260956,0.2632314841357692,12
1708,2024-10-14 04:00:00,64236.484375,0.36666666666666664,418.6254747986932,269.02911890090155,1.556060089364885,15
1710,2024-10-14 06:00:00,63893.5703125,0.2,169.00597412444992,268.86678258164966,0.6285862928163172,11
1712,2024-10-14 08:00:00,64578.03515625,0.23333333333333334,223.51332037059257,273.5478593713572,0.817090365409002,10
1713,2024-10-14 09:00:00,64367.4609375,0.23333333333333334,156.15684487450972,274.6687923762248,0.5685278022434214,9
1715,2024-10-14 11:00:00,64834.921875,0.2,169.8251275753288,275.76598574529135,0.6158305822828569,10
1717,2024-10-14 13:00:00,64866.50390625,0.16666666666666666,173.99520807325248,275.5075883419115,0.6315441586215776,13
1719,2024-10-14 15:00:00,65960.3515625,0.3333333333333333,316.2942540807905,286.20213206366503,1.1051428995309913,9
1725,2024-10-14 21:00:00,65910.96875,0.4666666666666667,152.50011976138,266.1492713905643,0.5729871773257333,6
1727,2024-10-14 23:00:00,66352.1015625,0.36666666666666664,249.2639796339791,269.2240414291743,0.9258607749544308,7
1730,2024-10-15 02:00:00,65837.375,0.3,191.8371867548328,270.43301714047817,0.7093704340664208,11
1732,2024-10-15 04:00:00,65316.7578125,0.13333333333333333,154.52109901359094,274.432308867076,0.56305724224488,13
1736,2024-10-15 08:00:00,65644.203125,0.3,186.291771086673,274.848408704053,0.6777982523714204,11
1737,2024-10-15 09:00:00,65709.7109375,0.16666666666666666,192.01185952752698,274.77781355695885,0.6987895312287458,11
1738,2024-10-15 10:00:00,65611.859375,0.3333333333333333,161.48745768195016,274.963886547904,0.587304244602376,11
1739,2024-10-15 11:00:00,65658.984375,0.16666666666666666,155.90186162640097,274.4177270432735,0.568118770263761,9
1741,2024-10-15 13:00:00,65773.8671875,0.2,293.6607909503779,278.2426574471486,1.0554125440171154,18
1750,2024-10-15 22:00:00,66427.5625,0.06666666666666667,189.70322463957456,411.9399843247384,0.46051180234552974,11
1751,2024-10-15 23:00:00,66731.1484375,0.06666666666666667,213.08568421237746,412.70009986097415,0.516320893268888,10
1755,2024-10-16 03:00:00,67309.921875,0.5666666666666667,265.74859386979205,413.289185034755,0.6430088264889977,4
1760,2024-10-16 08:00:00,66959.0234375,0.26666666666666666,236.00833210592063,413.24484363123184,0.5711101680836165,13
1761,2024-10-16 09:00:00,67169.5625,0.1,177.49160282355888,413.3506403179316,0.4293971885153969,5
1763,2024-10-16 11:00:00,67702.3125,0.13333333333333333,200.3593131348699,414.3200499403231,0.48358584906457897,3
1766,2024-10-16 14:00:00,67401.390625,0.5666666666666667,354.15104675114344,418.24919571171023,0.8467465099329248,9
1767,2024-10-16 15:00:00,67633.8828125,0.5666666666666667,257.04163140762375,418.37042898924636,0.6143876660418336,7
1769,2024-10-16 17:00:00,67761.9609375,0.36666666666666664,220.64048084592991,418.2920004717153,0.527479561160887,5
1770,2024-10-16 18:00:00,67965.328125,0.6333333333333333,246.8914418773272,418.37261887869806,0.5901233272364564,4
1774,2024-10-16 22:00:00,67572.59375,0.1,147.2959361813888,418.5358042754989,0.35193150663982875,3
1775,2024-10-16 23:00:00,67764.328125,0.06666666666666667,98.52366413478953,418.77582529708263,0.23526588256353173,3
1776,2024-10-17 00:00:00,67617.078125,0.23333333333333334,231.89296920080992,419.22898342338135,0.5531415488194433,7
1777,2024-10-17 01:00:00,67686.9296875,0.4,280.5822181534932,419.1426107455887,0.6694194552407393,9
1778,2024-10-17 02:00:00,67839.0390625,0.16666666666666666,222.80193775124982,419.2529003167662,0.5314261095937846,7
1779,2024-10-17 03:00:00,67444.8359375,0.7333333333333333,236.35017638469236,421.3664139238942,0.5609136575070769,6
1782,2024-10-17 06:00:00,67335.5234375,0.36666666666666664,201.6432492988371,421.4009172804909,0.4785069064399314,9
1795,2024-10-17 19:00:00,66913.6796875,0.3333333333333333,187.93614510891888,426.31050211493204,0.44084333877904763,9
1800,2024-10-18 00:00:00,67419.109375,0.13333333333333333,161.511529660865,425.23653528508197,0.3798157407913842,10
1808,2024-10-18 08:00:00,67947.921875,0.43333333333333335,253.28413664326092,405.487607021984,0.6246408823772728,8
1812,2024-10-18 12:00:00,67666.59375,0.23333333333333334,278.6953129331396,401.8472288085641,0.6935354855113537,12
1814,2024-10-18 14:00:00,68120.2265625,0.13333333333333333,415.547812920403,402.73969866549356,1.031802462725552,12
1815,2024-10-18 15:00:00,68415.6015625,0.4,315.5497944987883,403.585640156958,0.7818657630535819,6
1816,2024-10-18 16:00:00,68779.8203125,0.5,273.7950147198616,404.866713330788,0.6762596323797136,3
1823,2024-10-18 23:00:00,68201.2890625,0.2,132.8354905981805,397.3535827194543,0.3343004728661703,5
1825,2024-10-19 01:00:00,68314.484375,0.5666666666666667,249.4135636148539,397.71947332477987,0.62710925751222,5
1827,2024-10-19 03:00:00,68430.8984375,0.8333333333333334,119.87711827812352,392.56866328302516,0.3053659894185116,2
1830,2024-10-19 06:00:00,68387.390625,0.9,126.08276614373999,392.06782616051487,0.3215840671713801,3
1832,2024-10-19 08:00:00,68338.1875,0.13333333333333333,143.57121129297153,388.99084993276523,0.36908634564999915,6
1843,2024-10-19 19:00:00,68182.1484375,0.13333333333333333,142.56273940579172,241.13168918703641,0.5912235753269716,5
1846,2024-10-19 22:00:00,68231.6171875,0.0,20.377487879061167,220.91959913937805,0.0922393846378701,2
1849,2024-10-20 01:00:00,68229.203125,0.1,178.57127201934247,216.2574427150992,0.8257346881447912,8
1859,2024-10-20 11:00:00,68369.9375,0.16666666666666666,139.9774360914862,204.88155592354718,0.6832115046203556,6
1863,2024-10-20 15:00:00,68626.375,0.5333333333333333,187.2350284716324,200.01627080370804,0.9360989869438228,4
1883,2024-10-21 11:00:00,68249.90625,0.8,111.8602879730076,201.74449103181112,0.5544651425221293,5
1886,2024-10-21 14:00:00,67344.1875,0.6333333333333333,169.91026353206956,215.61716598869,0.7880182579757219,8
1891,2024-10-21 19:00:00,67311.2578125,0.8333333333333334,85.44479301276813,209.5359193613043,0.4077811254185735,4
1893,2024-10-21 21:00:00,67697.75,0.6333333333333333,125.84797841360002,215.71926337000315,0.5833877626299173,4
1894,2024-10-21 22:00:00,67788.359375,0.13333333333333333,123.11054355984757,212.6331879949251,0.5789808482897122,4
1896,2024-10-22 00:00:00,67360.703125,0.8666666666666667,125.23273063340675,215.37630694187584,0.5814601077137218,5
1898,2024-10-22 02:00:00,67455.5234375,0.1,137.94157481093214,215.82657066514415,0.6391315693235431,6
1899,2024-10-22 03:00:00,67279.9375,0.5333333333333333,110.80132219556238,216.54127668936823,0.5116868427561206,6
1906,2024-10-22 10:00:00,66888.5,0.8,132.38324535420898,191.42022236873663,0.6915844298790776,6
1909,2024-10-22 13:00:00,66967.359375,0.6333333333333333,173.83947094214128,195.3580006911606,0.8898507884351369,10
1912,2024-10-22 16:00:00,67274.59375,0.6666666666666666,161.07567033423132,206.85566857694417,0.7786862764861382,6
1917,2024-10-22 21:00:00,67514.078125,0.0,76.95578266746375,201.99169896578198,0.3809848774057804,4
1919,2024-10-22 23:00:00,67757.40625,0.4,106.87964634911053,202.37598087478997,0.5281241671423299,3
1922,2024-10-23 02:00:00,67285.6015625,0.4,111.2917178956636,206.64930175341308,0.538553563701192,4
1923,2024-10-23 03:00:00,67042.5234375,0.9,88.33335629790385,206.67449906845047,0.4274032679215441,5
1927,2024-10-23 07:00:00,66893.5078125,0.9333333333333333,123.07971320081572,207.23785254880755,0.5939055615905334,6
1931,2024-10-23 11:00:00,66376.4453125,0.8333333333333334,183.89540962269245,210.1591160241955,0.8750294210483864,3
1932,2024-10-23 12:00:00,66344.0390625,0.7666666666666667,230.84703758703267,210.02959691322982,1.0991167005972173,4
1933,2024-10-23 13:00:00,66381.4375,0.4666666666666667,269.4589705980004,210.0867621658455,1.2826080416494097,6
1934,2024-10-23 14:00:00,66722.875,0.7666666666666667,163.66733704429015,213.04090601009594,0.7682437148316202,6
1937,2024-10-23 17:00:00,65816.734375,1.0,147.96597654934084,217.336347819546,0.6808156023317219,3
1952,2024-10-24 08:00:00,67021.0234375,0.7,286.4449000288947,239.5728035855826,1.195648653527436,7
1953,2024-10-24 09:00:00,66844.46875,0.8333333333333334,142.2958055845645,240.13491213409532,0.5925660884540778,4
1956,2024-10-24 12:00:00,67177.625,0.5666666666666667,148.06331133200305,241.29022164687603,0.6136316271808606,5
1960,2024-10-24 16:00:00,67660.9453125,0.43333333333333335,131.54779353855875,246.10962988557264,0.5345089243347414,5
1964,2024-10-24 20:00:00,68237.1171875,0.13333333333333333,143.2769249215163,250.3472358593387,0.572312789592846,5
1967,2024-10-24 23:00:00,68155.859375,0.2,106.88348160560975,251.14758883130332,0.42558036134443533,5
1969,2024-10-25 01:00:00,67952.6484375,0.43333333333333335,130.41059621938746,249.05746051935424,0.5236165017801314,6
1991,2024-10-25 23:00:00,66583.453125,0.6,171.7290737642673,254.40591869541774,0.6750199627622123,3
1993,2024-10-26 01:00:00,66665.171875,0.13333333333333333,169.80111013807675,253.94923812707358,0.6686419356497932,5
1998,2024-10-26 06:00:00,67056.7578125,0.0,201.8176636413148,248.9356627113815,0.8107221819611448,3
1999,2024-10-26 07:00:00,67084.0625,0.5,186.04831621760846,248.84218494291184,0.747655853690124,4
2000,2024-10-26 08:00:00,66940.4140625,0.2,172.1760280383898,249.0545823351694,0.6913184508554073,3
2001,2024-10-26 09:00:00,67067.5234375,0.5666666666666667,191.20017335086698,249.2369402792993,0.7671421946385825,3
2004,2024-10-26 12:00:00,67051.8984375,0.23333333333333334,190.69724408381927,244.07519363968703,0.781305306942965,3
2006,2024-10-26 14:00:00,66834.0859375,0.5666666666666667,205.4345552748858,243.1224277871924,0.8449839743074005,3
2007,2024-10-26 15:00:00,66683.1328125,0.5333333333333333,189.7374947710575,243.2848012203357,0.7798986776786684,5
2008,2024-10-26 16:00:00,66779.703125,0.13333333333333333,159.6919915510084,241.7209087935304,0.6606461656463974,3
2009,2024-10-26 17:00:00,66887.21875,0.0,99.70776752163133,241.85141500986677,0.4122686961230455,2
2010,2024-10-26 18:00:00,66970.703125,0.23333333333333334,160.12074540820842,233.00289916181427,0.6872049488835281,3
2016,2024-10-27 00:00:00,67023.4765625,0.13333333333333333,129.6960960023503,225.68356106232324,0.5746811836531341,3
2021,2024-10-27 05:00:00,67074.5,0.1,126.23810815744935,220.3068900308894,0.5730102591877603,3
2025,2024-10-27 09:00:00,67128.3671875,0.0,101.12531954372842,218.32144375506348,0.4631946262556861,2
2026,2024-10-27 10:00:00,67059.375,0.0,95.59375,217.95498615928744,0.4385940036725633,2
2029,2024-10-27 13:00:00,67304.1875,0.16666666666666666,166.74969832845989,216.21542935423602,0.7712201614218102,4
2030,2024-10-27 14:00:00,67541.5390625,0.26666666666666666,126.40604882233168,217.23533881608586,0.5818852932088946,6
2031,2024-10-27 15:00:00,67610.5859375,0.03333333333333333,162.69033805837313,217.2638265452957,0.7488146584054343,5
2037,2024-10-27 21:00:00,67695.859375,0.5,44.55859375,208.90277992068678,0.21329823263681494,2
2038,2024-10-27 22:00:00,67840.59375,0.7,117.98626189236695,206.80186000293068,0.5705280498477863,4
2039,2024-10-27 23:00:00,68041.859375,0.3333333333333333,110.07832709965872,203.34587708644278,0.5413354265002589,4
2041,2024-10-28 01:00:00,67787.1328125,0.2,139.16314573324036,201.85926472652403,0.6894067801236498,6
2045,2024-10-28 05:00:00,67668.5390625,0.7,138.1714763370825,191.3313541840335,0.722158043182934,3
2047,2024-10-28 07:00:00,67856.5234375,0.16666666666666666,125.08371193262823,189.22725105188798,0.6610237755783338,4
2050,2024-10-28 10:00:00,68478.3984375,0.03333333333333333,101.06746708729959,194.5188790590967,0.5195766476558521,5
2059,2024-10-28 19:00:00,69139.8515625,0.0,123.6977023575446,196.18537530025696,0.6305143906278858,5
2060,2024-10-28 20:00:00,69480.671875,0.4666666666666667,191.7578019404549,198.32175486819952,0.9669025068273176,7
2063,2024-10-28 23:00:00,69829.125,0.06666666666666667,121.56014582866896,193.3945643303326,0.6285603023518024,6
2065,2024-10-29 01:00:00,69918.609375,0.16666666666666666,253.6054421093318,192.6615253637609,1.3163263481408847,9
2067,2024-10-29 03:00:00,71100.5,0.26666666666666666,318.4036802998235,212.7627679739113,1.496519731022045,5
2068,2024-10-29 04:00:00,70905.1015625,0.7333333333333333,242.8958444121816,212.5712443865423,1.1426561721137438,4
2069,2024-10-29 05:00:00,71000.84375,0.6333333333333333,220.0321694397865,212.51935242973337,1.0353512135443623,4
2073,2024-10-29 09:00:00,71092.15625,0.6333333333333333,229.21891552650735,214.1518578667872,1.070356885108569,6
2074,2024-10-29 10:00:00,71199.1328125,0.8666666666666667,198.94239804629552,213.62135250833816,0.9312851721530521,3
2075,2024-10-29 11:00:00,71126.015625,0.8333333333333334,209.47799093521056,213.29583263695804,0.982100720606925,3
2076,2024-10-29 12:00:00,71412.3203125,0.0,186.61997115210502,214.4614374227416,0.8701796154813786,3
2078,2024-10-29 14:00:00,71699.09375,0.1,299.3636338087717,225.05788574269235,1.3301628282024864,6
2080,2024-10-29 16:00:00,72382.2578125,0.0,232.140625,229.0825120045996,1.0133493952403447,2
2083,2024-10-29 19:00:00,73132.0234375,0.0,217.2856906861405,219.5836634847812,0.9895348644695512,2
2084,2024-10-29 20:00:00,72787.375,0.6666666666666666,224.2191408968718,223.1439076915606,1.0048185640219112,2
2088,2024-10-30 00:00:00,72729.890625,0.2,251.82136891975242,211.18010715597995,1.1924483433174622,3
2093,2024-10-30 05:00:00,72247.8515625,1.0,0.0,208.56545724210164,0.0,1
2101,2024-10-30 13:00:00,71940.8125,0.4,327.3156501397219,217.57244496642372,1.5043984553753305,12
2102,2024-10-30 14:00:00,71981.515625,0.06666666666666667,316.65356722494806,217.44763638659583,1.4562290604160717,12
2107,2024-10-30 19:00:00,71966.2265625,0.2,177.79919709809954,225.45054091944422,0.7886394788541625,6
2109,2024-10-30 21:00:00,72756.9453125,0.0,199.7734375,239.36184239995035,0.834608538675091,2
2112,2024-10-31 00:00:00,72335.046875,0.7,249.68142388972615,243.52314523187982,1.0252882683984,5
2113,2024-10-31 01:00:00,72118.921875,0.23333333333333334,189.8235090427422,244.79094101139236,0.7754515271621427,8
2114,2024-10-31 02:00:00,72360.3671875,0.13333333333333333,188.81157209076108,245.28484152935698,0.7697645354418002,8
2118,2024-10-31 06:00:00,72273.53125,0.13333333333333333,165.98996371200926,246.75475793623988,0.6726920489812812,6
2120,2024-10-31 08:00:00,72414.609375,0.16666666666666666,230.30119385775416,246.5657992559246,0.9340354361908544,10
2121,2024-10-31 09:00:00,72257.546875,0.06666666666666667,169.88856941715926,247.44033591456062,0.6865839750388173,7
2129,2024-10-31 17:00:00,70348.375,0.43333333333333335,157.17369081369165,276.6043954138336,0.5682255720432093,7
2132,2024-10-31 20:00:00,70151.484375,1.0,154.9635194369827,282.32800145483037,0.5488776127003304,8
2133,2024-10-31 21:00:00,69897.8515625,0.8333333333333334,145.46510094237948,283.52505043552554,0.5130590779154405,6
2136,2024-11-01 00:00:00,70216.8984375,0.9,146.45861946470873,286.166781419208,0.5117946210890226,6
2138,2024-11-01 02:00:00,69303.7890625,0.7666666666666667,227.66982661916242,297.5449281250516,0.7651611743268492,6
2143,2024-11-01 07:00:00,69189.0,0.9,216.8537712160359,300.2961665797557,0.7221329985191192,7
2147,2024-11-01 11:00:00,69903.65625,0.4,115.88377125587492,299.7347477230347,0.38662107792372324,5
2156,2024-11-01 20:00:00,69188.1953125,0.7,206.38421892396477,362.1137519219072,0.569943057474584,7
2159,2024-11-01 23:00:00,69395.8359375,0.5,214.825340581379,359.5097745686272,0.5975507643405417,7
2163,2024-11-02 03:00:00,69641.3359375,0.7666666666666667,136.53260984825135,359.1213748143271,0.38018513912974805,5
2165,2024-11-02 05:00:00,69539.8515625,0.26666666666666666,173.13868228080673,358.0215648895709,0.483598473556223,5
2166,2024-11-02 06:00:00,69644.9140625,0.7666666666666667,170.66294616160573,346.357473768912,0.49273643298215997,7
2167,2024-11-02 07:00:00,69702.953125,0.7666666666666667,154.0863904411989,345.9488223406095,0.4454022690370388,7
2168,2024-11-02 08:00:00,69779.2109375,0.5666666666666667,121.74219372812992,345.89292788886326,0.3519649692498083,5
2170,2024-11-02 10:00:00,69497.484375,0.36666666666666664,162.46681736774886,345.4943997873485,0.47024443078598965,4
2176,2024-11-02 16:00:00,69399.3359375,0.23333333333333334,170.40489201794173,342.087207468083,0.49813289797994165,4
2184,2024-11-03 00:00:00,69280.5234375,0.26666666666666666,171.37127019742164,323.8178798941942,0.5292211481756853,7
2185,2024-11-03 01:00:00,69171.5703125,0.8,180.53130837999484,323.9051838257321,0.5573585030276161,7
2190,2024-11-03 06:00:00,68458.5546875,0.7333333333333333,89.67235545778252,329.12146474341944,0.27245976049508164,9
2194,2024-11-03 10:00:00,68208.40625,0.8666666666666667,110.2059594732425,329.55930369615055,0.33440403058640694,12
2198,2024-11-03 14:00:00,68103.7890625,0.8666666666666667,193.9602502123785,330.6995402622686,0.5865150282898912,14
2201,2024-11-03 17:00:00,68160.40625,0.9333333333333333,75.90732352589866,332.76798266897464,0.22810885505595194,11
2212,2024-11-04 04:00:00,69021.03125,0.6333333333333333,110.98333549035489,329.37676628563077,0.33694949629237586,5
2218,2024-11-04 10:00:00,68552.8984375,0.5666666666666667,116.45275830476811,333.49595321526,0.34918792021923556,14
2222,2024-11-04 14:00:00,68668.5,0.9333333333333333,161.95901837444094,332.52360548659817,0.48706021377772063,12
2230,2024-11-04 22:00:00,67011.6953125,0.5333333333333333,209.29594708916312,338.58337740555623,0.618151867622455,12
2231,2024-11-04 23:00:00,68049.7734375,0.6666666666666666,229.56783448873995,353.02872934789195,0.6502808848242843,16
2232,2024-11-05 00:00:00,67779.8828125,0.7333333333333333,238.67467937182232,353.1405631873047,0.6758631101951038,18
2236,2024-11-05 04:00:00,68123.34375,0.5,96.19678312700677,351.7359221684181,0.27349149479519425,9
2242,2024-11-05 10:00:00,68790.296875,0.3333333333333333,108.45838260195698,342.8119856807866,0.31637861898722897,7
2250,2024-11-05 18:00:00,70016.5234375,0.23333333333333334,183.11396763257602,358.0846391538115,0.5113706303216244,11
2253,2024-11-05 21:00:00,69473.1640625,0.5666666666666667,309.5361637645267,343.58767626790086,0.9008942553666458,15
2262,2024-11-06 06:00:00,74801.640625,0.23333333333333334,499.28483428561384,445.70628659234814,1.1202104374674655,13
2263,2024-11-06 07:00:00,74418.6640625,0.8666666666666667,449.23436094772586,447.6572876133084,1.0035229479739414,8
2264,2024-11-06 08:00:00,73337.4921875,0.3333333333333333,299.0192168487058,461.6556613869294,0.6477104947665476,5
2268,2024-11-06 12:00:00,74315.265625,0.06666666666666667,290.8379226848877,464.1209218716116,0.6266425601157048,8
2269,2024-11-06 13:00:00,74225.6796875,0.36666666666666664,487.4846782913356,463.9378299492786,1.05075431840648,13
2270,2024-11-06 14:00:00,74005.40625,0.36666666666666664,287.0832654918781,464.693139031503,0.6177910568901596,8
2276,2024-11-06 20:00:00,75856.9375,0.23333333333333334,543.8422454768399,482.924758427057,1.1261428120773895,7
2284,2024-11-07 04:00:00,75094.0546875,0.4,200.28879229505182,487.8598660468877,0.410545745273095,6
2289,2024-11-07 09:00:00,75120.1484375,0.2,225.2031730765589,479.9557999428294,0.4692164843166481,5
2290,2024-11-07 10:00:00,74976.78125,0.06666666666666667,178.6866661045381,480.40743887561325,0.37194816658699476,3
2291,2024-11-07 11:00:00,74993.046875,0.26666666666666666,230.20647526823683,479.8319573251358,0.4797647838037768,3
2292,2024-11-07 12:00:00,74764.4921875,0.06666666666666667,209.96251468012278,480.7066021700232,0.4367789286277791,3
2294,2024-11-07 14:00:00,74687.21875,0.7333333333333333,272.17921455569405,480.9630348965373,0.565904642992458,3
2298,2024-11-07 18:00:00,76416.4140625,0.7333333333333333,341.92725104479894,489.3458421779019,0.6987435502118584,7
2304,2024-11-08 00:00:00,75902.8359375,0.1,218.4136946424799,488.1870786203723,0.4473975330517185,3
2305,2024-11-08 01:00:00,76078.265625,0.5666666666666667,329.12353730418187,488.06857607925116,0.6743387168010172,5
2309,2024-11-08 05:00:00,75899.484375,0.13333333333333333,215.50265179836862,487.1784688206811,0.4423484730760753,3
2313,2024-11-08 09:00:00,75888.546875,0.7333333333333333,250.14350899262973,487.214445701128,0.5134156246797232,3
2325,2024-11-08 21:00:00,76637.359375,0.9,242.52807021313757,482.9178121124425,0.50221396711842,3
2327,2024-11-08 23:00:00,76384.375,0.8,286.47781089084805,482.98296915803667,0.5931426762112387,3
2332,2024-11-09 04:00:00,76361.0234375,0.1,147.375,467.61595561897144,0.31516247088900856,2
2333,2024-11-09 05:00:00,76408.5234375,0.1,147.8390625,467.5282728356978,0.316214165195427,2
2334,2024-11-09 06:00:00,76588.71875,0.6333333333333333,238.60549926559776,466.9707765108604,0.5109645212671001,2
2338,2024-11-09 10:00:00,76594.6875,0.03333333333333333,91.29957928095772,465.64716473599844,0.19607029999360262,2
2341,2024-11-09 13:00:00,76343.703125,0.16666666666666666,210.05434932401522,466.05849923848797,0.45070382723892305,3
2350,2024-11-09 22:00:00,76470.546875,0.9666666666666667,154.83730642377918,447.34107851665016,0.34612807510816623,3
2360,2024-11-10 08:00:00,78880.921875,0.16666666666666666,391.8138477883324,364.56006198319096,1.074758012868667,3
2363,2024-11-10 11:00:00,79570.1875,0.4,296.39247171437063,344.38701906593775,0.8606377572484,3
2369,2024-11-10 17:00:00,79785.5390625,0.0,292.3076313686264,344.7628669360678,0.8478512606835684,2
2370,2024-11-10 18:00:00,80568.3046875,0.0,308.6572610317108,348.65532226658,0.8852790745460443,3
2374,2024-11-10 22:00:00,79865.46875,0.0,256.16562500000003,360.56721558373346,0.7104517935311605,2
2378,2024-11-11 02:00:00,81242.6171875,0.0,320.35682108002635,367.1582836664908,0.8725305551624796,3
2379,2024-11-11 03:00:00,81449.6796875,0.0,303.3144524109504,367.28418175779166,0.8258304263453781,3
2384,2024-11-11 08:00:00,81235.9765625,0.06666666666666667,251.93013603884893,378.2170443283632,0.6660993728778822,3
2386,2024-11-11 10:00:00,81773.9921875,0.6666666666666666,333.85672740827596,379.8723810205923,0.8788654929619063,3
2389,2024-11-11 13:00:00,82289.1640625,0.6333333333333333,360.4800208813855,379.25639261552067,0.9504916143808546,3
2399,2024-11-11 23:00:00,87984.640625,0.23333333333333334,886.6502129518514,425.0983768657558,2.0857529955515486,6
2401,2024-11-12 01:00:00,88850.484375,0.36666666666666664,1066.5578668961393,422.49621915946346,2.524419908462155,8
2410,2024-11-12 10:00:00,87860.546875,0.4666666666666667,639.6031060850147,477.10368493520104,1.3405956111445332,5
2415,2024-11-12 15:00:00,87062.65625,0.0,503.97147763456314,494.06128365900486,1.0200586330144383,3
2420,2024-11-12 20:00:00,88885.8984375,0.7333333333333333,517.4980715072007,524.058428343075,0.9874816309001723,3
2431,2024-11-13 07:00:00,86585.6328125,0.23333333333333334,503.58380454000604,565.4372382129982,0.8906095504631547,4
2434,2024-11-13 10:00:00,87521.8203125,0.6,667.8929136391217,570.810168531339,1.170078864147727,3
2438,2024-11-13 14:00:00,89200.828125,0.43333333333333335,557.9577496820257,584.0440825913968,0.9553349932189599,3
2439,2024-11-13 15:00:00,91753.9375,0.26666666666666666,748.3072204251912,632.22429835145,1.183610345847877,6
2444,2024-11-13 20:00:00,90493.640625,0.23333333333333334,758.508152376366,688.1611689671136,1.1022245755523212,3
2448,2024-11-14 00:00:00,90574.8828125,0.0,518.3677258276093,712.0311945777006,0.7280126626124135,2
2456,2024-11-14 08:00:00,90853.984375,0.06666666666666667,799.9200230045923,708.5171512059339,1.1290058704197714,4
2460,2024-11-14 12:00:00,91576.546875,0.06666666666666667,746.7663615999816,708.9858597906008,1.0532880893005951,3
2461,2024-11-14 13:00:00,91312.671875,0.7333333333333333,538.7684231057849,709.7647192796104,0.7590803099548517,2
2467,2024-11-14 19:00:00,89114.8046875,0.8333333333333334,348.36949163519176,743.6501569925713,0.46845884231914686,2
2468,2024-11-14 20:00:00,89422.859375,0.8333333333333334,353.52292955208594,743.9441641755708,0.4752008908408542,2
2470,2024-11-14 22:00:00,88215.53125,0.06666666666666667,207.33267546440004,762.209864250995,0.27201520891905645,5
2480,2024-11-15 08:00:00,87681.1484375,0.4,475.4133296356903,754.409835677236,0.6301791243335398,9
2486,2024-11-15 14:00:00,90237.765625,0.6,710.9516467399725,755.3782138351085,0.9411863272180182,6
2488,2024-11-15 16:00:00,88353.375,0.5,342.1374205677419,769.9810458044989,0.4443452503564768,6
2489,2024-11-15 17:00:00,89286.0703125,0.03333333333333333,295.5345791244954,773.5728549905899,0.3820384560004893,5
2493,2024-11-15 21:00:00,91332.09375,0.0,325.23984375,766.566110887448,0.4242815317957015,2
2497,2024-11-16 01:00:00,91012.6328125,0.8666666666666667,368.3005860232089,753.118711994579,0.48903390681635317,2
2512,2024-11-16 16:00:00,90437.71875,0.7333333333333333,126.25715370019093,712.0795920211856,0.1773076424530287,3
2515,2024-11-16 19:00:00,91335.2265625,0.0,166.3352435761809,708.9664413083483,0.23461652609285816,4
2516,2024-11-16 20:00:00,91107.1796875,0.0,137.60920433979743,708.0767605016617,0.19434221261873272,3
2526,2024-11-17 06:00:00,90511.59375,0.7666666666666667,179.3713865955873,659.1867444878072,0.2721101237176123,4
2528,2024-11-17 08:00:00,90497.28125,0.23333333333333334,262.96474218893746,655.1531720560489,0.4013790261652593,6
2532,2024-11-17 12:00:00,90741.2734375,0.26666666666666666,761.7269868965261,650.7674945786705,1.1705055849319805,10
2534,2024-11-17 14:00:00,90489.609375,0.3333333333333333,684.1266406626844,653.8706554121754,1.0462721258402958,8
2539,2024-11-17 19:00:00,89969.6640625,0.0,242.7697075930567,580.4112685869421,0.4182718715715135,3
2547,2024-11-18 03:00:00,90526.90625,0.16666666666666666,249.02262166601113,505.88539317943696,0.49225106125506,3
2552,2024-11-18 08:00:00,91782.03125,0.0,612.4765294367234,515.492856807861,1.188137762430743,8
2555,2024-11-18 11:00:00,91785.296875,0.3333333333333333,303.7418608351734,489.18274352741264,0.6209169576280289,6
2559,2024-11-18 15:00:00,90159.453125,0.1,537.5977828278435,524.0417450133301,1.0258682403520516,6
2562,2024-11-18 18:00:00,91569.4296875,0.03333333333333333,272.0051117446623,552.9924266307879,0.4918785477803113,4
2563,2024-11-18 19:00:00,90389.84375,0.06666666666666667,353.6738838520281,556.2366103072426,0.6358335235371742,3
2564,2024-11-18 20:00:00,90696.5390625,0.2,387.73765008299574,549.3157355435274,0.7058557128339749,4
2565,2024-11-18 21:00:00,91381.1875,0.0,232.98691389352143,553.2335277849556,0.421136648797042,2
2573,2024-11-19 05:00:00,91507.8359375,0.0,229.2316829859957,528.7446432159874,0.43353949004899256,2
2574,2024-11-19 06:00:00,91830.3671875,0.3,441.78296439288704,528.9595433976541,0.8351923505438476,5
2578,2024-11-19 10:00:00,91771.5703125,0.8,265.91595310384423,521.0338880397453,0.5103621073559801,4
2580,2024-11-19 12:00:00,91723.125,0.1,571.6780290108165,516.4076541724027,1.1070285740186994,6
2589,2024-11-19 21:00:00,92515.09375,0.0,213.08589194100242,518.2938778586027,0.4111294789384624,2
2591,2024-11-19 23:00:00,91893.4296875,0.0,313.47295778258007,509.8688981626926,0.6148109031795755,2
2597,2024-11-20 05:00:00,92236.8984375,0.03333333333333333,248.48701633223976,500.2991442813205,0.4966768765698995,4
2601,2024-11-20 09:00:00,93264.21875,0.16666666666666666,351.7723277270944,504.1268283476926,0.6977853745257921,4
2603,2024-11-20 11:00:00,93364.3125,0.06666666666666667,254.0752279253381,504.596718269276,0.5035213641436168,3
2605,2024-11-20 13:00:00,93723.1328125,0.0,773.0738176381557,504.55250194307484,1.5321969758567884,7
2607,2024-11-20 15:00:00,94693.9453125,0.4666666666666667,963.5343714372267,509.2357461785437,1.8921184906359674,11
2608,2024-11-20 16:00:00,94834.2734375,0.5,326.2762249789348,508.43149480914144,0.6417309476499182,6
2614,2024-11-20 22:00:00,94471.40625,0.0,203.12958742749842,510.6120263672541,0.39781590902326086,2
2627,2024-11-21 11:00:00,97689.921875,0.03333333333333333,389.2267175076745,548.5376256405524,0.7095715942058791,5
2631,2024-11-21 15:00:00,97053.7578125,0.26666666666666666,838.6257761446876,549.2779178438849,1.5267786104283931,8
2632,2024-11-21 16:00:00,96864.7734375,0.5666666666666667,321.32993146601984,549.2680414695224,0.585014796430405,5
2642,2024-11-22 02:00:00,98129.5078125,0.6666666666666666,257.3590093349607,546.5474217089522,0.4708813894506115,4
2643,2024-11-22 03:00:00,98637.484375,0.0,247.1790340445885,547.510360601305,0.45146001214136533,4
2644,2024-11-22 04:00:00,98914.40625,0.0,187.3951394795975,547.8247539714046,0.3420713250379686,4
2649,2024-11-22 09:00:00,98944.6328125,0.8333333333333334,230.3522336877622,541.9820403741267,0.42501820453082095,4
2651,2024-11-22 11:00:00,98477.90625,0.7333333333333333,369.7495209422636,534.3929015476315,0.6919057492557413,6
2652,2024-11-22 12:00:00,98934.25,0.7,456.20892215551515,535.7746546454422,0.8514940342921204,5
2653,2024-11-22 13:00:00,98713.9453125,0.8333333333333334,544.1760299097346,536.4034528566693,1.0144901696878936,8
2674,2024-11-23 10:00:00,98534.328125,0.8333333333333334,255.66339190252967,441.7951391469401,0.5786921793575837,4
2676,2024-11-23 12:00:00,98531.6484375,0.8333333333333334,370.5642195779761,440.0896202935635,0.8420199034251019,6
2678,2024-11-23 14:00:00,98709.140625,0.43333333333333335,488.69170801614536,440.0227664126518,1.1106055079837664,7
2681,2024-11-23 17:00:00,97816.078125,0.0,321.1901537496482,426.3291357334412,0.7533854171075695,2
2691,2024-11-24 03:00:00,98508.21875,0.0,308.8194193213892,396.4437251851492,0.7789741638038608,2
2695,2024-11-24 07:00:00,98458.390625,0.0,194.45625000000004,395.3933104851547,0.4918046027673021,2
2704,2024-11-24 16:00:00,96028.0625,0.7333333333333333,346.5736969827935,416.6381223797034,0.8318338586091825,4
2706,2024-11-24 18:00:00,95898.3125,0.5333333333333333,242.99260751483297,415.01129212680166,0.5855084238059468,3
2708,2024-11-24 20:00:00,96392.078125,0.8666666666666667,195.82803046205734,414.4964521654332,0.47244802564413446,3
2712,2024-11-25 00:00:00,97939.4765625,0.43333333333333335,310.57695291272915,423.3181325035635,0.7336726897946303,2
2729,2024-11-25 17:00:00,95982.4140625,0.4666666666666667,296.5182493161777,399.6978192789925,0.7418560597880205,5
2734,2024-11-25 22:00:00,93734.875,1.0,450.8671875,408.78886749917854,1.1029341142733198,2
2738,2024-11-26 02:00:00,94837.5703125,0.9333333333333333,267.7240141245954,446.1157483401075,0.600122311576612,3
2739,2024-11-26 03:00:00,94596.953125,0.7,415.6431956697563,446.4398224239161,0.9310172945886603,2
2741,2024-11-26 05:00:00,94320.0546875,0.4,418.0360432277341,444.96845908514933,0.9394734271440542,2
2742,2024-11-26 06:00:00,94664.5625,0.7666666666666667,377.39596526754195,443.23752917486985,0.8514530932660453,2
2745,2024-11-26 09:00:00,93018.1171875,0.43333333333333335,477.5676296290189,453.7797697220249,1.052421596320977,3
2749,2024-11-26 13:00:00,92183.9296875,0.4,541.733876923822,469.6359605122985,1.1535187304074332,5
2750,2024-11-26 14:00:00,92221.9921875,0.7333333333333333,535.0703309173936,469.1059137877985,1.140617321570229,3
2756,2024-11-26 20:00:00,91660.5625,0.8666666666666667,300.64568250792837,482.29846645387727,0.6233602290267275,5
2763,2024-11-27 03:00:00,92922.4296875,0.0,313.55513919395645,491.59750407099415,0.6378289893609271,2
2770,2024-11-27 10:00:00,93400.0078125,0.06666666666666667,358.0233275753239,496.71650133838,0.7207800155836304,3
2772,2024-11-27 12:00:00,93359.9453125,0.7666666666666667,515.950259010186,501.34104698722194,1.0291402671110956,3
2774,2024-11-27 14:00:00,94129.953125,0.7333333333333333,360.29423878630666,506.69685015743056,0.7110646902074946,5
2778,2024-11-27 18:00:00,96315.765625,0.5,304.96460805799865,524.7034988944274,0.5812132160364321,4
2781,2024-11-27 21:00:00,96485.0703125,0.7,252.4174646890241,520.2175467179537,0.48521520714078725,4
2783,2024-11-27 23:00:00,96220.8046875,0.7333333333333333,255.9818407643534,519.7582123932375,0.4925017722869249,4
2784,2024-11-28 00:00:00,95954.9453125,0.9,259.6384701628994,520.150729800664,0.4991600612814674,5
2786,2024-11-28 02:00:00,96336.296875,0.6,212.69600795340847,522.3621532349374,0.40718112259129613,4
2788,2024-11-28 04:00:00,95614.296875,0.8333333333333334,302.3228952160285,524.6877557630504,0.5761958267472089,3
2793,2024-11-28 09:00:00,95463.8125,0.7666666666666667,426.8965723293238,524.6820518299929,0.8136290746755838,7
2796,2024-11-28 12:00:00,95562.9375,0.1,510.91747457172954,527.4349078721688,0.9686834658572837,4
2797,2024-11-28 13:00:00,95558.453125,0.7333333333333333,543.1736094131453,527.3555332683023,1.029995088980692,6
2798,2024-11-28 14:00:00,95773.125,0.13333333333333333,416.4110766903039,527.480314211675,0.7894343456449834,6
2807,2024-11-28 23:00:00,95601.2265625,0.5666666666666667,372.97258217293654,510.0509456706886,0.731245741898387,3
2812,2024-11-29 04:00:00,96590.640625,0.13333333333333333,221.75874528680694,506.6780074608229,0.4376719376436595,4
2814,2024-11-29 06:00:00,96207.4765625,0.8666666666666667,364.6051032354574,504.0081332305205,0.7234111499321705,5
2818,2024-11-29 10:00:00,96383.078125,0.0,346.7678702209878,507.80477729282063,0.682876344861615,4
2819,2024-11-29 11:00:00,96851.375,0.4666666666666667,277.78644459657966,510.1090429128877,0.5445628703430333,4
2824,2024-11-29 16:00:00,98326.8515625,0.4,329.73102128940394,518.2226926768116,0.6362728339552663,5
2827,2024-11-29 19:00:00,97246.7421875,0.5333333333333333,296.31126586551204,497.03663303286817,0.5961557884726728,6
2830,2024-11-29 22:00:00,97426.90625,0.36666666666666664,256.4105277575664,491.0059475920876,0.5222147084266773,6
2837,2024-11-30 05:00:00,96715.046875,0.5333333333333333,249.88197229096517,444.5724589465986,0.5620725424221131,4
2838,2024-11-30 06:00:00,97163.59375,0.23333333333333334,254.73511692525213,445.84709406666093,0.5713508517051484,4
2840,2024-11-30 08:00:00,96815.0625,0.8,320.1187647812347,448.0870706882279,0.7144119652672781,6
2842,2024-11-30 10:00:00,96802.2578125,0.8666666666666667,173.23004223445795,447.36696403341864,0.38722135553468706,5
2847,2024-11-30 15:00:00,96505.8203125,0.8333333333333334,423.921880388353,417.4313083224734,1.0155488386627327,8
2848,2024-11-30 16:00:00,96726.078125,0.7333333333333333,264.7678904057865,417.1918476881678,0.6346430110582808,5
2850,2024-11-30 18:00:00,96824.3515625,0.16666666666666666,98.46702668389563,402.2713241223694,0.24477764329515653,3
2855,2024-11-30 23:00:00,96491.296875,0.9,183.77538591680897,353.49765244993796,0.5198772456992061,4
2856,2024-12-01 00:00:00,96447.59375,0.9,214.34200794010923,350.19916415555116,0.6120574515275056,4
2859,2024-12-01 03:00:00,95813.4765625,1.0,228.7197981820942,350.4264994911723,0.6526897894828183,4
2861,2024-12-01 05:00:00,96508.1015625,0.8,219.04919477609513,345.418806080446,0.6341553815835953,3
2863,2024-12-01 07:00:00,96412.7265625,0.7,280.51693015062114,343.5363313258156,0.8165568080325519,5
2865,2024-12-01 09:00:00,97098.9140625,0.7666666666666667,220.514655467369,347.5487172658649,0.6344855973060074,4
2871,2024-12-01 15:00:00,97352.5078125,0.1,130.8300996246162,340.02686123196975,0.38476401290944656,4
2873,2024-12-01 17:00:00,97213.75,0.7,155.11221618355853,335.4208702238246,0.46244056334375666,4
2879,2024-12-01 23:00:00,97644.7421875,0.5,163.85467320547932,315.6579695313834,0.519089296078072,4
2881,2024-12-02 01:00:00,97538.0859375,0.2,273.97937998706146,317.192805304943,0.8637629082527991,5
2885,2024-12-02 05:00:00,96750.734375,0.43333333333333335,310.4329757016064,334.29804247672456,0.9286114073588099,5
2886,2024-12-02 06:00:00,96433.84375,0.4,324.4722989513857,330.8742356545619,0.9806514499670506,5
2887,2024-12-02 07:00:00,96380.8515625,0.5,265.4337274012167,330.53483900621404,0.8030431170259379,7
2889,2024-12-02 09:00:00,95142.2109375,0.6333333333333333,307.6718345887512,343.13323325687827,0.8966541412163952,12
2890,2024-12-02 10:00:00,95566.4765625,0.3,252.11681715101125,345.78192678348904,0.7291208638237299,9
2891,2024-12-02 11:00:00,94943.3125,0.8,233.48106823867064,350.40202547458057,0.6663233978811809,10
2894,2024-12-02 14:00:00,95655.453125,0.8666666666666667,307.0513082859913,355.99259137132253,0.8625216246866149,7
2899,2024-12-02 19:00:00,95722.4765625,0.3333333333333333,265.4560040864079,424.5625229783847,0.6252459643027013,6
2900,2024-12-02 20:00:00,95824.2265625,0.3,262.37077170373726,424.61359670381916,0.6179047815248102,5
2903,2024-12-02 23:00:00,95399.2890625,0.4,190.9845758260705,423.1574069767471,0.45133222927742656,7
2904,2024-12-03 00:00:00,95851.265625,0.5333333333333333,371.01205727496983,424.4591454734588,0.8740819021843151,8
2905,2024-12-03 01:00:00,95861.0078125,0.8333333333333334,340.1983201074335,423.53550632181646,0.8032344751019279,9
2907,2024-12-03 03:00:00,96027.0859375,0.4,284.00891734335994,424.81566752131334,0.6685462403034158,8
2910,2024-12-03 06:00:00,96160.875,0.23333333333333334,244.63596080507864,415.5924154518026,0.5886439494790293,5
2912,2024-12-03 08:00:00,95633.7734375,0.43333333333333335,248.9266775797362,417.7598374662121,0.5958607200958351,9
2913,2024-12-03 09:00:00,95499.3125,0.3333333333333333,254.6747059404986,417.8761251547115,0.6094502428110954,9
2914,2024-12-03 10:00:00,95264.6328125,0.8666666666666667,227.93479095213087,418.45479559356966,0.5447058878338579,9
2916,2024-12-03 12:00:00,95027.1484375,0.06666666666666667,165.7427278337308,415.285832620937,0.3991051820566603,11
2918,2024-12-03 14:00:00,93722.0859375,0.36666666666666664,484.0054174322149,425.9960354625788,1.136173525433506,19
2923,2024-12-03 19:00:00,95540.6640625,0.43333333333333335,258.79772027918136,453.5250059254141,0.5706360551191807,8
2930,2024-12-04 02:00:00,96306.546875,0.4666666666666667,233.39343079183666,451.88995466456925,0.5164828923118703,5
2934,2024-12-04 06:00:00,96536.6171875,0.9333333333333333,198.10085178726806,453.1462014959695,0.4371676318443774,6
2942,2024-12-04 14:00:00,95746.6875,0.5333333333333333,354.802307370747,447.17415334714906,0.7934320548605317,13
2943,2024-12-04 15:00:00,96093.703125,0.9,232.4401197752692,448.42712163207653,0.5183453644134858,6
2944,2024-12-04 16:00:00,95806.6171875,0.36666666666666664,263.6764221857133,448.44749775302625,0.5879761254257861,10
2952,2024-12-05 00:00:00,98799.390625,0.3333333333333333,512.9251983687643,517.1575352901841,0.9918161553634813,16
2956,2024-12-05 04:00:00,103090.0390625,0.3333333333333333,831.4279093427411,623.6686371836456,1.333124450665488,10
2960,2024-12-05 08:00:00,102357.421875,0.1,586.2446953847459,629.5381655555859,0.9312297926645444,9
2968,2024-12-05 16:00:00,101507.0703125,0.26666666666666666,559.9319015786203,665.4071716568891,0.8414876265676078,14
2969,2024-12-05 17:00:00,101192.0390625,0.5666666666666667,438.7407268057901,666.0378632387101,0.658732410004961,12
2972,2024-12-05 20:00:00,98968.9140625,0.06666666666666667,371.6189971452466,688.4937680160398,0.5397565154672381,10
2978,2024-12-06 02:00:00,98177.71875,0.5,393.7916994939483,733.2587340831043,0.5370433125305504,11
2980,2024-12-06 04:00:00,97721.8203125,0.4666666666666667,377.8665303735481,734.9947508724478,0.5141077945454928,14
2982,2024-12-06 06:00:00,97916.4921875,0.8333333333333334,274.1840994128261,732.5025832773464,0.37431144363488494,9
2983,2024-12-06 07:00:00,98088.15625,0.6333333333333333,409.24383135600624,724.4889874658012,0.5648723975605278,12
2988,2024-12-06 12:00:00,98163.0390625,0.8,261.57130747071756,718.1048964003508,0.36425222663415585,11
2989,2024-12-06 13:00:00,97706.015625,0.4,371.16911253912497,718.630823626092,0.5164948403775211,11
2990,2024-12-06 14:00:00,98708.96875,0.36666666666666664,443.467837343718,722.280213528449,0.6139830899939926,17
2992,2024-12-06 16:00:00,99218.0546875,0.5,469.7861874986516,726.4669107291072,0.6466725195056138,15
2994,2024-12-06 18:00:00,100859.0,0.2,527.6780049493713,740.4946158483137,0.7126020819811919,13
3004,2024-12-07 04:00:00,99450.8515625,0.6,265.5640341014288,719.3541967574191,0.36917006295159266,10
3007,2024-12-07 07:00:00,99451.75,0.2,240.38590200649685,719.0590495077903,0.3343062049925463,10
3009,2024-12-07 09:00:00,99581.1484375,0.13333333333333333,266.95121664074173,718.5625680057359,0.3715072681584644,9
3010,2024-12-07 10:00:00,99775.015625,0.23333333333333334,240.31497851511946,716.3494560850984,0.33547171212840476,7
3016,2024-12-07 16:00:00,99879.1015625,0.3333333333333333,292.6476319890339,714.4490435725695,0.40961302226071006,10
3026,2024-12-08 02:00:00,99881.25,0.7,204.3872236545049,683.008280949257,0.2992456011959971,8
3028,2024-12-08 04:00:00,100000.2265625,0.26666666666666666,189.7660688113778,683.0163192163147,0.27783533639300634,7
3033,2024-12-08 09:00:00,99118.7265625,0.6666666666666666,182.1102258816339,681.9297258119332,0.2670513089377444,9
3036,2024-12-08 12:00:00,99768.34375,0.2,242.48173947931903,684.0951135111186,0.3544561782275879,9
3037,2024-12-08 13:00:00,100008.9609375,0.36666666666666664,308.4893389517822,684.375500838046,0.4507603480458086,12
3038,2024-12-08 14:00:00,100499.5625,0.4,335.41484774725586,684.8125177239594,0.4897907661823115,9
3046,2024-12-08 22:00:00,100031.828125,0.26666666666666666,184.83464065589337,674.6984354036356,0.27395148848287576,6
3051,2024-12-09 03:00:00,99267.7734375,0.9,205.33756744329372,662.1863340285781,0.31009031278865373,6
3052,2024-12-09 04:00:00,99100.390625,0.36666666666666664,212.86136858748813,661.22007166937,0.3219221220101214,9
3057,2024-12-09 09:00:00,98909.15625,0.8333333333333334,218.17945578154286,558.9663685103291,0.3903266244139179,8
3061,2024-12-09 13:00:00,98543.8203125,0.5333333333333333,373.3474325438686,558.8882146447605,0.6680180808270845,15
3063,2024-12-09 15:00:00,100322.4453125,0.3333333333333333,507.1382753794252,574.8417019298639,0.8822224860806999,15
3069,2024-12-09 21:00:00,96149.8203125,0.8333333333333334,441.43259765798746,601.179824497729,0.7342771325148737,17
3072,2024-12-10 00:00:00,97441.234375,0.4666666666666667,492.56228690063097,590.0596288632186,0.8347669672802028,24
3075,2024-12-10 03:00:00,96904.1484375,0.8666666666666667,278.58095849342044,547.813976843663,0.5085320387378922,18
3080,2024-12-10 08:00:00,97210.4140625,0.4,321.40877180543583,541.3845911483671,0.5936792015518472,17
3084,2024-12-10 12:00:00,97868.921875,0.26666666666666666,270.0133757085441,541.6418248058087,0.49850909465004895,14
3091,2024-12-10 19:00:00,95101.9140625,0.16666666666666666,304.56707982714437,598.2411459156667,0.5091041997136031,13
3097,2024-12-11 01:00:00,96456.8828125,0.8666666666666667,507.5429634250583,573.8881994229658,0.8843934479492409,21
3101,2024-12-11 05:00:00,97580.1328125,0.6666666666666666,261.32044058273493,588.8077853287732,0.4438128147996908,12
3104,2024-12-11 08:00:00,97404.828125,0.8,300.9857786051129,585.9243213777568,0.5136939492413757,13
3106,2024-12-11 10:00:00,97970.671875,0.6333333333333333,249.00891642248337,588.9857840017288,0.42277576672674405,15
3107,2024-12-11 11:00:00,98239.71875,0.6666666666666666,205.25852847789864,589.5140063807149,0.3481826152665494,8
3109,2024-12-11 13:00:00,98300.234375,0.7666666666666667,279.96434017522347,589.2401588253896,0.475127731845897,14
3115,2024-12-11 19:00:00,100471.890625,0.3333333333333333,326.42094074311984,610.4520641474844,0.5347200212992596,12
3117,2024-12-11 21:00:00,101283.09375,0.7,355.56553769167084,614.0903262816038,0.5790117878010977,9
3120,2024-12-12 00:00:00,101174.0,0.3333333333333333,433.1452521151119,613.3869686694073,0.7061533326257555,14
3121,2024-12-12 01:00:00,100834.734375,0.5,408.77819152809246,613.2274015665972,0.6666013137765806,14
3122,2024-12-12 02:00:00,100524.6640625,0.5333333333333333,356.0740173606732,613.8249581885385,0.5800904844460623,11
3128,2024-12-12 08:00:00,100515.8984375,0.43333333333333335,452.6867065443332,632.2980580232643,0.7159387899427605,16
3132,2024-12-12 12:00:00,100258.765625,0.6,393.4960888153495,631.644844237108,0.622970475268596,18
3133,2024-12-12 13:00:00,100869.078125,0.5,548.9589480055782,634.2543343912238,0.8655186385639531,18
3134,2024-12-12 14:00:00,100940.1796875,0.3333333333333333,497.2398804614464,633.1735739693141,0.7853136973867839,19
3135,2024-12-12 15:00:00,101569.546875,0.1,423.45815118159857,634.9379298495098,0.6669284213056302,16
3137,2024-12-12 17:00:00,101539.3046875,0.43333333333333335,273.71293387679174,633.2494330999775,0.4322355766461111,12
3143,2024-12-12 23:00:00,100437.296875,0.5333333333333333,402.5536824377525,655.4032974495653,0.6142075940176817,18
3147,2024-12-13 03:00:00,99432.7421875,0.6333333333333333,268.3947045319448,652.3442814510951,0.4114310681698921,10
3150,2024-12-13 06:00:00,99952.453125,0.5666666666666667,198.73172289888868,634.1939091023429,0.3133611345781916,10
3155,2024-12-13 11:00:00,100528.28125,0.4666666666666667,256.90591870529073,633.5585360188118,0.4054967364494046,11
3160,2024-12-13 16:00:00,99829.96875,0.6333333333333333,354.4629452108077,637.3510557549479,0.5561502440612469,12
3161,2024-12-13 17:00:00,100872.5703125,0.5666666666666667,293.62717150613514,643.791176521278,0.45609070489711884,12
3173,2024-12-14 05:00:00,101701.8046875,0.36666666666666664,321.4922268098294,567.381329075834,0.5666246144078879,11
3179,2024-12-14 11:00:00,101542.6171875,0.5333333333333333,251.92011956243934,553.2577553180597,0.4553395178665217,13
3181,2024-12-14 13:00:00,101277.4375,0.4666666666666667,188.77702114477236,553.8215169914034,0.34086256195008513,10
3182,2024-12-14 14:00:00,101144.1875,0.16666666666666666,242.05511558790215,553.8552358792558,0.4370367921206613,10
3186,2024-12-14 18:00:00,100971.7109375,0.23333333333333334,268.2673145157441,548.871728289812,0.4887614003213792,12
3187,2024-12-14 19:00:00,100881.71875,0.6,178.86325233092654,509.14770330358,0.35129934038861627,9
3188,2024-12-14 20:00:00,101299.34375,0.3,176.95350636839575,506.0585877789917,0.34966999995991715,8
3202,2024-12-15 10:00:00,102196.34375,0.13333333333333333,246.78319629720258,449.6905191973266,0.5487845212696442,10
3204,2024-12-15 12:00:00,102617.5390625,0.36666666666666664,295.7221257431131,443.99711100153644,0.6660451575372746,10
3206,2024-12-15 14:00:00,102777.7890625,0.1,271.0644576790001,443.84794422251525,0.6107146855300218,13
3207,2024-12-15 15:00:00,102919.4765625,0.6333333333333333,325.3784414203357,443.9270507890575,0.7329547520070973,10
3214,2024-12-15 22:00:00,102831.0859375,0.9333333333333333,174.80443004500748,416.4934517323773,0.41970511017140816,5
3219,2024-12-16 03:00:00,104547.0078125,0.9,311.3413462884289,445.1649414392169,0.6993842445945165,3
3221,2024-12-16 05:00:00,104601.71875,0.7333333333333333,258.2695930622387,442.20573039726054,0.5840484989423798,3
3227,2024-12-16 11:00:00,104610.953125,0.26666666666666666,238.31838972855724,417.55019372867235,0.5707538717690515,3
3228,2024-12-16 12:00:00,103686.0625,0.4,363.3991657182887,426.19493791526446,0.8526595071632204,13
3229,2024-12-16 13:00:00,103574.9765625,0.3333333333333333,492.59193233502555,426.2112207258847,1.1557460441705105,15
3231,2024-12-16 15:00:00,105328.8671875,0.43333333333333335,601.5577688196097,447.6250716612964,1.3438875677517663,9
3232,2024-12-16 16:00:00,106309.84375,0.1,404.0046002757884,453.7935765197463,0.8902827655124568,6
3240,2024-12-17 00:00:00,106030.6875,0.7333333333333333,337.13004346362163,427.3723849784154,0.788843770241843,4
3242,2024-12-17 02:00:00,106380.2578125,0.1,347.9137390077865,424.16014188166724,0.8202414716865309,3
3246,2024-12-17 06:00:00,106778.234375,0.13333333333333333,276.3240448172048,421.2823306001692,0.6559117834910065,3
3261,2024-12-17 21:00:00,106806.4609375,0.1,210.2246391539367,447.7315623359656,0.46953276659149135,3
3263,2024-12-17 23:00:00,105986.7734375,0.3333333333333333,213.02824569036395,451.75467533800366,0.4715573680139023,5
3265,2024-12-18 01:00:00,106101.5390625,0.6,387.1174669296646,450.79490916538055,0.8587440963927235,6
3266,2024-12-18 02:00:00,105167.96875,0.5333333333333333,473.7608150611699,461.12908322162906,1.0273930495801535,15
3276,2024-12-18 12:00:00,104956.8515625,0.06666666666666667,343.31967460805646,475.25078748394117,0.7223968558277398,11
3277,2024-12-18 13:00:00,104976.4609375,0.06666666666666667,483.77208263451604,474.280142685322,1.02001336150287,13
3278,2024-12-18 14:00:00,104617.96875,0.1,374.7368270407125,475.89083277403665,0.7874428361149913,11
3280,2024-12-18 16:00:00,104429.9375,0.2,363.1742949698048,481.4754002784365,0.7542946010528921,14
3284,2024-12-18 20:00:00,102911.7734375,0.5,498.2141511875412,519.864124397423,0.9583545542116868,12
3288,2024-12-19 00:00:00,100161.5,0.6333333333333333,485.5060159327485,556.8323539148474,0.8719069797567718,17
3294,2024-12-19 06:00:00,101283.84375,0.3,334.7061195332045,579.7773810695775,0.5773010994594792,8
3300,2024-12-19 12:00:00,102382.0,0.2,327.1761737023482,580.7602072486565,0.5633584560697449,8
3308,2024-12-19 20:00:00,97021.625,0.6333333333333333,748.4106292219897,635.6617437896235,1.1773724571816944,18
3309,2024-12-19 21:00:00,96493.3203125,0.8333333333333334,504.66922347663694,637.1211238405651,0.7921087601592797,14
3312,2024-12-20 00:00:00,97484.6953125,0.9,438.9374293402351,651.8726417942295,0.67334844446316,14
3313,2024-12-20 01:00:00,97219.4765625,0.5666666666666667,452.118468566447,651.876643878618,0.6935644539684309,11
3318,2024-12-20 06:00:00,96742.2578125,0.5666666666666667,353.44124834954533,653.6826281328341,0.5406924295343565,11
3321,2024-12-20 09:00:00,95282.296875,0.7333333333333333,622.7077768972579,698.8382639688257,0.8910613642715993,11
3322,2024-12-20 10:00:00,94781.1953125,0.5,882.0802885858396,699.6986291388889,1.260657448580978,11
3326,2024-12-20 14:00:00,95229.8984375,0.7666666666666667,663.6583877698532,737.9058408630981,0.8993808573104657,14
3327,2024-12-20 15:00:00,95716.8671875,0.43333333333333335,505.41143174018026,735.3632329242457,0.6872949436571107,13
3332,2024-12-20 20:00:00,97161.421875,0.5666666666666667,318.4503351848495,724.7310941267004,0.43940481892608946,11
3334,2024-12-20 22:00:00,96542.8046875,0.26666666666666666,392.8188469956251,725.5471560009728,0.5414104979209627,10
3339,2024-12-21 03:00:00,97374.9140625,0.23333333333333334,237.351258196774,729.4678755244803,0.32537588859018746,6
3340,2024-12-21 04:00:00,97390.9140625,0.2,238.21222098433833,729.494377324841,0.32654428654802825,7
3345,2024-12-21 09:00:00,98660.0078125,0.5666666666666667,305.1556543769655,736.3077577020408,0.4144403629935023,9
3346,2024-12-21 10:00:00,98532.4609375,0.3333333333333333,212.20068094725735,736.1288742190759,0.2882656670306147,9
3347,2024-12-21 11:00:00,98080.015625,0.26666666666666666,327.51632313037925,736.1720672779932,0.44489099449450126,10
3349,2024-12-21 13:00:00,97148.3984375,0.5333333333333333,673.1789279657694,739.9795003655987,0.9097264554398798,15
3360,2024-12-22 00:00:00,97218.3203125,0.4666666666666667,300.02538400999885,706.3065692714097,0.4247806789047565,9
3363,2024-12-22 03:00:00,96590.296875,0.6333333333333333,333.0804978414847,705.4636055400897,0.4721441265371649,12
3364,2024-12-22 04:00:00,96900.40625,0.7666666666666667,266.10736335226636,706.6057995336597,0.3765994611534322,9
3366,2024-12-22 06:00:00,96184.84375,0.5333333333333333,320.99785410278974,702.8657072465406,0.45669869904493,9
3369,2024-12-22 09:00:00,96483.8671875,0.6333333333333333,262.93511689105407,701.0769958443742,0.3750445649330943,9
3371,2024-12-22 11:00:00,96989.5,0.3333333333333333,273.45664846593786,699.5853553259435,0.39088389484444225,9
3382,2024-12-22 22:00:00,95135.4609375,0.7666666666666667,310.338485616656,717.6169596491997,0.4324570112840728,7
3383,2024-12-22 23:00:00,95361.203125,0.13333333333333333,416.16512336857284,695.9875588870775,0.5979490840813934,8
3388,2024-12-23 04:00:00,95884.3203125,0.1,333.2935700450084,677.6390604934437,0.4918452749791466,10
3393,2024-12-23 09:00:00,95446.59375,0.06666666666666667,280.2469692531339,661.0531492342326,0.42394014698783816,6
3399,2024-12-23 15:00:00,94145.8359375,0.4666666666666667,621.786644879268,678.1865813766605,0.9168371388550546,9
3405,2024-12-23 21:00:00,93287.328125,0.26666666666666666,254.1016511311924,666.807953367568,0.3810717161484165,3
3407,2024-12-23 23:00:00,94833.25,0.26666666666666666,395.0303849296914,656.0537478750686,0.6021311305806556,10
3410,2024-12-24 02:00:00,94006.3515625,0.6333333333333333,332.5533755135305,644.1846211839098,0.5162392341846811,5
3412,2024-12-24 04:00:00,94194.875,0.7,330.50719410284046,643.8983335635969,0.5132909605056413,6
3413,2024-12-24 05:00:00,94247.78125,0.8,279.3752279816147,634.9868847834368,0.43997007603849336,4
3414,2024-12-24 06:00:00,94485.3359375,0.3333333333333333,385.7256060504377,619.1754785350565,0.6229665408634213,6
3418,2024-12-24 10:00:00,94004.3671875,0.43333333333333335,353.4352545749112,622.5399160029326,0.5677310731240666,4
3419,2024-12-24 11:00:00,93879.953125,0.43333333333333335,344.8090199903761,614.8391455730512,0.5608117545427305,4
3421,2024-12-24 13:00:00,94127.7109375,0.4666666666666667,439.9366635412291,567.1224369153482,0.7757348940981795,7
3425,2024-12-24 17:00:00,98536.8125,0.26666666666666666,336.26439424423063,571.1007438269373,0.588800483765663,18
3426,2024-12-24 18:00:00,98449.34375,0.5,402.91588314104604,569.378582698864,0.7076414452247537,19
3429,2024-12-24 21:00:00,97266.2734375,0.7666666666666667,320.3435277320581,558.2564288982171,0.5738286406558589,10
3430,2024-12-24 22:00:00,98341.734375,0.16666666666666666,190.12018173284352,568.0900187996147,0.33466559073607943,15
3431,2024-12-24 23:00:00,98769.40625,0.16666666666666666,186.08372717303612,569.6003531875778,0.3266917341811339,17
3432,2024-12-25 00:00:00,98706.6796875,0.26666666666666666,358.0780192269964,566.9376659289554,0.6316003341218612,22
3433,2024-12-25 01:00:00,98493.609375,0.5333333333333333,444.0927770171403,567.3261540614436,0.7827821330603477,17
3440,2024-12-25 08:00:00,98004.6328125,0.6333333333333333,366.6936375764427,563.2238958373414,0.6510619316520326,13
3442,2024-12-25 10:00:00,98066.671875,0.6,237.11016563011714,553.2157810105219,0.42860340172690664,10
3444,2024-12-25 12:00:00,97980.21875,0.5666666666666667,560.917706247992,550.8982331918227,1.018187520766073,19
3449,2024-12-25 17:00:00,98357.9765625,0.5666666666666667,239.60113949965557,538.0582723606982,0.44530704536596016,10
3455,2024-12-25 23:00:00,98752.21875,0.6,223.3042683979019,541.7008086275198,0.41222805069033724,18
3456,2024-12-26 00:00:00,99297.6953125,0.23333333333333334,152.88371529551722,543.9529475452563,0.2810605512580616,14
3457,2024-12-26 01:00:00,98952.8125,0.5333333333333333,280.34031219153707,543.0866488810576,0.5161981292840342,13
3462,2024-12-26 06:00:00,98308.0546875,0.4666666666666667,252.79765664099668,547.1076338657435,0.46206201667263064,8
3467,2024-12-26 11:00:00,95393.0078125,0.5,411.9600696691415,576.0074261401879,0.7151992335058527,7
3469,2024-12-26 13:00:00,95544.484375,0.7333333333333333,360.68426518543515,573.1515281790191,0.6293000148344339,10
3479,2024-12-26 23:00:00,95797.5234375,0.3,274.3973405913655,551.5575761972349,0.4974953702625636,11
3484,2024-12-27 04:00:00,96258.8515625,0.4,288.14837412167606,540.8564844708915,0.5327630940832031,7
3485,2024-12-27 05:00:00,96159.765625,0.7333333333333333,288.127398891316,540.7099630940105,0.5328686700030728,8
3486,2024-12-27 06:00:00,96146.4375,0.5666666666666667,248.4501001319744,540.6480753784525,0.459541264357706,9
3492,2024-12-27 12:00:00,96820.0234375,0.36666666666666664,366.78351280203503,556.2532597367258,0.6593822263183381,9
3493,2024-12-27 13:00:00,96555.7890625,0.3,357.86013606527877,554.8698574320723,0.6449442716557879,9
3494,2024-12-27 14:00:00,96296.0703125,0.6,322.38846352895166,554.0479622309886,0.5818782587536067,10
3496,2024-12-27 16:00:00,94421.140625,0.9,355.0095704376652,566.2445206875492,0.6269545354833688,5
3497,2024-12-27 17:00:00,94008.1171875,0.7,465.9284972439436,550.1271102066404,0.846946984795805,7
3498,2024-12-27 18:00:00,94109.375,0.4,481.75740088115435,546.3088431059174,0.8818407517297905,6
3506,2024-12-28 02:00:00,94391.859375,0.36666666666666664,317.8336623841349,512.1313407799615,0.6206096699727129,5
3508,2024-12-28 04:00:00,94440.6015625,0.16666666666666666,220.84826177753087,512.2933909573867,0.431097229977541,3
3511,2024-12-28 07:00:00,94309.4765625,0.7666666666666667,297.68865435958605,507.23436103941947,0.586885820884779,5
3514,2024-12-28 10:00:00,94483.515625,0.3333333333333333,253.81777153592088,501.3171260791664,0.5063018164191717,3
3515,2024-12-28 11:00:00,94487.0625,0.3,256.8085757775536,499.9748667617369,0.5136429705774306,3
3522,2024-12-28 18:00:00,94872.328125,0.5,246.2217394164792,440.8398024080269,0.5585288308168336,8
3523,2024-12-28 19:00:00,94700.828125,0.6333333333333333,202.0407624437612,434.73778421487515,0.46474166676964007,8
3536,2024-12-29 08:00:00,95092.484375,0.23333333333333334,189.6424363803711,402.85284859668906,0.47074865435599583,6
3542,2024-12-29 14:00:00,94759.0859375,0.4,219.36087163792652,400.28315733018627,0.548014243469604,8
3547,2024-12-29 19:00:00,93515.2890625,0.4666666666666667,308.36885098837024,403.78786942297796,0.7636902302910593,4
3551,2024-12-29 23:00:00,92963.796875,0.8666666666666667,289.38921728708425,404.1864239688842,0.7159795582579056,3
3552,2024-12-30 00:00:00,93527.1953125,0.3,249.81982585214078,408.4493917841476,0.6116298148000733,3
3554,2024-12-30 02:00:00,93732.515625,0.4666666666666667,254.52569849624328,402.55085798997726,0.6322820916769242,3
3555,2024-12-30 03:00:00,93692.2890625,0.2,252.7505476242155,398.02397559925146,0.6350133738644332,3
3556,2024-12-30 04:00:00,93487.3125,0.26666666666666666,227.68624116108225,397.2455924332329,0.5731624101011281,3
3559,2024-12-30 07:00:00,93666.1953125,0.4,326.0318638149802,398.5186428865258,0.818109440134309,5
3561,2024-12-30 09:00:00,93711.9921875,0.4666666666666667,234.95881405838878,393.7438817401892,0.5967300698615698,5
3563,2024-12-30 11:00:00,93651.75,0.4666666666666667,142.74125361364523,392.45950732033685,0.3637095062068038,3
3569,2024-12-30 17:00:00,91917.9609375,0.9,324.00112062697366,360.9325759164504,0.8976776889819286,4
3570,2024-12-30 18:00:00,93578.1953125,0.26666666666666666,324.0076073840565,397.3172184561959,0.8154884619473852,10
3571,2024-12-30 19:00:00,94442.6328125,0.4,398.48477646196227,399.8008012309342,0.9967082988205124,10
3572,2024-12-30 20:00:00,94291.046875,0.43333333333333335,358.0117381501902,396.04504405167745,0.9039672217271212,9
3576,2024-12-31 00:00:00,92642.40625,0.43333333333333335,391.2004428597517,443.00077165038863,0.8830694389139413,4
3577,2024-12-31 01:00:00,92269.5625,0.43333333333333335,315.7288738378268,444.31584599434,0.710595574486553,4
3580,2024-12-31 04:00:00,92352.6171875,0.4,378.7423924573173,444.32392887959617,0.8524015202430155,4
3581,2024-12-31 05:00:00,92304.9296875,0.43333333333333335,328.7863472543257,444.2284656248918,0.7401289487197206,4
3582,2024-12-31 06:00:00,92468.921875,0.1,247.61945275229823,444.4961177364085,0.5570789999545946,3
3583,2024-12-31 07:00:00,92640.6953125,0.4,298.4222199649603,442.8822871044271,0.6738183681177463,4
3585,2024-12-31 09:00:00,93845.25,0.7,408.3202091401726,457.50953913901594,0.8924845805588832,10
3588,2024-12-31 12:00:00,94083.5078125,0.7333333333333333,282.8136377331896,423.4385015770454,0.6678977860536641,7
3590,2024-12-31 14:00:00,95458.9453125,0.2,514.5313485814328,424.9175617423335,1.2108968772004778,12
3595,2024-12-31 19:00:00,93758.203125,0.8666666666666667,254.14786037301823,412.03104957934886,0.6168172535358273,7
3598,2024-12-31 22:00:00,93746.2421875,0.3333333333333333,262.49031976198665,415.8989776339543,0.6311396129302645,7
3599,2024-12-31 23:00:00,93254.0625,0.6333333333333333,312.27052879616406,418.5024927808449,0.7461616936166954,10
3601,2025-01-01 01:00:00,94256.0546875,0.26666666666666666,391.7927898195963,426.90099797189487,0.9177603043349879,8
3602,2025-01-01 02:00:00,93429.90625,0.7666666666666667,259.3040501993004,434.7506204045886,0.5964431976151898,9
3607,2025-01-01 07:00:00,93526.8984375,0.5333333333333333,352.0723189186451,436.4176059437572,0.8067326205992202,11
3612,2025-01-01 12:00:00,93267.125,0.5666666666666667,246.92571885622468,436.9532203993675,0.5651079047558888,10
3614,2025-01-01 14:00:00,93785.859375,0.26666666666666666,369.07822404389077,438.4586445734381,0.8417629087982853,11
3616,2025-01-01 16:00:00,94211.0625,0.03333333333333333,258.7692951648576,439.16758988968286,0.5892267578986405,7
3617,2025-01-01 17:00:00,93863.234375,0.2,248.27259145168983,440.4693969386917,0.5636545766339507,8
3618,2025-01-01 18:00:00,93914.921875,0.23333333333333334,207.39889671010158,440.3358840390859,0.47100157908477897,6
3619,2025-01-01 19:00:00,94121.234375,0.5,239.3639696205931,440.55672655332364,0.5433215638159623,7
3620,2025-01-01 20:00:00,94427.8828125,0.03333333333333333,255.9394308090071,439.33754159186674,0.5825576159088363,7
3622,2025-01-01 22:00:00,94691.7734375,0.1,269.35063964888656,439.06127425140255,0.6134693616696852,7
3624,2025-01-02 00:00:00,94416.2890625,0.6,346.0338649791605,439.3000697216823,0.7876936263597445,8
3627,2025-01-02 03:00:00,94989.6015625,0.03333333333333333,126.19084522529376,442.56174169803575,0.2851372663645088,5
3632,2025-01-02 08:00:00,95696.8125,0.5666666666666667,313.19390373083684,446.5055755509134,0.7014333546549957,8
3634,2025-01-02 10:00:00,96575.53125,0.23333333333333334,240.92137133752777,450.96940685176645,0.5342299669935672,13
3637,2025-01-02 13:00:00,96775.15625,0.3333333333333333,325.9433328197541,450.89696405652586,0.7228776390228541,13
3639,2025-01-02 16:00:00,96414.7265625,0.06666666666666667,190.0483711008502,451.54717875078967,0.42088264536747,6
3641,2025-01-02 18:00:00,96535.5625,0.23333333333333334,260.77650622100066,461.8611771243511,0.5646209708394464,9
3642,2025-01-02 19:00:00,97160.09375,0.0,208.9221504806995,464.892740089442,0.44939860846289914,9
3644,2025-01-02 21:00:00,97290.2890625,0.13333333333333333,186.9873227911893,458.7864222510017,0.40756943475735363,13
3654,2025-01-03 07:00:00,96498.9765625,0.5666666666666667,273.3277495514477,452.165204793419,0.604486472320052,7
3658,2025-01-03 11:00:00,96425.109375,0.6333333333333333,212.59956472979704,452.11235744653703,0.4702361287590713,11
3661,2025-01-03 14:00:00,96469.640625,0.2,274.68366961692664,453.10465276091765,0.6062256654024352,8
3663,2025-01-03 16:00:00,97528.328125,0.0,205.18095475870138,458.4527072530847,0.4475509720251975,12
3669,2025-01-03 22:00:00,98252.515625,0.1,198.697644359557,410.0303600019095,0.4845925173897651,12
3671,2025-01-04 00:00:00,98116.234375,0.43333333333333335,140.56276765463073,401.65260468405927,0.34996105095645447,11
3672,2025-01-04 01:00:00,97915.6953125,0.03333333333333333,133.06272888778688,402.12433572646296,0.3308994683134525,9
3673,2025-01-04 02:00:00,98001.75,0.23333333333333334,126.84455757914274,338.4848504771487,0.37474220013195564,10
3682,2025-01-04 11:00:00,97761.0390625,0.5,157.44023898953407,336.42401229627205,0.46798157454612427,10
3684,2025-01-04 13:00:00,97855.609375,0.43333333333333335,209.68791469081575,319.1360396147769,0.6570486835141718,13
3685,2025-01-04 14:00:00,97961.4765625,0.3333333333333333,136.24419450119086,319.1864106244723,0.42684835558830936,12
3688,2025-01-04 17:00:00,97690.078125,0.4,163.28133472801497,320.2156895719341,0.5099104761115555,10
3691,2025-01-04 20:00:00,98186.703125,0.2,161.68010095838017,304.7314651516927,0.5305658241688209,10
3697,2025-01-05 02:00:00,98077.8359375,0.5,160.97563756002978,281.3117795266904,0.5722321256183184,10
3700,2025-01-05 05:00:00,98332.7578125,0.1,109.33229855334609,264.91729336006193,0.4127035165074983,4
3701,2025-01-05 06:00:00,98339.25,0.13333333333333333,111.85361794717801,250.04807049278628,0.44732845859094483,4
3705,2025-01-05 10:00:00,97675.5703125,0.7333333333333333,173.38306745636947,251.65651836190344,0.6889671230650577,9
3706,2025-01-05 11:00:00,97706.4140625,0.13333333333333333,119.90057819514445,251.44276379904034,0.47685038290054804,9
3710,2025-01-05 15:00:00,97835.6953125,0.4,144.62800863205211,250.26040284212206,0.5779100768222265,9
3712,2025-01-05 17:00:00,98010.078125,0.7333333333333333,95.94645356252688,248.4812152608649,0.38613161748182334,4
3714,2025-01-05 19:00:00,97899.234375,0.3333333333333333,141.65887300698327,250.98944332370223,0.5644017179809637,9
3722,2025-01-06 03:00:00,98780.5390625,0.8666666666666667,237.0820771521177,253.06968718830947,0.9368252665350024,3
3723,2025-01-06 04:00:00,99005.15625,0.06666666666666667,184.1195523236604,252.46989690850057,0.7292732899177619,3
3726,2025-01-06 07:00:00,99537.5703125,0.5666666666666667,293.5339761484815,249.91215478665626,1.1745486184898213,5
3731,2025-01-06 12:00:00,99218.109375,0.26666666666666666,262.2398138363767,249.01168280529174,1.0531225317706412,3
3740,2025-01-06 21:00:00,102102.734375,0.4666666666666667,196.5541654585485,292.0141569857848,0.6730980699271945,4
3741,2025-01-06 22:00:00,101639.0625,0.6,177.99987676380476,290.8943632870366,0.6119055548290755,4
3742,2025-01-06 23:00:00,102077.3671875,0.0,191.38884168285028,293.51401042601253,0.6520603272227599,4
3745,2025-01-07 02:00:00,101947.421875,0.06666666666666667,181.06669695296335,292.59654614705147,0.6188271848635011,6
3750,2025-01-07 07:00:00,101826.7578125,0.3,287.55734869032176,293.3948139509296,0.9801037203691537,13
3755,2025-01-07 12:00:00,100897.8203125,0.4666666666666667,272.1049789676644,298.576860284275,0.9113398094835389,9
3756,2025-01-07 13:00:00,100747.6171875,0.5,262.7679415900177,296.17071007687986,0.8872178532502708,8
3760,2025-01-07 17:00:00,97800.84375,0.9333333333333333,289.57260683223774,364.52526401956163,0.7943828190100379,14
3761,2025-01-07 18:00:00,97262.21875,0.8333333333333334,414.3951736340155,365.2681917893961,1.1344956471680532,18
3763,2025-01-07 20:00:00,96496.671875,1.0,239.36056901525836,364.576768869091,0.6565436677650897,14
3767,2025-01-08 00:00:00,96936.1875,0.9333333333333333,181.86517206362814,364.4247764729326,0.49904722127787615,10
3776,2025-01-08 09:00:00,95939.7265625,0.8666666666666667,331.5748177785596,390.30671676723915,0.8495237297601912,19
3777,2025-01-08 10:00:00,95549.515625,0.8666666666666667,347.55887666633686,392.03918585932126,0.8865411652779381,13
3782,2025-01-08 15:00:00,95245.234375,0.9,383.0870837324979,403.53511234012495,0.94932775864522,13
3783,2025-01-08 16:00:00,95359.8984375,0.7,316.26364031979296,403.7784090588603,0.7832604052726604,11
3785,2025-01-08 18:00:00,93927.953125,0.06666666666666667,656.8656844168632,415.1554551464251,1.5822161946184403,13
3792,2025-01-09 01:00:00,95094.15625,0.7333333333333333,322.1337502487381,422.60022110785496,0.7622659292611301,16
3797,2025-01-09 06:00:00,94431.6015625,0.6,284.4124809631182,429.1281867584073,0.6627681185697506,11
3798,2025-01-09 07:00:00,94059.265625,0.4,296.63799331730684,430.4279228648685,0.6891699575225639,12
3803,2025-01-09 12:00:00,93409.7109375,0.8333333333333334,338.7558351970622,439.41221911546415,0.7709294836610984,13
3807,2025-01-09 16:00:00,94250.75,0.5,375.6095429742553,486.63606475004394,0.7718489651341062,15
3809,2025-01-09 18:00:00,92792.5390625,0.7333333333333333,357.06960675437205,505.06098226792363,0.706983155085527,9
3812,2025-01-09 21:00:00,92116.2890625,0.13333333333333333,291.4615262411527,513.8496614724736,0.567211673169052,7
3815,2025-01-10 00:00:00,92480.140625,0.3,263.00831522964637,514.5946039241068,0.5110980823040951,4
3820,2025-01-10 05:00:00,93791.875,0.23333333333333334,246.59911441717873,515.2349501551502,0.4786148811196165,11
3821,2025-01-10 06:00:00,93934.2265625,0.3,224.03040869787114,515.2804223111439,0.4347737639498245,11
3822,2025-01-10 07:00:00,94279.78125,0.3333333333333333,303.6427163631159,516.0702843024916,0.5883747342157323,13
3825,2025-01-10 10:00:00,94794.0546875,0.2,211.59064901835188,514.8462888142942,0.41097829316328804,7
3829,2025-01-10 14:00:00,93644.75,0.6333333333333333,389.4333245221651,533.8489101422987,0.7294822881971619,11
3833,2025-01-10 18:00:00,95742.3046875,0.2,394.6515169604777,552.5077478156622,0.7142913715160218,16
3835,2025-01-10 20:00:00,95342.2734375,0.06666666666666667,262.156695926558,543.6027702661114,0.4822578365416049,19
3837,2025-01-10 22:00:00,94697.40625,0.4666666666666667,249.16319150939353,544.8478264422686,0.4573078562804812,12
3839,2025-01-11 00:00:00,94701.453125,0.4,263.0370409312518,543.9976560187429,0.48352605571188184,12
3846,2025-01-11 07:00:00,94248.0078125,0.3,197.33413146003636,541.0606226915144,0.36471722979653315,9
3847,2025-01-11 08:00:00,94189.1875,0.5666666666666667,195.1571797242054,541.009131288767,0.3607280698928519,8
3849,2025-01-11 10:00:00,94289.3359375,0.16666666666666666,172.48068504048837,541.4771518329935,0.31853732785697697,9
3850,2025-01-11 11:00:00,94446.03125,0.7,112.31968094478839,541.9357759043118,0.20725644243981484,4
3852,2025-01-11 13:00:00,94526.4375,0.36666666666666664,596.2913150993433,541.5074735556025,1.1011691328727626,20
3853,2025-01-11 14:00:00,94375.6484375,0.5,443.0785906831531,540.9729104882434,0.8190402552380341,19
3867,2025-01-12 04:00:00,94566.0546875,0.2,100.36957263318688,495.21462557087665,0.20267893444682133,4
3869,2025-01-12 06:00:00,94512.9765625,0.8333333333333334,152.82168148772786,494.0361794923848,0.30933297566334106,5
3871,2025-01-12 08:00:00,94265.03125,0.26666666666666666,203.42050113675467,491.86756984145387,0.41356762187497786,6
3876,2025-01-12 13:00:00,94290.5390625,0.4666666666666667,297.68374746130195,474.49472097477565,0.6273699881207465,14
3878,2025-01-12 15:00:00,94741.984375,0.8666666666666667,171.01104590419996,468.33681340856276,0.3651454274106254,14
3879,2025-01-12 16:00:00,95017.2109375,0.5,222.85933367804427,468.17038311576306,0.47602185382781576,16
3884,2025-01-12 21:00:00,94628.984375,0.6666666666666666,109.00538503303444,455.0121917093332,0.2395658556390249,4
3885,2025-01-12 22:00:00,94294.03125,1.0,113.70937080130871,455.4118458657307,0.24968470151484312,4
3890,2025-01-13 03:00:00,94167.9765625,0.3333333333333333,223.70333972026265,473.96192395104714,0.4719858883503218,12
3892,2025-01-13 05:00:00,94495.3984375,0.6333333333333333,145.91961705863073,475.2121782584451,0.30706203193991394,9
3895,2025-01-13 08:00:00,93547.8828125,0.36666666666666664,355.5136330601486,473.37193310514715,0.7510238951602156,13
3899,2025-01-13 12:00:00,90930.453125,0.23333333333333334,465.52356202874194,487.7301483817456,0.9544695228976852,14
3900,2025-01-13 13:00:00,90764.21875,0.4,673.5370780077259,484.4901636755123,1.390197631460745,18
3901,2025-01-13 14:00:00,91013.59375,0.6,694.8933537445455,485.2119303347385,1.4321439979127302,13
3916,2025-01-14 05:00:00,95077.15625,0.43333333333333335,128.41570672516644,452.9057589838269,0.2835373677148409,14
3919,2025-01-14 08:00:00,94863.59375,0.5666666666666667,254.21332694460702,451.6230324690494,0.5628883131907776,15
3923,2025-01-14 12:00:00,96520.75,0.4666666666666667,353.52060802964417,484.05131269660205,0.730337050549901,14
3927,2025-01-14 16:00:00,96567.3984375,0.6,312.5507221554306,487.0437394255738,0.6417302941293472,10
3931,2025-01-14 20:00:00,96489.5234375,0.4,274.6066295758576,477.44304227616243,0.575161025002475,13
3932,2025-01-14 21:00:00,96357.6953125,0.3,200.01543147186712,432.14695236321114,0.46284124041156727,12
3935,2025-01-15 00:00:00,96539.6796875,0.6333333333333333,200.63325637855627,420.4316590742805,0.47720777455322183,10
3940,2025-01-15 05:00:00,97147.4375,0.6333333333333333,197.44744642546002,430.1274787401006,0.4590440187727817,11
3944,2025-01-15 09:00:00,97187.828125,0.6666666666666666,256.34378318687925,428.8200034256044,0.5977887718368812,14
3948,2025-01-15 13:00:00,96880.1796875,0.23333333333333334,264.0016937639509,431.1125178363305,0.6123730646674883,14
3957,2025-01-15 22:00:00,99648.234375,0.26666666666666666,233.7272990743139,486.0979800797534,0.4808234320084329,8
3959,2025-01-16 00:00:00,100507.03125,0.36666666666666664,329.89117547095003,490.2162692681168,0.6729502796051038,9
3961,2025-01-16 02:00:00,100086.2265625,0.3,275.3539608404835,493.55479586423604,0.5578994736710575,8
3964,2025-01-16 05:00:00,99571.515625,0.5333333333333333,156.21421266575936,496.21264437250585,0.3148130432333152,8
3965,2025-01-16 06:00:00,99376.859375,0.7666666666666667,254.68913904351282,496.80091684011336,0.5126583514850478,12
3967,2025-01-16 08:00:00,99728.875,0.23333333333333334,315.1323683441281,497.8664650764262,0.6329656453076287,12
3971,2025-01-16 12:00:00,99184.4375,0.5666666666666667,472.8507489523986,504.2489675291944,0.9377327062648315,17
3976,2025-01-16 17:00:00,99314.1015625,0.6666666666666666,266.403867190081,546.7299556861472,0.48726773504799753,10
3977,2025-01-16 18:00:00,99938.8984375,0.4,443.38357218447106,549.7236867099767,0.8065571539004674,13
3982,2025-01-16 23:00:00,99739.234375,0.7,224.11842698334763,558.609849921661,0.4012074384559775,11
3986,2025-01-17 03:00:00,101033.921875,0.9666666666666667,346.93541480819795,575.6783406976695,0.6026549728929249,4
3988,2025-01-17 05:00:00,101343.4609375,0.5666666666666667,366.5615487985847,557.2394748763609,0.6578169087534881,5
3991,2025-01-17 08:00:00,101450.9375,0.26666666666666666,393.4287120686983,556.4011330736028,0.7070954544886847,8
3993,2025-01-17 10:00:00,101795.0703125,0.5666666666666667,302.6526125363108,555.0638050962931,0.5452573375484396,4
3997,2025-01-17 14:00:00,102440.0859375,0.13333333333333333,356.09693314520933,538.8530772801103,0.6608423486094348,7
4001,2025-01-17 18:00:00,104122.96875,0.7333333333333333,727.6649043867458,549.8823359682447,1.3233102007276842,8
4006,2025-01-17 23:00:00,104451.5,0.26666666666666666,286.57758546008455,564.0861844977297,0.5080386531984599,6
4015,2025-01-18 08:00:00,102774.015625,0.8666666666666667,258.6283192664411,568.5606350467767,0.4548825636603617,4
4016,2025-01-18 09:00:00,103208.453125,0.26666666666666666,317.311902961616,568.9172850567003,0.5577469894063626,4
4018,2025-01-18 11:00:00,103186.3359375,0.13333333333333333,222.59230223266448,569.0340955857727,0.39117568518196516,3
4019,2025-01-18 12:00:00,103525.5859375,0.6666666666666666,386.15690118591647,567.0043564627692,0.681047503047311,4
4028,2025-01-18 21:00:00,103881.625,0.16666666666666666,252.21330899576256,561.9348779456438,0.44883013832104446,3
4031,2025-01-19 00:00:00,104410.7421875,0.43333333333333335,404.9275553090415,560.7930219313938,0.72206239998218,3
4032,2025-01-19 01:00:00,104068.328125,0.23333333333333334,315.6696716724138,562.3724506241807,0.5613178087263166,4
4044,2025-01-19 13:00:00,104803.8515625,0.23333333333333334,555.0082366890581,574.6483797597515,0.9658223293365857,9
4045,2025-01-19 14:00:00,104919.7421875,0.6333333333333333,407.4787376460763,574.6566980489423,0.7090820293742964,5
4052,2025-01-19 21:00:00,106209.3203125,0.0,300.4799885273305,545.4545864260309,0.5508799375877621,2
4053,2025-01-19 22:00:00,103580.71875,0.4666666666666667,401.61629856737216,604.9031926985074,0.6639348302589363,12
4054,2025-01-19 23:00:00,103094.6328125,0.3333333333333333,332.9047743568798,605.6407331634896,0.5496736862760085,7
4055,2025-01-20 00:00:00,101083.75,0.3333333333333333,424.77855435772864,638.3204319801439,0.6654628820826186,10
4056,2025-01-20 01:00:00,99771.75,0.4666666666666667,548.5319534150877,651.8881210391892,0.8414510645487157,16
4068,2025-01-20 13:00:00,106841.9453125,0.3333333333333333,603.632548412647,835.7265440774885,0.7222847625104011,8
4071,2025-01-20 16:00:00,104849.1015625,0.43333333333333335,637.4553555392865,892.3456053249275,0.7143592703716757,14
4072,2025-01-20 17:00:00,106671.5390625,0.1,655.2869212522291,908.8310593491243,0.7210217064121077,9
4073,2025-01-20 18:00:00,102875.953125,0.16666666666666666,638.1147680215173,976.3830830430626,0.6535495945225976,12
4075,2025-01-20 20:00:00,103685.234375,0.2,445.725790051149,971.6881657005775,0.4587127905687573,10
4080,2025-01-21 01:00:00,101252.34375,0.7333333333333333,670.2894999222759,989.4253013214806,0.6774533651272455,19
4081,2025-01-21 02:00:00,101432.71875,0.6,437.68430126688366,988.7132583360932,0.4426807242409828,12
4082,2025-01-21 03:00:00,102435.6484375,0.23333333333333334,299.0319059051065,993.3361518271084,0.3010379772799746,10
4083,2025-01-21 04:00:00,102892.5703125,0.26666666666666666,329.44013261333424,994.2306590665683,0.3313518141983557,8
4086,2025-01-21 07:00:00,101962.828125,0.7,431.7312929583145,989.6416904982302,0.4362501065824758,10
4088,2025-01-21 09:00:00,102272.609375,0.36666666666666664,289.2965429168699,990.1226662901456,0.292182527242634,7
4094,2025-01-21 15:00:00,102967.671875,0.4666666666666667,504.84036195248405,1001.6254269664876,0.5040211124446374,14
4095,2025-01-21 16:00:00,103862.4765625,0.3333333333333333,390.96883693052274,1004.3380233817074,0.389280130621851,12
4096,2025-01-21 17:00:00,104911.2578125,0.2,479.8491184343251,1009.159256586538,0.4754939473650627,13
4103,2025-01-22 00:00:00,106136.3828125,0.26666666666666666,503.1381597008167,999.5231400608093,0.5033782005989442,10
4104,2025-01-22 01:00:00,105926.640625,0.16666666666666666,348.05136666661855,999.7753818052321,0.3481295629005826,9
4110,2025-01-22 07:00:00,105364.1640625,0.4666666666666667,444.4923034332708,995.7716129742323,0.44637976986071504,13
4111,2025-01-22 08:00:00,105113.1484375,0.4,427.15746006512677,996.1112912226548,0.42882503574557596,12
4112,2025-01-22 09:00:00,105247.2734375,0.23333333333333334,485.2500620631312,993.991180866019,0.4881834682279123,13
4118,2025-01-22 15:00:00,104500.1328125,0.4,543.8093155644494,998.3209577372098,0.544723930064581,16
4119,2025-01-22 16:00:00,104398.2265625,0.4666666666666667,511.09727862569105,998.3402586592425,0.5119469781896683,14
4122,2025-01-22 19:00:00,103921.2578125,0.16666666666666666,220.29586028403207,996.9875151565171,0.2209615034642112,8
4124,2025-01-22 21:00:00,104391.625,0.26666666666666666,307.2299666976936,987.6582113396926,0.3110691159859407,9
4125,2025-01-22 22:00:00,104071.296875,0.3333333333333333,267.7087559152793,987.9850361134107,0.27096438319390603,7
4127,2025-01-23 00:00:00,103670.3125,0.3,266.3703737827996,987.4461276690602,0.26975686705216684,8
4136,2025-01-23 09:00:00,102169.453125,0.3,329.08159407448983,989.9646123186027,0.33241753288912584,8
4137,2025-01-23 10:00:00,101663.4453125,0.8,337.95949816905994,990.1924742382995,0.34130687412973276,4
4141,2025-01-23 14:00:00,102563.6953125,0.4,269.91422338319137,987.6798305013948,0.2732810927668429,7
4144,2025-01-23 17:00:00,105175.953125,0.7,652.4364505115491,1010.906576146555,0.6453973748974434,12
4145,2025-01-23 18:00:00,105912.9140625,0.06666666666666667,505.3431747911482,1013.5244532828584,0.49859988395377675,12
4146,2025-01-23 19:00:00,105548.78125,0.36666666666666664,337.86885928049963,1013.8624038279725,0.333249223962572,7
4147,2025-01-23 20:00:00,103811.0,0.5333333333333333,391.1739527697111,1028.7585400437938,0.38023883889513954,13
4148,2025-01-23 21:00:00,103547.2421875,0.5333333333333333,541.8109909102509,1028.9850096096807,0.526548964125117,15
4149,2025-01-23 22:00:00,103189.125,0.5333333333333333,417.0639700117031,1029.5214400906643,0.40510469599834126,13
4151,2025-01-24 00:00:00,103956.5234375,0.26666666666666666,411.2512074240108,1025.521969540187,0.40101647711009386,10
4155,2025-01-24 04:00:00,103895.8359375,0.3333333333333333,289.5511570109516,965.1293766896044,0.3000127899993187,8
4157,2025-01-24 06:00:00,105206.6875,0.03333333333333333,416.76108489021084,958.1730606562107,0.43495387420388276,12
4159,2025-01-24 08:00:00,105000.6796875,0.2,387.4528220805411,957.4019542009975,0.40469190644580516,12
4160,2025-01-24 09:00:00,105499.265625,0.36666666666666664,470.5842951187294,958.5459461960071,0.4909355644205109,11
4164,2025-01-24 13:00:00,105486.2265625,0.13333333333333333,632.0088345071939,813.6716985400515,0.7767369021697447,18
4165,2025-01-24 14:00:00,105135.9375,0.23333333333333334,501.47599299693263,814.1173202485851,0.6159750941594148,17
4166,2025-01-24 15:00:00,105850.40625,0.1,617.0261679316646,816.9000382871774,0.7553264034916742,15
4169,2025-01-24 18:00:00,106437.4453125,0.06666666666666667,340.3054347814416,804.382508994762,0.42306419020314323,9
4170,2025-01-24 19:00:00,106176.8828125,0.36666666666666664,372.02401674684705,749.3811856410317,0.49644162927390845,8
4179,2025-01-25 04:00:00,105169.0,0.03333333333333333,207.07584731659,576.601394088953,0.3591317146289177,6
4185,2025-01-25 10:00:00,104350.6015625,0.6666666666666666,212.00431879534855,554.1804322505889,0.3825546815761344,6
4189,2025-01-25 14:00:00,104694.3359375,0.06666666666666667,212.167966680507,549.9942450031144,0.3857639759108853,6
4192,2025-01-25 17:00:00,104629.8828125,0.7,198.58634408042775,544.1489687103358,0.3649484892916158,6
4193,2025-01-25 18:00:00,104777.1484375,0.06666666666666667,161.7115447385078,526.6131544293563,0.30707843770773285,3
4195,2025-01-25 20:00:00,105052.140625,0.13333333333333333,139.21934666757042,508.77566751772537,0.27363601594158415,3
4196,2025-01-25 21:00:00,104953.7578125,0.1,127.63198500982324,494.3614251868615,0.2581754532356164,3
4198,2025-01-25 23:00:00,105068.9453125,0.03333333333333333,122.94578561915392,487.1811731441509,0.252361528721833,4
4201,2025-01-26 02:00:00,104597.0625,0.6333333333333333,144.12123142855677,470.6846482124163,0.30619488435814884,4
4206,2025-01-26 07:00:00,104961.3984375,0.0,139.72746546633226,471.6251162539931,0.2962680753225242,4
4216,2025-01-26 17:00:00,104933.890625,0.6666666666666666,161.728934176778,452.43628028309803,0.35746234602490573,4
4218,2025-01-26 19:00:00,105129.765625,0.0,106.6663510432342,450.5893085333233,0.23672632488870007,3
4226,2025-01-27 03:00:00,100905.171875,0.9333333333333333,285.52814821126253,477.63485619356516,0.5977958779782816,13
4233,2025-01-27 10:00:00,99352.8828125,0.7666666666666667,220.95195419139083,505.7338117563875,0.43689377505537164,10
4235,2025-01-27 12:00:00,98816.921875,0.9,380.58698061606515,513.9388624163574,0.7405296786210732,17
4236,2025-01-27 13:00:00,100622.7578125,0.2,460.90878068810656,543.6202259709673,0.8478506844826666,13
4239,2025-01-27 16:00:00,101333.484375,0.3,363.09435482517983,567.01147106997,0.640365095506813,13
4240,2025-01-27 17:00:00,99639.59375,0.23333333333333334,414.0289555274489,583.4033454662185,0.7096787475508621,10
4241,2025-01-27 18:00:00,99204.6484375,0.4,469.69113325969226,537.406235145221,0.8739964342482361,14
4242,2025-01-27 19:00:00,99047.5234375,0.7333333333333333,317.9648243428541,536.6770176891483,0.5924696118197189,10
4243,2025-01-27 20:00:00,99603.0390625,0.7666666666666667,259.8964809663357,539.8956194357422,0.48138282958835577,12
4245,2025-01-27 22:00:00,101373.21875,0.5666666666666667,257.6741479160168,573.5877352848588,0.44923231803073516,7
4248,2025-01-28 01:00:00,101935.21875,0.43333333333333335,461.47754760371834,548.6563608911372,0.8411048891407702,11
4249,2025-01-28 02:00:00,101472.609375,0.16666666666666666,265.9734763054304,545.4296372693314,0.4876403079909894,12
4253,2025-01-28 06:00:00,102981.2890625,0.5333333333333333,406.7903307337081,550.906905505021,0.7384012192782372,7
4257,2025-01-28 10:00:00,102897.9609375,0.2,288.53998099981914,535.2949225761403,0.5390299231892626,3
4259,2025-01-28 12:00:00,102774.9609375,0.3333333333333333,346.34391519143014,532.9132700869233,0.6499067195961139,9
4262,2025-01-28 15:00:00,102725.4921875,0.36666666666666664,335.70978206356494,531.7916185584082,0.6312806940688799,8
4263,2025-01-28 16:00:00,102661.8203125,0.8,404.2166220403424,531.7537428794195,0.7601575493414111,7
4264,2025-01-28 17:00:00,102166.453125,0.5333333333333333,225.69354211359754,532.8372495196028,0.4235693775483585,3
4269,2025-01-28 22:00:00,100285.8828125,0.9666666666666667,308.73405637788903,548.5514073714061,0.5628169980591361,12
4275,2025-01-29 04:00:00,102027.8515625,0.5333333333333333,272.0451441901335,553.600675298977,0.4914104269168622,3
4278,2025-01-29 07:00:00,102702.5546875,0.6,339.6034034521514,551.0118669709248,0.6163268412331149,7
4279,2025-01-29 08:00:00,102663.0546875,0.23333333333333334,323.826344634732,548.587158470759,0.5902915145469864,5
4282,2025-01-29 11:00:00,102509.9296875,0.13333333333333333,247.15420630516473,549.2472582182938,0.44998714623885355,3
4284,2025-01-29 13:00:00,102202.7578125,0.3,356.34982107654065,550.1148150588626,0.647773539853514,6
4286,2025-01-29 15:00:00,102004.390625,0.16666666666666666,353.93128734559394,552.0474174577389,0.6411247949958729,11
4290,2025-01-29 19:00:00,102956.609375,0.36666666666666664,345.7116645622146,555.490721029964,0.6223536262157768,5
4291,2025-01-29 20:00:00,103615.125,0.0,316.65095111695985,558.948473529378,0.5665118809924021,4
4297,2025-01-30 02:00:00,104262.9765625,0.7,277.78905985228045,566.6343641992496,0.4902439340135035,6
4299,2025-01-30 04:00:00,105099.7421875,0.23333333333333334,256.31923656339876,569.1184966896068,0.4503793815423881,6
4300,2025-01-30 05:00:00,105505.59375,0.26666666666666666,239.20430204066076,570.5271220681092,0.41926894057826175,8
4303,2025-01-30 08:00:00,105124.4609375,0.5666666666666667,248.11417211390386,569.7510133004556,0.43547824632487664,6
4305,2025-01-30 10:00:00,105445.6953125,0.0,177.01657749168152,570.5300443544073,0.3102668811981454,4
4309,2025-01-30 14:00:00,104866.6796875,0.6666666666666666,225.9745494876068,570.2692447425777,0.3962594012756427,8
4311,2025-01-30 16:00:00,105574.7890625,0.2,245.49624851555373,578.5626682935035,0.42432092834412544,6
4312,2025-01-30 17:00:00,105770.90625,0.03333333333333333,202.92119670321622,578.7762865917822,0.3506038540351239,6
4313,2025-01-30 18:00:00,105281.765625,0.13333333333333333,212.1069569199504,580.9105201743474,0.3651284484507032,7
4316,2025-01-30 21:00:00,105103.5859375,0.3333333333333333,339.9207279578129,585.7302559413092,0.5803366387681932,7
4324,2025-01-31 05:00:00,104002.546875,0.3333333333333333,268.746000604124,551.9130361051826,0.48693541015202046,3
4325,2025-01-31 06:00:00,104267.2109375,0.7666666666666667,227.52413747680083,550.3826773210782,0.4133926209019647,5
4330,2025-01-31 11:00:00,104293.4765625,0.6,326.2506023485154,519.0874710291718,0.6285079501180654,7
4331,2025-01-31 12:00:00,104751.8515625,0.1,228.36346156051462,520.559886009493,0.4386881657576477,5
4337,2025-01-31 18:00:00,104669.6640625,0.8333333333333334,227.91915001646402,468.4283095416612,0.48656143399931145,5
4345,2025-02-01 02:00:00,102553.6015625,0.7666666666666667,184.3079007017368,431.83159758362683,0.42680503634531847,9
4346,2025-02-01 03:00:00,102448.1796875,0.9333333333333333,140.36269245305692,430.0978486940689,0.3263506034248912,9
4347,2025-02-01 04:00:00,102246.7734375,0.8333333333333334,202.58443532832564,430.2883896637001,0.4708108333730763,13
4348,2025-02-01 05:00:00,102313.7421875,0.6666666666666666,144.6051507961352,427.74925473885673,0.33806055579083927,10
4349,2025-02-01 06:00:00,102484.046875,0.7,130.9180962268036,419.6318225187825,0.3119832415020045,9
4352,2025-02-01 09:00:00,102008.09375,0.5,201.9901924960302,418.2294779840448,0.4829649824533315,11
4357,2025-02-01 14:00:00,101830.9375,0.5333333333333333,252.17305698403635,423.50757328093636,0.5954393094565886,11
4360,2025-02-01 17:00:00,101868.6796875,0.5,156.36243125976432,424.3008403756356,0.3685178448417305,10
4361,2025-02-01 18:00:00,102238.734375,0.6333333333333333,142.76784869932402,425.7674205777007,0.33531886612087436,9
4362,2025-02-01 19:00:00,101987.9375,0.36666666666666664,204.21506654870115,426.438894272908,0.47888471077877265,11
4367,2025-02-02 00:00:00,100661.5390625,0.7,327.52499547090554,405.61528185478494,0.80747696184722,15
4369,2025-02-02 02:00:00,101233.125,0.5666666666666667,203.23937216094686,390.42843598705315,0.5205547378923148,11
4373,2025-02-02 06:00:00,100304.8671875,0.43333333333333335,294.9322874743938,424.6575024308896,0.6945180193122625,9
4377,2025-02-02 10:00:00,99655.7578125,0.4,332.6450456299853,423.67075939187885,0.7851498793720189,7
4378,2025-02-02 11:00:00,99389.6484375,0.7333333333333333,305.496777804139,424.32336430785244,0.719962188041328,6
4381,2025-02-02 14:00:00,98749.1953125,0.5,329.72716806059384,433.6611934597767,0.7603335807615375,11
4383,2025-02-02 16:00:00,99272.9921875,0.4,320.2095952584214,435.52961161684055,0.7352188845890173,7
4386,2025-02-02 19:00:00,96952.5078125,0.8333333333333334,511.32268412774573,457.8280960092166,1.1168442666250264,9
4389,2025-02-02 22:00:00,96831.3984375,0.5333333333333333,511.1753334541042,479.58870374436964,1.0658619134752825,7
4391,2025-02-03 00:00:00,97671.8515625,0.1,293.0214632808505,483.2662115196459,0.6063355067995242,7
4396,2025-02-03 05:00:00,92996.28125,0.8333333333333334,446.6044171373921,603.7583533460826,0.7397072266781414,13
4403,2025-02-03 12:00:00,95160.6953125,0.6333333333333333,455.9044140609602,637.4714408643356,0.715176217844062,5
4406,2025-02-03 15:00:00,96702.8359375,0.43333333333333335,531.1448603217516,663.138467651107,0.8009561897428632,14
4408,2025-02-03 17:00:00,98696.1796875,0.26666666666666666,462.70377279512866,715.7633038250106,0.6464480231418098,12
4418,2025-02-04 03:00:00,100919.2578125,0.6,427.53951512502374,750.918221663915,0.569355627271455,13
4422,2025-02-04 07:00:00,99426.484375,0.6333333333333333,373.61074656310666,761.2794764899714,0.49076687090753107,17
4424,2025-02-04 09:00:00,98269.2265625,0.6,496.84155862880135,764.9014708470867,0.6495497493011438,10
4429,2025-02-04 14:00:00,99167.203125,0.43333333333333335,320.13169886192856,768.0858514153069,0.416791558224957,14
4430,2025-02-04 15:00:00,100056.96875,0.3333333333333333,462.80320053766997,772.1804518287094,0.5993459164132432,17
4431,2025-02-04 16:00:00,99442.078125,0.3,327.02178987677996,774.2624791873071,0.42236553968110846,14
4432,2025-02-04 17:00:00,99140.2734375,0.43333333333333335,360.7898675779138,774.6597971402681,0.46573975945286517,13
4434,2025-02-04 19:00:00,99453.8203125,0.2,248.2660827707703,766.5562836639049,0.32387195573446254,11
4442,2025-02-05 03:00:00,98043.0234375,0.4666666666666667,364.2651781174614,770.6686093684401,0.47266123686544764,8
4445,2025-02-05 06:00:00,98166.96875,0.6333333333333333,311.4026850134973,770.7157976889469,0.40404346965154114,8
4449,2025-02-05 10:00:00,97460.2734375,0.8,260.394883747953,772.6491064328034,0.3370157055511968,4
4462,2025-02-05 23:00:00,96426.5078125,0.5333333333333333,362.51706786262184,785.1044563558684,0.4617437398652363,8
4463,2025-02-06 00:00:00,96619.3203125,0.4,525.6512124220473,785.2165955123978,0.6694346699066267,9
4464,2025-02-06 01:00:00,96854.921875,0.8,434.39175344117183,785.7183341423105,0.5528593830196842,8
4469,2025-02-06 06:00:00,97845.890625,0.3333333333333333,273.9502393058321,779.8243217096212,0.3512973777289308,5
4470,2025-02-06 07:00:00,98414.234375,0.5,395.9928304154652,770.7937324841497,0.5137468219146532,12
4478,2025-02-06 15:00:00,97908.109375,0.7333333333333333,376.49680081126604,771.437783120003,0.48804558066700127,10
4483,2025-02-06 20:00:00,96043.4453125,0.5333333333333333,404.7004058468032,765.4378695649951,0.528717511816861,9
4487,2025-02-07 00:00:00,96583.5390625,0.36666666666666664,305.7564394755435,751.465602859459,0.4068801530131072,4
4496,2025-02-07 09:00:00,97048.4609375,0.36666666666666664,253.6136037100055,628.0685329829294,0.4037992518197033,4
4502,2025-02-07 15:00:00,99764.6796875,0.5,553.0708719312541,619.6069141291899,0.8926157202563708,19
4503,2025-02-07 16:00:00,98169.3828125,0.4,339.2005670154879,640.0908877054378,0.5299256301420493,8
4504,2025-02-07 17:00:00,97905.2421875,0.9,315.4371119284476,640.7514691775411,0.49229245206934585,10
4505,2025-02-07 18:00:00,97483.7109375,0.8333333333333334,334.67701069412504,618.1192894849382,0.5414440487256144,8
4506,2025-02-07 19:00:00,97769.4609375,0.7333333333333333,415.2769751003734,562.2014106599354,0.738662278724815,10
4516,2025-02-08 05:00:00,96333.9375,0.7333333333333333,302.8705622176268,519.8510379386679,0.5826102866286083,4
4517,2025-02-08 06:00:00,96196.5078125,0.6,338.8596608763269,517.55272892164,0.6547345650797098,4
4518,2025-02-08 07:00:00,95972.5,0.43333333333333335,352.6627032413365,517.516366014826,0.6814522716586576,5
4523,2025-02-08 12:00:00,96086.25,0.8333333333333334,378.5894584816899,495.7058687869336,0.7637381001926706,6
4528,2025-02-08 17:00:00,96119.0,0.26666666666666666,260.0893186309409,491.13377361265736,0.5295691980573619,4
4529,2025-02-08 18:00:00,96357.59375,0.7,320.35914995462355,483.0551752610979,0.6631937020061219,6
4534,2025-02-08 23:00:00,96488.859375,0.6333333333333333,230.44101243175288,477.82847825043996,0.48226722123283305,3
4540,2025-02-09 05:00:00,97239.078125,0.23333333333333334,207.54047433029314,420.3682103959662,0.4937111541683902,6
4542,2025-02-09 07:00:00,97029.421875,0.5333333333333333,221.11652635860437,419.9649953916027,0.5265118016619955,6
4543,2025-02-09 08:00:00,97082.8046875,0.7666666666666667,246.87962290868214,419.99402535505294,0.5878169878725679,9
4546,2025-02-09 11:00:00,96807.578125,0.4,225.46929806979014,416.6595340710362,0.5411355786505294,3
4550,2025-02-09 15:00:00,96130.875,0.5333333333333333,355.9228807625418,416.7755699479124,0.8539917078321654,6
4554,2025-02-09 19:00:00,96223.265625,0.03333333333333333,238.05507146691986,413.6526749970175,0.5754950610887172,4
4556,2025-02-09 21:00:00,96263.515625,0.06666666666666667,204.2645682403905,412.404417506138,0.4953016009760622,3
4563,2025-02-10 04:00:00,96770.8515625,0.4666666666666667,303.0519779201966,439.3523605119239,0.6897697728699738,10
4564,2025-02-10 05:00:00,96911.328125,0.8333333333333334,277.9867737208532,438.2966753999454,0.6342434002429758,10
4567,2025-02-10 08:00:00,97453.515625,0.26666666666666666,326.30112847660985,438.3970751991787,0.7443049849918825,9
4569,2025-02-10 10:00:00,97679.53125,0.7,253.1553378403069,434.97608356115165,0.5819982923376447,8
4578,2025-02-10 19:00:00,97506.8203125,0.6666666666666666,207.41094748839657,437.9129569119093,0.4736351007995395,8
4582,2025-02-10 23:00:00,97375.2578125,0.3333333333333333,156.91623459054026,425.20059298442686,0.3690404886060151,6
4584,2025-02-11 01:00:00,97843.3671875,0.6333333333333333,518.985556156349,419.4456951530772,1.2373128682771308,16
4588,2025-02-11 05:00:00,98095.4296875,0.5666666666666667,203.62294793683384,412.65676322846696,0.4934438644450333,4
4592,2025-02-11 09:00:00,98236.5234375,0.43333333333333335,223.63991731026607,414.078467727555,0.5400906705861631,7
4596,2025-02-11 13:00:00,97827.5,0.4666666666666667,329.100498280199,409.8506239978864,0.8029766920201059,11
4599,2025-02-11 16:00:00,97030.46875,0.4,204.52434311894567,417.7244680596967,0.4896154253758419,7
4600,2025-02-11 17:00:00,96344.03125,0.9666666666666667,258.30328202541256,412.8938391222732,0.6255924829842747,9
4601,2025-02-11 18:00:00,96099.7734375,0.7333333333333333,265.50048479021973,402.39706740466505,0.659797265677443,4
4603,2025-02-11 20:00:00,95099.53125,0.7,384.9998274179047,375.90608984114436,1.0241915143769107,4
4608,2025-02-12 01:00:00,96075.5703125,0.6333333333333333,357.90788889250746,369.3584684190302,0.9689987356306333,8
4615,2025-02-12 08:00:00,96051.9765625,0.3,363.9293129302851,372.2774281065475,0.9775755537510774,7
4617,2025-02-12 10:00:00,96167.140625,0.43333333333333335,236.79431692598197,372.6993590351784,0.6353494074660627,8
4620,2025-02-12 13:00:00,96090.0859375,0.5,368.1899719640873,370.5082509574807,0.9937429760675979,10
4628,2025-02-12 21:00:00,97034.890625,0.3333333333333333,246.00295482883695,406.7998943169772,0.6047271847055895,5
4641,2025-02-13 10:00:00,96243.484375,0.16666666666666666,293.19448298985054,423.414550194569,0.6924525452777207,9
4644,2025-02-13 13:00:00,95818.515625,0.9,312.29769114455405,423.5692795858169,0.7373001447364911,9
4650,2025-02-13 19:00:00,95927.1796875,0.3,238.9469489408945,425.830597572435,0.56113146942253,9
4652,2025-02-13 21:00:00,96261.8359375,0.5333333333333333,285.5498450418623,429.88660784940845,0.6642445701446273,11
4653,2025-02-13 22:00:00,96459.5390625,0.5,200.74535373917158,430.3357423626514,0.4664854298112193,7
4658,2025-02-14 03:00:00,96611.65625,0.8,237.5490046362611,409.258775069595,0.5804371686248281,7
4660,2025-02-14 05:00:00,96777.7421875,0.8333333333333334,216.74557955409185,394.5877767881399,0.5492962334473575,6
4662,2025-02-14 07:00:00,96852.765625,0.8,251.25929714092797,382.05045359494903,0.6576599890843574,8
4663,2025-02-14 08:00:00,96987.0625,0.2,181.53908923631087,382.02813618323665,0.47519821720470645,5
4664,2025-02-14 09:00:00,96881.6328125,0.16666666666666666,233.00983254005277,382.05610532677986,0.6098838084023157,7
4666,2025-02-14 11:00:00,97033.7109375,0.26666666666666666,187.1599150763171,381.43095090009905,0.4906783642875807,7
4670,2025-02-14 15:00:00,97286.3125,0.6666666666666666,280.1930602614504,384.61908874834927,0.7284949407302472,9
4672,2025-02-14 17:00:00,97517.9375,0.5333333333333333,262.75716124988776,376.29219960231376,0.6982795857250933,9
4674,2025-02-14 19:00:00,98278.984375,0.36666666666666664,242.92288139462548,384.64868137710727,0.6315448177930066,10
4677,2025-02-14 22:00:00,97487.7890625,0.23333333333333334,339.1424820979935,397.96425127490267,0.8521933339779388,10
4683,2025-02-15 04:00:00,97699.7265625,0.6333333333333333,237.84117565047094,401.68273351067523,0.5921120222713033,9
4688,2025-02-15 09:00:00,97521.625,0.16666666666666666,145.40365591232316,396.23146844969745,0.3669664514058719,4
4689,2025-02-15 10:00:00,97559.6953125,0.4666666666666667,119.6763216183926,396.25989710422493,0.3020147193621139,4
4690,2025-02-15 11:00:00,97694.234375,0.4666666666666667,173.8801064211501,396.2838249967169,0.43877669350393156,7
4693,2025-02-15 14:00:00,97758.671875,0.3,221.0038490448906,396.2428408730149,0.557748497254784,7
4694,2025-02-15 15:00:00,97621.984375,0.2,288.9315066747073,396.1303151455293,0.7293849918266426,7
4698,2025-02-15 19:00:00,97554.2265625,0.23333333333333334,109.37722598057283,383.9557974551479,0.284869317524369,4
4699,2025-02-15 20:00:00,97574.125,0.23333333333333334,147.834557943508,377.5448287773377,0.3915682236259564,4
4700,2025-02-15 21:00:00,97521.4765625,0.3333333333333333,131.69147124381877,376.71422654078714,0.34957923530812135,4
4710,2025-02-16 07:00:00,97500.890625,0.9,127.47524204564088,338.71835810839104,0.3763458312609332,4
4712,2025-02-16 09:00:00,97176.921875,0.5333333333333333,129.46333234548334,337.8535604552534,0.383193630314368,4
4714,2025-02-16 11:00:00,97200.03125,0.6,126.16154346245183,337.94675009965295,0.37331781834046224,4
4718,2025-02-16 15:00:00,96975.265625,0.4666666666666667,246.33102047272774,337.668864190714,0.7295046911213022,5
4722,2025-02-16 19:00:00,96919.5234375,0.36666666666666664,124.78719264769613,318.4726321033207,0.391830192200666,4
4727,2025-02-17 00:00:00,96179.0078125,0.6666666666666666,268.86555812540007,299.9729862346022,0.8962992351422148,8
4728,2025-02-17 01:00:00,96289.2890625,0.6333333333333333,261.05822888611306,292.52350936916116,0.8924350369277866,8
4730,2025-02-17 03:00:00,96187.4375,0.7666666666666667,200.07381390443746,294.23880720822285,0.6799708570149687,7
4732,2025-02-17 05:00:00,96094.65625,0.5,207.19935774079704,293.60392252298664,0.7057104549567969,8
4735,2025-02-17 08:00:00,96078.15625,0.2,175.4360750171976,284.01860778709045,0.6176921870862425,8
4739,2025-02-17 12:00:00,96065.359375,0.6666666666666666,181.6874936321689,274.7965579445993,0.6611709221947323,6
4743,2025-02-17 16:00:00,95600.3515625,0.9,208.76319148000258,300.94624207308715,0.6936893115591813,10
4746,2025-02-17 19:00:00,95334.546875,0.9,184.2379808598341,300.5442152602511,0.6130145632658288,8
4748,2025-02-17 21:00:00,96026.6015625,0.8,289.37663989865325,295.43413673335726,0.9794962867132339,8
4754,2025-02-18 03:00:00,96054.390625,0.6,230.79052411583257,300.79679015901206,0.7672639192520251,8
4755,2025-02-18 04:00:00,96192.21875,0.16666666666666666,216.95399703757468,300.76291859920696,0.721345563635406,7
4756,2025-02-18 05:00:00,96056.078125,0.8333333333333334,171.61104276823212,300.13210347710316,0.5717850265935454,6
4757,2025-02-18 06:00:00,95592.453125,0.9666666666666667,212.08297651183682,303.47698660575423,0.6988436878983282,8
4764,2025-02-18 13:00:00,96193.4375,0.43333333333333335,287.81847268110664,307.5206309191574,0.9359322391503868,8
4770,2025-02-18 19:00:00,93873.125,0.5,311.8179198237702,321.91616316162174,0.9686308284782159,5
4771,2025-02-18 20:00:00,94083.1953125,0.43333333333333335,334.29991136664415,317.276825103834,1.0536537336354115,4
4772,2025-02-18 21:00:00,94214.4453125,0.7,226.45730680600002,293.00530983124503,0.7728778257855702,4
4773,2025-02-18 22:00:00,94915.5546875,0.2,259.8426188696034,299.8638261234654,0.8665353945114282,9
4774,2025-02-18 23:00:00,95234.3828125,0.4666666666666667,258.720597481867,300.18019084695743,0.861884312725259,11
4782,2025-02-19 07:00:00,95576.34375,0.13333333333333333,239.12008076027413,286.5406100478277,0.8345067762658898,7
4785,2025-02-19 10:00:00,95947.8046875,0.23333333333333334,233.35937398126256,288.4131946357071,0.8091147642396088,8
4788,2025-02-19 13:00:00,96187.515625,0.7,264.7024143116737,290.808672065804,0.9102287508529904,9
4804,2025-02-20 05:00:00,97218.125,0.23333333333333334,158.19201038631851,314.09957897803594,0.5036364929269148,10
4808,2025-02-20 09:00:00,97174.8515625,0.16666666666666666,150.69213082251318,315.8840010161882,0.477048949417323,8
4811,2025-02-20 12:00:00,97206.3984375,0.6333333333333333,199.59853282772323,315.61607913202914,0.6324092656389245,16
4813,2025-02-20 14:00:00,97546.59375,0.06666666666666667,183.905861183161,315.5515866503311,0.5828075945850042,11
4816,2025-02-20 17:00:00,97556.765625,0.7333333333333333,172.08237029912533,324.0999183221531,0.5309546857956213,13
4818,2025-02-20 19:00:00,98337.1328125,0.4,316.5165286918092,328.58467700053825,0.9632723338808971,12
4825,2025-02-21 02:00:00,98369.3828125,0.26666666666666666,192.21758209480655,327.7562109446616,0.5864651093591652,8
4831,2025-02-21 08:00:00,98206.9453125,0.26666666666666666,127.07453217794807,318.58492829263645,0.39887176351677145,9
4833,2025-02-21 10:00:00,98355.3515625,0.9,143.6565005840242,318.280126779421,0.4513524046808712,4
4835,2025-02-21 12:00:00,98658.140625,0.4,184.28782128493322,317.4735220353583,0.5804824922199601,7
4837,2025-02-21 14:00:00,99392.0,0.6,280.3847246369649,321.1563183655205,0.8730475117660557,14
4841,2025-02-21 18:00:00,97009.53125,0.8,368.0055554657999,354.92990673605027,1.03684008724425,16
4843,2025-02-21 20:00:00,95375.4140625,0.9,468.61724574306106,357.5352266167509,1.3106883206375108,19
4844,2025-02-21 21:00:00,94966.3125,0.8333333333333334,558.9207218072314,359.35497844160284,1.5553443122760553,23
4853,2025-02-22 06:00:00,96491.34375,0.2,120.90665760176549,349.11871009242907,0.34631961595457167,6
4854,2025-02-22 07:00:00,96399.2265625,0.8,181.05177753639575,348.98826641236064,0.5187904435803208,11
4857,2025-02-22 10:00:00,96468.9375,0.6333333333333333,124.22116574372909,345.4481364390363,0.3595942563889074,10
4860,2025-02-22 13:00:00,96856.4453125,0.5,139.88752555260257,342.04097440318395,0.40897885347417134,17
4865,2025-02-22 18:00:00,96629.7734375,0.7,118.53546023611494,333.5601199347427,0.355364604915315,12
4874,2025-02-23 03:00:00,96428.8515625,0.5666666666666667,134.73779690266787,306.2377764190756,0.43997771430486077,10
4875,2025-02-23 04:00:00,96453.9375,0.5,123.02562044273138,304.9864431472099,0.4033806197193813,8
4876,2025-02-23 05:00:00,96418.375,0.7333333333333333,95.86799192825694,304.7737680704987,0.31455460401067475,8
4877,2025-02-23 06:00:00,96239.4921875,0.9,115.83062201750369,303.6045454609016,0.38151807589593695,6
4884,2025-02-23 13:00:00,95727.046875,0.9333333333333333,185.8408794544401,301.174424423834,0.6170539872698874,14
4885,2025-02-23 14:00:00,95948.7109375,0.5,168.20102901559764,299.8466023292915,0.5609569283392423,10
4893,2025-02-23 22:00:00,95768.4921875,0.5666666666666667,103.30598013153954,285.7499118351247,0.36152585128756304,8
4903,2025-02-24 08:00:00,95889.6796875,0.23333333333333334,138.2938391066469,286.1993492929729,0.48320808362523576,11
4906,2025-02-24 11:00:00,95649.984375,0.3333333333333333,148.94758018647195,288.9549749408599,0.5154698589873972,13
4907,2025-02-24 12:00:00,95831.7265625,0.3333333333333333,178.97014675099717,288.8019204702146,0.6196986033181698,14
4918,2025-02-24 23:00:00,92523.1796875,0.8333333333333334,332.56241665662327,326.47582603904675,1.0186433117925509,7
4931,2025-02-25 12:00:00,89198.6328125,1.0,189.24482926241544,421.34156920460316,0.44914825190323976,4
4933,2025-02-25 14:00:00,88818.2109375,1.0,145.812203649932,421.1732077505991,0.34620484153938824,5
4935,2025-02-25 16:00:00,87301.0390625,1.0,238.973231500673,450.86604452932835,0.5300315568233661,5
4936,2025-02-25 17:00:00,87449.515625,1.0,204.7692793196588,448.0660214502921,0.45700693539953163,4
4946,2025-02-26 03:00:00,88931.640625,0.2,272.5482544951895,428.5251340856788,0.6360146297526075,4
4947,2025-02-26 04:00:00,88822.1015625,0.23333333333333334,385.7333911113781,428.3895507025914,0.9004267038697514,4
4949,2025-02-26 06:00:00,88421.0546875,0.2,258.480784324097,428.50047555354854,0.6032216976893304,3
4955,2025-02-26 12:00:00,88611.8515625,0.7,253.02193503602606,439.806622814891,0.575302694208222,3
4964,2025-02-26 21:00:00,84382.9453125,0.9,224.90987913888193,494.66442816750947,0.4546716245032281,4
4969,2025-02-27 02:00:00,84706.546875,0.7666666666666667,397.62986480635294,498.4788058885768,0.7976866019359582,3
4974,2025-02-27 07:00:00,86169.8125,0.0,359.14535824934563,520.4456224334754,0.6900727814177214,3
4979,2025-02-27 12:00:00,86640.7734375,0.26666666666666666,349.18320947087466,528.7179966158656,0.6604337505170454,13
4981,2025-02-27 14:00:00,86042.0703125,0.3333333333333333,387.51328741149564,529.704991067876,0.7315643498662824,8
4984,2025-02-27 17:00:00,84347.984375,1.0,267.0837142208754,552.6697614559813,0.48326095047656753,6
4993,2025-02-28 02:00:00,82081.1875,0.8666666666666667,771.0643377784414,599.5168763009582,1.2861428397744823,4
4997,2025-02-28 06:00:00,79616.3828125,0.13333333333333333,437.20912779485474,612.0120488590734,0.7143799351825014,4
4999,2025-02-28 08:00:00,79049.0703125,0.5333333333333333,1241.257741114925,612.160727331241,2.0276664047468023,7
5002,2025-02-28 11:00:00,79929.0703125,0.23333333333333334,513.14857155485,626.5273068417355,0.819036243035572,3
5016,2025-03-01 01:00:00,83832.046875,0.9,368.17090384558713,678.3346226440386,0.5427570575868832,6
5018,2025-03-01 03:00:00,85215.453125,0.5333333333333333,368.43543007199753,665.1930624518876,0.553877439301535,3
5019,2025-03-01 04:00:00,85235.5546875,0.7,308.70534569325923,663.684896218525,0.4651384225438436,3
5024,2025-03-01 09:00:00,85285.6953125,0.7333333333333333,327.5650581386361,677.4267195543513,0.4835431622096727,3
5025,2025-03-01 10:00:00,85324.2734375,0.6333333333333333,352.2813920168211,673.7139897038812,0.5228945775219244,3
5026,2025-03-01 11:00:00,84791.40625,0.9666666666666667,307.16013899817773,651.4186873931394,0.4715249116161795,3
5035,2025-03-01 20:00:00,85425.2734375,0.13333333333333333,203.32176750933644,612.2517117410567,0.3320885243932622,3
5036,2025-03-01 21:00:00,85453.6015625,0.26666666666666666,318.2021662901236,611.4610954536187,0.5203964220390213,3
5039,2025-03-02 00:00:00,86035.1640625,0.6333333333333333,339.47282534624117,606.6205210392208,0.5596131577690111,3
5047,2025-03-02 08:00:00,86202.1796875,0.16666666666666666,309.46178311405407,603.3978609102138,0.5128652306576578,3
5051,2025-03-02 12:00:00,86088.3046875,0.7333333333333333,286.67130859874976,603.1727734428738,0.4752722954692521,3
5068,2025-03-03 05:00:00,92818.953125,0.5666666666666667,220.57914176760198,781.2283109559014,0.2823491400327057,11
5072,2025-03-03 09:00:00,91341.0703125,0.5333333333333333,449.2726788661713,808.5020862027687,0.555685243777461,11
5073,2025-03-03 10:00:00,91879.140625,0.4666666666666667,409.18140049437574,809.4340573244842,0.5055154237602631,12
5074,2025-03-03 11:00:00,92493.390625,0.7,375.1211705553408,811.3420151178949,0.46234653643671164,14
5075,2025-03-03 12:00:00,92667.03125,0.43333333333333335,396.10883637408926,810.6947990790931,0.4886041415635677,13
5082,2025-03-03 19:00:00,87175.28125,0.4666666666666667,736.2727057631502,938.9034486819922,0.7841836205807,7
5084,2025-03-03 21:00:00,85929.8828125,0.7666666666666667,490.49538943032775,943.4750945728897,0.519881650561613,5
5091,2025-03-04 04:00:00,84031.1875,0.8666666666666667,532.5581225742533,997.4196781383893,0.5339358489179139,4
5101,2025-03-04 14:00:00,82667.4921875,0.7666666666666667,862.6035304898368,965.9976316755291,0.8929665065468592,8
5102,2025-03-04 15:00:00,83668.90625,0.5,980.7994398433876,969.8275083509865,1.0113132813803734,7
5105,2025-03-04 18:00:00,85285.953125,0.5666666666666667,520.9082192859416,987.5551345849055,0.5274725441075172,10
5109,2025-03-04 22:00:00,87414.578125,0.9666666666666667,339.26065708803924,995.1175251470488,0.34092521588131675,5
5111,2025-03-05 00:00:00,87214.703125,0.5666666666666667,553.2517686238389,995.5492436395374,0.5557251659408191,10
5113,2025-03-05 02:00:00,87596.6015625,0.3333333333333333,513.7540569164008,999.9493893475005,0.5137800596604615,9
5114,2025-03-05 03:00:00,87499.7890625,0.2,383.7289963051001,999.8195242113295,0.38379826259923305,7
5119,2025-03-05 08:00:00,87645.96875,0.23333333333333334,439.2381614444213,991.0908331877426,0.4431865846560769,8
5127,2025-03-05 16:00:00,88401.6484375,0.4666666666666667,399.00372343862233,1008.8528111168232,0.3955024152600775,8
5134,2025-03-05 23:00:00,90503.2578125,0.4,267.53552249608794,1012.299220798209,0.2642850226488698,10
5138,2025-03-06 03:00:00,91830.125,0.1,326.46085777855905,1020.8957378645435,0.31977884290263847,12
5140,2025-03-06 05:00:00,92298.1171875,0.3333333333333333,463.14949363056587,1023.1936663700759,0.45265086058796095,12
5143,2025-03-06 08:00:00,91348.1953125,0.7666666666666667,442.47805947879175,1027.5229727992814,0.4306259530853588,15
5144,2025-03-06 09:00:00,91263.921875,0.5666666666666667,385.357046365215,1027.486163270418,0.37504840467987416,17
5146,2025-03-06 11:00:00,91305.640625,0.3,288.0955974473895,1030.0876349396885,0.27968066762034033,17
5151,2025-03-06 16:00:00,90799.7734375,0.4,305.794504819587,1042.262257723721,0.29339497094276046,18
5152,2025-03-06 17:00:00,89384.546875,0.6666666666666666,459.38405839969647,1051.8676399263989,0.43673181012759404,10
5154,2025-03-06 19:00:00,88398.8984375,0.9666666666666667,359.9179478708416,1024.009163797003,0.35147922557281996,6
5157,2025-03-06 22:00:00,89535.140625,0.4,198.24499667960373,903.9228494232442,0.21931627993041183,4
5159,2025-03-07 00:00:00,89939.6953125,0.7,467.7816559591769,901.9101802203596,0.5186565871170075,10
5162,2025-03-07 03:00:00,87352.15625,0.8,453.4738352307569,1035.5983197731343,0.4378858352436282,7
5163,2025-03-07 04:00:00,87044.4921875,0.43333333333333335,485.41768899024197,1032.576804286481,0.4701032281329131,12
5164,2025-03-07 05:00:00,87725.75,0.4666666666666667,495.9509092861165,1035.0101874962647,0.47917490598410784,10
5165,2025-03-07 06:00:00,88194.0390625,0.8,458.63885665271073,1036.0612913030789,0.4426754097490408,9
5166,2025-03-07 07:00:00,88185.34375,0.4666666666666667,498.61954665134084,1034.7238885950014,0.4818865710430159,10
5169,2025-03-07 10:00:00,88965.375,0.4666666666666667,393.79239611577935,1019.4948307320075,0.3862622783805902,8
5175,2025-03-07 16:00:00,88445.3125,0.23333333333333334,515.8068184455055,1031.8659890726294,0.4998777204674392,12
5176,2025-03-07 17:00:00,87027.671875,0.4666666666666667,701.039338796332,1039.5261216499212,0.6743835717025103,12
5179,2025-03-07 20:00:00,87831.1328125,0.7666666666666667,528.451934662047,977.3784282564573,0.5406830347225394,10
5182,2025-03-07 23:00:00,86755.3359375,0.36666666666666664,405.5917857619718,921.9111269036434,0.4399467301411186,9
5184,2025-03-08 01:00:00,86751.8203125,0.5333333333333333,496.20740503152416,917.6902719205024,0.5407133759771506,11
5187,2025-03-08 04:00:00,85973.9140625,0.3,318.23235786522633,904.7314750580632,0.3517423308886242,8
5188,2025-03-08 05:00:00,86432.28125,0.6,355.81011201354215,862.1983222352183,0.41267780606568244,10
5191,2025-03-08 08:00:00,86158.4375,0.2,287.42244258413575,858.9107780110769,0.33463597144478846,8
5195,2025-03-08 12:00:00,85908.1796875,0.23333333333333334,309.72262484939785,849.7628012929072,0.3644812698063005,8
5197,2025-03-08 14:00:00,86302.4296875,0.4666666666666667,440.1961676518251,849.9228709448978,0.5179248408298968,9
5198,2025-03-08 15:00:00,86320.015625,0.4666666666666667,454.59055722479513,849.9217590443043,0.5348616533078999,10
5203,2025-03-08 20:00:00,86203.9453125,0.3333333333333333,285.10307894749064,827.9867156885267,0.3443329144603585,7
5204,2025-03-08 21:00:00,86266.25,0.6666666666666666,227.384728728069,811.1125877438889,0.28033682643310964,5
5214,2025-03-09 07:00:00,85871.8671875,0.6,235.68891430090812,760.3200754158332,0.3099864411340256,6
5219,2025-03-09 12:00:00,85021.28125,0.9666666666666667,255.9299163630006,761.7258630445359,0.3359869065493935,7
5220,2025-03-09 13:00:00,84537.2109375,0.6333333333333333,423.1280947009808,758.8128281474964,0.5576185312179963,6
5228,2025-03-09 21:00:00,83050.171875,0.6333333333333333,313.31026560179447,731.4126825203366,0.428363184135904,3
5229,2025-03-09 22:00:00,81810.59375,0.7,468.1541337495349,740.7103304608956,0.6320340280096177,3
5232,2025-03-10 01:00:00,81258.703125,0.6333333333333333,594.4516953613766,751.4314304876837,0.7910924021045722,4
5233,2025-03-10 02:00:00,81737.1796875,0.16666666666666666,430.5343643616395,753.3131792033224,0.5715210834582206,4
5241,2025-03-10 10:00:00,82369.4375,0.9666666666666667,403.12839577032906,746.0434170509866,0.5403551409431955,6
5243,2025-03-10 12:00:00,83615.34375,0.3333333333333333,474.09436464920776,757.3508475141069,0.6259904061708691,10
5244,2025-03-10 13:00:00,83314.4375,0.23333333333333334,401.55098000027914,756.28686733662,0.5309506185323598,9
5248,2025-03-10 17:00:00,79143.328125,0.6666666666666666,843.7001364069279,792.9555863491457,1.0639941894998377,7
5256,2025-03-11 01:00:00,77467.640625,0.4,542.9000073125766,799.1053547246613,0.6793847696085549,9
5261,2025-03-11 06:00:00,80213.359375,0.7,400.67330314365944,635.0688609140401,0.6309131620262085,3
5268,2025-03-11 13:00:00,81272.6015625,0.8333333333333334,414.94657201469886,633.2157636588411,0.6553004454864779,5
5271,2025-03-11 16:00:00,81285.9140625,0.6,590.3722255699874,663.7613003203168,0.8894345381164684,8
5274,2025-03-11 19:00:00,83191.734375,0.3333333333333333,520.9490166888646,653.3646763436758,0.7973326926765791,11
5275,2025-03-11 20:00:00,82996.8828125,0.5,449.70745096953806,638.8483308652784,0.7039346105208394,6
5280,2025-03-12 01:00:00,82737.0234375,0.3,410.1937598209439,618.0199491111911,0.6637225228908329,10
5282,2025-03-12 03:00:00,82378.8203125,0.9666666666666667,305.68637089574884,625.2835072922226,0.4888764333790242,7
5287,2025-03-12 08:00:00,82402.3671875,0.4666666666666667,395.6782182540709,630.1749703544627,0.6278862805857056,8
5290,2025-03-12 11:00:00,82461.5390625,0.3333333333333333,311.15433207701534,630.058509947394,0.4938498999132554,8
5292,2025-03-12 13:00:00,83981.4921875,0.6666666666666666,568.2687644880988,640.5640639492552,0.8871380654490109,10
5298,2025-03-12 19:00:00,82514.015625,0.4666666666666667,412.6707746170006,665.2008685891416,0.6203701680249682,10
5300,2025-03-12 21:00:00,83108.7109375,0.1,389.3262854826552,667.1909154741601,0.5835305554272547,8
5301,2025-03-12 22:00:00,82980.1796875,0.7,245.36327566284154,667.1504438150055,0.36777802958470107,5
5302,2025-03-12 23:00:00,83653.953125,0.4666666666666667,329.6268929943934,670.5041990927978,0.49161048273878605,5
5303,2025-03-13 00:00:00,83691.9375,0.26666666666666666,523.9763936222746,670.4763444821152,0.7814987030258329,11
5306,2025-03-13 03:00:00,83776.1796875,0.16666666666666666,312.73732321167455,672.9059517873542,0.464756363621083,5
5309,2025-03-13 06:00:00,83152.875,0.6,421.26788531130813,672.5898556719799,0.6263369596771904,8
5313,2025-03-13 10:00:00,83399.921875,0.23333333333333334,340.83044975213755,673.9128824469645,0.5057485301580655,6
5314,2025-03-13 11:00:00,83138.2734375,0.6666666666666666,428.63543710029927,674.2165882925557,0.6357533239960955,8
5316,2025-03-13 13:00:00,82444.0859375,0.43333333333333335,411.1658047675481,675.0866638625786,0.6090563282868309,8
5319,2025-03-13 16:00:00,81059.4375,0.8333333333333334,455.1363125967454,680.1097820443059,0.66921006668758,8
5321,2025-03-13 18:00:00,79976.3671875,0.6333333333333333,567.9499695574082,680.8233826265762,0.8342104340868712,7
5323,2025-03-13 20:00:00,80251.234375,0.7666666666666667,349.9632685590719,684.2702538893856,0.5114401313952842,3
5324,2025-03-13 21:00:00,80332.5234375,0.9,296.92116012492096,683.9755953997302,0.43411075208230754,3
5325,2025-03-13 22:00:00,80737.2578125,0.7333333333333333,223.99855770131157,683.9509433187933,0.3275067603743396,4
5335,2025-03-14 08:00:00,82242.9140625,0.43333333333333335,470.18727555665646,657.2609281657371,0.7153738422711968,8
5336,2025-03-14 09:00:00,82581.1796875,0.16666666666666666,381.63726407853164,657.3735441448139,0.5805485594571785,8
5337,2025-03-14 10:00:00,82778.734375,0.1,389.806556361197,657.6445457833768,0.59273137572648,8
5342,2025-03-14 15:00:00,83446.1015625,0.5666666666666667,541.0375341334463,629.7717008782859,0.8591010573814448,8
5344,2025-03-14 17:00:00,84779.875,0.2,217.59806899728605,617.1340419345233,0.3525945000784331,6
5345,2025-03-14 18:00:00,84346.9921875,0.3333333333333333,316.33374880314227,584.9667125333447,0.5407722217785348,6
5348,2025-03-14 21:00:00,84184.984375,0.16666666666666666,284.86983406989583,573.5596790761921,0.49666990979687314,6
5349,2025-03-14 22:00:00,84204.203125,0.3,224.75225299555078,563.5490499371253,0.39881577836148635,5
5351,2025-03-15 00:00:00,83977.375,0.5666666666666667,379.24983110616745,549.0630848133143,0.6907217796933395,7
5352,2025-03-15 01:00:00,84326.9765625,0.16666666666666666,266.4842410506724,549.6601645986835,0.4848163614789825,5
5353,2025-03-15 02:00:00,84352.7421875,0.3333333333333333,236.45216688467923,549.5333249996238,0.43027812168596163,4
5357,2025-03-15 06:00:00,84297.6875,0.4,228.66217172785022,507.22034713734644,0.45081427237368393,4
5359,2025-03-15 08:00:00,83839.515625,0.5,262.5007213345744,508.37278235163996,0.5163547901213237,6
5360,2025-03-15 09:00:00,83888.1796875,0.4666666666666667,293.45855225918456,506.5187369273109,0.579363665872242,7
5363,2025-03-15 12:00:00,84126.5625,0.36666666666666664,224.65055409414612,501.8062330761421,0.44768386537769156,4
5364,2025-03-15 13:00:00,84139.5546875,0.23333333333333334,381.9108156799897,500.5880211128909,0.7629244000504408,6
5368,2025-03-15 17:00:00,84346.265625,0.1,173.98745594160678,499.34913442578005,0.3484284720783212,4
5369,2025-03-15 18:00:00,84414.0625,0.6,273.5572251015744,481.1569644260401,0.5685405082474362,5
5371,2025-03-15 20:00:00,84284.9609375,0.5666666666666667,205.07419123889213,457.39202798293167,0.448355412190404,4
5373,2025-03-15 22:00:00,84398.9609375,0.36666666666666664,185.38365038243026,415.2634894846818,0.4464241501521859,4
5374,2025-03-15 23:00:00,84397.53125,0.2,196.97514331907794,414.7394528898398,0.4749370766310894,4
5377,2025-03-16 02:00:00,83923.203125,0.4,225.47253932301714,415.4350965582988,0.5427383030248533,3
5381,2025-03-16 06:00:00,84370.25,0.26666666666666666,169.25640559927146,401.2357254002698,0.4218378247112031,4
5389,2025-03-16 14:00:00,82571.0390625,0.9,307.5939337224968,407.567465195392,0.7547067908745687,7
5390,2025-03-16 15:00:00,83325.1015625,0.7333333333333333,310.221127673492,411.09269955931484,0.7546257279831151,7
5391,2025-03-16 16:00:00,83346.25,0.6666666666666666,252.33122260046983,398.86297726393593,0.6326263328107713,4
5396,2025-03-16 21:00:00,83151.4375,0.2,282.0064563268857,365.5988186290771,0.7713549441553282,4
5398,2025-03-16 23:00:00,82135.6796875,0.6333333333333333,288.56430679466195,363.33879713594683,0.79420174522869,8
5401,2025-03-17 02:00:00,83217.6328125,0.8,157.3398736034016,363.08575317476624,0.43334080786052837,4
5402,2025-03-17 03:00:00,83271.90625,0.7666666666666667,157.48912356780374,363.108616156919,0.43372455667574716,4
5403,2025-03-17 04:00:00,83700.8125,0.23333333333333334,167.32716221366314,364.95668946708514,0.45848498477448546,4
5405,2025-03-17 06:00:00,83154.734375,0.4666666666666667,273.6292234235039,363.9464760177675,0.7518391891508398,8
5407,2025-03-17 08:00:00,83521.328125,0.43333333333333335,349.0431997047721,363.4895699837139,0.9602564379506431,9
5408,2025-03-17 09:00:00,83583.2734375,0.16666666666666666,317.28824412002854,363.33284419373825,0.8732715723075187,6
5419,2025-03-17 20:00:00,84482.6953125,0.4666666666666667,206.07106390047875,354.03174728795494,0.58206944851437,10
5425,2025-03-18 02:00:00,83083.734375,0.8333333333333334,257.5319760198504,339.2304371307246,0.7591652983679905,8
5438,2025-03-18 15:00:00,81799.0,0.23333333333333334,349.64970790354374,365.96447474033357,0.9554198072138947,10
5440,2025-03-18 17:00:00,81846.125,0.43333333333333335,343.9842883379594,367.19574794855447,0.9367872320410228,8
5443,2025-03-18 20:00:00,82428.3515625,0.5333333333333333,252.27390760079956,353.81264983596935,0.7130155117906495,6
5448,2025-03-19 01:00:00,82977.6796875,0.23333333333333334,319.25047815255044,355.8440657927369,0.8971639795125864,13
5450,2025-03-19 03:00:00,82858.40625,0.06666666666666667,248.6614741678967,353.42489597864704,0.7035765646314858,6
5453,2025-03-19 06:00:00,83239.0234375,0.43333333333333335,188.69939853374916,352.7513728169676,0.5349359721178456,9
5457,2025-03-19 10:00:00,83528.375,0.1,172.7469077246188,352.99031544232906,0.48938143673474777,6
5458,2025-03-19 11:00:00,83490.3125,0.4666666666666667,147.9377126404524,351.30908439230785,0.42110414792248846,8
5463,2025-03-19 16:00:00,84726.921875,0.26666666666666666,248.10298360595215,358.20526973380265,0.6926279554466853,13
5465,2025-03-19 18:00:00,84153.84375,0.3333333333333333,205.80163799705412,358.3829679165723,0.5742506101600301,16
5467,2025-03-19 20:00:00,85317.53125,0.2,273.511941261934,395.6552309251059,0.6912885762243528,16
5468,2025-03-19 21:00:00,85309.1640625,0.1,242.4007473819739,395.6157783940188,0.6127175927259192,14
5470,2025-03-19 23:00:00,86191.578125,0.4,266.9976659024275,400.30864633975864,0.666979512792775,6
5481,2025-03-20 10:00:00,85850.390625,0.3333333333333333,232.9032329394087,416.76834247434914,0.5588313919350609,12
5482,2025-03-20 11:00:00,85197.8515625,0.6666666666666666,216.76881466444158,422.0977798202386,0.5135511841752834,14
5485,2025-03-20 14:00:00,85414.2109375,0.43333333333333335,205.95148901879995,420.7855726491406,0.4894452243744735,13
5488,2025-03-20 17:00:00,83713.7265625,0.6,348.88158750637115,436.28118057777857,0.7996714115523804,11
5491,2025-03-20 20:00:00,84188.125,0.3333333333333333,296.04347476054335,430.95381503432014,0.6869494234247981,10
5492,2025-03-20 21:00:00,84499.8046875,0.4,171.35713048665292,430.67002643580486,0.39788496985683586,10
5495,2025-03-21 00:00:00,84164.5390625,0.36666666666666664,253.59490423167122,426.70964558567084,0.5943031915381364,13
5501,2025-03-21 06:00:00,84367.3359375,0.8,207.21044689093395,419.0608067904667,0.49446391438496085,13
5502,2025-03-21 07:00:00,84150.03125,0.7666666666666667,243.89542079281637,417.531554329161,0.5841365000177721,11
5504,2025-03-21 09:00:00,83972.3046875,0.9,175.95835158828325,416.0906754572692,0.42288463060344034,8
5507,2025-03-21 12:00:00,84026.7890625,0.7,260.141408600401,415.3377013321299,0.6263370933243928,18
5510,2025-03-21 15:00:00,84093.96875,0.4,355.2705668032919,422.80420891445186,0.8402720675734229,16
5514,2025-03-21 19:00:00,84111.453125,0.4666666666666667,184.07297124422092,422.3593686276852,0.4358207368343791,12
5515,2025-03-21 20:00:00,83962.1796875,0.13333333333333333,185.95795585058943,422.5409843836223,0.44009448248399824,10
5520,2025-03-22 01:00:00,84174.4296875,0.3,252.807829650182,410.7942882718455,0.6154122315422383,11
5523,2025-03-22 04:00:00,84231.3046875,0.4,144.76692002933265,410.13061330218846,0.3529776011201263,7
5524,2025-03-22 05:00:00,84342.1015625,0.13333333333333333,154.47857677459754,403.9779172504859,0.3823936165273443,10
5526,2025-03-22 07:00:00,84296.0546875,0.3,190.46383634624496,401.09999581702044,0.47485374802430436,10
5528,2025-03-22 09:00:00,84203.7578125,0.6,197.62058336180905,400.8375713484124,0.4930191116990755,10
5534,2025-03-22 15:00:00,84001.359375,0.4,230.89253337336396,389.7687069616327,0.5923834552374471,11
5535,2025-03-22 16:00:00,84091.9453125,0.4666666666666667,128.5868651921984,389.16008804249014,0.33042151326206587,5
5540,2025-03-22 21:00:00,84009.46875,0.6333333333333333,124.44214377105199,363.01946586727615,0.3427974405552935,5
5546,2025-03-23 03:00:00,84237.625,0.13333333333333333,133.48495661043458,350.31559229051624,0.3810420076869878,8
5549,2025-03-23 06:00:00,84223.2734375,0.13333333333333333,140.85338636877583,348.46901479118134,0.4042063437209235,6
5553,2025-03-23 10:00:00,84320.2890625,0.16666666666666666,118.41221793315302,346.735431408737,0.34150596451035,9
5560,2025-03-23 17:00:00,85271.140625,0.0,101.31164279184712,343.9966566914793,0.29451345186389594,10
5565,2025-03-23 22:00:00,85163.9453125,0.2,101.01788797601633,297.8516850798157,0.33915499906923957,7
5566,2025-03-23 23:00:00,85383.0234375,0.16666666666666666,102.31901342278717,295.1859912536426,0.3466255732131548,7
5567,2025-03-24 00:00:00,86049.6953125,0.16666666666666666,253.3626115957998,302.6019758078173,0.8372800967985434,8
5569,2025-03-24 02:00:00,85555.7578125,0.1,146.75425576180538,298.6465425631925,0.4913978059222056,10
5570,2025-03-24 03:00:00,85956.2421875,0.03333333333333333,136.4075661818919,293.3866490928791,0.4649412868774017,4
5572,2025-03-24 05:00:00,86864.2109375,0.36666666666666664,327.7988685015828,290.4292098905832,1.1286704551001543,8
5576,2025-03-24 09:00:00,87451.515625,0.03333333333333333,234.20810889468981,294.18075530666476,0.7961367447389369,8
5577,2025-03-24 10:00:00,87161.921875,0.5666666666666667,174.07095637797534,295.74701866952836,0.5885805955409631,6
5579,2025-03-24 12:00:00,87699.4765625,0.2,279.971408156933,299.238374094172,0.9356133183266945,9
5580,2025-03-24 13:00:00,87303.8125,0.4,198.57648021966958,298.7789472268753,0.6646267485134493,9
5586,2025-03-24 19:00:00,88538.6484375,0.1,189.2015918826915,261.8691261920759,0.7225043846670028,7
5590,2025-03-24 23:00:00,87398.4296875,0.4666666666666667,178.72342663270425,256.48808293418153,0.6968098657377668,8
5591,2025-03-25 00:00:00,87518.578125,0.13333333333333333,177.2586722109323,255.09297362504685,0.6948786934111296,8
5593,2025-03-25 02:00:00,87076.015625,0.5333333333333333,232.3858004251934,260.0742033417641,0.8935365270342277,8
5598,2025-03-25 07:00:00,86592.9453125,0.6333333333333333,215.18811956399114,260.81139688111153,0.8250717650275178,9
5606,2025-03-25 15:00:00,87945.421875,0.16666666666666666,287.826441782531,271.83989754552965,1.0588086751847152,13
5607,2025-03-25 16:00:00,87877.5,0.13333333333333333,207.98178411029508,263.3024330717622,0.7898969321472633,10
5611,2025-03-25 20:00:00,88272.265625,0.0,135.4280979159509,249.7593438893079,0.5422343597121714,6
5613,2025-03-25 22:00:00,87779.1875,0.2,124.57147646206322,253.43512112708467,0.49153201777269473,4
5615,2025-03-26 00:00:00,87460.234375,0.4,212.64211249735501,253.79219524354968,0.8378591480848916,8
5617,2025-03-26 02:00:00,87854.8203125,0.43333333333333335,195.8287758300299,254.38266615090595,0.7698196531750302,8
5625,2025-03-26 10:00:00,87908.0078125,0.3333333333333333,200.07211668749298,264.473191515029,0.7564929947772179,7
5629,2025-03-26 14:00:00,86875.4296875,0.9,204.03762376172824,284.7956521235739,0.7164351781367629,9
5631,2025-03-26 16:00:00,86724.765625,0.4,248.1787924144326,284.4380444465225,0.8725231988475893,10
5633,2025-03-26 18:00:00,86526.0625,0.5,246.9293647403265,284.8989591289563,0.8667261035115145,11
5639,2025-03-27 00:00:00,86896.2578125,0.8,225.14449123121508,295.3079550532973,0.7624057780312112,8
5642,2025-03-27 03:00:00,87599.9765625,0.36666666666666664,178.35146853749575,297.1915328056805,0.600122980805484,9
5644,2025-03-27 05:00:00,87508.2578125,0.23333333333333334,157.2957064007657,297.75939054665304,0.5282644692145169,5
5649,2025-03-27 10:00:00,87492.5546875,0.3333333333333333,163.8734276409614,297.7745990771575,0.5503270868261653,6
5652,2025-03-27 13:00:00,86759.578125,0.9666666666666667,162.20174908743465,301.5490329684377,0.537895106115004,10
5659,2025-03-27 20:00:00,87150.8359375,0.06666666666666667,126.29589302806873,315.1690855181879,0.400724242418695,5
5662,2025-03-27 23:00:00,87355.875,0.3,145.8427725742136,314.8515919073713,0.46321116463378165,5
5666,2025-03-28 03:00:00,86926.921875,0.5333333333333333,118.41861258833393,309.8775695508504,0.3821464482246161,8
5668,2025-03-28 05:00:00,86183.0703125,0.7,203.29143287815697,313.36125762930754,0.648744629173788,7
5671,2025-03-28 08:00:00,85196.1015625,0.8333333333333334,244.91611652988715,310.2905091284136,0.7893123035501183,17
5672,2025-03-28 09:00:00,85212.0546875,0.5333333333333333,244.85959445881463,310.2741512886706,0.7891717484096957,14
5674,2025-03-28 11:00:00,84893.5625,0.7666666666666667,159.9154012134147,309.3894617402173,0.5168741052586,18
5677,2025-03-28 14:00:00,84992.0546875,0.7666666666666667,215.79210451719914,297.68257373950127,0.7249067414541922,17
5689,2025-03-29 02:00:00,84254.4453125,0.6,127.0218568380926,286.760789079255,0.4429540637195913,11
5695,2025-03-29 08:00:00,83715.7578125,0.7333333333333333,168.2797290479617,284.11070760635675,0.5923033681684321,12
5700,2025-03-29 13:00:00,82403.21875,0.3333333333333333,340.57647864753704,291.9006265412119,1.166754873681139,15
5701,2025-03-29 14:00:00,82790.359375,0.7,240.01840406834944,295.070827897029,0.8134264094453578,14
5702,2025-03-29 15:00:00,82522.7734375,0.4666666666666667,263.1251391367943,294.1369299726871,0.8945668235580875,10
5709,2025-03-29 22:00:00,82547.03125,0.16666666666666666,153.69499155009956,285.10539895053057,0.5390813085821907,7
5711,2025-03-30 00:00:00,82596.984375,0.23333333333333334,182.62764888261916,280.8999500856088,0.6501519449432456,11
5716,2025-03-30 05:00:00,83084.2109375,0.43333333333333335,98.6226383641495,283.6557799919098,0.34768421911572656,4
5718,2025-03-30 07:00:00,83130.40625,0.5666666666666667,193.57953542240978,280.99002190874285,0.6889196068509458,12
5719,2025-03-30 08:00:00,83063.2578125,0.5666666666666667,149.199577270718,280.23709034766625,0.5324048186684311,9
5722,2025-03-30 11:00:00,83102.578125,0.43333333333333335,221.0475662957647,278.67530814182277,0.7932082959544795,10
5724,2025-03-30 13:00:00,83013.9765625,0.4666666666666667,329.33212698320403,278.38867016281375,1.1829940018413692,14
5725,2025-03-30 14:00:00,82692.9609375,0.4666666666666667,214.84313459129032,276.9001715703489,0.7758866069778059,10
5730,2025-03-30 19:00:00,82689.59375,0.6666666666666666,109.26206640738826,267.7716821149076,0.40804190175905586,4
5732,2025-03-30 21:00:00,82517.578125,0.6,148.20226608834164,267.3284152272415,0.5543827653426324,6
5736,2025-03-31 01:00:00,81624.6171875,0.43333333333333335,277.114819957866,266.9012398354746,1.038267263684078,9
5737,2025-03-31 02:00:00,81976.9453125,0.5333333333333333,234.74065607204062,268.4385389671864,0.874467045511431,10
5740,2025-03-31 05:00:00,81819.2890625,0.4,190.64916307966124,269.51514077396126,0.7073783036165532,10
5743,2025-03-31 08:00:00,81849.046875,0.4,250.7706101195664,270.0325228515053,0.9286681747497086,11
5745,2025-03-31 10:00:00,81478.2109375,0.5,269.96734826411335,272.4729974740827,0.9908040457836278,9
5750,2025-03-31 15:00:00,83497.828125,0.4,332.92489082255895,303.81962157982997,1.0957978589117603,20
5753,2025-03-31 18:00:00,82687.046875,0.6666666666666666,256.8371899247294,295.15103019274846,0.87018903426155,11
5754,2025-03-31 19:00:00,83372.7890625,0.36666666666666664,142.52356719580607,302.9831974666349,0.47040089479384756,14
5757,2025-03-31 22:00:00,82563.484375,0.1,85.5641510666348,310.61955632195037,0.27546285906721674,5
5759,2025-04-01 00:00:00,82551.921875,0.4,222.2251969469138,311.0237956625843,0.7144958040059286,12
5763,2025-04-01 04:00:00,82928.46875,0.9666666666666667,128.70241699689254,312.17756830494716,0.4122731101267693,8
5764,2025-04-01 05:00:00,83063.4609375,0.4666666666666667,142.22435264941493,312.6305826727614,0.4549278302637617,9
5765,2025-04-01 06:00:00,83000.96875,0.6666666666666666,176.80069500233722,311.5357181002207,0.5675134012898663,10
5772,2025-04-01 13:00:00,83652.765625,0.6333333333333333,338.2886251342126,313.9723630695341,1.0774471416112932,18
5775,2025-04-01 16:00:00,85272.8984375,0.4,250.76119231509702,335.9791933565965,0.7463592903175641,11
5777,2025-04-01 18:00:00,85142.109375,0.43333333333333335,249.91255301944634,325.7154413340412,0.7672726598280788,14
5779,2025-04-01 20:00:00,84829.515625,0.6,194.17783430867064,325.7490307081422,0.596096430084687,10
5789,2025-04-02 06:00:00,84145.1328125,0.8,172.42047782529374,329.067007030448,0.5239676848227449,14
5794,2025-04-02 11:00:00,84848.21875,0.13333333333333333,153.29979992138948,330.7146227651669,0.4635410392187111,15
5796,2025-04-02 13:00:00,85001.078125,0.26666666666666666,222.1819666055781,332.62654687826574,0.6679622197650147,18
5797,2025-04-02 14:00:00,85468.5078125,0.6333333333333333,266.0577212725081,327.09013694559303,0.8134079607443595,16
5801,2025-04-02 18:00:00,86601.21875,0.6333333333333333,278.5965508853535,336.14456748162434,0.8287998017418005,17
5802,2025-04-02 19:00:00,86317.65625,0.5333333333333333,163.82375875090403,337.23421972029575,0.48578628493508313,9
5804,2025-04-02 21:00:00,85651.546875,0.43333333333333335,352.71793596615856,363.74750702060294,0.9696779473630327,21
5808,2025-04-03 01:00:00,83144.140625,0.43333333333333335,400.1843969233014,430.7094119476842,0.9291285164019343,20
5809,2025-04-03 02:00:00,83801.3671875,0.43333333333333335,411.8789942234254,435.1899312600066,0.9464350267270915,22
5810,2025-04-03 03:00:00,83729.3203125,0.6666666666666666,307.807748976417,434.74930144514923,0.7080120610964385,17
5811,2025-04-03 04:00:00,83483.140625,0.4666666666666667,329.5927744390279,435.2154451391744,0.7573094616015519,15
5819,2025-04-03 12:00:00,83040.90625,0.36666666666666664,260.6420157871883,437.5644473232415,0.5956654325588855,13
5820,2025-04-03 13:00:00,82035.78125,0.4,391.398066529571,448.7429318728297,0.8722099864527565,15
5821,2025-04-03 14:00:00,82280.1640625,0.7,352.6615156153035,448.0139681093539,0.7871663401557688,14
5824,2025-04-03 17:00:00,81752.6171875,0.5,221.64947454476908,457.71656762303087,0.4842504952263746,7
5827,2025-04-03 20:00:00,82066.6015625,0.7666666666666667,148.868752877468,455.9592781579357,0.32649572014170675,9
5828,2025-04-03 21:00:00,82284.90625,0.3333333333333333,138.02263128251107,456.38323984589783,0.3024270376999728,8
5833,2025-04-04 02:00:00,82590.4453125,0.4,161.20544913510597,460.2584723387079,0.3502498244431524,10
5835,2025-04-04 04:00:00,82782.6328125,0.6,188.3175167434691,455.3219894292931,0.413591965939332,11
5841,2025-04-04 10:00:00,84644.9453125,0.26666666666666666,292.0588932844515,464.02815695203617,0.6293990761311493,14
5851,2025-04-04 20:00:00,83918.0,0.7,255.5550948019251,512.6685493139971,0.49848014890689885,20
5853,2025-04-04 22:00:00,84184.0546875,0.6,132.0443333774874,504.8872983794313,0.2615322940413008,15
5865,2025-04-05 10:00:00,83812.390625,0.6,122.42544115405231,497.20998173424954,0.2462248258312052,16
5867,2025-04-05 12:00:00,83435.46875,0.4666666666666667,218.00819354588157,493.51164827692673,0.44174883066498466,14
5870,2025-04-05 15:00:00,82933.859375,0.6333333333333333,225.90327109999262,495.6561631362478,0.45576608927970796,14
5872,2025-04-05 17:00:00,82714.9609375,0.7666666666666667,146.99547268470667,496.4828643341246,0.29607360745844635,12
5874,2025-04-05 19:00:00,83046.5390625,0.5333333333333333,125.12816522487631,480.60494292820283,0.26035555203095173,9
5876,2025-04-05 21:00:00,83039.4453125,0.16666666666666666,166.1965752697748,481.9459069690483,0.3448448733904246,9
5882,2025-04-06 03:00:00,83268.7734375,0.5,132.3810111126353,481.1384649452769,0.27514119272856696,9
5885,2025-04-06 06:00:00,83413.171875,0.36666666666666664,106.62400295898995,478.79843800796186,0.22269079114501394,6
5886,2025-04-06 07:00:00,83125.671875,0.7,206.12936505918483,479.3813461924182,0.4299903755046131,9
5887,2025-04-06 08:00:00,82996.9609375,0.5333333333333333,187.48510596154304,479.5126074321432,0.3909909834603763,11
5888,2025-04-06 09:00:00,82990.6640625,0.16666666666666666,157.60924584667086,477.8567957488652,0.32982526825777625,9
5896,2025-04-06 17:00:00,81963.0234375,0.6333333333333333,171.14849417581215,475.04530764358543,0.3602782543517314,5
5897,2025-04-06 18:00:00,80709.6640625,0.5333333333333333,344.33688582856115,488.19243692508684,0.705330234112987,11
5900,2025-04-06 21:00:00,78802.1484375,0.9333333333333333,301.4015023378358,516.5403979775925,0.58350034870053,9
5901,2025-04-06 22:00:00,78929.84375,0.8333333333333334,302.98219520577095,516.53048856639,0.5865717550317041,10
5909,2025-04-07 06:00:00,76824.09375,0.3,342.0407384329761,476.88705076945826,0.717236372598276,5
5913,2025-04-07 10:00:00,76193.9609375,0.26666666666666666,422.8147718152607,527.4859178939012,0.8015659896731232,4
5914,2025-04-07 11:00:00,76874.671875,0.7333333333333333,313.210647240609,530.2568409406233,0.5906772398919063,5
5916,2025-04-07 13:00:00,77292.4453125,0.13333333333333333,382.38189705677314,534.8185390215469,0.7149750226615977,7
5918,2025-04-07 15:00:00,78982.7734375,0.23333333333333334,964.8592392648686,549.613159226032,1.7555242684210621,26
5929,2025-04-08 02:00:00,80670.8671875,0.5333333333333333,306.62553665561353,613.5136217242102,0.49978602886416335,12
5932,2025-04-08 05:00:00,80279.2109375,0.4666666666666667,262.1052268031577,616.8558723813076,0.4249051334979237,7
5933,2025-04-08 06:00:00,79820.359375,0.5666666666666667,466.7182240473273,617.7124732541682,0.7555590088518225,13
5935,2025-04-08 08:00:00,79475.4921875,0.43333333333333335,333.71410027545465,618.630503423252,0.5394400994273888,7
5937,2025-04-08 10:00:00,78946.40625,0.4666666666666667,357.4701667933958,617.3446974416994,0.5790446865013438,7
5939,2025-04-08 12:00:00,79980.859375,0.5333333333333333,412.137918636057,617.1662353363186,0.6677907750599262,9
5945,2025-04-08 18:00:00,77295.171875,0.13333333333333333,422.7178615679971,599.0812142453931,0.7056102770647807,8
5946,2025-04-08 19:00:00,77226.828125,0.7,283.6684719966903,598.7208958505704,0.47379083302863156,14
5951,2025-04-09 00:00:00,76273.5625,0.36666666666666664,260.4044586853376,587.8384754938073,0.4429864147061617,7
5961,2025-04-09 10:00:00,77472.4765625,0.13333333333333333,218.77231396545963,619.3018429073325,0.3532563587061617,4
5973,2025-04-09 22:00:00,83268.90625,0.43333333333333335,348.51128767787264,772.7565563891576,0.4509975163541201,12
5975,2025-04-10 00:00:00,82565.9765625,0.5333333333333333,304.7189094146978,773.6416234344251,0.39387605343926557,15
5980,2025-04-10 05:00:00,81964.609375,0.43333333333333335,202.42401532773877,775.1308878576381,0.2611481731649382,9
5981,2025-04-10 06:00:00,82140.8125,0.4666666666666667,315.59079050847663,775.2551028240545,0.407079926799399,13
5984,2025-04-10 09:00:00,81499.4375,0.8666666666666667,297.9111365381252,776.8125383934433,0.38350454171896736,13
5986,2025-04-10 11:00:00,81698.3828125,0.7333333333333333,248.98278742305916,778.6363397858395,0.3197677461233582,13
5992,2025-04-10 17:00:00,79403.6875,0.6666666666666666,400.9179556472536,827.7552107913123,0.48434362045753426,7
5994,2025-04-10 19:00:00,79499.9765625,0.6,305.393276404227,827.3372583092338,0.3691279140846817,7
6001,2025-04-11 02:00:00,80377.7890625,0.26666666666666666,296.69937683652597,796.6546163912105,0.37243162938106517,7
6003,2025-04-11 04:00:00,80762.4921875,0.1,224.7861163908569,797.8132316140552,0.2817528056486257,7
6006,2025-04-11 07:00:00,81031.234375,0.7,297.47858476928246,785.2381566161354,0.3788386774927256,10
6008,2025-04-11 09:00:00,81517.8984375,0.16666666666666666,221.88086821697428,782.9469510241167,0.2833919564112841,9
6010,2025-04-11 11:00:00,82587.2265625,0.4,277.5785036460393,758.7161298129422,0.3658529095914633,13
6013,2025-04-11 14:00:00,82794.6875,0.3333333333333333,352.55662301995534,754.4820134167998,0.4672830057582723,19
6016,2025-04-11 17:00:00,82785.4375,0.3333333333333333,185.91168206317957,754.1703774476515,0.24651151466908958,11
6020,2025-04-11 21:00:00,83822.8046875,0.5666666666666667,185.88479653321303,727.9461540446761,0.2553551461195092,7
6021,2025-04-11 22:00:00,83678.4453125,0.4666666666666667,254.252045891273,723.8237374347736,0.3512623761032493,9
6024,2025-04-12 01:00:00,83324.3359375,0.3,194.0577127859742,721.2550695945705,0.26905559623318454,16
6028,2025-04-12 05:00:00,83252.7890625,0.23333333333333334,134.77449060638358,695.134933298099,0.19388248834933378,10
6030,2025-04-12 07:00:00,83541.4375,0.13333333333333333,199.11098909943865,690.8023081526311,0.28823150523614866,13
6034,2025-04-12 11:00:00,83385.4765625,0.23333333333333334,168.27695207793664,686.9496515349813,0.24496256996698912,13
6036,2025-04-12 13:00:00,83764.7890625,0.2,289.97962681896405,685.8626742872723,0.42279546283853703,16
6038,2025-04-12 15:00:00,84888.9765625,0.6333333333333333,317.05747728819,683.0800366027894,0.46415860557868815,10
6041,2025-04-12 18:00:00,84733.359375,0.4,218.1688953205199,668.1033378387144,0.32654962632919465,4
6043,2025-04-12 20:00:00,84894.3671875,0.6333333333333333,188.64839716275142,660.0051369987834,0.2858286800926811,5
6048,2025-04-13 01:00:00,85527.3359375,0.03333333333333333,194.71882294761522,660.8762837108154,0.2946373288723125,7
6050,2025-04-13 03:00:00,85373.5234375,0.3,207.79344081356103,658.8187828420918,0.3154030307350326,5
6052,2025-04-13 05:00:00,84523.8203125,0.06666666666666667,163.6270749968897,663.4691072116722,0.24662350246352369,9
6058,2025-04-13 11:00:00,84667.484375,0.6333333333333333,209.82925503816276,641.2305868319976,0.32722901768430146,4
6060,2025-04-13 13:00:00,84387.2890625,0.2,289.4030820715099,639.9982442075117,0.45219355629618646,15
6061,2025-04-13 14:00:00,83510.0,0.4,486.0651623443233,646.9016386592695,0.7513741398950752,22
6069,2025-04-13 22:00:00,83598.8125,0.3333333333333333,141.58723776298635,480.84511518823615,0.29445497789357655,13
6070,2025-04-13 23:00:00,83304.40625,0.7,155.03284117563751,480.2260182336707,0.32283307294733227,11
6071,2025-04-14 00:00:00,83694.5234375,0.26666666666666666,156.95014631838347,473.62568897782666,0.331380138305233,14
6072,2025-04-14 01:00:00,84258.5703125,0.2,270.38613925862023,476.6798782683014,0.5672279271382045,11
6073,2025-04-14 02:00:00,84093.171875,0.13333333333333333,157.9194465944092,476.2982000065887,0.3315558332830666,11
6075,2025-04-14 04:00:00,84494.984375,0.5666666666666667,192.32137068438627,486.8394535212112,0.3950406428512823,7
6088,2025-04-14 17:00:00,84367.96875,0.13333333333333333,212.69399366444634,506.9090472185641,0.41959005236049574,11
6092,2025-04-14 21:00:00,84891.3984375,0.4,194.36299782373158,427.18480790580116,0.45498574440547684,4
6095,2025-04-15 00:00:00,84539.6953125,0.7333333333333333,252.24562375612214,427.879894041688,0.5895243671616551,11
6099,2025-04-15 04:00:00,85353.8046875,0.13333333333333333,192.80872923531223,423.6244706969212,0.45514067900306854,6
6105,2025-04-15 10:00:00,85940.515625,0.5333333333333333,189.5289991803022,401.50306195484484,0.472048701839334,6
6110,2025-04-15 15:00:00,85171.9375,0.5,308.63596558874394,395.4806603664275,0.780407227252987,11
6113,2025-04-15 18:00:00,84512.1015625,0.4,253.2111635725159,379.7986313273656,0.6666984625183173,11
6115,2025-04-15 20:00:00,84010.5234375,0.6666666666666666,147.39362706429068,376.3922302098901,0.39159582805973064,13
6121,2025-04-16 02:00:00,83613.2421875,0.36666666666666664,217.03736225447426,367.62087309270504,0.590383675520358,16
6122,2025-04-16 03:00:00,83876.2109375,0.3,194.57091004684727,368.54486037813473,0.527943626312448,11
6124,2025-04-16 05:00:00,83540.1875,0.23333333333333334,184.43459258002122,368.8377191436537,0.5000426556379073,14
6127,2025-04-16 08:00:00,83325.65625,0.5666666666666667,217.68966032126627,368.8611561518743,0.5901669413833185,14
6128,2025-04-16 09:00:00,83662.0546875,0.5666666666666667,195.981447192941,370.36408707564703,0.5291588845462538,8
6132,2025-04-16 13:00:00,83770.1796875,0.36666666666666664,211.5311545484921,371.7226649575315,0.5690563812477216,13
6134,2025-04-16 15:00:00,84550.8046875,0.7,350.3193999685967,378.7264000862669,0.9249933458264341,13
6138,2025-04-16 19:00:00,84036.1015625,0.8666666666666667,207.2507619719283,413.84891117357904,0.500788467424533,9
6148,2025-04-17 05:00:00,84140.59375,0.36666666666666664,198.6300842767135,408.31980122519235,0.4864571438385058,5
6151,2025-04-17 08:00:00,84622.6953125,0.6333333333333333,314.66476055246835,402.4200528861318,0.7819311147536314,11
6154,2025-04-17 11:00:00,84340.1171875,0.3,199.42324761688013,402.61935091386704,0.49531461208764166,7
6156,2025-04-17 13:00:00,84754.7109375,0.23333333333333334,178.54305549647017,402.4620915963391,0.4436270128903098,9
6157,2025-04-17 14:00:00,84406.1875,0.36666666666666664,291.159608940091,403.39383233908944,0.7217750634703426,12
6168,2025-04-18 01:00:00,84772.8984375,0.8333333333333334,218.08124973209888,380.6313059546051,0.5729461721104666,7
6174,2025-04-18 07:00:00,84710.984375,0.6333333333333333,222.0113615294637,355.67123030422755,0.6242038787887445,9
6181,2025-04-18 14:00:00,84542.7109375,0.5666666666666667,247.71829817719143,348.96610063393007,0.7098635017188993,10
6186,2025-04-18 19:00:00,84593.59375,0.8333333333333334,156.97288224799863,300.06250122549204,0.52313395244958,6
6194,2025-04-19 03:00:00,84750.421875,0.5666666666666667,127.91732742347664,294.484981462681,0.4343764044880066,4
6196,2025-04-19 05:00:00,85010.046875,0.7333333333333333,95.66413662886742,293.3474667918558,0.326112025697995,5
6205,2025-04-19 14:00:00,85463.9296875,0.3333333333333333,262.34246585833637,289.72998805743237,0.9054722557967764,13
6208,2025-04-19 17:00:00,84830.2578125,0.9666666666666667,111.57482254766758,291.42741222795144,0.38285630611987503,7
6212,2025-04-19 21:00:00,85200.625,0.6666666666666666,116.74984320619824,286.3307815052585,0.4077446462180459,5
6224,2025-04-20 09:00:00,84642.2734375,0.5666666666666667,194.79366972166005,271.0841682441131,0.7185726521153647,5
6225,2025-04-20 10:00:00,84521.515625,0.26666666666666666,171.74072236401162,270.58445902024147,0.6347028317364092,5
6232,2025-04-20 17:00:00,84606.5,0.6333333333333333,205.7630547702565,270.21897527232613,0.761467822764441,8
6234,2025-04-20 19:00:00,84573.3984375,0.7,130.85533120850855,257.6768518596845,0.5078272660664318,4
6238,2025-04-20 23:00:00,84817.9296875,0.8333333333333334,147.7159911442006,181.51670627366096,0.8137873046324384,5
6242,2025-04-21 03:00:00,87361.0234375,0.36666666666666664,274.166278191041,236.39122024078708,1.1597989041715526,7
6244,2025-04-21 05:00:00,87332.1875,0.1,211.2237844631574,236.86487582663898,0.8917480218458044,8
6247,2025-04-21 08:00:00,87435.6796875,0.16666666666666666,290.80086044471074,235.65685087230642,1.2340013004853603,11
6250,2025-04-21 11:00:00,87355.2578125,0.4666666666666667,132.00125699687442,231.65505885832548,0.5698181496550142,8
6259,2025-04-21 20:00:00,87380.0625,0.3333333333333333,185.94661415133274,271.8487017176934,0.6840077328911897,7
6260,2025-04-21 21:00:00,87254.2890625,0.8,156.29910919766502,271.5590052457132,0.5755622394339005,6
6261,2025-04-21 22:00:00,87295.8515625,0.7333333333333333,108.42796428563805,271.47487353353335,0.39940331447376004,6
6263,2025-04-22 00:00:00,87521.875,0.06666666666666667,441.8699597021319,272.9528533524077,1.618850853819932,17
6265,2025-04-22 02:00:00,88420.2265625,0.4666666666666667,348.6037190401193,282.0860782156718,1.2358061810253207,5
6268,2025-04-22 05:00:00,88051.453125,0.23333333333333334,186.30527258315894,283.03827870662985,0.6582334850059803,7
6272,2025-04-22 09:00:00,88398.9296875,0.8333333333333334,236.674151263881,285.7627150756496,0.8282191439888389,5
6276,2025-04-22 13:00:00,89049.6171875,0.13333333333333333,357.45972253025184,287.9769292485731,1.2412790269796345,10
6277,2025-04-22 14:00:00,90104.265625,0.4,531.7690768610804,304.99682736086373,1.7435233063323183,10
6281,2025-04-22 18:00:00,91491.8671875,0.13333333333333333,425.926298680759,320.70777857287595,1.3280822204440972,6
6285,2025-04-22 22:00:00,92927.2421875,0.3,737.3121856510287,364.82664824463876,2.0209932284239702,10
6287,2025-04-23 00:00:00,93477.8984375,0.43333333333333335,534.8442946307242,368.93120785109517,1.4497128007847833,10
6289,2025-04-23 02:00:00,92651.6796875,0.26666666666666666,449.0246642953011,376.17994698974076,1.1936432760131868,6
6293,2025-04-23 06:00:00,93493.8203125,0.8333333333333334,337.3272864792649,379.45466043816407,0.8889791631225353,5
6297,2025-04-23 10:00:00,93950.1796875,0.7,424.80445691532697,382.98609704050085,1.1091902818352275,5
6303,2025-04-23 16:00:00,93091.9609375,0.1,276.5564401216394,395.5668005357395,0.6991396642667753,3
6305,2025-04-23 18:00:00,93922.234375,0.0,296.5807559916149,398.55061912642,0.7441482756737099,4
6307,2025-04-23 20:00:00,93603.5390625,0.36666666666666664,404.35840890498724,396.7041766243069,1.019294559351033,3
6309,2025-04-23 22:00:00,93422.515625,0.36666666666666664,378.926572516645,397.45523577314015,0.9533817607901109,3
6313,2025-04-24 02:00:00,93620.328125,0.06666666666666667,237.74120485657016,400.2262314239256,0.5940170488344407,3
6314,2025-04-24 03:00:00,93132.78125,0.8666666666666667,221.16200418409704,403.450367863616,0.5481764841489983,2
6316,2025-04-24 05:00:00,92765.75,0.3333333333333333,302.76323632585877,406.5546371803742,0.744704914511978,2
6318,2025-04-24 07:00:00,92354.203125,0.9333333333333333,292.75772478914996,408.0868042866027,0.7173908141943836,3
6322,2025-04-24 11:00:00,92631.1640625,0.2,361.50927338879393,409.7045961949526,0.8823656769932218,3
6323,2025-04-24 12:00:00,92606.1640625,0.1,240.70496214917594,409.2233578508391,0.5881994698770648,3
6328,2025-04-24 17:00:00,93498.359375,0.5666666666666667,428.5869373608062,407.38942086605584,1.0520325649342765,3
6329,2025-04-24 18:00:00,93019.109375,0.16666666666666666,281.74342442036715,410.97564397992096,0.6855477412041777,3
6332,2025-04-24 21:00:00,93498.4609375,0.16666666666666666,262.78166055891086,411.2800719218668,0.638936040180505,2
6335,2025-04-25 00:00:00,93907.7734375,0.4,488.67191907786076,412.17592429100523,1.1855906429237426,3
6339,2025-04-25 04:00:00,93310.953125,0.0,232.65366042851826,395.443422046433,0.5883361498960528,2
6341,2025-04-25 06:00:00,93258.796875,0.8,224.0,391.911786241478,0.5715571918574082,2
6344,2025-04-25 09:00:00,93720.84375,0.0,262.37751949705364,392.3789973811171,0.6686839031860994,2
6347,2025-04-25 12:00:00,94618.296875,0.36666666666666664,366.24351626836784,402.5015018510906,0.9099183843638508,2
6348,2025-04-25 13:00:00,94498.078125,0.7,354.60185535803987,402.5864440127876,0.8808092290031913,2
6349,2025-04-25 14:00:00,94497.0625,0.16666666666666666,433.3745939444932,402.098778933304,1.0777814225006062,6
6353,2025-04-25 18:00:00,94567.2265625,0.9666666666666667,346.4969709352588,408.03485846333587,0.8491847295600442,3
6356,2025-04-25 21:00:00,94968.8125,0.0,200.712811343126,396.26903116407,0.5065064275992425,2
6357,2025-04-25 22:00:00,94571.046875,0.0,149.05242980594005,399.13586552940046,0.37343782575951145,2
6361,2025-04-26 02:00:00,95058.375,0.0,228.25944960941212,397.03566650052585,0.5749091803799189,2
6363,2025-04-26 04:00:00,94787.9765625,0.9333333333333333,154.53434763354164,397.62670022176593,0.3886417776958995,2
6365,2025-04-26 06:00:00,94693.0625,0.8,252.35624999999996,389.8742728038418,0.6472759748550232,2
6366,2025-04-26 07:00:00,94685.0234375,0.9333333333333333,158.17661724597943,389.83118784294754,0.40575670233368943,2
6368,2025-04-26 09:00:00,94379.0,0.4666666666666667,320.2157162318473,390.50962573737496,0.8199944255591752,2
6372,2025-04-26 13:00:00,94281.1171875,0.13333333333333333,280.3636159053965,389.4785471189801,0.7198435394690672,7
6374,2025-04-26 15:00:00,94284.2109375,0.2,310.5323434056399,390.66055700042716,0.7948904434836516,6
6375,2025-04-26 16:00:00,94417.96875,0.13333333333333333,303.99751996774353,388.91455670501705,0.7816563168611835,6
6378,2025-04-26 19:00:00,94206.078125,0.0,56.02699993951329,369.6690363614961,0.1515598939282677,3
6380,2025-04-26 21:00:00,94200.515625,0.0,72.375,361.69388563635835,0.20010014787135424,2
6381,2025-04-26 22:00:00,94370.5390625,0.0,43.51325355098161,361.9728218602083,0.1202113830739098,2
6383,2025-04-27 00:00:00,94660.90625,0.16666666666666666,266.98451301264396,361.7786214719517,0.7379775839887294,3
6385,2025-04-27 02:00:00,94179.9140625,0.9,76.81072651342085,326.0161882456139,0.23560402606619407,3
6389,2025-04-27 06:00:00,93936.7890625,0.0,143.81188555064583,313.6406452631894,0.4585243900068088,5
6392,2025-04-27 09:00:00,94249.9765625,0.0,161.60476248682417,308.70086737739007,0.5234995413513388,4
6400,2025-04-27 17:00:00,93801.2265625,0.06666666666666667,129.06419665282425,291.2833181537352,0.44308818462685184,3
6401,2025-04-27 18:00:00,94089.171875,0.0,131.38934461568806,292.52099276551974,0.4491621041400188,3
6407,2025-04-28 00:00:00,93755.3046875,0.36666666666666664,229.22052844839973,289.4489596935879,0.7919203741172666,5
6425,2025-04-28 18:00:00,94114.921875,0.1,203.14421623781115,326.455862076236,0.6222716141343838,4
6426,2025-04-28 19:00:00,94239.5390625,0.0,228.7512376548763,326.1845296965429,0.7012939512112636,4
6429,2025-04-28 22:00:00,94542.0625,0.0,132.55816225112105,326.4965315349201,0.4060017471791838,2
6431,2025-04-29 00:00:00,94981.859375,0.4666666666666667,313.92236053447306,326.49926789878515,0.9614795235369075,7
6432,2025-04-29 01:00:00,95065.8125,0.03333333333333333,384.86626415521283,326.29236222655885,1.179513555049087,10
6434,2025-04-29 03:00:00,94667.6953125,0.1,253.81449957177603,325.02523506149004,0.7809070564128906,6
6437,2025-04-29 06:00:00,94310.875,0.23333333333333334,222.62323187338504,318.387248799127,0.6992215696861647,5
6438,2025-04-29 07:00:00,94833.59375,0.2,280.1323291803538,321.15780025946003,0.8722575909849856,8
6439,2025-04-29 08:00:00,94963.578125,0.0,235.096892854729,320.63894419930045,0.7332137817563394,5
6444,2025-04-29 13:00:00,94853.2890625,0.4666666666666667,510.56447997792463,322.0531964421631,1.585342066522901,11
6445,2025-04-29 14:00:00,94962.2734375,0.26666666666666666,459.19358229721496,321.6659385143018,1.4275480469524393,9
6446,2025-04-29 15:00:00,95083.453125,0.16666666666666666,185.68789302791612,307.7781170009182,0.6033173990318557,4
6451,2025-04-29 20:00:00,95372.0625,0.0,174.00921638897654,290.6466160768953,0.5986968599109358,4
6454,2025-04-29 23:00:00,94217.5390625,0.3333333333333333,184.6727210198867,286.31150519551477,0.6450062874482757,2
6467,2025-04-30 12:00:00,95223.5390625,0.0,248.3175180129856,280.9295787875745,0.8839137519255366,4
6468,2025-04-30 13:00:00,94641.78125,0.4666666666666667,247.08030406290175,286.9209685773216,0.8611441167511488,6
6469,2025-04-30 14:00:00,93088.8203125,0.7666666666666667,318.14894899391226,326.4206138504674,0.9746594899170663,8
6471,2025-04-30 16:00:00,94036.4453125,0.13333333333333333,206.50268789870162,335.42889356905795,0.6156377457572448,6
6472,2025-04-30 17:00:00,93956.8671875,0.8,147.20222711030104,334.8822955710034,0.4395640768626137,4
6477,2025-04-30 22:00:00,94419.125,0.1,104.19375000000001,337.54562520282127,0.30868049300710987,2
6479,2025-05-01 00:00:00,94212.859375,0.26666666666666666,183.21826732390534,338.8482166978584,0.5407089614028455,4
6480,2025-05-01 01:00:00,94372.2890625,0.1,196.99460404804964,338.79621487378535,0.5814545599968929,6
6481,2025-05-01 02:00:00,94610.8203125,0.0,164.41762086725774,337.99905655847186,0.4864440230732255,3
6483,2025-05-01 04:00:00,94788.671875,0.0,163.93712165988268,337.6372581440347,0.48554215420724617,2
6485,2025-05-01 06:00:00,95156.1796875,0.4666666666666667,252.00013264230404,329.81266143753027,0.764070522774746,6
6494,2025-05-01 15:00:00,96862.9609375,0.03333333333333333,385.8771670726759,353.83224690982485,1.090565290311196,11
6495,2025-05-01 16:00:00,96926.359375,0.0,169.4041870792725,353.1894674546567,0.47964110679778693,6
6502,2025-05-01 23:00:00,96399.59375,0.23333333333333334,154.56171419470354,354.15863483572076,0.43641944313004877,6
6504,2025-05-02 01:00:00,97038.0078125,0.13333333333333333,315.12212912559545,357.8426505776737,0.880616462618099,8
6506,2025-05-02 03:00:00,96996.3515625,0.0,197.16412109743885,354.16719794450705,0.5566978597728061,4
6507,2025-05-02 04:00:00,97134.0234375,0.43333333333333335,143.18925093805535,352.696831840539,0.40598394431508233,4
6511,2025-05-02 08:00:00,96419.15625,0.23333333333333334,264.534393397253,345.1439644063565,0.7664465286311728,6
6520,2025-05-02 17:00:00,97398.4140625,0.6666666666666666,151.03089333076406,336.23261505843755,0.44918573204004836,4
6521,2025-05-02 18:00:00,97458.578125,0.0,172.0907873193687,334.902170794448,0.5138539022041526,5
6526,2025-05-02 23:00:00,96661.3515625,0.36666666666666664,154.8781519886945,324.1506983106779,0.47779675563201657,4
6528,2025-05-03 01:00:00,96707.8046875,0.2,223.92676868180067,323.88125553066675,0.6913853915840403,4
6529,2025-05-03 02:00:00,96499.8984375,0.7666666666666667,196.57967489514795,323.3634894244195,0.6079216773824893,4
6533,2025-05-03 06:00:00,96478.234375,0.1,217.8408091359376,322.187484642923,0.6761305746477654,4
6538,2025-05-03 11:00:00,95914.9375,0.13333333333333333,137.78215381656864,319.4690752165654,0.4312847925050876,3
6539,2025-05-03 12:00:00,95955.53125,0.16666666666666666,185.19850670981697,319.42714330903436,0.5797832481964252,5
6544,2025-05-03 17:00:00,96237.7265625,0.16666666666666666,119.29480890898294,316.93557805366595,0.3764008119302499,2
6547,2025-05-03 20:00:00,96383.1953125,0.43333333333333335,158.88110973696652,316.28789413226855,0.502330669888124,2
6548,2025-05-03 21:00:00,96345.0078125,0.3,148.56137581084963,314.9644915515699,0.47167658512555,2
6551,2025-05-04 00:00:00,95877.1875,0.9333333333333333,34.25175532809313,312.5407727992231,0.10959131834647552,2
6552,2025-05-04 01:00:00,95897.765625,0.8333333333333334,51.225755203295975,312.36437716717904,0.16399358873076517,2
6555,2025-05-04 04:00:00,95811.625,0.7,147.5869621349119,308.0569520907561,0.47908986027827594,4
6558,2025-05-04 07:00:00,95928.8125,0.8333333333333334,51.07435476731941,307.57821904760317,0.16605322355226576,2
6561,2025-05-04 10:00:00,95512.40625,0.26666666666666666,146.23888475778875,308.13561827430453,0.47459260171476136,4
6567,2025-05-04 16:00:00,95474.78125,0.13333333333333333,146.48921561446477,301.35686855929345,0.4860988114018788,4
6568,2025-05-04 17:00:00,95339.75,0.26666666666666666,126.15252182799745,257.2809723488175,0.4903297771160544,3
6569,2025-05-04 18:00:00,95428.8515625,0.2,148.97774270673574,246.9701222607513,0.6032217231096678,4
6570,2025-05-04 19:00:00,95418.1953125,0.0,25.87683880761611,246.226293247,0.10509372685742363,2
6573,2025-05-04 22:00:00,95702.8515625,0.9333333333333333,154.29745513604016,246.32940709881493,0.6263866622881279,4
6578,2025-05-05 03:00:00,94248.453125,0.1,260.2038732803533,276.04929967733386,0.9425992878246683,3
6585,2025-05-05 10:00:00,94572.1015625,0.7,220.61879847676852,275.6700248187582,0.8003002815478991,2
6588,2025-05-05 13:00:00,94336.3359375,0.3,298.7083904209368,275.8110865457615,1.0830180692224505,3
6590,2025-05-05 15:00:00,93890.3984375,0.8333333333333334,267.940047036424,271.04643791107156,0.9885392669293565,3
6591,2025-05-05 16:00:00,93708.7734375,0.23333333333333334,179.19641890523903,270.7589635794309,0.6618300518522604,2
6592,2025-05-05 17:00:00,94197.84375,0.3,199.33846259331736,271.50421010694816,0.7342002634684596,2
6597,2025-05-05 22:00:00,94692.5859375,0.5666666666666667,228.97617242940112,260.3135356423639,0.8796168507502579,2
6598,2025-05-05 23:00:00,95044.609375,0.23333333333333334,245.46675714411356,260.8131761489995,0.941159341596612,3
6599,2025-05-06 00:00:00,94748.3828125,0.6,230.9907100721768,262.24766712617503,0.8808113056008251,2
6602,2025-05-06 03:00:00,94297.109375,1.0,166.75937500000003,262.90149522246554,0.6343036385505885,2
6607,2025-05-06 08:00:00,94414.4609375,0.23333333333333334,260.23132615838034,257.92264972855537,1.0089510418424077,3
6608,2025-05-06 09:00:00,94312.0625,0.2,270.86863837757954,257.1416586761187,1.053382947641131,3
6609,2025-05-06 10:00:00,94186.25,0.8666666666666667,142.53884131955832,257.33481884563537,0.5539042169223961,2
6610,2025-05-06 11:00:00,93908.1484375,0.36666666666666664,192.6448199283763,257.1626454019932,0.7491166519431176,2
6611,2025-05-06 12:00:00,93799.7265625,0.3333333333333333,180.40430039803664,256.0870113105349,0.704464859325785,2
6612,2025-05-06 13:00:00,93934.953125,0.4666666666666667,283.23876277733876,256.5649140044292,1.103965302022743,3
6616,2025-05-06 17:00:00,94264.328125,0.03333333333333333,101.19604136649171,263.8903082217929,0.38347767316046744,3
6617,2025-05-06 18:00:00,94531.78125,0.23333333333333334,176.55296525097876,244.06650681495762,0.7233805553862203,2
6621,2025-05-06 22:00:00,94670.890625,0.2,162.078125,247.25511940629025,0.6555096832339913,2
6623,2025-05-07 00:00:00,96800.1953125,0.03333333333333333,318.68293020716584,300.17465574649515,1.061658351584157,7
6626,2025-05-07 03:00:00,96625.6484375,0.8333333333333334,117.33313894804836,308.93846226300684,0.3797945328288706,5
6627,2025-05-07 04:00:00,96498.4140625,0.3,167.40361056468194,308.57517068003096,0.5425051218338847,4
6629,2025-05-07 06:00:00,96377.671875,0.43333333333333335,173.28048003946915,308.2957451604922,0.5620592653630787,4
6631,2025-05-07 08:00:00,97023.5,0.36666666666666664,187.0116286905063,311.5007760995446,0.6003568627730931,4
6632,2025-05-07 09:00:00,97009.53125,0.06666666666666667,184.38143010503558,311.4448540568066,0.5920195106880942,5
6633,2025-05-07 10:00:00,96970.484375,0.0,107.99140308496224,310.46658203047735,0.34783583591731343,3
6650,2025-05-08 03:00:00,98683.1171875,0.16666666666666666,310.61264848852375,337.49855474038793,0.9203377144161536,8
6654,2025-05-08 07:00:00,99021.8359375,0.06666666666666667,283.45260315044027,340.81641619142505,0.8316870599074504,8
6656,2025-05-08 09:00:00,99718.34375,0.06666666666666667,227.64143454184497,342.9266908095227,0.6638195294873899,6
6658,2025-05-08 11:00:00,99860.5,0.06666666666666667,218.9441108081367,342.43884628782604,0.6393670378859712,5
6661,2025-05-08 14:00:00,99293.3515625,0.3,338.39131379819577,344.2862335626092,0.982877852235293,8
6668,2025-05-08 21:00:00,102553.375,0.36666666666666664,351.5118535679625,397.03686621912163,0.8853380717899525,2
6672,2025-05-09 01:00:00,102757.4453125,0.2,418.9599277906663,401.77124439778214,1.0427822638692035,5
6676,2025-05-09 05:00:00,102781.3359375,0.0,100.5637456132313,382.64520641338237,0.26281198334048766,2
6678,2025-05-09 07:00:00,103194.921875,0.5666666666666667,485.0082331116129,381.3793918436298,1.2717211351327349,3
6679,2025-05-09 08:00:00,103727.40625,0.6666666666666666,387.61118357117715,382.93866407914635,1.0122017438569877,3
6680,2025-05-09 09:00:00,102924.234375,0.06666666666666667,209.43529296958775,393.02205218550046,0.5328843300394184,3
6682,2025-05-09 11:00:00,103404.546875,0.16666666666666666,267.32367363820725,394.97272365102776,0.6768155308729549,2
6687,2025-05-09 16:00:00,102872.546875,1.0,131.36015685403174,407.66885238306196,0.3222226964021291,2
6688,2025-05-09 17:00:00,102377.6875,0.4,271.82446954991696,410.704378423136,0.6618494562769541,2
6690,2025-05-09 19:00:00,103248.21875,0.1,272.1381467347111,415.1239488987812,0.6555587733654604,3
6692,2025-05-09 21:00:00,103185.5703125,0.1,221.42343750000003,413.1491032246425,0.5359407433582277,2
6694,2025-05-09 23:00:00,102793.5390625,0.8666666666666667,337.30563458055616,412.49178687916384,0.8177269107163269,3
6697,2025-05-10 02:00:00,103004.6328125,0.7666666666666667,238.1520440293798,409.9495412881719,0.5809301390630709,2
6701,2025-05-10 06:00:00,103332.5078125,0.9333333333333333,142.245341653856,406.20373945898103,0.35018225544479537,2
6702,2025-05-10 07:00:00,103691.8671875,0.0,141.61783452961578,407.0284207293381,0.34793107143687013,2
6706,2025-05-10 11:00:00,103646.0703125,0.0,102.40507930900412,407.6981213844287,0.25117868819523903,2
6707,2025-05-10 12:00:00,103415.7890625,0.9,171.05859375,408.5177278539923,0.41872991570916057,2
6708,2025-05-10 13:00:00,103652.359375,0.8666666666666667,193.61933159270603,408.1734351206448,0.47435554333779095,2
6713,2025-05-10 18:00:00,103223.5,0.8666666666666667,195.58457869690326,405.8549597052593,0.4819075731856056,2
6718,2025-05-10 23:00:00,103638.3515625,0.0,250.08723727836508,403.54781646030636,0.6197214483081315,2
6721,2025-05-11 02:00:00,104077.7109375,0.7666666666666667,245.65945240747905,388.6160543792849,0.6321392274950077,2
6728,2025-05-11 09:00:00,103864.234375,0.8666666666666667,198.77677737155872,385.3381371322876,0.5158502577784512,2
6735,2025-05-11 16:00:00,104156.5390625,0.5666666666666667,285.60273169164793,390.6720541096131,0.7310549313351058,2
6740,2025-05-11 21:00:00,104306.3359375,0.9333333333333333,146.52486228997867,388.10983645694847,0.3775345238028568,2
6752,2025-05-12 09:00:00,104622.9921875,0.0,175.72734375000005,379.95935538846703,0.46248984597402,2
6753,2025-05-12 10:00:00,104440.4765625,0.8333333333333334,217.46052235870025,380.16936846097116,0.5720095841467698,2
6754,2025-05-12 11:00:00,104507.0078125,0.8666666666666667,197.4754650998606,379.72192874287623,0.5200528338029657,2
6755,2025-05-12 12:00:00,103747.546875,0.5666666666666667,332.87433333040434,386.0598408885622,0.8622350684397913,10
6756,2025-05-12 13:00:00,103934.921875,0.1,362.4666150593822,386.33722150234354,0.9382130296683916,10
6763,2025-05-12 20:00:00,101806.8359375,0.3,188.83681235977983,400.64293539075504,0.4713344369235003,5
6772,2025-05-13 05:00:00,102729.2421875,0.36666666666666664,266.0498575364207,396.8747231958426,0.670362313311486,8
6776,2025-05-13 09:00:00,102746.5546875,0.4666666666666667,232.62966761013246,392.03532164319427,0.5933895615198094,7
6779,2025-05-13 12:00:00,103687.078125,0.03333333333333333,416.0263901225192,386.4106274706761,1.0766432404970294,12
6781,2025-05-13 14:00:00,103782.71875,0.1,488.9969709565789,383.47299102060276,1.2751796929820975,15
6790,2025-05-13 23:00:00,104163.515625,0.2,253.8817063329827,368.3483588798763,0.6892434843608932,6
6791,2025-05-14 00:00:00,104167.328125,0.23333333333333334,289.42005724914696,368.3261308352217,0.7857711767363718,9
6792,2025-05-14 01:00:00,103921.6640625,0.3,380.2947706273757,368.4418768911186,1.0321703217784872,10
6793,2025-05-14 02:00:00,103767.5234375,0.5333333333333333,199.76090184421105,368.3987956228474,0.5422409199424165,6
6801,2025-05-14 10:00:00,103488.515625,0.0,256.06869311972173,367.34884948415913,0.6970722610926918,6
6802,2025-05-14 11:00:00,103752.28125,0.4666666666666667,154.18906261721443,368.093088353973,0.41888605761850134,7
6817,2025-05-15 02:00:00,103062.6875,0.1,255.17758206007642,374.040057155665,0.682219931203461,8
6818,2025-05-15 03:00:00,103073.8359375,0.2,186.16685589486173,358.1383486592448,0.5198182674148434,6
6820,2025-05-15 05:00:00,102903.890625,0.23333333333333334,176.1299166467112,356.99184216605835,0.4933723851448196,5
6823,2025-05-15 08:00:00,101819.8515625,0.6,226.84507303884928,360.0768493855824,0.6299907184422621,7
6825,2025-05-15 10:00:00,101898.3359375,0.8666666666666667,161.23679217149277,364.9679682053598,0.44178340626530876,6
6826,2025-05-15 11:00:00,101754.7109375,0.9666666666666667,188.80861677434834,362.7802712353571,0.5204489652411584,6
6827,2025-05-15 12:00:00,102374.3203125,0.06666666666666667,166.00270042194146,365.5194791886374,0.45415555086264153,5
6829,2025-05-15 14:00:00,102146.3046875,0.3,299.7823612474988,363.71178298820644,0.8242305453634957,9
6831,2025-05-15 16:00:00,103227.4765625,0.0,282.0506764142841,386.6247804139563,0.7295204309260637,6
6833,2025-05-15 18:00:00,103981.28125,0.16666666666666666,271.9618871808187,387.12178771254634,0.7025228127504966,8
6834,2025-05-15 19:00:00,102679.7109375,0.8666666666666667,266.5957406289695,408.2655995522523,0.6529958461387559,6
6836,2025-05-15 21:00:00,103468.40625,0.1,206.65237840067854,412.3613152619251,0.5011439501045737,6
6838,2025-05-15 23:00:00,103521.234375,0.26666666666666666,218.51427410399575,410.5686715329122,0.532223448243491,5
6839,2025-05-16 00:00:00,103735.65625,0.2,333.5370123105804,410.9823675603544,0.8115603944045097,10
6842,2025-05-16 03:00:00,104182.0,0.5333333333333333,287.45051277188486,407.86492604132286,0.7047688938635577,7
6846,2025-05-16 07:00:00,103987.6796875,0.36666666666666664,360.31328385406687,400.6723959720627,0.8992715432265268,11
6847,2025-05-16 08:00:00,103732.0546875,0.3333333333333333,298.9675072992644,401.48095773915117,0.7446617368425941,8
6848,2025-05-16 09:00:00,103421.015625,0.23333333333333334,194.09560372092167,402.4108726742591,0.4823319072644364,4
6849,2025-05-16 10:00:00,103808.6953125,0.03333333333333333,228.98313231497903,401.82242743078837,0.5698615027017626,6
6871,2025-05-17 08:00:00,103450.328125,0.0,140.82965997279038,341.7040207507344,0.41213931186230474,4
6878,2025-05-17 15:00:00,103150.3671875,0.3,203.663765179184,339.59914692380823,0.5997181295183807,6
6880,2025-05-17 17:00:00,102900.953125,0.23333333333333334,129.18351317417668,339.9386504444655,0.38002008010936933,4
6881,2025-05-17 18:00:00,103165.0625,0.4666666666666667,183.79053555393264,335.86800942983143,0.5472106017656606,4
6886,2025-05-17 23:00:00,103103.296875,0.9,139.7257399963755,328.4497703322621,0.4254097661722459,4
6898,2025-05-18 11:00:00,103856.3125,0.0,99.20562616069597,331.4399824568263,0.2993170148795147,3
6901,2025-05-18 14:00:00,104713.1015625,0.03333333333333333,257.2645054347076,337.9447493048596,0.7612620286715257,7
6904,2025-05-18 17:00:00,105896.2421875,0.0,216.47493107336166,344.24921392777645,0.628832027249823,6
6907,2025-05-18 20:00:00,103907.015625,0.36666666666666664,196.33398135999587,359.23736563149913,0.5465299552424416,6
6908,2025-05-18 21:00:00,104162.265625,0.36666666666666664,254.6154348351731,359.81414056742057,0.7076304295146628,6
6910,2025-05-18 23:00:00,105810.6171875,0.03333333333333333,419.2842467458412,391.4006203307878,1.071240629080986,11
6912,2025-05-19 01:00:00,105256.9296875,0.3333333333333333,476.17851098397614,413.0475315307506,1.1528419240741197,14
6915,2025-05-19 04:00:00,103606.625,1.0,213.33962189004757,427.6200179468598,0.4988999881585507,7
6917,2025-05-19 06:00:00,103023.0625,0.5333333333333333,371.3136263746184,425.7885492107194,0.8720610900948824,8
6919,2025-05-19 08:00:00,103232.515625,0.6,263.17549233575596,442.0915179963855,0.5952964072427819,6
6927,2025-05-19 16:00:00,104832.3203125,0.0,258.46892700741887,453.8978097965317,0.5694429922966195,8
6934,2025-05-19 23:00:00,105572.0390625,0.0,130.92469333647327,420.17002773244815,0.3115993162173915,3
6935,2025-05-20 00:00:00,105605.40625,0.23333333333333334,207.11111536319785,419.5532085041618,0.49364683945956145,7
6937,2025-05-20 02:00:00,106639.9375,0.0,197.17206273695945,427.7144853122425,0.46098991151309454,6
6940,2025-05-20 05:00:00,106209.6328125,0.0,198.60432230828155,434.11852458019104,0.45748870657003043,5
6943,2025-05-20 08:00:00,105084.9453125,0.8666666666666667,198.0741975079996,440.4369230504822,0.4497220535829069,8
6949,2025-05-20 14:00:00,104472.1484375,0.3,282.37722947807845,441.3783928485694,0.6397622404116144,10
6950,2025-05-20 15:00:00,104564.7109375,0.7333333333333333,223.43266715784594,441.0550376796877,0.5065868158615432,6
6957,2025-05-20 22:00:00,106693.2890625,0.6666666666666666,262.4060914606714,491.26569669062224,0.534142915388459,8
6958,2025-05-20 23:00:00,106836.0625,0.0,179.18606625306265,490.91013980627673,0.36500787358715625,5
6960,2025-05-21 01:00:00,106765.203125,0.26666666666666666,365.7569130731343,489.12002423061807,0.7477856046651679,11
6965,2025-05-21 06:00:00,107633.640625,0.06666666666666667,444.42853155069184,487.54054343351834,0.9115724579966029,10
6966,2025-05-21 07:00:00,107842.640625,0.2,436.3440081082824,487.3077409532221,0.8954177646649947,11
6972,2025-05-21 13:00:00,106539.84375,0.36666666666666664,342.35187566474997,501.4330095422657,0.6827469854393245,12
6973,2025-05-21 14:00:00,107465.3984375,0.1,530.6512981591295,509.133951309,1.0422626438382427,13
6976,2025-05-21 17:00:00,109274.6953125,0.0,352.96053814205334,526.5624681248287,0.6703108548526086,4
6981,2025-05-21 22:00:00,108494.3125,0.1,288.79670733978537,631.2291922233717,0.45751481537563227,7
6985,2025-05-22 02:00:00,109893.359375,0.4,548.2314797412055,636.022657734199,0.8619684740387308,5
6988,2025-05-22 05:00:00,111487.7578125,0.13333333333333333,567.8573207504434,650.7548927765208,0.8726132174398483,4
6989,2025-05-22 06:00:00,110906.140625,0.26666666666666666,642.4957480167616,654.1394141565811,0.9822000235915576,7
6990,2025-05-22 07:00:00,110499.0078125,0.3333333333333333,575.7898841369466,655.7990487771414,0.8779974371884396,9
6992,2025-05-22 09:00:00,110425.0546875,0.8,449.99097193604615,661.8605917913989,0.6798878457442161,7
7000,2025-05-22 17:00:00,111191.9765625,0.06666666666666667,291.23160792250036,663.5868385148702,0.4388749007956314,3
7003,2025-05-22 20:00:00,111056.421875,1.0,350.6750753011967,666.5837043414309,0.5260780799429465,2
7007,2025-05-23 00:00:00,111679.359375,0.1,317.25675120427684,656.3745719855593,0.48334710810713233,3
7014,2025-05-23 07:00:00,110514.359375,0.2,462.3395061874578,616.6695600384819,0.749736222035358,9
7017,2025-05-23 10:00:00,111312.859375,0.7333333333333333,258.6138180279623,607.89902326546,0.42542232859457924,2
7018,2025-05-23 11:00:00,111039.0859375,0.8333333333333334,365.9632426005273,602.5098293475605,0.6073979622819061,3
7022,2025-05-23 15:00:00,109755.4921875,0.6666666666666666,402.861346921928,647.6342088414508,0.6220507524496033,11
7025,2025-05-23 18:00:00,109482.5390625,0.6666666666666666,452.7916429914432,637.3800783829569,0.7103950348435467,11
7026,2025-05-23 19:00:00,108783.625,0.3,190.1609071803205,639.8274650349761,0.2972065401567677,6
7027,2025-05-23 20:00:00,108866.1640625,0.7,236.00772496470293,637.9629096954772,0.3699395707461394,5
7029,2025-05-23 22:00:00,108149.4765625,0.9666666666666667,184.04777818917583,638.0794169477634,0.28844023690587556,5
7030,2025-05-23 23:00:00,107818.3984375,0.4,207.848535491072,635.1058672374276,0.32726596653116735,7
7031,2025-05-24 00:00:00,107278.5078125,0.6,387.98100337031576,637.5687564070319,0.6085320202275154,10
7032,2025-05-24 01:00:00,107375.9765625,0.5333333333333333,235.75965073876242,637.6167103432987,0.36975136773286144,8
7036,2025-05-24 05:00:00,108522.9453125,0.03333333333333333,191.06229913320183,634.2869343936841,0.30122376604815077,5
7039,2025-05-24 08:00:00,107683.015625,0.9666666666666667,213.76263420124016,631.2560122698442,0.33863065071269793,6
7042,2025-05-24 11:00:00,109105.75,0.0,298.78988499155037,634.6890280890178,0.4707657951661389,7
7043,2025-05-24 12:00:00,109175.640625,0.06666666666666667,425.23424054275034,634.6589202440298,0.6700201115573157,11
7045,2025-05-24 14:00:00,108609.2734375,0.3,236.03021700013556,635.7482998056471,0.371263622839875,6
7046,2025-05-24 15:00:00,109019.9296875,0.06666666666666667,296.26937477632094,636.7366613283871,0.4652934136982645,9
7048,2025-05-24 17:00:00,109021.2890625,0.06666666666666667,168.56829253163127,634.0908489060079,0.26584249374117425,4
7050,2025-05-24 19:00:00,108816.4609375,0.0,168.49418319406917,629.6484659544642,0.26760040293063236,3
7051,2025-05-24 20:00:00,108977.296875,0.0,145.40834024428466,629.4913248044512,0.23099339818456616,3
7052,2025-05-24 21:00:00,108889.734375,0.0,152.39910710769348,622.0715634546116,0.24498645503318048,2
7054,2025-05-24 23:00:00,108075.8828125,0.36666666666666664,200.13332469871548,594.9688340408138,0.3363761482084399,6
7056,2025-05-25 01:00:00,107457.78125,0.9666666666666667,245.8265741353451,596.0532258532232,0.4124238632941806,8
7064,2025-05-25 09:00:00,107103.4453125,0.5666666666666667,311.8319674603227,597.1570047173053,0.5221942721880056,5
7065,2025-05-25 10:00:00,107100.859375,0.8,268.13041942207525,596.7645045777047,0.4493069164893034,6
7067,2025-05-25 12:00:00,107272.375,0.26666666666666666,277.62675974267995,584.3478448667569,0.47510530274306817,6
7069,2025-05-25 14:00:00,107624.25,0.36666666666666664,255.62348390994651,584.4372260955386,0.43738398667329154,6
7075,2025-05-25 20:00:00,107779.9375,0.5,194.42406981616853,561.6024242154241,0.3461952111189423,4
7078,2025-05-25 23:00:00,109163.234375,0.0,265.0127001111992,471.24795611785146,0.5623636064002872,7
7079,2025-05-26 00:00:00,109023.78125,0.26666666666666666,300.54581224494757,467.7647644277293,0.6425148602474152,9
7080,2025-05-26 01:00:00,109490.8046875,0.1,317.4719966102954,469.25683257402784,0.6765420864920756,9
7082,2025-05-26 03:00:00,109426.265625,0.2,208.4342717037189,460.23379217269996,0.45288780452154453,4
7083,2025-05-26 04:00:00,109657.28125,0.3,208.16436731922,460.42270645121147,0.45211577188206736,6
7091,2025-05-26 12:00:00,109754.9296875,0.16666666666666666,266.6833209719434,423.5171239585672,0.629687221331889,9
7093,2025-05-26 14:00:00,109605.421875,0.6333333333333333,279.11428363533156,423.6909906171126,0.658768512468951,7
7095,2025-05-26 16:00:00,110030.4140625,0.26666666666666666,212.75046768928001,421.09072478330484,0.5052366513148974,5
7106,2025-05-27 03:00:00,108309.71875,0.3333333333333333,181.77444268294516,415.457626860212,0.4375282361686102,6
7111,2025-05-27 08:00:00,109485.7890625,0.13333333333333333,243.89078348014888,422.31082994168764,0.5775148686426658,7
7119,2025-05-27 16:00:00,110124.953125,0.06666666666666667,233.20101220718422,379.0397567332492,0.6152415625659564,8
7120,2025-05-27 17:00:00,110256.0546875,0.36666666666666664,228.16735687619592,362.11935552282193,0.6300888184967955,7
7122,2025-05-27 19:00:00,109912.7109375,0.26666666666666666,144.64631713628043,359.46378282430686,0.40239468911108195,4
7125,2025-05-27 22:00:00,108887.8359375,0.8666666666666667,159.74107655335564,358.1094585496546,0.4460677391775909,6
7130,2025-05-28 03:00:00,108702.1953125,0.13333333333333333,172.81705035324245,350.0675403452853,0.4936677367538454,8
7133,2025-05-28 06:00:00,109050.2109375,0.16666666666666666,159.80449142350778,349.7150813799678,0.45695624790593214,6
7137,2025-05-28 10:00:00,108793.3046875,0.5,133.58031830753052,344.98746315081297,0.3872033988931801,6
7143,2025-05-28 16:00:00,107127.671875,0.6666666666666666,305.05362235504725,342.035783371243,0.8918763392190004,10
7145,2025-05-28 18:00:00,107716.046875,0.5,253.77832478289304,341.69552287366633,0.7427031020149522,6
7146,2025-05-28 19:00:00,107483.671875,0.9,195.5730986477252,342.3283592268681,0.5713026495655151,4
7152,2025-05-29 01:00:00,108141.15625,0.1,239.98237636483185,347.34478980466105,0.6909053580443587,9
7154,2025-05-29 03:00:00,108425.1328125,0.5333333333333333,136.18666388245802,337.78387095860035,0.4031769293660247,5
7158,2025-05-29 07:00:00,107855.1171875,0.4666666666666667,262.0226165458938,339.0920244220528,0.772718311474545,8
7159,2025-05-29 08:00:00,107865.296875,0.6666666666666666,191.34605066814447,338.8678608535008,0.5646627277848196,8
7161,2025-05-29 10:00:00,108573.3203125,0.5333333333333333,146.48433331504035,343.5243900088352,0.42641610777992467,6
7164,2025-05-29 13:00:00,108483.84375,0.3,308.28295243087047,340.03818080533307,0.9066127565461773,10
7167,2025-05-29 16:00:00,107053.9296875,1.0,228.28679147597262,357.9022157630529,0.6378468235779479,7
7168,2025-05-29 17:00:00,106819.109375,0.4666666666666667,192.51722249177132,358.4953683292389,0.5370145321235092,14
7170,2025-05-29 19:00:00,105939.453125,0.8666666666666667,194.60093301390617,360.99810443659806,0.5390635868230268,12
7178,2025-05-30 03:00:00,105998.984375,0.5666666666666667,180.29197345944692,350.847120147923,0.5138761674413426,15
7183,2025-05-30 08:00:00,104966.640625,0.7333333333333333,481.0866155398044,355.5190992098868,1.353194853972632,17
7184,2025-05-30 09:00:00,105268.59375,0.7,238.60324595068622,356.9131544435156,0.6685190584323142,14
7190,2025-05-30 15:00:00,105411.6015625,0.8333333333333334,195.98445976048887,358.0959619421369,0.5472959222929107,16
7197,2025-05-30 22:00:00,104652.125,0.9333333333333333,325.52087518968483,396.3474591276043,0.8213017838090472,14
7199,2025-05-31 00:00:00,103994.71875,0.6,448.12397652289224,397.26785851205506,1.1280146805767675,14
7200,2025-05-31 01:00:00,103969.015625,0.8666666666666667,345.0421156720678,397.10809982793313,0.8688871262549781,13
7203,2025-05-31 04:00:00,103673.4296875,0.5,269.20397761030847,401.36911289214146,0.6707142352596791,9
7204,2025-05-31 05:00:00,103849.375,0.6666666666666666,245.46680930535993,395.20745280386603,0.6211087558290063,11
7208,2025-05-31 09:00:00,103751.875,0.8666666666666667,224.42094229086106,391.7765561310286,0.5728289219424454,10
7209,2025-05-31 10:00:00,103590.3359375,0.5666666666666667,186.2517618948418,391.92848551238916,0.47521874214206417,7
7215,2025-05-31 16:00:00,104596.9140625,0.7,182.57940492708698,392.5466860318039,0.4651151351518339,9
7223,2025-06-01 00:00:00,104637.296875,0.9333333333333333,224.00703217261312,376.6273635271326,0.5947709961240653,12
7230,2025-06-01 07:00:00,104298.453125,0.9333333333333333,192.59693584106358,369.89710538995945,0.5206770559559276,6
7232,2025-06-01 09:00:00,104344.25,0.5333333333333333,150.2804571422458,369.6766095252169,0.40651870653989713,6
7235,2025-06-01 12:00:00,104125.9453125,0.43333333333333335,219.6379053369165,371.4365338719395,0.591320145725464,10
7239,2025-06-01 16:00:00,104745.3515625,0.7666666666666667,214.59431774259778,374.72734495551276,0.5726678894172353,10
7240,2025-06-01 17:00:00,105229.2421875,0.8333333333333334,126.38254210123691,369.85121979892466,0.34171184340002103,11
7244,2025-06-01 21:00:00,104994.3046875,0.8,151.84520858536894,363.62519105609766,0.4175871538062479,10
7246,2025-06-01 23:00:00,105536.9453125,0.5666666666666667,111.63860828310501,365.47484323154697,0.3054618131743099,11
7248,2025-06-02 01:00:00,105486.0234375,0.6333333333333333,178.4734764529847,365.14082413563796,0.48877984781753026,14
7251,2025-06-02 04:00:00,104907.140625,0.16666666666666666,210.97628726722465,363.47161373940804,0.5804477689376994,8
7253,2025-06-02 06:00:00,104845.4375,0.3333333333333333,257.2736207408189,362.8511488087995,0.7090335019895071,8
7254,2025-06-02 07:00:00,105193.90625,0.2,174.2220633879303,363.16365414086835,0.4797343054609504,10
7257,2025-06-02 10:00:00,104618.125,0.23333333333333334,327.93185835303234,368.65537544969675,0.8895349971582845,12
7264,2025-06-02 17:00:00,104359.640625,0.06666666666666667,148.88171672079307,356.65470156409657,0.41743937782924934,5
7265,2025-06-02 18:00:00,104441.578125,0.43333333333333335,186.88983855006342,355.98817941177805,0.5249888882795867,7
7266,2025-06-02 19:00:00,104347.75,0.5333333333333333,119.53149715189817,348.9243185142333,0.3425714139412219,4
7270,2025-06-02 23:00:00,105714.2734375,0.06666666666666667,195.2883955535499,354.4502690659637,0.5509613409750479,16
7271,2025-06-03 00:00:00,105885.8046875,0.06666666666666667,240.38914088785998,352.62216955962964,0.6817187393182587,12
7276,2025-06-03 05:00:00,105210.4140625,0.3,203.43128602424233,338.8474164775788,0.600362511654868,7
7283,2025-06-03 12:00:00,105319.84375,0.5,213.92606394617619,326.98675510019,0.6542346459281766,10
7285,2025-06-03 14:00:00,105571.84375,0.26666666666666666,173.1838537658756,324.2977557838876,0.5340272964493948,14
7286,2025-06-03 15:00:00,106613.21875,0.03333333333333333,214.48158183362744,340.6846805296271,0.6295603943805023,13
7290,2025-06-03 19:00:00,106055.7734375,0.06666666666666667,108.14970966326986,348.73811131769145,0.310117266090107,13
7293,2025-06-03 22:00:00,105429.8203125,0.4666666666666667,205.23073716881373,298.8073202346279,0.6868330300866241,10
7299,2025-06-04 04:00:00,105581.59375,0.3,174.41724865841354,296.4462618075747,0.5883604252416884,12
7300,2025-06-04 05:00:00,105490.890625,0.1,139.79538351697605,291.84918332393323,0.4789987140783342,7
7301,2025-06-04 06:00:00,105457.625,0.5666666666666667,151.9211380044933,290.99929025711,0.522067039649013,10
7307,2025-06-04 12:00:00,105155.359375,0.7333333333333333,204.3032017631261,293.32107039492917,0.6965173060634584,10
7308,2025-06-04 13:00:00,105099.109375,0.43333333333333335,310.58813182271354,292.8725671040186,1.0604889863665619,16
7312,2025-06-04 17:00:00,105483.09375,0.3,154.13997783396692,292.6810473325024,0.5266483061981636,10
7314,2025-06-04 19:00:00,105001.96875,0.6666666666666666,147.59830383157822,292.49078948129244,0.5046254758768003,6
7317,2025-06-04 22:00:00,104997.484375,0.7666666666666667,203.94802171315524,297.54510037229926,0.6854356581841478,9
7318,2025-06-04 23:00:00,104858.3203125,0.5,149.4378694722694,297.17563545333485,0.5028604355276476,6
7319,2025-06-05 00:00:00,104750.78125,0.4666666666666667,233.81821292162255,297.2613079417992,0.7865746623418673,11
7327,2025-06-05 08:00:00,104553.078125,0.2,170.09820193920746,300.95700704424047,0.5651910337950801,10
7334,2025-06-05 15:00:00,104598.7890625,0.43333333333333335,295.57931478895637,336.04321392145914,0.8795872154050993,14
7336,2025-06-05 17:00:00,103426.6015625,0.6666666666666666,359.060171628811,358.4007608502889,1.0018398699181266,12
7337,2025-06-05 18:00:00,103260.828125,0.7666666666666667,269.4694832562915,356.7645011375897,0.7553147311379165,7
7344,2025-06-06 01:00:00,101938.3984375,0.7333333333333333,296.39349474750236,404.34745394204106,0.7330168444438561,4
7346,2025-06-06 03:00:00,102144.0859375,0.3333333333333333,276.06304439332195,405.00275392544705,0.6816325116745741,4
7347,2025-06-06 04:00:00,102546.6953125,0.6666666666666666,268.3353394465358,407.1437429282206,0.6590678209043318,8
7348,2025-06-06 05:00:00,102817.234375,0.7333333333333333,246.62348758894368,408.2491919508307,0.6041003692143176,7
7353,2025-06-06 10:00:00,103717.6953125,0.2,228.54832937580974,407.9331626075954,0.560259254027989,10
7355,2025-06-06 12:00:00,104004.328125,0.36666666666666664,265.8464090081126,408.1792646888216,0.6512981721665418,9
7360,2025-06-06 17:00:00,104838.75,0.5666666666666667,277.38614690322066,405.28864208958794,0.6844162853246335,11
7362,2025-06-06 19:00:00,104581.625,0.6333333333333333,168.45711239651828,405.40924547291075,0.4155236080026066,7
7363,2025-06-06 20:00:00,104228.1015625,0.5333333333333333,240.1653395275798,406.90802362987523,0.5902202109094681,8
7364,2025-06-06 21:00:00,104568.2890625,0.6666666666666666,259.9784796282024,408.2590062912174,0.636797904325363,12
7365,2025-06-06 22:00:00,104483.25,0.26666666666666666,193.9212742781869,408.23926995754334,0.47501866809225535,8
7366,2025-06-06 23:00:00,104568.5,0.36666666666666664,235.51035765278021,408.0826019517179,0.5771144286142454,9
7370,2025-06-07 03:00:00,104649.1171875,0.6333333333333333,183.32983098794173,398.7147584335588,0.4598019689770062,6
7373,2025-06-07 06:00:00,104984.046875,0.4666666666666667,132.1007723625039,390.86589495937505,0.337969554433072,6
7375,2025-06-07 08:00:00,104946.4921875,0.8666666666666667,169.97815292897064,392.84036434970454,0.4326901417331365,8
7380,2025-06-07 13:00:00,105501.484375,0.5,177.32159331981777,394.32515724083896,0.4496836939356532,15
7382,2025-06-07 15:00:00,105519.5625,0.7333333333333333,209.41955051074376,395.2650037351756,0.5298206229536405,16
7385,2025-06-07 18:00:00,105446.640625,0.5333333333333333,181.85914594476318,381.238512952657,0.47702196857363893,11
7386,2025-06-07 19:00:00,105658.5546875,0.6666666666666666,134.59143887041705,381.7906863613867,0.35252677364428575,14
7393,2025-06-08 02:00:00,105768.5390625,0.23333333333333334,171.84788628150986,368.899128090123,0.46583977352076306,12
7396,2025-06-08 05:00:00,105651.5234375,0.16666666666666666,115.68461334043577,367.6605384199908,0.31465061177788245,9
7399,2025-06-08 08:00:00,105473.5078125,0.3,112.10834423796615,367.88382644174135,0.30473844235639375,5
7400,2025-06-08 09:00:00,105413.9296875,0.4,109.5878767367136,367.9171402054589,0.29786021025145926,6
7402,2025-06-08 11:00:00,105413.7734375,0.43333333333333335,139.571915957035,368.74991258425456,0.37850020079705005,6
7404,2025-06-08 13:00:00,105757.328125,0.3,194.87907936757765,368.1038686052223,0.5294132879015684,11
7405,2025-06-08 14:00:00,105734.328125,0.4,171.19638491623468,367.81408003651916,0.46544271741646515,9
7408,2025-06-08 17:00:00,106242.3046875,0.16666666666666666,89.12172481673532,362.8483935258043,0.24561697504221514,11
7411,2025-06-08 20:00:00,106338.0859375,0.1,107.06506688881214,360.6462297447422,0.296870057298507,11
7414,2025-06-08 23:00:00,105820.59375,0.23333333333333334,271.52661543503933,363.47066128469055,0.7470386040934526,9
7427,2025-06-09 12:00:00,107774.4609375,0.13333333333333333,251.20614427110587,368.06116276795655,0.6825119563877439,11
7429,2025-06-09 14:00:00,107159.1875,0.13333333333333333,193.7009062292051,373.0165908515795,0.5192822812170229,13
7431,2025-06-09 16:00:00,107748.6796875,0.3,230.95958723347815,366.3573519547286,0.6304215979321147,10
7435,2025-06-09 20:00:00,108602.9375,0.0,121.93255161725179,319.7500783597094,0.38133704999465634,5
7436,2025-06-09 21:00:00,108753.6015625,0.03333333333333333,142.0550031380738,319.13531995483385,0.4451246673611005,6
7438,2025-06-09 23:00:00,110192.8046875,0.23333333333333334,379.87049143659766,322.0517135604273,1.1795325888409587,13
7439,2025-06-10 00:00:00,110295.6875,0.03333333333333333,289.9392054701336,283.48158522153136,1.0227796815922128,13
7440,2025-06-10 01:00:00,109971.0234375,0.5333333333333333,352.493004185437,270.31896551920266,1.3039891725998667,11
7447,2025-06-10 08:00:00,109268.703125,0.4,331.0174938821749,271.0655769295479,1.2211712664947088,13
7451,2025-06-10 12:00:00,109551.453125,0.26666666666666666,316.6827189110936,273.39596776631794,1.1583298813747485,14
7452,2025-06-10 13:00:00,109696.921875,0.1,342.07176805111067,273.431745655632,1.2510316504431271,14
7453,2025-06-10 14:00:00,109290.71875,0.23333333333333334,293.8577452047895,277.3842780611706,1.05938861156358,14
7455,2025-06-10 16:00:00,109028.9765625,0.4666666666666667,313.5163565743266,287.3283370701329,1.0911431840354875,13
7457,2025-06-10 18:00:00,108736.859375,0.8,176.5595785926653,282.06707752591785,0.6259489059883001,10
7461,2025-06-10 22:00:00,109839.5390625,0.13333333333333333,180.37774153231734,286.72068323058977,0.6291061373736052,8
7462,2025-06-10 23:00:00,109742.703125,0.23333333333333334,262.61235082615053,284.1811492941918,0.9241019380715056,9
7465,2025-06-11 02:00:00,109612.796875,0.4,137.94075562321387,291.6962296842838,0.47289180176416223,7
7468,2025-06-11 05:00:00,109582.7109375,0.1,99.62384742358344,291.10121007219345,0.3422309628973257,6
7470,2025-06-11 07:00:00,109611.7734375,0.16666666666666666,128.61813541760267,290.1090243341101,0.4433441383384094,7
7473,2025-06-11 10:00:00,109253.6171875,0.3,167.03161402182684,291.51034208860426,0.5729869232943295,8
7474,2025-06-11 11:00:00,109359.2109375,0.4666666666666667,145.77450599226893,288.1082860927801,0.5059712373052848,7
7475,2025-06-11 12:00:00,109241.625,0.23333333333333334,177.00787249972777,288.1211631374581,0.6143522071486296,9
7477,2025-06-11 14:00:00,109640.390625,0.1,229.55030402368334,288.98420941726675,0.7943351108580251,12
7485,2025-06-11 22:00:00,108516.9140625,0.9,189.11790389925955,294.50222556917447,0.6421612044994152,7
7489,2025-06-12 02:00:00,108487.7578125,0.4,199.73636272324768,296.28181426688326,0.6741431741852713,8
7490,2025-06-12 03:00:00,108452.0546875,0.2,157.94414919736423,294.8983042345346,0.535588529772454,5
7491,2025-06-12 04:00:00,107871.3515625,0.5,127.51996930127191,300.8888161348559,0.42381093102549383,11
7492,2025-06-12 05:00:00,107735.1796875,0.3333333333333333,140.283173965763,300.45447799100555,0.4669032557070511,14
7496,2025-06-12 09:00:00,107724.859375,0.7333333333333333,164.35251890900224,301.24190355265404,0.5455831906873975,9
7499,2025-06-12 12:00:00,106926.75,0.7666666666666667,273.63884179008585,305.4503842228634,0.8958536506224619,16
7500,2025-06-12 13:00:00,106977.46875,0.9,211.06409837739025,304.81461305831914,0.6924343169105481,17
7501,2025-06-12 14:00:00,106952.6640625,0.6666666666666666,203.1026195972202,304.38748446311627,0.6672502319057435,17
7502,2025-06-12 15:00:00,107591.7421875,0.7333333333333333,302.64081328058194,309.5022613811598,0.9778307012363705,11
7504,2025-06-12 17:00:00,107686.2734375,0.3,199.26405374722484,321.04492321775155,0.6206734302167184,10
7507,2025-06-12 20:00:00,106767.78125,0.9,202.74610713818817,343.4932343019649,0.590247745491121,13
7508,2025-06-12 21:00:00,106032.4375,0.9,302.68208475644656,351.3580997083153,0.8614632336858669,16
7509,2025-06-12 22:00:00,106039.7890625,0.7,258.581068460682,350.931950066429,0.7368410554004398,11
7512,2025-06-13 01:00:00,103938.2109375,0.8333333333333334,544.6325516131513,402.54016600873405,1.3529893352340254,14
7513,2025-06-13 02:00:00,103822.375,0.5333333333333333,397.3342244457006,398.9896112028137,0.9958510529832527,9
7515,2025-06-13 04:00:00,104419.1640625,0.4666666666666667,328.7428092317489,406.053389470411,0.8096048888066338,13
7517,2025-06-13 06:00:00,104097.5234375,0.7333333333333333,235.13658198250425,407.5171202421142,0.576998045733158,9
7521,2025-06-13 10:00:00,104892.1953125,0.4,240.61010215594513,411.8791679967981,0.5841764304957895,12
7524,2025-06-13 13:00:00,104874.90625,0.7,283.6911537680556,403.95474718199415,0.7022844903967521,17
7525,2025-06-13 14:00:00,104727.359375,0.8333333333333334,285.5035511332384,400.3318506149147,0.7131672153856891,14
7527,2025-06-13 16:00:00,105454.7890625,0.8666666666666667,197.45167688403808,400.5100853916821,0.493000511312814,15
7531,2025-06-13 20:00:00,105108.0625,0.36666666666666664,275.59789205076277,396.39954070758455,0.6952528036707929,10
7538,2025-06-14 03:00:00,105420.625,0.6333333333333333,237.4156189490164,372.3968706360197,0.6375338722463814,12
7547,2025-06-14 12:00:00,105146.5625,0.4666666666666667,258.83491910069995,371.1817356762945,0.6973266575983372,11
7548,2025-06-14 13:00:00,105066.59375,0.5333333333333333,208.86006349949616,368.25397441461723,0.5671630939801904,10
7552,2025-06-14 17:00:00,104494.4140625,0.9333333333333333,195.2858330282986,366.2074930419501,0.5332655304404929,11
7553,2025-06-14 18:00:00,104657.3046875,0.7333333333333333,157.84806391357347,361.6318722592995,0.4364882523418519,9
7554,2025-06-14 19:00:00,104915.703125,0.16666666666666666,153.65970654197,360.2508778418117,0.4265352730367055,7
7555,2025-06-14 20:00:00,104736.453125,0.8333333333333334,140.12955751277505,359.3389273602101,0.38996486838261685,6
7556,2025-06-14 21:00:00,104908.3203125,0.2,132.171805094777,359.87983506638636,0.3672664934682865,5
7560,2025-06-15 01:00:00,105707.3828125,0.43333333333333335,172.05022385199058,354.25467777611533,0.4856681778545892,16
7561,2025-06-15 02:00:00,105475.3046875,0.4666666666666667,161.46395551703355,354.72495913712146,0.45518070087258367,7
7562,2025-06-15 03:00:00,105538.1953125,0.4666666666666667,149.14766176546217,350.32762786808075,0.4257376521318072,11
7564,2025-06-15 05:00:00,105606.6875,0.3,117.50080927317165,347.86607160260394,0.33777599733095703,9
7568,2025-06-15 09:00:00,105193.8515625,0.7,162.39851212031348,355.10283344612685,0.457328122516801,6
7574,2025-06-15 15:00:00,105730.765625,0.5,193.3057379141832,357.4934443860152,0.5407252662945479,14
7575,2025-06-15 16:00:00,105582.1953125,0.8,120.4833093563395,355.15305022958046,0.3392433467161717,11
7579,2025-06-15 20:00:00,105300.0078125,0.6,97.90952009637186,354.49951089834025,0.27619084677510136,4
7583,2025-06-16 00:00:00,105555.59375,0.6333333333333333,189.16166210573388,361.86524939369656,0.5227406124867566,16
7587,2025-06-16 04:00:00,105940.2109375,0.5,122.13702827011754,361.75643787486865,0.33762226593010813,12
7600,2025-06-16 17:00:00,107837.8984375,0.16666666666666666,158.99999234480077,366.4030083126545,0.43394838125653395,6
7603,2025-06-16 20:00:00,108497.359375,0.4,183.5818185698934,355.8234680680803,0.5159351055922157,8
7604,2025-06-16 21:00:00,108822.1484375,0.0,158.59529510142934,352.1582180761301,0.45035238980890113,10
7616,2025-06-17 09:00:00,106596.390625,0.6,210.20416987677217,284.67985860693983,0.7383879242647898,15
7620,2025-06-17 13:00:00,105537.6875,0.5666666666666667,386.2298156938923,284.2618670889754,1.3587113166079374,17
7621,2025-06-17 14:00:00,105428.5859375,0.6,338.96740073601813,284.48266073853847,1.1915221822519277,18
7623,2025-06-17 16:00:00,104269.546875,0.7666666666666667,307.39625567409723,296.09163365601523,1.038179471261978,12
7626,2025-06-17 19:00:00,104426.3515625,0.2,238.8520948466212,304.464224845106,0.7844997058952838,13
7633,2025-06-18 02:00:00,104796.71875,0.8,253.3588435836208,305.70805256252106,0.8287607783305145,14
7636,2025-06-18 05:00:00,105455.4375,0.5333333333333333,141.47840548488858,304.1622436304936,0.4651412476321724,12
7639,2025-06-18 08:00:00,104975.828125,0.5666666666666667,293.44352083766256,306.51710835929555,0.9573479353514314,17
7641,2025-06-18 10:00:00,104724.359375,0.6666666666666666,189.1013274755606,307.2824633603381,0.6153990221492363,11
7643,2025-06-18 12:00:00,104860.6875,0.5,233.37078446481027,316.70014428122073,0.7368824696763752,13
7645,2025-06-18 14:00:00,104493.953125,0.36666666666666664,240.87096806329913,317.15122614413536,0.7594830106500385,13
7649,2025-06-18 18:00:00,104348.2890625,0.3333333333333333,360.9982193662171,319.82744083069053,1.128728099216857,15
7655,2025-06-19 00:00:00,104886.7734375,0.6333333333333333,193.19658267796703,336.7025016421769,0.5737901611532498,15
7656,2025-06-19 01:00:00,104990.3203125,0.7333333333333333,180.5607641864606,332.4827489086568,0.5430680682806379,17
7661,2025-06-19 06:00:00,104933.5546875,0.7666666666666667,176.03107366216148,335.255918819312,0.5250647752382692,12
7667,2025-06-19 12:00:00,104807.671875,0.43333333333333335,162.01201396187358,328.785569413503,0.49275889526074756,10
7670,2025-06-19 15:00:00,104169.7578125,0.5666666666666667,209.2322997424964,330.56456916655776,0.6329544036435222,11
7675,2025-06-19 20:00:00,104317.65625,0.4,164.47175062465905,333.50663348968124,0.4931588583522068,11
7676,2025-06-19 21:00:00,104285.0546875,0.5666666666666667,217.76540215323303,333.0982022824925,0.653757362426566,11
7679,2025-06-20 00:00:00,104681.03125,0.4,162.66746000086036,328.29087217868494,0.4954979677665919,11
7681,2025-06-20 02:00:00,104797.375,0.5,109.72262285045338,324.3545689653694,0.3382798743993281,7
7688,2025-06-20 09:00:00,106013.640625,0.26666666666666666,240.48654397868447,340.45602724521103,0.7063659466527105,17
7689,2025-06-20 10:00:00,106009.828125,0.4,206.13823556404654,340.4241204127572,0.6055335776857063,12
7692,2025-06-20 13:00:00,105990.3828125,0.3333333333333333,188.30269280937725,336.3968238143237,0.5597635871654725,16
7694,2025-06-20 15:00:00,104069.0234375,0.9,320.0616134931162,375.37253715859276,0.8526505852448444,19
7696,2025-06-20 17:00:00,103778.609375,0.7333333333333333,227.15956494073643,376.1335138172948,0.6039333284485737,12
7699,2025-06-20 20:00:00,103485.4453125,0.7,225.1995347916545,375.05984264302424,0.6004362749279871,10
7705,2025-06-21 02:00:00,103514.109375,0.43333333333333335,209.37905018512794,364.7936196720956,0.5739657682975208,10
7707,2025-06-21 04:00:00,103554.390625,0.2,163.95196354119273,348.49938200836425,0.470451231782264,8
7708,2025-06-21 05:00:00,103417.359375,0.5333333333333333,152.37750646220786,348.60462030287124,0.4371069618349313,7
7709,2025-06-21 06:00:00,103439.5078125,0.8333333333333334,198.4878611551174,347.38754745598106,0.5713729884928263,11
7710,2025-06-21 07:00:00,103624.296875,0.5333333333333333,166.47082078298237,347.8116188775223,0.4786235184443424,10
7711,2025-06-21 08:00:00,103471.6484375,0.9,162.8818819671007,347.27358013248323,0.46903044540549854,11
7717,2025-06-21 14:00:00,103594.0703125,0.9333333333333333,146.34183954911094,345.2778903766832,0.4238378524308589,12
7720,2025-06-21 17:00:00,103571.5234375,0.7333333333333333,90.38382828999173,343.94635913003066,0.26278466362780034,8
7721,2025-06-21 18:00:00,103218.0546875,0.6666666666666666,186.01176260121056,342.70297161306036,0.5427783766381606,6
7724,2025-06-21 21:00:00,102852.40625,0.5333333333333333,227.34211213375264,339.1698111231309,0.6702899393696901,7
7725,2025-06-21 22:00:00,101604.40625,0.7,315.42877655570214,356.8576925984558,0.8839063388515197,11
7726,2025-06-21 23:00:00,101821.953125,0.6333333333333333,218.3710843455341,355.07205914481335,0.6150049791906412,7
7732,2025-06-22 05:00:00,102675.6875,0.6333333333333333,188.9873521058524,362.539397040472,0.521287765270804,6
7736,2025-06-22 09:00:00,102726.9296875,0.7666666666666667,193.29437938714392,362.5528691361059,0.5331481167084057,6
7739,2025-06-22 12:00:00,102781.7578125,0.26666666666666666,163.14404522629027,366.40098407393566,0.44526093628986985,5
7745,2025-06-22 18:00:00,99566.6796875,0.8333333333333334,368.78310485852074,424.8851453144552,0.8679595154723199,11
7748,2025-06-22 21:00:00,99740.65625,0.03333333333333333,195.70220624870973,435.4249374808617,0.4494510750370412,5
7751,2025-06-23 00:00:00,100987.4765625,0.3,273.08549574069474,457.27599548553803,0.5972005931575987,8
7756,2025-06-23 05:00:00,101188.46875,0.1,261.7787756311511,456.66589992398036,0.5732391572804726,7
7761,2025-06-23 10:00:00,101610.2890625,0.43333333333333335,225.6156975493633,460.5841577726456,0.48984684718733235,4
7765,2025-06-23 14:00:00,102433.796875,0.3,273.19803121095373,468.19272911688535,0.5835161766101439,10
7771,2025-06-23 20:00:00,103298.171875,0.2,205.8084453102552,519.0376254754276,0.39651931807783486,10
7774,2025-06-23 23:00:00,105721.0,0.16666666666666666,516.7018356567245,552.7032948529877,0.934862955347789,15
7775,2025-06-24 00:00:00,105571.515625,0.43333333333333335,384.7874985940062,552.9267461538492,0.6959104461315766,17
7778,2025-06-24 03:00:00,104840.8046875,0.5333333333333333,261.972491060393,558.832501091493,0.4687853525854654,16
7779,2025-06-24 04:00:00,105031.109375,0.26666666666666666,213.01945256085202,559.1373746879477,0.38097874011684035,15
7781,2025-06-24 06:00:00,105455.7109375,0.3,301.38481881572403,561.8299139214635,0.5364342683573338,12
7784,2025-06-24 09:00:00,105080.71875,0.3,182.5161745241908,566.2333884388572,0.32233382603487926,18
7787,2025-06-24 12:00:00,105248.359375,0.5,253.55588491220988,555.3959920773168,0.45653171526112185,16
7792,2025-06-24 17:00:00,106071.421875,0.06666666666666667,210.70177936555982,562.9916431722484,0.3742538311551726,9
7794,2025-06-24 19:00:00,105636.109375,0.3,187.17119641704616,539.0129716883513,0.34724803714977304,13
7796,2025-06-24 21:00:00,106142.59375,0.13333333333333333,275.5442960413918,535.8096387116418,0.5142578186983349,10
7804,2025-06-25 05:00:00,106257.78125,0.5,187.26126720918802,533.8739933270758,0.35075929816731705,8
7806,2025-06-25 07:00:00,106459.53125,0.4666666666666667,328.52875270509156,534.0385749809755,0.615177944246434,11
7812,2025-06-25 13:00:00,107250.1953125,0.43333333333333335,319.8453271131156,534.2181622560313,0.5987166848884209,17
7817,2025-06-25 18:00:00,107409.8828125,0.5666666666666667,247.29577860904158,544.3593418403553,0.45428774634966435,14
7818,2025-06-25 19:00:00,107408.546875,0.6333333333333333,230.8194299527373,544.3626423967528,0.42401776311554285,10
7826,2025-06-26 03:00:00,107985.328125,0.5,188.39456088940895,521.676809766394,0.36113271159929794,11
7831,2025-06-26 08:00:00,107866.8828125,0.26666666666666666,143.53752500488125,515.1551765276422,0.27862968585967285,9
7835,2025-06-26 12:00:00,107365.1328125,0.7333333333333333,206.33071638839897,515.9885372144645,0.3998746125296967,10
7837,2025-06-26 14:00:00,106938.8828125,0.6666666666666666,235.14804025804446,513.4621134616528,0.45796570787419183,12
7841,2025-06-26 18:00:00,107222.359375,0.7,249.0257083024188,456.2450523424981,0.5458156905457858,10
7844,2025-06-26 21:00:00,107769.1171875,0.1,147.61861234487182,454.4025001165671,0.3248631165255549,8
7848,2025-06-27 01:00:00,106727.0,0.4666666666666667,236.39785949403506,448.21889728978954,0.5274160927248799,12
7849,2025-06-27 02:00:00,107170.4453125,0.13333333333333333,187.54366317435526,418.0213995270767,0.44864608220184526,8
7852,2025-06-27 05:00:00,107567.5,0.5,142.9707303267238,418.3544998832832,0.34174541057072705,7
7855,2025-06-27 08:00:00,106959.1484375,0.6,221.79912695965612,421.0053064822692,0.5268321409364404,9
7858,2025-06-27 11:00:00,107042.109375,0.36666666666666664,178.73324650979703,416.88351239307514,0.42873666431132756,8
7860,2025-06-27 13:00:00,106694.3671875,0.4,235.6143491276046,416.95059084927306,0.5650893758123461,10
7865,2025-06-27 18:00:00,106878.515625,0.0,258.2997567598093,415.11938271003356,0.6222300560227879,12
7874,2025-06-28 03:00:00,107160.5,0.7,129.96820370434708,301.1630291111526,0.4315543115897493,5
7875,2025-06-28 04:00:00,107341.84375,0.2,181.61420209622662,299.07186475443217,0.6072594031717092,7
7876,2025-06-28 05:00:00,107252.0859375,0.7,134.10077120016885,297.56119439675894,0.4506661948041619,6
7880,2025-06-28 09:00:00,107434.625,0.26666666666666666,152.992497545965,282.9596093679377,0.5406867004365489,8
7882,2025-06-28 11:00:00,107314.84375,0.8333333333333334,188.51975845393028,269.73541106192187,0.6989062270754384,7
7883,2025-06-28 12:00:00,107400.9296875,0.6,185.45986635478275,269.7593370366084,0.6875011941833711,7
7889,2025-06-28 18:00:00,107499.109375,0.8333333333333334,134.05539232748836,269.7284741981165,0.49700126294053854,7
7891,2025-06-28 20:00:00,107275.7421875,0.36666666666666664,204.83181764634213,257.0809274019966,0.7967600697427364,7
7896,2025-06-29 01:00:00,107501.03125,0.26666666666666666,164.62426555815043,247.82969393979485,0.6642636842304398,6
7905,2025-06-29 10:00:00,107900.4609375,0.36666666666666664,102.95323945211942,246.3486126142225,0.4179168632597186,5
7906,2025-06-29 11:00:00,108177.0078125,0.3,166.931045189919,246.93701734902046,0.676006566297749,8
7911,2025-06-29 16:00:00,107790.5390625,0.26666666666666666,113.38452183372833,247.67130216010108,0.4578024213739292,9
7915,2025-06-29 20:00:00,107456.1953125,0.4,166.03838226069408,226.23136952374557,0.7339317381591789,6
7917,2025-06-29 22:00:00,107536.390625,0.16666666666666666,145.5522700922011,225.53620009202697,0.6453610109277822,4
7922,2025-06-30 03:00:00,108501.2265625,0.0,119.8886999355929,231.96828845312515,0.5168322822704248,5
7924,2025-06-30 05:00:00,108359.125,0.16666666666666666,102.05698472439649,230.89644387265147,0.44200327650210564,5
7927,2025-06-30 08:00:00,107655.21875,0.7333333333333333,217.40162392151788,238.85911263626258,0.9101667569726745,10
7929,2025-06-30 10:00:00,107520.625,0.3,188.4086899416519,237.9508846972552,0.7917965515503932,8
7930,2025-06-30 11:00:00,107648.046875,0.6666666666666666,146.16315766214512,238.139837135717,0.613770293203174,6
7931,2025-06-30 12:00:00,107674.0625,0.9333333333333333,164.92427849303294,238.14681869792756,0.6925319405682583,7
7932,2025-06-30 13:00:00,107611.8046875,0.23333333333333334,162.8349027593305,233.80750799613745,0.69644856213095,7
7937,2025-06-30 18:00:00,107540.609375,0.7,132.1702505706369,241.0597341189402,0.5482883777903089,7
7938,2025-06-30 19:00:00,107285.1171875,0.13333333333333333,168.5901111396204,241.21904011959137,0.6989088052752259,9
7939,2025-06-30 20:00:00,107750.109375,0.43333333333333335,193.33202896625247,245.48705772664962,0.787544690773589,8
7940,2025-06-30 21:00:00,107576.15625,0.7666666666666667,152.32562247829682,246.092499097855,0.6189771042868186,6
7941,2025-06-30 22:00:00,107179.0546875,0.7,211.70051127749292,248.6244267460527,0.8514871770573282,11
7942,2025-06-30 23:00:00,107149.5234375,0.9,174.34096657608004,247.20325232598623,0.705253530993909,9
7947,2025-07-01 04:00:00,107240.25,0.2,126.46531367190686,236.20603001364978,0.5354025621809855,3
7948,2025-07-01 05:00:00,106943.1015625,0.5333333333333333,141.03025549873095,233.92409658466676,0.6028889608116379,4
7953,2025-07-01 10:00:00,106587.5703125,0.9333333333333333,86.55558335784391,237.34045273815784,0.3646895519043061,8
7954,2025-07-01 11:00:00,106475.359375,0.36666666666666664,142.91838005404577,234.01219016887924,0.6107304920778104,12
7955,2025-07-01 12:00:00,106611.3984375,0.2,155.26446550533458,234.21112209795274,0.6629252450291376,12
7956,2025-07-01 13:00:00,106463.1015625,0.7333333333333333,126.29576464569102,234.47945533597036,0.5386218782567966,13
7960,2025-07-01 17:00:00,106075.53125,0.6666666666666666,157.13502434527487,251.92418139452943,0.6237393467965322,12
7961,2025-07-01 18:00:00,106288.03125,0.6333333333333333,174.05383135720885,251.22170763183132,0.6928295846642639,15
7964,2025-07-01 21:00:00,106001.0078125,0.4666666666666667,150.4239307645856,239.3302898874463,0.6285202380163742,14
7965,2025-07-01 22:00:00,105812.6171875,0.7,117.9584060310473,239.21187387915919,0.4931126708644716,12
7973,2025-07-02 06:00:00,106646.625,0.5,198.1830724764355,245.5620376165219,0.8070590812816312,8
7977,2025-07-02 10:00:00,107663.046875,0.1,124.10439590153729,255.0095205912231,0.48666573551375364,5
7980,2025-07-02 13:00:00,107442.1328125,0.16666666666666666,187.18761809392143,257.3347735356159,0.7274089526342777,10
7982,2025-07-02 15:00:00,108195.6875,0.3333333333333333,232.83740194135015,262.5953028989341,0.8866777104195311,13
7986,2025-07-02 19:00:00,109567.359375,0.36666666666666664,242.98521127527854,280.9174917341498,0.8649700300799745,6
7990,2025-07-02 23:00:00,109186.3671875,0.7333333333333333,252.02599787348524,286.1496049666048,0.8807490679670799,8
7998,2025-07-03 07:00:00,109517.40625,0.3333333333333333,241.3678784206588,294.8351079407462,0.8186537895926802,13
7999,2025-07-03 08:00:00,109320.9453125,0.1,341.6217085000289,295.6406976446176,1.155530044482184,17
8001,2025-07-03 10:00:00,109988.8125,0.3333333333333333,214.70202375932013,300.76120786648676,0.7138620877418147,4
8003,2025-07-03 12:00:00,109649.375,0.26666666666666666,214.45442990726374,300.4795319904775,0.713707281446578,8
8004,2025-07-03 13:00:00,109182.3828125,0.3,310.03730615834,303.8668642159334,1.020306399509299,16
8007,2025-07-03 16:00:00,109162.9609375,0.4666666666666667,247.43936511744084,339.5724462855768,0.7286791605858003,13
8018,2025-07-04 03:00:00,109255.9453125,0.5,170.88354074459423,334.57913122888334,0.5107417791329428,9
8019,2025-07-04 04:00:00,109299.890625,0.5666666666666667,170.92004795429202,332.95352293063775,0.5133450652507401,9
8027,2025-07-04 12:00:00,108921.5,0.36666666666666664,175.64947171219725,327.6530639872311,0.5360837148131856,11
8034,2025-07-04 19:00:00,107569.9609375,0.9333333333333333,179.07897358553782,328.86119419425836,0.5445427333690087,8
8037,2025-07-04 22:00:00,107935.4296875,0.5333333333333333,169.28321476372238,328.7278813917924,0.5149645781398238,7
8039,2025-07-05 00:00:00,108015.8359375,0.7,182.91298248431994,327.93916069393765,0.5577649893878663,8
8045,2025-07-05 06:00:00,108178.6875,0.5333333333333333,152.98450373654774,325.9103273728265,0.4694067382576081,7
8046,2025-07-05 07:00:00,108300.8125,0.5333333333333333,119.14915833397598,325.97955551066235,0.36551113810595637,6
8055,2025-07-05 16:00:00,108095.359375,0.5666666666666667,139.21199553581354,320.33841523301953,0.4345778992336851,7
8058,2025-07-05 19:00:00,108029.109375,0.8666666666666667,91.55296681720493,304.52770479271567,0.30063920417199064,7
8062,2025-07-05 23:00:00,108227.2578125,0.26666666666666666,79.99902877048521,297.60903750810536,0.268805777675036,4
8063,2025-07-06 00:00:00,108231.1875,0.26666666666666666,81.22394570241433,293.5222863687396,0.2767215624655367,4
8064,2025-07-06 01:00:00,108238.1796875,0.16666666666666666,137.35815828035996,292.7533416546571,0.4691941601896139,5
8065,2025-07-06 02:00:00,108239.96875,0.26666666666666666,88.6284226025884,292.4630307967329,0.3030414557393641,4
8068,2025-07-06 05:00:00,108025.8046875,0.9333333333333333,73.24821638334966,289.51834995229257,0.25300025506300255,4
8073,2025-07-06 10:00:00,107890.59375,0.5,133.49299769559642,284.9861382309517,0.46841926601852535,4
8074,2025-07-06 11:00:00,108022.40625,0.9,112.43582101168283,284.89049962255945,0.3946632869844546,6
8075,2025-07-06 12:00:00,108095.28125,0.26666666666666666,121.1187309159568,278.7923770682924,0.4344406120052838,6
8082,2025-07-06 19:00:00,108477.453125,0.8333333333333334,86.8353722038255,276.7393523587547,0.3137803549213172,6
8085,2025-07-06 22:00:00,109176.3359375,0.7666666666666667,236.12755738167183,265.9190438807817,0.8879678338777942,10
8089,2025-07-07 02:00:00,109048.796875,0.26666666666666666,104.20062257886217,261.62670656610834,0.3982797625919453,5
8090,2025-07-07 03:00:00,109408.09375,0.1,147.83790123592456,261.81122724259063,0.5646736497626973,7
8093,2025-07-07 06:00:00,109094.75,0.13333333333333333,108.09102914988965,260.9038073753156,0.4142945641049939,8
8096,2025-07-07 09:00:00,109033.65625,0.16666666666666666,127.8234132994488,257.68985978784673,0.4960358680961852,6
8100,2025-07-07 13:00:00,108353.9453125,0.5333333333333333,210.52256694948534,252.84870599755953,0.8326029042502486,11
8103,2025-07-07 16:00:00,108305.9140625,0.6666666666666666,194.84161317660153,250.0166813141093,0.7793144527497012,8
8119,2025-07-08 08:00:00,108475.890625,0.6,112.3573219942444,205.16512485665842,0.5476433778535434,6
8120,2025-07-08 09:00:00,108294.8671875,0.6333333333333333,178.92733626342954,205.87199388066725,0.8691193633998802,8
8121,2025-07-08 10:00:00,108453.8984375,0.06666666666666667,119.91960643438784,206.54651966927764,0.5805936920476954,6
8123,2025-07-08 12:00:00,108778.9453125,0.26666666666666666,105.62708940574996,208.09508836479768,0.5075904973815726,8
8124,2025-07-08 13:00:00,108930.328125,0.23333333333333334,208.20781831339835,207.2644330073704,1.0045516024739005,10
8132,2025-07-08 21:00:00,108693.171875,0.3333333333333333,93.36449450928602,217.532818712165,0.429197281872323,4
8135,2025-07-09 00:00:00,108965.1796875,0.4666666666666667,135.7006524906387,213.87868935010937,0.6344748647140955,6
8137,2025-07-09 02:00:00,108798.3203125,0.7,91.45177953699049,211.0949218697412,0.43322586221861825,4
8138,2025-07-09 03:00:00,108637.7265625,0.9333333333333333,89.57613523952004,209.96450132727765,0.42662514221818465,5
8139,2025-07-09 04:00:00,108413.1015625,0.5333333333333333,164.74686554148073,210.09984570329516,0.7841360615473164,5
8143,2025-07-09 08:00:00,108732.0546875,0.4666666666666667,138.88722640812745,210.60405951456553,0.6594707942869539,6
8149,2025-07-09 14:00:00,109194.109375,0.7,153.04905334775867,212.47513979925392,0.7203151083574253,7
8154,2025-07-09 19:00:00,109545.453125,0.1,99.88202157977821,219.02547154764784,0.4560292502694117,6
8156,2025-07-09 21:00:00,110735.8203125,0.26666666666666666,479.86669011887517,330.0161060839003,1.454070517385228,17
8159,2025-07-10 00:00:00,111329.1953125,0.6,321.1854013176587,333.19653245959404,0.9639518123034733,6
8162,2025-07-10 03:00:00,111254.3203125,0.7333333333333333,207.71997621218736,337.45945641917996,0.6155405405328607,6
8167,2025-07-10 08:00:00,111270.6015625,0.16666666666666666,246.61162864862018,337.87310070391635,0.7298942358383538,11
8168,2025-07-10 09:00:00,111288.578125,0.1,156.33683476087472,337.86907871480014,0.46271424231999864,8
8177,2025-07-10 18:00:00,113822.90625,0.3,465.915682936619,373.59513116766277,1.2471139050458462,9
8178,2025-07-10 19:00:00,113468.078125,0.16666666666666666,248.9160209315851,375.74228061974594,0.6624647631377157,3
8180,2025-07-10 21:00:00,113615.3984375,0.06666666666666667,244.78266327026608,375.91260376198073,0.6511690771221305,3
8181,2025-07-10 22:00:00,116458.03125,0.9333333333333333,280.12589243611893,465.3980244167593,0.6019060626378357,6
8182,2025-07-10 23:00:00,116049.703125,0.4,654.3524349542746,467.9519469190823,1.398332540899599,6
8183,2025-07-11 00:00:00,115986.234375,0.26666666666666666,355.5506718715117,467.9294578038439,0.7598381891583296,8
8186,2025-07-11 03:00:00,116686.59375,0.6333333333333333,368.22596930419155,472.68051928405566,0.7790165963723744,5
8187,2025-07-11 04:00:00,116842.984375,0.8,574.9019032957588,470.6314527396583,1.221554360528004,5
8189,2025-07-11 06:00:00,117886.609375,0.4,552.0062255616424,478.66519525226965,1.1532198936476257,6
8190,2025-07-11 07:00:00,117683.5234375,0.3333333333333333,579.855787672072,479.4337856478336,1.2094595855161594,6
8191,2025-07-11 08:00:00,117629.5859375,0.5666666666666667,656.7599625827337,478.466801068093,1.372634341853254,7
8193,2025-07-11 10:00:00,118498.9609375,0.5333333333333333,685.561907096442,479.1999925188843,1.430638392736255,6
8197,2025-07-11 14:00:00,118125.1796875,0.36666666666666664,555.9942338913744,481.5164097687868,1.1546734911035539,7
8200,2025-07-11 17:00:00,117439.7734375,0.13333333333333333,282.8672673467389,490.7167607099369,0.5764369387699435,4
8204,2025-07-11 21:00:00,117766.21875,0.3,327.38611396564545,489.1325592302616,0.6693198148183932,3
8205,2025-07-11 22:00:00,117625.34375,0.16666666666666666,279.42269321312494,489.71941739421396,0.5705771167905223,5
8206,2025-07-11 23:00:00,117616.59375,0.2,360.2665313618799,489.8199096311891,0.7355081414170023,6
8210,2025-07-12 03:00:00,117648.6484375,0.9,190.20517107074343,488.9075413985365,0.3890411887013547,3
8211,2025-07-12 04:00:00,117715.078125,0.9,190.13346912010022,488.83746924565423,0.38895027710028696,3
8213,2025-07-12 06:00:00,117730.7890625,0.0,206.8369462380973,484.47240251398097,0.4269323601608626,2
8214,2025-07-12 07:00:00,117956.4453125,0.0,309.7186014912796,484.5999089481406,0.6391222857708464,3
8215,2025-07-12 08:00:00,117760.8203125,0.2,247.91562500000003,485.50997922782005,0.5106293085763093,2
8223,2025-07-12 16:00:00,117161.109375,0.36666666666666664,308.5404254916974,488.82633817015636,0.6311861726736522,2
8225,2025-07-12 18:00:00,117488.3359375,0.8666666666666667,217.72547749108196,482.3081754073302,0.4514239828242665,2
8226,2025-07-12 19:00:00,117484.484375,0.7666666666666667,270.65000239144257,481.9941032021599,0.5615213974473158,2
8229,2025-07-12 22:00:00,117492.4296875,0.6333333333333333,313.82996959956074,483.3421311937188,0.6492915666682919,2
8230,2025-07-12 23:00:00,117414.0,0.6666666666666666,311.0312296787952,481.0752723517918,0.6465333962360678,2
8232,2025-07-13 01:00:00,117353.125,0.3,343.76954369247466,480.9591825135235,0.7147582501615064,3
8237,2025-07-13 06:00:00,117780.7109375,0.7333333333333333,306.3041186592811,480.2620200834177,0.6377854293081066,2
8238,2025-07-13 07:00:00,117941.8359375,0.6666666666666666,325.6521355189546,479.23824623228484,0.679520338952898,2
8242,2025-07-13 11:00:00,117790.4296875,0.06666666666666667,173.48038571386263,479.50222082531633,0.36179266368207685,2
8248,2025-07-13 17:00:00,118657.1171875,0.8666666666666667,247.35024971718997,480.1742446537524,0.5151260245029409,2
8270,2025-07-14 15:00:00,121127.671875,0.1,397.05120664644136,458.9877533773776,0.8650583893030098,3
8275,2025-07-14 20:00:00,119836.3125,0.03333333333333333,134.4201645647524,467.23578722948747,0.2876923562764909,2
8278,2025-07-14 23:00:00,120076.7421875,0.06666666666666667,189.20119307798007,456.3211721799464,0.4146228678676565,2
8280,2025-07-15 01:00:00,119553.109375,0.6666666666666666,398.6869718329552,362.2450324613845,1.1006002459825461,4
8281,2025-07-15 02:00:00,118664.7421875,0.3333333333333333,309.0267969517636,371.1989442174157,0.8325099027511318,10
8283,2025-07-15 04:00:00,117261.6015625,0.3333333333333333,386.8594251589632,387.1238989842296,0.999316823823173,10
8284,2025-07-15 05:00:00,117475.2734375,0.0,299.4454167490854,387.081397456308,0.7735980564214157,5
8293,2025-07-15 14:00:00,118169.8125,0.4,624.5974340203117,373.64489919175827,1.671633776806256,11
8294,2025-07-15 15:00:00,116077.6171875,0.4666666666666667,564.0943574895457,428.2802322356127,1.3171150920157733,13
8297,2025-07-15 18:00:00,117387.28125,0.03333333333333333,246.87726282036982,434.45978522314573,0.5682396189869899,6
8298,2025-07-15 19:00:00,116792.6953125,0.0,201.53317620795698,432.4142234689978,0.4660650951561634,6
8301,2025-07-15 22:00:00,117520.171875,0.23333333333333334,317.5753148153009,440.8503230559148,0.7203699264954866,8
8305,2025-07-16 02:00:00,117748.4765625,0.43333333333333335,237.61063557021447,442.8115236067874,0.5365954201797389,6
8306,2025-07-16 03:00:00,117289.0703125,0.13333333333333333,284.77934686970775,445.12382378091183,0.6397755672809708,5
8307,2025-07-16 04:00:00,117493.4140625,0.0,227.02110836287198,445.192118776975,0.5099396390631104,5
8314,2025-07-16 11:00:00,118762.875,0.3333333333333333,261.13045058144,452.0709384865356,0.5776315802463765,7
8315,2025-07-16 12:00:00,118765.2578125,0.23333333333333334,602.4377814641789,451.8675928020383,1.333217497914494,11
8320,2025-07-16 17:00:00,119312.9140625,0.0,107.71611419776873,450.4548802428854,0.23912742190669167,4
8321,2025-07-16 18:00:00,119129.3125,0.5333333333333333,106.56727933543483,450.77397415156366,0.23640956542802477,4
8323,2025-07-16 20:00:00,119255.75,0.0,95.67455763541653,454.4198447372186,0.21054220836403637,4
8325,2025-07-16 22:00:00,119434.3125,1.0,275.25625,460.1299496684731,0.59821415710567,2
8327,2025-07-17 00:00:00,118738.5078125,0.06666666666666667,315.11673287841415,463.8431219545754,0.6793605811174965,8
8328,2025-07-17 01:00:00,118975.859375,0.7666666666666667,275.05355683121394,462.9956311573577,0.5940737629503287,8
8329,2025-07-17 02:00:00,118028.28125,0.13333333333333333,299.99418554534714,472.81982351535277,0.6344788662093948,7
8332,2025-07-17 05:00:00,118510.5625,0.06666666666666667,232.9229657242172,475.1265984722678,0.4902334798202472,5
8340,2025-07-17 13:00:00,117992.2109375,0.26666666666666666,313.53053253824123,481.6981616923247,0.65088588139247,8
8346,2025-07-17 19:00:00,119633.6484375,0.0,148.87854545544585,490.77466003987917,0.3033541818221591,4
8350,2025-07-17 23:00:00,119812.890625,0.5,172.52939467437503,511.55964914551146,0.33726153922140095,5
8352,2025-07-18 01:00:00,119850.25,0.3333333333333333,522.9421791452864,514.9526668675572,1.0155150420451828,12
8356,2025-07-18 05:00:00,120531.2890625,0.06666666666666667,251.61101267583913,517.182863506798,0.4865029961932061,8
8365,2025-07-18 14:00:00,118822.4765625,0.3,400.88406097824395,498.00727800316815,0.8049763099560437,12
8375,2025-07-19 00:00:00,117998.125,0.03333333333333333,201.66938854656888,473.7295380501844,0.42570575053566767,5
8376,2025-07-19 01:00:00,117838.8359375,0.6666666666666666,220.7213763294429,473.80790004032565,0.46584570732285674,6
8381,2025-07-19 06:00:00,118312.53125,0.0,137.15300655978197,464.25650354251076,0.29542506246705325,4
8392,2025-07-19 17:00:00,118043.015625,1.0,116.89368638015019,442.1845547970642,0.2643549737593102,3
8398,2025-07-19 23:00:00,117859.21875,0.3,198.67274625910156,375.5824425262173,0.5289724006340721,4
8399,2025-07-20 00:00:00,117944.109375,0.8666666666666667,166.98871583542058,375.647021203169,0.44453624389345175,4
8401,2025-07-20 02:00:00,118002.0234375,0.9333333333333333,156.09160699507694,361.78000797008264,0.4314544849255046,4
8403,2025-07-20 04:00:00,118028.1484375,0.8,187.87937017573324,360.1267076103412,0.5217035176936102,4
8407,2025-07-20 08:00:00,118073.6796875,0.4,171.48780051786187,355.1367243217106,0.482878251595616,4
8411,2025-07-20 12:00:00,117866.75,0.1,52.0171875,348.54035087348586,0.1492429423727795,2
8412,2025-07-20 13:00:00,118103.734375,0.3,184.51344593246304,346.8442503526348,0.5319778135139018,4
8417,2025-07-20 18:00:00,118056.046875,0.3333333333333333,166.76825619690516,349.6861511550982,0.4769083809754237,5
8418,2025-07-20 19:00:00,118391.1328125,0.7666666666666667,142.05615578716365,351.3609780520303,0.40430259664784873,4
8420,2025-07-20 21:00:00,118151.8359375,0.5,185.58751207940898,350.5545770933053,0.529411179332604,4
8423,2025-07-21 00:00:00,117306.46875,0.5333333333333333,254.1757354987496,342.7408753559578,0.7415973809215846,3
8429,2025-07-21 06:00:00,118427.15625,0.5333333333333333,176.11084915102074,326.697217904151,0.5390644287723612,4
8433,2025-07-21 10:00:00,118730.8046875,0.5333333333333333,212.4831403653179,335.7292444755381,0.6329003024364172,4
8434,2025-07-21 11:00:00,118615.078125,0.13333333333333333,167.74432654812563,335.9040551111561,0.49938166567419473,6
8435,2025-07-21 12:00:00,118191.421875,0.9666666666666667,140.93314822716223,338.41885167855736,0.41644591466501907,4
8445,2025-07-21 22:00:00,117278.2578125,0.5333333333333333,250.03625487116867,334.2923015877363,0.7479569636620713,2
8446,2025-07-21 23:00:00,117439.578125,0.6666666666666666,239.16045449725632,328.23097223513605,0.728634634533904,2
8450,2025-07-22 03:00:00,117041.953125,0.9,258.68542632881713,314.6340059109964,0.8221788537440992,3
8451,2025-07-22 04:00:00,117207.8984375,0.1,229.3066516538265,309.57349004018363,0.7407179846829318,3
8455,2025-07-22 08:00:00,117924.3046875,0.9333333333333333,294.82441098787024,315.50944404553434,0.9344392586401349,5
8457,2025-07-22 10:00:00,118453.53125,0.5333333333333333,215.92686319263206,317.183964894367,0.6807622297821486,4
8458,2025-07-22 11:00:00,118922.2734375,0.36666666666666664,201.8732595317022,309.9781298072026,0.6512500080481856,4
8459,2025-07-22 12:00:00,119199.2890625,0.0,162.30105590852892,300.27753556245796,0.5405034898948349,4
8460,2025-07-22 13:00:00,119357.4140625,0.03333333333333333,244.8724137630635,299.77434499600463,0.8168558045430043,6
8463,2025-07-22 16:00:00,118934.0390625,0.5,200.2255606689512,324.7098466258952,0.6166291621566843,4
8465,2025-07-22 18:00:00,119222.640625,0.2,172.70626966499285,316.4318467493405,0.5457929454294184,4
8467,2025-07-22 20:00:00,119278.296875,0.7666666666666667,199.1257881397892,328.455000828878,0.6062498291616266,6
8469,2025-07-22 22:00:00,119520.0546875,0.7666666666666667,118.78591763553298,332.9786769731249,0.3567373103747431,3
8473,2025-07-23 02:00:00,119565.015625,0.8666666666666667,130.60302951343857,337.257091077823,0.3872506552673241,4
8474,2025-07-23 03:00:00,119104.0390625,0.36666666666666664,151.53200296426914,339.9502478944522,0.44574758778030604,5
8477,2025-07-23 06:00:00,118675.6171875,0.8333333333333334,265.49489053621767,345.20278048956004,0.7690983547690371,4
8479,2025-07-23 08:00:00,118406.828125,0.8333333333333334,210.53177419499474,345.5746284380828,0.6092223122587139,3
8480,2025-07-23 09:00:00,118465.625,0.7666666666666667,230.16344020474247,345.50964552712185,0.6661563379904978,3
8482,2025-07-23 11:00:00,118430.0703125,0.5666666666666667,252.8005985328038,348.0439748272412,0.7263467171304621,3
8485,2025-07-23 14:00:00,117521.953125,0.3333333333333333,301.21127700634423,356.1859748122979,0.845657320350909,5
8487,2025-07-23 16:00:00,118567.0859375,0.7333333333333333,244.22209156116577,363.7233545597537,0.6714501241108622,6
8489,2025-07-23 18:00:00,118118.5859375,0.16666666666666666,274.46692457726704,370.89165924564725,0.7400191342547376,3
8492,2025-07-23 21:00:00,118016.7265625,0.2,263.36026443021143,371.91733068609193,0.7081150640234468,3
8493,2025-07-23 22:00:00,118157.109375,0.3333333333333333,206.3278661937247,372.12539535489117,0.5544579025490923,2
8500,2025-07-24 05:00:00,118049.8671875,0.06666666666666667,279.66690129230466,381.69984630347915,0.7326880112756166,4
8502,2025-07-24 07:00:00,117535.9140625,0.4,235.3394171804251,384.07896469917745,0.6127370640169014,5
8503,2025-07-24 08:00:00,118509.7734375,0.0,304.98778813285264,396.3527167862753,0.7694858019537955,3
8506,2025-07-24 11:00:00,118472.0546875,0.36666666666666664,345.0126902875983,398.0493158622856,0.866758656625762,3
8507,2025-07-24 12:00:00,118711.390625,0.2,191.7948025466499,398.52250947099384,0.4812646663327546,3
8511,2025-07-24 16:00:00,119151.9921875,0.4,292.97649065051826,405.239706753671,0.722970838661195,5
8512,2025-07-24 17:00:00,118580.53125,0.23333333333333334,236.39780426239224,408.5659843146774,0.5786037343733411,3
8516,2025-07-24 21:00:00,118789.6328125,0.36666666666666664,343.3404793250828,409.65902901317037,0.8381128084791817,4
8520,2025-07-25 01:00:00,117779.953125,0.4,229.14701422658888,413.0485985348025,0.5547701046303913,3
8522,2025-07-25 03:00:00,116533.9296875,0.8333333333333334,246.72556665223846,421.67376446370116,0.5851100719202493,9
8527,2025-07-25 08:00:00,115151.2421875,0.6333333333333333,374.4452675057813,437.3918704673916,0.8560864816843845,13
8531,2025-07-25 12:00:00,116600.1484375,0.8,252.99631405068206,437.41735616156035,0.578386546594273,8
8532,2025-07-25 13:00:00,116073.4140625,0.5333333333333333,299.00289625995674,439.4997471486204,0.6803255250994411,14
8534,2025-07-25 15:00:00,114983.9765625,0.5666666666666667,362.5066259841967,452.37526172601184,0.8013405167229382,11
8535,2025-07-25 16:00:00,115787.0546875,0.8333333333333334,214.91635366676616,459.9887367019411,0.46722090459798693,10
8537,2025-07-25 18:00:00,116189.2109375,0.7666666666666667,227.57871037517808,457.2497748187574,0.4977120228553086,10
8540,2025-07-25 21:00:00,117080.90625,0.5666666666666667,235.58471747807798,455.2047202151382,0.5175357526317748,5
8543,2025-07-26 00:00:00,117644.84375,0.2,316.02068532464756,449.70781972976687,0.7027244612169452,7
8548,2025-07-26 05:00:00,117529.9609375,0.6333333333333333,206.4209181399988,445.40959681995315,0.46344066139068807,3
8556,2025-07-26 13:00:00,117974.9375,0.1,208.51823854327307,430.1105141309784,0.48480153749455784,4
8557,2025-07-26 14:00:00,118170.46875,0.43333333333333335,308.22456980297665,427.9340560348424,0.7202618381414378,4
8558,2025-07-26 15:00:00,118135.6484375,0.2,237.4434121844621,426.9741372947212,0.5561072473590256,3
8560,2025-07-26 17:00:00,118107.96875,0.16666666666666666,232.18965194765076,413.28184668947705,0.5618191406362654,3
8562,2025-07-26 19:00:00,118124.90625,0.0,160.8018651085481,406.16871311307375,0.3958991914371856,2
8565,2025-07-26 22:00:00,118096.7421875,0.9666666666666667,62.661441123016644,396.5460312413769,0.15801807655685432,2
8571,2025-07-27 04:00:00,118230.5234375,0.0,168.2147824539339,383.4595949995432,0.43867668105719015,2
8572,2025-07-27 05:00:00,118236.5625,0.0,126.035039856785,383.46282523586285,0.3286760321010584,2
8573,2025-07-27 06:00:00,118334.046875,0.0,155.1237674115169,380.93679423126093,0.4072165507786145,2
8574,2025-07-27 07:00:00,118312.28125,0.0,125.69438887583777,377.9530720586115,0.3325661257129445,2
8578,2025-07-27 11:00:00,118264.4765625,0.0,149.6620974518809,375.9169584754271,0.3981254212601956,2
8580,2025-07-27 13:00:00,118142.703125,0.5666666666666667,218.94216102772046,374.94517730665444,0.5839311298799701,3
8581,2025-07-27 14:00:00,118260.8984375,0.23333333333333334,189.14015990827696,374.05317630130565,0.5056504579870794,3
8584,2025-07-27 17:00:00,119075.1953125,0.8666666666666667,222.07872897495622,369.1080112837969,0.6016632589537756,6
8591,2025-07-28 00:00:00,119457.5234375,0.2,271.96064688289414,353.79679878224374,0.7686916552636237,8
8594,2025-07-28 03:00:00,119433.6953125,0.1,191.25027860733383,353.96187971901077,0.5403132076232503,3
8597,2025-07-28 06:00:00,119613.8046875,0.0,181.9030392623627,354.464262477415,0.5131773736257906,6
8598,2025-07-28 07:00:00,119479.84375,0.6666666666666666,294.8936584231189,351.8885598163781,0.8380313886220109,7
8603,2025-07-28 12:00:00,118807.0546875,0.5666666666666667,171.25718946002044,336.212742828445,0.5093715009707579,3
8604,2025-07-28 13:00:00,118850.6640625,0.3333333333333333,253.5104156881112,334.9961787842598,0.7567561415420619,6
8611,2025-07-28 20:00:00,118000.2421875,0.16666666666666666,116.2663721413338,328.6468593546732,0.3537729597344486,5
8613,2025-07-28 22:00:00,118059.609375,0.8,123.4340892255238,322.4894575921786,0.38275387402467903,4
8615,2025-07-29 00:00:00,117938.5859375,0.5666666666666667,144.52170926561863,322.05927718838365,0.44874257474372603,9
8616,2025-07-29 01:00:00,117964.1796875,0.36666666666666664,203.4346755064596,321.7391653463771,0.632296895802059,12
8619,2025-07-29 04:00:00,118799.25,0.8666666666666667,183.14788521469598,324.3031281549701,0.5647428881018307,4
8625,2025-07-29 10:00:00,118784.359375,0.7,186.1019059859976,273.4291700854116,0.6806219904330785,5
8633,2025-07-29 18:00:00,117772.6640625,0.5333333333333333,201.27681090365064,254.52064743196692,0.7908073978848875,11
8634,2025-07-29 19:00:00,117535.328125,0.5666666666666667,156.1125225235083,243.55052757497717,0.640986180887861,11
8638,2025-07-29 23:00:00,117821.4609375,0.06666666666666667,119.0872653208992,240.72554907093934,0.4947013965925379,11
8641,2025-07-30 02:00:00,117838.359375,0.13333333333333333,171.86588092443816,239.640830126874,0.7171811282469959,15
8644,2025-07-30 05:00:00,117988.6015625,0.7,192.66735529634633,236.49628355552565,0.8146739238340337,10
8649,2025-07-30 10:00:00,118198.59375,0.2,122.7750390890626,239.32407193812926,0.513007480170247,10
8659,2025-07-30 20:00:00,117011.015625,0.2,273.577120750738,296.60493588740223,0.9223619962096447,16
8660,2025-07-30 21:00:00,117080.1875,0.7666666666666667,186.21521453086376,296.69889658131274,0.627623549249803,13
8670,2025-07-31 07:00:00,118713.4609375,0.4666666666666667,246.46691362751935,309.97129204471,0.7951281939747153,11
8671,2025-07-31 08:00:00,118658.796875,0.4666666666666667,222.67979936076043,310.028423176292,0.7182560781987968,14
8672,2025-07-31 09:00:00,118582.8984375,0.5666666666666667,234.74014373465485,309.9865973750821,0.7572590096552483,15
8674,2025-07-31 11:00:00,118476.9375,0.3,180.16758137035814,309.7649406528384,0.5816267683187447,19
8679,2025-07-31 16:00:00,118289.8828125,0.23333333333333334,148.2285926645817,318.77210090162464,0.46499863772685085,17
8683,2025-07-31 20:00:00,116779.0859375,0.9,290.000043873283,334.4040487414672,0.8672145118000243,16
8686,2025-07-31 23:00:00,116111.1875,0.5666666666666667,384.8547627518915,335.6671709135977,1.1465367962688102,18
8687,2025-08-01 00:00:00,115738.953125,0.8,343.24282739079933,336.8046118651682,1.0191155800687448,15
8689,2025-08-01 02:00:00,115269.4296875,0.4,172.88073013794033,332.5472318122201,0.5198681979573991,13
8691,2025-08-01 04:00:00,115640.3046875,0.8,211.76308749630027,341.1435854382087,0.6207447436664668,11
8695,2025-08-01 08:00:00,114970.40625,0.5666666666666667,307.36956617096934,340.0808979086645,0.903813087007079,17
8704,2025-08-01 17:00:00,114875.03125,0.7,325.6366161276632,398.4250088458152,0.8173096791062128,17
8705,2025-08-01 18:00:00,114362.3828125,0.8333333333333334,294.4121689083999,399.33248001045257,0.7372607630130502,12
8709,2025-08-01 22:00:00,113987.046875,0.6,239.34148056628516,408.3577734469307,0.5861073209064048,8
8721,2025-08-02 10:00:00,113650.296875,0.13333333333333333,201.67177627286392,411.2953311468075,0.4903332496154189,7
8723,2025-08-02 12:00:00,113745.296875,0.1,247.57222556553776,411.87681722883116,0.601083176351708,8
8724,2025-08-02 13:00:00,113618.6640625,0.4,163.63602388135615,411.94107155323894,0.397231631369896,9
8728,2025-08-02 17:00:00,113144.0546875,0.6333333333333333,217.91501102905355,409.32006564907584,0.5323829182024015,7
8729,2025-08-02 18:00:00,112677.6015625,0.9333333333333333,141.59074122660223,403.97984606788424,0.35048961626370223,4
8731,2025-08-02 20:00:00,112272.171875,0.5,300.13271060101147,402.6346604107087,0.7454219423008943,4
8751,2025-08-03 16:00:00,113946.6640625,0.23333333333333334,139.86591619236296,403.62318276017515,0.34652597315122136,3
8752,2025-08-03 17:00:00,113956.0546875,0.3,150.0507153543252,403.64654595197806,0.37173789013959946,3
8753,2025-08-03 18:00:00,114113.203125,0.6666666666666666,183.8696793888234,393.16434216460567,0.4676662140226412,4
8754,2025-08-03 19:00:00,114370.0703125,0.23333333333333334,162.6247171944601,388.58998756104796,0.41849950436232364,3
8756,2025-08-03 21:00:00,114427.25,0.23333333333333334,143.57994382323537,388.48384409947437,0.3695905145194933,3
8760,2025-08-04 01:00:00,114881.65625,0.36666666666666664,218.62982065851412,372.12139224156834,0.587522849308774,9
8762,2025-08-04 03:00:00,114778.4296875,0.13333333333333333,127.51478220259712,370.3749997797886,0.3442856085816071,4
8765,2025-08-04 06:00:00,114388.0859375,0.7666666666666667,169.57792139833907,361.8880641894012,0.46859219239015065,4
8773,2025-08-04 14:00:00,114856.0078125,0.1,182.9159252430829,364.98461392443267,0.5011606469552558,7
8774,2025-08-04 15:00:00,114726.8984375,0.4666666666666667,253.5277987132598,364.97036024073157,0.6946531179847999,10
8777,2025-08-04 18:00:00,115197.7890625,0.6333333333333333,213.27796614535444,362.4613521920249,0.5884157437904275,9
8783,2025-08-05 00:00:00,115072.1875,0.9333333333333333,192.02229879307822,344.86119030553704,0.5568104042758538,15
8784,2025-08-05 01:00:00,114874.7734375,0.6,199.55010379185433,344.7129057317796,0.5788878236752872,9
8803,2025-08-05 20:00:00,113687.09375,0.8,197.3252694430906,306.2303616943127,0.6443687306226871,4
8804,2025-08-05 21:00:00,113562.59375,0.8666666666666667,170.81183974290005,302.25434970535036,0.5651261591749276,4
8808,2025-08-06 01:00:00,113815.3828125,0.7333333333333333,276.2840655721058,290.51494247097537,0.9510149915944811,5
8810,2025-08-06 03:00:00,113622.8046875,0.5,189.3146410745754,279.56195160528114,0.6771831430833347,4
8811,2025-08-06 04:00:00,113551.65625,0.4666666666666667,180.41511799352762,276.4391874644342,0.652639445399684,4
8812,2025-08-06 05:00:00,113410.203125,0.26666666666666666,187.1352635158015,276.4967961513459,0.6768080719943294,4
8814,2025-08-06 07:00:00,114068.2265625,0.5,245.7691785225869,284.9115550398705,0.8626156930988426,10
8823,2025-08-06 16:00:00,115471.453125,0.36666666666666664,179.89549804260426,297.4845565665981,0.6047221412730073,12
8825,2025-08-06 18:00:00,115504.3984375,0.4,228.66430557203475,299.13276980732263,0.7644241241751012,11
8830,2025-08-06 23:00:00,115133.546875,0.7666666666666667,145.999568718864,291.84281121304514,0.5002678260671097,9
8832,2025-08-07 01:00:00,114932.734375,0.6333333333333333,211.40875390537616,288.32940591899245,0.7332195383663798,13
8833,2025-08-07 02:00:00,114724.8125,0.9333333333333333,197.24131972464411,288.6589087130953,0.683302381360718,12
8836,2025-08-07 05:00:00,114381.4375,0.5666666666666667,167.91425422171085,284.9432689090196,0.5892901238362809,5
8837,2025-08-07 06:00:00,114555.6640625,0.5333333333333333,253.92870149414955,283.2828050234504,0.8963788023531082,12
8842,2025-08-07 11:00:00,116368.921875,0.3333333333333333,253.8833056887427,310.37144126330156,0.8179982818501734,12
8843,2025-08-07 12:00:00,116559.3203125,0.23333333333333334,241.03983274016605,310.79536856295135,0.7755579944922623,16
8844,2025-08-07 13:00:00,116402.2421875,0.5333333333333333,241.0748757615983,311.3177861863197,0.7743691059698017,21
8847,2025-08-07 16:00:00,116814.0625,0.36666666666666664,257.79676366655025,315.5839439704648,0.8168880850626457,15
8849,2025-08-07 18:00:00,116500.390625,0.4,114.95899775524258,320.43506263445755,0.3587591095996391,19
8852,2025-08-07 21:00:00,117215.6484375,0.3333333333333333,150.58306042813774,333.7771035335122,0.4511485624208455,13
8853,2025-08-07 22:00:00,117137.75,0.3,159.369071439637,333.17034501958335,0.4783411063498748,11
8854,2025-08-07 23:00:00,117612.0,0.16666666666666666,216.62147828801685,335.9751506387087,0.644754464359065,8
8856,2025-08-08 01:00:00,117376.3828125,0.13333333333333333,185.2808250675414,336.49636356904654,0.5506176147116763,12
8857,2025-08-08 02:00:00,116887.671875,0.5333333333333333,188.26968980042366,339.9917949617958,0.5537477450641982,13
8859,2025-08-08 04:00:00,116769.4609375,0.5,88.47049856618884,334.2199240348309,0.2647074342490989,10
8866,2025-08-08 11:00:00,116543.75,0.7666666666666667,140.64768981422574,333.56227179738914,0.4216534713483943,17
8867,2025-08-08 12:00:00,116929.6640625,0.4,241.14735753601724,334.9057107117086,0.7200455227340097,15
8871,2025-08-08 16:00:00,116230.0859375,0.8,161.29679473679514,341.33392880193406,0.47254837895236274,13
8872,2025-08-08 17:00:00,116212.515625,0.6,145.20420034245572,338.9912957498356,0.42834197267888446,14
8874,2025-08-08 19:00:00,116499.234375,0.9333333333333333,101.98690464669768,342.03430087592005,0.2981774178365097,10
8877,2025-08-08 22:00:00,116960.8046875,0.3333333333333333,112.28383889330091,339.4274249743238,0.3308036729848647,11
8880,2025-08-09 01:00:00,116591.859375,0.7333333333333333,133.52367616529008,338.34595283006286,0.3946365400515179,12
8888,2025-08-09 09:00:00,117120.3046875,0.3333333333333333,181.044324302069,335.9653085285955,0.5388780320652051,9
8891,2025-08-09 12:00:00,117119.1171875,0.43333333333333335,233.53024271434435,336.4224443990589,0.6941577371019114,19
8893,2025-08-09 14:00:00,116982.453125,0.6666666666666666,176.3440103412907,334.11070243942845,0.52780114211774,14
8898,2025-08-09 19:00:00,116665.0625,0.4666666666666667,118.75218960569264,290.88129998981736,0.40824965238346256,9
8901,2025-08-09 22:00:00,116605.6015625,0.9,64.79215287416797,288.24422340894415,0.22478213824339033,12
8910,2025-08-10 07:00:00,118086.1875,0.2,223.30295554053595,314.95755788278814,0.7089937991697232,10
8912,2025-08-10 09:00:00,118329.0859375,0.16666666666666666,151.1721615782885,312.27154083490973,0.48410483124432235,7
8913,2025-08-10 10:00:00,118305.375,0.36666666666666664,187.13217735028613,312.1889836593514,0.599419541192003,8
8917,2025-08-10 14:00:00,118432.8125,0.43333333333333335,292.3239310725238,313.80175085499,0.9315560868479945,18
8919,2025-08-10 16:00:00,118798.2890625,0.2,151.22928010428913,313.0971253242042,0.48301075887456646,10
8924,2025-08-10 21:00:00,118425.8046875,0.23333333333333334,119.45897544926878,299.30227643584357,0.39912484753478045,7
8926,2025-08-10 23:00:00,119012.703125,0.03333333333333333,129.79966540470636,300.2094946993444,0.432363625056892,9
8938,2025-08-11 11:00:00,121147.8125,0.7333333333333333,262.1256581297539,379.09203881355353,0.6914565100077807,5
8940,2025-08-11 13:00:00,119532.65625,0.6,291.9677414702836,399.33558614602583,0.7311337922273704,17
8941,2025-08-11 14:00:00,120021.5390625,0.36666666666666664,347.1877441326282,381.43780738599105,0.9102080009108695,17
8943,2025-08-11 16:00:00,120298.703125,0.3,332.8690704424954,381.0210207900196,0.8736239007294543,13
8945,2025-08-11 18:00:00,119530.5859375,0.7333333333333333,280.3138845011602,384.23076103867163,0.7295456609028435,16
8948,2025-08-11 21:00:00,118884.6875,0.13333333333333333,194.38419647587736,385.25251758815864,0.5045630790236063,10
8952,2025-08-12 01:00:00,119002.5390625,0.36666666666666664,258.4517830292547,375.4222346228047,0.6884296112320761,14
8953,2025-08-12 02:00:00,119015.5,0.4,197.78785179743525,372.59297584833433,0.5308416009376025,11
8954,2025-08-12 03:00:00,119094.8203125,0.13333333333333333,162.0868875391897,372.44834309291684,0.43519293492669114,10
8955,2025-08-12 04:00:00,118821.9609375,0.3,182.57874543840404,373.2906705027741,0.4891061038104546,10
8956,2025-08-12 05:00:00,119096.234375,0.13333333333333333,186.77792013436863,370.68693996224704,0.5038697078278269,9
8967,2025-08-12 16:00:00,119922.3984375,0.13333333333333333,274.2509847709589,384.4613205711178,0.7133382998413434,13
8969,2025-08-12 18:00:00,119235.515625,0.3333333333333333,150.38628245534179,384.59078588445476,0.3910293433304545,10
8979,2025-08-13 04:00:00,119476.5234375,0.43333333333333335,202.0059952916969,388.70249317246316,0.5196930784852697,9
8980,2025-08-13 05:00:00,119348.6171875,0.8666666666666667,158.82170232563163,389.0056074050791,0.4082761258509251,8
8983,2025-08-13 08:00:00,119616.9921875,0.2,238.86785401654194,392.62140724124197,0.6083923332019748,13
8990,2025-08-13 15:00:00,121022.6796875,0.16666666666666666,475.374042535527,423.76618784948715,1.121783795323401,18
8991,2025-08-13 16:00:00,120958.8125,0.1,249.3584922716335,423.88457467084805,0.5882697960058199,14
8992,2025-08-13 17:00:00,121394.3515625,0.4,320.50152688130714,425.2932755832099,0.7536012095225335,7
9000,2025-08-14 01:00:00,123810.921875,0.23333333333333334,492.4067826940242,447.12030585311055,1.1012847688822955,13
9004,2025-08-14 05:00:00,123111.234375,0.26666666666666666,270.6633809553886,451.51635179761945,0.5994542166142999,4
9005,2025-08-14 06:00:00,122177.6328125,0.26666666666666666,551.7243609968428,456.9443582219056,1.2074213218076528,15
9009,2025-08-14 10:00:00,121707.8671875,0.3,322.5956679429932,444.7155014480647,0.7253978484954318,10
9012,2025-08-14 13:00:00,118951.2734375,0.4666666666666667,522.5861278578486,494.1499937783336,1.057545551831517,18
9016,2025-08-14 17:00:00,117913.7265625,0.5,185.33052347006281,500.10768896092446,0.37058123192451753,13
9022,2025-08-14 23:00:00,118394.3984375,0.23333333333333334,206.95772336737474,502.05437714645075,0.41222172893635495,9
9024,2025-08-15 01:00:00,118288.8125,0.3,270.83234257681363,500.7768035536292,0.5408244564343317,17
9026,2025-08-15 03:00:00,118820.6171875,0.36666666666666664,248.47923475242234,501.48444262188724,0.4954874242026536,8
9031,2025-08-15 08:00:00,119039.1328125,0.6666666666666666,245.75461063054834,451.98857832726645,0.5437186301035409,13
9037,2025-08-15 14:00:00,117857.6484375,0.6666666666666666,311.1002403065155,453.4281262224789,0.6861070637551742,17
9038,2025-08-15 15:00:00,117435.5703125,1.0,238.89196187349518,451.76112404254434,0.528801504068769,16
9040,2025-08-15 17:00:00,117443.96875,0.5333333333333333,201.70629386944063,437.4119363151149,0.4611357787093626,11
9045,2025-08-15 22:00:00,117377.7890625,0.5333333333333333,103.45890529696207,437.93100508736933,0.23624476023642474,10
9047,2025-08-16 00:00:00,117398.421875,0.5666666666666667,188.08079164963723,435.753382880952,0.4316221033240285,14
9048,2025-08-16 01:00:00,117834.2734375,0.5666666666666667,245.47216551031585,437.73372308507163,0.5607796533935527,10
9051,2025-08-16 04:00:00,117511.21875,0.6666666666666666,124.19623123787593,437.02737087033387,0.28418410268112243,13
9055,2025-08-16 08:00:00,117716.4453125,0.43333333333333335,193.34093603089244,438.75951680236346,0.4406535439731138,11
9059,2025-08-16 12:00:00,117449.0625,0.7666666666666667,246.82840705662443,437.4541921153375,0.5642382939870115,17
9060,2025-08-16 13:00:00,117822.1171875,0.6,252.1010615301121,437.5676639711619,0.5761418913869443,11
9063,2025-08-16 16:00:00,117767.9140625,0.2,109.72082646176916,432.2764986449589,0.253820938232143,7
9065,2025-08-16 18:00:00,117788.0234375,0.8,111.31114132879634,426.4186963345547,0.26103719720925445,9
9066,2025-08-16 19:00:00,117754.328125,0.7,126.84116881941813,422.8497552641867,0.2999674641887181,9
9070,2025-08-16 23:00:00,117568.421875,0.5666666666666667,102.37169378241123,418.58997267944846,0.2445631774863521,9
9073,2025-08-17 02:00:00,117524.3125,0.8,116.64920628272141,413.5163666021049,0.28209090547306925,7
9077,2025-08-17 06:00:00,118105.5625,0.6666666666666666,183.34374381342104,412.8265167316288,0.44411813772275094,6
9078,2025-08-17 07:00:00,118014.9609375,0.26666666666666666,161.61829578687534,412.87957547243496,0.39144173116808834,10
9085,2025-08-17 14:00:00,118491.015625,0.5333333333333333,196.3230042040647,407.75176733798895,0.4814767707464793,5
9086,2025-08-17 15:00:00,118211.59375,0.3,191.5268030510617,408.29180114698937,0.469092944097866,10
9089,2025-08-17 18:00:00,117971.7421875,0.26666666666666666,149.65070133913696,375.3585295033399,0.3986873604208463,8
9093,2025-08-17 22:00:00,117770.484375,0.9333333333333333,89.65707405483104,370.6410012055755,0.24189734477083089,4
9094,2025-08-17 23:00:00,118031.5859375,0.5,148.20047686899528,351.4744814749636,0.42165358989099744,4
9095,2025-08-18 00:00:00,117453.90625,0.9333333333333333,182.8315649328541,355.03621955099857,0.5149659523867017,14
9097,2025-08-18 02:00:00,116400.40625,0.9666666666666667,258.8824052179779,359.94688074882686,0.7192239162606542,13
9098,2025-08-18 03:00:00,115557.8515625,0.6666666666666666,309.3681602450468,365.69090779018916,0.8459826417739189,14
9102,2025-08-18 07:00:00,115287.3125,0.5,264.8819519068393,361.4213963972694,0.7328895149740517,13
9103,2025-08-18 08:00:00,115287.9375,0.9333333333333333,193.63933200563974,360.83854234574426,0.5366370530898015,8
9106,2025-08-18 11:00:00,115151.1328125,0.7333333333333333,200.57065677960622,349.2418047112652,0.5743031162762073,9
9107,2025-08-18 12:00:00,115053.3359375,0.6,337.44456984261564,349.1061231521914,0.9665959645614925,14
9109,2025-08-18 14:00:00,115143.65625,0.9,210.9059834719522,346.4210486756134,0.6088139975277406,7
9111,2025-08-18 16:00:00,116203.03125,0.8,206.02573274397955,293.58543401592317,0.7017573383181038,12
9113,2025-08-18 18:00:00,116529.6328125,0.7,180.55018323421086,292.51521496982934,0.6172334770785622,13
9116,2025-08-18 21:00:00,116417.1796875,0.5666666666666667,114.84231934223207,285.3024449961147,0.40252833915880404,12
9117,2025-08-18 22:00:00,116698.0390625,0.5666666666666667,102.16017706467763,284.8539529685077,0.35864054544460555,12
9118,2025-08-18 23:00:00,116543.3125,0.9,106.61143970160786,285.0522868179375,0.37400661082821074,8
9119,2025-08-19 00:00:00,116241.859375,0.5333333333333333,208.53199965496864,285.617488204088,0.7301093534789512,10
9120,2025-08-19 01:00:00,116524.3984375,0.3,306.7041846808915,287.03541671298876,1.0685238365116798,17
9125,2025-08-19 06:00:00,115023.4453125,0.5333333333333333,206.67397397418821,305.81135579994924,0.6758217772311467,10
9138,2025-08-19 19:00:00,113073.9453125,0.6666666666666666,290.2726946823816,319.1634671788626,0.9094797009449382,5
9144,2025-08-20 01:00:00,113238.5,1.0,237.6753976137895,319.92345779537783,0.7429133182406588,9
9148,2025-08-20 05:00:00,113594.2578125,0.7333333333333333,170.99590882204134,316.63184199127954,0.5400464708371017,5
9153,2025-08-20 10:00:00,113669.8828125,0.8666666666666667,177.71920730552554,319.86216091803783,0.5556118510406259,7
9157,2025-08-20 14:00:00,112865.7265625,0.6,317.56722160796176,329.30049363968567,0.9643691028153689,5
9159,2025-08-20 16:00:00,113373.6171875,0.6666666666666666,227.86194222710463,333.90733596302204,0.682410710055016,9
9163,2025-08-20 20:00:00,114327.890625,0.5,268.3469104819997,355.06961799649554,0.7557585805177176,8
9164,2025-08-20 21:00:00,114376.203125,0.16666666666666666,179.35237898328674,355.1580638473082,0.5049931206416167,8
9173,2025-08-21 06:00:00,113982.1171875,0.2,177.5690837027477,364.313420382356,0.48740747325855993,8
9176,2025-08-21 09:00:00,113624.0859375,0.8666666666666667,156.76214218018376,362.2057536164412,0.4327985975236259,7
9177,2025-08-21 10:00:00,113401.7109375,0.43333333333333335,253.98321018265653,362.61179810153465,0.7004273206563977,6
9194,2025-08-22 03:00:00,113170.9296875,0.3333333333333333,272.752385319933,369.0262835463054,0.7391137094594186,11
9197,2025-08-22 06:00:00,113214.0390625,0.3,200.6874683069134,353.7233047083988,0.5673572129276453,8
9198,2025-08-22 07:00:00,112978.5,0.7666666666666667,136.11727109298198,354.1322203490883,0.3843685021340431,7
9201,2025-08-22 10:00:00,113027.53125,0.4666666666666667,232.33752862558615,350.9871127907723,0.6619545851077597,7
9203,2025-08-22 12:00:00,112307.1015625,0.9333333333333333,302.3565459134797,354.8010605092256,0.8521861391268806,8
9205,2025-08-22 14:00:00,112341.90625,0.7,353.35889647555854,354.72376056008574,0.9961523184058148,10
9206,2025-08-22 15:00:00,115893.3984375,0.23333333333333334,427.41031333718934,503.8556848626747,0.8482792318869629,17
9213,2025-08-22 22:00:00,116979.8984375,0.7333333333333333,173.49572064225893,505.9781985589407,0.3428916920459937,7
9220,2025-08-23 05:00:00,115869.9921875,0.3,192.47196594983657,506.144541228039,0.3802707532572598,12
9222,2025-08-23 07:00:00,115711.03125,0.6666666666666666,265.9472728029935,498.1254608010571,0.5338961641818352,15
9227,2025-08-23 12:00:00,115192.3046875,0.5333333333333333,286.24446128157643,495.41575002926646,0.5777863567411142,11
9230,2025-08-23 15:00:00,114608.515625,0.8,217.41823653309763,496.5689607490133,0.4378409721887347,10
9231,2025-08-23 16:00:00,114805.515625,0.43333333333333335,187.90497190258648,496.9984822852581,0.37807956885215643,7
9233,2025-08-23 18:00:00,115051.421875,0.7666666666666667,144.8682815370465,479.0526922809039,0.3024057350503304,7
9236,2025-08-23 21:00:00,115287.625,0.36666666666666664,93.96021429658259,477.01691747288925,0.19697459535472917,4
9239,2025-08-24 00:00:00,115387.390625,0.3333333333333333,159.94211219714015,474.6120215435919,0.33699549302808773,7
9243,2025-08-24 04:00:00,114992.4921875,0.5333333333333333,177.54159624842146,472.74880919760733,0.37555165194336787,4
9246,2025-08-24 07:00:00,114826.4765625,0.23333333333333334,120.0628392009278,469.9878939845602,0.25545942935473154,5
9250,2025-08-24 11:00:00,114794.0859375,0.13333333333333333,136.48650370108234,469.4813133961004,0.2907176490450195,5
9251,2025-08-24 12:00:00,114711.46875,0.3,188.32271899912791,466.19319168124713,0.4039585355589896,8
9255,2025-08-24 16:00:00,114398.2578125,0.9666666666666667,106.22136080301706,464.3324734792064,0.2287614303757582,5
9256,2025-08-24 17:00:00,114282.5,0.4,142.35303821919072,456.5714920256442,0.31178696152845914,6
9260,2025-08-24 21:00:00,112636.9609375,0.7333333333333333,285.327905422527,494.81068990492344,0.5766405440378664,4
9261,2025-08-24 22:00:00,112978.4296875,0.3333333333333333,181.78979071541679,491.6801151254995,0.369731834017765,3
9273,2025-08-25 10:00:00,111786.0546875,0.26666666666666666,178.64175252263294,498.3927925058309,0.3584356660224835,3
9280,2025-08-25 17:00:00,112568.9375,0.4666666666666667,225.56798972915323,509.99916739674927,0.4422908980039072,5
9282,2025-08-25 19:00:00,112390.84375,0.8,192.88137508198045,507.1409488140398,0.38033090314051304,3
9288,2025-08-26 01:00:00,109268.765625,0.5666666666666667,363.10369506513484,541.93988173733,0.6700073334723236,10
9291,2025-08-26 04:00:00,109869.03125,0.16666666666666666,248.53175896894967,544.9360674300482,0.45607507710223816,6
9292,2025-08-26 05:00:00,110130.296875,0.7333333333333333,196.66765594750854,545.1253349647022,0.3607751159836354,4
9299,2025-08-26 12:00:00,109839.578125,0.9,321.32444022982594,543.2276830712619,0.5915096933446851,7
9301,2025-08-26 14:00:00,110047.2265625,0.6333333333333333,539.3069999914709,542.0171855936289,0.9949998161051115,13
9303,2025-08-26 16:00:00,109698.75,0.9666666666666667,240.6497410587352,547.5208774405718,0.43952614589542377,5
9312,2025-08-27 01:00:00,111376.7421875,0.5,267.4814433511817,412.1821121501886,0.6489399599508053,5
9313,2025-08-27 02:00:00,111305.421875,0.43333333333333335,264.5871583159378,411.64591254198206,0.6427542464397813,4
9319,2025-08-27 08:00:00,110675.125,0.7,236.64671255375595,408.2186442650033,0.5797057921737939,4
9320,2025-08-27 09:00:00,110742.8359375,0.5333333333333333,316.7414019540318,408.2486390917915,0.7758541526523374,4
9321,2025-08-27 10:00:00,110822.7421875,0.3333333333333333,243.43127584579057,408.12239445379646,0.5964663521382663,4
9326,2025-08-27 15:00:00,111771.734375,0.7333333333333333,383.44616968723375,410.8195274123016,0.9333688982666207,10
9329,2025-08-27 18:00:00,112386.8359375,0.6,279.5079132586746,411.2405770823453,0.6796700735168625,9
9330,2025-08-27 19:00:00,111985.984375,0.9,166.66976932658926,412.3619082543794,0.40418323319954513,6
9332,2025-08-27 21:00:00,112364.0078125,0.13333333333333333,188.90133235477904,413.5393312250602,0.4567916957141216,7
9334,2025-08-27 23:00:00,111426.265625,0.4666666666666667,223.2703206299905,423.0248238336945,0.5277948433536035,3
9343,2025-08-28 08:00:00,113161.2734375,0.7333333333333333,255.05980785711114,437.6666068420157,0.582771917870307,7
9344,2025-08-28 09:00:00,113120.5703125,0.43333333333333335,273.3509806567937,437.61404307301825,0.6246394168186774,9
9345,2025-08-28 10:00:00,112933.2421875,0.8,229.69116858916547,437.7840174522326,0.5246677800754284,8
9347,2025-08-28 12:00:00,112917.171875,0.8666666666666667,219.73332851990136,438.307865014854,0.5013218928034858,8
9356,2025-08-28 21:00:00,111927.296875,0.6666666666666666,211.9908138149874,451.12887982976383,0.4699118661943864,6
9359,2025-08-29 00:00:00,112564.375,0.36666666666666664,199.77032825583947,401.94637739524484,0.4970074106661244,7
9360,2025-08-29 01:00:00,112216.7578125,0.7,214.37375418623495,401.92664942333886,0.5333653652819639,7
9364,2025-08-29 05:00:00,111445.75,0.6666666666666666,260.4839425631162,395.46285299372875,0.6586811898796648,4
9365,2025-08-29 06:00:00,111256.859375,0.7,248.17560990197995,394.0550065699205,0.6297994081137097,4
9367,2025-08-29 08:00:00,109912.609375,1.0,336.86231417158945,413.9836404363455,0.8137092417867795,5
9368,2025-08-29 09:00:00,109629.1328125,0.8666666666666667,335.23992537743896,413.04582168083436,0.8116288987338626,4
9372,2025-08-29 13:00:00,110734.15625,0.9333333333333333,259.3210051109345,414.36062401096103,0.6258340925369268,8
9374,2025-08-29 15:00:00,108207.609375,0.6666666666666666,815.8371490977812,444.8351358314623,1.8340213786684398,17
9376,2025-08-29 17:00:00,108737.859375,0.7,386.82641719290956,444.71684942341574,0.8698263123927904,4
9377,2025-08-29 18:00:00,108529.4375,0.5333333333333333,361.84597650842,438.2655026174467,0.8256318928762874,7
9382,2025-08-29 23:00:00,108344.0859375,0.03333333333333333,191.6456765680411,414.62407732093266,0.46221550327310357,3
9385,2025-08-30 02:00:00,107690.4140625,0.8,263.5722803926348,405.7791878515756,0.649546078960174,5
9386,2025-08-30 03:00:00,107876.6875,0.5333333333333333,202.38697157112733,406.3224723917793,0.49809445778323636,3
9388,2025-08-30 05:00:00,108462.3046875,0.7333333333333333,286.1848434158694,397.10122928418133,0.7206848589508249,3
9394,2025-08-30 11:00:00,108457.046875,0.36666666666666664,211.01704430301925,395.2932939320331,0.5338239923172124,2
9402,2025-08-30 19:00:00,108730.0078125,0.9333333333333333,174.0543472635021,385.8650654191721,0.45107568127325487,3
9405,2025-08-30 22:00:00,108605.9296875,0.9666666666666667,163.33098722804834,375.57808275145777,0.43487890994995604,3
9406,2025-08-30 23:00:00,108541.5703125,0.8,244.9644492808536,372.73161984921705,0.65721402809869,3
9415,2025-08-31 08:00:00,108716.578125,0.4666666666666667,207.71484921479123,373.46461895163804,0.5561834740808187,3
9418,2025-08-31 11:00:00,108560.2890625,0.26666666666666666,196.68114453076657,374.92049723943654,0.5245942699290712,3
9419,2025-08-31 12:00:00,108399.5859375,0.9666666666666667,271.84163496690206,375.06804118581084,0.7247795202903736,4
9420,2025-08-31 13:00:00,108309.609375,0.9666666666666667,353.7880320149606,374.97885185799424,0.94348796008619,5
9427,2025-08-31 20:00:00,108923.2578125,0.06666666666666667,171.45262745325758,373.1587742074945,0.45946293991715587,3
9428,2025-08-31 21:00:00,109114.9921875,0.03333333333333333,157.0529397023202,372.8395032933867,0.42123470907731453,3
9429,2025-08-31 22:00:00,109062.1953125,0.16666666666666666,232.53750775247485,370.99113458016103,0.6268007132182019,3
9430,2025-08-31 23:00:00,108865.8046875,0.7,216.24545689885497,371.3168872882237,0.5823744200758659,3
9431,2025-09-01 00:00:00,108228.75,0.26666666666666666,357.959468323614,374.1789691943062,0.9566530932895118,4
9432,2025-09-01 01:00:00,108297.6484375,0.6,331.5126273680871,363.59930653910135,0.9117526392543776,4
9439,2025-09-01 08:00:00,109362.9140625,0.3,320.5929035732171,376.9687962243142,0.850449445111232,11
9446,2025-09-01 15:00:00,109207.9453125,0.7666666666666667,249.95708706348753,390.029323766916,0.6408674215810078,7
9447,2025-09-01 16:00:00,108739.5,0.8666666666666667,245.21687655331363,390.04552878760404,0.6286878286120398,3
9453,2025-09-01 22:00:00,107759.4765625,0.6,426.58561351204725,395.62482803503684,1.0782579435946535,5
9464,2025-09-02 09:00:00,110425.78125,0.13333333333333333,258.721109499419,408.6670812724638,0.6330852700291908,7
9466,2025-09-02 11:00:00,110273.1875,0.8666666666666667,148.13589566175258,385.5701219574385,0.3841996234295994,4
9467,2025-09-02 12:00:00,109632.28125,0.9666666666666667,190.29569532459527,389.89097976599805,0.48807411609985324,7
9468,2025-09-02 13:00:00,108794.3125,0.8333333333333334,362.5439756503968,398.36013872731485,0.9100909965757521,8
9470,2025-09-02 15:00:00,111291.859375,0.4,406.9745012677606,462.03584070914644,0.880828856573386,13
9473,2025-09-02 18:00:00,110904.5625,0.8666666666666667,173.68503295078554,421.48744774961904,0.41207640673076845,4
9478,2025-09-02 23:00:00,111231.90625,0.03333333333333333,157.88260594332,424.77858618554905,0.3716821211753709,3
9480,2025-09-03 01:00:00,111360.8125,0.36666666666666664,254.98096233422268,418.9623051365062,0.6086012016072541,8
9484,2025-09-03 05:00:00,111033.609375,0.7,143.5695654802055,416.5318101771883,0.3446785142751343,4
9491,2025-09-03 12:00:00,111481.59375,0.6333333333333333,247.92427296794048,416.07285693475393,0.5958674516632035,9
9493,2025-09-03 14:00:00,111441.4765625,0.7666666666666667,323.1869509670899,418.25472036323947,0.7727036545730158,11
9494,2025-09-03 15:00:00,112325.359375,0.6333333333333333,405.6634564317679,426.33862806218303,0.9515052817888235,16
9497,2025-09-03 18:00:00,112337.8515625,0.5333333333333333,204.26087778386213,429.8677794389672,0.475171407474291,11
9499,2025-09-03 20:00:00,112226.90625,0.1,197.0625783121959,431.5624843841985,0.4566258315835464,8
9500,2025-09-03 21:00:00,112231.0703125,0.5666666666666667,215.89296305621536,431.4914545796108,0.5003412252197519,9
9503,2025-09-04 00:00:00,111718.1484375,0.7666666666666667,220.6950241091028,432.6130004773021,0.5101442255910246,7
9509,2025-09-04 06:00:00,110663.5078125,0.9,223.37188741152795,436.6312466395227,0.5115801700649725,6
9512,2025-09-04 09:00:00,110671.84375,0.4,244.7816601191972,435.4622944296952,0.5621190703543608,6
9513,2025-09-04 10:00:00,110816.671875,0.6,143.45674947049892,435.62477999255196,0.3293126471661039,4
9516,2025-09-04 13:00:00,110975.234375,0.4,212.07990704156157,431.83848962659647,0.4911093201186016,9
9519,2025-09-04 16:00:00,109530.46875,0.8333333333333334,183.80716658475274,440.42860489724444,0.41733703156641344,8
9523,2025-09-04 20:00:00,109895.53125,0.5,242.9615622040206,441.10529282630876,0.5508017386218261,8
9526,2025-09-04 23:00:00,111498.0546875,0.26666666666666666,227.26137705986625,452.606442358334,0.5021169735801964,14
9530,2025-09-05 03:00:00,111379.1953125,0.8666666666666667,262.4874690270244,458.9004727384095,0.5719921521559471,12
9536,2025-09-05 09:00:00,112632.7734375,0.16666666666666666,258.98699704345546,466.2496538764705,0.5554685025290597,16
9543,2025-09-05 16:00:00,110702.4921875,0.5,326.40054143443115,507.5382439968287,0.643105313333729,10
9550,2025-09-05 23:00:00,110857.2578125,0.6666666666666666,340.68346861411777,518.4504439869723,0.6571186746301224,13
9551,2025-09-06 00:00:00,110650.5703125,0.5666666666666667,292.1364631326157,516.4329599843837,0.5656812902519807,12
9552,2025-09-06 01:00:00,110797.7578125,0.7333333333333333,289.0729482745959,506.95333052823435,0.5702160945927471,9
9553,2025-09-06 02:00:00,110875.328125,0.8666666666666667,245.92360971802879,502.355273232423,0.4895412128066747,8
9557,2025-09-06 06:00:00,110718.0234375,0.5,190.876533552259,491.8753555856349,0.3880587457466704,9
9558,2025-09-06 07:00:00,110789.765625,0.5666666666666667,287.8451392871214,491.0021494342567,0.5862400798423852,11
9559,2025-09-06 08:00:00,110836.75,0.9,189.01996476888627,490.8908539008964,0.38505497355843304,7
9561,2025-09-06 10:00:00,110716.5703125,0.6,137.2918676222863,491.1594966430719,0.27952603698113365,5
9562,2025-09-06 11:00:00,110762.1484375,0.1,175.64774140092095,490.3585049370358,0.35820270196695153,5
9570,2025-09-06 19:00:00,110258.4375,0.9666666666666667,132.36608666797488,414.7261070572364,0.31916506922412535,3
9573,2025-09-06 22:00:00,110229.203125,0.7666666666666667,229.71755368324563,414.2462087242375,0.5545435271229433,8
9581,2025-09-07 06:00:00,110675.0078125,0.3333333333333333,133.35643972555673,407.0024053324011,0.32765516365104475,4
9583,2025-09-07 08:00:00,110727.1640625,0.5,121.39031932651622,406.4365571434004,0.2986697854634342,7
9586,2025-09-07 11:00:00,111152.0,0.3,153.8661570610541,405.0103992432861,0.3799066822692326,11
9594,2025-09-07 19:00:00,111052.1484375,0.3,111.73820869928602,392.63676709143874,0.2845841705732668,5
9597,2025-09-07 22:00:00,111082.7734375,0.5,113.57469729943605,387.8185985864466,0.29285521043447255,7
9598,2025-09-07 23:00:00,111277.328125,0.23333333333333334,131.74109734681593,387.6466826580736,0.33984838060130923,9
9602,2025-09-08 03:00:00,111204.9921875,0.06666666666666667,117.42296080050995,388.7867531287807,0.302024078381125,8
9609,2025-09-08 10:00:00,112037.8828125,0.03333333333333333,124.87558710808173,383.06243352405653,0.32599277866864873,11
9612,2025-09-08 13:00:00,112030.5390625,0.1,135.24471831733965,382.5996557336518,0.35348886568651483,16
9615,2025-09-08 16:00:00,112595.875,0.3333333333333333,235.39550761579247,387.6741746140867,0.6071993520076976,7
9620,2025-09-08 21:00:00,111993.96875,0.5333333333333333,94.79602220884306,380.7031307656771,0.24900247607154574,11
9622,2025-09-08 23:00:00,112239.0625,0.16666666666666666,120.1778055909869,381.05765081355287,0.3153795897665588,11
9623,2025-09-09 00:00:00,112077.578125,0.6333333333333333,142.76112973745094,378.9239799221468,0.3767540121551094,14
9625,2025-09-09 02:00:00,111407.5,0.8,152.38405975365583,369.92194633050514,0.41193571039850924,16
9626,2025-09-09 03:00:00,111336.7890625,0.5666666666666667,159.73376252929222,361.64571198587805,0.4416857638160789,15
9627,2025-09-09 04:00:00,111703.9765625,0.23333333333333334,110.22489648890394,362.64795101268993,0.30394462778874737,15
9630,2025-09-09 07:00:00,113026.8984375,0.7,309.7460093616768,367.65671856962103,0.8424870095309355,11
9636,2025-09-09 13:00:00,112638.4140625,0.43333333333333335,191.51267721110696,347.5082641797252,0.5511025116572766,10
9637,2025-09-09 14:00:00,112732.890625,0.7333333333333333,209.79115927071754,347.6008726577127,0.6035403699268089,10
9643,2025-09-09 20:00:00,111368.671875,0.3333333333333333,118.16616347449252,266.7431638179497,0.44299603327468995,13
9647,2025-09-10 00:00:00,111531.25,0.43333333333333335,199.32325656898772,259.04633781436934,0.7694502004958714,18
9648,2025-09-10 01:00:00,110990.7421875,0.7333333333333333,278.0190093037416,246.7766691839043,1.12660167682446,16
9649,2025-09-10 02:00:00,111007.0625,0.6333333333333333,194.8977539594201,245.9737241389517,0.7923519255630794,13
9650,2025-09-10 03:00:00,111392.8671875,0.7666666666666667,136.94160075724946,248.03451078850523,0.5521070447894939,11
9651,2025-09-10 04:00:00,111502.8828125,0.26666666666666666,109.2319214846902,247.8508324972939,0.44071637921927426,15
9652,2025-09-10 05:00:00,111553.984375,0.7,105.43894917489462,247.78896338960266,0.4255191503792331,14
9654,2025-09-10 07:00:00,111832.5234375,0.5,233.7496406538814,247.8053346269373,0.9432792922145269,15
9657,2025-09-10 10:00:00,112275.1484375,0.16666666666666666,196.43687962377072,256.2797532187,0.7664939471677206,12
9659,2025-09-10 12:00:00,112280.671875,0.4666666666666667,202.83071098143304,256.0914223271371,0.7920246181550448,12
9664,2025-09-10 17:00:00,113736.421875,0.1,159.62941095643598,281.7949046203706,0.5664737308557303,5
9669,2025-09-10 22:00:00,113817.8515625,0.06666666666666667,128.10623284703982,278.70792890452253,0.4596433024010788,7
9670,2025-09-10 23:00:00,113887.1328125,0.06666666666666667,163.5383876769545,277.66126652992193,0.5889852398960045,9
9674,2025-09-11 03:00:00,113867.109375,0.1,205.8633711068498,277.8530751336076,0.740907297887054,10
9679,2025-09-11 08:00:00,114071.8046875,0.13333333333333333,232.9075894292813,285.95400035303743,0.8144932021994262,11
9680,2025-09-11 09:00:00,114067.03125,0.13333333333333333,179.23177728557474,285.92295150026587,0.6268534104909311,10
9681,2025-09-11 10:00:00,113860.0,0.26666666666666666,134.39564619051401,286.3325943851318,0.46936900941757637,9
9686,2025-09-11 15:00:00,114509.71875,0.06666666666666667,239.00573337915483,293.2930342913405,0.8149042269505119,13
9688,2025-09-11 17:00:00,114540.5390625,0.4666666666666667,214.53685275775533,297.043385909893,0.7222408002810549,10
9689,2025-09-11 18:00:00,114570.6015625,0.0,215.8827347767676,296.84151686752006,0.7272659736242884,11
9690,2025-09-11 19:00:00,114306.1171875,0.2,151.13454673088165,298.08061663285173,0.5070257450421047,9
9693,2025-09-11 22:00:00,114527.1171875,0.13333333333333333,111.53696389347881,297.31428939369243,0.37514834595045565,8
9702,2025-09-12 07:00:00,115339.8125,0.36666666666666664,388.9366401142081,310.21231737744046,1.2537756185902267,16
9707,2025-09-12 12:00:00,114938.0546875,0.3,312.8217688354599,309.6382542253212,1.0102813995580213,17
9724,2025-09-13 05:00:00,115766.4453125,0.13333333333333333,132.347780160959,310.29950686561205,0.4265162439277663,7
9726,2025-09-13 07:00:00,115784.3046875,0.36666666666666664,210.8441174612535,308.4248173674133,0.6836159270869695,10
9729,2025-09-13 10:00:00,116079.5859375,0.1,211.8272670211988,296.7309104077294,0.7138699056668314,5
9736,2025-09-13 17:00:00,115382.09375,0.7,148.93984212970673,299.18520108892227,0.49781821289161826,8
9738,2025-09-13 19:00:00,115662.40625,0.13333333333333333,106.21993818908845,268.8550852963548,0.3950824961038169,6
9739,2025-09-13 20:00:00,115818.53125,0.6666666666666666,138.08837896140415,269.0694742234422,0.5132071535053879,2
9743,2025-09-14 00:00:00,115950.2890625,0.8666666666666667,165.79976088452042,268.766960952963,0.616890410549893,4
9746,2025-09-14 03:00:00,115898.96875,0.26666666666666666,110.23694949475164,267.3036949210075,0.4124033883157822,5
9750,2025-09-14 07:00:00,115778.2421875,0.13333333333333333,289.351126326071,260.40510922645814,1.1111576389019322,13
9751,2025-09-14 08:00:00,115861.3203125,0.0,198.70228565191806,260.43455725637983,0.762964361355123,8
9754,2025-09-14 11:00:00,116053.609375,0.8,181.5609871807268,251.4254019770628,0.722126665615475,3
9756,2025-09-14 13:00:00,115817.46875,0.16666666666666666,499.65729757166076,251.88162954375593,1.9836988448769035,20
9759,2025-09-14 16:00:00,115268.5859375,0.7,187.44082953007876,238.06574655228385,0.7873490086021809,10
9767,2025-09-15 00:00:00,115399.6328125,0.43333333333333335,371.63676601006955,240.73446179962636,1.543762215147239,16
9774,2025-09-15 07:00:00,116156.4609375,0.6333333333333333,303.7874587880748,250.18935468993527,1.2142301544546719,10
9775,2025-09-15 08:00:00,115852.203125,0.6666666666666666,258.62395528631595,250.59918953081913,1.0320223132825013,13
9778,2025-09-15 11:00:00,114840.640625,0.7333333333333333,130.14905994864068,268.73796856642355,0.4842972529818463,6
9781,2025-09-15 14:00:00,114681.8125,0.7666666666666667,197.61615504980156,271.92538772897063,0.726729330792631,10
9786,2025-09-15 19:00:00,115331.7734375,0.7333333333333333,171.11514073537995,264.6673220008333,0.6465291575921912,8
9787,2025-09-15 20:00:00,115306.9609375,0.4,122.14139985011602,262.19444857143515,0.46584281442876724,7
9793,2025-09-16 02:00:00,115062.1640625,0.5333333333333333,160.44756268461305,255.45727071118466,0.6280798437951376,8
9797,2025-09-16 06:00:00,115932.1796875,0.4,417.6180925161548,250.24522875332448,1.6688353843813566,11
9798,2025-09-16 07:00:00,115798.1328125,0.16666666666666666,259.7394582445308,250.16385085916278,1.0382773424396912,10
9799,2025-09-16 08:00:00,115793.6328125,0.2,309.80704235207384,249.57549079950888,1.241336003626056,10
9801,2025-09-16 10:00:00,115511.71875,0.3,183.01191998829378,247.28010399852843,0.7400996563370213,9
9804,2025-09-16 13:00:00,115464.609375,0.23333333333333334,219.92521420459317,246.98831054118622,0.8904276227595792,11
9806,2025-09-16 15:00:00,115304.0703125,0.1,179.90559773581168,249.68033809531622,0.7205437124453595,10
9808,2025-09-16 17:00:00,116017.3515625,0.0,120.03657599252452,254.864639892122,0.470981678915259,7
9809,2025-09-16 18:00:00,116555.5,0.23333333333333334,365.59561977132205,260.2009231995158,1.4050512014939784,8
9810,2025-09-16 19:00:00,116439.640625,0.6,313.45433421710044,260.17859064329616,1.2047660548935986,6
9812,2025-09-16 21:00:00,116908.7734375,0.06666666666666667,218.65629694533763,258.43990604307265,0.8460624378531366,4
9814,2025-09-16 23:00:00,116892.421875,0.8,174.66182846007825,249.60555525548537,0.6997513668367757,3
9819,2025-09-17 04:00:00,116496.1328125,0.23333333333333334,237.3499375582111,244.15803414903817,0.9721160247109817,9
9822,2025-09-17 07:00:00,117215.6171875,0.13333333333333333,320.75291448666945,252.55471350481204,1.2700333723154131,8
9823,2025-09-17 08:00:00,117231.4375,0.03333333333333333,525.3811538435356,251.49908231659668,2.0889982937677907,16
9829,2025-09-17 14:00:00,116137.4375,0.4,392.1260313331111,256.1352806851362,1.5309333032302823,17
9834,2025-09-17 19:00:00,115236.6328125,0.3333333333333333,251.82501987242725,279.0890773845305,0.9023105534347419,11
9840,2025-09-18 01:00:00,116363.171875,0.4,252.63339235209716,291.84734409258806,0.8656353996901532,10
9841,2025-09-18 02:00:00,116739.9609375,0.13333333333333333,186.2945486206115,294.20574691693184,0.633211793354979,8
9844,2025-09-18 05:00:00,117569.375,0.43333333333333335,285.5607347007878,302.32150208426555,0.9445597905940344,9
9849,2025-09-18 10:00:00,117312.2109375,0.16666666666666666,275.58854951428214,303.23865657662566,0.9088173408545734,11
9850,2025-09-18 11:00:00,117168.03125,0.3,218.7021428987042,303.5783440078118,0.7204141771491991,11
9851,2025-09-18 12:00:00,117081.515625,0.4,332.3786282746004,303.54487123053724,1.0949900979290945,13
9852,2025-09-18 13:00:00,117174.1796875,0.3,369.49325203099585,303.4536870542805,1.2176265037929905,12
9855,2025-09-18 16:00:00,117697.25,0.1,204.3357963391165,304.65256855917846,0.6707174579406984,7
9858,2025-09-18 19:00:00,117861.9609375,0.5333333333333333,198.93145106348123,302.02560541095016,0.6586575690918848,2
9859,2025-09-18 20:00:00,117427.1640625,0.5333333333333333,154.20947160010925,304.82808292948084,0.5058899761403682,5
9874,2025-09-19 11:00:00,116596.1015625,0.3,143.57469754460362,288.48318929939586,0.49768826354591433,6
9880,2025-09-19 17:00:00,116126.671875,0.36666666666666664,119.81178094830202,270.3675433168615,0.44314409739591676,4
9884,2025-09-19 21:00:00,115342.609375,0.7333333333333333,146.02114623728667,273.81130522724607,0.5332911514230516,4
9891,2025-09-20 04:00:00,115522.9140625,0.8666666666666667,156.6507245774295,270.07083754304324,0.580035689904738,5
9905,2025-09-20 18:00:00,115901.4375,0.26666666666666666,153.39326065292758,264.19437668031304,0.5806075911999454,7
9907,2025-09-20 20:00:00,115790.46875,0.3333333333333333,110.66894983257414,258.65739113286867,0.4278592208321047,5
9909,2025-09-20 22:00:00,115846.9140625,0.6,84.42258172247222,252.66095408896962,0.33413386736735134,4
9911,2025-09-21 00:00:00,115730.2265625,0.9666666666666667,106.56791824880203,249.43082055702428,0.42724438788605407,5
9918,2025-09-21 07:00:00,115758.40625,0.8666666666666667,163.4145345286485,248.14957658235963,0.6585323931609128,5
9919,2025-09-21 08:00:00,115867.5859375,0.4,144.43206868748229,248.21125712497474,0.5818916932311435,6
9922,2025-09-21 11:00:00,115584.703125,0.8333333333333334,130.60534328469208,235.37430725783503,0.5548836013848515,3
9923,2025-09-21 12:00:00,115668.5234375,0.6666666666666666,160.63639062052755,233.4494023251704,0.6880993869360094,4
9927,2025-09-21 16:00:00,115609.6875,0.9,98.90340493133822,231.3890673540164,0.42743335310660896,3
9928,2025-09-21 17:00:00,115329.734375,1.0,135.67962996675305,232.73189211701748,0.5829868383424366,2
9930,2025-09-21 19:00:00,115592.171875,0.8666666666666667,110.3316006601052,229.62331398862062,0.4804895406464383,3
9933,2025-09-21 22:00:00,115467.203125,0.43333333333333335,179.18464523505548,207.23909316731866,0.8646276264603568,3
9936,2025-09-22 01:00:00,114612.15625,0.6,209.50806711911665,210.41342772794388,0.995697229884027,10
9946,2025-09-22 11:00:00,112886.2890625,0.7666666666666667,224.84345977668804,236.82329274541405,0.9494144649799952,13
9947,2025-09-22 12:00:00,112946.9609375,0.6,216.44980637366993,236.27911037626893,0.9160767789796512,14
9949,2025-09-22 14:00:00,113090.1875,0.8,190.44087706156662,237.8313458076093,0.8007391810145219,15
9951,2025-09-22 16:00:00,112926.9609375,0.6666666666666666,168.62345249002271,237.47366567058745,0.7100722179609145,8
9952,2025-09-22 17:00:00,112710.953125,0.8,124.1676738546259,236.99554995985793,0.5239240731552018,4
9953,2025-09-22 18:00:00,112448.5859375,1.0,133.83594915852626,234.62593521509456,0.5704226561135769,4
9954,2025-09-22 19:00:00,112519.1484375,0.9,116.67835103436138,234.90194394242303,0.49671087891448223,3
9956,2025-09-22 21:00:00,112929.21875,0.6333333333333333,146.79436649296588,247.52637844843952,0.5930453449572187,13
9957,2025-09-22 22:00:00,113032.1015625,0.13333333333333333,128.2710431587519,245.5548999474423,0.52237215867493,8
9964,2025-09-23 05:00:00,112501.3046875,0.1,140.56627018243688,246.5033316448067,0.5702408533162652,5
9965,2025-09-23 06:00:00,112772.0859375,0.13333333333333333,139.25947927259497,248.52459095403586,0.5603448686425994,6
9966,2025-09-23 07:00:00,113074.9140625,0.5333333333333333,244.81546270310895,250.63860313447339,0.9767667854889848,14
9969,2025-09-23 10:00:00,113021.3671875,0.7666666666666667,142.9061893141625,250.76410350924573,0.569882958981382,11
9970,2025-09-23 11:00:00,113030.3046875,0.26666666666666666,165.29695926286735,249.89517581634726,0.6614651872445398,8
9971,2025-09-23 12:00:00,113020.6484375,0.8333333333333334,135.4821651266187,249.8727530440414,0.5422046360642581,12
9974,2025-09-23 15:00:00,112716.40625,0.7666666666666667,168.0611606923183,247.6021310824279,0.6787549039162751,7
9975,2025-09-23 16:00:00,112915.5625,0.03333333333333333,102.10741063314943,248.06242560065954,0.41161981862390506,5
9976,2025-09-23 17:00:00,112882.3671875,0.0,95.53677016449784,247.3683705510066,0.3862125539804955,4
9980,2025-09-23 21:00:00,111967.96875,0.7666666666666667,158.15074370070624,256.9024816803299,0.6156061345390081,6
9983,2025-09-24 00:00:00,112007.6640625,0.7,156.76351763908167,256.7676938751666,0.6105266409227316,9
9988,2025-09-24 05:00:00,112163.609375,0.4,209.16068159455222,265.2697262314301,0.7884830454119498,7
9990,2025-09-24 07:00:00,112621.671875,0.9,174.6842899616239,270.55580630746687,0.6456497546502772,9
9991,2025-09-24 08:00:00,112557.390625,0.7666666666666667,196.45120655471524,270.3278359054507,0.7267146792216604,9
10003,2025-09-24 20:00:00,113483.6640625,0.23333333333333334,127.00692112977721,289.9012409276913,0.4381040961513371,13
10006,2025-09-24 23:00:00,113373.125,0.36666666666666664,114.03297261457307,290.30802558737105,0.3927999316720706,12
10013,2025-09-25 06:00:00,111763.1171875,0.9333333333333333,237.64914751881568,307.5150489975597,0.772804935217013,12
10015,2025-09-25 08:00:00,111778.8203125,0.8333333333333334,201.689284711266,309.2990547568,0.6520850342392837,11
10026,2025-09-25 19:00:00,109823.4609375,0.7666666666666667,357.9114534221226,391.9251039624644,0.913213901848963,7
10030,2025-09-25 23:00:00,109464.2421875,0.9333333333333333,146.5444797024098,393.33584482901074,0.37256833219996766,3
10032,2025-09-26 01:00:00,109520.125,0.23333333333333334,314.47116739603746,398.59789384534884,0.7889433743923606,7
10037,2025-09-26 06:00:00,109318.796875,0.9,207.02563786025468,392.72324276675374,0.5271540242990186,4
10038,2025-09-26 07:00:00,109396.375,0.4,328.56907538372536,390.77498169932375,0.8408139997983243,5
10040,2025-09-26 09:00:00,109612.8828125,0.7333333333333333,214.25733863831425,391.6745619587354,0.5470289864290119,4
10044,2025-09-26 13:00:00,109468.640625,0.5,388.23117260173746,372.3590843831274,1.0426257579962221,7
10051,2025-09-26 20:00:00,109220.7109375,0.7333333333333333,214.45310409013757,387.5480351319964,0.5533587701382519,5
10052,2025-09-26 21:00:00,109359.8359375,0.1,148.42876161778963,387.25079503959745,0.38328846194521665,3
10053,2025-09-26 22:00:00,109560.875,0.2,224.6920716907663,387.8164974094219,0.57937729104277,4
10056,2025-09-27 01:00:00,109644.4765625,0.4666666666666667,263.32133352515643,380.2343965289822,0.6925237062425665,4
10059,2025-09-27 04:00:00,109595.734375,0.43333333333333335,264.96009936128127,379.3272690786036,0.6985000050349047,4
10065,2025-09-27 10:00:00,109358.0546875,0.4,183.47119441988065,372.8029975503928,0.49213980473716645,3
10071,2025-09-27 16:00:00,109434.171875,0.8666666666666667,172.10279799231103,373.61818447898213,0.46063817325249234,3
10073,2025-09-27 18:00:00,109423.7109375,0.8,156.36136956958634,372.7743096628264,0.4194531798905748,3
10075,2025-09-27 20:00:00,109464.71875,0.8333333333333334,148.5180539146535,372.1463922622479,0.3990850294472136,3
10076,2025-09-27 21:00:00,109446.0625,0.9,106.08817344058137,361.6212456651418,0.29336819866722685,3
10078,2025-09-27 23:00:00,109649.1875,0.2,110.2239875303779,361.5935199228059,0.3048284370635537,3
10081,2025-09-28 02:00:00,109411.453125,0.1,181.1799269869407,360.08197800929946,0.5031629963504076,3
10082,2025-09-28 03:00:00,109493.9921875,0.16666666666666666,150.89384125784972,359.9508268088403,0.419206819430325,3
10083,2025-09-28 04:00:00,109487.4765625,0.23333333333333334,202.59041036270938,358.8597840855785,0.5645391859077666,4
10086,2025-09-28 07:00:00,109449.2109375,0.9333333333333333,194.94401632903654,355.22476667952645,0.5487906098194708,4
10088,2025-09-28 09:00:00,109563.2734375,0.36666666666666664,157.54197846469327,348.65696028668805,0.45185381738873703,3
10091,2025-09-28 12:00:00,109434.8125,0.36666666666666664,209.27589684812466,348.6991174176709,0.6001618197314063,4
10098,2025-09-28 19:00:00,110293.828125,0.0,132.03335801756512,336.14611597970605,0.39278561238987003,3
10102,2025-09-28 23:00:00,111936.53125,0.06666666666666667,233.73596882499405,358.0973757142192,0.6527162293742353,15
10109,2025-09-29 06:00:00,111776.296875,0.2,181.09870480475007,356.6656568688887,0.5077548155171062,5
10122,2025-09-29 19:00:00,114104.7421875,0.5,182.98074677217798,372.56302639056486,0.49114038111864544,5
10127,2025-09-30 00:00:00,114396.5234375,0.06666666666666667,141.05554309680815,284.7173200158394,0.49542312033901187,8
10129,2025-09-30 02:00:00,114420.625,0.5333333333333333,107.5721633091499,284.5526639621118,0.37803955799012706,3
10130,2025-09-30 03:00:00,114504.9453125,0.6333333333333333,105.15463094429313,280.5277794241015,0.37484569677971363,2
10133,2025-09-30 06:00:00,113944.125,0.26666666666666666,111.55978116094506,280.0356610765947,0.3983770521656222,12
10137,2025-09-30 10:00:00,112874.5859375,0.5666666666666667,243.4719681880206,289.2133205339136,0.8418421659782116,11
10141,2025-09-30 14:00:00,113417.4609375,0.5666666666666667,288.68702269825275,281.6199374252487,1.0250944068009387,18
10142,2025-09-30 15:00:00,113648.6796875,0.2,126.66430877739614,281.75577692644555,0.4495535465470254,15
10154,2025-10-01 03:00:00,114293.078125,0.6333333333333333,146.47915807492575,281.99397015085304,0.5194407454761055,13
10155,2025-10-01 04:00:00,114211.859375,0.8666666666666667,137.84244563285802,282.0326588094521,0.488746396302946,10
10158,2025-10-01 07:00:00,114292.453125,0.43333333333333335,132.96342262409473,283.83146645084264,0.4684590622975305,14
10161,2025-10-01 10:00:00,116436.1953125,0.03333333333333333,250.60041393730592,320.7139679530032,0.7813829111865449,10
10167,2025-10-01 16:00:00,117421.9140625,0.1,197.12103347411758,328.9507642627026,0.599241755573777,9
10168,2025-10-01 17:00:00,117665.84375,0.43333333333333335,217.64850766295717,328.8375533676354,0.6618724213035043,11
10169,2025-10-01 18:00:00,116906.65625,0.2,222.55122580041046,339.1980343382583,0.656110010291144,11
10170,2025-10-01 19:00:00,117282.7890625,0.43333333333333335,306.30756094424953,340.5109222456976,0.8995528217542214,13
10174,2025-10-01 23:00:00,117870.0078125,0.1,184.0471784228985,341.06575416105073,0.5396237416905588,8
10179,2025-10-02 04:00:00,118801.8203125,0.4,241.17837270352467,348.38065973284665,0.6922840461019584,5
10184,2025-10-02 09:00:00,118702.5625,0.1,338.51068966902045,349.3087155704477,0.969087442081732,13
10187,2025-10-02 12:00:00,118811.609375,0.2,415.29917675859036,350.354796839926,1.1853674632242495,16
10189,2025-10-02 14:00:00,119727.5859375,0.5,429.01724276297443,353.59930453093017,1.213286443908849,8
10191,2025-10-02 16:00:00,119966.578125,0.5,347.6871218912255,376.67644661352875,0.9230391892486806,5
10195,2025-10-02 20:00:00,120844.0546875,0.06666666666666667,356.7005995437122,381.3357366933586,0.9353977747712218,4
10199,2025-10-03 00:00:00,120656.984375,0.43333333333333335,364.7701137822912,384.6702801556245,0.9482669512048544,5
10203,2025-10-03 04:00:00,120325.453125,0.1,220.48761903219048,375.05731352141504,0.5878771352624246,3
10204,2025-10-03 05:00:00,120129.5703125,0.9333333333333333,178.34636251399314,372.37867478265605,0.47893817393836385,3
10208,2025-10-03 09:00:00,120075.640625,0.0,247.05211048468183,374.4136597072076,0.6598373325318238,5
10218,2025-10-03 19:00:00,122480.96875,0.0,331.5745340220482,375.6476119023418,0.8826744095161415,3
10220,2025-10-03 21:00:00,122598.0078125,0.06666666666666667,204.762804501485,373.74449739372676,0.5478684125903652,3
10224,2025-10-04 01:00:00,122158.265625,0.6333333333333333,354.3032163005949,375.4965150467954,0.9435592664726612,3
10226,2025-10-04 03:00:00,121937.171875,0.2,238.10108484537912,377.2807896013352,0.631097822650805,3
10229,2025-10-04 06:00:00,122581.0,0.1,317.91397878584,377.8140579323461,0.8414561928311514,3
10232,2025-10-04 09:00:00,122336.65625,0.7666666666666667,303.9715975191117,375.8692647446775,0.8087162905580886,3
10235,2025-10-04 12:00:00,122057.734375,0.1,313.99486624050184,374.7348997103536,0.8379119918726545,4
10238,2025-10-04 15:00:00,122067.3671875,0.26666666666666666,482.32355347984816,371.3608359404577,1.2988002686346325,6
10240,2025-10-04 17:00:00,121737.0546875,0.8,240.09946871759672,372.3136087147352,0.6448850192353826,3
10242,2025-10-04 19:00:00,121626.8515625,0.8333333333333334,257.3141119231983,367.9962571137543,0.6992302420175373,3
10243,2025-10-04 20:00:00,121952.3515625,0.0,79.3105756517408,366.3639270405695,0.21648030768858506,2
10248,2025-10-05 01:00:00,122215.484375,0.06666666666666667,254.91322285645754,355.55624853255785,0.7169420419653108,3
10253,2025-10-05 06:00:00,124992.8359375,0.36666666666666664,627.9998333279982,408.2880660991489,1.5381292902533534,5
10262,2025-10-05 15:00:00,123051.3671875,0.7,458.70018469920865,413.5222123257831,1.1092516218641073,6
10264,2025-10-05 17:00:00,123270.2734375,0.03333333333333333,262.25714987725917,412.91579606849217,0.635134699070116,5
10266,2025-10-05 19:00:00,123016.453125,0.8666666666666667,304.02358188471806,411.27447651064074,0.7392230718135804,3
10270,2025-10-05 23:00:00,123266.453125,0.0,231.95990109297077,407.519856541238,0.5691990153846604,2
10276,2025-10-06 05:00:00,123663.5234375,0.0,200.7890051202057,407.554911409022,0.4926673670206219,2
10277,2025-10-06 06:00:00,123609.3125,0.8,259.3583871039349,407.6669715745335,0.6362016184490349,3
10278,2025-10-06 07:00:00,123954.8046875,0.2,447.99179445358794,408.7432125766876,1.0960225899030351,5
10280,2025-10-06 09:00:00,123857.8984375,0.0,231.4013242598125,413.91918240096066,0.5590495297114683,2
10283,2025-10-06 12:00:00,124266.9375,0.03333333333333333,266.7867606794387,413.34345829166074,0.6454360298383878,3
10285,2025-10-06 14:00:00,124994.21875,0.4666666666666667,413.25079471290945,414.84268417793805,0.9961626671368615,3
10287,2025-10-06 16:00:00,125106.9140625,0.6,362.0575479496924,418.3951618375288,0.8653483141621187,2
10291,2025-10-06 20:00:00,125424.2578125,0.13333333333333333,260.2146510316918,409.4016538197535,0.6355974593748368,2
10293,2025-10-06 22:00:00,125047.0703125,0.0,0.0,406.27879615110277,0.0,1
10295,2025-10-07 00:00:00,124752.140625,0.9333333333333333,245.7807775819699,406.6522626000698,0.6044003690290244,3
10296,2025-10-07 01:00:00,124923.9296875,0.9,330.36635010163064,404.55098550560723,0.8166247566761932,3
10297,2025-10-07 02:00:00,124705.328125,0.9333333333333333,145.05548225371433,405.41248003814786,0.35779727905777625,2
10300,2025-10-07 05:00:00,124580.90625,0.7,273.41866281208786,402.1055311781245,0.6799674254940029,2
10302,2025-10-07 07:00:00,123975.2265625,0.23333333333333334,301.1769264149801,404.46886503533864,0.7446232638664687,8
10304,2025-10-07 09:00:00,123954.1953125,0.2,297.3981321290861,405.08559599445937,0.7341612120248132,6
10307,2025-10-07 12:00:00,124520.2890625,0.8,259.83750000000003,404.1569579899085,0.6429123509151313,2
10312,2025-10-07 17:00:00,121866.6015625,0.06666666666666667,259.20204771669404,447.88810930356334,0.5787205383052839,6
10320,2025-10-08 01:00:00,121988.1328125,0.43333333333333335,243.94830437586285,438.7938983411732,0.5559519065741132,5
10324,2025-10-08 05:00:00,121929.6171875,0.0,213.40546291024253,445.11939964383197,0.47943419918566044,5
10325,2025-10-08 06:00:00,121324.9296875,0.5666666666666667,190.40454550213866,449.0964540545846,0.4239724980749821,6
10329,2025-10-08 10:00:00,122514.234375,0.3,351.0209251419235,459.0224962619888,0.7647139911451681,7
10331,2025-10-08 12:00:00,122921.1796875,0.2,503.643531432175,461.0652117407775,1.092347716997864,14
10332,2025-10-08 13:00:00,122637.0546875,0.13333333333333333,446.70705191802153,461.91126850836304,0.96708411847271,11
10352,2025-10-09 09:00:00,121332.3125,1.0,189.43362377868758,448.0409386426377,0.4228042739857348,6
10354,2025-10-09 11:00:00,122215.1953125,0.06666666666666667,159.41144799902767,452.99378613598896,0.35190647836209454,5
10356,2025-10-09 13:00:00,123620.7265625,0.26666666666666666,685.8258547617058,439.93952384689817,1.5589093900105637,12
10357,2025-10-09 14:00:00,122504.71875,0.2,352.61530525589114,453.9787817806534,0.7767219954043193,9
10360,2025-10-09 17:00:00,120304.1328125,0.9666666666666667,302.14432181184304,472.708233096491,0.6391771935780272,5
10361,2025-10-09 18:00:00,120843.796875,0.3,370.9167127797688,475.980903786847,0.7792680543038594,5
10365,2025-10-09 22:00:00,121522.9375,0.5,186.66909382304826,475.9783290608486,0.39217981665544416,4
10373,2025-10-10 06:00:00,121614.3671875,0.4666666666666667,198.29454277952243,470.23543709860417,0.4216920443151158,4
10374,2025-10-10 07:00:00,121477.765625,0.43333333333333335,276.899154741393,470.18817132457843,0.588911358534039,5
10378,2025-10-10 11:00:00,121554.1875,0.2,211.6755800418384,472.1701566139522,0.44830359792286706,5
10379,2025-10-10 12:00:00,121623.3125,0.3333333333333333,261.31109160266686,469.7574709640903,0.5562680909925162,6
10385,2025-10-10 18:00:00,117743.9609375,0.9666666666666667,263.17119858128257,519.9399773702969,0.5061568835547613,9
10386,2025-10-10 19:00:00,117310.21875,1.0,262.04458861277317,516.7707005803848,0.5070809709576628,12
10389,2025-10-10 22:00:00,113937.875,0.9333333333333333,573.4385041499402,556.5078530254214,1.0304230228423128,18
10390,2025-10-10 23:00:00,114229.8515625,0.7666666666666667,577.0818553549816,554.6929361430372,1.040362726389887,13
10394,2025-10-11 03:00:00,113289.09375,0.6,632.748065667892,614.3232917633876,1.0299919832953377,10
10396,2025-10-11 05:00:00,113059.6015625,0.3,472.6102145169131,622.7172758523279,0.7589482945852759,9
10398,2025-10-11 07:00:00,112165.15625,0.3333333333333333,593.3171448846413,623.9788385127088,0.9508610040347658,11
10401,2025-10-11 10:00:00,111758.0625,0.6333333333333333,490.4258602114587,660.5300359918386,0.7424732161877319,7
10406,2025-10-11 15:00:00,112057.8046875,0.6666666666666666,404.6435414828602,660.8377368657237,0.6123190594442098,9
10413,2025-10-11 22:00:00,111056.0,0.16666666666666666,186.23992349309904,652.4537472086056,0.28544540404571167,6
10420,2025-10-12 05:00:00,111563.5078125,0.9666666666666667,354.2573928180059,658.6104529020336,0.5378860770536551,6
10422,2025-10-12 07:00:00,111840.2109375,0.7666666666666667,409.28009252652726,656.8327336761398,0.623111595300499,9
10425,2025-10-12 10:00:00,111906.671875,0.2,344.88241476180804,652.1390897440579,0.5288479408544005,7
10428,2025-10-12 13:00:00,111801.3203125,0.7333333333333333,397.84072806125624,644.491833041455,0.6172936686936518,7
10429,2025-10-12 14:00:00,111396.3671875,0.2,242.3433953787579,642.551134164153,0.3771581474118856,7
10440,2025-10-13 01:00:00,115382.1796875,0.8,364.73080082416647,656.88925597104,0.5552394068083923,14
10441,2025-10-13 02:00:00,115827.6796875,0.2,236.57041659727042,658.8020508704659,0.3590918035010566,16
10443,2025-10-13 04:00:00,114913.0625,0.6333333333333333,403.94164394348456,660.4886771940288,0.6115799678195247,9
10445,2025-10-13 06:00:00,114680.359375,0.8333333333333334,264.1112361101001,653.5600895128663,0.4041116346424343,10
10447,2025-10-13 08:00:00,115423.5,0.8333333333333334,304.7086291311623,655.296243197689,0.46499370673064905,14
10453,2025-10-13 14:00:00,115323.5859375,0.7,386.4698651508529,658.2514508347922,0.5871158577177964,15
10457,2025-10-13 18:00:00,114723.515625,0.6,338.04127222409994,646.0642671140743,0.5232316495913133,11
10458,2025-10-13 19:00:00,115247.6328125,0.3333333333333333,281.09637356335406,648.6578617555875,0.43335075412879276,8
10467,2025-10-14 04:00:00,113584.578125,0.8333333333333334,205.40926318850825,646.5288915523895,0.3177108801670057,4
10470,2025-10-14 07:00:00,112108.09375,0.5,516.5801740922614,647.9341541572259,0.7972726407117435,10
10472,2025-10-14 09:00:00,111930.25,0.8,414.2863856096246,648.6828537757352,0.6386578328658168,8
10473,2025-10-14 10:00:00,111366.0859375,1.0,298.95827547954224,650.347861761914,0.459689795349843,7
10477,2025-10-14 14:00:00,110940.8671875,0.3,398.5964416114537,654.4766659384534,0.6090307910976577,8
10486,2025-10-14 23:00:00,113259.671875,0.9333333333333333,205.2839665545526,630.1052810909099,0.3257931217448958,3
10487,2025-10-15 00:00:00,113112.265625,0.8,288.2692242232787,588.8410673652669,0.48955353184369693,6
10490,2025-10-15 03:00:00,112910.1171875,0.8,238.36064459985113,577.4485422833218,0.4127824856173952,4
10494,2025-10-15 07:00:00,112438.4921875,0.5666666666666667,437.26911863289115,521.626696343232,0.8382797922312756,9
10495,2025-10-15 08:00:00,112611.09375,0.36666666666666664,423.66392188943115,517.9895392335135,0.817900536208397,9
10496,2025-10-15 09:00:00,113079.984375,0.06666666666666667,299.86748376918456,517.8849269263156,0.5790233856561914,6
10506,2025-10-15 19:00:00,111540.3515625,0.3,326.75434701508345,473.54351134817193,0.6900196902388511,7
10507,2025-10-15 20:00:00,111323.5,0.3333333333333333,222.40162621139118,474.011843689186,0.4691900195582919,6
10510,2025-10-15 23:00:00,110753.5703125,0.3333333333333333,242.84932875686755,467.3472283574913,0.5196336129142571,6
10511,2025-10-16 00:00:00,110777.1171875,0.3,295.8111049312018,456.60505703128104,0.6478489459895237,6
10513,2025-10-16 02:00:00,111299.6953125,0.43333333333333335,374.52362487783614,456.4906154750062,0.8204410171458214,7
10514,2025-10-16 03:00:00,111569.546875,0.2,449.4270168194894,455.84924412213286,0.9859115104709424,8
10515,2025-10-16 04:00:00,111498.2890625,0.6,326.1784465929806,442.7631546654545,0.7366883245726179,6
10516,2025-10-16 05:00:00,111059.0703125,0.16666666666666666,232.93071208804415,444.51736984622437,0.5240081218167556,6
10528,2025-10-16 17:00:00,109117.1796875,0.3333333333333333,395.61779431697715,501.59844580090294,0.7887141549756871,4
10529,2025-10-16 18:00:00,108371.15625,0.6666666666666666,353.2363408756112,497.79646488968285,0.7095999385087883,4
10530,2025-10-16 19:00:00,108595.625,0.5333333333333333,401.30510391541463,486.5711732750709,0.8247613626887567,3
10531,2025-10-16 20:00:00,108320.6640625,0.5666666666666667,312.19922868784187,479.5262819544019,0.6510575967085968,3
10532,2025-10-16 21:00:00,107785.3203125,0.4,344.06471563331917,481.505812159542,0.7145598390395272,3
10533,2025-10-16 22:00:00,108437.5390625,0.06666666666666667,281.4637812512473,486.61150211478525,0.5784157999307911,3
10537,2025-10-17 02:00:00,108800.3828125,0.8666666666666667,319.8146292528644,483.8833311418382,0.6609333462638307,6
10539,2025-10-17 04:00:00,109190.796875,0.13333333333333333,293.3525980553451,484.03632062732584,0.6060549292564474,5
10540,2025-10-17 05:00:00,108875.359375,0.4,368.51708101392455,481.9450255037694,0.7646454709823378,3
10541,2025-10-17 06:00:00,108439.6796875,0.1,347.22765579086257,482.2233435566432,0.7200556763384398,4
10545,2025-10-17 10:00:00,104749.2890625,0.8333333333333334,631.2773792076193,515.2354399421951,1.2252211906821533,6
10549,2025-10-17 14:00:00,105868.1171875,0.8,774.8154934477748,529.0682313570854,1.4644906791328896,5
10552,2025-10-17 17:00:00,106409.6640625,1.0,422.21959289685987,547.8282349232313,0.7707152826031807,3
10555,2025-10-17 20:00:00,106490.15625,0.3333333333333333,348.662504202101,531.7297729185541,0.6557137139196947,3
10556,2025-10-17 21:00:00,107090.890625,0.4666666666666667,312.8168697442356,536.1201967979493,0.5834827182646295,3
10565,2025-10-18 06:00:00,106859.3046875,0.3333333333333333,398.45079095955845,537.4017017065348,0.741439391974879,4
10575,2025-10-18 16:00:00,106986.8203125,0.0,396.18214146333946,515.5551737687686,0.7684573089766547,3
10576,2025-10-18 17:00:00,106711.03125,0.3333333333333333,420.37616113441925,515.9386539630108,0.8147793500359779,3
10577,2025-10-18 18:00:00,106879.75,0.0,387.2819841927675,512.2153323369504,0.7560921349734255,3
10584,2025-10-19 01:00:00,106927.3671875,0.4,335.96137607578527,492.65551858086025,0.6819397396451644,3
10587,2025-10-19 04:00:00,107303.8828125,0.0,265.31801242064915,494.8370775637712,0.5361724584723683,2
10588,2025-10-19 05:00:00,107089.7578125,0.6333333333333333,290.29687507522306,494.7158499036505,0.5867951777404352,3
10591,2025-10-19 08:00:00,106802.0234375,0.5,389.89059081150543,486.9606313417734,0.8006614204873179,3
10592,2025-10-19 09:00:00,106496.453125,0.2,269.4736786527901,487.40444842333727,0.552874885579086,3
10593,2025-10-19 10:00:00,107592.75,0.5333333333333333,459.38688089794834,500.939668229008,0.9170503157037595,6
10595,2025-10-19 12:00:00,107820.734375,0.7333333333333333,310.65912995033307,498.69063319720203,0.6229495989500291,5
10604,2025-10-19 21:00:00,108923.40625,0.4,267.07188968817036,501.79710142024356,0.5322308338016958,6
10605,2025-10-19 22:00:00,108805.9765625,0.1,99.39454856539554,499.9643175069852,0.19880328472442807,3
10607,2025-10-20 00:00:00,108663.375,0.9,258.6757391304063,503.7747058188047,0.5134750437896054,6
10608,2025-10-20 01:00:00,108022.6171875,0.2,431.10352459242966,506.59176566631635,0.8509880219339974,3
10609,2025-10-20 02:00:00,108120.875,0.3333333333333333,349.0895830077406,506.7040567961844,0.6889417566833448,3
10612,2025-10-20 05:00:00,110477.8046875,0.7,289.9695425269036,525.2795835802552,0.5520289605594396,4
10620,2025-10-20 13:00:00,110879.1015625,0.1,346.56176809973147,509.6397090165853,0.680013275983668,8
10623,2025-10-20 16:00:00,111300.4921875,0.5,281.853262514199,509.73286040097105,0.5529430892340055,4
10626,2025-10-20 19:00:00,110949.5625,0.1,285.68348091640513,469.69669727677586,0.608229699235168,6
10635,2025-10-21 04:00:00,109181.9453125,0.9666666666666667,274.95798725153986,454.3472188659896,0.6051714984363955,8
10636,2025-10-21 05:00:00,107843.015625,0.7666666666666667,438.8751192099747,473.76201906166955,0.9263619740544173,3
10640,2025-10-21 09:00:00,107783.546875,0.43333333333333335,386.2044901515643,473.8516788896596,0.8150324402279797,3
10650,2025-10-21 19:00:00,112030.90625,0.3,273.6919529689684,550.355259041814,0.497300513572769,5
10651,2025-10-21 20:00:00,111920.5234375,0.3333333333333333,195.07867449612237,549.37753931066,0.3550903714427429,3
10652,2025-10-21 21:00:00,110983.859375,1.0,240.40101279512436,558.2587407664644,0.43062650925100515,3
10657,2025-10-22 02:00:00,108429.015625,0.9333333333333333,352.33556613788465,590.1758663213396,0.5970009724966364,7
10663,2025-10-22 08:00:00,108344.0,0.36666666666666664,470.8009434163622,582.2901760877136,0.8085332068962174,10
10665,2025-10-22 10:00:00,108006.6171875,0.9333333333333333,275.3403498627336,582.2427044456596,0.47289617844998,8
10666,2025-10-22 11:00:00,107698.8125,0.5,434.05630069143734,583.0070822986165,0.7445129122275628,6
10676,2025-10-22 21:00:00,107658.9375,0.8666666666666667,203.7354570035115,595.4920448789619,0.3421296031669444,4
10677,2025-10-22 22:00:00,107200.1015625,0.5333333333333333,232.3361610979735,597.3175819450017,0.388965883678552,3
10678,2025-10-22 23:00:00,107207.0,0.43333333333333335,287.65953896825545,596.9803796696472,0.481857610006276,3
10680,2025-10-23 01:00:00,107881.53125,0.16666666666666666,362.2127651527253,599.0715381608575,0.6046235584229459,7
10686,2025-10-23 07:00:00,110241.6484375,0.26666666666666666,435.5086869606458,611.7845450534072,0.7118661144384204,6
10688,2025-10-23 09:00:00,109511.3515625,0.7,322.2408974066441,618.7631972461354,0.520782261842346,7
10689,2025-10-23 10:00:00,109459.484375,0.8333333333333334,350.04675422903284,618.6793214901595,0.5657967578193909,7
10690,2025-10-23 11:00:00,109508.765625,0.7666666666666667,368.295827706571,618.6832709546512,0.5952897791114942,7
10692,2025-10-23 13:00:00,109109.53125,0.6666666666666666,355.79416028331997,609.1704876007882,0.5840633575086864,8
10693,2025-10-23 14:00:00,109432.5390625,0.13333333333333333,431.7708311953408,609.4540734524506,0.7084550748006895,9
10694,2025-10-23 15:00:00,109597.703125,0.1,428.42591236976494,609.615309818566,0.7027807626702703,7
10698,2025-10-23 19:00:00,110589.453125,0.7666666666666667,240.08196829495495,618.4478658618972,0.3882008194180859,4
10701,2025-10-23 22:00:00,109584.6328125,1.0,227.9101281304733,622.0741504540817,0.3663713207888654,3
10702,2025-10-23 23:00:00,110011.953125,0.23333333333333334,244.79244408121235,621.5126787447531,0.39386556775577114,4
10703,2025-10-24 00:00:00,110069.3515625,0.36666666666666664,277.08484462013445,621.507408092878,0.44582709877969295,4
10704,2025-10-24 01:00:00,110572.96875,0.13333333333333333,277.40453242839493,623.3053102712832,0.44505401744076145,4
10709,2025-10-24 06:00:00,111293.5859375,0.43333333333333335,356.00636957697196,617.5268937938715,0.5765034254456386,7
10710,2025-10-24 07:00:00,111496.4921875,0.5,361.5510261290486,601.998802521114,0.6005842945449511,6
10713,2025-10-24 10:00:00,111325.984375,0.5333333333333333,244.26704917069847,599.814273963308,0.40723780639078433,6
10715,2025-10-24 12:00:00,111063.3984375,0.8333333333333334,259.21184058544895,599.9289371215247,0.4320709079797924,4
10716,2025-10-24 13:00:00,111312.21875,0.9333333333333333,402.3278080646975,600.2610761671126,0.6702547008939981,8
10718,2025-10-24 15:00:00,110167.1171875,1.0,348.5961313772881,605.2105548147942,0.5759914935455233,6
10720,2025-10-24 17:00:00,110277.1015625,0.43333333333333335,233.02738825590475,604.7794309409569,0.38530971182889756,3
10729,2025-10-25 02:00:00,111050.875,0.9666666666666667,307.33069709855306,597.9075919613576,0.5140103608492325,8
10730,2025-10-25 03:00:00,111086.2578125,0.3,253.21127452794946,597.3731548119819,0.4238745455638119,4
10732,2025-10-25 05:00:00,111298.0,0.6,317.23238767799813,593.6986509400643,0.5343323370799165,7
10734,2025-10-25 07:00:00,111397.140625,0.6666666666666666,347.6017503743838,591.6599745791265,0.58750256111485,7
10735,2025-10-25 08:00:00,111519.5625,0.7333333333333333,335.42849902945716,575.5223949317688,0.5828244078481498,8
10737,2025-10-25 10:00:00,111543.375,0.4,248.2859617735478,574.6944202092214,0.43203127269472635,4
10746,2025-10-25 19:00:00,111696.421875,0.6,315.7451800314735,414.11316594388205,0.7624611000034258,3
10747,2025-10-25 20:00:00,111622.515625,0.6333333333333333,337.2024528184934,411.1557690268924,0.8201330936364364,5
10751,2025-10-26 00:00:00,111639.0546875,0.6666666666666666,371.40098905133226,394.00710691742995,0.9426251012501784,7
10752,2025-10-26 01:00:00,111745.9296875,0.7,269.2121648520337,394.1094341009304,0.6830898769682564,5
10753,2025-10-26 02:00:00,111635.015625,0.6333333333333333,174.99920196855027,345.1653118552378,0.5070011265846577,2
10755,2025-10-26 04:00:00,111288.1171875,0.36666666666666664,174.00905954835946,338.57986126989636,0.5139380082906038,2
10756,2025-10-26 05:00:00,111439.109375,0.7,167.60054576848646,337.6221578220958,0.4964145328897539,2
10758,2025-10-26 07:00:00,111630.1640625,0.7,204.71722936733303,337.565830134857,0.6064512788084886,6
10759,2025-10-26 08:00:00,111718.9140625,0.8333333333333334,197.8788971300786,335.55468583648616,0.5897068510213082,5
10760,2025-10-26 09:00:00,111797.9609375,0.8,204.3860182347848,332.2121262498852,0.6152274468182675,4
10761,2025-10-26 10:00:00,112464.703125,0.3333333333333333,291.03738058839303,337.5983633124382,0.8620817285155076,12
10762,2025-10-26 11:00:00,112450.4296875,0.3333333333333333,354.7036854783387,336.8215072003397,1.0530909633017074,9
10768,2025-10-26 17:00:00,113549.6640625,0.4,219.78656473779014,331.80158983518277,0.6624035913961885,8
10770,2025-10-26 19:00:00,113628.78125,0.4666666666666667,185.90864398247564,328.34045858831246,0.5662069328336292,11
10771,2025-10-26 20:00:00,113562.71875,0.8333333333333334,179.3420231759848,328.5567508873365,0.5458479324854352,11
10777,2025-10-27 02:00:00,115296.9296875,0.1,307.37591820621293,340.9184640345531,0.9016112373868359,4
10778,2025-10-27 03:00:00,114903.3046875,0.03333333333333333,119.38692263168697,341.8905353986154,0.34919633704539943,6
10779,2025-10-27 04:00:00,114961.671875,0.3333333333333333,254.14424640164128,341.6442098762648,0.7438857122551151,4
10787,2025-10-27 12:00:00,115418.453125,0.4666666666666667,371.72495197204586,318.5373752619369,1.166974367345032,5
10788,2025-10-27 13:00:00,115054.4921875,0.3,278.4235175955546,321.15915698542165,0.8669331437066671,6
10789,2025-10-27 14:00:00,115250.796875,0.06666666666666667,301.73973788966845,321.46205813067377,0.9386480620584211,6
10792,2025-10-27 17:00:00,115558.9765625,0.06666666666666667,254.53029276432378,326.4097214527249,0.7797877208788596,3
10793,2025-10-27 18:00:00,115664.40625,0.13333333333333333,300.6313525953388,326.2734280934592,0.9214092436274787,3
10795,2025-10-27 20:00:00,114914.3359375,0.43333333333333335,255.92781587592057,329.24314662997364,0.7773216192820258,4
10798,2025-10-27 23:00:00,114117.0390625,0.8333333333333334,203.70924775069534,313.7546268227891,0.6492629282109418,7
10799,2025-10-28 00:00:00,114129.0859375,0.5666666666666667,215.9517504430625,301.8517704808706,0.715423169786404,9
10801,2025-10-28 02:00:00,114451.5078125,0.43333333333333335,315.0478703465187,303.76250160487575,1.037151948255689,5
10805,2025-10-28 06:00:00,113621.7578125,0.9,196.98721027905006,307.4972994540319,0.6406144399603024,11
10806,2025-10-28 07:00:00,114099.1640625,0.1,241.9236980611733,309.541820753155,0.7815541611551612,11
10807,2025-10-28 08:00:00,114215.25,0.36666666666666664,205.0276873683634,300.85397985527993,0.6814857076744939,7
10811,2025-10-28 12:00:00,114347.1484375,0.3333333333333333,286.6969800158692,299.2831936006766,0.9579454715335577,6
10815,2025-10-28 16:00:00,114707.984375,0.0,202.3860489866724,316.96560090197437,0.6385110826245869,5
10816,2025-10-28 17:00:00,115371.1484375,0.5333333333333333,314.74807474350297,319.85390504407275,0.9840369924517062,4
10821,2025-10-28 22:00:00,113085.8359375,0.5333333333333333,287.7333767999022,348.58823346552583,0.8254248112145702,13
10826,2025-10-29 03:00:00,112685.484375,0.9333333333333333,159.797884664379,351.2646872995046,0.454921574647576,8
10832,2025-10-29 09:00:00,113060.796875,0.6333333333333333,280.5509608702785,355.3125544822874,0.7895892147100144,11
10833,2025-10-29 10:00:00,113024.09375,0.6333333333333333,182.24809234062621,355.34740215162753,0.5128730116981707,10
10834,2025-10-29 11:00:00,112900.0390625,0.7333333333333333,148.15664654211446,355.4595230411316,0.41680314336372604,8
10836,2025-10-29 13:00:00,113172.9453125,0.7333333333333333,176.29360880377695,354.6303286562736,0.4971193791342364,8
10848,2025-10-30 01:00:00,110551.328125,0.4666666666666667,348.1877589125485,407.29405291177306,0.85488053759521,8
10851,2025-10-30 04:00:00,110646.21875,0.5666666666666667,268.94704510821816,409.10454881158904,0.6574041913967579,10
10852,2025-10-30 05:00:00,108786.546875,0.3333333333333333,487.45434702686174,448.85513952457745,1.085994798997218,11
10855,2025-10-30 08:00:00,111356.84375,0.6666666666666666,263.17006606570567,482.27418431188227,0.5456855760197938,14
10856,2025-10-30 09:00:00,110736.3359375,0.8666666666666667,257.4565378793544,485.82877186775215,0.5299326692603477,15
10861,2025-10-30 14:00:00,107788.15625,0.8666666666666667,469.58887614639764,506.4080744162977,0.9272934217876777,12
10865,2025-10-30 18:00:00,107450.15625,0.8333333333333334,360.34096760019366,507.5324441801007,0.7099860742544465,10
10866,2025-10-30 19:00:00,106886.4296875,0.6,473.1504849609647,509.66538174679937,0.9283551559639278,8
10869,2025-10-30 22:00:00,107900.6015625,0.4666666666666667,379.714061757025,524.7403822434121,0.723622718216656,14
10874,2025-10-31 03:00:00,108804.484375,0.5666666666666667,551.0635408340064,528.4855712507076,1.0427220170455478,17
10880,2025-10-31 09:00:00,110014.4375,0.5,344.9070017859618,535.9421680465665,0.6435526486805454,17
10884,2025-10-31 13:00:00,109612.984375,0.7333333333333333,517.6277089247887,535.8025832973508,0.9660791587440413,18
10888,2025-10-31 17:00:00,108753.390625,1.0,406.6464643370262,561.6473183125254,0.7240245810463394,12
10891,2025-10-31 20:00:00,109818.265625,0.7333333333333333,268.7579271627437,561.8407496569317,0.4783524999332129,17
10893,2025-10-31 22:00:00,109532.765625,0.7,502.1136827616463,562.309517492673,0.8929489314009148,20
10894,2025-10-31 23:00:00,109581.5546875,0.6,320.04365863829247,561.0275721837812,0.5704597679442619,14
10899,2025-11-01 04:00:00,110170.6484375,0.9333333333333333,253.48051644696685,561.2917378106094,0.4516020802937527,14
10900,2025-11-01 05:00:00,110236.9453125,0.8333333333333334,293.63858500970133,558.7304181406422,0.5255460871217278,12
10903,2025-11-01 08:00:00,110013.703125,0.9333333333333333,193.53514147649807,557.0770803651961,0.34741178249448823,15
10910,2025-11-01 15:00:00,109889.7109375,0.8666666666666667,159.84753357943296,553.1746340673379,0.28896396135180474,14
10912,2025-11-01 17:00:00,110508.953125,0.6333333333333333,130.2296094619936,545.6934743040854,0.23864974677967962,9
10916,2025-11-01 21:00:00,110494.8828125,0.26666666666666666,130.60983071642926,539.9483779217264,0.2418931810095429,13
10923,2025-11-02 04:00:00,109994.1796875,0.8,138.134092274352,519.2207756217325,0.2660411500463277,12
10926,2025-11-02 07:00:00,110636.0703125,0.13333333333333333,161.6904083124871,524.0353266547505,0.30854867999960883,11
10932,2025-11-02 13:00:00,110778.109375,0.6,212.90232640561126,526.5944010512097,0.404300398903989,16
10939,2025-11-02 20:00:00,110172.5859375,0.8666666666666667,120.04052988174604,515.9274145957341,0.23266941528161736,10
10941,2025-11-02 22:00:00,110011.9609375,0.7666666666666667,158.79102781793372,507.06683631045615,0.31315601109576907,14
10943,2025-11-03 00:00:00,110646.90625,0.16666666666666666,197.14797931422137,508.45014792348644,0.38774298742831514,15
10947,2025-11-03 04:00:00,108007.796875,0.8,434.27576917877235,513.2778388784409,0.846083224882073,12
10949,2025-11-03 06:00:00,107577.953125,0.9666666666666667,228.39506856876417,512.6460617904512,0.44552194114410804,9
10952,2025-11-03 09:00:00,107483.8359375,0.5666666666666667,280.6207492674652,448.43203433038803,0.6257821203306682,8
10961,2025-11-03 18:00:00,107464.046875,0.6333333333333333,293.4861042441353,480.2696499982211,0.6110860935002291,12
10963,2025-11-03 20:00:00,107110.515625,0.8333333333333334,274.4676720742321,478.6004408419272,0.5734797727962888,9
10965,2025-11-03 22:00:00,106819.1875,0.7666666666666667,239.5617533743848,478.0877437068727,0.5010832353009785,6
10967,2025-11-04 00:00:00,106541.421875,0.8,385.82002644856334,466.0402089611101,0.8278685380144077,11
10969,2025-11-04 02:00:00,107041.5625,0.9,287.82636289142545,469.26257253479,0.6133588735549258,10
10975,2025-11-04 08:00:00,104495.375,0.6,406.317394865909,511.8045399294262,0.7938917363295311,14
10976,2025-11-04 09:00:00,104000.140625,0.3333333333333333,474.8524785994282,513.3173180118172,0.9250661568143246,14
10977,2025-11-04 10:00:00,103899.796875,0.5666666666666667,323.72941940650276,512.9021727371398,0.6311718620315003,11
10980,2025-11-04 13:00:00,103943.203125,0.43333333333333335,536.3731341856443,518.4993576185112,1.0344721286622764,16
10986,2025-11-04 19:00:00,101419.1640625,0.23333333333333334,558.4495557586557,535.114659875741,1.0436072820137898,4
10988,2025-11-04 21:00:00,100638.90625,0.16666666666666666,499.39417791646554,523.5925154216635,0.9537840270965097,4
10991,2025-11-05 00:00:00,101579.234375,0.0,327.75165039226334,533.2913878343433,0.6145826800677177,4
10992,2025-11-05 01:00:00,100587.90625,0.8666666666666667,335.0196017016102,540.6771341017673,0.6196296839114195,8
10993,2025-11-05 02:00:00,100911.65625,0.0,374.8705627510305,542.0891237725347,0.6915293930677153,3
10997,2025-11-05 06:00:00,101781.5234375,0.5333333333333333,416.13085407177323,550.8704800146592,0.7554059786625336,10
11009,2025-11-05 18:00:00,103827.5,0.26666666666666666,423.04906265152346,566.6439913200586,0.7465870443026932,5
11012,2025-11-05 21:00:00,103851.6015625,0.5666666666666667,228.2097326057834,567.0564068990836,0.40244626430329145,3
11014,2025-11-05 23:00:00,103765.9921875,0.0,177.93261146460912,567.0284655563879,0.31379837569532865,3
11015,2025-11-06 00:00:00,103893.6640625,0.2,343.0140633810885,567.082617976434,0.6048749379853906,5
11016,2025-11-06 01:00:00,103671.828125,0.26666666666666666,537.4176233543319,564.7525394745049,0.9515984184053288,8
11018,2025-11-06 03:00:00,103464.6796875,0.26666666666666666,243.76566598920598,564.6765737646713,0.4316907718767792,3
11019,2025-11-06 04:00:00,103681.921875,0.16666666666666666,217.76607081461526,565.323898123378,0.3852058466615352,3
11020,2025-11-06 05:00:00,103931.5703125,0.16666666666666666,270.80081300699516,566.1301120042434,0.47833670611211965,4
11024,2025-11-06 09:00:00,103262.78125,0.4,304.2427718921017,566.6932854365107,0.5368737899510324,4
11027,2025-11-06 12:00:00,103199.3515625,0.16666666666666666,473.31027730431543,567.0547350559157,0.8346818182510083,7
11030,2025-11-06 15:00:00,102043.2421875,0.6666666666666666,481.72810661189715,580.8987623267852,0.8292806558622008,11
11037,2025-11-06 22:00:00,101066.046875,0.6666666666666666,276.8146353869935,597.6667004200423,0.46315887298463704,6
11046,2025-11-07 07:00:00,101857.8828125,0.4,298.9044855005783,583.592163346016,0.5121804305712646,4
11049,2025-11-07 10:00:00,100892.0546875,0.7333333333333333,339.76164473777425,587.3267659530917,0.5784882699606273,6
11050,2025-11-07 11:00:00,100705.59375,0.7,287.8760438779057,587.159101102178,0.49028626710805123,5
11054,2025-11-07 15:00:00,100710.0,0.13333333333333333,359.54649450629444,593.4345229804215,0.6058739095604596,6
11056,2025-11-07 17:00:00,100971.84375,0.16666666666666666,265.7371277641118,593.8606792610781,0.4474738554752607,3
11059,2025-11-07 20:00:00,103244.1796875,0.1,259.76917690776014,568.2757345932805,0.45711819297313305,6
11060,2025-11-07 21:00:00,103746.3515625,0.3333333333333333,210.92276304552192,565.3962482223827,0.37305299373433654,8
11067,2025-11-08 04:00:00,102600.0390625,0.3,293.90995455948774,561.7070377033524,0.5232442088694408,4
11069,2025-11-08 06:00:00,102293.1640625,0.9,323.81524883930246,555.498486539729,0.5829273286708466,4
11072,2025-11-08 09:00:00,102421.28125,0.23333333333333334,251.8001690924005,490.26754626064576,0.5135974653287237,4
11073,2025-11-08 10:00:00,102347.8046875,0.3,290.18422801470473,488.38116291802913,0.5941757177547199,3
11074,2025-11-08 11:00:00,102504.71875,0.3,305.05250413483026,488.5800266917797,0.6243654825604903,3
11076,2025-11-08 13:00:00,101972.8515625,0.4,422.5826118304102,491.85078635939595,0.8591683159811573,4
11077,2025-11-08 14:00:00,101922.296875,0.2,268.2099311144863,491.75148474683107,0.5454176335686493,3
11087,2025-11-09 00:00:00,102278.984375,0.7666666666666667,250.60336664835188,429.0127207292844,0.5841397108746517,3
11091,2025-11-09 04:00:00,101650.90625,1.0,100.18677409065019,407.85674130300686,0.24564206973894043,2
11096,2025-11-09 09:00:00,101939.59375,0.0,208.00979934236292,397.34670780860034,0.5234969744421792,3
11099,2025-11-09 12:00:00,102188.7109375,0.26666666666666666,269.85991792947783,397.6359940356026,0.6786606896188471,3
11101,2025-11-09 14:00:00,102877.796875,0.4,322.4043340307005,401.55807630783477,0.8028834508698689,8
11102,2025-11-09 15:00:00,102975.3828125,0.43333333333333335,403.0068813698816,397.57053985702436,1.0136739042958574,8
11106,2025-11-09 19:00:00,104487.046875,0.06666666666666667,284.2810007857878,405.4188267238952,0.701203254626834,6
11107,2025-11-09 20:00:00,104786.1875,0.43333333333333335,243.56747289127136,405.91606005903986,0.6000439422274764,4
11112,2025-11-10 01:00:00,106373.5703125,0.06666666666666667,314.03547342857,434.2074578868623,0.7232383224297256,17
11114,2025-11-10 03:00:00,105904.9609375,0.6666666666666666,261.61726666939205,438.9446189747196,0.5960142928291815,6
11117,2025-11-10 06:00:00,106085.9609375,0.5,262.71140652682635,437.9011570441906,0.599933118012554,7
11122,2025-11-10 11:00:00,106005.2890625,0.5,283.6698900165602,435.99363577835504,0.6506285109188353,8
11124,2025-11-10 13:00:00,105925.8203125,0.8,270.3552235806028,435.4828400211924,0.6208171682894468,7
11125,2025-11-10 14:00:00,106535.1328125,0.3333333333333333,279.4299139463504,438.8181908692967,0.6367783281563626,10
11131,2025-11-10 20:00:00,105806.75,0.9,190.87105004076946,431.6037313542647,0.4422367930922742,4
11132,2025-11-10 21:00:00,105895.2890625,0.9333333333333333,172.45658193741787,424.3568868498648,0.4063951529516053,4
11133,2025-11-10 22:00:00,105504.109375,0.6666666666666666,228.90065275156311,426.56278787753445,0.5366165527248948,4
11135,2025-11-11 00:00:00,105996.859375,0.6333333333333333,282.1175151902411,423.62964146524996,0.6659531996261007,9
11144,2025-11-11 09:00:00,105133.015625,0.8666666666666667,299.54496811990947,435.3148937176254,0.6881110029610301,6
11148,2025-11-11 13:00:00,104469.0625,0.36666666666666664,393.43618514227995,432.97888888517883,0.9086729058668143,11
11149,2025-11-11 14:00:00,104389.6875,0.7333333333333333,308.47834065825987,432.55500792165157,0.7131540151169268,8
11150,2025-11-11 15:00:00,104515.828125,0.3333333333333333,426.91482720161395,430.45610398843934,0.9917731988139713,11
11151,2025-11-11 16:00:00,103478.7421875,0.13333333333333333,333.18615110594146,437.1267684038125,0.7622185946712559,8
11152,2025-11-11 17:00:00,103389.1171875,0.2,292.6027640081718,432.7355117721979,0.6761699838542595,7
11156,2025-11-11 21:00:00,102809.6015625,0.9,227.09840185111764,412.2839793795834,0.5508300424209104,6
11160,2025-11-12 01:00:00,102940.546875,0.26666666666666666,464.05989111920985,404.0835760514705,1.148425520417835,10
11165,2025-11-12 06:00:00,103345.4921875,0.43333333333333335,224.84320947053615,397.0834024329474,0.5662367353883642,6
11171,2025-11-12 12:00:00,105011.9765625,0.4666666666666667,327.5362288778947,412.55770869669004,0.7939161527550013,7
11173,2025-11-12 14:00:00,105016.4453125,0.5,260.26812770464693,412.24008959894036,0.6313508420732594,8
11174,2025-11-12 15:00:00,103953.8203125,0.4,427.3958826411286,419.6897134122716,1.018361587102534,10
11181,2025-11-12 22:00:00,101850.125,0.5333333333333333,267.2098317635052,466.332160243356,0.5730032250489896,5
11187,2025-11-13 04:00:00,102291.65625,0.2,237.111708025687,463.743985242995,0.5112987242334668,7
11191,2025-11-13 08:00:00,103443.328125,0.23333333333333334,411.32551340444536,475.885469443409,0.8643371983715487,11
11198,2025-11-13 15:00:00,102881.2265625,0.4666666666666667,476.10180809558847,492.37006565470205,0.9669592879545149,12
11199,2025-11-13 16:00:00,101301.1953125,0.36666666666666664,425.8307177622994,517.1635371979878,0.8233966378787392,5
11201,2025-11-13 18:00:00,99718.5859375,0.7,444.22319549360634,521.7552957055201,0.8514014120219432,5
11203,2025-11-13 20:00:00,98650.9921875,0.7,451.6325677460771,524.5284545538152,0.8610258677582205,3
11207,2025-11-14 00:00:00,99694.703125,0.5666666666666667,417.696030583059,532.1878040410443,0.7848658451234345,4
11213,2025-11-14 06:00:00,97466.3203125,0.8333333333333334,686.3551090572308,527.242384746918,1.3017828780717025,6
11220,2025-11-14 13:00:00,95309.578125,0.5333333333333333,577.5315752406234,530.7320636563111,1.0881791675858095,12
11226,2025-11-14 19:00:00,95129.7421875,0.2,366.61867995290515,538.9822589813957,0.6802054684429972,7
11228,2025-11-14 21:00:00,94260.015625,0.6666666666666666,500.6386713263675,550.0965353676278,0.9100923913141759,8
11231,2025-11-15 00:00:00,94420.46875,0.13333333333333333,369.1411117699612,557.466414719616,0.6621764146197486,8
11244,2025-11-15 13:00:00,95719.859375,0.4,437.08801999331865,560.5679851288891,0.779723479736041,4
11251,2025-11-15 20:00:00,95983.578125,0.7666666666666667,356.509780544177,550.9800942192791,0.6470465708009647,3
11259,2025-11-16 04:00:00,95667.8828125,0.6666666666666666,357.5775852954864,558.74052151904,0.6399707404849486,3
11260,2025-11-16 05:00:00,95742.78125,0.8,351.2993447585993,557.9502815739726,0.6296248184830862,3
11261,2025-11-16 06:00:00,95851.6328125,0.23333333333333334,398.5663622966932,558.253710657077,0.7139520162393042,3
11264,2025-11-16 09:00:00,96028.09375,0.16666666666666666,348.9244896718057,558.6863248303112,0.6245445327085533,3
11266,2025-11-16 11:00:00,96376.3671875,0.3,397.29293153491255,560.6842203315849,0.7085858976019624,3
11269,2025-11-16 14:00:00,95365.7578125,0.4,485.9357115106562,550.8724536228665,0.882120186469395,4
11270,2025-11-16 15:00:00,95503.1171875,0.13333333333333333,420.06251493362925,550.8919551864162,0.7625134311345759,4
11272,2025-11-16 17:00:00,94121.1015625,0.9333333333333333,405.5522812749178,560.270571233548,0.7238507644297881,3
11276,2025-11-16 21:00:00,94173.046875,0.16666666666666666,254.3323516126812,519.1915991639834,0.48986222431606014,2
11278,2025-11-16 23:00:00,94327.28125,0.5666666666666667,367.9505196988152,531.7018484883828,0.6920241498969597,3
11280,2025-11-17 01:00:00,95293.7890625,0.6,430.38150568937453,542.4563963745072,0.7933937337006584,3
11291,2025-11-21 16:00:00,82816.7109375,0.8666666666666667,946.9209741450288,1371.3447013076477,0.6905054383789072,4
11295,2025-11-21 20:00:00,84153.5390625,0.9333333333333333,254.21317838865176,1383.3993819868108,0.18375978889303524,3
11299,2025-11-22 00:00:00,85098.5625,0.0,253.5437475520606,1379.2303761236421,0.1838298749369565,3
11301,2025-11-22 02:00:00,85016.9296875,0.8,469.56516477950737,1375.6346556834994,0.3413443844551871,7
11305,2025-11-22 06:00:00,84237.21875,0.06666666666666667,506.2011434370571,1368.7914024903403,0.36981613306168426,6
11306,2025-11-22 07:00:00,84592.625,0.5,613.9600385964276,1369.7218359734784,0.4482370233661921,7
11307,2025-11-22 08:00:00,84518.515625,0.7666666666666667,417.3078087473922,1367.9171877460228,0.3050680351747086,5
11310,2025-11-22 11:00:00,83703.1484375,0.8,481.68658322709354,1365.8521085042603,0.35266379151003896,5
11312,2025-11-22 13:00:00,83850.5078125,0.7333333333333333,499.14765961341317,1362.016682760888,0.3664769058493553,7
11323,2025-11-23 00:00:00,84648.609375,0.8666666666666667,379.5949652848546,1356.0142473876456,0.279934348784419,4
11332,2025-11-23 09:00:00,86129.15625,0.0,308.60625000000005,1343.7625126034495,0.2296583266057156,2
11333,2025-11-23 10:00:00,86353.421875,0.0,261.46815999545004,1341.9543913313685,0.19484131628053653,2
11336,2025-11-23 13:00:00,86491.4765625,0.26666666666666666,594.0010635278544,1342.3088402222838,0.4425219038485129,3
11345,2025-11-23 22:00:00,87973.9453125,0.0,254.57578125,1345.521555431709,0.18920230614092218,2
11347,2025-11-24 00:00:00,86798.7734375,0.3333333333333333,401.40094945356344,1349.6468463042263,0.2974118381802842,2
11350,2025-11-24 03:00:00,87414.140625,0.0,361.21142026933313,1350.9949609355263,0.267366963396521,2
11354,2025-11-24 07:00:00,86920.609375,0.8,475.48856105576135,1352.1366529036943,0.35165717905409666,3
11361,2025-11-24 14:00:00,86084.2734375,0.8,394.5409982401465,1354.4855900226453,0.29128475130809645,3
11363,2025-11-24 16:00:00,86539.2578125,0.0,352.21562500000005,1356.394241248422,0.2596705399425919,2
11365,2025-11-24 18:00:00,88394.140625,0.23333333333333334,536.5316125944539,1363.6047209983421,0.39346564611600976,3
11366,2025-11-24 19:00:00,88674.8671875,0.13333333333333333,407.6813739639544,1362.1155100922565,0.29930014814701145,3
11378,2025-11-25 07:00:00,87993.71875,0.9,436.7081317079001,1358.7661171986217,0.32140051638045297,3
11381,2025-11-25 10:00:00,87217.9609375,0.43333333333333335,383.38584742596333,1354.137021168897,0.28312190083616723,2
11391,2025-11-25 20:00:00,86819.25,0.4666666666666667,393.96144478929506,426.9410982259017,0.9227536220484528,2
11393,2025-11-25 22:00:00,87000.9296875,0.7,349.0061008180274,430.51743525327987,0.8106665891770489,2
11397,2025-11-26 02:00:00,87894.0234375,0.4666666666666667,340.3661002835362,422.30037335766536,0.805981054615987,2
11398,2025-11-26 03:00:00,87663.3984375,0.23333333333333334,334.67189633005626,416.324089937597,0.8038734832284635,3
11400,2025-11-26 05:00:00,87211.8671875,0.16666666666666666,369.2175350164016,417.8531019595685,0.8836060646311227,3
11410,2025-11-26 15:00:00,86955.6640625,0.2,445.7293221794059,418.55956298035323,1.0649125276354707,3
11411,2025-11-26 16:00:00,86897.2265625,0.2,322.1982617959173,417.4562085529671,0.7718133188454822,3
11412,2025-11-26 17:00:00,87812.828125,0.0,312.1565037174627,426.73043904730866,0.7315074697140508,3
11413,2025-11-26 18:00:00,89942.109375,0.23333333333333334,448.48701132986804,472.4255879542444,0.9493283657050877,5
11415,2025-11-26 20:00:00,89989.7578125,0.6666666666666666,465.84502996499606,469.66578307227365,0.9918649532391214,7
11420,2025-11-27 01:00:00,90478.5390625,0.6666666666666666,435.89395817465305,469.57153814427096,0.928280193252959,6
11429,2025-11-27 10:00:00,91553.3984375,0.0,312.3461064227992,455.15888413289764,0.6862353286102181,3
11439,2025-11-27 20:00:00,91537.890625,0.36666666666666664,282.6950729646639,450.2122888759386,0.6279150524088957,2
11440,2025-11-27 21:00:00,91456.75,0.3,271.9436462602739,450.37402611709194,0.6038173395673838,2
11447,2025-11-28 04:00:00,91204.703125,0.1,181.55390625000004,431.47268985834626,0.4207772832843829,2
11451,2025-11-28 08:00:00,90895.9609375,1.0,281.0383840215728,428.023715749721,0.6565953560057052,2
11459,2025-11-28 16:00:00,92350.546875,0.2,276.6835207838613,417.7234017206649,0.6623605947001309,4
11463,2025-11-28 20:00:00,91164.7421875,0.5666666666666667,269.7954706632362,433.83530848682256,0.6218845386380787,3
11465,2025-11-28 22:00:00,91001.5859375,0.26666666666666666,252.93994959823186,417.2430011725215,0.606217357480962,3
11477,2025-12-01 17:00:00,84513.078125,0.6333333333333333,483.9031152907905,608.733421497659,0.7949343640443626,3
11482,2025-12-01 22:00:00,86425.0703125,0.8333333333333334,334.35521024692093,616.3492709876087,0.5424768487373499,6
11483,2025-12-01 23:00:00,86648.2578125,0.8666666666666667,337.2739822168375,616.5998608231305,0.5469900394829693,8
11484,2025-12-02 00:00:00,86322.5390625,0.9333333333333333,339.5993934121697,615.4197574425594,0.5518175022904858,7
11489,2025-12-02 05:00:00,86970.6328125,0.5666666666666667,310.81588317585795,610.0467923975104,0.5094951519281627,6
11492,2025-12-02 08:00:00,87032.6953125,0.23333333333333334,318.5937117515925,604.6408560091929,0.5269139665063397,6
11501,2025-12-02 17:00:00,90902.4296875,0.6666666666666666,385.8672933939405,643.5811443798195,0.5995627696112471,8
11502,2025-12-02 18:00:00,91497.4296875,0.8333333333333334,462.6235601294435,645.9929061757965,0.7161434060756512,13
11508,2025-12-03 00:00:00,91345.09375,0.16666666666666666,293.52245588280994,652.5827925779865,0.44978577311741286,4
11513,2025-12-03 05:00:00,93418.109375,0.0,312.96024660381164,620.5082451658064,0.5043611411161593,9
11516,2025-12-03 08:00:00,93009.0,0.4,417.3406289925655,622.2684991210602,0.6706761302911033,11
11517,2025-12-03 09:00:00,92728.46875,0.4666666666666667,386.5767645289319,622.632160388063,0.6208750352503367,10
11519,2025-12-03 11:00:00,92928.59375,0.6,310.1003353469863,624.6911791935713,0.4964058172668649,9
11521,2025-12-03 13:00:00,92976.1953125,0.43333333333333335,411.03463757730077,621.500777361484,0.6613582034801389,10
11525,2025-12-03 17:00:00,92271.6875,0.0,210.37075487924537,622.5914231676254,0.33789536291540834,3
11531,2025-12-03 23:00:00,93818.34375,0.1,367.76878392282487,632.5186109323582,0.5814355144123249,13
11540,2025-12-04 08:00:00,93395.09375,0.16666666666666666,331.7814503020011,639.7105202999775,0.5186431046130363,10
11543,2025-12-04 11:00:00,93264.0234375,0.8666666666666667,219.0731030638315,640.7032185879258,0.34192602238936215,8
11545,2025-12-04 13:00:00,93040.796875,0.36666666666666664,363.35920527662205,640.3536720933623,0.5674351863850091,9
11550,2025-12-04 18:00:00,92425.2890625,0.0,278.20117679666697,653.8992697916399,0.42544959086024625,4
11551,2025-12-04 19:00:00,92071.109375,0.0,212.42090545475688,651.3068400628665,0.3261456695806438,2
11553,2025-12-04 21:00:00,92529.390625,0.36666666666666664,340.9140301342595,652.6236590738107,0.5223746111473759,9
11554,2025-12-04 22:00:00,92172.4453125,0.9,249.58597698379472,652.6641639866277,0.38241103274196075,7
11555,2025-12-04 23:00:00,92419.203125,0.9,280.2861907702634,653.0983892408732,0.42916380653771496,9
11557,2025-12-05 01:00:00,92292.671875,0.3333333333333333,444.8455859279183,650.2971901381432,0.6840650592899216,9
11568,2025-12-05 12:00:00,91395.03125,0.6,257.9433035081683,479.7565333160361,0.5376545926853487,3
11569,2025-12-05 13:00:00,91262.7890625,0.3333333333333333,222.1264033849707,479.76088570186727,0.46299398305472605,4
11573,2025-12-05 17:00:00,88878.6875,0.5666666666666667,580.9454942057437,498.07053546977426,1.1663920124441867,8
11577,2025-12-05 21:00:00,89336.2421875,0.3333333333333333,237.95984610836666,481.37719709837734,0.49433136331078775,2
11580,2025-12-06 00:00:00,89389.359375,0.5,294.2434100801756,479.49857827303964,0.6136481387284225,3
11581,2025-12-06 01:00:00,89448.2578125,0.0,248.62339526617143,470.48784324398196,0.5284374481430378,3
11582,2025-12-06 02:00:00,89320.0,0.3333333333333333,235.82747722135093,470.3467063199057,0.5013907274200261,2
11583,2025-12-06 03:00:00,89343.7890625,0.26666666666666666,223.08792977877005,468.99582355850623,0.47567146352411027,2
11585,2025-12-06 05:00:00,89711.7265625,0.16666666666666666,276.34756176144026,469.86581403791854,0.5881414512508858,4
11590,2025-12-06 10:00:00,89629.75,0.9333333333333333,207.819924533366,470.5222604700775,0.4416792615204698,4
11594,2025-12-06 14:00:00,89691.0546875,0.9,240.0051636916023,461.9881989310172,0.5195049662457702,3
11595,2025-12-06 15:00:00,90050.109375,0.36666666666666664,328.0348719804695,463.1522213485438,0.7082657857611956,6
11596,2025-12-06 16:00:00,89885.171875,0.9333333333333333,247.9437684470825,463.23112688221516,0.5352485056776564,4
11597,2025-12-06 17:00:00,89733.109375,0.9333333333333333,239.34968277621294,460.0366476035233,0.5202839469921827,3
11605,2025-12-07 01:00:00,89499.3984375,0.1,254.80477876305702,382.988644481388,0.6653063542082113,4
11610,2025-12-07 06:00:00,89535.3203125,0.9,233.50415221612838,365.0447617729854,0.6396589587589817,4
11612,2025-12-07 08:00:00,89367.4921875,0.9,212.07774090265636,359.5525261246367,0.5898379944329494,4
11616,2025-12-07 12:00:00,89199.75,0.9,199.15572584317516,356.1166888605534,0.5592428888418641,3
11618,2025-12-07 14:00:00,89086.1953125,0.7,307.3299431326581,355.47402663966744,0.8645637095848597,4
11621,2025-12-07 17:00:00,89675.546875,0.5333333333333333,318.56397225094435,387.8555788987471,0.8213468867856818,5
11622,2025-12-07 18:00:00,90995.703125,0.23333333333333334,309.6115674057431,408.214303557297,0.7584535003004518,9
11623,2025-12-07 19:00:00,91386.5234375,0.4666666666666667,303.842384120151,409.40714979899104,0.7421521198868418,8
11624,2025-12-07 20:00:00,91367.9921875,0.9333333333333333,199.69649870181394,409.2577688806863,0.4879479728582326,8
11627,2025-12-07 23:00:00,89670.59375,0.8333333333333334,361.7074252059394,420.6246779971612,0.8599291580518739,6
11628,2025-12-08 00:00:00,90424.5859375,0.3333333333333333,398.55862671681416,427.8692397690735,0.9314963303553239,9
11629,2025-12-08 01:00:00,90422.671875,0.5333333333333333,426.77363068836036,420.3508605250819,1.0152795456520667,8
11630,2025-12-08 02:00:00,90906.8671875,0.7333333333333333,347.278724187877,423.1855185799738,0.8206299812743902,11
11631,2025-12-08 03:00:00,91429.0625,0.4,340.9914169445475,425.3796456405735,0.8016166745144873,12
11633,2025-12-08 05:00:00,91271.1640625,0.3,269.13877650953674,425.02917483907237,0.6332242406922772,10
11637,2025-12-08 09:00:00,91830.4765625,0.23333333333333334,188.32785727114515,415.06590235483947,0.45373001299958343,10
11640,2025-12-08 12:00:00,92000.78125,0.6333333333333333,207.27631776183992,414.5223254597153,0.5000365602310212,12
11643,2025-12-08 15:00:00,90846.3125,0.7,456.69442190475127,417.61209743771286,1.0935852306646063,12
11645,2025-12-08 17:00:00,89968.3125,0.9333333333333333,398.4402573420385,422.05010069266865,0.9440591453197578,7
11646,2025-12-08 18:00:00,90282.9609375,0.3333333333333333,335.6099872940406,418.8146058216248,0.8013330543609993,7
11650,2025-12-08 22:00:00,91379.140625,0.23333333333333334,260.0944566831407,414.39391968131804,0.6276502726757225,12
11651,2025-12-08 23:00:00,90793.1796875,0.9666666666666667,247.10977506062937,418.4083437114159,0.5905947593412851,9
11656,2025-12-09 04:00:00,90435.75,0.3,261.6045846296907,415.11106302112324,0.6302038368377061,8
11658,2025-12-09 06:00:00,89924.875,0.5666666666666667,212.98094543030663,417.2012452755654,0.510499304213799,4
11661,2025-12-09 09:00:00,90487.265625,0.6,278.3982612258379,417.5321098070522,0.6667709014151987,10
11664,2025-12-09 12:00:00,90375.5078125,0.5666666666666667,238.3192288985648,417.3100520126224,0.5710843238718735,12
11668,2025-12-09 16:00:00,92724.46875,0.1,647.526373489467,477.2547537167215,1.3567730199578307,11
11669,2025-12-09 17:00:00,94288.1015625,0.06666666666666667,327.23077302462,496.47313947647257,0.6591107292726502,6
11670,2025-12-09 18:00:00,93842.578125,0.16666666666666666,457.25358272397744,497.6588217709865,0.9188093583808652,10
11671,2025-12-09 19:00:00,93986.015625,0.16666666666666666,305.46177703893557,497.772933558473,0.6136568632915699,5
11672,2025-12-09 20:00:00,93815.1640625,0.8,240.02849025232922,475.3637769576088,0.5049364337109221,5
11675,2025-12-09 23:00:00,92921.28125,0.7333333333333333,278.2141066947433,475.01005495913347,0.5857015105052437,3
11677,2025-12-10 01:00:00,92166.734375,0.7666666666666667,235.88446624296202,476.80805747960125,0.49471577198137767,10
11684,2025-12-10 08:00:00,92733.6328125,0.6333333333333333,259.6308401019666,475.69086087008674,0.5457974105852602,3
11685,2025-12-10 09:00:00,92650.9453125,0.8,247.92510729679037,475.6907105791217,0.5211897179891491,3
11687,2025-12-10 11:00:00,92388.03125,1.0,175.9004488528377,479.830562110151,0.36658867263327344,3
11694,2025-12-10 18:00:00,92395.203125,0.43333333333333335,194.37848883329517,479.7197362405866,0.40519176958733977,6
11696,2025-12-10 20:00:00,92979.0546875,0.43333333333333335,254.4276641609926,482.51867537873227,0.5272908120318671,4
11697,2025-12-10 21:00:00,92528.1640625,0.9333333333333333,389.7669019057166,484.91272198982585,0.8037877420627757,13
11699,2025-12-10 23:00:00,92578.71875,0.7333333333333333,217.25684370301536,484.20744200869296,0.4486854700162063,4
11700,2025-12-11 00:00:00,92055.515625,0.6666666666666666,297.28660698326667,487.24872415580614,0.6101331665841452,10
11701,2025-12-11 01:00:00,91422.4609375,0.8666666666666667,220.6183954290899,491.5473413396899,0.4488243082096721,13
11707,2025-12-11 07:00:00,90317.0703125,0.6333333333333333,266.5093651564709,503.6572485440942,0.5291482767831912,17
11708,2025-12-11 08:00:00,90258.65625,0.7333333333333333,257.1427737674208,503.408973118699,0.5108029206837141,16
11711,2025-12-11 11:00:00,90353.875,0.4666666666666667,228.39661711121084,502.26367898728523,0.4547344884100064,15
11713,2025-12-11 13:00:00,90130.203125,0.5,215.32651431991613,502.21202763386543,0.42875618756964257,14
11715,2025-12-11 15:00:00,89595.6015625,0.9,291.2601933779864,504.5244286446796,0.5772965129962253,16
11718,2025-12-11 18:00:00,89994.71875,0.7333333333333333,232.71966027939766,496.1207620801007,0.4690786559781671,12
11719,2025-12-11 19:00:00,90654.0859375,0.43333333333333335,231.86679193333552,484.0576187447121,0.47900659540206536,13
11721,2025-12-11 21:00:00,91813.8203125,0.2,345.5803951444472,475.8861571719191,0.7261829114722547,8
11730,2025-12-12 06:00:00,92455.7890625,0.7666666666666667,277.3802695630514,463.4739695807248,0.5984807945395068,8
11732,2025-12-12 08:00:00,92448.7109375,0.8,212.30982662392026,462.3425789547472,0.4592045731628377,6
11733,2025-12-12 09:00:00,92301.8671875,0.36666666666666664,252.50930435613188,462.564056215347,0.5458904576852293,5
11737,2025-12-12 13:00:00,92402.03125,0.13333333333333333,268.18255704412155,462.21751731010687,0.5802085533339812,9
11738,2025-12-12 14:00:00,92323.40625,0.8333333333333334,260.56196841693566,461.8927531713136,0.5641178966934227,9
11739,2025-12-12 15:00:00,92588.9921875,0.4666666666666667,359.7682534250144,462.3948384225766,0.7780542158565942,11
11743,2025-12-12 19:00:00,90354.390625,0.5666666666666667,309.74445940118704,530.1625066475968,0.5842443694477939,17
11750,2025-12-13 02:00:00,90206.3203125,0.5666666666666667,193.82411088620788,514.9175950386463,0.3764177273290899,10
11756,2025-12-13 08:00:00,90350.359375,0.4,139.61405123557176,509.85553005516334,0.2738306108408128,9
11758,2025-12-13 10:00:00,90413.4375,0.43333333333333335,129.3151603856501,509.3579871452564,0.25387873293282154,11
11760,2025-12-13 12:00:00,90355.0390625,0.4666666666666667,125.48226201003796,509.1898974471863,0.24643509747373396,9
11765,2025-12-13 17:00:00,90115.046875,0.0,56.19336996493886,507.2274345931677,0.11078535215669066,7
11766,2025-12-13 18:00:00,90065.71875,0.5333333333333333,150.42000310098157,506.96466142141253,0.2967070775293063,11
11777,2025-12-14 05:00:00,90207.453125,0.7333333333333333,95.43308224713294,396.2943311807906,0.24081364465341318,10
11783,2025-12-14 11:00:00,89864.765625,0.8,124.88645133180198,396.16431332701643,0.31523902363389716,13
11791,2025-12-14 19:00:00,89028.4609375,0.26666666666666666,157.92204943209038,394.5986465492997,0.4002093033341415,10
11795,2025-12-14 23:00:00,88380.984375,0.1,127.82855730388063,389.9105000301735,0.3278407667759358,4
11797,2025-12-15 01:00:00,88491.96875,0.7666666666666667,183.5805309063402,389.8316045138407,0.47092264654961363,15
11803,2025-12-15 07:00:00,89762.5234375,0.5,120.76367010599512,380.1273487777798,0.3176926640355805,14
11804,2025-12-15 08:00:00,89765.875,0.26666666666666666,141.4807513898912,375.50228055375925,0.3767773425536784,16
11805,2025-12-15 09:00:00,89798.7578125,0.5333333333333333,116.34041853438028,375.15560877073534,0.3101124328531047,12
11812,2025-12-15 16:00:00,86956.4140625,0.6,520.8039111289214,414.6164075871737,1.2561102300791647,14
11814,2025-12-15 18:00:00,85712.1484375,0.5666666666666667,592.7785568359047,420.319067816394,1.4103061274746769,11
11815,2025-12-15 19:00:00,86227.8515625,0.6333333333333333,450.5315840091934,423.1306662227428,1.0647575795700572,9
11816,2025-12-15 20:00:00,86203.125,0.8,329.6387469577724,422.9392941216411,0.7793996716298612,8
11817,2025-12-15 21:00:00,85892.359375,0.6333333333333333,308.4297532004683,422.188605000709,0.7305496869105464,5
11820,2025-12-16 00:00:00,86422.1875,0.6666666666666666,247.9893515792646,405.6129281545293,0.6113941010400593,7
11821,2025-12-16 01:00:00,85874.703125,1.0,288.9019616146942,392.2889039848298,0.7364520349162522,9
11824,2025-12-16 04:00:00,85837.78125,0.7666666666666667,242.41091634134423,386.46382125626764,0.6272538411314816,4
11827,2025-12-16 07:00:00,86542.5625,0.1,231.22156494615876,386.9990303843724,0.597473240996254,7
11831,2025-12-16 11:00:00,87051.265625,0.5666666666666667,243.90332429323553,397.9259556978462,0.6129364541337852,10
11832,2025-12-16 12:00:00,87278.96875,0.13333333333333333,206.15856582569074,398.80972510173297,0.5169346504102964,8
11833,2025-12-16 13:00:00,87210.5625,0.3333333333333333,256.5979277940308,397.76509783536125,0.6450991532199216,10
11837,2025-12-16 17:00:00,87626.015625,0.43333333333333335,229.7924890559523,415.3566191361754,0.5532414278935914,13
11839,2025-12-16 19:00:00,87730.515625,0.23333333333333334,224.76612234368855,319.21676255173315,0.7041175424090154,11
11844,2025-12-17 00:00:00,87847.6171875,0.36666666666666664,205.47693760421637,317.0802026041794,0.6480282777563356,9
11848,2025-12-17 04:00:00,87185.2109375,0.7666666666666667,195.5597722613465,318.86246496782377,0.6133044611603323,8
11860,2025-12-17 16:00:00,87302.0546875,0.7666666666666667,405.45004612548456,440.57251847469405,0.9202799292366056,15
11864,2025-12-17 20:00:00,85976.78125,0.6333333333333333,206.68609306158814,449.3911592421415,0.45992469769575794,4
11868,2025-12-18 00:00:00,86144.3671875,0.43333333333333335,217.45621148662724,451.17525505610496,0.4819772561763963,4
11871,2025-12-18 03:00:00,86641.4375,0.8666666666666667,191.36066545287107,454.414064061136,0.4211151911599412,9
11879,2025-12-18 11:00:00,87255.8359375,0.7333333333333333,203.27688309720418,458.5158186273416,0.44333668510228064,13
11884,2025-12-18 16:00:00,88502.203125,0.5666666666666667,369.79432489884135,487.3378367785219,0.7588048720848655,22
11890,2025-12-18 22:00:00,85600.0703125,0.6666666666666666,382.5489228089463,541.3314910870992,0.7066814495508353,7
11892,2025-12-19 00:00:00,85476.1328125,0.5,255.76178383990623,539.9394546038686,0.47368604323895563,6
11894,2025-12-19 02:00:00,85317.0859375,0.36666666666666664,235.49435775574335,540.2535947865914,0.43589595706210393,4
11898,2025-12-19 06:00:00,87048.6875,0.3333333333333333,235.27939576610228,547.3035314455982,0.4298883201879887,10
11900,2025-12-19 08:00:00,87899.90625,0.7,227.73385883913897,549.9230337790908,0.41411951282371956,17
11906,2025-12-19 14:00:00,87945.6484375,0.36666666666666664,310.0513844452768,551.0536169581786,0.5626519360434716,13
11907,2025-12-19 15:00:00,88094.3203125,0.7666666666666667,204.3937113544964,550.968719671723,0.37097153442082487,8
11908,2025-12-19 16:00:00,87873.5234375,0.6333333333333333,260.3736176242394,551.3084992216437,0.47228297403693903,15
11909,2025-12-19 17:00:00,87944.4453125,0.8666666666666667,215.19466410438233,550.8829297507451,0.3906359273135405,9
11911,2025-12-19 19:00:00,87163.515625,0.7666666666666667,238.08181732959076,525.8167400560302,0.4527847806903621,12
11912,2025-12-19 20:00:00,87817.0390625,0.4666666666666667,211.9323060061905,525.8692420082016,0.4030133141023014,8
11932,2025-12-20 16:00:00,88148.1640625,0.16666666666666666,137.84916154442496,505.4875054630751,0.2727053785793219,10
11933,2025-12-20 17:00:00,88114.2265625,0.3,172.57000445062695,500.94679680796526,0.344487689212195,9
11944,2025-12-21 04:00:00,88044.75,0.13333333333333333,109.8663507700826,486.03118955392677,0.22604794328305666,5
11947,2025-12-21 07:00:00,88067.3359375,0.16666666666666666,147.46096450882754,485.24301071115843,0.30389096031020196,5
11949,2025-12-21 09:00:00,88532.265625,0.03333333333333333,135.91709515424336,484.80174872091743,0.28035603318849794,5
11950,2025-12-21 10:00:00,88842.46875,0.3333333333333333,166.79490834064526,485.531337376509,0.3435306755726518,16
11955,2025-12-21 15:00:00,88018.5234375,0.4,237.51438743713524,489.01216372105654,0.4857024120418787,13
11958,2025-12-21 18:00:00,88296.5234375,0.1,110.12540500635191,449.8368070156452,0.24481190353665697,4
11960,2025-12-21 20:00:00,88482.203125,0.43333333333333335,139.16247536420414,392.66065588610985,0.35440901266300495,7
11961,2025-12-21 21:00:00,88216.046875,0.5333333333333333,152.3444222153973,390.41940815783505,0.39020709276268595,7
11965,2025-12-22 01:00:00,88837.7578125,0.5333333333333333,166.48843537729545,385.289986458848,0.4321120227065069,15
11966,2025-12-22 02:00:00,88641.953125,0.5,141.05769358546382,384.58050468633417,0.36678326609538153,8
11967,2025-12-22 03:00:00,88443.0078125,0.2,104.76549605677343,384.8147559050715,0.27224916521293074,5
11969,2025-12-22 05:00:00,88907.1171875,0.3,94.87455000283565,385.8683222032021,0.24587286528504862,9
11970,2025-12-22 06:00:00,88811.2890625,0.4666666666666667,141.46213291967734,382.52532681687876,0.3698111549811122,11
11972,2025-12-22 08:00:00,89093.9765625,0.16666666666666666,121.76202806377556,382.4354269813564,0.3183858488866185,15
11980,2025-12-22 16:00:00,89738.3046875,0.3333333333333333,207.44918271474805,386.5583911051837,0.5366567832653787,13
11989,2025-12-23 01:00:00,88745.96875,0.43333333333333335,260.60828713660084,279.322630300206,0.9330009776025249,19
11990,2025-12-23 02:00:00,88483.4453125,0.5333333333333333,186.87087146765703,280.80761898229275,0.665476500049811,8
11992,2025-12-23 04:00:00,88181.9140625,0.9,174.00297980532793,282.78748098832705,0.6153135888377974,7
11993,2025-12-23 05:00:00,87902.828125,0.9,139.35291208066033,283.3517790897721,0.4918017897339909,8
11998,2025-12-23 10:00:00,87485.78125,0.3333333333333333,150.67476797823562,261.4972893520593,0.5762001141640096,8
12000,2025-12-23 12:00:00,87819.015625,0.13333333333333333,186.08761008200094,254.93317508129954,0.7299466223752817,8
12002,2025-12-23 14:00:00,87605.765625,0.16666666666666666,170.03929451755138,254.36935080831705,0.6684739886201402,10
12004,2025-12-23 16:00:00,87426.453125,0.6333333333333333,238.73471035716884,281.27474807781016,0.84875984064921,12
12005,2025-12-23 17:00:00,87986.765625,0.3333333333333333,267.06712226390783,286.87105969381,0.930965718706377,13
12014,2025-12-24 02:00:00,87600.0,0.6,143.90384770665165,281.58394058366065,0.511051331295283,7
12015,2025-12-24 03:00:00,87113.875,0.6333333333333333,236.41036475822656,285.3319780989276,0.8285449332856081,6
12023,2025-12-24 11:00:00,87036.765625,0.43333333333333335,146.12737299140704,288.2992116321499,0.5068601199570938,8
12024,2025-12-24 12:00:00,87156.0859375,0.5,163.5124356757584,288.5674180103846,0.5666351274275675,9
12027,2025-12-24 15:00:00,86882.3984375,0.6666666666666666,293.22209378970337,291.61501416778697,1.0055109632352186,11
12028,2025-12-24 16:00:00,86914.6015625,0.7666666666666667,153.07947731506746,291.63341607785253,0.5249037623116631,10
12034,2025-12-24 22:00:00,87607.796875,0.5666666666666667,119.64721516185807,293.41320270171593,0.40777720313932675,5
12035,2025-12-24 23:00:00,87941.3515625,0.26666666666666666,107.42211306665538,295.17132663600165,0.3639313963551948,4
12036,2025-12-25 00:00:00,87608.3203125,0.7,182.51011073906622,296.9508780006432,0.6146138107686313,9
12038,2025-12-25 02:00:00,87631.765625,0.13333333333333333,147.21073326195244,297.160305098648,0.49539164799646795,7
12041,2025-12-25 05:00:00,87744.0078125,0.26666666666666666,157.04868789843178,296.561177687597,0.5295659031401263,7
12042,2025-12-25 06:00:00,87702.3671875,0.2,165.29824612269036,296.40238933936007,0.5576818948427416,6
12047,2025-12-25 11:00:00,87361.8828125,0.3,109.2171320591296,297.52902928115674,0.3670805915073329,6
12048,2025-12-25 12:00:00,87458.4921875,0.36666666666666664,156.35996803101852,294.467305937278,0.5309926259328885,8
12051,2025-12-25 15:00:00,87672.6953125,0.23333333333333334,204.92185728544425,292.2453492594683,0.7011980098390055,15
12054,2025-12-25 18:00:00,88114.0546875,0.13333333333333333,150.72853216853647,282.5379997108938,0.5334805665884553,7
12055,2025-12-25 19:00:00,88185.5703125,0.4666666666666667,143.56821716855382,282.6195577569264,0.5079910898878168,11
12056,2025-12-25 20:00:00,88094.2265625,0.23333333333333334,95.91233633439424,281.5122282733571,0.34070397908704836,5
12060,2025-12-26 00:00:00,87235.5078125,0.5333333333333333,192.89172289923275,284.72170530416207,0.6774745981981622,9
12064,2025-12-26 04:00:00,88742.3125,0.4666666666666667,232.11638793402673,333.9663962205605,0.6950291722785509,16
12069,2025-12-26 09:00:00,88666.6328125,0.4666666666666667,154.596501658323,341.71537773430396,0.45241306576061485,19
12074,2025-12-26 14:00:00,88983.1640625,0.3,380.3201329174317,340.49545751132416,1.1169609594711936,20
12078,2025-12-26 18:00:00,87238.2734375,0.4,274.8333957843698,376.2701018166885,0.7304151843514352,10
12085,2025-12-27 01:00:00,87338.203125,0.4666666666666667,156.99804486374128,356.0727896102445,0.44091559210573367,11
12086,2025-12-27 02:00:00,87404.7734375,0.16666666666666666,143.87241178183228,354.1262132692576,0.40627439141998734,8
12093,2025-12-27 09:00:00,87530.71875,0.2,122.28292839403,349.4283187258367,0.3499513972992379,7
12094,2025-12-27 10:00:00,87565.796875,0.13333333333333333,128.45723202817624,347.27602641932026,0.3698995100602478,7
12097,2025-12-27 13:00:00,87426.546875,0.16666666666666666,183.93578230160915,346.8018948843963,0.5303770971693298,12
12099,2025-12-27 15:00:00,87485.0625,0.23333333333333334,174.0835986068991,345.74437085340014,0.5035037828011745,10
12102,2025-12-27 18:00:00,87501.921875,0.16666666666666666,105.40448602969639,331.8874962998281,0.3175910126318036,4
12104,2025-12-27 20:00:00,87512.390625,0.03333333333333333,29.00619141881609,318.0360203597408,0.09120410759135475,3
12106,2025-12-27 22:00:00,87605.6640625,0.06666666666666667,90.39979619816225,307.01857062536135,0.29444406575806903,4
12117,2025-12-28 09:00:00,87760.6171875,0.5666666666666667,126.87108961271123,299.0496396485967,0.4242475923455157,7
12124,2025-12-28 16:00:00,87780.0625,0.9,79.9901236244511,296.35999760952717,0.2699086390527074,4
12125,2025-12-28 17:00:00,87750.1171875,0.8666666666666667,77.13572070824053,295.98524606584266,0.26060664081574353,4
12131,2025-12-28 23:00:00,87843.0078125,0.3,77.86183204143218,294.37744265235074,0.2644965977688183,4
12132,2025-12-29 00:00:00,87835.7890625,0.2,91.42022309953641,294.37904375475,0.3105527551604505,4
12133,2025-12-29 01:00:00,88226.78125,0.23333333333333334,102.35992649437637,296.72554848646547,0.3449649921164281,15
12134,2025-12-29 02:00:00,88314.171875,0.26666666666666666,82.76638505559754,294.99877728063973,0.2805651800273728,10
12137,2025-12-29 05:00:00,90100.4140625,0.3,234.7773303262844,316.2473060731509,0.7423852340167547,8
12142,2025-12-29 10:00:00,87940.6015625,0.6666666666666666,457.7155489742362,352.66702292230536,1.29786886559868,17
12143,2025-12-29 11:00:00,87678.9453125,0.8,304.1433054234472,353.6460573467796,0.8600217621688602,16
12148,2025-12-29 16:00:00,87636.625,0.8666666666666667,134.80258778428492,355.15515011588536,0.37955971563498236,6
12150,2025-12-29 18:00:00,87697.2265625,0.13333333333333333,126.49977709978825,355.49040381106545,0.35584582802696363,5
12155,2025-12-29 23:00:00,87260.8046875,0.23333333333333334,155.15553546449965,351.48570513001795,0.44142772579358847,7
12164,2025-12-30 08:00:00,87378.296875,0.7333333333333333,116.56602156470319,300.5362620900413,0.387860089674569,7
12167,2025-12-30 11:00:00,87844.3203125,0.5333333333333333,126.25096907180162,293.2284632570056,0.4305549593292605,9
12169,2025-12-30 13:00:00,87888.2265625,0.43333333333333335,257.5707276276392,291.9333360479166,0.8822929615183197,18
12171,2025-12-30 15:00:00,88834.1796875,0.4,257.10920158454513,303.2451021356742,0.8478593710955058,16
12177,2025-12-30 21:00:00,87831.0859375,0.9333333333333333,118.14458813926781,253.79542672075493,0.4655110994937647,9
12178,2025-12-30 22:00:00,88172.453125,0.3333333333333333,129.33778890688876,255.93466524322133,0.505354711461129,14
12180,2025-12-31 00:00:00,88429.5859375,0.6333333333333333,205.66781679545952,255.27073721441886,0.8056850504674394,15
12183,2025-12-31 03:00:00,88585.5859375,0.3333333333333333,115.27280818477264,258.9476150335298,0.4451587946459617,13
12186,2025-12-31 06:00:00,88354.6484375,0.5,138.8828580950049,260.6931204974819,0.5327446226044404,18
12190,2025-12-31 10:00:00,88585.390625,0.2,145.53853237985055,262.5675900004694,0.5542897826026066,12
12193,2025-12-31 13:00:00,88668.21875,0.5,160.92185043164062,263.92986400574586,0.6097144445470456,17
12194,2025-12-31 14:00:00,88856.4609375,0.4,206.52806328554763,264.2343355066554,0.7816094864792684,15
12195,2025-12-31 15:00:00,88323.921875,0.8666666666666667,187.93609264053617,269.7864979159488,0.696610446009374,17
12198,2025-12-31 18:00:00,87490.890625,0.6,172.0028357987159,275.41278919268996,0.6245274095763785,10
12199,2025-12-31 19:00:00,87575.078125,0.6666666666666666,142.23959841599648,275.52416082382456,0.5162509087794562,6
12200,2025-12-31 20:00:00,87455.484375,0.5666666666666667,163.4081971663715,275.7042003695776,0.5926938978344367,7
12201,2025-12-31 21:00:00,87534.90625,0.4,89.19430593003521,275.76857682941704,0.32343897537393607,5
12208,2026-01-01 04:00:00,87710.953125,0.5666666666666667,107.75021468650316,275.8526172671336,0.3906079114056716,9
12209,2026-01-01 05:00:00,87441.4609375,0.5666666666666667,112.36098191252894,277.0909314298858,0.4055021986201681,7
12213,2026-01-01 09:00:00,87598.375,0.6333333333333333,104.42061769000902,277.4815788756771,0.37631549493522837,12
12219,2026-01-01 15:00:00,87840.1640625,0.5666666666666667,135.4198202908028,277.95971177554867,0.48719226043864133,12
12224,2026-01-01 20:00:00,88222.2578125,0.2,89.22448691177854,280.62401845360813,0.31795028595005614,13
12225,2026-01-01 21:00:00,88146.328125,0.43333333333333335,70.65096356850026,280.6738123846374,0.2517191146842003,13
12227,2026-01-01 23:00:00,88562.9765625,0.16666666666666666,165.71742882007084,281.82694650056453,0.5880112986986462,12
12228,2026-01-02 00:00:00,88733.0625,0.2,174.202715684541,282.2689079279311,0.6171516266645225,11
12230,2026-01-02 02:00:00,88534.2890625,0.23333333333333334,117.11981032443597,280.7677741352498,0.41714121460398695,13
12231,2026-01-02 03:00:00,88498.0546875,0.26666666666666666,94.55882396750569,280.79758846396237,0.3367508406491938,10
12234,2026-01-02 06:00:00,88652.2890625,0.3333333333333333,137.5563719523054,269.3311230965508,0.5107332950265598,10
12237,2026-01-02 09:00:00,89049.5703125,0.1,143.28631717760487,254.0967766759791,0.5639045054094556,10
12238,2026-01-02 10:00:00,89344.4140625,0.26666666666666666,121.48462659210506,254.6674933955526,0.4770323254543275,9
12239,2026-01-02 11:00:00,89544.265625,0.26666666666666666,171.46211190826162,255.00841796110365,0.672378242566152,12
12243,2026-01-02 15:00:00,89565.3359375,0.3333333333333333,205.18973996705967,203.7520604719784,1.0070560243255993,17
12245,2026-01-02 17:00:00,90346.578125,0.26666666666666666,250.12453398487898,226.91532515756236,1.1022813633728834,13
12249,2026-01-02 21:00:00,89695.359375,0.6,192.4175700569341,231.75058808896844,0.830278670028943,15
12263,2026-01-03 11:00:00,89766.546875,0.4666666666666667,125.21502120095661,232.61852587788664,0.5382848194416312,11
12266,2026-01-03 14:00:00,89956.140625,0.36666666666666664,197.09128695714264,230.26218616399905,0.8559429155109681,13
12268,2026-01-03 16:00:00,89927.828125,0.6,154.27241777070805,230.37018022134328,0.6696718196013073,13
12271,2026-01-03 19:00:00,90090.171875,0.13333333333333333,82.9231955645932,215.19276079010183,0.3853437971618207,7
12272,2026-01-03 20:00:00,90056.625,0.06666666666666667,58.025561290478585,213.29057526429318,0.2720493449772818,5
12275,2026-01-03 23:00:00,90526.171875,0.6666666666666666,115.66013451855885,211.57033906059993,0.5466746190988067,3
12276,2026-01-04 00:00:00,90603.0,0.4666666666666667,157.1623174662809,208.714600786623,0.7530010687989864,6
12279,2026-01-04 03:00:00,91072.4375,0.3,168.92791575571866,218.23832645405852,0.774052470528268,4
12281,2026-01-04 05:00:00,91360.6796875,0.1,141.90722744348562,213.72619456278267,0.6639674080838976,6
12282,2026-01-04 06:00:00,91432.5703125,0.06666666666666667,134.3217600039967,213.77015623754667,0.6283466428060942,4
12285,2026-01-04 09:00:00,91307.09375,0.26666666666666666,159.25126248287597,214.93218395579126,0.7409372554257946,4
12288,2026-01-04 12:00:00,91235.6796875,0.3333333333333333,149.57922082544738,216.77825247060684,0.6900102714211563,4
12291,2026-01-04 15:00:00,91270.609375,0.13333333333333333,141.4987204701654,215.71386438989967,0.6559556144912806,4
12294,2026-01-04 18:00:00,91297.8203125,0.13333333333333333,130.93651347289787,206.4395022721317,0.6342609434326932,3
12295,2026-01-04 19:00:00,91161.8359375,0.7666666666666667,143.91230339711984,202.2661469148426,0.7114997027046217,3
12301,2026-01-05 01:00:00,92355.8359375,0.3333333333333333,364.9058210891826,219.27964358089406,1.6641117028930497,15
12306,2026-01-05 06:00:00,92351.9453125,0.3,197.2911133533468,228.69088752345016,0.862697746682698,4
12313,2026-01-05 13:00:00,92803.3203125,0.5333333333333333,234.76764469588448,230.24325166264734,1.0196504913849387,10
12314,2026-01-05 14:00:00,92666.9140625,0.23333333333333334,229.2952824133128,230.93420139909242,0.9929030911149134,5
12319,2026-01-05 19:00:00,94458.9609375,1.0,140.78730524348384,250.1045672016526,0.5629137717024209,3
12321,2026-01-05 21:00:00,94148.84375,0.7,352.1225857681583,250.59410189631103,1.4051511312658784,4
12326,2026-01-06 02:00:00,93764.15625,0.9333333333333333,90.82575676222392,251.53798207367424,0.36108167845451467,3
12327,2026-01-06 03:00:00,93626.34375,0.1,190.22058911590054,251.96845198956802,0.7549381186966059,6
12333,2026-01-06 09:00:00,93207.3125,0.13333333333333333,157.66864483872655,258.1520755023283,0.6107587728354504,3
12340,2026-01-06 16:00:00,93480.5390625,0.23333333333333334,204.69415797208777,258.3540849373973,0.7923008379050323,3
12341,2026-01-06 17:00:00,92573.4921875,0.23333333333333334,390.9090990911288,275.15981219869195,1.4206620362455207,16
12345,2026-01-06 21:00:00,92462.4140625,0.5666666666666667,243.0921125542526,280.3168974823852,0.8672046342462401,7
12348,2026-01-07 00:00:00,93727.46875,0.5,339.6491947799406,286.86712678329604,1.1839948292036855,6
12354,2026-01-07 06:00:00,92459.9140625,0.6,183.7289068272937,306.1882236145403,0.6000521661427112,10
12357,2026-01-07 09:00:00,92647.359375,0.7333333333333333,195.78926318401264,306.2406114131316,0.6393314795204761,6
12358,2026-01-07 10:00:00,91648.0546875,0.8333333333333334,185.2731758329509,322.53755006619434,0.5744235850831239,12
12359,2026-01-07 11:00:00,91868.5703125,0.23333333333333334,198.02726674928778,321.5553893499886,0.6158418527818551,11
12360,2026-01-07 12:00:00,92074.484375,0.8,155.5540795320752,322.00132035515065,0.48308522263358167,9
12365,2026-01-07 17:00:00,91190.921875,0.36666666666666664,147.9755859099878,328.26670148636964,0.45077854451872296,9
12366,2026-01-07 18:00:00,91186.109375,0.7,171.87648915469154,328.134986386511,0.5237981205461517,11
12369,2026-01-07 21:00:00,90948.8984375,0.6666666666666666,133.6207168823637,334.85073843223864,0.3990456091211624,9
12381,2026-01-08 09:00:00,90082.125,0.6666666666666666,165.1274528712042,344.7441762407079,0.47898547459699115,8
12384,2026-01-08 12:00:00,90068.7265625,0.5666666666666667,184.19916617441433,346.53327109043573,0.5315482856661788,11
12385,2026-01-08 13:00:00,89883.265625,0.13333333333333333,200.07456433204297,346.7634683299632,0.5769770538275438,15
12390,2026-01-08 18:00:00,91254.640625,0.26666666666666666,183.04138305077078,356.8595678959647,0.512922727923419,11
12396,2026-01-09 00:00:00,91025.75,0.4666666666666667,160.68947094860954,359.9339396290244,0.44644156401096396,13
12397,2026-01-09 01:00:00,91205.7734375,0.4,167.43922592467757,360.3815787218756,0.4646164948788871,11
12401,2026-01-09 05:00:00,90939.28125,0.3333333333333333,119.57702170344496,343.0863583992766,0.34853330298922514,8
12405,2026-01-09 09:00:00,89845.1328125,0.8,173.50864945788658,352.62459888781837,0.4920491934060603,13
12407,2026-01-09 11:00:00,90404.4609375,0.5333333333333333,187.9624424691936,355.29601364129803,0.5290305414429949,8
12409,2026-01-09 13:00:00,90348.6640625,0.6,138.12152288900506,354.6956570358255,0.3894085539227629,10
12410,2026-01-09 14:00:00,90550.796875,0.8666666666666667,141.4711966750159,353.1946866956016,0.40054735250573537,8
12411,2026-01-09 15:00:00,90056.421875,0.6,221.35910146168996,356.2697335196879,0.6213244646824801,17
12414,2026-01-09 18:00:00,91343.59375,0.03333333333333333,108.20815449132525,365.25679067711127,0.29625227306720153,6
12419,2026-01-09 23:00:00,90502.359375,0.5,198.573910386237,363.7219090210076,0.545949818972186,10
12429,2026-01-10 09:00:00,90531.078125,0.7,164.61150084258688,362.6496884510574,0.45391325591832843,6
12430,2026-01-10 10:00:00,90616.21875,0.7,157.82238999795933,361.93830433302634,0.43604776866265016,8
12433,2026-01-10 13:00:00,90598.2890625,0.5,136.01210803542503,357.0985632180674,0.38088114051684735,8
12438,2026-01-10 18:00:00,90428.203125,0.8333333333333334,103.11568235374865,355.49979600739675,0.2900583446512109,3
12440,2026-01-10 20:00:00,90507.0390625,0.13333333333333333,74.19520387460899,343.59647406760274,0.21593703508148065,3
12449,2026-01-11 05:00:00,90662.78125,0.5666666666666667,100.8879561341459,293.90574248849623,0.3432663658761099,2
12450,2026-01-11 06:00:00,90644.2890625,0.6,133.34608166822926,289.99869804419825,0.4598161390638595,5
12456,2026-01-11 12:00:00,90593.4609375,0.1,75.54285778387981,288.0151267703503,0.26228781325126066,3
12460,2026-01-11 16:00:00,90747.7578125,0.4,142.7777618236673,272.940777242295,0.5231089442414851,4
12461,2026-01-11 17:00:00,90905.046875,0.8,122.53327573540363,273.3849391560132,0.44820784975823885,6
12462,2026-01-11 18:00:00,90869.96875,0.9,72.09156033000218,273.26703118065774,0.26381360392627173,3
12466,2026-01-11 22:00:00,90646.3125,0.16666666666666666,99.58220706710344,262.2385012679739,0.3797390794471605,3
12467,2026-01-11 23:00:00,90430.3515625,0.5666666666666667,111.88456934100267,259.3049093309501,0.43147879316933685,3
12468,2026-01-12 00:00:00,90825.859375,0.03333333333333333,131.1304705394107,261.7856845181635,0.5009077206829179,5
12469,2026-01-12 01:00:00,91032.3671875,0.26666666666666666,138.13688383731224,262.43407028656026,0.5263679509542191,6
12476,2026-01-12 08:00:00,91301.734375,0.8333333333333334,152.73598947733842,279.75344922950075,0.5459664211397756,10
12477,2026-01-12 09:00:00,90669.2109375,0.3333333333333333,188.81893194936785,285.79629439949736,0.6606766275472742,14
12480,2026-01-12 12:00:00,90566.390625,0.7666666666666667,147.7893444055566,272.0250769636525,0.5432930892077422,4
12482,2026-01-12 14:00:00,90533.3359375,0.5666666666666667,167.2271192339353,268.64953934168426,0.6224731285366025,8
12483,2026-01-12 15:00:00,90803.7421875,0.6666666666666666,221.94121342491934,268.98046915673183,0.8251201811072637,8
12484,2026-01-12 16:00:00,91546.453125,0.36666666666666664,182.97872601477712,278.11483482318124,0.6579250838277312,10
12486,2026-01-12 18:00:00,91416.15625,0.16666666666666666,238.00401455553845,289.4643617654839,0.8222221661551649,13
12490,2026-01-12 22:00:00,90913.7265625,0.23333333333333334,143.9937252111604,281.8347786136349,0.5109153878008799,6
12496,2026-01-13 04:00:00,91291.3125,0.1,131.05594735691838,282.1503044243673,0.46448983148997103,5
12497,2026-01-13 05:00:00,91396.671875,0.23333333333333334,119.63979183608434,281.37634142674483,0.4251949230324045,6
12498,2026-01-13 06:00:00,91803.9453125,0.4666666666666667,173.8360207398407,284.1991491735187,0.611669743718003,10
12499,2026-01-13 07:00:00,92120.84375,0.1,186.81276699151027,285.35795148443634,0.654661158098828,12
12501,2026-01-13 09:00:00,92087.9140625,0.06666666666666667,121.98609038029736,286.9926541265347,0.42504952174320754,8
12504,2026-01-13 12:00:00,91893.6484375,0.16666666666666666,115.64374650840212,272.1643086713944,0.42490415834806616,6
12506,2026-01-13 14:00:00,91966.578125,0.4,132.54085426123962,269.4524863924513,0.49188952024809646,9
12508,2026-01-13 16:00:00,93283.03125,0.0,303.5759829892949,285.08280585962694,1.0648694931772698,13
12509,2026-01-13 17:00:00,93441.21875,0.3,284.29878964453667,284.8479942373192,0.9980719380023966,7
12511,2026-01-13 19:00:00,93557.6484375,0.03333333333333333,237.29316439058198,266.974216833847,0.8888242737622218,9
12512,2026-01-13 20:00:00,94194.6484375,0.06666666666666667,254.25182890904497,269.26785708969976,0.9442338631021504,4
12517,2026-01-14 01:00:00,95277.7734375,0.2,364.82430580705307,304.6046398232813,1.1976977961291355,9
12518,2026-01-14 02:00:00,95266.8515625,0.1,236.92625389191753,304.645603713016,0.7777110550891395,4
12528,2026-01-14 12:00:00,94706.0078125,0.9333333333333333,182.2177392126744,314.31840157743744,0.5797234215311511,3
12531,2026-01-14 15:00:00,96460.421875,0.16666666666666666,581.0827330230409,348.5788790769546,1.6670049962916922,14
12539,2026-01-14 23:00:00,96915.5625,0.8666666666666667,357.1729885944163,361.07477424409245,0.9891939677651409,8
12540,2026-01-15 00:00:00,96931.2890625,0.6666666666666666,296.3876619517529,360.8948552793739,0.8212576533470252,5
12545,2026-01-15 05:00:00,96151.6796875,0.7,269.7257050233021,366.10866464601264,0.7367367425846029,3
12546,2026-01-15 06:00:00,96392.03125,0.26666666666666666,279.7169546618045,366.5660806266669,0.7630737524421556,3
12547,2026-01-15 07:00:00,96281.8203125,0.5,285.2887246744806,366.9500480149543,0.7774592923962617,3
12549,2026-01-15 09:00:00,96614.46875,0.06666666666666667,238.23982878482502,367.31236437423314,0.6486028021155759,3
12551,2026-01-15 11:00:00,96792.0546875,0.2,260.3702331030428,370.3400887116041,0.7030571116641968,3
12561,2026-01-15 21:00:00,95143.53125,0.8333333333333334,223.30843849028278,396.0869831900027,0.563786359985382,9
12562,2026-01-15 22:00:00,95548.5234375,0.2,154.83492909310277,397.3591784262976,0.3896598782650786,5
12566,2026-01-16 02:00:00,95617.4609375,0.23333333333333334,214.5652946813507,395.8409897307054,0.5420492072519363,7
12577,2026-01-16 13:00:00,95409.296875,0.4,259.78683116513713,377.4295850630554,0.6883054255583482,12
12580,2026-01-16 16:00:00,94605.625,0.5666666666666667,317.91613397772124,381.50956171543413,0.8333110513619397,10
12584,2026-01-16 20:00:00,94964.3359375,0.23333333333333334,197.00550169154326,371.2424092891632,0.530665400186255,9
12586,2026-01-16 22:00:00,95443.859375,0.2,293.5861989541791,367.06660263308123,0.7998172452851753,10
12587,2026-01-16 23:00:00,95441.125,0.13333333333333333,317.5993696876461,366.9232694491159,0.8655743479133315,11
12594,2026-01-17 06:00:00,95249.34375,0.2,195.61686031724912,358.6511372894252,0.5454237836680543,9
12599,2026-01-17 11:00:00,95077.9453125,0.16666666666666666,171.686058004198,355.1674938619004,0.48339462639831166,6
12606,2026-01-17 18:00:00,95323.453125,0.13333333333333333,158.03636201290917,352.6971640110465,0.4480794804688576,7
12616,2026-01-18 04:00:00,95147.21875,0.0,96.00155315696902,291.1830961332678,0.3296948017649738,3
12622,2026-01-18 10:00:00,95236.4140625,0.13333333333333333,115.29730901402064,285.9104866397928,0.40326365908809464,4
12623,2026-01-18 11:00:00,95137.8203125,0.16666666666666666,109.48378367008856,285.392027379077,0.38362593613964135,4
12624,2026-01-18 12:00:00,95124.703125,0.0,98.41768441738051,283.701668079994,0.34690555428680153,3
12626,2026-01-18 14:00:00,95115.234375,0.0,131.99932567822364,283.36965121715906,0.465820263783529,4
12627,2026-01-18 15:00:00,94904.9375,0.26666666666666666,113.6273552101376,281.9254453513022,0.40304043882434454,4
12638,2026-01-19 02:00:00,92509.7265625,0.5,245.12184036918572,294.7449035351103,0.8316406405309958,14
12639,2026-01-19 03:00:00,92518.2109375,0.8333333333333334,189.21482046828228,294.73084423930186,0.6419919196331295,9
12641,2026-01-19 05:00:00,92674.09375,0.8666666666666667,154.22888266695676,293.34792433307604,0.5257541297338129,6
12643,2026-01-19 07:00:00,92511.3046875,0.5333333333333333,194.79454381248198,292.489589099,0.6659879567424506,12
12644,2026-01-19 08:00:00,92792.71875,0.3,173.36292562557568,293.35134697975553,0.5909736819362198,7
12647,2026-01-19 11:00:00,92999.53125,0.3333333333333333,143.2495158555876,295.9588083329864,0.4840184235855418,8
12649,2026-01-19 13:00:00,92996.1953125,0.2,185.02760356703533,292.5819514275426,0.6323958216296779,9
12651,2026-01-19 15:00:00,92768.84375,0.2,173.2478825595691,291.7339231682479,0.593855800786164,8
12652,2026-01-19 16:00:00,93022.8125,0.5333333333333333,152.38309239703602,290.5588893753473,0.5244482202029132,3
12653,2026-01-19 17:00:00,93298.6640625,0.4,158.38596840992358,292.1352676995968,0.5421665437970746,3
12658,2026-01-19 22:00:00,92975.2578125,0.4,132.61446032930633,264.5889902299333,0.5012092914904042,3
12661,2026-01-20 01:00:00,92606.875,0.6333333333333333,136.77434421664793,260.3099845739197,0.5254287285235054,12
12663,2026-01-20 03:00:00,92464.546875,0.3333333333333333,117.78052100294954,262.2013933249794,0.44919868468040225,12
12666,2026-01-20 06:00:00,91604.171875,0.5,232.9600134450375,266.39945813963925,0.8744763036376985,12
12667,2026-01-20 07:00:00,90770.21875,0.3,356.8940263208279,277.8019816078981,1.2847065534059574,13
12676,2026-01-20 16:00:00,90429.4609375,0.26666666666666666,231.1929667359663,276.6047963507176,0.8358241425532913,13
12679,2026-01-20 19:00:00,89393.78125,0.5666666666666667,240.6889053201649,275.2268039906803,0.8745111371068172,9
12682,2026-01-20 22:00:00,89416.03125,0.2,144.40907790983601,274.57074763093885,0.525944876341823,6
12683,2026-01-20 23:00:00,88411.828125,0.5666666666666667,478.6578835197081,290.44211183065124,1.6480319623856758,7
12691,2026-01-21 07:00:00,89527.296875,0.36666666666666664,276.86781790126804,300.08697428837354,0.9226252440907593,14
12698,2026-01-21 14:00:00,88700.5,0.6666666666666666,344.23669685352485,306.4731959351376,1.123219587941973,11
12699,2026-01-21 15:00:00,89829.578125,0.43333333333333335,324.26042183626663,328.0723300474299,0.9883808908522942,13
12701,2026-01-21 17:00:00,87585.9921875,0.8333333333333334,489.7246343416666,420.5863222857396,1.1643855455883219,9
12704,2026-01-21 20:00:00,90246.1328125,0.5666666666666667,408.3733376855889,467.19000317798526,0.8741054708099373,12
12706,2026-01-21 22:00:00,90194.1328125,0.2,198.12158488067342,467.30913799274504,0.42396257375080315,7
12707,2026-01-21 23:00:00,89782.7421875,0.7333333333333333,216.86960559381575,468.63918653382683,0.46276455709527375,9
12711,2026-01-22 03:00:00,89860.421875,0.6666666666666666,200.2814513533354,473.35041561424254,0.42311455688369987,11
12714,2026-01-22 06:00:00,89859.625,0.7666666666666667,193.85727798574112,473.57079715985736,0.4093522640085916,7
12715,2026-01-22 07:00:00,90108.515625,0.8,214.96262244696337,474.0116252606245,0.45349651989815876,10
12718,2026-01-22 10:00:00,89947.0625,0.5333333333333333,150.17414281278806,475.6193858221768,0.3157443688994938,6
12719,2026-01-22 11:00:00,90011.8125,0.36666666666666664,180.14308661224933,475.7227827085724,0.3786723973709809,7
12724,2026-01-22 16:00:00,88943.0234375,0.7,396.69136045802173,478.18731545174205,0.8295731560408888,8
12728,2026-01-22 20:00:00,89729.1796875,0.3333333333333333,211.39962397357175,484.4668213790683,0.4363552149387818,12
12729,2026-01-22 21:00:00,89373.109375,0.7,151.18498654649474,485.3188808401462,0.3115168037245431,8
12730,2026-01-22 22:00:00,89166.453125,0.6,195.1686126022992,484.41438974274075,0.4028959847909306,8
12732,2026-01-23 00:00:00,89462.046875,0.5333333333333333,199.03066461976252,485.38190488365456,0.4100496178724873,12
12733,2026-01-23 01:00:00,89503.7421875,0.3,191.0703713371351,485.1462234537435,0.3938407888180805,9
12734,2026-01-23 02:00:00,89823.1796875,0.06666666666666667,184.5127209832539,486.45906258484,0.37929753020291257,9
12738,2026-01-23 06:00:00,89495.859375,0.9,157.68727494706104,446.58185302759136,0.353098259318026,8
12739,2026-01-23 07:00:00,89394.3515625,0.9333333333333333,223.38919478646295,446.36166212890356,0.5004668047005143,12
12740,2026-01-23 08:00:00,89438.1640625,0.8666666666666667,200.3641154358936,446.38123287403715,0.4488632152965842,10
12742,2026-01-23 10:00:00,88848.1875,0.6,169.23438818713464,447.5996427965705,0.3780932154676673,4
12749,2026-01-23 17:00:00,90003.8515625,0.7666666666666667,257.2065437357219,452.17791372977854,0.5688171313237305,12
12751,2026-01-23 19:00:00,90460.0703125,0.7,245.3085887605362,453.9349022516255,0.5404047750982509,11
12759,2026-01-24 03:00:00,89582.09375,0.5666666666666667,160.48105730508212,458.3326789477155,0.3501409885795838,10
12770,2026-01-24 14:00:00,89397.234375,0.4,168.9342639442831,445.3871877739882,0.37929753837016256,9
12771,2026-01-24 15:00:00,89313.25,0.5,197.1389995011344,445.4317564289907,0.44257957960067823,9
12774,2026-01-24 18:00:00,89246.3828125,0.16666666666666666,167.2071041481966,443.88930846720734,0.37668648683064454,7
12778,2026-01-24 22:00:00,89244.2578125,0.26666666666666666,148.6909791482657,439.7222945250947,0.3381474648877054,8
12780,2026-01-25 00:00:00,89104.765625,0.5333333333333333,195.33074403836835,439.41638920300676,0.4445231193871723,7
12781,2026-01-25 01:00:00,89154.3671875,0.4666666666666667,195.85908441688875,439.3651264736404,0.4457774926036131,5
12782,2026-01-25 02:00:00,89032.7421875,0.36666666666666664,142.82490577100373,427.75306476680146,0.3338956924805851,3
12783,2026-01-25 03:00:00,89003.84375,0.3,145.60752078021574,427.66823053322906,0.34046840607886186,3
12789,2026-01-25 09:00:00,88188.765625,0.5,214.04323121802858,422.80070160254286,0.5062508893829643,3
12791,2026-01-25 11:00:00,88512.4140625,0.2,170.16330805080318,420.1781680484898,0.40497893748531416,3
12797,2026-01-25 17:00:00,87969.25,0.6,253.4495342470523,420.2574519279152,0.6030815945900831,4
12798,2026-01-25 18:00:00,87718.25,0.5,190.95010863565722,404.938875451691,0.4715529187526414,3
12799,2026-01-25 19:00:00,87338.1875,0.6666666666666666,220.43774808359143,404.1550408089005,0.5454286742097635,3
12804,2026-01-26 00:00:00,86566.5234375,0.4666666666666667,276.22578897467764,250.294483546236,1.1036031839816856,6
12805,2026-01-26 01:00:00,86734.3203125,0.13333333333333333,163.9127649212326,250.76138938143887,0.653660299640074,3
12821,2026-01-26 17:00:00,87546.7421875,0.8,223.48297795009924,261.1812704773614,0.8556623434047895,4
12822,2026-01-26 18:00:00,87593.140625,0.3,263.99606723887325,258.40998614687453,1.0216171254652044,4
12824,2026-01-26 20:00:00,87919.96875,0.6,220.20065701238735,268.9572308567295,0.8187199738447849,4
12827,2026-01-26 23:00:00,88040.0546875,0.6333333333333333,147.76825791493278,264.93819393176835,0.5577461509871571,4
12829,2026-01-27 01:00:00,88248.3046875,0.6666666666666666,231.57475752044218,262.98981137725923,0.8805464983898098,10
12830,2026-01-27 02:00:00,88462.6171875,0.3,169.60794010809315,263.7715673717715,0.643010699743237,8
12831,2026-01-27 03:00:00,88681.78125,0.4666666666666667,201.68509732199948,263.852117626486,0.7643868813192877,7
12832,2026-01-27 04:00:00,88640.9453125,0.5,176.70373634984537,263.82453985107827,0.6697774833591666,9
12833,2026-01-27 05:00:00,88478.6328125,0.43333333333333335,168.14981072174118,262.164632035792,0.6413901425833235,8
12840,2026-01-27 12:00:00,87900.7734375,0.3333333333333333,238.14873377777297,258.7702550460381,0.9203095376452897,5
12841,2026-01-27 13:00:00,87845.5859375,0.4,251.45019136788477,257.37074288713626,0.9769960196219825,5
12843,2026-01-27 15:00:00,87643.46875,0.7666666666666667,292.9301086263336,257.47998419288825,1.137681088277869,9
12844,2026-01-27 16:00:00,87908.796875,0.43333333333333335,252.22000101447776,258.64903413754206,0.9751437961309164,6
12845,2026-01-27 17:00:00,88541.4921875,0.2,275.4163406339669,266.5312473468601,1.0333360286103486,13
12848,2026-01-27 20:00:00,88292.1875,0.16666666666666666,175.648783023261,287.56251215789337,0.6108194761033964,8
12853,2026-01-28 01:00:00,89275.3671875,0.5,278.1661402748206,293.06098211060157,0.9491749405584137,8
12854,2026-01-28 02:00:00,89307.5703125,0.6333333333333333,149.5566372247293,291.53716138506195,0.5129933916973111,6
12855,2026-01-28 03:00:00,89121.609375,0.4666666666666667,148.5979033150955,292.10513006238693,0.5087137746720107,7
12858,2026-01-28 06:00:00,88955.40625,0.6666666666666666,175.480840276341,291.6022659018276,0.6017814701598353,8
12862,2026-01-28 10:00:00,89298.484375,0.7666666666666667,135.37752858494733,297.9091942081621,0.4544254800352122,4
12864,2026-01-28 12:00:00,89947.3515625,0.43333333333333335,229.3866928048597,304.6602025965594,0.7529263449897353,14
12872,2026-01-28 20:00:00,89425.9921875,0.5333333333333333,160.38356650441668,321.91240139852255,0.49822114900713105,6
12873,2026-01-28 21:00:00,89083.0546875,0.8333333333333334,185.20644348594652,323.6124893598206,0.5723093192488559,5
12874,2026-01-28 22:00:00,89276.7578125,0.16666666666666666,152.76210617015911,324.1993087465696,0.47119812426736246,6
12879,2026-01-29 03:00:00,87757.3125,0.8333333333333334,235.46872185817867,335.88771014137353,0.7010340502159814,5
12885,2026-01-29 09:00:00,87928.0625,0.6666666666666666,234.11813360246055,339.4827530020732,0.6896318930258905,10
12887,2026-01-29 11:00:00,87803.015625,0.6333333333333333,271.22987362891075,338.99765086347463,0.8000936671332387,11
12888,2026-01-29 12:00:00,87690.2109375,0.7,257.0970336990893,337.65324053668263,0.7614232675227599,9
12896,2026-01-29 20:00:00,83862.9375,0.9,295.9112477930411,428.55890471475516,0.6904797556125847,10
12899,2026-01-29 23:00:00,84433.796875,0.16666666666666666,265.8795333447605,419.3773035222183,0.6339864630530115,6
12900,2026-01-30 00:00:00,84562.7265625,0.7333333333333333,269.656782452444,419.23687370018564,0.6432086473512042,7
12906,2026-01-30 06:00:00,82835.453125,0.3,303.98074282994884,455.8607017742415,0.6668281377333793,9
12908,2026-01-30 08:00:00,82710.9453125,0.5666666666666667,458.8543115104086,454.3714004185007,1.0098661823516597,12
12913,2026-01-30 13:00:00,82632.265625,0.6333333333333333,397.18505302077085,460.0956926466083,0.8632661843366614,8
12915,2026-01-30 15:00:00,82851.0234375,0.6666666666666666,371.6858153418484,460.2738838107524,0.8075318379234219,7
12922,2026-01-30 22:00:00,84250.5546875,0.13333333333333333,322.3793446813399,469.5057333590197,0.6866355866943677,4
12924,2026-01-31 00:00:00,84126.5,0.5333333333333333,420.3022147599391,467.54207100146346,0.898961271783868,5
12925,2026-01-31 01:00:00,83914.75,0.26666666666666666,415.6555534036775,465.06858575595686,0.8937510856125452,5
12927,2026-01-31 03:00:00,83986.765625,0.13333333333333333,206.31760772187238,464.47398359643,0.4441962628872162,3
12930,2026-01-31 06:00:00,83858.796875,0.2,207.51049018622263,463.0260380084589,0.44816160032544794,3
12931,2026-01-31 07:00:00,83629.1875,0.3,217.60939622675278,463.3782195045238,0.4696150726709509,3
12936,2026-01-31 12:00:00,82843.46875,0.5666666666666667,284.4805239296356,465.2140226350763,0.6115046195690196,4
12937,2026-01-31 13:00:00,82666.078125,0.5666666666666667,338.63900767251977,464.7034473111817,0.7287206704230779,7
12941,2026-01-31 17:00:00,80141.0390625,0.8666666666666667,476.1753146780816,487.73601492316016,0.9762972183899524,11
12942,2026-01-31 18:00:00,78709.8984375,0.6,472.68431316884966,506.0370301248994,0.9340903630158891,4
12943,2026-01-31 19:00:00,77837.171875,0.5666666666666667,730.3599220996877,510.733800577414,1.4300207295345906,4
12947,2026-01-31 23:00:00,78136.9921875,0.3,108.41488661512544,488.317403352694,0.22201724917189014,3
12950,2026-02-01 02:00:00,78418.0234375,0.23333333333333334,297.4606795345237,480.52328455419024,0.619034891952209,6
12954,2026-02-01 06:00:00,78510.140625,0.8,351.72633034977247,484.17630782730146,0.7264426711172908,10
12958,2026-02-01 10:00:00,78978.7265625,0.43333333333333335,234.2351847877144,487.59104445158516,0.48039271322378135,4
12959,2026-02-01 11:00:00,78159.1953125,0.7,347.9299516203481,492.74234496100655,0.7061092986596915,6
12966,2026-02-01 18:00:00,77600.8515625,0.2,391.13644666666426,488.63160310520544,0.800473084796462,7
12968,2026-02-01 20:00:00,77017.9296875,0.8666666666666667,302.6945096247293,492.2103273142744,0.6149698468871417,4
12972,2026-02-02 00:00:00,76968.875,0.5666666666666667,336.6894143379431,496.623151201838,0.677957548944603,8
12973,2026-02-02 01:00:00,77585.1015625,0.7,383.59041199372564,501.1162932950112,0.7654718418183678,6
12974,2026-02-02 02:00:00,77462.3125,0.36666666666666664,293.7736127280296,501.0442942763798,0.586322638704637,6
12977,2026-02-02 05:00:00,75800.8828125,0.7333333333333333,502.8698005401613,508.86843312226705,0.9882118202040949,8
12980,2026-02-02 08:00:00,76630.1015625,0.5,447.2887363131438,515.7291268254637,0.8672939204857398,6
12981,2026-02-02 09:00:00,76923.2421875,0.7,288.0478298064376,517.3208512962439,0.5568069198925194,4
12985,2026-02-02 13:00:00,77944.7578125,0.1,328.9194882374163,524.8927956998988,0.6266412702403943,3
12986,2026-02-02 14:00:00,78216.015625,0.26666666666666666,359.2438040793216,526.0351732643393,0.6829273446678765,3
12989,2026-02-02 17:00:00,78586.3203125,0.6666666666666666,347.3478896850267,537.5072224850578,0.6462199485974026,3
12990,2026-02-02 18:00:00,78959.21875,0.6,383.31122953434823,531.8343446854477,0.7207342537478598,3
12994,2026-02-02 22:00:00,78445.9609375,0.1,185.53125,480.991751650967,0.3857264690364821,2
12995,2026-02-02 23:00:00,78694.359375,0.43333333333333335,303.6781678846766,479.58159646252574,0.6332148066661809,2
12998,2026-02-03 02:00:00,78939.5390625,0.8333333333333334,355.19440085711005,478.1333726753769,0.7428772412802592,3
13003,2026-02-03 07:00:00,78502.71875,0.8666666666666667,339.98855011054667,463.473596874827,0.7335661673136675,3
13006,2026-02-03 10:00:00,78320.34375,0.26666666666666666,278.4686541427253,462.8887809067097,0.6015886874537314,2
13014,2026-02-03 18:00:00,74846.2890625,0.6,743.3876036188701,524.2599023308351,1.4179753216177768,7
13021,2026-02-04 01:00:00,75804.78125,0.36666666666666664,514.3095661265684,582.9633766606622,0.8822330642323409,4
13023,2026-02-04 03:00:00,75910.71875,0.9333333333333333,327.76975394891554,586.641186220302,0.5587227109994077,3
13026,2026-02-04 06:00:00,76148.5390625,0.3,315.0592393027373,591.9299940329527,0.5322576022143558,2
13028,2026-02-04 08:00:00,76402.2265625,0.8333333333333334,379.50447064249954,593.9530967223938,0.6389468675838476,3
13030,2026-02-04 10:00:00,76003.046875,0.36666666666666664,333.26763239592987,594.7471142632905,0.5603518275305066,2
13032,2026-02-04 12:00:00,76008.765625,0.26666666666666666,426.3163117833985,594.0903356097053,0.7175950966209153,3
13042,2026-02-04 22:00:00,72609.0078125,0.8,435.5889966316242,593.0007111295944,0.734550546831352,4
13046,2026-02-05 02:00:00,72327.2109375,0.8666666666666667,371.35092644317444,598.8421028616227,0.620114926236214,5
13060,2026-02-05 16:00:00,67298.3125,0.26666666666666666,721.6398672323046,632.5235648270412,1.14089009067928,8
13070,2026-02-06 02:00:00,65503.72265625,0.8333333333333334,450.85025394562234,731.3464725210861,0.6164660265488919,7
13077,2026-02-06 09:00:00,64782.484375,0.36666666666666664,530.7463837975578,756.5240390405679,0.7015591790984674,6
13078,2026-02-06 10:00:00,65739.6796875,0.3333333333333333,435.18621395746675,756.861998839591,0.5749875335592056,6
13079,2026-02-06 11:00:00,65868.8515625,0.16666666666666666,386.4511359152256,756.4123212816548,0.5109001070480026,5
13080,2026-02-06 12:00:00,66508.9140625,0.23333333333333334,746.1435177984384,759.0647735701846,0.9829774003199064,7
13084,2026-02-06 16:00:00,68622.9140625,0.7666666666666667,878.6954840636894,767.0601740409467,1.14553657431416,4
13087,2026-02-06 19:00:00,69745.578125,0.7666666666666667,539.767208101842,781.8963035386126,0.6903309373110325,3
13093,2026-02-07 01:00:00,69918.40625,0.4,678.3572359839736,798.1154874513666,0.8499487187627212,4
13095,2026-02-07 03:00:00,70330.5625,0.2,490.165188400286,800.0321385580313,0.6126818721104805,3
13099,2026-02-07 07:00:00,68887.171875,0.9666666666666667,492.18606116026456,797.0565925421733,0.6175045357701151,3
13102,2026-02-07 10:00:00,68037.2734375,0.36666666666666664,556.4458963544088,799.7898230523203,0.6957401561210006,3
13109,2026-02-07 17:00:00,68935.0546875,0.9,403.18284015243484,807.0163879380101,0.4995968436063591,3
13111,2026-02-07 19:00:00,69420.8203125,0.13333333333333333,487.3195616974684,796.7256877405542,0.6116528802773573,3
13114,2026-02-07 22:00:00,69393.890625,0.26666666666666666,352.45702550757034,749.275992908688,0.47039679483034397,2
13116,2026-02-08 00:00:00,69283.7265625,0.1,426.2755113158394,713.0958819430679,0.5977814794755362,3
13123,2026-02-08 07:00:00,69250.5546875,0.03333333333333333,443.386858960677,704.9174295248766,0.6289911986706378,3
13128,2026-02-08 12:00:00,70906.015625,0.6,548.7499917414226,717.7098769401887,0.7645847011063963,5
13131,2026-02-08 15:00:00,71155.453125,0.23333333333333334,450.95788905124004,717.8357709796551,0.6282187476333234,3
13134,2026-02-08 18:00:00,70740.328125,0.26666666666666666,360.29862338713144,710.1069071751696,0.5073864508942916,3
13145,2026-02-09 05:00:00,71006.796875,0.6666666666666666,323.90646565290024,695.2183424176513,0.46590609868908484,2
13150,2026-02-09 10:00:00,69529.40625,0.06666666666666667,490.04736051220203,691.3822544873642,0.7087936627409609,3
13153,2026-02-09 13:00:00,69033.953125,0.7,565.1497358189359,693.2857428884116,0.8151757649946367,3
13156,2026-02-09 16:00:00,69482.2890625,0.2,462.8466976414309,688.0699554135458,0.6726738960186823,3
13160,2026-02-09 20:00:00,70882.671875,0.0,275.578125,658.2883051619765,0.41862831655833843,2
13165,2026-02-10 01:00:00,69837.25,0.4666666666666667,549.3366632503212,591.3358726397013,0.9289757118879036,3
13166,2026-02-10 02:00:00,70357.90625,0.6333333333333333,312.78796710333603,588.3513387642598,0.5316346653689925,6
13167,2026-02-10 03:00:00,70051.40625,0.3,313.8849542809049,574.6046083534766,0.5462625076752149,2
13169,2026-02-10 05:00:00,69804.0703125,0.3,316.50561475645776,540.6137747568382,0.5854560677792908,2
13170,2026-02-10 06:00:00,69396.2109375,1.0,330.20308513343815,537.3324443949749,0.6145228872327632,2
13174,2026-02-10 10:00:00,69061.3125,0.3,409.5802023573478,493.9041913766194,0.8292705539018769,3
13178,2026-02-10 14:00:00,68959.328125,0.5666666666666667,614.7205935129565,488.1295267821679,1.2593390888793354,6
13180,2026-02-10 16:00:00,69265.8515625,0.8,372.44902988926066,495.09701143609215,0.752274849748991,4
13182,2026-02-10 18:00:00,69766.5234375,0.03333333333333333,369.9461377017133,481.5444014621488,0.7682492758267329,4
13186,2026-02-10 22:00:00,68594.859375,0.26666666666666666,305.8411731156272,450.8311684832859,0.6783940297308125,2
13187,2026-02-10 23:00:00,68703.6875,0.16666666666666666,258.7666374586866,439.4397572350107,0.5888557719193787,2
13188,2026-02-11 00:00:00,68791.859375,0.13333333333333333,359.5688384925314,434.78119583689283,0.8270110159672657,3
13190,2026-02-11 02:00:00,68948.5234375,0.5333333333333333,332.53590268975614,425.24162548730567,0.781992831272542,2
13191,2026-02-11 03:00:00,68665.5234375,0.3333333333333333,323.21409026298846,419.8622936720311,0.7698097569949021,2
13196,2026-02-11 08:00:00,67004.359375,0.16666666666666666,578.8184871085898,420.86867944312706,1.3752947543505833,3
13197,2026-02-11 09:00:00,66945.640625,0.0,470.7583755131468,417.00392440573233,1.1289063434691156,3
13199,2026-02-11 11:00:00,66504.40625,0.0,487.4717491615328,394.72328652339564,1.2349708411050127,3
13201,2026-02-11 13:00:00,67116.8828125,0.36666666666666664,492.0667127607078,393.6098204694653,1.2501383023772406,3
13205,2026-02-11 17:00:00,66028.40625,0.6333333333333333,510.9644409266589,398.42249801676866,1.2824688451834203,3
13207,2026-02-11 19:00:00,67210.734375,0.03333333333333333,380.5218087928202,404.2017797992799,0.9414154707131206,3
13208,2026-02-11 20:00:00,67536.265625,0.26666666666666666,363.1971236289162,405.5192147296788,0.8956348070239415,3
13209,2026-02-11 21:00:00,67546.4609375,0.26666666666666666,318.55835629614614,404.91356330619186,0.7867317500926866,2
13210,2026-02-11 22:00:00,67794.1328125,0.0,347.2608835306228,404.6949859786145,0.8580805188156525,2
13216,2026-02-12 04:00:00,67529.8125,0.23333333333333334,287.66723529074324,409.55037130438956,0.702397691337803,2
13221,2026-02-12 09:00:00,67089.2421875,0.3,444.3381556187768,410.6770329229173,1.0819649505507594,3
13223,2026-02-12 11:00:00,67904.09375,0.06666666666666667,331.10352660479526,413.02519927382104,0.8016545411440753,5
13224,2026-02-12 12:00:00,68084.796875,0.06666666666666667,258.6233504799319,400.86664569008,0.645160562148341,5
13226,2026-02-12 14:00:00,68315.1328125,0.36666666666666664,392.0776011722463,402.77215750002296,0.9734476275764518,7
13228,2026-02-12 16:00:00,67116.5078125,0.6333333333333333,349.39748908944983,403.34248042183134,0.8662551207699132,4
13235,2026-02-12 23:00:00,66255.21875,0.5666666666666667,350.78115185567253,420.0237032024464,0.8351460862355194,2
13236,2026-02-13 00:00:00,66213.375,0.7666666666666667,330.32627196708665,416.61990354909483,0.7928720379249974,5
13238,2026-02-13 02:00:00,66330.4765625,0.8,266.78723022566135,417.32755895257344,0.6392753713539919,3
13242,2026-02-13 06:00:00,66172.875,0.3333333333333333,318.1796372948531,410.8416386934574,0.7744581058208111,2
13249,2026-02-13 13:00:00,67045.328125,0.16666666666666666,437.033612510932,405.0962220364331,1.078839023266987,7
13250,2026-02-13 14:00:00,67273.0859375,0.36666666666666664,444.2247300430184,396.8853243531416,1.1192772893959542,8
13252,2026-02-13 16:00:00,68573.484375,0.23333333333333334,514.0578088402153,408.16787105974475,1.2594274201581417,8
13255,2026-02-13 19:00:00,69091.9921875,0.0,232.24368931798202,402.188612265288,0.5774496896117773,4
13260,2026-02-14 00:00:00,68856.984375,0.8666666666666667,301.0809096462983,390.18348635991066,0.7716392932338944,4
13261,2026-02-14 01:00:00,69057.90625,0.9,282.9702385782302,389.02850605094665,0.7273766168209093,4
13263,2026-02-14 03:00:00,68859.875,1.0,249.63602655056246,388.794621106158,0.6420768524017231,2
13275,2026-02-14 15:00:00,69761.71875,0.13333333333333333,284.0156026140321,391.26350542097714,0.7258934162756825,4
13280,2026-02-14 20:00:00,69811.453125,0.03333333333333333,117.66304626255189,374.4078773379932,0.314264344807929,2
13281,2026-02-14 21:00:00,69966.65625,0.16666666666666666,244.34865747876606,373.92844395981535,0.653463681155599,2
13286,2026-02-15 02:00:00,69649.7109375,0.13333333333333333,223.4007924392839,362.8215074578274,0.6157319449020009,2
13287,2026-02-15 03:00:00,69510.0078125,0.03333333333333333,118.09918851646302,363.0382232393729,0.32530786279932056,2
13304,2026-02-15 20:00:00,68289.0546875,0.7,240.52023731917478,342.63834183660725,0.7019653318129552,5
13305,2026-02-15 21:00:00,68415.1171875,1.0,115.42224324557138,339.05496086459715,0.34042340200904975,3
13307,2026-02-15 23:00:00,68935.359375,0.13333333333333333,281.5140468806222,334.1624616597235,0.8424466514951849,5
13308,2026-02-16 00:00:00,68782.3984375,1.0,283.4394670075421,334.5798854660655,0.8471503497967744,2
13309,2026-02-16 01:00:00,68843.0625,0.8333333333333334,332.7660174753528,333.77366503251386,0.9969810453528054,4
13312,2026-02-16 04:00:00,68374.7734375,1.0,110.85726376020192,327.6574104944247,0.33833284464075386,2
13316,2026-02-16 08:00:00,68540.9375,1.0,154.92605239121954,328.1871186191748,0.4720662195489588,2
13320,2026-02-16 12:00:00,68831.296875,0.13333333333333333,210.4567189448822,329.6082166735331,0.638505681286863,2
13321,2026-02-16 13:00:00,69743.796875,0.4,374.7269964335091,338.917254149594,1.1056592482249639,4
13323,2026-02-16 15:00:00,68421.921875,1.0,274.0594738861978,363.9075328150821,0.7531019535818727,4
13330,2026-02-16 22:00:00,68879.1171875,0.5,288.1640625,340.24305612086414,0.8469359104205666,2
13331,2026-02-16 23:00:00,68604.1953125,0.3333333333333333,273.8160524710345,341.20654642224713,0.8024935492655638,2
13332,2026-02-17 00:00:00,68843.09375,0.26666666666666666,258.188875476698,338.739597304672,0.762204588808304,2
13337,2026-02-17 05:00:00,68403.921875,0.3333333333333333,268.98047328510773,336.1531540442301,0.8001723918072059,2
13342,2026-02-17 10:00:00,68072.1484375,1.0,249.13543758917467,335.10217521841076,0.7434611172750364,4
13349,2026-02-17 17:00:00,67492.4296875,0.9333333333333333,266.1896368032158,354.5989960475738,0.7506779200455018,4
13350,2026-02-17 18:00:00,67231.84375,0.7,267.4785517482571,353.07096315179285,0.7575773135251065,5
13351,2026-02-17 19:00:00,68172.9453125,0.6333333333333333,295.2454263703378,354.5638601911312,0.8327002820061322,4
13353,2026-02-17 21:00:00,67735.7890625,1.0,206.55386787469737,354.61168016053966,0.5824790310944816,2
13376,2026-02-18 20:00:00,66113.3984375,0.4666666666666667,263.86189356530446,353.51629045985493,0.7463924596574382,6
13377,2026-02-18 21:00:00,66256.09375,0.4666666666666667,293.24209875885333,353.9674223060478,0.8284437501293832,7
13379,2026-02-18 23:00:00,66405.2421875,0.5666666666666667,298.41344842465986,353.9866108033283,0.8430077277427186,6
13382,2026-02-19 02:00:00,66825.5234375,0.06666666666666667,264.06295420081847,356.1343368421159,0.7414700771127408,6
13385,2026-02-19 05:00:00,66789.984375,0.9333333333333333,201.40061450583755,356.1763140755646,0.5654520150464284,5
13387,2026-02-19 07:00:00,67105.7734375,0.2,319.48796368461933,354.1309123897255,0.902174739642663,6
13389,2026-02-19 09:00:00,66918.140625,0.8333333333333334,210.84720361507803,353.88935136716424,0.5957997967458525,5
13390,2026-02-19 10:00:00,66813.484375,0.9333333333333333,186.48142039277337,353.6934258793771,0.5272402785806107,4
13394,2026-02-19 14:00:00,65880.5625,0.26666666666666666,335.88624993256497,355.5796782069243,0.9446159905041057,7
13396,2026-02-19 16:00:00,66353.5703125,0.7,334.37335622283854,350.459545875682,0.9540997246553823,5
13405,2026-02-20 01:00:00,67228.1953125,0.26666666666666666,322.2633226943223,348.61202498790396,0.9244182632699033,5
13406,2026-02-20 02:00:00,67254.0390625,0.06666666666666667,163.07186728413987,348.49542014051184,0.46793116310793986,4
13427,2026-02-20 23:00:00,68043.890625,0.9,177.49403373727554,312.4517406021931,0.5680686348400189,3
13431,2026-02-21 03:00:00,68005.3125,0.23333333333333334,187.9554690400939,303.51199422837135,0.619268670149064,3
13435,2026-02-21 07:00:00,67760.484375,0.8333333333333334,192.08138394087186,300.1569837615074,0.6399364143847207,3
13438,2026-02-21 10:00:00,68127.8046875,0.9333333333333333,176.43832316796772,299.8572664683248,0.5884076955880796,4
13439,2026-02-21 11:00:00,68174.34375,0.26666666666666666,144.05940742850618,299.8909314768647,0.4803726698872178,4
13440,2026-02-21 12:00:00,68070.296875,0.8666666666666667,184.63330156140415,299.1912914636466,0.6171078732210964,4
13443,2026-02-21 15:00:00,68451.859375,0.5666666666666667,262.2511605748834,298.60057676166724,0.8782674280773519,6
13447,2026-02-21 19:00:00,68554.546875,0.5666666666666667,218.11010134920494,273.1578724229843,0.7984763514758306,4
13448,2026-02-21 20:00:00,68526.921875,0.5333333333333333,180.57595362675454,272.888678688255,0.6617202094816198,5
13454,2026-02-22 02:00:00,68118.921875,0.43333333333333335,160.07787609387844,256.39812500642233,0.6243332555176399,3
13456,2026-02-22 04:00:00,68004.8359375,0.9333333333333333,138.72900335767153,256.7938210929612,0.5402349743744443,4
13459,2026-02-22 07:00:00,68042.4453125,0.9666666666666667,138.85553839344948,253.84427079480304,0.5470107241683403,4
13465,2026-02-22 13:00:00,67939.3515625,0.8666666666666667,177.5027664439884,251.90797307834632,0.7046333797016539,4
13467,2026-02-22 15:00:00,67432.828125,1.0,178.09966065064313,248.27476178866263,0.7173490344630591,4
13469,2026-02-22 17:00:00,67611.46875,0.5666666666666667,150.0992885461198,247.92891636905313,0.6054125946434195,4
13471,2026-02-22 19:00:00,67409.9375,0.4666666666666667,153.71231525483765,245.07470362489664,0.6272059620241537,4
13473,2026-02-22 21:00:00,67355.0703125,0.4666666666666667,140.01668737352543,239.74201652368916,0.5840306568026645,3
13474,2026-02-22 22:00:00,67586.2265625,0.13333333333333333,164.49557590398607,225.28045740580154,0.730181294011124,4
13479,2026-02-23 03:00:00,64727.58984375,0.7333333333333333,322.08370172871867,325.4005284983787,0.9898069410490322,6
13494,2026-02-23 18:00:00,64738.64453125,0.7333333333333333,326.1477851409747,336.452155327801,0.9693734457525264,6
13496,2026-02-23 20:00:00,64333.2734375,0.5,261.5981389577386,337.52589442910283,0.7750461320907253,3
13499,2026-02-23 23:00:00,64745.125,0.5666666666666667,248.16909503927997,332.03129607813275,0.7474268178047935,6
13504,2026-02-24 04:00:00,63548.0234375,0.6333333333333333,287.3683976803915,344.1685730442316,0.8349640850080164,3
13506,2026-02-24 06:00:00,63070.01171875,0.9333333333333333,311.89160148282957,345.2382813142269,0.9034096691002639,4
13509,2026-02-24 09:00:00,63403.109375,0.7666666666666667,246.7899926412503,342.0980024002049,0.7214014431821847,3
13519,2026-02-24 19:00:00,64427.65234375,0.2,234.48818495624442,333.99603608912787,0.7020687661504778,5
13521,2026-02-24 21:00:00,64453.00390625,0.16666666666666666,145.7945981679012,332.8502258779432,0.43801862469327074,3
13523,2026-02-24 23:00:00,64114.7109375,0.2,174.01017584421942,331.34952016586345,0.5251559614666569,3
13524,2026-02-25 00:00:00,64077.76953125,0.36666666666666664,304.9405809289263,331.18991886865973,0.9207423401370404,5
13532,2026-02-25 08:00:00,65021.8671875,0.8666666666666667,145.59361350505876,377.1641562858173,0.38602187158720097,8
13536,2026-02-25 12:00:00,65386.45703125,0.36666666666666664,254.50991154561063,380.37773703471674,0.669097811900547,11
13538,2026-02-25 14:00:00,66241.3125,0.3333333333333333,372.53865722289464,386.7853416837916,0.9631664312849165,17
13539,2026-02-25 15:00:00,66909.9296875,0.36666666666666664,489.5651870236101,392.75063866422,1.2465038597738887,20
13540,2026-02-25 16:00:00,67273.5234375,0.3333333333333333,244.51555671931402,394.38048320064206,0.6199991306236017,15
13547,2026-02-25 23:00:00,68304.9453125,0.4,264.876388720875,419.92624519763166,0.6307688355992493,12
13552,2026-02-26 04:00:00,68193.25,0.26666666666666666,191.5670885560989,420.7337457865264,0.45531667111222635,14
13556,2026-02-26 08:00:00,67876.796875,0.43333333333333335,237.3084143391623,423.40155795223285,0.5604807301298,20
13557,2026-02-26 09:00:00,67954.359375,0.4666666666666667,298.8248191543949,423.443129536276,0.7057023678283457,17
13559,2026-02-26 11:00:00,68298.1171875,0.4,252.68775513960603,428.2506984459758,0.5900463351409637,15
13562,2026-02-26 14:00:00,67926.7265625,0.3333333333333333,336.71166974461875,430.0416266949024,0.7829745979067799,20
13567,2026-02-26 19:00:00,67336.1875,0.36666666666666664,204.4867092954861,439.80235935517265,0.46495136950902094,19
13568,2026-02-26 20:00:00,67557.1796875,0.43333333333333335,170.97683474120308,440.31004382434963,0.38831009453286486,19
13575,2026-02-27 03:00:00,67362.4765625,0.6666666666666666,134.46278209178539,439.97371293049713,0.3056154905168767,15
13577,2026-02-27 05:00:00,67750.015625,0.7666666666666667,134.23737030514025,371.1539139715496,0.3616757502803272,15
13582,2026-02-27 10:00:00,67388.1484375,0.43333333333333335,280.73176916660964,369.72009207837806,0.759308934465743,14
13585,2026-02-27 13:00:00,65805.46875,0.8666666666666667,309.5501085108689,374.1975026899481,0.8272372377839072,14
13587,2026-02-27 15:00:00,65862.6015625,0.7,274.0289303314707,377.0549613874958,0.7267612374681202,13
13589,2026-02-27 17:00:00,65505.83984375,0.6666666666666666,363.22290991586726,382.5955702192693,0.9493651735374266,12
13593,2026-02-27 21:00:00,65570.7421875,0.6333333333333333,189.58100599962273,377.5346248164365,0.5021552820269137,9
13594,2026-02-27 22:00:00,65518.3984375,0.4666666666666667,198.58362077550004,377.27715228321694,0.5263600500950186,8
13599,2026-02-28 03:00:00,65983.046875,0.4666666666666667,156.32498414931757,377.05556554873857,0.4145940238856144,10
13603,2026-02-28 07:00:00,63106.07421875,0.8666666666666667,693.6638089094271,438.4961430235722,1.5819154169210967,15
13605,2026-02-28 09:00:00,63426.86328125,0.7333333333333333,249.71623708669395,445.66352847588786,0.5603245972150592,11
13619,2026-02-28 23:00:00,67276.6796875,0.2,195.99962373744978,466.1956834687388,0.4204235060245742,17
13623,2026-03-01 03:00:00,67667.5390625,0.43333333333333335,224.53465682581253,469.026652267359,0.47872472862762,11
13626,2026-03-01 06:00:00,67322.9296875,0.6,159.99151384970335,438.854867019272,0.364565886978479,15
13628,2026-03-01 08:00:00,67120.640625,0.36666666666666664,167.63563912510614,438.0308576277484,0.38270280781809185,13
13632,2026-03-01 12:00:00,66468.6328125,0.43333333333333335,220.09685741851882,435.7112781956974,0.5051438152575511,12
13636,2026-03-01 16:00:00,66880.40625,0.5,237.7393127391194,435.66199958371936,0.5456966936897925,19
13641,2026-03-01 21:00:00,65328.14453125,0.7,231.52879089504015,426.3621934495053,0.5430331170356465,7
13642,2026-03-01 22:00:00,65743.03125,0.4666666666666667,228.7037963195151,421.48394599923535,0.5426156760901399,12
13643,2026-03-01 23:00:00,65249.9296875,0.7,295.7215364075099,423.1236082154772,0.6989010555443002,12
13646,2026-03-02 02:00:00,66532.8046875,0.9,192.28865269908104,429.25199848814196,0.44796216063369826,15
13652,2026-03-02 08:00:00,65960.0234375,0.5,203.3243719767738,431.92472075572124,0.47074029849698196,16
13653,2026-03-02 09:00:00,66252.703125,0.7333333333333333,191.80110906042296,432.8868063012993,0.44307450878261445,16
13654,2026-03-02 10:00:00,66237.2890625,0.8,167.88141313662354,432.32838993320223,0.3883191968090793,12
13656,2026-03-02 12:00:00,66305.390625,0.6333333333333333,225.71378462734788,431.26648202713824,0.5233742802510315,15
13660,2026-03-02 16:00:00,69062.390625,0.4,535.2147938020373,501.57819374930676,1.0670615279370428,22
13663,2026-03-02 19:00:00,68984.875,0.3333333333333333,189.2761548021639,503.2126118950945,0.3761355544912745,11
13667,2026-03-02 23:00:00,69370.515625,0.13333333333333333,187.26635566541648,494.17039738477945,0.37895097856216575,11
13671,2026-03-03 03:00:00,68532.8984375,0.2,181.58619787558504,499.2596296917867,0.36371095733834036,9
13675,2026-03-03 07:00:00,68093.921875,0.4666666666666667,228.43266516676414,499.813975512652,0.45703536987428983,17
13683,2026-03-03 15:00:00,66571.3359375,0.43333333333333335,465.94635677434974,508.25462516233233,0.9167577306857372,18
13684,2026-03-03 16:00:00,67582.1015625,0.5333333333333333,514.6077053235969,517.1076791775278,0.9951654675523149,23
13693,2026-03-04 01:00:00,68185.59375,0.5333333333333333,212.15980912594577,516.2400596598167,0.4109712238638577,20
13694,2026-03-04 02:00:00,68423.7578125,0.5333333333333333,195.29728901688392,516.649405927586,0.37800738136193063,13
13705,2026-03-04 13:00:00,71339.9921875,0.13333333333333333,363.04068853978487,485.61791491679537,0.7475850403953639,12
13707,2026-03-04 15:00:00,71628.4609375,0.4666666666666667,449.2937445178989,484.5262514206963,0.9272846274077184,12
13710,2026-03-04 18:00:00,73251.6796875,0.4666666666666667,580.3032413272136,497.68940389158837,1.1659947686039565,10
13713,2026-03-04 21:00:00,73156.828125,0.2,299.78064609869324,500.8265468197052,0.5985717969670897,8
13714,2026-03-04 22:00:00,73318.4609375,0.06666666666666667,180.71751080648045,499.35087642001,0.36190486357427915,6
13716,2026-03-05 00:00:00,72670.125,0.06666666666666667,327.22176621190243,499.5983638561061,0.6549696513941118,6
13727,2026-03-05 11:00:00,73390.0703125,0.5333333333333333,326.81295010367745,506.44662135249666,0.6453058157065072,5
13731,2026-03-05 15:00:00,72711.2890625,0.3,215.29052052552015,508.2139952884014,0.42362178633696823,5
13744,2026-03-06 04:00:00,71074.9140625,0.4666666666666667,176.3385265717755,505.80755475752966,0.34862770417952216,10
13747,2026-03-06 07:00:00,70644.921875,0.3333333333333333,296.23922314378007,506.28383486834304,0.5851247911575447,17
13750,2026-03-06 10:00:00,70565.0078125,0.43333333333333335,233.44982525893013,505.8755919020377,0.4614767523793428,12
13751,2026-03-06 11:00:00,70551.640625,0.6666666666666666,203.48827380321535,504.91562356501544,0.4030144133121941,12
13760,2026-03-06 20:00:00,68109.4140625,0.5666666666666667,279.4604384154159,450.47375982295995,0.6203700711119029,21
13772,2026-03-07 08:00:00,67854.9375,0.43333333333333335,200.75445065689163,443.31525057201884,0.45284805879755774,14
13776,2026-03-07 12:00:00,68020.875,0.7333333333333333,297.8888390614036,426.68856137140887,0.6981411409388774,18
13779,2026-03-07 15:00:00,68038.125,0.2,143.55443057634798,424.10779312140045,0.3384857173215293,16
13785,2026-03-07 21:00:00,67414.6171875,0.3,152.24047142908657,404.9768108650799,0.3759239229127276,12
13786,2026-03-07 22:00:00,67439.015625,0.43333333333333335,114.26198356702844,403.1738775244074,0.2834062173586909,12
13793,2026-03-08 05:00:00,66647.515625,0.9,151.7712054965785,404.0842448477343,0.37559297951289444,7
13801,2026-03-08 13:00:00,67305.921875,0.4,199.5475669527933,353.9923831454935,0.5637058209548474,16
13803,2026-03-08 15:00:00,67291.859375,0.5,198.36261169412074,353.538059796327,0.5610785209614979,13
13813,2026-03-09 01:00:00,66406.7734375,0.4666666666666667,178.98354981865168,317.94610212389745,0.5629367638824057,13
13814,2026-03-09 02:00:00,66239.640625,0.43333333333333335,153.68219188650616,314.1852300472896,0.48914518312453664,8
13818,2026-03-09 06:00:00,67887.1484375,0.43333333333333335,232.02281295585394,330.96513868231494,0.7010491010612654,12
13819,2026-03-09 07:00:00,67286.0859375,0.7666666666666667,154.7902693884701,335.38259237246945,0.4615334036674241,14
13821,2026-03-09 09:00:00,67810.0078125,0.16666666666666666,159.94957581347535,332.7848563796114,0.4806395866493969,13
13824,2026-03-09 12:00:00,67781.9375,0.1,140.70488053983203,327.29238178917836,0.42990576123603597,12
13825,2026-03-09 13:00:00,68197.796875,0.43333333333333335,300.36768009961827,329.4417555969132,0.9117474485144853,12
13827,2026-03-09 15:00:00,69149.828125,0.1,220.80762046665012,327.6835185996095,0.6738441451382574,9
13828,2026-03-09 16:00:00,69007.4609375,0.36666666666666664,215.81463525228327,327.61552208481254,0.6587436208117561,10
13829,2026-03-09 17:00:00,68972.671875,0.3,184.3342838671678,324.63554000938603,0.5678191730389046,9
13830,2026-03-09 18:00:00,68658.5546875,0.23333333333333334,181.23538562538081,324.7260041655847,0.5581178695284441,10
13841,2026-03-10 05:00:00,70082.0546875,0.4666666666666667,226.89462094417442,342.6309284545563,0.6622129005329063,12
13843,2026-03-10 07:00:00,69906.546875,0.36666666666666664,239.77332829428147,342.586418854522,0.699891516703995,11
13845,2026-03-10 09:00:00,70655.1875,0.5,335.92211598546413,343.3017376776489,0.9785039780395344,11
13848,2026-03-10 12:00:00,70612.5078125,0.4,363.6308122152174,341.96032240319687,1.063371357412833,16
13852,2026-03-10 16:00:00,71360.6640625,0.43333333333333335,342.46079084283895,373.35393298866694,0.9172550777795991,10
13853,2026-03-10 17:00:00,71226.984375,0.06666666666666667,158.65810010848713,367.51603405368996,0.43170388610938526,9
13862,2026-03-11 02:00:00,70089.4921875,0.2,162.59924004588171,366.7984700544959,0.44329312502782264,10
13872,2026-03-11 12:00:00,69247.8671875,0.6,246.79233157133865,381.44250605746964,0.6469974574206366,13
13877,2026-03-11 17:00:00,70572.265625,0.3,186.68298665230677,394.8883690985041,0.47274875955067464,9
13881,2026-03-11 21:00:00,70665.5,0.2,179.5430480362804,395.13127036861476,0.4543883552136639,8
13883,2026-03-11 23:00:00,70359.6875,0.8333333333333334,127.50963099879982,393.19174788254196,0.3242937617218018,7
13889,2026-03-12 05:00:00,69403.859375,0.5333333333333333,193.95154396197196,397.88620936410615,0.4874548034020618,12
13891,2026-03-12 07:00:00,69463.3359375,0.5666666666666667,236.3300170063153,396.1503679229504,0.5965664458306915,15
13892,2026-03-12 08:00:00,69813.4296875,0.4,228.79828283692598,395.1017724720641,0.5790869562679658,10
13894,2026-03-12 10:00:00,69976.53125,0.5333333333333333,213.663310828554,392.09157860827213,0.5449321599483244,7
13895,2026-03-12 11:00:00,70457.4765625,0.16666666666666666,182.53259248826996,394.659533408839,0.46250648226247015,9
13904,2026-03-12 20:00:00,70520.96875,0.1,144.65921552346487,410.0924394450468,0.35274782368390745,8
13905,2026-03-12 21:00:00,70189.828125,0.5333333333333333,145.95220634718484,411.73349099829534,0.35448223071022683,6
13908,2026-03-13 00:00:00,70497.046875,0.3333333333333333,388.47853784106536,411.76390794638,0.9434497058728448,16
13918,2026-03-13 10:00:00,72038.1171875,0.3333333333333333,312.39392470344757,400.25821631294343,0.7804809794565246,10
13925,2026-03-13 17:00:00,71934.0859375,0.26666666666666666,246.9643323320747,419.7162113288876,0.5884078948252838,11
13928,2026-03-13 20:00:00,71159.5390625,0.4666666666666667,261.82998234635096,430.1857467512038,0.6086440202254755,11
13933,2026-03-14 01:00:00,70684.9921875,0.36666666666666664,156.0665438195698,425.92278655230575,0.36641980365237853,9
13935,2026-03-14 03:00:00,70859.34375,0.3,149.39868568864765,423.6585157967858,0.3526394020610434,10
13937,2026-03-14 05:00:00,71032.5546875,0.23333333333333334,169.75220067436257,418.12545773618905,0.4059838919960371,8
13938,2026-03-14 06:00:00,71026.6796875,0.3,187.78673729351073,406.1774916428036,0.462326793476415,10
13939,2026-03-14 07:00:00,70656.875,0.3333333333333333,186.67459701059323,399.1729958297663,0.46765337074606017,9
13941,2026-03-14 09:00:00,70583.171875,0.9,142.85865342901465,394.15951678444736,0.36243867608336666,8
13945,2026-03-14 13:00:00,70731.0390625,0.6666666666666666,284.868628244798,388.9433785316621,0.7324167063088545,14
13948,2026-03-14 16:00:00,70603.828125,0.5,136.43104940168394,388.7283946196374,0.35096754260819785,7
13953,2026-03-14 21:00:00,70844.234375,0.1,104.04661837155336,354.54185824269905,0.2934677978145221,6
13954,2026-03-14 22:00:00,70808.8984375,0.5666666666666667,92.34286642831424,341.91194118679397,0.270077921548418,5
13964,2026-03-15 08:00:00,71441.8359375,0.5,120.25876846937899,337.3828582087298,0.3564459946420221,6
13970,2026-03-15 14:00:00,71545.3359375,0.23333333333333334,195.353356788456,328.3201598129864,0.5950087161864527,10
13973,2026-03-15 17:00:00,71431.0234375,0.23333333333333334,98.93449647156297,316.1245133406129,0.31296053389243045,4
13980,2026-03-16 00:00:00,72798.171875,0.4,280.7782593767774,323.26734139769746,0.8685636419775291,9
13985,2026-03-16 05:00:00,73880.3046875,0.3333333333333333,326.45959965428256,336.8183662275945,0.9692452442860188,3
13987,2026-03-16 07:00:00,73804.1484375,0.7333333333333333,307.6755194990405,336.09275318201657,0.9154482403624268,8
13996,2026-03-16 16:00:00,73245.90625,0.9333333333333333,175.79783751771046,346.2134509937034,0.5077729851718202,7
13997,2026-03-16 17:00:00,73730.9375,0.4,224.47814220510136,344.7330691377449,0.6511650964224923,6
13999,2026-03-16 19:00:00,73971.0625,0.4666666666666667,208.20565717659676,335.9577999840435,0.6197375300900458,4
14001,2026-03-16 21:00:00,74219.015625,0.1,206.53637237726346,336.00101569376375,0.6146897263117316,4
14002,2026-03-16 22:00:00,74416.984375,0.4,249.38335618660582,332.7384649623729,0.7494876079770545,3
14005,2026-03-17 01:00:00,75204.6015625,0.03333333333333333,344.76318368827776,326.3217992416034,1.0565128792790845,5
14006,2026-03-17 02:00:00,75636.2578125,0.4,275.37654909419786,327.2367208883335,0.8415209281728733,3
14009,2026-03-17 05:00:00,74271.78125,0.5,223.23990370113532,328.2818733352489,0.6800250694108768,6
14013,2026-03-17 09:00:00,74167.9765625,0.26666666666666666,196.42273752188785,324.41845304567676,0.6054610509292835,9
14015,2026-03-17 11:00:00,73720.25,0.16666666666666666,222.34493407769648,323.78332087567594,0.6867090419492946,9
14016,2026-03-17 12:00:00,74057.859375,0.06666666666666667,267.4809221130696,325.14249844354254,0.8226575221433711,11
14018,2026-03-17 14:00:00,73668.1796875,0.16666666666666666,347.5592508326537,323.301244549291,1.0750322081722274,13
14023,2026-03-17 19:00:00,74676.671875,0.06666666666666667,231.00465093190252,297.43767601538593,0.7766489236553645,5
14025,2026-03-17 21:00:00,74568.0078125,0.6666666666666666,179.4541256608172,281.7874102595264,0.6368422403809305,2
14027,2026-03-17 23:00:00,74309.75,0.3,168.4821905378796,285.09916584130775,0.5909599561285998,6
14029,2026-03-18 01:00:00,73879.4140625,0.43333333333333335,338.95327351137604,286.69604834934665,1.1822739638823085,13
14041,2026-03-18 13:00:00,72383.359375,0.7333333333333333,280.96887904503103,308.11363669175,0.9119001744350713,12
14042,2026-03-18 14:00:00,72050.671875,0.5333333333333333,296.66958882227834,310.10912003888893,0.9566619285014087,9
14052,2026-03-19 00:00:00,71250.3515625,0.4,207.65289978489602,326.48479774400323,0.6360262444676419,8
14053,2026-03-19 01:00:00,71010.4921875,0.26666666666666666,216.3494879349176,327.37368371142054,0.6608640177859543,9
14057,2026-03-19 05:00:00,70841.8359375,0.16666666666666666,139.6674300983355,326.03976729838905,0.42837544406205197,9
14060,2026-03-19 08:00:00,70248.15625,0.3333333333333333,220.5790212414055,324.5982619591137,0.6795446775041253,16
14061,2026-03-19 09:00:00,69981.78125,0.9666666666666667,180.32748453260376,325.58188560704446,0.5538621542054921,13
14062,2026-03-19 10:00:00,70494.7734375,0.5,214.2384740753696,329.81332592619094,0.6495749481126609,7
14065,2026-03-19 13:00:00,69308.4140625,0.9,296.62654346737344,336.29479875058144,0.8820432090220086,19
14066,2026-03-19 14:00:00,69897.484375,0.6,265.48723683732175,341.86019819243745,0.776595925004044,16
14073,2026-03-19 21:00:00,70490.953125,0.5333333333333333,156.19749158971732,346.4498549999313,0.450851658141835,6
14076,2026-03-20 00:00:00,69911.53125,0.6,122.1813360142999,344.81318401810614,0.3543406739571888,14
14081,2026-03-20 05:00:00,70785.0546875,0.13333333333333333,153.3488961875097,337.26860991988184,0.45467882772706814,5
14082,2026-03-20 06:00:00,70586.2578125,0.23333333333333334,199.23023697972965,337.34396454179347,0.5905848567658221,11
14083,2026-03-20 07:00:00,70480.53125,0.13333333333333333,198.73653534863988,318.15993779501116,0.624643494482592,13
14084,2026-03-20 08:00:00,70857.6328125,0.3333333333333333,201.02442176281411,319.81039954119694,0.628573748856215,8
14085,2026-03-20 09:00:00,71027.5234375,0.4666666666666667,254.8754771565799,318.87117686246637,0.7993054739673485,7
14086,2026-03-20 10:00:00,70564.0,0.16666666666666666,144.67796985258755,320.1037283327998,0.45197214854733375,10
14089,2026-03-20 13:00:00,70321.734375,0.6666666666666666,177.48605749235696,317.06235477729285,0.5597828150144932,12
14094,2026-03-20 18:00:00,69953.96875,0.23333333333333334,88.42971754565313,309.9862731555989,0.2852697851600205,10
14095,2026-03-20 19:00:00,69700.6640625,0.9333333333333333,119.83686548791911,310.2563047516653,0.3862511853992417,12
14104,2026-03-21 04:00:00,70675.25,0.1,132.13470129414196,310.7853369731041,0.42516388508244557,8
14105,2026-03-21 05:00:00,70632.328125,0.3,135.46503514586453,307.02186848695106,0.4412227565855688,7
14108,2026-03-21 08:00:00,70697.6328125,0.16666666666666666,132.33239357333562,295.504356369556,0.44781875705358987,9
14110,2026-03-21 10:00:00,70656.6015625,0.26666666666666666,161.36489668050538,294.92372510992715,0.5471411179970677,8
14111,2026-03-21 11:00:00,70589.5234375,0.7,175.1558350279119,294.1798040703561,0.5954040100795689,9
14113,2026-03-21 13:00:00,70704.8671875,0.4,232.84182059916864,293.8557223257053,0.792367828526035,11
14114,2026-03-21 14:00:00,70725.484375,0.3,203.03078650764033,293.2230644977627,0.6924106971441513,10
14116,2026-03-21 16:00:00,70652.2265625,0.2,75.87078741823854,289.65894044371106,0.2619314539437887,5
14117,2026-03-21 17:00:00,70290.7578125,0.7,104.1237765542182,291.5245581893183,0.3571698288505746,13
14122,2026-03-21 22:00:00,70346.4921875,0.43333333333333335,117.1155096861619,274.552279733966,0.4265690665531672,11
14124,2026-03-22 00:00:00,68737.4453125,0.8333333333333334,362.08717763726935,312.92591478409565,1.157101922629491,14
14125,2026-03-22 01:00:00,68908.2109375,0.5,281.6295737267046,313.1857048782481,0.8992414702841849,14
14126,2026-03-22 02:00:00,68959.234375,0.43333333333333335,184.7510918029359,311.56317340662156,0.592981159431885,10
14129,2026-03-22 05:00:00,69322.4296875,0.4,154.64414855080403,311.4743074538348,0.4964908656991705,8
14139,2026-03-22 15:00:00,68705.0546875,0.36666666666666664,177.00715474967046,298.797770897358,0.592397842253232,10
14142,2026-03-22 18:00:00,68722.84375,0.3,130.82967907276657,284.734048502989,0.45948027557860954,7
14143,2026-03-22 19:00:00,68572.1953125,0.26666666666666666,160.60165929553386,284.0783134772873,0.5653429060799262,7
14149,2026-03-23 01:00:00,67718.25,0.5333333333333333,284.09269002506113,286.40019026616943,0.9919430911028243,9
14150,2026-03-23 02:00:00,67924.46875,0.5333333333333333,205.00274660680284,287.16804239863245,0.7138772994880405,6
14152,2026-03-23 04:00:00,68068.9921875,0.9,148.53190191596215,289.4328962863675,0.513182515953554,8
14153,2026-03-23 05:00:00,68513.8515625,0.6333333333333333,181.56359210491763,292.88065697734186,0.619923466365906,10
14158,2026-03-23 10:00:00,68247.9609375,0.5,169.98794543662078,313.6499343025595,0.5419671004064152,10
14159,2026-03-23 11:00:00,68549.3203125,0.5666666666666667,256.6147855117525,314.1377772038618,0.8168861058223527,11
14162,2026-03-23 14:00:00,71410.3125,0.4666666666666667,290.50776613086595,356.14423640248236,0.8157025621567551,14
14172,2026-03-24 00:00:00,70912.671875,0.5666666666666667,188.96893087993112,369.67964120424017,0.5111694283849669,10
14174,2026-03-24 02:00:00,70505.296875,0.5333333333333333,142.796376636316,369.1931027472297,0.3867796434270941,13
14175,2026-03-24 03:00:00,70444.484375,0.5666666666666667,102.99413006266644,368.50779012811466,0.27948969552817243,14
14176,2026-03-24 04:00:00,70523.75,0.36666666666666664,136.52931118742893,367.2113505780854,0.3718003568585137,13
14181,2026-03-24 09:00:00,70915.6640625,0.4666666666666667,254.299912446124,377.52838155460626,0.6735915095944692,15
14182,2026-03-24 10:00:00,71307.640625,0.5,303.3802585153647,379.3521001456903,0.7997326452096915,7
14184,2026-03-24 12:00:00,71123.2421875,0.5,212.10611183352918,377.4450091698652,0.5619523551259172,13
14186,2026-03-24 14:00:00,70017.3828125,0.9666666666666667,244.41589967447993,386.1612128614312,0.6329374663586043,19
14192,2026-03-24 20:00:00,69297.703125,0.7,137.13431012107569,386.3432434048612,0.3549545966237291,6
14194,2026-03-24 22:00:00,70280.640625,0.16666666666666666,129.30908943570302,393.3348508136813,0.32875065397384634,14
14197,2026-03-25 01:00:00,70869.515625,0.6,264.38138252524055,389.4949988737474,0.6787799157619948,15
14204,2026-03-25 08:00:00,70908.28125,0.4,188.2960523846464,388.7885196987295,0.48431484687499565,12
14205,2026-03-25 09:00:00,71229.4296875,0.5,259.3124426658814,390.03311372494426,0.6648472489665364,8
14208,2026-03-25 12:00:00,71661.7578125,0.36666666666666664,181.34873318373013,390.52219758188585,0.46437496845670184,6
14214,2026-03-25 18:00:00,70737.6953125,0.8333333333333334,143.39980266137158,401.11510035401704,0.3575028776897441,16
14216,2026-03-25 20:00:00,70781.0078125,0.6666666666666666,120.08018239405537,399.40508572762633,0.30064760486285813,13
14217,2026-03-25 21:00:00,70991.0234375,0.23333333333333334,105.8231012947191,399.92614696740907,0.2646066082379527,9
14218,2026-03-25 22:00:00,70997.5703125,0.7333333333333333,88.45683570402626,399.84394698296916,0.22122839765733396,9
14219,2026-03-25 23:00:00,71345.9453125,0.3,157.46641221657094,401.29218645437186,0.39239840079586336,6
14221,2026-03-26 01:00:00,71243.4140625,0.3333333333333333,218.56691253122358,401.15461753862144,0.5448445636056549,16
14223,2026-03-26 03:00:00,70867.078125,0.5666666666666667,102.97383508745976,370.9801571431477,0.27757235287311044,9
14225,2026-03-26 05:00:00,70754.3984375,0.6333333333333333,113.45330001599235,370.893260153438,0.30589205090719873,13
14229,2026-03-26 09:00:00,69978.7265625,0.4666666666666667,149.6872091397172,377.38679340810995,0.3966413551145228,12
14230,2026-03-26 10:00:00,69565.8046875,0.7333333333333333,222.51044633643866,379.7313596152141,0.5859680553165556,10
14233,2026-03-26 13:00:00,69421.5703125,0.3333333333333333,202.74133506036034,379.8144094311337,0.5337905303909238,11
14234,2026-03-26 14:00:00,69518.5390625,0.43333333333333335,206.14842583074338,379.55901070083365,0.5431261543497605,13
14236,2026-03-26 16:00:00,69042.921875,0.43333333333333335,182.95869671033674,377.3027557881158,0.484912166432948,9
14241,2026-03-26 21:00:00,68958.2109375,0.8,153.32203311335488,382.0857884093255,0.4012764613718168,10
14245,2026-03-27 01:00:00,68707.9765625,0.5,183.48659559896805,378.2580734257198,0.485083091385755,11
14249,2026-03-27 05:00:00,68542.78125,0.4,150.71475985323852,374.02032693583124,0.4029587404726692,8
14257,2026-03-27 13:00:00,66590.46875,0.8333333333333334,457.62448852447494,372.57311207654703,1.2282810371738626,15
14260,2026-03-27 16:00:00,66089.65625,0.6333333333333333,257.34083053512165,335.90659805648136,0.7661082932698179,8
14262,2026-03-27 18:00:00,65604.5,0.5,213.45766601839438,325.4490181407,0.6558866492757742,10
14263,2026-03-27 19:00:00,65833.9140625,0.1,169.91569884289797,304.2625697533837,0.5584508767562868,6
14271,2026-03-28 03:00:00,66000.3359375,0.8333333333333334,146.44270239854325,295.5917750008975,0.4954221151725166,3
14274,2026-03-28 06:00:00,66309.6015625,0.7333333333333333,228.89937308296766,296.04766774908865,0.7731841795050666,4
14275,2026-03-28 07:00:00,66365.6328125,0.7,256.9879277520797,295.9608237185965,0.8683173824263555,5
14278,2026-03-28 10:00:00,66266.0546875,0.3,210.80907691508457,294.9674851727591,0.7146858128841425,4
14279,2026-03-28 11:00:00,66188.984375,0.3,148.60499542793875,282.0206100746871,0.5269295580510371,3
14281,2026-03-28 13:00:00,66407.1015625,0.6333333333333333,202.89821030017703,276.9957805504533,0.7324956715837778,4
14282,2026-03-28 14:00:00,66766.0703125,0.8666666666666667,179.4293732938126,279.9913084638563,0.6408390827495094,6
14285,2026-03-28 17:00:00,66881.890625,0.8,160.99654501588827,266.3638565084134,0.604423389593036,5
14286,2026-03-28 18:00:00,66807.7421875,0.36666666666666664,168.36542630611973,266.28014374553675,0.6322868237107965,4
14290,2026-03-28 22:00:00,66648.7578125,1.0,107.0044284823939,262.9559879838102,0.4069290427757135,2
14291,2026-03-28 23:00:00,66693.78125,0.36666666666666664,121.87501633864073,262.88562377433635,0.4636047212808391,3
14306,2026-03-29 14:00:00,66500.6015625,0.8666666666666667,186.52552254215658,245.38258544721378,0.7601416465728844,4
14310,2026-03-29 18:00:00,66329.515625,0.43333333333333335,191.59887472984556,242.93256948269217,0.7886915909951552,3
14315,2026-03-29 23:00:00,65802.9296875,0.13333333333333333,261.7354505969573,245.45060849920978,1.0663467171555208,9
14318,2026-03-30 02:00:00,66585.34375,0.1,170.60005069566444,247.02833671897844,0.69060923520584,4
14328,2026-03-30 12:00:00,67602.984375,0.6333333333333333,203.55106622586428,246.20282807390763,0.8267616900190938,11
14330,2026-03-30 14:00:00,67478.3203125,0.7,210.548007112274,247.26841419468036,0.8514957634115957,10
14331,2026-03-30 15:00:00,67757.8203125,0.3,185.16687184228297,248.41778102087943,0.7453849361399769,9
14337,2026-03-30 21:00:00,66608.578125,0.26666666666666666,196.77925899760658,248.88793757976333,0.7906339733099479,4
14338,2026-03-30 22:00:00,66763.3046875,0.13333333333333333,164.27276128469276,249.48658974928867,0.6584432511974769,3
14343,2026-03-31 03:00:00,67948.859375,0.5,207.57190478545877,263.60853294698853,0.7874248320603541,6
14344,2026-03-31 04:00:00,67651.0625,0.5,175.79788451307655,265.0929140287149,0.6631557284629422,9
14347,2026-03-31 07:00:00,67456.2890625,0.36666666666666664,220.26211588178728,264.17577326345474,0.8337710652298398,9
14349,2026-03-31 09:00:00,66766.40625,0.5333333333333333,190.80949605062798,269.18048172294243,0.7088533865060141,5
14357,2026-03-31 17:00:00,67551.109375,0.26666666666666666,223.04224611549733,272.7508764041708,0.8177507953631149,8
14361,2026-03-31 21:00:00,68184.640625,0.3,151.46470072392773,274.4328278890551,0.5519190320232401,6
14363,2026-03-31 23:00:00,68148.875,0.5666666666666667,96.91331756341852,273.10563643184605,0.35485652668909085,4
14368,2026-04-01 04:00:00,68083.9375,0.5666666666666667,128.12554132174137,280.4674668554124,0.45682853258625217,3
14376,2026-04-01 12:00:00,68687.2265625,0.26666666666666666,148.88151459800977,291.73938004138836,0.5103236819687774,8
14378,2026-04-01 14:00:00,68173.1484375,0.8333333333333334,207.26543078908372,294.17153912682676,0.7045733635697673,15
14379,2026-04-01 15:00:00,68536.4609375,0.6333333333333333,214.89484969469726,296.01521568204925,0.7259587964069941,12
14381,2026-04-01 17:00:00,68792.8515625,0.6666666666666666,166.47262898416847,296.2072895063795,0.5620139506410868,11
14406,2026-04-02 18:00:00,66671.09375,0.8,163.02343281673478,351.2060876468911,0.464181682922995,8
14408,2026-04-02 20:00:00,67024.1875,0.5666666666666667,136.34979614844397,352.4233447166582,0.38689206657994424,7
14411,2026-04-02 23:00:00,67020.5078125,0.13333333333333333,128.31843614099358,352.36015361533515,0.36416840787587,8
14413,2026-04-03 01:00:00,66753.7578125,0.7666666666666667,263.05762730268447,351.77865400338123,0.747793034935417,12
14414,2026-04-03 02:00:00,66599.890625,0.7333333333333333,224.52598875466822,340.8792753790458,0.6586671733123206,10
14415,2026-04-03 03:00:00,66480.96875,0.8333333333333334,243.31035700433117,340.7850793229321,0.7139700995352771,8
14416,2026-04-03 04:00:00,66586.28125,0.8,164.69698095600995,339.6324831842628,0.4849270582480061,7
14417,2026-04-03 05:00:00,66618.578125,0.6333333333333333,206.7131568286553,338.0769437029039,0.6114381967742561,9
14418,2026-04-03 06:00:00,66555.1875,0.6666666666666666,189.30646808489723,335.00058247085536,0.5650929520439466,7
14420,2026-04-03 08:00:00,67027.1484375,0.5666666666666667,200.4969051586674,333.7703911465265,0.6007030895399241,10
14423,2026-04-03 11:00:00,66879.4921875,0.5333333333333333,132.6704751661342,332.5768559818517,0.39891673993506593,9
14424,2026-04-03 12:00:00,66995.7109375,0.8,202.725975256338,332.57317832941567,0.6095680243207608,10
14427,2026-04-03 15:00:00,66955.96875,0.8666666666666667,205.9000152354034,334.0614024369775,0.6163538012274481,11
14439,2026-04-04 03:00:00,66811.125,0.36666666666666664,133.54906685250563,322.70507793249106,0.41384247098969945,5
14445,2026-04-04 09:00:00,66917.296875,0.5666666666666667,123.29568769894912,306.8227956507517,0.40184656892082216,6
14448,2026-04-04 12:00:00,67113.609375,0.4,138.5689601583282,301.63987856468526,0.4593854128893396,6
14450,2026-04-04 14:00:00,67204.6640625,0.13333333333333333,156.90298888314524,291.61470400665814,0.5380489623032274,8
14452,2026-04-04 16:00:00,67364.34375,0.5,105.72370251428481,290.254976957606,0.3642442366448262,4
14453,2026-04-04 17:00:00,67442.90625,0.5,108.74802711538844,284.52303608900763,0.38221167821845076,4
14455,2026-04-04 19:00:00,67287.0078125,1.0,74.759375,276.85721552605276,0.270028631393806,2
14456,2026-04-04 20:00:00,67287.53125,1.0,75.828125,263.21887976907084,0.2880801144147642,2
14458,2026-04-04 22:00:00,67366.3125,0.06666666666666667,48.16799251504767,261.4796643468303,0.18421314955933618,2
14461,2026-04-05 01:00:00,67169.21875,0.6,102.22490106863278,258.218609354866,0.39588510419149003,7
14462,2026-04-05 02:00:00,67091.6640625,0.5,115.92888528613088,258.29274197899264,0.44882749858902177,8
14464,2026-04-05 04:00:00,67113.9453125,0.8666666666666667,81.03034616768123,258.2395371216292,0.313779783958939,5
14465,2026-04-05 05:00:00,67086.5078125,0.8333333333333334,114.368839707795,253.76747403999684,0.4506836037220794,4
14470,2026-04-05 10:00:00,67013.7265625,0.6,104.50889166489749,236.81286871154438,0.4413142420575001,5
14471,2026-04-05 11:00:00,67033.0078125,0.6,120.73188248536177,232.3863986676422,0.5195307607397104,6
14472,2026-04-05 12:00:00,66972.8359375,0.8333333333333334,110.71333406972202,232.39776310093512,0.47639586798276085,6
14477,2026-04-05 17:00:00,67188.7421875,0.3,100.51826580675,232.81439436817277,0.43175279638333003,4
14481,2026-04-05 21:00:00,67613.8515625,0.1,96.06318199019866,222.7930806411734,0.4311766851723565,3
14488,2026-04-06 04:00:00,69061.84375,0.3333333333333333,124.04832383984275,241.4808338079483,0.5136984243581808,10
14491,2026-04-06 07:00:00,68969.6484375,0.23333333333333334,145.71624041381563,197.8187720060217,0.7366148264704623,15
14497,2026-04-06 13:00:00,69356.1484375,0.13333333333333333,194.24126959986845,195.9032811132862,0.9915161629556544,16
14498,2026-04-06 14:00:00,69354.2890625,0.16666666666666666,119.48509209011974,195.92777009838304,0.6098425559078305,12
14502,2026-04-06 18:00:00,69563.90625,0.13333333333333333,136.76444978676815,185.3639292484611,0.7378158757276321,13
14504,2026-04-06 20:00:00,69704.140625,0.1,153.32783946934362,185.63990013670562,0.8259422643323588,9
14510,2026-04-07 02:00:00,68407.5,0.5,193.62822654234145,196.7333317337338,0.9842166796849915,8
14511,2026-04-07 03:00:00,68668.671875,0.43333333333333335,174.8528870903194,197.71566772972403,0.8843653570709535,13
14512,2026-04-07 04:00:00,68756.09375,0.4,172.12604556091554,197.2256604627955,0.8727365656021483,13
14519,2026-04-07 11:00:00,68233.8515625,0.7,283.7901859903585,219.3614878257814,1.2937101621764475,11
14525,2026-04-07 17:00:00,68216.5859375,0.6666666666666666,128.55389153490415,221.72955295310152,0.5797778862707348,11
14526,2026-04-07 18:00:00,68707.1875,0.6,120.24683278072698,225.07993321669076,0.5342405742806133,11
14534,2026-04-08 02:00:00,71457.9453125,0.3333333333333333,273.8060260664077,290.0053757719913,0.9441412088915211,12
14537,2026-04-08 05:00:00,71588.4609375,0.4,288.6621523040575,291.5137190962991,0.990218070006854,13
14538,2026-04-08 06:00:00,71718.125,0.3333333333333333,255.92869889996157,291.514680373989,0.877927309086549,11
14543,2026-04-08 11:00:00,71491.28125,0.7,202.48100576963418,293.33477689506356,0.6902727590396448,13
14544,2026-04-08 12:00:00,71665.8984375,0.26666666666666666,150.86343851719346,293.2208998007516,0.5145043843044872,9
14547,2026-04-08 15:00:00,70838.4921875,0.4666666666666667,252.49287011428729,310.0039490797098,0.8144827537321631,13
14556,2026-04-09 00:00:00,71115.125,0.16666666666666666,226.70154762123087,328.60280989073726,0.6898953411159531,14
14564,2026-04-09 08:00:00,70964.1015625,0.26666666666666666,170.84636538218754,331.0510046441046,0.516072638310992,12
14568,2026-04-09 12:00:00,71157.0078125,0.2,199.49331355014883,332.9793608130992,0.5991161526138075,12
14574,2026-04-09 18:00:00,72296.0078125,0.4666666666666667,267.8843645882798,350.5738203237262,0.7641311160682522,8
14579,2026-04-09 23:00:00,72041.1171875,0.5333333333333333,262.45672969790274,354.3825087773499,0.7406029451154376,13
14582,2026-04-10 02:00:00,72172.6484375,0.5666666666666667,188.49668613083156,347.4446430438071,0.5425229310761461,6
14585,2026-04-10 05:00:00,72075.203125,0.16666666666666666,126.36281199196463,341.9253294437839,0.36956259484350373,8
14586,2026-04-10 06:00:00,72110.9609375,0.5,187.3703547096373,339.61149425170476,0.5517197087880861,7
14588,2026-04-10 08:00:00,71474.5234375,0.6,238.10731811755593,342.59045331911847,0.6950202955473547,13
14589,2026-04-10 09:00:00,71601.859375,0.6,179.38810711010845,342.73344320075716,0.523404151736168,10
14590,2026-04-10 10:00:00,71796.2734375,0.36666666666666664,176.27504302439863,342.3862647175917,0.5148426242209058,10
14593,2026-04-10 13:00:00,72259.9296875,0.5333333333333333,329.34056006817946,339.4438825376796,0.9702356619481023,14
14602,2026-04-10 22:00:00,73203.6953125,0.3333333333333333,197.11450557851344,347.5629335734786,0.5671332772798147,3
14604,2026-04-11 00:00:00,72976.125,0.3,218.3337020290067,348.2158924553497,0.6270067126732383,6
14609,2026-04-11 05:00:00,72824.890625,0.9666666666666667,99.90542463649831,337.8938301516874,0.29567105321706744,3
14612,2026-04-11 08:00:00,72738.2890625,0.5,188.08659385359837,337.38741857568925,0.5574795724381855,6
14618,2026-04-11 14:00:00,72701.921875,0.3333333333333333,160.10046609141818,322.50383415591483,0.4964296517914185,8
14625,2026-04-11 21:00:00,73331.3046875,0.9666666666666667,169.22510845581414,321.6291278420569,0.526149822285113,3
14629,2026-04-12 01:00:00,73049.1640625,0.43333333333333335,156.3784650864274,311.997430683933,0.5012171566401316,6
14635,2026-04-12 07:00:00,71675.6640625,0.2,133.4716692352501,305.48776747867674,0.4369133020835818,6
14636,2026-04-12 08:00:00,71747.28125,0.1,115.63009706412714,304.0828091902506,0.38025857947064257,6
14645,2026-04-12 17:00:00,70902.7578125,0.9333333333333333,88.06894970807154,297.51416405800325,0.29601598964848497,5
14648,2026-04-12 20:00:00,71114.7265625,0.7,101.93810410746308,284.9715078852247,0.35771331970675374,4
14656,2026-04-13 04:00:00,70989.6875,0.7666666666666667,172.46770814950543,274.2250049653456,0.6289277236818741,5
14664,2026-04-13 12:00:00,70947.2109375,0.16666666666666666,134.91899952502686,273.87682771488096,0.49262656008811406,5
14666,2026-04-13 14:00:00,71608.9296875,0.1,205.18423822491746,276.9607697011041,0.740842244359561,7
14671,2026-04-13 19:00:00,72453.796875,0.2,138.99794461347562,275.44548648283023,0.5046295961801501,9
14676,2026-04-14 00:00:00,74532.7421875,0.1,401.28345772500904,317.2264951763939,1.2649745964689212,6
14680,2026-04-14 04:00:00,74454.3828125,0.6333333333333333,251.8993929501089,317.5179145254305,0.7933391516715,3
14681,2026-04-14 05:00:00,74397.703125,0.23333333333333334,180.16788812317972,316.69941348625656,0.5688923959153409,2
14682,2026-04-14 06:00:00,74209.84375,0.23333333333333334,202.38585057865333,316.4763714809414,0.6394975069753075,3
14684,2026-04-14 08:00:00,74547.5546875,0.5666666666666667,255.62082737105803,317.52400317852056,0.8050441063107318,3
14686,2026-04-14 10:00:00,74538.09375,0.13333333333333333,157.80394800058346,317.6708812921599,0.4967529518560191,3
14696,2026-04-14 20:00:00,74265.8984375,0.4,185.2939817848085,337.8585828373442,0.5484365092302979,5
14703,2026-04-15 03:00:00,74360.390625,0.2,159.4940063134874,342.15629797821424,0.46614371050870645,5
14705,2026-04-15 05:00:00,74354.171875,0.8666666666666667,119.59590924772077,341.69983104953957,0.3500028340089574,2
14707,2026-04-15 07:00:00,73942.46875,0.3333333333333333,286.2946163137799,343.11310161465,0.8344030436800898,11
14708,2026-04-15 08:00:00,73771.3515625,0.3333333333333333,160.51911046525842,343.5558943409567,0.4672285153866513,7
14709,2026-04-15 09:00:00,74139.9921875,0.1,152.62795746008496,345.3356676673097,0.44196986222437945,5
14710,2026-04-15 10:00:00,74038.53125,0.13333333333333333,142.75237802318537,345.5160134292472,0.4131570534354333,6
14711,2026-04-15 11:00:00,73890.8984375,0.7666666666666667,137.3937070799512,345.80677655244074,0.39731351840387025,6
14712,2026-04-15 12:00:00,74232.65625,0.03333333333333333,154.1398084283592,347.35820570396305,0.4437488618297541,9
14715,2026-04-15 15:00:00,74163.1796875,0.1,281.4010629664732,347.78451336958585,0.8091247659076531,12
14718,2026-04-15 18:00:00,74154.7109375,0.03333333333333333,138.4046724818218,348.5857770501449,0.39704624110900527,7
14724,2026-04-16 00:00:00,74836.359375,0.1,290.3976681708206,351.4130838828496,0.8263712465174755,10
14725,2026-04-16 01:00:00,74820.2421875,0.1,310.03673423884396,351.17952029421605,0.8828440051945429,11
14726,2026-04-16 02:00:00,74681.8671875,0.2,199.88708947355258,351.36074174639884,0.5688942039455984,6
14728,2026-04-16 04:00:00,74904.25,0.7,175.92078476464067,350.21827904691366,0.5023175410586582,2
14737,2026-04-16 13:00:00,74637.640625,0.16666666666666666,365.4132281621415,319.6046250844617,1.1433289742461454,13
14741,2026-04-16 17:00:00,74186.03125,0.16666666666666666,263.60764974538586,341.1503539326663,0.7727022607674467,11
14742,2026-04-16 18:00:00,74346.0,0.1,158.1745627733899,340.9468652744218,0.46392731209327337,7
14744,2026-04-16 20:00:00,75371.9765625,0.0,229.17582922157186,348.52884747376294,0.6575519670256967,4
14747,2026-04-16 23:00:00,74888.609375,0.7666666666666667,204.63167979919777,349.99979990055067,0.5846622765422781,6
14750,2026-04-17 02:00:00,74763.890625,0.4,145.68130701931977,349.08180593813836,0.41732712659661303,5
14751,2026-04-17 03:00:00,74728.546875,0.3,118.77679771647848,348.67433823291606,0.34065253645691307,6
14753,2026-04-17 05:00:00,74810.0078125,0.3333333333333333,90.13298660753362,347.2846971696794,0.25953630362093283,4
14755,2026-04-17 07:00:00,74964.25,0.1,185.72334400268923,348.16546046220975,0.5334341429391956,10
14756,2026-04-17 08:00:00,75085.9921875,0.03333333333333333,203.51670630844114,348.1209005984106,0.5846150172500453,9
14758,2026-04-17 10:00:00,75811.4375,0.0,212.47638466870544,353.7425672232238,0.6006525772020688,2
14764,2026-04-17 16:00:00,77838.4375,0.03333333333333333,328.88664541442733,380.9611066373519,0.863307670217118,4
14780,2026-04-18 08:00:00,77020.0078125,0.9333333333333333,147.83418459011045,330.1879069839224,0.4477274347824884,3
14787,2026-04-18 15:00:00,76280.609375,0.03333333333333333,279.25574067234356,331.4059299754526,0.8426395408586328,12
14790,2026-04-18 18:00:00,75852.1328125,0.8333333333333334,142.45918869292854,314.796770477053,0.452543361474266,5
14792,2026-04-18 20:00:00,75682.1328125,0.8666666666666667,86.79675899965056,302.76242722746684,0.2866827294076347,4
14798,2026-04-19 02:00:00,75652.1015625,0.0,73.99396782927212,291.3012960079811,0.2540118044213742,3
14799,2026-04-19 03:00:00,75530.3203125,0.43333333333333335,98.65217997728877,291.44248809946146,0.3384962179695002,3
14803,2026-04-19 07:00:00,75429.7421875,0.7666666666666667,111.60176564365287,288.14817618164324,0.38730686108282425,4
14804,2026-04-19 08:00:00,75291.1171875,0.4,137.74953126397205,288.51671305134136,0.4774403874463231,4
14809,2026-04-19 13:00:00,75611.90625,0.3,231.27554994590434,287.70459468713403,0.8038646383016796,8
14817,2026-04-19 21:00:00,74661.453125,0.3333333333333333,134.51172007697673,297.7307974063471,0.45178974176928455,6
14820,2026-04-20 00:00:00,73820.1875,0.4666666666666667,300.45337488649676,292.8923408976128,1.0258150621682767,8
14821,2026-04-20 01:00:00,74317.921875,0.5333333333333333,163.56593023963228,297.0953812330086,0.5505502292253723,6
14822,2026-04-20 02:00:00,74621.421875,0.43333333333333335,126.33947620444232,297.86113683045704,0.4241556234855671,4
14824,2026-04-20 04:00:00,74667.90625,0.6333333333333333,115.50833185879043,298.88814609583784,0.3864600632965649,4
14829,2026-04-20 09:00:00,74761.7578125,0.8,147.5050624756526,303.8146449691626,0.4855100467280781,6
14834,2026-04-20 14:00:00,75309.2890625,0.2,163.43958883060256,302.88374339431493,0.5396116245757886,6
14836,2026-04-20 16:00:00,75747.078125,0.0,123.7740067388742,311.07548849009646,0.3978905806421798,4
14837,2026-04-20 17:00:00,75367.1328125,0.16666666666666666,86.92423107845863,301.4604142635402,0.28834376576709825,2
14840,2026-04-20 20:00:00,76322.0078125,0.0,138.8165687038262,296.52342392211006,0.4681470585618563,4
14846,2026-04-21 02:00:00,75955.0703125,0.1,100.68641032978411,288.3869536968549,0.3491364953895353,4
14852,2026-04-21 08:00:00,76118.09375,0.5333333333333333,218.00429362603853,288.0563447544542,0.7568112891659109,8
14865,2026-04-21 21:00:00,75743.71875,0.0,107.42581321726713,261.3894399616112,0.41097992800720706,4
14877,2026-04-22 09:00:00,78029.703125,0.2,249.5099906633189,297.90680707468005,0.8375437711994647,8
14884,2026-04-22 16:00:00,79323.609375,0.0,239.5071012054665,300.02571000512114,0.7982885906723739,4
14887,2026-04-22 19:00:00,79062.453125,0.7666666666666667,199.79553150606256,305.29188844532206,0.6544410089750748,2
14890,2026-04-22 22:00:00,78794.7578125,0.1,158.84329204773405,308.8092837022942,0.5143734350968089,4
14901,2026-04-23 09:00:00,77877.34375,0.4666666666666667,249.60299692501184,318.6685089260299,0.7832684747112878,8
14903,2026-04-23 11:00:00,77425.90625,0.43333333333333335,203.4582620033932,319.7477443287325,0.6363086702316745,5
14904,2026-04-23 12:00:00,77722.296875,0.2,223.47001959000738,320.9224073796873,0.6963366048965762,9
14905,2026-04-23 13:00:00,77904.09375,0.0,285.53826601106914,320.15074916076406,0.891886921269348,8
14912,2026-04-23 20:00:00,77745.296875,0.2,194.82453365576055,323.9303828650769,0.6014395189873517,5
14914,2026-04-23 22:00:00,77901.0390625,0.6333333333333333,168.8740149259477,317.7231624654593,0.5315130745128049,7
14915,2026-04-23 23:00:00,78257.140625,0.36666666666666664,234.8129005084078,319.0489030161079,0.7359777710834278,9
14932,2026-04-24 16:00:00,78070.7578125,0.23333333333333334,181.54313006350796,311.85333019880204,0.5821426692726892,5
14933,2026-04-24 17:00:00,77804.0390625,0.2,178.14147419801108,313.2079365807009,0.5687642405961552,5
14937,2026-04-24 21:00:00,77748.6875,0.0,129.00759235654962,296.77542464038186,0.4346976927515976,5
14939,2026-04-24 23:00:00,77360.78125,0.16666666666666666,122.57796429647642,293.67003065130933,0.41740031839346936,4
14942,2026-04-25 02:00:00,77559.96875,0.13333333333333333,112.20706265381293,291.8460049252538,0.3844735263124498,3
14945,2026-04-25 05:00:00,77641.15625,0.1,97.3434756999797,289.95540567966066,0.3357187822444795,3
14946,2026-04-25 06:00:00,77542.1875,0.13333333333333333,151.1736413344716,287.93564291019345,0.5250258002328053,5
14947,2026-04-25 07:00:00,77526.421875,0.03333333333333333,100.49233183614935,287.7516382146349,0.34923287477929765,6
14957,2026-04-25 17:00:00,77427.6875,0.8,87.74921962950144,278.720392898999,0.31482884591548155,4
14958,2026-04-25 18:00:00,77274.5234375,0.3333333333333333,100.95454941557792,278.0754789644082,0.36304729130215546,4
14967,2026-04-26 03:00:00,77545.7109375,0.0,47.16437087224112,251.0421233018441,0.1878743306179432,2
14970,2026-04-26 06:00:00,78004.96875,0.36666666666666664,165.27744090178254,218.83971951144275,0.7552442548855509,6
14978,2026-04-26 14:00:00,77993.75,0.0,124.03363592829739,216.0235352382241,0.5741672350261138,5
14979,2026-04-26 15:00:00,78108.3671875,0.16666666666666666,162.59492240548735,215.82343309874497,0.7533701047703001,6
14983,2026-04-26 19:00:00,78301.9921875,0.13333333333333333,156.9939433218559,206.0628765779409,0.7618739771521862,6
14986,2026-04-26 22:00:00,78437.9609375,0.0,109.75409646111466,199.00230246318037,0.5515217417216641,4
14989,2026-04-27 01:00:00,79263.96875,0.36666666666666664,333.25462702023026,202.81046691761537,1.6431825836464509,8
14992,2026-04-27 04:00:00,79120.0234375,0.7666666666666667,237.2667818096868,196.53215483554567,1.2072669839102261,7
14996,2026-04-27 08:00:00,77621.2109375,0.8333333333333334,230.65223717291718,222.90197044831638,1.0347698439318993,9
14999,2026-04-27 11:00:00,77857.4375,0.6,165.7459988677834,222.25267013651538,0.7457548148509371,6
15000,2026-04-27 12:00:00,77847.890625,0.6666666666666666,141.33785664283707,221.27370657127707,0.6387467306121574,6
15006,2026-04-27 18:00:00,76721.2265625,0.23333333333333334,216.24989881082175,229.15152730023163,0.9436982653294459,5
15008,2026-04-27 20:00:00,76878.0,0.13333333333333333,144.79913826832973,227.10771803655828,0.6375791167300661,3
15012,2026-04-28 00:00:00,77364.40625,0.26666666666666666,175.9696829685999,228.7634586200018,0.7692211161263414,8
15013,2026-04-28 01:00:00,77381.796875,0.7666666666666667,154.2054862188128,228.7748817340768,0.6740490260554831,7
15016,2026-04-28 04:00:00,76809.3515625,0.16666666666666666,183.71496620889732,227.79233465946405,0.8065019680470822,4
15017,2026-04-28 05:00:00,76885.6015625,0.6666666666666666,152.80479246993372,227.95582345087314,0.670326338484021,3
15021,2026-04-28 09:00:00,76857.03125,0.7333333333333333,164.62914326205407,221.89024735351018,0.7419395184132221,5
15022,2026-04-28 10:00:00,76587.2421875,0.9,155.12488622614273,222.91148863887992,0.6959035048994153,3
15023,2026-04-28 11:00:00,76610.0078125,0.8333333333333334,123.68387687428994,222.58635835805455,0.5556669231064505,3
15024,2026-04-28 12:00:00,76219.9765625,0.9333333333333333,193.31941708713208,225.309861885383,0.8580157808870137,5
15026,2026-04-28 14:00:00,76191.3203125,0.6,201.55853862134006,224.30098320588664,0.8986074681461774,8
15027,2026-04-28 15:00:00,75940.0078125,0.9,204.15094781662285,219.59360316318865,0.9296762058451686,10
15032,2026-04-28 20:00:00,76325.9765625,0.6333333333333333,138.95903935572488,218.5446640964879,0.6358381703356262,3
15046,2026-04-29 10:00:00,77646.2421875,0.5333333333333333,155.60512765750832,234.97697579117175,0.6622143600818039,9
15053,2026-04-29 17:00:00,75766.9375,0.6333333333333333,142.6915323103651,250.50279807509094,0.5696205128518834,11
15060,2026-04-30 00:00:00,75752.8828125,0.4666666666666667,111.6469852061549,260.373800441882,0.42879500555231786,10
15062,2026-04-30 02:00:00,76212.84375,0.4,204.92759374516154,264.9663940803826,0.7734097543064004,7
15064,2026-04-30 04:00:00,75901.8203125,0.6666666666666666,166.4258230063092,270.8779069537115,0.6143942297765487,11
15069,2026-04-30 09:00:00,76035.7421875,0.16666666666666666,132.18358396715539,274.25427988363475,0.48197455304340364,10
15075,2026-04-30 15:00:00,76268.4921875,0.26666666666666666,204.11181117543708,275.55789494604085,0.7407220584821416,13
15076,2026-04-30 16:00:00,76438.84375,0.26666666666666666,148.12961017863833,275.04504802170476,0.5385649050731097,5
15077,2026-04-30 17:00:00,76220.046875,0.3,119.51412116316166,275.33503811806764,0.4340679703536761,7
15086,2026-05-01 02:00:00,76650.7421875,0.26666666666666666,186.3373315328295,275.3913262791138,0.6766274524709375,5
15087,2026-05-01 03:00:00,76566.4609375,0.8666666666666667,110.51870338919166,273.2879674802977,0.40440383968664606,3
15090,2026-05-01 06:00:00,77140.578125,0.3333333333333333,155.73486652142122,271.86830516817145,0.5728320056473197,7
15093,2026-05-01 09:00:00,77358.3984375,0.6,95.8832120805656,248.7548738206196,0.3854525967990008,4
15096,2026-05-01 12:00:00,77452.7265625,0.6333333333333333,129.15578319745072,248.4953420877865,0.5197513245613415,7
15104,2026-05-01 20:00:00,78373.9765625,0.5666666666666667,166.47213399390415,251.1511795532457,0.6628363613104631,9
15105,2026-05-01 21:00:00,77872.8125,0.6,155.16020452595342,256.2846733066468,0.6054213173345052,9
15108,2026-05-02 00:00:00,78234.046875,0.16666666666666666,120.05498857769021,258.2708344626458,0.46484144765116325,7
15112,2026-05-02 04:00:00,78409.6328125,0.1,140.25159531403574,254.64541124920152,0.5507721290794535,10
15114,2026-05-02 06:00:00,78179.6015625,0.5666666666666667,196.2837280100172,253.02449720448482,0.7757498984431856,10
15115,2026-05-02 07:00:00,78324.0234375,0.26666666666666666,137.69091053075,253.19100527394676,0.5438222830300454,7
15116,2026-05-02 08:00:00,78220.2109375,0.5333333333333333,91.39931068039904,253.39329658804814,0.36070137573130295,5
15117,2026-05-02 09:00:00,78311.359375,0.2,101.10952974644584,253.51032637395448,0.39883791399210544,6
15121,2026-05-02 13:00:00,78213.15625,0.16666666666666666,116.75083405673489,251.05726564792678,0.46503666705452706,8
15126,2026-05-02 18:00:00,78393.078125,0.13333333333333333,69.10257675290842,245.3259079386519,0.281676637145836,3
15128,2026-05-02 20:00:00,78484.46875,0.0,52.602299495018556,245.18023796070756,0.21454542965020112,3
15129,2026-05-02 21:00:00,78458.671875,0.0,53.20478359823409,245.20670575165045,0.21697931724640843,4
15131,2026-05-02 23:00:00,78833.9765625,0.06666666666666667,93.00377210945217,246.4032734301803,0.3774453594497611,6
15133,2026-05-03 01:00:00,78551.7109375,0.26666666666666666,136.31809631734743,246.88364472256822,0.552155232763729,9
15134,2026-05-03 02:00:00,78250.0,0.43333333333333335,99.94528515621234,248.60537504101677,0.40202383049731977,6
15135,2026-05-03 03:00:00,78162.859375,0.5,112.80752655392318,248.74644923975418,0.45350406769100726,6
15137,2026-05-03 05:00:00,78164.859375,0.3333333333333333,100.02768766171793,248.20696545438895,0.4030011304420836,6
15138,2026-05-03 06:00:00,78239.8671875,0.5,114.60675424374487,248.21984631428333,0.461714709542748,6
15141,2026-05-03 09:00:00,78382.84375,0.03333333333333333,81.0726658061139,242.50637227936852,0.33431148651515763,5
15148,2026-05-03 16:00:00,78656.84375,0.23333333333333334,106.93685065721299,230.63720112947018,0.46365829160918,6
15150,2026-05-03 18:00:00,78721.359375,0.06666666666666667,92.10671979403809,226.27270647513265,0.4070606712973604,5
15153,2026-05-03 21:00:00,78920.7734375,0.16666666666666666,88.66722682728134,212.370933637214,0.41751112220822334,6
15155,2026-05-03 23:00:00,79168.2578125,0.26666666666666666,133.9583572730344,203.9228171373887,0.6569071531744424,9
15159,2026-05-04 03:00:00,80164.7421875,0.3,290.7385495266157,245.6804749664997,1.1834011211768456,7
15162,2026-05-04 06:00:00,80013.53125,0.23333333333333334,296.19183460159246,237.47368579136122,1.2472617065531195,11
15165,2026-05-04 09:00:00,79695.359375,0.5,142.4802697491661,233.38896581691884,0.6104841728504605,8
15166,2026-05-04 10:00:00,79815.21875,0.2,152.95847547906408,233.22669624100308,0.6558360511225764,10
15167,2026-05-04 11:00:00,78937.6875,0.36666666666666664,185.3555244498115,247.77910427617198,0.7480676184994849,10
15169,2026-05-04 13:00:00,78868.5078125,0.6333333333333333,160.11708683623092,248.1990132824532,0.6451157267656658,11
15174,2026-05-04 18:00:00,80382.7421875,0.36666666666666664,271.7846631278234,287.5936373721033,0.9450301669093416,8
15175,2026-05-04 19:00:00,80108.8984375,0.7333333333333333,195.35730525330726,289.01080778048635,0.6759515561151189,4
15176,2026-05-04 20:00:00,80048.03125,0.0,130.08126867577832,288.0282841453292,0.4516267180557301,8
15179,2026-05-04 23:00:00,80059.6875,0.8,117.54393131671247,290.7112988857541,0.4043321734216659,6
15186,2026-05-05 06:00:00,80966.1015625,0.2,200.8001945802,292.9539694021742,0.685432578332935,4
15188,2026-05-05 08:00:00,80874.0,0.4666666666666667,200.61672470186164,288.96927099183796,0.6942493366622644,4
15192,2026-05-06 00:00:00,80937.359375,0.5666666666666667,159.9807163265441,289.3716638666107,0.5528555014297776,3
15204,2026-05-06 12:00:00,82522.046875,0.5333333333333333,210.44117704505294,273.57406899229693,0.7692292541475426,6
15206,2026-05-06 14:00:00,81667.0703125,0.8333333333333334,241.47271866245197,280.44035862159274,0.8610483877902857,4
15211,2026-05-06 19:00:00,81347.828125,0.5333333333333333,168.79783673760915,282.5568370032687,0.5973942748221536,3
15217,2026-05-07 01:00:00,81019.796875,0.13333333333333333,197.971921717363,285.5458436379287,0.6933104653009441,11
15218,2026-05-07 02:00:00,81175.59375,0.7666666666666667,145.88014778474897,285.72383092054895,0.5105634602292372,4
15222,2026-05-07 06:00:00,81085.9921875,0.6,236.54631574025544,287.19849875465377,0.8236335383574926,6
15228,2026-05-07 12:00:00,80857.328125,0.26666666666666666,246.00417739987802,292.79213179856447,0.8402007796067563,13
15229,2026-05-07 13:00:00,81160.8515625,0.13333333333333333,317.7718902600325,293.1288271852521,1.0840690535673805,17
15233,2026-05-07 17:00:00,79778.453125,0.2,104.83437546350032,302.37191890407473,0.34670671748707677,9
15236,2026-05-07 20:00:00,80124.5,0.0,102.54866656114271,303.90117512679274,0.33744083588474993,6
15238,2026-05-07 22:00:00,79730.4609375,0.4666666666666667,110.7666523966597,305.4452296496544,0.36263998139276565,8
15241,2026-05-08 01:00:00,79819.5234375,0.7,108.54815674855865,306.2884293311409,0.35439848963802295,8
15245,2026-05-08 06:00:00,79624.6171875,0.6666666666666666,145.9642419997416,305.63783360951135,0.4775725579387147,8
15246,2026-05-08 07:00:00,79472.875,0.5333333333333333,199.1370881760116,305.9995252434286,0.6507758076343227,12
15250,2026-05-08 11:00:00,80213.4140625,0.23333333333333334,176.46872108453982,309.66095777331594,0.5698772049065414,14
15254,2026-05-08 15:00:00,80134.4296875,0.06666666666666667,135.6420479386815,315.48992787610524,0.4299409773612453,9
15257,2026-05-08 18:00:00,80046.859375,0.36666666666666664,124.72198100214011,287.88376044214334,0.4332372927551979,9
15260,2026-05-08 21:00:00,80131.1484375,0.03333333333333333,89.0161217592902,284.53263957921564,0.3128503003765498,7
15262,2026-05-08 23:00:00,80273.96875,0.6333333333333333,123.44611842495642,282.60177265494195,0.4368200427945818,8
15265,2026-05-09 02:00:00,80318.2578125,0.1,130.09230080101523,282.0754917081325,0.4611967527317955,8
15274,2026-05-09 11:00:00,80259.3125,0.03333333333333333,93.32885975933921,220.5799521210122,0.42310671872908073,8
15275,2026-05-09 12:00:00,80330.5,0.16666666666666666,159.45248458147734,220.59793495942304,0.7228194797508288,11
15276,2026-05-09 13:00:00,80400.0078125,0.1,153.74917619829446,220.38883888786046,0.697626871551903,9
15278,2026-05-09 15:00:00,80325.09375,0.13333333333333333,139.05250134471476,217.17211417905168,0.6402870915096874,9
15284,2026-05-09 21:00:00,80786.4765625,0.3,76.67415000815593,212.02661567999516,0.3616251184421003,6
15287,2026-05-10 00:00:00,80658.9765625,0.5,145.743367801597,211.92481862451126,0.6877125989656989,7
15288,2026-05-10 01:00:00,80664.0,0.4,155.4323536631949,211.85601272761363,0.7336697772323155,10
15289,2026-05-10 02:00:00,80643.2890625,0.3,126.8364453031959,210.5826410668657,0.602311969593552,8
15295,2026-05-10 08:00:00,80725.84375,0.5,156.80916944776436,203.53514632076252,0.7704279692345612,11
15302,2026-05-10 15:00:00,80960.8984375,0.06666666666666667,105.04212879418706,190.89025725904733,0.5502749606106916,9
15304,2026-05-10 17:00:00,81357.2734375,0.1,119.55060128426344,192.6026458546491,0.620711105778289,5
15307,2026-05-10 20:00:00,81425.140625,0.0,49.43768646149343,185.08990945764145,0.26710092736204744,4
15308,2026-05-10 21:00:00,80723.9921875,0.0,154.96946388193194,197.71223768421896,0.7838132110438469,8
15310,2026-05-10 23:00:00,82035.109375,0.3333333333333333,401.44592456654453,237.92371023987306,1.6872884344389616,6
15311,2026-05-11 00:00:00,82186.8203125,0.4666666666666667,348.57034642297987,238.1300772640306,1.463781267901311,8
15316,2026-05-11 05:00:00,80806.4609375,0.4,173.6146656756123,250.63163726552276,0.692708500689729,9
15329,2026-05-11 18:00:00,81927.9921875,0.3333333333333333,212.34179246757344,241.45942708842315,0.8794098247810935,10
15333,2026-05-11 22:00:00,81812.453125,0.3333333333333333,130.0559981556022,235.7307640049354,0.5517141502705148,5
15335,2026-05-12 00:00:00,81727.0625,0.23333333333333334,195.31938419048183,235.56720979918614,0.8291450425421503,13
15336,2026-05-12 01:00:00,81528.2109375,0.6,195.23624520249507,235.0570769808706,0.830590798244223,14
15341,2026-05-12 06:00:00,81200.0,0.4,138.81660855635903,236.4408530959678,0.5871092357293071,9
15342,2026-05-12 07:00:00,80997.0390625,0.4666666666666667,132.01116556024263,237.20880159315308,0.5565188335071166,10
15346,2026-05-12 11:00:00,80643.390625,0.9,81.32889404688957,237.2772816481203,0.3427588746886416,5
15348,2026-05-12 13:00:00,80862.5390625,0.3,196.91955656600382,235.85250488273388,0.8349267126245381,11
15358,2026-05-12 23:00:00,80639.9921875,0.6666666666666666,95.08051608887651,233.44279455154643,0.4072968551954248,5
15362,2026-05-13 03:00:00,81040.6015625,0.6,126.60768626126873,236.19540762281108,0.5360294153705693,9
15364,2026-05-13 05:00:00,81217.390625,0.5333333333333333,96.76549735138622,236.83952095029076,0.40856989138943545,6
15373,2026-05-13 14:00:00,79613.25,0.7,286.1066711443274,251.94448061536778,1.1355941215521743,19
15375,2026-05-13 16:00:00,78775.0,0.9666666666666667,149.54625471583506,269.0436018649052,0.5558439363703088,15
15377,2026-05-13 18:00:00,79486.0,0.23333333333333334,106.51295490175461,274.1676551114788,0.38849569931378514,10
15380,2026-05-13 21:00:00,79676.6484375,0.5,95.94586605398867,272.81673299755454,0.35168614842568585,5
15383,2026-05-14 00:00:00,79288.7890625,0.7,188.71290630387716,274.0074151647018,0.6887145962471294,18
15385,2026-05-14 02:00:00,79572.2890625,0.36666666666666664,170.37572872427387,275.4438626043066,0.6185497368261565,14
15389,2026-05-14 06:00:00,79779.34375,0.5666666666666667,180.4213743093413,283.33661210273505,0.6367739522625558,9
15391,2026-05-14 08:00:00,79706.453125,0.5,189.29904359671173,283.37343709966984,0.6680197182000877,10
15397,2026-05-14 14:00:00,79675.6875,0.6,180.94244934614565,290.6612879849831,0.6225199461563452,13
15398,2026-05-14 15:00:00,80954.09375,0.3,332.8460270713104,317.9567556124416,1.0468279764340576,13
15399,2026-05-14 16:00:00,81304.0390625,0.06666666666666667,227.64960728236358,319.5939598660151,0.7123088539526912,10
15400,2026-05-14 17:00:00,81879.8125,0.16666666666666666,259.75846837063614,324.66223318779123,0.8000883435690118,9
15401,2026-05-14 18:00:00,81683.8828125,0.0,148.08243668833776,325.30886652328934,0.45520565815176245,8
15403,2026-05-14 20:00:00,81433.96875,0.43333333333333335,133.24652885122603,322.80377874602607,0.4127787145765139,8
15404,2026-05-14 21:00:00,81400.0,0.43333333333333335,113.53468113187138,322.6180400633349,0.3519167158463388,6
15405,2026-05-14 22:00:00,81375.9765625,0.26666666666666666,82.76976283931108,321.98110532641897,0.25706403720616,4
15411,2026-05-15 04:00:00,81053.6875,0.8333333333333334,97.71625599626016,283.83041203102266,0.3442769056952916,7
15412,2026-05-15 05:00:00,80703.4765625,0.7333333333333333,131.9574399901861,285.9137496610583,0.4615288356947417,8
15414,2026-05-15 07:00:00,80571.21875,0.7333333333333333,174.28046615298155,283.8317057250485,0.6140274769789438,10
15415,2026-05-15 08:00:00,80815.9921875,0.5,102.36921406106923,284.7591577206983,0.35949401901756056,7
15418,2026-05-15 11:00:00,80707.6015625,0.36666666666666664,162.90603244166186,286.4671405563501,0.5686726656512184,8
15419,2026-05-15 12:00:00,80616.046875,0.6,151.68728868269025,286.59373729256913,0.5292763551488229,8
15420,2026-05-15 13:00:00,80380.1328125,0.5333333333333333,198.6462603166909,286.88031035092735,0.6924360200032417,11
15424,2026-05-15 17:00:00,79268.34375,0.7666666666666667,91.92347555811446,333.94964248194754,0.2752614881541118,12
15434,2026-05-16 03:00:00,79094.1015625,0.36666666666666664,124.2262460671159,327.87193186713444,0.37888649192897933,13
15437,2026-05-16 06:00:00,78998.0,0.6,107.45111475159612,325.756984617744,0.329850532223226,11
15441,2026-05-16 10:00:00,78042.796875,0.3,198.00791499183578,328.828431821162,0.602161783563549,12
15442,2026-05-16 11:00:00,77931.4921875,0.23333333333333334,171.77466915299053,328.6626115079377,0.5226474297300528,9
15443,2026-05-16 12:00:00,78047.6796875,0.4666666666666667,189.549965425215,328.9845725488657,0.5761667301194199,9
15444,2026-05-16 13:00:00,77973.21875,0.4,185.3557411441002,329.00987067184064,0.5633744080856977,13
15447,2026-05-16 16:00:00,78200.109375,0.36666666666666664,125.22757709058499,328.79884693446365,0.3808637963853487,5
15451,2026-05-16 20:00:00,78234.40625,0.03333333333333333,74.13336679517323,324.0642914230987,0.22876129446297006,4
15462,2026-05-17 07:00:00,78077.5703125,0.5,149.98791478935433,316.4652833410184,0.47394745232679925,7
15466,2026-05-17 11:00:00,78431.359375,0.23333333333333334,139.1082014988446,317.56003739687856,0.4380532344030136,9
15470,2026-05-17 15:00:00,78014.7421875,0.16666666666666666,145.0312228849514,312.74544103392793,0.4637356899767495,9
15471,2026-05-17 16:00:00,78012.8984375,0.4,132.9292986870681,311.526266409323,0.426703341003062,6
15474,2026-05-17 19:00:00,78230.6796875,0.03333333333333333,72.46599923592416,292.29788778771956,0.24791831300728512,3
15479,2026-05-18 00:00:00,77407.59375,0.2,257.3138530334985,296.0249019249089,0.8692304308195329,9
15482,2026-05-18 03:00:00,76787.40625,0.43333333333333335,187.8800365714512,296.43538893290173,0.6337975949760098,5
15484,2026-05-18 05:00:00,76988.109375,0.4,162.53740303383293,295.511072194578,0.5500213640956603,4
15486,2026-05-18 07:00:00,76865.4765625,0.13333333333333333,201.13309144100472,293.3303855126902,0.6856878842928572,5
15491,2026-05-18 12:00:00,77238.5078125,0.4666666666666667,166.9691422047238,293.473327919921,0.5689414550486307,10
15494,2026-05-18 15:00:00,76343.890625,0.6,272.87841048478896,306.77695904338157,0.8895009955627111,8
15504,2026-05-19 01:00:00,77078.328125,0.5,167.4241428134,276.5650716376752,0.6053698025640074,8
15505,2026-05-19 02:00:00,76601.890625,0.43333333333333335,172.1104336913664,279.69013528855436,0.6153611156639518,5
15507,2026-05-19 04:00:00,76721.9921875,0.36666666666666664,145.97206321857834,274.62088727499327,0.5315402796452563,5
15508,2026-05-19 05:00:00,76855.2890625,0.13333333333333333,136.61577639585792,273.0080962622792,0.5004092489059775,7
15509,2026-05-19 06:00:00,76841.828125,0.6,138.97573452922182,272.2175179021162,0.510531929025944,10
15510,2026-05-19 07:00:00,76965.75,0.3,160.42239288620675,272.11944656228974,0.5895293221886114,10
15511,2026-05-19 08:00:00,77168.921875,0.4,176.72827860020183,271.399088797585,0.6511749150786921,10
15513,2026-05-19 10:00:00,76746.859375,0.7333333333333333,174.61754662941112,269.3557509872679,0.6482785163835802,7
15516,2026-05-19 13:00:00,76861.53125,0.6666666666666666,227.27262532666194,271.33258949133796,0.8376163945242464,9
15520,2026-05-19 17:00:00,76819.546875,0.16666666666666666,129.90169593853156,221.30390849142285,0.5869832883840197,10
15521,2026-05-19 18:00:00,76778.0078125,0.3333333333333333,115.67161174071755,217.02677526047958,0.5329831381491354,8
15523,2026-05-19 20:00:00,76759.7890625,0.5666666666666667,99.49114892557927,216.34807171921798,0.45986612284070366,5
15524,2026-05-19 21:00:00,76953.1875,0.1,88.93461192068382,216.68888182053,0.41042535811478714,8
15528,2026-05-20 01:00:00,76705.953125,0.4,164.15008407881368,217.30830819870977,0.7553787769987723,7
15531,2026-05-20 04:00:00,76637.609375,0.3333333333333333,139.66702447692145,217.1027631674715,0.6433221873329329,3
15532,2026-05-20 05:00:00,76695.9921875,0.4666666666666667,149.118406739462,217.13297623652775,0.6867607552020288,6
15536,2026-05-20 09:00:00,77372.4609375,0.3333333333333333,155.10580631868007,224.25254863750538,0.6916568273629833,7
15539,2026-05-20 12:00:00,77301.6171875,0.5,157.24488300266881,219.78510312519126,0.7154483209587728,10
15541,2026-05-20 14:00:00,77128.0078125,0.23333333333333334,249.8996834714141,222.44940027168158,1.123400122302901,11
15542,2026-05-20 15:00:00,77371.6328125,0.5,163.83299130036363,223.5310739426157,0.7329316162209394,13
15544,2026-05-20 17:00:00,77251.296875,0.2,106.35302722573846,223.7787843953054,0.47525965212978255,9
15545,2026-05-20 18:00:00,77495.4609375,0.5333333333333333,144.43310255203457,224.8399657405462,0.6423818028806452,8
15550,2026-05-20 23:00:00,77424.203125,0.0,85.57400783763944,227.89221045537033,0.37550211859653704,6
15552,2026-05-21 01:00:00,77889.9921875,0.36666666666666664,188.07635939054677,231.8043205190068,0.8113582998343012,11
15557,2026-05-21 06:00:00,77736.6171875,0.6666666666666666,149.27925963819342,231.23040594901985,0.6455866347919033,9
15558,2026-05-21 07:00:00,77536.7734375,0.4666666666666667,206.17746847215898,231.71748152850017,0.8897795156072422,10
15561,2026-05-21 10:00:00,77549.9609375,0.5333333333333333,149.81148173536846,234.86703531324824,0.6378565707850871,10
15562,2026-05-21 11:00:00,77108.0078125,1.0,122.72461350225285,238.73937959360808,0.5140526615724632,6
15564,2026-05-21 13:00:00,77197.9921875,0.4666666666666667,189.7522691234333,238.1897018213868,0.796643463896371,12
15566,2026-05-21 15:00:00,76891.34375,0.8,217.3161569022912,237.90990655770335,0.9134388729188236,15
15567,2026-05-21 16:00:00,77174.6171875,0.6333333333333333,186.39569565547032,239.74309940338807,0.7774809624107002,8
15570,2026-05-21 19:00:00,77320.0,0.4,178.10469421620346,253.32784084382226,0.7030600885514426,12
15571,2026-05-21 20:00:00,77607.9921875,0.6,159.10092639516188,255.03865009745797,0.6238306481561309,12
15572,2026-05-21 21:00:00,77633.9765625,0.2,121.58852739813045,254.9891920795878,0.47683796480354335,8
15575,2026-05-22 00:00:00,77542.65625,0.6333333333333333,138.0779955040166,253.3112480367439,0.5450922395834068,10
15576,2026-05-22 01:00:00,77304.2109375,0.9333333333333333,151.2894953132705,253.933832383212,0.59578313725821,9
15578,2026-05-22 03:00:00,77598.390625,0.7333333333333333,111.86116976048686,245.91137166309355,0.4548840869129885,7
15585,2026-05-22 10:00:00,77213.9921875,0.8333333333333334,105.49149396131732,243.80267478867282,0.43269211075209457,8
15586,2026-05-22 11:00:00,77224.671875,0.9,100.30352260581589,243.3172470148613,0.4122335092821824,9
15588,2026-05-22 13:00:00,77446.328125,0.5666666666666667,177.16327961164654,243.5627905043418,0.7273823692231364,11
15591,2026-05-22 16:00:00,76698.25,0.7333333333333333,135.674049657433,241.3444036334099,0.5621595015872632,4
15598,2026-05-22 23:00:00,75639.9765625,0.6,213.2755169730851,222.01986923645123,0.9606145508803386,9
15601,2026-05-23 02:00:00,75402.1171875,0.4666666666666667,161.82102499485242,222.8815104063531,0.7260405975346433,5
15606,2026-05-23 07:00:00,75312.3203125,0.36666666666666664,164.15108715715624,217.2438218010336,0.7556076200293363,6
15607,2026-05-23 08:00:00,74516.7265625,0.7333333333333333,207.07245520062065,230.33409214797427,0.8990091448016754,11
15612,2026-05-23 13:00:00,74674.8828125,0.23333333333333334,213.58213261086578,227.732919576768,0.9378623565174465,13
15615,2026-05-23 16:00:00,75428.8828125,0.7,162.23056460457425,230.35343913981438,0.7042680378915787,3
15616,2026-05-23 17:00:00,75347.4296875,0.36666666666666664,142.14685842422563,230.3989440201886,0.6169596784773895,3
15619,2026-05-23 20:00:00,75872.15625,0.43333333333333335,135.56181105769335,225.22846395239765,0.6018857860094652,4
15620,2026-05-23 21:00:00,77183.7734375,0.4666666666666667,314.9858080165591,261.0792567549519,1.206475810953467,15
15625,2026-05-24 02:00:00,76790.9921875,0.26666666666666666,114.51743004624538,264.9805301766444,0.432172997653467,9
15633,2026-05-24 10:00:00,76931.9921875,0.9333333333333333,132.4699165087659,262.0008930323261,0.5056086449767236,11
15636,2026-05-24 13:00:00,77013.640625,0.5,203.22997152342546,262.63251307528196,0.7738187825403432,13
15637,2026-05-24 14:00:00,76703.9609375,0.8,190.1510150900273,264.3733645695321,0.7192517877118298,12
15641,2026-05-24 18:00:00,76591.25,0.8,117.89341733310404,262.387279710758,0.44931071911360787,8
15646,2026-05-24 23:00:00,76710.0,0.6,155.3733128527626,272.99331579796717,0.5691469492525926,10
15648,2026-05-25 01:00:00,77057.140625,0.7,156.13411265395098,273.49442077284687,0.5708859150133432,11
15651,2026-05-25 04:00:00,76933.1015625,0.43333333333333335,140.64118310721238,271.48739270922187,0.5180394629147547,7
15652,2026-05-25 05:00:00,77292.40625,0.5666666666666667,138.34656843145171,273.807468816619,0.5052695203289306,6
15656,2026-05-25 09:00:00,77366.7890625,0.43333333333333335,157.09451691062,272.51762090083616,0.5764563641474898,10
15659,2026-05-25 12:00:00,77284.1328125,0.06666666666666667,138.6096161149173,271.46020007140436,0.5106075073931932,6
15660,2026-05-25 13:00:00,77282.0,0.8,245.01341572415961,269.84614009695565,0.9079745059022388,14
15661,2026-05-25 14:00:00,77257.53125,0.9666666666666667,135.14309095908766,266.1861693924943,0.5077014003677168,7
15662,2026-05-25 15:00:00,77636.0078125,0.7,163.38392477639619,268.8420781896539,0.6077319662033615,15
15664,2026-05-25 17:00:00,77663.15625,0.43333333333333335,140.60382731139129,268.56344398661076,0.5235404536977902,8
15667,2026-05-25 20:00:00,77384.0,1.0,64.0488614462487,267.3814023361096,0.2395411980289362,2
15673,2026-05-26 02:00:00,76667.4609375,0.8666666666666667,169.71018135711117,260.6544139418216,0.6510926816493148,9
15674,2026-05-26 03:00:00,76581.1328125,0.5666666666666667,160.57036289160328,260.76924937796923,0.6157565099206397,6
15676,2026-05-26 05:00:00,76660.84375,0.3333333333333333,120.08715029839261,258.77552066974454,0.464059158252649,7
15682,2026-05-26 11:00:00,77347.7734375,0.36666666666666664,153.6431063326147,270.0937092968326,0.5688511099818365,8
15683,2026-05-26 12:00:00,77097.9765625,0.36666666666666664,159.89226627675816,270.87713447217664,0.5902759809842186,8
15687,2026-05-26 16:00:00,76396.7421875,0.5,215.2173660804611,275.2955714331154,0.7817683552266999,10
15689,2026-05-26 18:00:00,75816.7421875,0.6666666666666666,270.83067418315966,276.48656909946294,0.9795436901881891,7
15690,2026-05-26 19:00:00,75705.8515625,0.9666666666666667,203.9137705622748,276.65534082901036,0.7370678980974591,7
15696,2026-05-27 01:00:00,75967.296875,0.5666666666666667,202.42059964463928,268.65124130656585,0.7534698096319279,7
15697,2026-05-27 02:00:00,75763.2109375,0.3333333333333333,123.17522729838448,268.3469692654898,0.45901478833741083,3
15699,2026-05-27 04:00:00,75544.0078125,0.5333333333333333,124.09566533198638,267.80760342926175,0.46337618403267183,3
15700,2026-05-27 05:00:00,75445.7421875,0.5333333333333333,200.73853626888123,267.64047298788716,0.7500305690984421,4
15701,2026-05-27 06:00:00,75574.0625,0.7333333333333333,191.95285828665388,267.83667165341893,0.7166787770385721,7
15703,2026-05-27 08:00:00,75838.4375,0.3333333333333333,195.87075168356606,268.23399956300466,0.7302234317896699,7
15709,2026-05-27 14:00:00,74915.7421875,0.6333333333333333,307.22879086215954,264.18291323449444,1.1629396735036253,8
15716,2026-05-27 21:00:00,75141.03125,0.5333333333333333,145.79083650337918,265.31939637577494,0.549491814374905,3
15720,2026-05-28 01:00:00,74439.9921875,0.36666666666666664,213.04001061103054,235.05709056629888,0.9063330533776928,4
15723,2026-05-28 04:00:00,73130.0234375,0.7333333333333333,268.45835506701405,254.5168731189251,1.0547762581601994,12
15724,2026-05-28 05:00:00,73035.9765625,0.3,239.54830890404432,254.41603892978063,0.9415613493226351,8
15727,2026-05-28 08:00:00,73359.046875,0.6666666666666666,253.9823500520856,257.9491185712733,0.98462189542977,8
15733,2026-05-28 14:00:00,72880.0390625,0.7,302.0797910340308,261.3025204428637,1.15605387396209,10
15735,2026-05-28 16:00:00,72791.3984375,0.4,235.7890357136925,260.3439800283645,0.905682688295705,10
15737,2026-05-28 18:00:00,73430.6015625,0.13333333333333333,156.37180279003107,263.6493612029722,0.5931051836292794,5
15741,2026-05-28 22:00:00,73710.828125,0.43333333333333335,183.94933703656395,264.86225846346514,0.6945094333322607,3
15742,2026-05-28 23:00:00,73361.703125,0.8333333333333334,156.11140443679446,266.3917438626631,0.5860219321109175,3
15747,2026-05-29 04:00:00,73187.9921875,0.6,152.31517398390974,253.77578162718035,0.6001958619033023,4
15749,2026-05-29 06:00:00,73595.2890625,0.8,182.78347016307933,254.74094918965164,0.7175268473503221,4
15751,2026-05-29 08:00:00,73410.9296875,0.3,199.8218765917225,253.0391517857069,0.789687584634915,4
15757,2026-05-29 14:00:00,73012.4921875,0.6333333333333333,421.9321282882949,253.94603730996465,1.6615031002562473,7
15759,2026-05-29 16:00:00,73694.5078125,0.6333333333333333,251.71034779648122,265.0339153175068,0.9497288205358014,5
15764,2026-05-29 21:00:00,73568.109375,0.7666666666666667,209.75856134263535,269.670500470233,0.7778328032798274,4
15765,2026-05-29 22:00:00,73307.203125,0.5333333333333333,211.3695712880733,270.5564966599973,0.7812400511442792,4
15768,2026-05-30 01:00:00,73394.46875,0.9333333333333333,246.49667798908996,270.08043627729285,0.912678761137703,4
15771,2026-05-30 04:00:00,73426.5625,0.9333333333333333,121.06928755070132,265.5602802132402,0.45590133981439096,3
15772,2026-05-30 05:00:00,73292.953125,0.5,184.4408587371684,265.74908652826866,0.6940413649081303,3
15778,2026-05-30 11:00:00,73549.5,0.23333333333333334,158.81064194200624,265.7727150891202,0.5975430618931409,3
15782,2026-05-30 15:00:00,73822.0234375,0.4,213.97667110199762,253.74713667871413,0.8432673326001999,6
15785,2026-05-30 18:00:00,73910.78125,0.2,160.55112634273817,252.18612930133165,0.6366374185112266,3
15788,2026-05-30 21:00:00,73871.1875,0.1,101.06993451367056,241.68279011528682,0.4181925178266043,3
15791,2026-05-31 00:00:00,73753.890625,0.7666666666666667,155.1829587761242,240.22790681860403,0.6459822292557491,3
15798,2026-05-31 07:00:00,73949.140625,0.3333333333333333,153.1530473401018,237.24295196018232,0.6455536237207429,3
15806,2026-05-31 15:00:00,73494.6484375,0.5666666666666667,194.27936340466496,237.73386060074415,0.8172136813566592,4
15814,2026-05-31 23:00:00,73836.609375,0.0,160.89392187211786,225.0879570883567,0.7148046654888786,3
15817,2026-06-01 02:00:00,73188.0,1.0,160.16454398853455,220.08022162895708,0.7277552830647499,3
15819,2026-06-01 04:00:00,73661.7421875,0.6666666666666666,98.66510244418328,225.76783849164414,0.43702018455491815,3
15821,2026-06-01 06:00:00,73249.7421875,0.6,156.82639233095608,226.41175254828636,0.6926601228331115,3
15831,2026-06-01 16:00:00,70988.2421875,0.6,302.47595904518846,213.85864350155282,1.414373317312247,10
15839,2026-06-02 00:00:00,71307.1875,0.9,157.09341939019492,211.8251909418032,0.7416182121292397,3
15847,2026-06-02 08:00:00,70011.0625,0.5666666666666667,205.4036607073753,219.82158603708305,0.9344107847203164,9
15850,2026-06-02 11:00:00,69546.6171875,0.3,232.29005969700603,222.89391356295835,1.042155238713567,7
15853,2026-06-02 14:00:00,68648.8203125,0.23333333333333334,175.53583540475157,226.64357403524266,0.7745017089143506,6
15855,2026-06-02 16:00:00,67169.296875,0.8333333333333334,336.5822114939079,246.17169337023907,1.3672661014997063,3
15856,2026-06-02 17:00:00,67298.0078125,0.7333333333333333,356.3317289490797,246.65847785495424,1.4446360491959982,3
15865,2026-06-03 02:00:00,66817.09375,0.9333333333333333,116.81683712289798,257.23615932262953,0.4541229251381588,3
15866,2026-06-03 03:00:00,66522.0,1.0,5.1499999999999995,258.1837913430186,0.019947030652895624,2
15867,2026-06-03 04:00:00,65748.8203125,0.8333333333333334,343.64292423526877,267.40568573848685,1.2850995418674052,3
15869,2026-06-03 06:00:00,67226.0,0.4,270.36910175814506,289.87116650643605,0.9327216122136868,8
15872,2026-06-03 09:00:00,66927.6484375,0.7666666666666667,306.8570886023669,291.1566619895105,1.0539243255008262,6
15874,2026-06-03 11:00:00,67190.2265625,0.1,270.9052986730505,292.6751191434762,0.9256177958203764,6
15877,2026-06-03 14:00:00,66786.0078125,0.9,261.81477753000587,292.8549498360684,0.8940083740314517,10
15880,2026-06-03 17:00:00,65961.2734375,0.16666666666666666,88.8579498022296,300.20146116024733,0.2959943947601151,3
15884,2026-06-03 21:00:00,64916.328125,1.0,96.54129039784925,305.56655646990737,0.31594193917408225,3
15885,2026-06-03 22:00:00,65660.0,0.0,47.42267826635263,316.59220755704683,0.14979104707688523,3
15887,2026-06-04 00:00:00,64039.98828125,0.8666666666666667,395.051891032144,332.60287831748315,1.1877584855265464,3
15889,2026-06-04 02:00:00,62084.0390625,0.26666666666666666,559.4694816911278,355.7123972725825,1.5728141216917053,3
15890,2026-06-04 03:00:00,63137.73828125,0.0,471.7199012413897,374.39650251592417,1.259947403545326,3
15895,2026-06-04 08:00:00,63540.75,0.9666666666666667,162.955809904969,396.3347780427247,0.41115697872822665,4
15900,2026-06-04 13:00:00,63696.98046875,0.6666666666666666,513.0922077864124,425.5604632766655,1.2056858004049138,10
15902,2026-06-04 15:00:00,63885.80859375,0.3,394.42819175269426,428.5257601071472,0.9204305282699287,9
15909,2026-06-04 22:00:00,63211.69140625,0.8,316.70775256496756,430.55734624595686,0.7355762370015342,6
15915,2026-06-05 04:00:00,62658.01171875,0.0,194.16519178366804,438.18554843571656,0.4431118106857255,5
15918,2026-06-05 07:00:00,61881.80078125,0.4666666666666667,472.0503930447935,457.3458908944583,1.032151818663062,10
15920,2026-06-05 09:00:00,62401.12890625,0.6666666666666666,302.3674967753047,478.17166347759553,0.6323408931768956,6
15921,2026-06-05 10:00:00,62804.6796875,0.5666666666666667,312.04391316311586,480.7902896776461,0.6490229105340936,5
15931,2026-06-05 20:00:00,60265.01953125,0.26666666666666666,371.752022100583,530.4424563720586,0.7008338371765471,6
15932,2026-06-05 21:00:00,61627.01171875,0.4666666666666667,401.65951680234934,550.2051977149401,0.7300176706263107,6
15937,2026-06-06 02:00:00,61025.8203125,0.3333333333333333,328.86271346442294,549.8570365343961,0.5980876693643095,5
15938,2026-06-06 03:00:00,60922.4609375,0.4,348.51709891622613,549.7544391734069,0.6339504951342371,6
15943,2026-06-06 08:00:00,60970.76953125,0.3,302.17474347538473,557.3371691045235,0.5421758322002648,6
15948,2026-06-06 13:00:00,60988.51953125,0.6333333333333333,410.16862351559536,557.7997938905781,0.7353330496139567,6
15955,2026-06-06 20:00:00,60570.08984375,0.8333333333333334,299.53284066187547,547.4913985869546,0.5471005415518004,4
15964,2026-06-07 05:00:00,61855.51171875,0.5333333333333333,402.704711367498,540.2345870639888,0.7454256373255849,3
15971,2026-06-07 12:00:00,62603.12109375,0.9,312.3466757861107,527.6688503840846,0.591936923240318,3
15977,2026-06-07 18:00:00,62130.48828125,0.9333333333333333,288.0413678823671,532.3360023525921,0.5410893995698289,3
15980,2026-06-07 21:00:00,61839.171875,0.8333333333333334,236.37101912154031,534.7201434401891,0.4420462217877519,2
15982,2026-06-07 23:00:00,62831.609375,0.8333333333333334,411.71142589317543,543.5200569068921,0.7574907690365211,3
15986,2026-06-08 03:00:00,63095.0,0.7666666666666667,315.8114366205178,529.3819594658189,0.5965662995754374,3
15993,2026-06-08 10:00:00,63448.328125,0.2,345.03158510074985,488.161867213892,0.7067974954085702,3
15994,2026-06-08 11:00:00,63108.69140625,0.2,316.7458078926368,487.5595667429082,0.6496556103054746,3
15995,2026-06-08 12:00:00,63419.5390625,0.1,327.42848824418536,488.57743469034375,0.6701670298213972,3
15996,2026-06-08 13:00:00,63774.2109375,0.5,350.5712236555893,488.50010440847666,0.7176482061965881,5
15997,2026-06-08 14:00:00,63709.96875,0.6666666666666666,275.1717553713604,481.0883954771365,0.5719775366821082,5
15998,2026-06-08 15:00:00,63919.03125,0.7333333333333333,237.72257868898026,481.3473771116987,0.4938690641993791,4
16002,2026-06-08 19:00:00,63442.01171875,0.3,229.82333137655874,464.01494631826097,0.49529294950539443,2
16005,2026-06-08 22:00:00,63707.62109375,0.4,239.76103154965747,462.8591908237617,0.517999936704182,2
16006,2026-06-08 23:00:00,63419.05859375,0.4666666666666667,248.11670668055802,463.36610155524926,0.5354658138516719,2
16007,2026-06-09 00:00:00,63062.96875,1.0,199.38437499999998,464.6998989557265,0.4290605086165426,2
16010,2026-06-09 03:00:00,62848.03125,0.06666666666666667,218.7286503814971,464.0575078646164,0.4713395358863771,3
16017,2026-06-09 10:00:00,62681.91015625,1.0,236.10369080775197,430.9499355853253,0.5478680266817326,2
16026,2026-06-09 19:00:00,61731.5,0.8333333333333334,210.45097332767065,393.71445375703206,0.5345269174637504,2
16027,2026-06-09 20:00:00,62049.1015625,0.0,211.88199860233362,383.80137077131377,0.5520615994062786,2
16032,2026-06-10 01:00:00,61877.9296875,0.9,300.9960709347436,313.4856274931447,0.9601590776002188,3
16039,2026-06-10 08:00:00,61641.078125,0.3333333333333333,377.27830167423906,306.5566427751875,1.2306968730438343,3
16040,2026-06-10 09:00:00,61224.76953125,0.5333333333333333,292.4163711160503,298.0555827424169,0.9810799999970473,2
16044,2026-06-10 13:00:00,61517.671875,0.2,376.9803814343425,301.53985732868165,1.2501842534979708,3
16049,2026-06-10 18:00:00,61905.98828125,0.5666666666666667,272.1273612657204,309.3414014659801,0.8796991284583926,5
16055,2026-06-11 00:00:00,61450.921875,0.26666666666666666,285.9733830541397,312.54435212797756,0.9149849648764158,3
16058,2026-06-11 03:00:00,62066.98828125,0.0,226.17657451250022,313.96710771170456,0.72038302407201,2
16061,2026-06-11 06:00:00,62536.1015625,0.13333333333333333,189.41286675032447,311.2981479454982,0.6084612709725684,6
16066,2026-06-11 11:00:00,63070.73828125,0.7666666666666667,363.0137133760097,308.4205918380857,1.1770086790008634,7
16069,2026-06-11 14:00:00,63031.5390625,0.4,283.01267354372334,303.3838024895282,0.932853603987286,6
16070,2026-06-11 15:00:00,62661.83984375,0.5,304.8182195806575,304.6291813586318,1.000620551915554,8
16071,2026-06-11 16:00:00,62680.48828125,0.36666666666666664,197.077610403187,295.49529043157077,0.6669399370641583,5
16074,2026-06-11 19:00:00,63384.12109375,0.4666666666666667,238.77046397525731,313.98221970632625,0.7604585514383077,6
16075,2026-06-11 20:00:00,63547.640625,0.0,224.11232792335426,314.3280844816619,0.7129885587313122,5
16078,2026-06-11 23:00:00,63434.30859375,0.7666666666666667,164.7597699065718,306.5232747932376,0.5375114500447281,4
16079,2026-06-12 00:00:00,63556.7109375,0.7666666666666667,165.71905586883443,302.0948945501504,0.5485662249128928,4
16080,2026-06-12 01:00:00,63574.6796875,0.8666666666666667,266.245656909334,301.8884605975567,0.8819338651842754,6
16081,2026-06-12 02:00:00,63350.4609375,0.5,259.04625180052193,282.93682568587036,0.9155621618803597,6
16082,2026-06-12 03:00:00,63534.83984375,0.7333333333333333,199.88683066876112,279.50660550965677,0.7151417058794883,5
16084,2026-06-12 05:00:00,63613.921875,1.0,91.85109374880389,275.36409241410706,0.333562349918425,3
16090,2026-06-12 11:00:00,63618.171875,0.1,206.6723370692555,279.0923500954383,0.7405159510770607,4
16097,2026-06-12 18:00:00,63823.19921875,0.1,140.60273437500004,289.821117366262,0.4851362649234185,2
16100,2026-06-12 21:00:00,63408.0,1.0,162.40862991629805,289.2653451633258,0.5614520806998102,3
16105,2026-06-13 02:00:00,63776.0,0.06666666666666667,118.92234394296509,287.17042839632234,0.41411765343345525,2
16108,2026-06-13 05:00:00,63472.4296875,1.0,143.17851562500005,280.01779487857334,0.511319345569048,2
16110,2026-06-13 07:00:00,63694.859375,0.13333333333333333,161.67742680117624,280.24551657048255,0.5769135177601098,2
16111,2026-06-13 08:00:00,63806.37109375,0.06666666666666667,118.54915259423218,278.1189983809336,0.426253342218132,2
16116,2026-06-13 13:00:00,64091.96875,0.6,276.09713072866526,275.96920891887913,1.0004635365310763,4
16117,2026-06-13 14:00:00,64061.62109375,0.0,169.50589003655142,275.91878574802394,0.6143325456330057,2
16119,2026-06-13 16:00:00,64258.01953125,0.1,226.69199832513888,275.8386458048715,0.8218282745105304,3
16123,2026-06-13 20:00:00,64260.01171875,0.8,201.91122369524956,259.9686006249035,0.7766754262241762,4
16124,2026-06-13 21:00:00,64251.98046875,0.0,202.90465914626165,258.5553760395057,0.7847628707409242,2
16127,2026-06-14 00:00:00,64429.98828125,0.8333333333333334,229.47919192611414,257.3035051665437,0.8918618958477855,4
16129,2026-06-14 02:00:00,64545.98828125,0.8,227.4244790032558,253.73681092033263,0.8963006911703549,3
16133,2026-06-14 06:00:00,64352.78125,0.8,229.08976678767112,249.3956834696657,0.9185795183000254,3
16138,2026-06-14 11:00:00,64485.4296875,0.7666666666666667,210.95267405559517,247.02267346191152,0.8539810176093896,3
16143,2026-06-14 16:00:00,63986.1796875,0.4666666666666667,209.13526256199603,238.4426998592156,0.8770881334822846,2
16150,2026-06-14 23:00:00,65377.71875,0.1,255.44429995447496,258.807056800563,0.9870067034196854,5
16152,2026-06-15 01:00:00,65590.0,0.5,354.70383251774774,255.71372212567664,1.3871130167329073,9
16153,2026-06-15 02:00:00,65484.44140625,0.7,330.9439152896204,256.1458624933916,1.29201351163015,9
16154,2026-06-15 03:00:00,65431.44140625,0.8666666666666667,206.4537973621084,256.17153740886994,0.8059201246569087,6
16167,2026-06-15 16:00:00,67242.296875,0.0,199.69050305636708,265.00478034637945,0.7535354750784415,7
16170,2026-06-15 19:00:00,66735.953125,0.2,240.9938148300695,264.7418221332406,0.9102974848786111,11
16171,2026-06-15 20:00:00,66553.828125,0.6666666666666666,149.00145130426384,264.6697265523319,0.5629712670398761,10
16175,2026-06-16 00:00:00,66276.796875,0.6666666666666666,252.4847713438154,242.2276448277731,1.0423449871848245,12
16178,2026-06-16 03:00:00,65704.9765625,0.6666666666666666,172.98470423025006,249.98925597615383,0.6919685550276243,5
16182,2026-06-16 07:00:00,66406.25,0.23333333333333334,252.81852892588958,256.4097386127842,0.9859942539377653,10
16187,2026-06-16 12:00:00,66431.109375,0.16666666666666666,278.8590124952507,255.81435595433493,1.0900835156609796,11
16189,2026-06-16 14:00:00,65997.9921875,0.23333333333333334,318.3689562182182,257.6023445394817,1.235893084697539,9
16190,2026-06-16 15:00:00,65601.171875,0.23333333333333334,253.66992805449627,260.9741356623076,0.972011756685104,7
16193,2026-06-16 18:00:00,65915.703125,0.06666666666666667,145.66372553762315,247.4729336807508,0.5886046743420221,7
16196,2026-06-16 21:00:00,65792.703125,0.0,197.3081112933489,241.5439197190534,0.8168622564494423,7
16201,2026-06-17 02:00:00,65872.2890625,0.0,161.76683571648988,241.2704054371795,0.6704793960260896,8
16208,2026-06-17 09:00:00,64861.98046875,0.23333333333333334,231.0518014962304,248.9132001063124,0.928242461217592,4
16213,2026-06-17 14:00:00,65240.19140625,0.06666666666666667,265.524013151719,250.58214950903067,1.059628603521696,7
16214,2026-06-17 15:00:00,65040.8984375,0.23333333333333334,204.37870334350998,251.2370151951924,0.8134896173030991,7
16222,2026-06-17 23:00:00,64233.98828125,0.23333333333333334,192.56619193896972,291.969063817868,0.6595431359094045,3
16227,2026-06-18 04:00:00,64215.05078125,0.9,191.5626550077275,295.2365341210482,0.6488446816991357,3
16229,2026-06-18 06:00:00,63927.73828125,0.3,218.47373627989055,297.9559922429023,0.7332416261720438,4
16232,2026-06-18 09:00:00,64336.01171875,0.4666666666666667,202.0510865134838,300.5933575259009,0.6721741563968987,4
16233,2026-06-18 10:00:00,64144.890625,0.6,172.982231064734,301.0544507045693,0.5745878549873521,4
16234,2026-06-18 11:00:00,64014.48828125,0.9666666666666667,148.4965086176377,300.9964316564528,0.49334973109291413,4
16235,2026-06-18 12:00:00,63901.9296875,0.8333333333333334,194.65948824188592,301.17690163787915,0.6463294070138728,4
16244,2026-06-18 21:00:00,63012.28125,0.7666666666666667,192.89867606026473,339.2546095549366,0.5685955934786732,4
16245,2026-06-18 22:00:00,62889.73046875,0.4,154.10543710670822,339.34475162509204,0.4541264786583877,2
16254,2026-06-19 07:00:00,62829.3203125,0.8333333333333334,176.07920843696638,309.5443501900778,0.5688335397782055,4
16257,2026-06-19 10:00:00,62317.12109375,1.0,150.88377507679309,309.03173851277234,0.48824685711224136,2
16261,2026-06-19 14:00:00,63150.0,0.6666666666666666,238.845274092119,311.2162515055026,0.7674575891737967,9
16264,2026-06-19 17:00:00,62909.98828125,0.7333333333333333,165.54286788600623,307.62630309640804,0.5381297575003728,4
16268,2026-06-19 21:00:00,63188.75,0.16666666666666666,146.04526574625646,299.2806938931648,0.48798759400895636,4
16279,2026-06-20 08:00:00,63589.359375,0.4666666666666667,150.2090206263352,292.32466403084675,0.5138431309733236,3
16280,2026-06-20 09:00:00,63358.48828125,0.9666666666666667,134.14749660664037,292.02456552512535,0.459370588790752,4
16284,2026-06-20 13:00:00,63594.44921875,0.4666666666666667,199.83178273914183,283.60488227587376,0.7046133378788504,5
16285,2026-06-20 14:00:00,63342.0,0.1,169.37015334310988,284.47343349073185,0.5953812672937276,4
16293,2026-06-20 22:00:00,63937.01171875,0.1,79.83955604506237,285.3323491679996,0.2798124933182882,3
16294,2026-06-20 23:00:00,64196.98828125,0.36666666666666664,126.91844420723042,286.3180383987816,0.4432778490555994,8
16297,2026-06-21 02:00:00,64162.0,0.4,70.51989823908926,285.64826395092894,0.24687669115749908,6
16298,2026-06-21 03:00:00,64160.1015625,0.26666666666666666,61.047275549696806,285.54297901298327,0.21379364942088477,6
16300,2026-06-21 05:00:00,64199.05078125,0.4666666666666667,76.51593383856914,285.4623480914311,0.2680421230685798,6
16308,2026-06-21 13:00:00,64107.671875,0.5333333333333333,160.69974805960786,280.8002134742339,0.5722921149928314,9
16310,2026-06-21 15:00:00,64061.2890625,0.6333333333333333,159.9619050806041,280.61693910198903,0.5700365259221456,10
16313,2026-06-21 18:00:00,64065.30078125,0.9,64.08448226606477,277.86028103680127,0.2306356346684076,6
16320,2026-06-22 01:00:00,63811.80078125,0.6333333333333333,154.76365931602487,246.67171516310538,0.6274073994000137,11
16323,2026-06-22 04:00:00,63888.75,0.6333333333333333,147.93532888416883,260.21360678072824,0.5685149624355659,10
16325,2026-06-22 06:00:00,64164.80859375,0.5333333333333333,140.96267257718503,260.50584119852704,0.5411113698205323,12
16327,2026-06-22 08:00:00,64131.3984375,0.5666666666666667,160.40843470977126,256.4627421258932,0.6254648662807695,12
16330,2026-06-22 11:00:00,64066.37109375,0.5333333333333333,98.17380488842883,252.49637693306076,0.3888127270612507,12
16331,2026-06-22 12:00:00,64583.23828125,0.06666666666666667,146.7483751081182,257.59397010019444,0.5696887044795287,7
16332,2026-06-22 13:00:00,65077.578125,0.3333333333333333,246.47198350141755,261.47958479051107,0.9426050744989628,9
16335,2026-06-22 16:00:00,64765.421875,0.3333333333333333,194.55588555885637,268.61413139164017,0.7242950493739785,11
16338,2026-06-22 19:00:00,64261.55859375,0.6333333333333333,129.29081326503712,222.42838894441286,0.5812693868737602,9
16353,2026-06-23 10:00:00,62298.0,0.6666666666666666,218.20591993435542,233.2415983767601,0.9355360341077872,9
16354,2026-06-23 11:00:00,62237.25,0.36666666666666664,195.015881336338,231.79942047082727,0.8413130668757707,10
16357,2026-06-23 14:00:00,62396.01171875,0.4666666666666667,287.071768508871,233.55755278024577,1.2291264619430944,15
16362,2026-06-23 19:00:00,62155.91015625,0.26666666666666666,131.71532528220902,230.24731723981088,0.572060195363852,10
16363,2026-06-23 20:00:00,62323.3984375,0.16666666666666666,148.58572846917468,229.761552777348,0.6466953529564744,8
16364,2026-06-23 21:00:00,62387.390625,0.26666666666666666,107.34552323806024,228.68369135196951,0.46940611551019434,6
16365,2026-06-23 22:00:00,62515.05859375,0.5333333333333333,95.79680809449913,228.94157979371667,0.41843341948114,5
16366,2026-06-23 23:00:00,62509.9609375,0.36666666666666664,106.03807507093612,228.79877683891073,0.46345560293617233,5
16367,2026-06-24 00:00:00,62644.859375,0.3333333333333333,180.90002389709343,228.06531571815404,0.7931939292367102,13
16371,2026-06-24 04:00:00,62649.69921875,0.5,164.8306521250038,229.22050797093405,0.7190920811758471,10
16376,2026-06-24 09:00:00,62707.5,0.43333333333333335,168.7048724761451,228.41667746071545,0.7385838650295579,13
16386,2026-06-24 19:00:00,59501.58984375,0.8,224.21784532402086,277.3009461598038,0.8085722332689336,13
16388,2026-06-24 21:00:00,60866.2109375,0.8333333333333334,268.36595722673775,298.3206405357664,0.8995889682482855,10
16392,2026-06-25 01:00:00,60666.69140625,0.8,257.80678277422874,301.2784797702209,0.855709252684934,8
16396,2026-06-25 05:00:00,61255.1796875,0.5,208.66320142702287,305.0481758429591,0.6840335984649327,11
16398,2026-06-25 07:00:00,61624.91015625,0.43333333333333335,174.21487863143068,305.9064629341909,0.5695037527497717,13
16400,2026-06-25 09:00:00,61613.828125,0.6,138.62094617534015,306.9745004937059,0.45157153428834196,12
16403,2026-06-25 12:00:00,61179.078125,0.5,256.11389404581445,309.4478278483986,0.8276480588879332,15
16404,2026-06-25 13:00:00,61134.44921875,0.7666666666666667,159.24502773026077,308.66317890204243,0.5159184464331552,10
16407,2026-06-25 16:00:00,59459.9296875,0.1,315.6719635532391,454.9708392720028,0.693829002444079,15
16413,2026-06-25 22:00:00,60113.96875,0.06666666666666667,175.16566178880205,465.1032942635815,0.37661668697950107,4
16419,2026-06-26 04:00:00,59941.1015625,0.43333333333333335,351.867042043856,490.6108095872869,0.7172019759202913,11
16421,2026-06-26 06:00:00,59860.01953125,0.36666666666666664,268.37630053167135,483.69362904158464,0.5548477061057139,7
16425,2026-06-26 10:00:00,59643.7890625,0.7,232.13203257153017,487.1436279354358,0.4765166149361931,7
16428,2026-06-26 13:00:00,59094.30078125,0.7666666666666667,386.0244986208716,488.40570963120575,0.7903767114277963,17
16434,2026-06-26 19:00:00,59565.98046875,0.9666666666666667,210.8338039549147,498.4930651916345,0.4229423008600217,5
16445,2026-06-27 06:00:00,60143.98828125,0.5333333333333333,182.88077394143153,498.70729294092325,0.366709644174174,5
16446,2026-06-27 07:00:00,60274.140625,0.3,169.5015144331002,498.9030818613032,0.33974838119004086,5
16449,2026-06-27 10:00:00,60321.01171875,0.7333333333333333,176.89586458750935,495.4058533470843,0.35707261711252947,7
16452,2026-06-27 13:00:00,60324.421875,0.6,196.81271792607598,493.1641838964429,0.3990815317752347,8
16455,2026-06-27 16:00:00,60741.01171875,0.2,103.75378841035378,493.08268737341064,0.21041863984930628,7
16456,2026-06-27 17:00:00,60710.390625,0.23333333333333334,142.60447758509068,492.5366812659897,0.2895306745855919,7
16460,2026-06-27 21:00:00,60199.37109375,0.16666666666666666,87.7108834423204,494.4438752462583,0.17739300218581108,3
16462,2026-06-27 23:00:00,60135.01171875,0.3333333333333333,104.19751459445504,494.08351327903324,0.21089049076529212,3
16466,2026-06-28 03:00:00,60051.23828125,0.26666666666666666,120.5276992021195,494.1607197779566,0.24390384419117073,3
16467,2026-06-28 04:00:00,60105.8984375,0.4,132.03967974256744,493.21055503327983,0.2677146269378966,3
16469,2026-06-28 06:00:00,59892.01171875,0.1,167.31224834861632,492.57578817201914,0.3396680315318034,4
16478,2026-06-28 15:00:00,59939.2890625,0.5666666666666667,235.40804228018294,490.36509406502796,0.4800668830823533,7
16479,2026-06-28 16:00:00,59799.19140625,0.9333333333333333,133.54402392859043,489.66800547156737,0.2727236054558698,4
16480,2026-06-28 17:00:00,59600.01171875,0.3,152.9571533377077,472.9599358008349,0.3234040386078674,4
16482,2026-06-28 19:00:00,59520.05859375,0.3,109.90305365918313,465.69003638145057,0.2360004403640722,2
16484,2026-06-28 21:00:00,59559.05078125,0.0,118.44462846984625,461.95842047816063,0.25639673013698383,2
16490,2026-06-29 03:00:00,59649.98046875,0.13333333333333333,138.2025975298685,454.256815535704,0.3042389080434303,3
16498,2026-06-29 11:00:00,59996.69140625,0.5333333333333333,176.87716251872845,451.9856432965525,0.39133358579417865,7
16503,2026-06-29 16:00:00,59704.76953125,0.6333333333333333,153.50117961136215,452.88684950868094,0.3389393615157727,4
16507,2026-06-29 20:00:00,60331.671875,0.3333333333333333,160.76805816629266,306.7392426874019,0.5241196292909006,7
16509,2026-06-29 22:00:00,60390.921875,0.26666666666666666,117.20890093801013,304.8556030361243,0.3844735008007096,7
16515,2026-06-30 04:00:00,59515.140625,1.0,134.27963976957463,296.53907100340695,0.45282275726840693,3
16517,2026-06-30 06:00:00,59548.0,0.4666666666666667,229.5590855818897,282.9716374553155,0.8112441502839299,4
16519,2026-06-30 08:00:00,59427.01953125,0.43333333333333335,197.94521964253852,241.41426589208086,0.8199400267879188,4
16523,2026-06-30 12:00:00,59076.8203125,0.6666666666666666,230.76922256969644,237.27830850800137,0.9725677160325616,4
16528,2026-06-30 17:00:00,58391.33984375,0.2,159.14905638179823,222.00692191701287,0.7168652896385312,3
16532,2026-06-30 21:00:00,58630.87890625,0.7666666666666667,144.43760151810605,201.82374056534766,0.7156620975981723,3
16533,2026-06-30 22:00:00,58553.8515625,0.36666666666666664,128.71663222476496,198.8190718089802,0.6474058602810112,2
16534,2026-06-30 23:00:00,58513.921875,0.23333333333333334,134.6536763601545,198.62209777031256,0.6779390504467865,3
16536,2026-07-01 01:00:00,58489.140625,0.5333333333333333,183.46314229837543,197.3777923347764,0.9295024537877086,4
16538,2026-07-01 03:00:00,58989.98046875,0.0,112.93958968390467,200.46475664927456,0.5633887550692985,2
16539,2026-07-01 04:00:00,59101.48828125,0.16666666666666666,141.1807869264369,200.8186066563068,0.7030264240806247,3
16541,2026-07-01 06:00:00,59060.8984375,0.7333333333333333,180.82673296408655,198.7479244412122,0.9098295414781723,5
16545,2026-07-01 10:00:00,58865.859375,0.2,132.72140376826565,203.07364861301446,0.6535629052550538,3
16546,2026-07-01 11:00:00,58577.41015625,0.4666666666666667,178.68534342422697,203.97306394786935,0.8760242159714514,4
16547,2026-07-01 12:00:00,58536.73828125,0.8,194.8764771488874,203.8292649475086,0.956077024558143,4
16559,2026-07-02 00:00:00,59961.44921875,0.4,246.64182768298753,249.37363788605222,0.9890453127835711,13
16561,2026-07-02 02:00:00,60112.23828125,0.6,147.29689222557712,254.3553577856456,0.5790988383649835,7
16562,2026-07-02 03:00:00,60353.87890625,0.5,161.46010210430688,254.6848046354663,0.633960484354011,7
16573,2026-07-02 14:00:00,61872.44140625,0.13333333333333333,213.0205987558878,278.17955523924894,0.7657665516528667,20
16588,2026-07-03 05:00:00,61366.03125,0.16666666666666666,92.26061016970814,271.6438187821527,0.3396381724544132,4
16589,2026-07-03 06:00:00,61623.30078125,0.4666666666666667,121.13433335793711,271.0551113028498,0.446899277330335,13
16591,2026-07-03 08:00:00,61679.98828125,0.6,160.4238755144832,268.6650581947603,0.5971147740328366,14
16592,2026-07-03 09:00:00,61507.0390625,0.5333333333333333,144.95660215432704,268.12203951664355,0.5406366534271008,10
16593,2026-07-03 10:00:00,61642.30859375,0.13333333333333333,137.27570268496717,268.36659928157826,0.5115230548527889,8
16595,2026-07-03 12:00:00,61946.078125,0.13333333333333333,166.49396711685114,268.1828331000542,0.6208226126641567,14
16598,2026-07-03 15:00:00,62101.609375,0.2,155.26265117502535,267.3978645686176,0.5806428238516581,20
16606,2026-07-03 23:00:00,62512.0,0.7666666666666667,79.74960256054314,263.8799031239613,0.3022193111958194,8
16613,2026-07-04 06:00:00,62412.41015625,0.13333333333333333,96.6706687685464,262.2047873090313,0.3686838434975314,10
16618,2026-07-04 11:00:00,62450.078125,0.23333333333333334,101.71899061211461,258.8774185686389,0.3929233811683145,13
16619,2026-07-04 12:00:00,62429.1015625,0.43333333333333335,80.97488635866104,257.71667037161154,0.3142011971592689,13
16620,2026-07-04 13:00:00,62604.66015625,0.13333333333333333,123.10333907412944,258.0920967391486,0.47697446233136265,12
16621,2026-07-04 14:00:00,62538.0,0.6666666666666666,126.44652088521515,258.1622599646381,0.48979475506038417,10
16624,2026-07-04 17:00:00,62865.87890625,0.4,84.70067617603614,243.26549693220062,0.3481820366808642,2
16626,2026-07-04 19:00:00,63113.33984375,0.1,129.0357722873202,243.267392433251,0.5304277363137591,3
16627,2026-07-04 20:00:00,63238.171875,0.16666666666666666,137.82128907287947,243.25180665948605,0.5665786863643213,3
16633,2026-07-05 02:00:00,62844.8203125,0.2,84.63145353792062,243.14678832443474,0.34806733052544164,4
16634,2026-07-05 03:00:00,62639.98046875,0.36666666666666664,149.56110663290343,244.39383471320477,0.6119675924247959,11
16635,2026-07-05 04:00:00,62711.2109375,0.7333333333333333,103.38150646607194,244.28912471079687,0.4231932411582413,8
16636,2026-07-05 05:00:00,62776.44140625,0.16666666666666666,75.2083114233434,243.86563472027632,0.3084006137626171,3
16638,2026-07-05 07:00:00,62722.05859375,0.7,99.76498310084612,242.56865407741873,0.41128555328094835,9
16640,2026-07-05 09:00:00,62858.33984375,0.26666666666666666,92.60211224821172,242.6283829801942,0.38166232289390006,5
16644,2026-07-05 13:00:00,62692.421875,0.2,163.077026152491,241.11380928307042,0.67634876093321,11
16646,2026-07-05 15:00:00,62758.87109375,0.26666666666666666,173.95544399426726,238.70415849866436,0.7287491139172617,11
16650,2026-07-05 19:00:00,62764.58984375,0.03333333333333333,62.76804758944351,211.31912856542922,0.29702965375427,3
16652,2026-07-05 21:00:00,62673.9296875,0.9333333333333333,51.239796239166694,208.5509930150874,0.2456943287508576,4
16654,2026-07-05 23:00:00,63682.0703125,0.1,194.87083254322195,219.08274459904507,0.8894850797120758,8
16659,2026-07-06 04:00:00,63232.33984375,0.06666666666666667,114.43854277906011,200.59905779094325,0.5704839496221544,5
16662,2026-07-06 07:00:00,62917.96875,0.8333333333333334,138.6876228145013,187.3700677415721,0.7401802458959696,9
16663,2026-07-06 08:00:00,63024.26953125,0.3333333333333333,141.9224075909364,185.13698659133783,0.766580520748179,7
16666,2026-07-06 11:00:00,62756.26953125,0.2,135.1241807325074,183.6301383610395,0.7358496918781197,8
16668,2026-07-06 13:00:00,61688.01171875,0.6666666666666666,356.3199256053838,188.10595766018642,1.8942511446079557,23
16671,2026-07-06 16:00:00,63489.16015625,0.26666666666666666,226.66994084214957,240.52482204409313,0.9423972915385687,8
16681,2026-07-07 02:00:00,63796.44140625,0.7,128.4908510469849,249.06442367224517,0.5158940371832135,7
16688,2026-07-07 09:00:00,63047.01953125,0.5333333333333333,157.3355379364493,252.96093273119706,0.621975639628267,8
16690,2026-07-07 11:00:00,63228.0,0.6,199.5813035084631,253.2657333485831,0.7880312147627517,7
16692,2026-07-07 13:00:00,63418.30078125,0.8666666666666667,168.34501323886832,252.53125497748988,0.6666304068138982,9
16697,2026-07-07 18:00:00,64135.98828125,0.1,104.58674024769958,263.83696600991397,0.3964066970197407,6
16700,2026-07-07 21:00:00,63654.7890625,0.7666666666666667,92.80321711384407,267.5402442279901,0.3468757284782914,7
16701,2026-07-07 22:00:00,63388.69921875,0.4666666666666667,130.20289392473163,269.016305310843,0.4839962907612041,5
16703,2026-07-08 00:00:00,63323.26953125,0.5666666666666667,173.8319011512929,264.22014105095974,0.6579055648818468,10
16704,2026-07-08 01:00:00,63563.640625,0.23333333333333334,168.326663255188,265.20579591890635,0.6347020534447834,8
16709,2026-07-08 06:00:00,62586.0390625,0.6666666666666666,138.62541552697783,270.3415589726706,0.512778782713877,12
16714,2026-07-08 11:00:00,62128.01171875,0.6,118.41648803640194,284.5421937312023,0.41616495073579884,12
16715,2026-07-08 12:00:00,62245.44140625,0.5333333333333333,179.7343646188763,284.794376741979,0.6311022242609583,16
16716,2026-07-08 13:00:00,61894.2109375,0.7,299.9720650747085,286.8614161033605,1.0457037727465726,22
16717,2026-07-08 14:00:00,61870.4296875,0.8,185.18233662634808,286.85469663337284,0.645561459511428,19
16719,2026-07-08 16:00:00,61632.8984375,0.8333333333333334,139.44590046694336,286.9059642276432,0.48603346689684407,15
16721,2026-07-08 18:00:00,62039.98828125,0.7333333333333333,135.68511727359922,289.73368831385307,0.4683097711668888,17
16723,2026-07-08 20:00:00,62229.05859375,0.5,91.42776758663523,289.0513699649339,0.31630283432916,10
16733,2026-07-09 06:00:00,62537.390625,0.6333333333333333,176.34595448319044,292.5008604737901,0.6028903785019536,9
16737,2026-07-09 10:00:00,62894.12109375,0.9333333333333333,115.74982460882026,294.7168663190584,0.3927492377837321,8
16738,2026-07-09 11:00:00,62722.51953125,0.43333333333333335,143.5642852295182,294.259079694027,0.487883960552033,7
16739,2026-07-09 12:00:00,62718.96875,0.5666666666666667,162.1451579624086,294.0935480569669,0.5513387118951707,9
16740,2026-07-09 13:00:00,62552.05078125,0.6,165.28116758681128,293.1410659206416,0.5638280909831848,12
16743,2026-07-09 16:00:00,62810.109375,0.6333333333333333,146.70084685283658,295.57095890610105,0.4963303816984316,6
16748,2026-07-09 21:00:00,63257.5,0.26666666666666666,95.26809093219536,299.30351482045415,0.31829927219312704,7
16750,2026-07-09 23:00:00,63169.76171875,0.2,105.05122930723456,298.7504634113233,0.35163536855371746,7
16751,2026-07-10 00:00:00,63175.25,0.23333333333333334,104.58317960892482,298.7100063612976,0.3501160904614247,9
16756,2026-07-10 05:00:00,64004.03125,0.23333333333333334,120.81628805816796,296.50436682115475,0.407468832089889,9
16766,2026-07-10 15:00:00,63854.0,0.4666666666666667,275.49849755023837,300.71952352773945,0.9161310656467084,17
16775,2026-07-11 00:00:00,64128.48828125,0.13333333333333333,181.0202486358693,249.64532165433442,0.725109717403456,12
16776,2026-07-11 01:00:00,64076.6796875,0.26666666666666666,179.10943387828354,240.96241811571144,0.7433085842966359,15
16781,2026-07-11 06:00:00,64125.37890625,0.06666666666666667,123.78322470715726,230.5309196265668,0.5369484705464744,8
16784,2026-07-11 09:00:00,64216.87109375,0.26666666666666666,166.02429389723682,230.10424991545102,0.721517720590734,11
16788,2026-07-11 13:00:00,64139.53125,0.13333333333333333,136.16898148342213,227.70211141718025,0.5980136970883974,9
16789,2026-07-11 14:00:00,64195.03125,0.1,122.11389221875726,227.72814265945078,0.5362266200070354,9
16795,2026-07-11 20:00:00,64245.98828125,0.06666666666666667,87.26588144670366,214.6863212672997,0.40648086441451226,6
16798,2026-07-11 23:00:00,64158.0703125,0.23333333333333334,68.9262096446624,208.26266091862013,0.33095807640523583,4
16799,2026-07-12 00:00:00,63773.05078125,0.5333333333333333,114.2900219023748,211.5035285010813,0.5403693390476486,9
16809,2026-07-12 10:00:00,63915.19921875,0.8,79.30847799503,202.54311114233084,0.39156344319851216,5
16815,2026-07-12 16:00:00,64136.51953125,0.13333333333333333,82.716537943836,177.56115923163796,0.4658481522748333,4
16822,2026-07-12 23:00:00,63845.6015625,0.06666666666666667,71.49337813070416,174.58069197943473,0.4095148055612355,6
16826,2026-07-14 00:00:00,63228.3984375,0.23333333333333334,125.97476192060817,187.62332093991859,0.6714237936388956,6
16829,2026-07-14 03:00:00,62471.4296875,0.4666666666666667,164.02975631877783,200.21204081090983,0.8192801774279683,16
16837,2026-07-14 11:00:00,62725.609375,0.6,161.17102189042518,191.21465622181466,0.8428800651319427,8
16840,2026-07-14 14:00:00,63776.01171875,0.5,212.6172424407888,218.199979024028,0.9744145869847932,12
16844,2026-07-14 18:00:00,64586.359375,0.16666666666666666,175.37670092105208,222.21835141876076,0.7892089010711917,11
16846,2026-07-14 20:00:00,64522.359375,0.3,85.45042443603755,222.24009936856206,0.38449597835324456,6
16857,2026-07-15 07:00:00,64772.71875,0.7,169.5677977228584,216.83220643926185,0.7820231159726589,9
16862,2026-07-15 12:00:00,64679.3203125,0.2,305.7787674344513,217.70252973568827,1.4045714939817007,17
16866,2026-07-15 16:00:00,65369.98046875,0.6333333333333333,146.2410964619948,213.91718065679862,0.6836341803542137,5
16868,2026-07-15 18:00:00,65005.03125,0.3333333333333333,126.17429797919921,213.9241770436863,0.5898085000155576,9
16879,2026-07-16 05:00:00,64555.109375,0.1,71.97613819690612,215.4093808463959,0.3341365074914303,4
16880,2026-07-16 06:00:00,64865.140625,0.26666666666666666,84.48884570134986,217.56463499186685,0.3883390593535952,6
16881,2026-07-16 07:00:00,64719.01953125,0.4,137.9679467786922,218.0718737977897,0.6326719002131609,8
16897,2026-07-16 23:00:00,63918.8203125,0.9333333333333333,74.93436229583082,236.22634160385073,0.3172142521747004,5
16898,2026-07-17 00:00:00,63770.6015625,0.6333333333333333,141.49586047476492,233.52356850321974,0.6059168305010465,8
16904,2026-07-17 06:00:00,62782.58984375,0.4666666666666667,222.61862503678887,241.6244368153912,0.9213415164910519,14
16905,2026-07-17 07:00:00,62887.76171875,0.6333333333333333,199.76238649271426,241.05648400573244,0.8286953463071494,13
16908,2026-07-17 10:00:00,62924.26171875,0.9666666666666667,112.07739358426457,240.99015980523782,0.46507041480383554,4
16920,2026-07-17 22:00:00,64071.5,0.6666666666666666,105.10833333631741,247.3126379632309,0.4250018688973927,7
16922,2026-07-18 00:00:00,63889.66015625,0.7,106.39809627255997,247.60669531147138,0.4297060551562179,9
16929,2026-07-18 07:00:00,63935.4296875,0.6333333333333333,109.16644495421745,224.22783054705417,0.48685502012788234,6
16932,2026-07-18 10:00:00,63943.69921875,0.6333333333333333,54.60515347288312,223.28983460842596,0.2445483179681775,4
16940,2026-07-18 18:00:00,64440.1015625,0.16666666666666666,82.32902970375272,187.3343978392644,0.43947630896057976,6
16944,2026-07-18 22:00:00,64692.01171875,0.03333333333333333,72.48467067216622,181.71699793476478,0.3988876742184996,3
16948,2026-07-19 02:00:00,64725.0,0.0,71.67799041107564,180.61448925412319,0.39685625836045335,4
16949,2026-07-19 03:00:00,64784.08984375,0.03333333333333333,67.58582915301362,179.93828499040438,0.37560560920438796,3
16950,2026-07-19 04:00:00,64670.12109375,0.16666666666666666,73.70817030085563,179.03985053913274,0.41168583462789043,5
16952,2026-07-19 06:00:00,64682.2109375,0.1,72.69522524380548,177.42436342867504,0.4097251574642347,5
16954,2026-07-19 08:00:00,64678.0,0.2,91.22814336111784,174.89822556417923,0.5216070264111485,6
16956,2026-07-19 10:00:00,64470.3203125,0.26666666666666666,69.45322226511749,174.62276244734787,0.3977329260614519,4
16957,2026-07-19 11:00:00,64553.6484375,0.7333333333333333,60.62916998764574,172.8176109773938,0.350827497526144,6
16959,2026-07-19 13:00:00,64398.0,0.1,72.5008432040819,171.66788863371846,0.4223320026890662,6
16963,2026-07-19 17:00:00,64493.890625,0.7,76.53803522340714,166.2500228027549,0.4603790960932057,4
16969,2026-07-19 23:00:00,64629.2109375,0.2,79.09309243746647,162.28776245382778,0.4873632567333542,6
16975,2026-07-20 05:00:00,64493.66015625,0.4,131.5947304662312,165.3239125719919,0.7959812250930548,7
16977,2026-07-20 07:00:00,63859.0390625,0.5666666666666667,186.10725678663323,171.57578383629766,1.0846941953312026,8
16980,2026-07-20 10:00:00,64138.71875,0.6666666666666666,146.59586913988045,173.83521411185276,0.8433036418360816,9
16985,2026-07-20 15:00:00,64349.609375,0.3,179.42959381469137,185.3248681867688,0.968189512666286,7
16986,2026-07-20 16:00:00,65552.6328125,0.23333333333333334,213.02458176523237,218.8388944233557,0.9734310819224153,10
16988,2026-07-20 18:00:00,65533.51953125,0.3,163.1445361226671,215.13301022880256,0.7583426455528901,8
16992,2026-07-20 22:00:00,65241.69140625,0.23333333333333334,74.81963245056725,213.26866627054238,0.3508233710978183,4
17000,2026-07-21 06:00:00,65704.1015625,0.5333333333333333,158.6874214221916,215.6758824580581,0.7357680405135288,11
17004,2026-07-21 10:00:00,66250.78125,0.6,235.13369011516164,206.13797297330655,1.140661697229408,7
17005,2026-07-21 11:00:00,66148.2109375,0.4,224.57612375869573,206.03654051030975,1.089982015823345,10
17006,2026-07-21 12:00:00,66309.4609375,0.6,202.98829050085104,206.41869736739804,0.9833813171466665,6
17007,2026-07-21 13:00:00,66513.84375,0.23333333333333334,182.54384865094156,207.01817179497377,0.8817769332429858,6
17010,2026-07-21 16:00:00,66648.3984375,0.1,134.7095465741211,206.83566163822456,0.6512878171354273,3
17013,2026-07-21 19:00:00,66282.0,0.16666666666666666,109.15436074541469,209.48713448851782,0.5210551999382929,4
17014,2026-07-21 20:00:00,66418.0,0.13333333333333333,95.61377524847646,209.43404065501716,0.4565340712972868,5
17015,2026-07-21 21:00:00,66370.0078125,0.2,98.22036625891815,204.85630044675844,0.4794598264476876,3
17022,2026-07-22 04:00:00,66160.4375,0.8666666666666667,108.57839111541445,206.34986864639004,0.5261858988700353,7
17024,2026-07-22 06:00:00,65937.3203125,0.7,219.97233888978215,211.18000264303322,1.041634322079307,12
17030,2026-07-22 12:00:00,65972.5,0.3333333333333333,174.74741524708952,212.2736604124516,0.8232176093235124,11
17034,2026-07-22 16:00:00,66015.0078125,0.6,127.42447535496407,219.75491912630423,0.5798481138059385,8
17035,2026-07-22 17:00:00,66208.7265625,0.03333333333333333,92.43077757830996,220.11815991450752,0.4199143660578004,7
17039,2026-07-22 21:00:00,65892.421875,0.3,83.26170021804012,220.65520792404584,0.37733847753414707,6
17043,2026-07-23 01:00:00,66033.59375,0.6333333333333333,145.98734403384273,220.895969393767,0.6608873146689568,12
17044,2026-07-23 02:00:00,65799.0078125,0.43333333333333335,107.81600716071183,222.19918417125942,0.4852223358192573,7
17046,2026-07-23 04:00:00,65624.5234375,0.4666666666666667,73.40022374222112,222.7360061787067,0.32953910327066865,7
17047,2026-07-23 05:00:00,65570.5390625,0.3333333333333333,90.17557451792358,222.8052764451674,0.4047281821896883,7
17049,2026-07-23 07:00:00,65758.109375,0.16666666666666666,140.93813747860122,222.72387553444125,0.6327931261990232,10
17052,2026-07-23 10:00:00,65607.0703125,0.2,107.45201343669429,226.88508483210555,0.47359663821096276,10
17065,2026-07-23 23:00:00,65140.05078125,0.3333333333333333,98.2469460591839,235.1893074875145,0.4177355982239947,6
17068,2026-07-24 02:00:00,65030.0,0.3,84.46090354136436,234.1734189615835,0.36067673229479685,6
17069,2026-07-24 03:00:00,65066.98046875,0.06666666666666667,100.39834217528265,234.1485918934617,0.4287804652737958,8
17071,2026-07-24 05:00:00,65240.96875,0.5666666666666667,76.89770164676372,236.3881995324256,0.3253026242378719,6
17073,2026-07-24 07:00:00,65426.94140625,0.2,131.5014309314768,236.07605464536968,0.5570299415966457,10
17074,2026-07-24 08:00:00,65453.98828125,0.5666666666666667,111.08033510138274,233.76143808877143,0.4751867374258698,10
17076,2026-07-24 10:00:00,65064.2890625,0.23333333333333334,131.1558228547501,230.44571153402427,0.5691397855992888,8
17077,2026-07-24 11:00:00,64903.08984375,0.36666666666666664,112.58700667277992,228.45807217778903,0.49281255680544855,9
17078,2026-07-24 12:00:00,65027.6484375,0.3333333333333333,165.66958324958236,227.62856804177395,0.7278066398905563,11
17081,2026-07-24 15:00:00,63990.91015625,0.8333333333333334,185.59252080518263,227.78672810776328,0.8147644173429671,15
17083,2026-07-24 17:00:00,63889.83984375,0.6333333333333333,109.26773625514248,223.43200635887462,0.48904245204528823,11
17084,2026-07-24 18:00:00,64117.05078125,0.6333333333333333,95.78936860219422,224.49971797943135,0.4266792380156595,13
17085,2026-07-24 19:00:00,64210.8984375,0.7666666666666667,64.79224144389346,188.92348267814077,0.3429549388218545,11
17090,2026-07-25 00:00:00,64083.3203125,0.5666666666666667,139.79342533581598,183.6438146317336,0.7612204397743965,15
17095,2026-07-25 05:00:00,64117.19140625,0.5,57.04535369273896,177.11862970551965,0.32207427184584425,13
17098,2026-07-25 08:00:00,63951.75,0.6666666666666666,65.83310450312122,175.80305839688728,0.3744707578095629,14
17100,2026-07-25 10:00:00,63939.37109375,0.7666666666666667,63.79584240323159,174.0757726941899,0.36648317807731834,13
17111,2026-07-25 21:00:00,64275.05078125,0.06666666666666667,45.13791006709495,164.2385541611387,0.2748313896066631,7
17112,2026-07-25 22:00:00,64288.01171875,0.16666666666666666,44.507306249467355,163.74098641291238,0.27181530552913274,6
17117,2026-07-26 03:00:00,64460.8984375,0.0,44.707296916115475,162.06169568737772,0.27586590851398535,5
17118,2026-07-26 04:00:00,64490.4609375,0.03333333333333333,49.50513551062201,161.88039291599023,0.30581304269698245,3
17120,2026-07-26 06:00:00,64352.9296875,0.6666666666666666,43.369741066657724,160.8434946425903,0.26963938555941885,8
17122,2026-07-26 08:00:00,64309.421875,0.8333333333333334,45.24902774878618,159.51239994505661,0.28367091062746236,7
17123,2026-07-26 09:00:00,64423.01171875,0.3333333333333333,58.45769729989682,155.39723748275281,0.3761823456249337,6
17125,2026-07-26 11:00:00,64454.171875,0.23333333333333334,88.31456823333048,155.32738754823234,0.5685704860381238,11
17126,2026-07-26 12:00:00,64450.48046875,0.5666666666666667,113.31182256272723,154.49137553741778,0.7334507972924555,13
17127,2026-07-26 13:00:00,64405.01953125,0.5333333333333333,111.00875376843743,154.46356687967597,0.7186727330653385,14
17130,2026-07-26 16:00:00,64710.28125,0.26666666666666666,74.5725137487451,150.94517974914274,0.49403706612346204,4
17132,2026-07-26 18:00:00,64644.05078125,0.4666666666666667,78.84078211105201,146.4853560892157,0.5382161344717261,5
17136,2026-07-26 22:00:00,64791.12109375,0.16666666666666666,68.1190596846265,142.35531541462024,0.4785143391816792,3
17137,2026-07-26 23:00:00,65347.9609375,0.36666666666666664,164.25153812668216,153.19770729730953,1.0721540225658897,16
17144,2026-07-27 06:00:00,65403.98828125,0.06666666666666667,97.51441399134718,154.3208526824653,0.6318939553295201,10
17153,2026-07-27 15:00:00,64611.75,0.5333333333333333,143.7797988982501,158.97281028359936,0.9044301263955409,18
17159,2026-07-27 21:00:00,64903.48828125,0.43333333333333335,79.05723548047273,155.9824020414745,0.5068343251917099,7
17161,2026-07-27 23:00:00,63746.23828125,0.6333333333333333,234.00442223021003,185.5747055390069,1.260971540008848,18
17162,2026-07-28 00:00:00,63693.5703125,0.5333333333333333,253.81893473026037,182.79621462034922,1.3885349609532054,20
17168,2026-07-28 06:00:00,63385.51171875,0.36666666666666664,127.19557338565617,186.40386279548835,0.6823655447806244,11
17169,2026-07-28 07:00:00,63564.2890625,0.3333333333333333,203.58556874444284,183.9461802259632,1.1067670363926787,18
17171,2026-07-28 09:00:00,63353.5,0.5,106.47225535515793,183.72436193345575,0.5795217043329385,12
17173,2026-07-28 11:00:00,63401.109375,0.6333333333333333,107.8098839539728,183.05788763586375,0.5889387523602738,9
17174,2026-07-28 12:00:00,63393.6484375,0.5,164.74156972198642,182.21346460610323,0.9041130416904899,12
17177,2026-07-28 15:00:00,63336.05859375,0.4,125.81612757256826,188.5128893609963,0.6674139259073915,10
17179,2026-07-28 17:00:00,63973.390625,0.3333333333333333,96.56540804205041,182.8222205958544,0.5281929501092609,15
17181,2026-07-28 19:00:00,63654.05859375,0.8,96.6180355452133,186.06120740863008,0.5192809231481526,11
17190,2026-07-29 04:00:00,63659.94921875,0.8666666666666667,119.21470013349376,190.9980160611205,0.624167216979596,14
17197,2026-07-29 11:00:00,64395.33984375,0.5666666666666667,100.73613042753892,199.13600795979065,0.5058659730081536,15
17198,2026-07-29 12:00:00,64437.0,0.3333333333333333,140.66229638854327,198.6084820933271,0.7082391190243595,19
17199,2026-07-29 13:00:00,64201.91015625,0.7666666666666667,158.48739473372314,199.65966030472833,0.7937877610922182,23
17200,2026-07-29 14:00:00,64585.76171875,0.5,151.94923628232675,203.19225164909062,0.7478101898528117,19
17202,2026-07-29 16:00:00,63867.9296875,0.9666666666666667,106.4079588068578,211.6426220891779,0.5027718791067598,12
17205,2026-07-29 19:00:00,64430.51953125,0.6666666666666666,119.16876620810636,218.57326076558928,0.5452120071352639,12
17207,2026-07-29 21:00:00,63439.98828125,0.5333333333333333,170.6146369529401,236.66716518977904,0.7209053981617067,14
17212,2026-07-30 02:00:00,64187.6484375,0.16666666666666666,111.1947176447073,248.24462560757226,0.44792396762895115,15
17213,2026-07-30 03:00:00,64103.3515625,0.4,108.74439774941825,248.31804539987738,0.4379238632226764,15
17219,2026-07-30 09:00:00,64211.87890625,0.4666666666666667,97.35915265924766,249.60956336735828,0.3900457632545157,14
17225,2026-07-30 15:00:00,64612.05078125,0.4,181.51704129773591,254.7823383422914,0.712439655271057,21
17226,2026-07-30 16:00:00,64661.640625,0.6333333333333333,105.28348075136154,254.78215887577196,0.41322940827538956,9
17232,2026-07-30 22:00:00,64670.6796875,0.23333333333333334,62.78477217704253,254.90563298301495,0.24630594248666934,12
17236,2026-07-31 02:00:00,64493.6796875,0.7333333333333333,144.3397630550035,248.77186080714506,0.5802093636582947,22
17237,2026-07-31 03:00:00,64230.03125,0.7,114.06609763585601,250.07555868824682,0.4561265332533153,22
17239,2026-07-31 05:00:00,64239.46875,0.36666666666666664,85.97558004756651,248.7765720012156,0.3455935555183484,12
17250,2026-07-31 16:00:00,62625.76171875,0.36666666666666664,165.45072512254634,260.05639255114295,0.6362109521688017,14
17252,2026-07-31 18:00:00,63179.171875,0.6,154.19191819565117,258.19981949003596,0.5971805809167171,10
17254,2026-07-31 20:00:00,62892.0,0.5666666666666667,158.08115290163454,255.8596678508136,0.6178431881409631,6
17255,2026-07-31 21:00:00,62892.3984375,0.4666666666666667,129.39288947228883,255.46432827103126,0.5065008110839305,8
17256,2026-07-31 22:00:00,62894.8203125,0.7333333333333333,197.6195301396776,255.1412520932939,0.7745495035331129,11
17261,2026-08-01 03:00:00,62999.80078125,0.36666666666666664,70.99158645710729,234.11715178856016,0.30323103589275857,4
17263,2026-08-01 05:00:00,63035.7109375,0.6333333333333333,87.64172385912939,231.5339434801872,0.37852645941146446,5
17264,2026-08-01 06:00:00,62965.76953125,0.9666666666666667,93.55251557450823,231.5739066144296,0.40398556530927776,9
17282,2026-08-02 00:00:00,62764.2109375,0.4,110.76506675653802,215.74413429877106,0.5134094009858278,4
17287,2026-08-02 05:00:00,63519.609375,0.16666666666666666,93.65798085704127,218.79668163918612,0.4280594209901732,8
17291,2026-08-02 09:00:00,63130.0390625,0.7333333333333333,106.96645644957691,217.2808058423959,0.49229593030488283,9
17292,2026-08-02 10:00:00,63206.23046875,0.3333333333333333,79.18912982733039,213.96886694514242,0.37009650496318697,7
17296,2026-08-02 14:00:00,63053.98828125,0.5333333333333333,100.13018397302748,211.27045211173123,0.47394315188038333,9
17297,2026-08-02 15:00:00,63002.30859375,0.8333333333333334,95.7150210461001,211.2302368653132,0.4531312489467637,11
17300,2026-08-02 18:00:00,63227.94140625,0.8,94.46138718667085,199.08784360005345,0.47447089424723415,11
17301,2026-08-02 19:00:00,63307.6015625,0.8666666666666667,86.76761503137307,198.77056204091124,0.4365214553929491,11
17302,2026-08-02 20:00:00,63380.1796875,0.6666666666666666,75.77604476055765,198.3771137571547,0.3819797723910816,9
17306,2026-08-03 00:00:00,63493.3515625,0.5333333333333333,102.60159424494803,169.52701078614183,0.6052226944199461,13
17307,2026-08-03 01:00:00,63244.3984375,0.6,141.78606082673468,167.87390539265775,0.8445985723337794,13
17311,2026-08-03 05:00:00,62707.75,0.6666666666666666,93.99195813537622,155.86442613686657,0.6030366291076622,4
17313,2026-08-03 07:00:00,62541.83984375,0.9,110.37468441730034,156.90844839710044,0.7034336617615804,8
17314,2026-08-03 08:00:00,62524.6015625,0.8666666666666667,127.97139049415324,156.41851698466735,0.8181345339484162,6
17315,2026-08-03 09:00:00,62457.58984375,0.6333333333333333,106.50462972329576,156.47976330721005,0.6806287757107593,6
17316,2026-08-03 10:00:00,62749.359375,0.8333333333333334,103.99823494000263,159.44608022612502,0.6522470467289836,8
17317,2026-08-03 11:00:00,62656.0,0.43333333333333335,101.3851264062171,159.6468856414872,0.6350585919595935,4
