idx,ts,last_close,p_up,gen_sd,trailing_sd,disp_ratio,gen_distinct
74667,2024-07-11 14:50:00,73.59892,0.7333333333333333,0.0872307677761219,0.1468802879833144,0.5938902283881097,2
74671,2024-07-11 15:10:00,73.84892,0.0,0.06845271862882892,0.1460443289755395,0.4687119254065239,2
74676,2024-07-11 15:35:00,73.49892,0.0,0.07101188273639532,0.14868227100928413,0.477608273362741,2
74677,2024-07-11 15:40:00,73.74892,0.43333333333333335,0.09975966289151342,0.15028965673097444,0.6637826252413891,2
74686,2024-07-12 09:55:00,75.19892,0.1,0.17162720284234204,0.21953494547907745,0.7817762337007926,6
74690,2024-07-12 10:15:00,75.39892,0.7,0.0986997890332163,0.22023445224977778,0.44815780648740844,3
74691,2024-07-12 10:20:00,75.49892,0.7333333333333333,0.12363321002582756,0.22011976037433478,0.5616633864019178,3
74698,2024-07-12 10:55:00,75.44892,0.0,0.11629321059944664,0.2227324262442336,0.5221207013294383,3
74701,2024-07-12 11:10:00,75.44892,0.0,0.10484457094097686,0.22313517699715082,0.4698702031294492,3
74702,2024-07-12 11:15:00,75.49892,0.0,0.06115438764780367,0.22295906306237717,0.2742852737531218,2
74703,2024-07-12 11:20:00,75.49892,0.0,0.08395144737497887,0.22295906306237717,0.3765330111361824,2
74717,2024-07-12 13:30:00,76.29892,0.0,0.06738134838669747,0.20581288337954906,0.32739130456880294,2
74729,2024-07-12 14:30:00,76.39892,0.0,0.12572539218419246,0.19591533395777885,0.6417332918478305,2
74735,2024-07-12 15:00:00,76.69892,0.8333333333333334,0.11769256470021812,0.19339543876505783,0.6085591545061946,3
74741,2024-07-12 15:30:00,76.64892,0.0,0.0,0.19330045211873514,0.0,1
74743,2024-07-12 15:40:00,76.59892,0.0,0.058724941744468066,0.19339939552957552,0.30364594255149874,2
74744,2024-07-12 15:45:00,76.54892,0.0,0.05897419406250661,0.19358922512074095,0.3046357255974583,2
74745,2024-07-12 15:50:00,76.44892,1.0,0.0,0.19387756800721012,0.0,1
74746,2024-07-12 15:55:00,76.24892,0.6666666666666666,0.1553377735709034,0.19529330650003912,0.7954075659570661,2
74747,2024-07-12 16:00:00,76.34892,0.9666666666666667,0.05852636160097581,0.1946837042998894,0.3006228066773489,2
74761,2024-07-15 10:40:00,75.14892,0.8666666666666667,0.08353368930408381,0.21720929907377878,0.3845769479496833,6
74763,2024-07-15 10:50:00,75.19892,0.16666666666666666,0.07442206583876439,0.21705423178731675,0.342873139242398,6
74765,2024-07-15 11:00:00,75.24892,0.0,0.0632170928530935,0.21705423178731675,0.29125022042895504,6
74767,2024-07-15 11:10:00,75.29892,0.0,0.0823461559535887,0.21656716417385755,0.3802338007597596,6
74776,2024-07-15 11:55:00,74.84892,0.13333333333333333,0.09182749057047697,0.21385773090646673,0.42938588276071643,4
74779,2024-07-15 13:10:00,75.14892,0.4666666666666667,0.07688913914199705,0.21530084446462647,0.3571241874744704,6
74784,2024-07-15 13:35:00,75.34892,0.6,0.060312981854531246,0.14148807591078594,0.42627607638512993,4
74786,2024-07-15 13:45:00,75.04892,0.06666666666666667,0.08707094482534834,0.1442359164420518,0.6036703407388128,4
74788,2024-07-15 13:55:00,75.14892,0.6,0.08057391774517961,0.14010760072763737,0.5750859862471811,3
74789,2024-07-15 14:00:00,75.09892,0.1,0.08239465338393943,0.13941040745937558,0.5910222549772647,4
74791,2024-07-15 14:10:00,75.09892,0.2,0.06897799631913001,0.13891551627214715,0.4965463770367907,4
74792,2024-07-15 14:15:00,75.09892,0.16666666666666666,0.06618209969378301,0.13891551627214715,0.4764197799483157,4
74793,2024-07-15 14:20:00,75.14892,0.0,0.0755016423339964,0.13576937478788434,0.5561021581778245,3
74795,2024-07-15 14:30:00,75.09892,0.16666666666666666,0.0662737738199486,0.13501200693316517,0.49087318472908875,4
74800,2024-07-15 14:55:00,74.84892,0.2,0.058966064453125015,0.13507811568498648,0.43653306943249665,2
74804,2024-07-15 15:15:00,74.54892,0.26666666666666666,0.07101578791669837,0.13513097940041396,0.5255329920037627,4
74806,2024-07-15 15:25:00,74.64892,0.5,0.06013183280547979,0.13513097940041402,0.44498924726431427,4
74813,2024-07-15 16:00:00,74.64892,1.0,0.052447807908695146,0.13740344301520832,0.38170664983183883,4
74820,2024-07-16 10:05:00,73.59892,0.5,0.109527177497825,0.17016679790210068,0.6436459923329904,3
74828,2024-07-16 10:45:00,73.79892,0.26666666666666666,0.11496636854284827,0.17369185450209107,0.6618984457988166,3
74835,2024-07-16 11:20:00,73.64892,0.9333333333333333,0.04671172106850504,0.17113984947032948,0.2729447362088714,2
74849,2024-07-16 13:30:00,73.49892,0.5333333333333333,0.08905771844048735,0.14411384077226058,0.6179678368382603,2
74850,2024-07-16 13:35:00,73.44892,0.43333333333333335,0.08532141100298159,0.14412269031023184,0.5920054005328561,2
74852,2024-07-16 13:45:00,73.69892,0.0,0.08415284077852864,0.1444108882404074,0.5827319657395609,2
74856,2024-07-16 14:05:00,73.69892,0.8666666666666667,0.062381345805077745,0.14274625107047123,0.43700864532183903,2
74860,2024-07-16 14:25:00,73.74892,0.0,0.0710906982421875,0.14495565397114474,0.49043066823967424,2
74865,2024-07-16 14:50:00,73.69892,0.8333333333333334,0.06639407265039775,0.14509284433140016,0.45759715412808355,2
74867,2024-07-16 15:00:00,73.74892,0.8666666666666667,0.06201825644355482,0.14554921161845855,0.42609819561324,2
74868,2024-07-16 15:05:00,73.74892,0.8666666666666667,0.06239690677771444,0.1443525878727098,0.4322534683807406,2
74870,2024-07-16 15:15:00,73.64892,0.8333333333333334,0.06871421154306719,0.14456800535607953,0.475307184143684,2
74879,2024-07-16 16:00:00,73.64892,1.0,0.05584945678710936,0.13963162286190986,0.39997713728746287,2
74880,2024-07-17 09:35:00,73.54892,0.7666666666666667,0.4014530296762089,0.13988713803131844,2.8698351780299496,19
74883,2024-07-17 09:50:00,74.44892,0.36666666666666664,0.0804050001922883,0.1491327854468397,0.5391503950749293,4
74884,2024-07-17 09:55:00,74.19892,0.9333333333333333,0.09174028663604845,0.14822866651831584,0.6189105575250694,4
74889,2024-07-17 10:20:00,74.24892,0.6666666666666666,0.1077351138441757,0.15473019920976994,0.6962772257412896,3
74894,2024-07-17 10:45:00,74.34892,0.6,0.1045264131876745,0.15559654451442703,0.6717784994125158,2
74895,2024-07-17 10:50:00,74.44892,0.06666666666666667,0.10012488482787706,0.1556817669804201,0.6431381578580723,3
74896,2024-07-17 10:55:00,74.34892,0.6666666666666666,0.10587939808862551,0.15529297002810175,0.6818041928714843,3
74903,2024-07-17 11:30:00,74.14892,0.23333333333333334,0.07850657221008207,0.15564735583238937,0.5043874455189767,2
74904,2024-07-17 11:35:00,74.29892,0.5333333333333333,0.09887012967818185,0.15631782274580477,0.6324942859456204,2
74908,2024-07-17 11:55:00,74.19892,0.03333333333333333,0.03346143893756035,0.15822193332687862,0.2114841996553707,2
74914,2024-07-17 13:25:00,74.19892,0.16666666666666666,0.06716176566635454,0.11456745375120624,0.5862202874142817,2
74918,2024-07-17 13:45:00,74.49892,0.5666666666666667,0.10064055126282209,0.11562458205375097,0.8704079139160635,2
74919,2024-07-17 13:50:00,74.89892,0.0,0.08028380030955248,0.12156094588700116,0.6604407338536302,4
74920,2024-07-17 13:55:00,74.79892,0.4,0.08371774717072458,0.12202588788679158,0.6860654621779353,4
74925,2024-07-17 14:20:00,74.54892,0.5,0.10037817485862927,0.11749997557782654,0.8542825167835325,3
74933,2024-07-17 15:00:00,74.69892,0.9,0.07017984878151019,0.11967032904743388,0.5864431838713581,3
74935,2024-07-17 15:10:00,74.79892,0.06666666666666667,0.014579690165240052,0.12051144284399443,0.12098179078408251,2
74939,2024-07-17 15:30:00,74.69892,0.8666666666666667,0.0760097110528843,0.12116371087153165,0.62733066283746,3
74940,2024-07-17 15:35:00,74.64892,0.8333333333333334,0.08171479193419319,0.12116371087153165,0.6744163854541757,3
74944,2024-07-17 15:55:00,74.64892,0.3,0.08943129721447017,0.12217629991279699,0.7319856410637867,3
74946,2024-07-18 09:35:00,74.34892,0.6333333333333333,0.8902167513051038,0.12425679476717467,7.1643305541008155,26
74949,2024-07-18 09:50:00,73.94892,0.1,0.06973543532882853,0.13844280981926876,0.5037129441381982,6
74952,2024-07-18 10:05:00,73.64892,0.4,0.09662423466306451,0.13825290569115703,0.6988947840193193,13
74955,2024-07-18 10:20:00,73.64892,0.9666666666666667,0.08238986028497339,0.13880713847516765,0.5935563630952078,7
74957,2024-07-18 10:30:00,73.19892,0.9,0.10017227879582775,0.14138888663379726,0.7084876412902088,12
74961,2024-07-18 10:50:00,73.54892,0.4,0.06727991403451387,0.14087016587014672,0.4776022915777078,9
74965,2024-07-18 11:10:00,73.69892,0.8,0.06344180682974852,0.14248512202675734,0.44525214932850854,7
74973,2024-07-18 11:50:00,73.94892,0.5,0.07101821899414062,0.1436919723579242,0.49423929415653384,2
74975,2024-07-18 12:00:00,73.84892,1.0,0.04566313267948975,0.1445044729401991,0.31599805701783856,3
74976,2024-07-18 13:05:00,73.84892,0.8,0.0842178658361574,0.14441088824040815,0.5831822438205326,5
74986,2024-07-18 13:55:00,73.64892,0.6666666666666666,0.07419695591538027,0.13077980272322887,0.5673426199640653,12
74988,2024-07-18 14:05:00,73.69892,0.8666666666666667,0.05524828727031025,0.12966329529170417,0.42609041476246534,8
74991,2024-07-18 14:20:00,73.74892,0.8,0.06153673621579863,0.12863825731395434,0.4783704125096484,6
75000,2024-07-18 15:05:00,73.84892,0.06666666666666667,0.05860875312908099,0.1274609799029362,0.45981721758072625,7
75005,2024-07-18 15:30:00,73.79892,0.3333333333333333,0.057132541418233915,0.12590859456886863,0.4537620455050346,9
75008,2024-07-18 15:45:00,73.89892,0.13333333333333333,0.05446123272884226,0.12355273794278343,0.44079341045491804,5
75011,2024-07-18 16:00:00,74.04892,0.26666666666666666,0.05975734641550699,0.12275740578654107,0.4867921901137039,4
75025,2024-07-19 10:40:00,71.79892,0.7666666666666667,0.06390276712594978,0.18793715830535176,0.34002199300110447,5
75029,2024-07-19 11:00:00,71.94892,0.8333333333333334,0.09230777649811187,0.19044891360948055,0.4846852352615194,7
75031,2024-07-19 11:10:00,71.89892,0.9,0.07283466689416365,0.18990839220222477,0.3835252673647268,8
75032,2024-07-19 11:15:00,71.89892,0.8,0.06247194553760674,0.18991779403997708,0.3289420343859754,4
75036,2024-07-19 11:35:00,71.84892,0.4,0.0804656192324562,0.189108876380258,0.42549890186358486,3
75038,2024-07-19 11:45:00,71.89892,0.0,0.059962713536789745,0.1899177940399771,0.31572983374147545,2
75049,2024-07-19 13:40:00,71.84892,0.3,0.07869585718951322,0.17908438575915142,0.4394344981887499,3
75054,2024-07-19 14:05:00,71.99892,0.03333333333333333,0.047514736587664474,0.17851802953395765,0.2661621165756047,3
75056,2024-07-19 14:15:00,71.89892,0.36666666666666664,0.055067554247927045,0.17575031913499775,0.3133283314588375,2
75062,2024-07-19 14:45:00,72.09892,0.36666666666666664,0.06701317591193018,0.1724982237006507,0.3884861795923374,6
75065,2024-07-19 15:00:00,72.09892,0.23333333333333334,0.05912703471017014,0.1731535292135698,0.3414717273087867,6
75073,2024-07-19 15:40:00,71.49892,0.23333333333333334,0.058361209461611434,0.17252927395781625,0.33826844640800413,2
75074,2024-07-19 15:45:00,71.49892,0.23333333333333334,0.07667350276631098,0.17208516718421774,0.44555555845340084,3
75093,2024-07-22 10:50:00,72.59892,0.5,0.11242674216529093,0.1930033175456162,0.5825119671257409,6
75098,2024-07-22 11:15:00,73.14892,0.6333333333333333,0.08107251900255023,0.19470859664741907,0.41637873416219745,11
75100,2024-07-22 11:25:00,72.69892,0.43333333333333335,0.12254769084568481,0.19762129982642868,0.6201137779850592,9
75101,2024-07-22 11:30:00,72.64892,0.43333333333333335,0.09186808588866202,0.19765743700097832,0.46478436269618995,7
75102,2024-07-22 11:35:00,72.74892,0.3,0.0886839509441442,0.19796691361909077,0.4479735998449796,6
75107,2024-07-22 12:00:00,72.79892,0.6,0.057332820692479906,0.1980403432468011,0.2895007136047569,4
75108,2024-07-22 13:05:00,72.74892,0.26666666666666666,0.11225636683318194,0.19775807002438442,0.5676449351439374,10
75116,2024-07-22 13:45:00,72.59892,0.7333333333333333,0.0799723042213607,0.13270244067632217,0.6026438083111307,7
75117,2024-07-22 13:50:00,72.54892,0.6,0.06664068298311622,0.1319042638544226,0.5052200818668366,6
75120,2024-07-22 14:05:00,72.64892,0.03333333333333333,0.07213957200385959,0.13084999913350132,0.5513150361602854,7
75121,2024-07-22 14:10:00,72.74892,0.2,0.0922631225042359,0.12856486930664446,0.7176386753380971,8
75122,2024-07-22 14:15:00,72.74892,0.0,0.06720747868634994,0.12850731967907808,0.5229856077785101,4
75123,2024-07-22 14:20:00,72.69892,0.1,0.07787481303945055,0.12817143019731222,0.6075832415973431,5
75124,2024-07-22 14:25:00,72.79892,0.03333333333333333,0.06411835298759351,0.12771887491314896,0.502027229970473,6
75126,2024-07-22 14:35:00,72.64892,0.9333333333333333,0.06833299562359463,0.1268591967112568,0.538652280599938,6
75129,2024-07-22 14:50:00,72.99892,0.16666666666666666,0.06510891058446672,0.12497933713515862,0.5209574004545634,4
75131,2024-07-22 15:00:00,72.99892,0.13333333333333333,0.054953215544222174,0.12483434590266848,0.44020910388771045,4
75133,2024-07-22 15:10:00,73.09892,0.23333333333333334,0.04776335220706681,0.1249936229370154,0.38212631240503275,4
75149,2024-07-23 10:00:00,72.34892,0.7666666666666667,0.10271385309475671,0.13243113805251758,0.7756019815673861,10
75150,2024-07-23 10:05:00,72.49892,0.36666666666666664,0.11621665157055217,0.1332376454929778,0.8722508652907506,9
75153,2024-07-23 10:20:00,72.34892,0.5666666666666667,0.12925489537057502,0.13469991437245077,0.9595766706516231,9
75164,2024-07-23 11:15:00,72.64892,0.6666666666666666,0.07713945912853735,0.13612399444284248,0.5666852449068241,7
75165,2024-07-23 11:20:00,72.59892,0.7333333333333333,0.08578343719086931,0.1353346888733539,0.6338614135445007,7
75166,2024-07-23 11:25:00,72.49892,0.6,0.0638507619836469,0.13563779889293912,0.4707446044155084,6
75174,2024-07-23 13:05:00,72.64892,0.7,0.10389261828697109,0.13526493406463938,0.7680676370811941,9
75182,2024-07-23 13:45:00,72.49892,0.3,0.0666477328870196,0.11092960381407026,0.6008110603074743,7
75183,2024-07-23 13:50:00,72.49892,0.4,0.062278817916033444,0.11084449186770788,0.5618575796293312,5
75194,2024-07-23 14:45:00,72.09892,0.4666666666666667,0.08466133995902497,0.10134540307994329,0.8353742487189321,3
75206,2024-07-23 15:45:00,72.29892,0.5333333333333333,0.059089076878861654,0.09574137867533619,0.6171738666855391,6
75211,2024-07-24 09:40:00,72.59892,0.2,0.1499584060934362,0.10648064970862703,1.408316032103311,9
75217,2024-07-24 10:10:00,72.64892,0.23333333333333334,0.1176736450839571,0.11816239156572923,0.9958637729374302,6
75218,2024-07-24 10:15:00,72.69892,0.23333333333333334,0.07126708809773018,0.11731313305258585,0.6074945425401311,5
75226,2024-07-24 10:55:00,72.39892,0.36666666666666664,0.08114026351375069,0.12137194849991166,0.6685256726665284,7
75232,2024-07-24 11:25:00,72.44892,0.7666666666666667,0.07346398537449027,0.12073982058572919,0.6084486875837989,5
75240,2024-07-24 13:05:00,72.49892,0.5666666666666667,0.1013269687416872,0.1205304908501121,0.8406749862795648,9
75243,2024-07-24 13:20:00,72.54892,0.3333333333333333,0.08787165093329484,0.11642263164990647,0.7547643416748467,6
75253,2024-07-24 14:10:00,72.64892,0.6333333333333333,0.04344290083620559,0.11358584735752353,0.3824675507280801,4
75256,2024-07-24 14:25:00,72.54892,0.9,0.06000638920359793,0.11225308470147978,0.53456338739533,5
75257,2024-07-24 14:30:00,72.64892,0.6333333333333333,0.04212986928265718,0.11225308470147978,0.3753114615486536,4
75259,2024-07-24 14:40:00,72.39892,0.36666666666666664,0.06560536380916734,0.1125503662380195,0.5828978261201415,7
75263,2024-07-24 15:00:00,72.24892,0.5333333333333333,0.06616716228934579,0.11274283951747499,0.5868857177319005,7
75264,2024-07-24 15:05:00,72.14892,0.7333333333333333,0.06989287991401068,0.1130591400374406,0.6181975193767173,8
75266,2024-07-24 15:15:00,72.34892,0.03333333333333333,0.06294922022282466,0.11435351706268482,0.5504790918526623,7
75268,2024-07-24 15:25:00,72.44892,0.43333333333333335,0.06674617720570304,0.11445384967638447,0.583171098171239,7
75269,2024-07-24 15:30:00,72.44892,0.3333333333333333,0.062096327276537994,0.11398487522663121,0.5447769026642749,7
75281,2024-07-25 10:00:00,71.94892,0.5666666666666667,0.09347886260363804,0.12141607420435128,0.7699051646679577,8
75286,2024-07-25 10:25:00,71.84892,0.9333333333333333,0.07168839996232744,0.12162387975106533,0.5894270114475567,7
75291,2024-07-25 10:50:00,71.44892,0.5,0.09416771228248531,0.12499770429480553,0.7533555341175862,4
75294,2024-07-25 11:05:00,71.64892,0.23333333333333334,0.07827895442107766,0.12510377286192212,0.6257121798195061,3
75301,2024-07-25 11:40:00,71.84892,0.36666666666666664,0.0672483974671075,0.12992859835047701,0.5175796423640909,8
75303,2024-07-25 11:50:00,71.69892,0.6666666666666666,0.06979776722085212,0.12910142066875985,0.5406429058587571,3
75309,2024-07-25 13:20:00,71.39892,0.4,0.09673005547662629,0.13072517945529114,0.7399496858958882,4
75311,2024-07-25 13:30:00,71.34892,0.23333333333333334,0.06892624408062399,0.1194377707576751,0.5770891707319878,3
75313,2024-07-25 13:40:00,71.29892,0.36666666666666664,0.07104494020427934,0.11244379838445057,0.6318262209657254,3
75314,2024-07-25 13:45:00,71.34892,0.7,0.06983042446399403,0.11175205402779285,0.6248692703816175,3
75317,2024-07-25 14:00:00,71.49892,0.5666666666666667,0.05731412852969514,0.11125793788294447,0.515146421192849,3
75319,2024-07-25 14:10:00,71.44892,0.43333333333333335,0.08658254792686289,0.11383708423339292,0.7605829726747763,4
75321,2024-07-25 14:20:00,71.44892,0.26666666666666666,0.07882052600020983,0.11249142628509233,0.7006802971850606,3
75322,2024-07-25 14:25:00,71.49892,0.6,0.06083988611850178,0.11148467963119496,0.5457241866754033,3
75325,2024-07-25 14:40:00,71.64892,0.4666666666666667,0.07243286526546709,0.11109274412014168,0.652003565481597,5
75326,2024-07-25 14:45:00,71.64892,0.4666666666666667,0.060773961027925025,0.11101235280480122,0.5474522383539338,5
75329,2024-07-25 15:00:00,71.69892,0.03333333333333333,0.06881585407961242,0.10995031852440469,0.6258813526250766,4
75331,2024-07-25 15:10:00,71.69892,0.7,0.07037036473623733,0.11017975128907805,0.63868690855552,8
75332,2024-07-25 15:15:00,71.59892,0.7,0.0669481851556858,0.1104872291873068,0.6059359588264258,3
75334,2024-07-25 15:25:00,71.59892,0.16666666666666666,0.060749417245185476,0.11017975128907831,0.5513664401528499,3
75336,2024-07-25 15:35:00,71.54892,0.7,0.06347375348184696,0.11009174272924198,0.5765532628360093,3
75338,2024-07-25 15:45:00,71.59892,0.5,0.06640004823133158,0.1105633882907156,0.6005609022829435,4
75339,2024-07-25 15:50:00,71.64892,0.3,0.04603094381815496,0.1105633882907156,0.416330799279786,5
75340,2024-07-25 15:55:00,71.64892,0.06666666666666667,0.07670146362982148,0.11056338829071559,0.6937329328958561,5
75341,2024-07-25 16:00:00,71.59892,0.43333333333333335,0.09531312556850793,0.11048030302914914,0.8627160041673718,7
75342,2024-07-26 09:35:00,71.34892,0.7,0.29141539831978064,0.11305914003744066,2.577548336412921,28
75350,2024-07-26 10:15:00,71.44892,0.5333333333333333,0.09441896291405652,0.1140050136996542,0.8282000926977031,5
75354,2024-07-26 10:35:00,71.24892,0.9,0.08424926696454606,0.11625161204179549,0.7247148274748761,4
75355,2024-07-26 10:40:00,71.04892,1.0,0.06822053836061365,0.11773419503068148,0.5794454053288036,3
75361,2024-07-26 11:10:00,70.99892,0.7,0.08376414930391093,0.11532637795269844,0.7263225533560684,3
75363,2024-07-26 11:20:00,70.89892,0.3,0.0799942868758353,0.11598141490430175,0.6897164251862246,3
75370,2024-07-26 11:55:00,71.14892,0.3,0.054000336555113874,0.11861054928544786,0.45527431480952674,3
75380,2024-07-26 13:45:00,71.24892,0.8333333333333334,0.06087628159215912,0.1169930717559544,0.520340911461373,4
75381,2024-07-26 13:50:00,71.34892,0.23333333333333334,0.07623017060268061,0.11657808522225016,0.6538979470914426,8
75386,2024-07-26 14:15:00,71.49892,0.4,0.048169513901941595,0.11673551687429189,0.4126380316096389,6
75390,2024-07-26 14:35:00,71.29892,0.4,0.0756072493629018,0.11469206586530613,0.659219526586038,4
75401,2024-07-26 15:30:00,71.44892,0.43333333333333335,0.07627712144624098,0.10833303901445675,0.7040984185448911,10
75406,2024-07-26 15:55:00,71.14892,0.8,0.0622651830685056,0.10854239205195292,0.5736485247045494,4
75409,2024-07-29 09:40:00,74.19892,0.6,0.2718785846339847,0.3229567954469047,0.8418419691642083,11
75414,2024-07-29 10:05:00,73.99892,0.6,0.15411710168595574,0.3275539694426906,0.470509033818686,14
75416,2024-07-29 10:15:00,73.94892,0.3333333333333333,0.15318049516677348,0.32755396944269066,0.4676496377906792,14
75418,2024-07-29 10:25:00,74.24892,0.6,0.1373194206548415,0.3270747000336489,0.4198411575114624,7
75423,2024-07-29 10:50:00,74.29892,0.4,0.09023154329915957,0.32770734329069867,0.2753418412693855,7
75428,2024-07-29 11:15:00,74.44892,0.9666666666666667,0.07293036622622623,0.32777349766080643,0.2225023278169292,3
75433,2024-07-29 11:40:00,75.09892,0.5333333333333333,0.0946087206589422,0.3282377591440462,0.2882322890140846,3
75435,2024-07-29 11:50:00,74.79892,0.36666666666666664,0.10155210699118433,0.3290759649613334,0.30859776405462114,3
75439,2024-07-29 13:10:00,74.99892,0.9,0.08662838171726568,0.3296637621917795,0.2627779927684932,3
75442,2024-07-29 13:25:00,74.89892,0.8333333333333334,0.09810614527002372,0.3281413836698554,0.29897522882614763,3
75446,2024-07-29 13:45:00,75.29892,0.06666666666666667,0.08350607406012288,0.3282214394815999,0.25441992513351414,3
75448,2024-07-29 13:55:00,75.19892,0.36666666666666664,0.08695805802323209,0.3273576707323148,0.2656362315527928,2
75449,2024-07-29 14:00:00,75.19892,0.23333333333333334,0.07608964497980746,0.327377929219342,0.23242142547987002,2
75451,2024-07-29 14:10:00,75.14892,0.0,0.0558837890625,0.32751113650725133,0.17063172159113035,2
75458,2024-07-29 14:45:00,75.19892,0.0,0.06160848416412181,0.32618912766278285,0.18887350601033273,2
75461,2024-07-29 15:00:00,75.19892,0.0,0.06276258963467682,0.3256130757736611,0.19275205544357224,2
75462,2024-07-29 15:05:00,75.09892,0.8666666666666667,0.06292857334280158,0.3259301868269213,0.1930737804786966,2
75463,2024-07-29 15:10:00,75.24892,0.0,0.06320867085026212,0.32463474173173523,0.1947070437165199,2
75464,2024-07-29 15:15:00,75.09892,0.6,0.09121299390087995,0.3248915746083679,0.28074902838225424,2
75477,2024-07-30 09:50:00,74.59892,0.2,0.146764412872104,0.3266228427092182,0.44933909598834654,14
75481,2024-07-30 10:10:00,73.74892,0.7,0.09594779415142778,0.33001176420519435,0.2907405267279183,7
75483,2024-07-30 10:20:00,73.94892,0.16666666666666666,0.08911200489769901,0.3301639963151791,0.26990224825311193,9
75484,2024-07-30 10:25:00,73.84892,0.5666666666666667,0.08077361007028402,0.33039414305697073,0.24447651923525782,7
75486,2024-07-30 10:35:00,73.74892,0.4666666666666667,0.09104975361289375,0.33053925386723293,0.2754582172847329,10
75488,2024-07-30 10:45:00,74.04892,0.23333333333333334,0.09169070468147314,0.3300666376773353,0.277794524544185,8
75496,2024-07-30 11:25:00,74.59892,0.3333333333333333,0.09519150688278506,0.3323201620932132,0.2864451746869472,5
75499,2024-07-30 11:40:00,74.44892,0.7,0.04677580685403603,0.33239153760589746,0.1407250232389975,6
75504,2024-07-30 13:05:00,74.74892,0.36666666666666664,0.1324607340931198,0.332046029731762,0.3989228065763233,8
75511,2024-07-30 13:40:00,74.64892,0.36666666666666664,0.05760617039482539,0.12396495253989516,0.4646972326818439,6
75514,2024-07-30 13:55:00,74.54892,0.6333333333333333,0.08837289577522295,0.1227366251580523,0.720020577895327,8
75523,2024-07-30 14:40:00,74.29892,0.8,0.0682000890027322,0.1194463130099215,0.5709685572050042,6
75527,2024-07-30 15:00:00,74.34892,0.0,0.07071097467160058,0.11848790544335515,0.5967779952478355,5
75532,2024-07-30 15:25:00,74.49892,0.0,0.06592242045588026,0.11376760098541293,0.5794481019629896,8
75534,2024-07-30 15:35:00,74.44892,0.6,0.060302288036178965,0.1117474888996618,0.5396299158930047,7
75536,2024-07-30 15:45:00,74.49892,0.26666666666666666,0.057244028812750494,0.10956220678405613,0.5224796989127536,7
75537,2024-07-30 15:50:00,74.44892,0.26666666666666666,0.0686864365349153,0.1091493483577138,0.629288562583169,7
75540,2024-07-31 09:35:00,74.24892,0.7666666666666667,0.42455139265330194,0.11230079348574876,3.7804843534536428,25
75554,2024-07-31 10:45:00,75.64892,0.36666666666666664,0.1409844941433333,0.1340678421826785,1.0515906860888407,3
75555,2024-07-31 10:50:00,75.54892,0.16666666666666666,0.11634677931760863,0.1343700133197242,0.8658686297869859,3
75561,2024-07-31 11:20:00,75.94892,0.0,0.11017187412160377,0.13744427778918297,0.8015748337707401,2
75564,2024-07-31 11:35:00,76.09892,0.9333333333333333,0.10825568245644067,0.13899995559107545,0.778818108222412,3
75568,2024-07-31 11:55:00,75.99892,0.26666666666666666,0.10783821428846199,0.14172584694499524,0.7608930665294577,2
75572,2024-07-31 13:15:00,75.99892,0.23333333333333334,0.10194011766569537,0.14596046974678123,0.6984090818736447,2
75585,2024-07-31 14:20:00,75.79892,0.2,0.07276572965070621,0.1359608717126868,0.5351961099843131,4
75588,2024-07-31 14:35:00,75.79892,0.1,0.0608580270216731,0.13424466635912485,0.4533366477210249,3
75591,2024-07-31 14:50:00,75.99892,0.7,0.09218154203278021,0.13405452339754298,0.6876421600441852,2
75595,2024-07-31 15:10:00,75.94892,0.06666666666666667,0.06311065261020098,0.12788453240005537,0.4934971526718711,5
75596,2024-07-31 15:15:00,75.69892,0.7,0.05974029297940348,0.13009144202221584,0.459217701416528,6
75597,2024-07-31 15:20:00,75.89892,0.0,0.03228090657605261,0.13128204760306994,0.24588972495046418,4
75599,2024-07-31 15:30:00,75.79892,0.7,0.03082660111882426,0.1314335112550388,0.2345414105159764,3
75602,2024-07-31 15:45:00,75.94892,0.0,0.04050124428569356,0.13100585649222568,0.30915598256553545,4
75604,2024-07-31 15:55:00,75.94892,0.06666666666666667,0.07374796862145577,0.13042825397808486,0.5654293941084824,5
75605,2024-07-31 16:00:00,75.79892,0.5333333333333333,0.07454370808180737,0.1314218664023481,0.5672093246156753,7
75616,2024-08-01 10:25:00,75.34892,0.23333333333333334,0.12280979606523167,0.16957517274142586,0.724220380140767,9
75628,2024-08-01 11:25:00,75.69892,0.1,0.07122712185360487,0.17094299637419028,0.41667177576371917,7
75629,2024-08-01 11:30:00,75.64892,0.6333333333333333,0.07722828459926351,0.1710175886002712,0.45158094691519374,7
75631,2024-08-01 11:40:00,75.54892,0.7333333333333333,0.07537828580130015,0.17133945385729812,0.43993536867509664,4
75633,2024-08-01 11:50:00,75.69892,0.23333333333333334,0.08083818375774432,0.17149718529118596,0.47136740827838514,7
75641,2024-08-01 13:30:00,75.54892,0.8666666666666667,0.0587851504437334,0.16912783348334223,0.3475782148508588,3
75644,2024-08-01 13:45:00,75.69892,0.0,0.062268838352308495,0.16307579503730107,0.38183985758318983,4
75645,2024-08-01 13:50:00,75.69892,0.06666666666666667,0.058518418842536966,0.16283160384612225,0.35937998189735665,4
75655,2024-08-01 14:40:00,75.79892,0.9333333333333333,0.0470765805264583,0.15469392749212246,0.3043208048929755,3
75662,2024-08-01 15:15:00,75.64892,0.0,0.04916139700031241,0.14968763176480668,0.32842658021042215,2
75663,2024-08-01 15:20:00,75.59892,0.26666666666666666,0.05116773637952676,0.1484762589420999,0.3446189764215452,2
75665,2024-08-01 15:30:00,75.74892,0.0,0.053185501506483275,0.14877488337029304,0.3574897879375734,2
75669,2024-08-01 15:50:00,75.64892,0.13333333333333333,0.0412632410728798,0.14666652753422874,0.2813405469305181,3
75670,2024-08-01 15:55:00,75.64892,0.16666666666666666,0.04443101443805858,0.14229164972072866,0.3122531401193389,3
75671,2024-08-01 16:00:00,75.59892,0.06666666666666667,0.04825226819839401,0.1410059042529064,0.34220033873084743,4
75674,2024-08-02 09:45:00,74.14892,0.4,0.115967528008783,0.19093313941846377,0.6073724465118632,14
75675,2024-08-02 09:50:00,74.44892,0.6666666666666666,0.13759711815851078,0.19285920774714224,0.713458899711516,4
75686,2024-08-02 10:45:00,73.64892,0.4,0.07717929969061386,0.19988518283685322,0.38611816341388244,8
75687,2024-08-02 10:50:00,73.74892,0.43333333333333335,0.08095122878992664,0.20012749736737803,0.40449828161955603,13
75690,2024-08-02 11:05:00,73.74892,0.3,0.10714164193035407,0.19940222880438796,0.5373141643038463,12
75696,2024-08-02 11:35:00,73.54892,0.5666666666666667,0.08103639108149914,0.19788572285608183,0.40951105472341337,8
75699,2024-08-02 11:50:00,73.64892,0.06666666666666667,0.060155097862576896,0.19812533302680022,0.3036214346927547,9
75701,2024-08-02 12:00:00,73.79892,0.13333333333333333,0.05118525429399737,0.1983723689827763,0.25802612811687264,8
75704,2024-08-02 13:15:00,73.54892,0.3333333333333333,0.08445986292279745,0.19864092868572467,0.4251886229167995,13
75705,2024-08-02 13:20:00,73.44892,0.06666666666666667,0.08198072353998925,0.1940669298670783,0.42243530928293693,5
75707,2024-08-02 13:30:00,73.24892,0.36666666666666664,0.07032769307491454,0.1878027433808818,0.3744763884108088,4
75718,2024-08-02 14:25:00,73.44892,0.2,0.0764459721812637,0.16716790254734046,0.45730054045282337,10
75722,2024-08-02 14:45:00,73.49892,0.06666666666666667,0.05144764997843835,0.16684257628281662,0.308360438472425,9
75729,2024-08-02 15:20:00,73.54892,0.2,0.07990028256551311,0.16818864305016518,0.4750634829825071,11
75731,2024-08-02 15:30:00,73.44892,0.2,0.07510273868647396,0.16849926058070117,0.4457155386180713,9
75732,2024-08-02 15:35:00,73.59892,0.03333333333333333,0.06977878836249336,0.16893769533050076,0.41304451458262076,12
75738,2024-08-05 09:35:00,73.39892,0.8333333333333334,0.5347190839247432,0.16876245811390006,3.168471767363415,23
75741,2024-08-05 09:50:00,73.74892,0.43333333333333335,0.15128524236982294,0.18032212784014315,0.8389721449157831,11
75761,2024-08-05 11:30:00,73.24892,0.1,0.07551544828131632,0.19660805962440714,0.38409131561329823,4
75767,2024-08-05 12:00:00,73.39892,0.36666666666666664,0.061763325709443366,0.19851376148424207,0.3111286857276447,8
75774,2024-08-05 13:35:00,72.09892,0.26666666666666666,0.1072686564522068,0.1667186940527011,0.6434110887306875,8
75777,2024-08-05 13:50:00,71.79892,0.5666666666666667,0.13796692639317915,0.1665671573153996,0.8282960976030521,6
75779,2024-08-05 14:00:00,71.14892,0.7333333333333333,0.13394499564356627,0.1686490612685058,0.7942231912593497,3
75780,2024-08-05 14:05:00,71.34892,0.5333333333333333,0.1771636005304444,0.1697104972963132,1.0439165717670258,4
75784,2024-08-05 14:25:00,71.74892,0.5666666666666667,0.10070776026017815,0.17036903953380203,0.5911153842021705,7
75785,2024-08-05 14:30:00,71.44892,0.9666666666666667,0.08905474479597893,0.17265341914522406,0.5158006440699113,3
75788,2024-08-05 14:45:00,72.19892,0.3,0.15971406496702187,0.1788919973037261,0.8927960298629593,8
75792,2024-08-05 15:05:00,71.79892,0.9666666666666667,0.08704351027154827,0.17991569180461972,0.4838016595354761,8
75794,2024-08-05 15:15:00,71.99892,0.7,0.11720953654816961,0.1816469451782284,0.645260158012379,8
75795,2024-08-05 15:20:00,72.04892,0.3,0.08117583987426902,0.18083065148891728,0.4489053111620521,6
75799,2024-08-05 15:40:00,72.24892,0.06666666666666667,0.10924413477775598,0.18236030289912836,0.59905655474911,7
75806,2024-08-06 09:45:00,73.84892,0.2,0.22310924422388248,0.23314632411453043,0.9569494396758434,14
75807,2024-08-06 09:50:00,73.84892,0.06666666666666667,0.1433254106656659,0.23314632411453046,0.6147444580565591,11
75809,2024-08-06 10:00:00,73.84892,0.16666666666666666,0.12295332307095773,0.23268746152192096,0.5284054511006584,13
75810,2024-08-06 10:05:00,73.74892,0.0,0.08834336341968399,0.23293945504215313,0.37925461534069965,11
75813,2024-08-06 10:20:00,73.44892,0.36666666666666664,0.0831674540076288,0.23368507311463493,0.355895448943933,12
75814,2024-08-06 10:25:00,73.44892,0.43333333333333335,0.11408711220876241,0.23348195887452597,0.48863352337245564,13
75817,2024-08-06 10:40:00,73.79892,0.16666666666666666,0.08727877919008017,0.23411692292231345,0.37279995867296495,12
75823,2024-08-06 11:10:00,73.79892,0.5333333333333333,0.06421249820256988,0.23510738417511254,0.27311987000265026,12
75824,2024-08-06 11:15:00,73.79892,0.5333333333333333,0.0748770470645437,0.23510738417511254,0.3184802014077696,10
75827,2024-08-06 11:30:00,73.79892,0.2,0.04876720706756915,0.23433254938147732,0.2081111104551655,9
75828,2024-08-06 11:35:00,73.94892,0.03333333333333333,0.05883551467323227,0.23459364907365968,0.2507975595484198,10
75833,2024-08-06 12:00:00,74.14892,0.16666666666666666,0.055088404569660264,0.23386183533165783,0.23555961788949048,4
75834,2024-08-06 13:05:00,74.14892,0.06666666666666667,0.06831301311739699,0.23386183533165783,0.2921084281260212,12
75836,2024-08-06 13:15:00,73.59892,0.3333333333333333,0.11341558300610187,0.23693059861560947,0.4786869389972909,9
75837,2024-08-06 13:20:00,73.54892,0.5666666666666667,0.10059719012335049,0.236499572410247,0.425358866817942,8
75841,2024-08-06 13:40:00,73.44892,0.0,0.05505947364644144,0.22568581780504243,0.2439651466890325,4
75848,2024-08-06 14:15:00,73.79892,0.4,0.043813161714810075,0.21248645803312866,0.20619272456402463,11
75852,2024-08-06 14:35:00,73.89892,0.5,0.052111838309528986,0.21314806770278763,0.2444865621873402,9
75854,2024-08-06 14:45:00,74.04892,0.7,0.0518493963443183,0.2135880022631044,0.24275425489699834,8
75859,2024-08-06 15:10:00,73.84892,0.5666666666666667,0.06851330337213683,0.21417833682067175,0.31988904381819894,13
75865,2024-08-06 15:40:00,73.79892,0.8666666666666667,0.08092979065492106,0.2137061996322262,0.3786965038646315,11
75869,2024-08-06 16:00:00,73.44892,0.8666666666666667,0.10711747737944818,0.20218049196571078,0.5298111422026562,11
75872,2024-08-07 09:45:00,74.14892,0.8,0.15280527978740832,0.2243868403835951,0.6809903803903283,15
75877,2024-08-07 10:10:00,75.24892,0.2,0.10905878055816313,0.2253046096417104,0.4840503739874357,6
75880,2024-08-07 10:25:00,75.44892,0.06666666666666667,0.09513079852033501,0.22251587576588888,0.4275236460899673,6
75883,2024-08-07 10:40:00,75.14892,0.8333333333333334,0.09618047053301426,0.2225479706143577,0.4321786007192158,7
75887,2024-08-07 11:00:00,75.29892,0.1,0.06930477569062661,0.21899516375198955,0.31646715161762096,6
75894,2024-08-07 11:35:00,74.99892,0.4,0.1242102099678436,0.22052728271159872,0.5632419192789098,6
75895,2024-08-07 11:40:00,75.04892,0.5666666666666667,0.11888106096285923,0.22038843930007979,0.5394160480486518,4
75896,2024-08-07 11:45:00,74.99892,0.8,0.07768279442493999,0.2202031785716918,0.3527778069727032,4
75904,2024-08-07 13:25:00,75.34892,0.13333333333333333,0.0804208732066309,0.16817499303650424,0.47819757119998607,5
75905,2024-08-07 13:30:00,75.29892,0.7666666666666667,0.0812201004930583,0.1677619352891045,0.4841390292326536,6
75910,2024-08-07 13:55:00,75.39892,0.3,0.06633792458373762,0.16688690682441654,0.39750227172424285,5
75912,2024-08-07 14:05:00,75.24892,0.9333333333333333,0.057363036402896056,0.166584001537997,0.3443490123498554,7
75916,2024-08-07 14:25:00,74.69892,0.8,0.07118884383327441,0.16972402381745988,0.41943881739357547,10
75919,2024-08-07 14:40:00,74.79892,0.3,0.07002187671537465,0.16915648656569515,0.4139473344297696,9
75925,2024-08-07 15:10:00,74.74892,0.2,0.06877197340776588,0.1696217967216157,0.4054430193345661,11
75929,2024-08-07 15:30:00,74.39892,0.8333333333333334,0.06880262355534603,0.17044986899683046,0.40365313250329,12
75931,2024-08-07 15:40:00,74.39892,0.43333333333333335,0.07558432485457532,0.17031962486699892,0.4437793056061417,14
75932,2024-08-07 15:45:00,74.39892,0.4666666666666667,0.05929537151788644,0.17031962486699892,0.3481417456396447,15
75937,2024-08-08 09:40:00,73.39892,0.9666666666666667,0.19762979839291842,0.20250698927703767,0.9759159380052456,18
75944,2024-08-08 10:15:00,74.34892,0.5,0.08241858417253785,0.20612744014184656,0.39984285506006145,16
75945,2024-08-08 10:20:00,74.24892,0.7,0.09843211260055358,0.20635006407555387,0.4770151782677094,13
75948,2024-08-08 10:35:00,74.64892,0.23333333333333334,0.08707946340658838,0.20776675329100247,0.4191212599092939,12
75949,2024-08-08 10:40:00,74.94892,0.8333333333333334,0.11374638619004672,0.20917628667282992,0.5437824143420046,8
75956,2024-08-08 11:15:00,75.39892,0.6,0.08424411513127164,0.21197084617609377,0.39743255570761954,5
75960,2024-08-08 11:35:00,75.79892,0.6,0.09265230587728233,0.2153126915614445,0.4303151161474466,10
75974,2024-08-08 13:45:00,75.44892,0.5333333333333333,0.1130898974564324,0.18525098310715934,0.6104685414328678,8
75975,2024-08-08 13:50:00,75.04892,0.36666666666666664,0.09989874026960588,0.1895628876081252,0.5269952443229395,11
75978,2024-08-08 14:05:00,75.19892,0.43333333333333335,0.10044669319090038,0.18728454954892787,0.5363319795083192,7
75982,2024-08-08 14:25:00,75.19892,0.6333333333333333,0.0958938485312479,0.18497815179409421,0.5184063501617789,7
75984,2024-08-08 14:35:00,75.29892,0.6,0.08777479470446649,0.18291894621275065,0.4798562233262418,6
75989,2024-08-08 15:00:00,75.19892,0.23333333333333334,0.08531313244878652,0.18188130217481915,0.46905938889081605,3
75992,2024-08-08 15:15:00,74.84892,0.7333333333333333,0.0599230805260502,0.17968161028151888,0.3334959010672534,8
76006,2024-08-09 09:55:00,76.44892,0.6333333333333333,0.18088105210334166,0.24404759505091908,0.7411712132037274,8
76011,2024-08-09 10:20:00,76.19892,0.3,0.10369057462694578,0.24573912089699995,0.42195387632401865,9
76012,2024-08-09 10:25:00,76.29892,0.3,0.07374102692352587,0.24565191383155324,0.30018502918764584,8
76015,2024-08-09 10:40:00,76.44892,0.7,0.09691498366801612,0.2431187442458791,0.39863229784537213,8
76018,2024-08-09 10:55:00,76.89892,0.03333333333333333,0.10230753978766398,0.2441322407306889,0.41906607452361494,3
76019,2024-08-09 11:00:00,76.64892,0.2,0.08092475849802161,0.24561349137245833,0.32948010325419785,6
76027,2024-08-09 11:40:00,76.49892,0.8,0.05748134920922083,0.24460926073996192,0.2349925306807081,6
76030,2024-08-09 11:55:00,76.54892,0.5,0.05575302835583492,0.24351815481670724,0.22894813899111324,6
76040,2024-08-09 13:45:00,76.39892,0.36666666666666664,0.07048538053303896,0.22103562905399374,0.3188869633131456,7
76042,2024-08-09 13:55:00,76.34892,0.43333333333333335,0.07602501506717083,0.2192396261447147,0.34676676111912624,7
76045,2024-08-09 14:10:00,76.34892,0.4,0.07622433344337479,0.2177230492878625,0.35009767543074777,6
76048,2024-08-09 14:25:00,76.24892,0.26666666666666666,0.0605216399410648,0.2158593184996288,0.28037538690352565,6
76049,2024-08-09 14:30:00,76.34892,0.0,0.05918471317396671,0.21409376256554638,0.2764429587519948,4
76050,2024-08-09 14:35:00,76.19892,0.26666666666666666,0.05518629319808812,0.2138350677040174,0.25807877908255417,7
76051,2024-08-09 14:40:00,76.19892,0.3,0.04836297853059986,0.21356053290381605,0.2264602821176781,5
76052,2024-08-09 14:45:00,76.14892,0.3,0.053314154843935695,0.21336217091593693,0.24987632350694944,4
76057,2024-08-09 15:10:00,76.19892,0.2,0.0454334250753682,0.20838704541762681,0.21802422978988656,4
76058,2024-08-09 15:15:00,76.14892,0.9666666666666667,0.046827982316411484,0.20839928555093729,0.22470318068804374,4
76059,2024-08-09 15:20:00,76.14892,0.9,0.043155146427161666,0.20783303871726175,0.20764334050790828,3
76060,2024-08-09 15:25:00,76.24892,0.5333333333333333,0.05462506488637643,0.20800601774472444,0.262612906485307,3
76061,2024-08-09 15:30:00,76.24892,0.06666666666666667,0.023130342549057253,0.20795450712344724,0.11122789724065214,2
76062,2024-08-09 15:35:00,76.19892,0.23333333333333334,0.05058921589214799,0.2077925334693617,0.24346021990057307,5
76063,2024-08-09 15:40:00,76.04892,0.36666666666666664,0.057124974447422934,0.2083478721587488,0.2741807432710283,6
76065,2024-08-09 15:50:00,76.09892,0.5,0.06694203968163244,0.20761446221770483,0.32243437651967094,5
76072,2024-08-12 09:55:00,75.24892,0.7333333333333333,0.11643340587692749,0.21128382090019657,0.5510758248352899,13
76074,2024-08-12 10:05:00,75.94892,0.7,0.10886631963081327,0.21134055483833578,0.5151227113702346,9
76078,2024-08-12 10:25:00,76.04892,0.06666666666666667,0.069532744557848,0.21261246626226185,0.32703982875622134,6
76087,2024-08-12 11:10:00,76.29892,0.0,0.0571768007320758,0.21608962267554277,0.26459762400495473,5
76099,2024-08-12 13:10:00,76.44892,0.7,0.07045762495420416,0.2120971607336275,0.3321950407563059,7
76102,2024-08-12 13:25:00,76.44892,0.13333333333333333,0.052519947326356245,0.13407354982842745,0.39172489572749797,4
76104,2024-08-12 13:35:00,76.54892,0.2,0.07474656174616316,0.13302497247398376,0.5618987198872125,7
76110,2024-08-12 14:05:00,76.49892,0.13333333333333333,0.054962784695742284,0.12748899374522882,0.4311178799134512,3
76112,2024-08-12 14:15:00,76.44892,0.7666666666666667,0.053010558838022595,0.12712433227972425,0.41699773668331425,4
76113,2024-08-12 14:20:00,76.54892,0.0,0.047142084673903836,0.12662976924618116,0.3722827969642338,3
76115,2024-08-12 14:30:00,76.54892,0.23333333333333334,0.05653303980330114,0.12633129445864225,0.4474983023450984,4
76119,2024-08-12 14:50:00,76.64892,0.23333333333333334,0.050397979017476786,0.12174964988540979,0.41394762995138906,5
76121,2024-08-12 15:00:00,76.69892,0.36666666666666664,0.05872998099014775,0.1217496498854098,0.4823831612281771,6
76125,2024-08-12 15:20:00,76.74892,0.43333333333333335,0.05600227439453339,0.12169935742892223,0.4601690228910303,6
76130,2024-08-12 15:45:00,76.79892,0.26666666666666666,0.051837903475337524,0.12234529240813231,0.42370165990867215,5
76131,2024-08-12 15:50:00,76.69892,0.2,0.05461568414874448,0.12237030848508561,0.446314835885218,4
76132,2024-08-12 15:55:00,76.69892,0.23333333333333334,0.06156429970232502,0.10627923594120245,0.5792693102948598,4
76135,2024-08-13 09:40:00,76.79892,0.6333333333333333,0.19846617435189967,0.11011722612488888,1.8023172335163102,13
76136,2024-08-13 09:45:00,77.04892,0.6333333333333333,0.15137165399275848,0.11273605193720047,1.3427084893577783,6
76139,2024-08-13 10:00:00,76.74892,0.6666666666666666,0.10464229840387562,0.11682943737344739,0.8956843476818658,8
76141,2024-08-13 10:10:00,76.49892,0.5,0.07576685429017699,0.11816239156572879,0.6412095531092147,7
76145,2024-08-13 10:30:00,76.44892,0.7,0.08318998338910297,0.13217664793201966,0.6293848776668082,7
76146,2024-08-13 10:35:00,76.14892,0.9,0.08052645412606152,0.1354853873097465,0.5943552712586049,8
76151,2024-08-13 11:00:00,76.29892,0.8333333333333334,0.0720451981285568,0.1352988733285202,0.532489268802877,5
76156,2024-08-13 11:25:00,76.29892,0.7333333333333333,0.06036349188452883,0.13483618905089095,0.4476801985388801,5
76157,2024-08-13 11:30:00,76.14892,0.8,0.057941963763846534,0.1355870140678612,0.4273415427147516,8
76160,2024-08-13 11:45:00,76.14892,0.7,0.03855139307179381,0.13539687230243813,0.2847288302619056,6
76162,2024-08-13 11:55:00,76.44892,0.3,0.05389489111419562,0.13682488396693057,0.3938968523241837,4
76163,2024-08-13 12:00:00,76.59892,0.06666666666666667,0.05736731135330171,0.13760008091246026,0.41691335479517777,4
76171,2024-08-13 13:40:00,76.44892,0.7,0.06626522409290019,0.13466961238356964,0.4920577324018857,5
76173,2024-08-13 13:50:00,76.39892,0.8,0.05877533889520383,0.12392790937380935,0.4742703979449627,6
76175,2024-08-13 14:00:00,76.29892,0.7666666666666667,0.05195075712849576,0.12380641240368048,0.41961281423054453,4
76176,2024-08-13 14:05:00,76.29892,0.4,0.05497460695239489,0.12130888393644533,0.45317873818043297,4
76177,2024-08-13 14:10:00,76.39892,0.5666666666666667,0.05547676243620238,0.12169935742892168,0.45585090676097856,5
76180,2024-08-13 14:25:00,76.44892,0.0,0.05070340047631198,0.11969590418483271,0.42360180009181025,4
76182,2024-08-13 14:35:00,76.49892,0.06666666666666667,0.060699707677727026,0.11708896415976765,0.5184067355391615,5
76191,2024-08-13 15:20:00,76.54892,0.9,0.039387305377342,0.11564884628643263,0.34057672551086,4
76196,2024-08-13 15:45:00,76.54892,0.7,0.036102146317846244,0.1176193122840863,0.3069406342952305,3
76199,2024-08-13 16:00:00,76.59892,0.1,0.05306075565749704,0.11763232350988083,0.4510729200468446,6
76201,2024-08-14 09:40:00,77.19892,0.0,0.1591510665835805,0.12759698952380197,1.247294839616043,10
76202,2024-08-14 09:45:00,77.29892,0.2,0.23226012816151725,0.1278625901305874,1.8164822715096538,13
76204,2024-08-14 09:55:00,76.84892,0.43333333333333335,0.09173417575439646,0.13310931594301445,0.6891642039064257,8
76207,2024-08-14 10:10:00,76.74892,0.26666666666666666,0.06184843104120986,0.1340735498284266,0.4613022562642449,5
76209,2024-08-14 10:20:00,76.49892,0.5666666666666667,0.07834260788829138,0.13632996217214552,0.5746543653358255,8
76210,2024-08-14 10:25:00,76.39892,0.9333333333333333,0.0785900223100726,0.1366961900815751,0.5749247456214621,9
76211,2024-08-14 10:30:00,76.49892,0.26666666666666666,0.058812195261740516,0.1369758051139457,0.42936192426696507,6
76216,2024-08-14 10:55:00,76.74892,0.26666666666666666,0.07608198233194809,0.1371525997894953,0.5547250467633885,6
76220,2024-08-14 11:15:00,76.69892,0.8666666666666667,0.05963817857089554,0.13706888336846845,0.4350964063125563,6
76222,2024-08-14 11:25:00,76.59892,0.3333333333333333,0.06322087511209411,0.13970650069373367,0.45252636633342996,6
76228,2024-08-14 11:55:00,76.64892,0.9666666666666667,0.06136199536792016,0.13879978776483384,0.4420899797907816,5
76240,2024-08-14 13:55:00,76.39892,1.0,0.04800183338507807,0.13218822629378485,0.3631324417531351,5
76243,2024-08-14 14:10:00,76.39892,0.9666666666666667,0.03291347525365356,0.11731313305258517,0.2805608749610346,4
76253,2024-08-14 15:00:00,76.39892,0.8666666666666667,0.05775444691680552,0.11391100369848188,0.5070137654978386,3
76254,2024-08-14 15:05:00,76.24892,0.9666666666666667,0.07237402788938478,0.11448059018911454,0.6321947482086488,4
76259,2024-08-14 15:30:00,76.49892,0.2,0.025968045283017337,0.11486762808751133,0.2260693087806576,3
76265,2024-08-14 16:00:00,76.39892,0.6666666666666666,0.08455652362395179,0.10775936339807873,0.7846791309594853,4
76271,2024-08-15 10:00:00,74.29892,0.4666666666666667,0.18624954457175888,0.16003328395770836,1.1638175507351247,12
76280,2024-08-15 10:45:00,75.74892,0.23333333333333334,0.13235159381899106,0.18413922548387124,0.7187582845056755,12
76283,2024-08-15 11:00:00,75.04892,0.5666666666666667,0.1507139296444693,0.20013132103348152,0.753075175170883,11
76288,2024-08-15 11:25:00,74.74892,0.5666666666666667,0.1289407352897919,0.20045224860046584,0.6432491338462953,8
76298,2024-08-15 13:15:00,74.59892,0.6666666666666666,0.10439191413435499,0.20149932850969574,0.5180757420208071,9
76305,2024-08-15 13:50:00,73.89892,0.4,0.1163868518069381,0.19265806732397645,0.6041109693642902,4
76309,2024-08-15 14:10:00,73.84892,0.3,0.11684292265991715,0.19192849525563663,0.6087836123775667,4
76314,2024-08-15 14:35:00,73.84892,0.3,0.09877091686434905,0.19161858435234616,0.5154558322105656,4
76321,2024-08-15 15:10:00,73.69892,0.8,0.06707971266379566,0.19345478173533956,0.34674621150262214,3
76323,2024-08-15 15:20:00,74.49892,0.5,0.14016366486516924,0.20252966064877012,0.6920648778859265,13
76324,2024-08-15 15:25:00,74.54892,0.4,0.12536370699791255,0.20252966064877015,0.6189893697364165,10
76327,2024-08-15 15:40:00,74.29892,0.5333333333333333,0.09758348408547204,0.2028015194222458,0.481177282909291,10
76331,2024-08-15 16:00:00,74.09892,0.43333333333333335,0.09341713710754534,0.2025548480856778,0.4611942789344209,5
76332,2024-08-16 09:35:00,74.44892,0.43333333333333335,0.6387835093875669,0.2046744823123429,3.12097288421501,28
76334,2024-08-16 09:45:00,76.69892,0.36666666666666664,0.27979629205871814,0.27727502712887686,1.0090930112096586,17
76337,2024-08-16 10:00:00,76.89892,0.43333333333333335,0.17528361176294474,0.28277596918784914,0.6198674246130977,14
76343,2024-08-16 10:30:00,77.09892,0.23333333333333334,0.1225339304023095,0.2851581524719789,0.4297051630475489,9
76345,2024-08-16 10:40:00,77.14892,0.2,0.07301675970769249,0.285335209923771,0.25589817578839763,8
76349,2024-08-16 11:00:00,77.09892,0.8666666666666667,0.11950090514536309,0.28615913814099597,0.4176029670821931,12
76350,2024-08-16 11:05:00,77.19892,0.5,0.1184297704019211,0.2862776668917137,0.41368847136342596,11
76354,2024-08-16 11:25:00,77.64892,0.1,0.10300806695955664,0.28705979549774074,0.35883836251241025,4
76358,2024-08-16 11:45:00,77.74892,0.8,0.0895589734986768,0.28703846875044026,0.3120103513948927,3
76362,2024-08-16 13:05:00,77.54892,0.6333333333333333,0.11529388730792643,0.28811084037430706,0.4001719864415349,13
76369,2024-08-16 13:40:00,78.04892,0.1,0.08207185623247874,0.26581302762762643,0.3087578399184106,3
76370,2024-08-16 13:45:00,78.09892,0.7,0.12464887131019929,0.26129323699322515,0.4770459149443321,3
76384,2024-08-16 14:55:00,77.94892,0.6,0.07454067843296086,0.2378975522848517,0.3133310020092514,3
76389,2024-08-16 15:20:00,78.04892,0.8666666666666667,0.07430898350409086,0.23875164229658385,0.31123967479051806,3
76391,2024-08-16 15:30:00,77.84892,0.6333333333333333,0.06974100923976803,0.23940352876842974,0.2913115341220685,8
76392,2024-08-16 15:35:00,77.84892,0.26666666666666666,0.05980321323391572,0.23906233693051526,0.2501574024656918,8
76400,2024-08-19 09:45:00,80.14892,0.7,0.26543912211078174,0.30016660340044277,0.8843059790921104,10
76401,2024-08-19 09:50:00,80.09892,0.23333333333333334,0.30204312959764446,0.29922697398634307,1.0094114363213456,10
76403,2024-08-19 10:00:00,80.24892,0.16666666666666666,0.22877723944620504,0.29873812085256995,0.7658120054892785,7
76404,2024-08-19 10:05:00,80.19892,0.5,0.27152422408504817,0.29888835977163464,0.9084469675985575,7
76407,2024-08-19 10:20:00,80.29892,0.06666666666666667,0.1182799224636064,0.2986040371169687,0.3961095891589502,4
76408,2024-08-19 10:25:00,80.44892,0.1,0.1370581149114846,0.29865016188162097,0.45892529924631925,4
76410,2024-08-19 10:35:00,80.34892,0.16666666666666666,0.1402171315133787,0.3010117958056811,0.46581939135666367,5
76413,2024-08-19 10:50:00,80.19892,0.1,0.1353856086132587,0.30092789196692293,0.44989385240547886,6
76416,2024-08-19 11:05:00,80.09892,0.06666666666666667,0.08944490365807818,0.2998171397945071,0.29833152207169744,3
76419,2024-08-19 11:20:00,80.04892,0.9333333333333333,0.06069613018873711,0.2989532123274497,0.20302886099198483,3
76425,2024-08-19 11:50:00,80.19892,0.6333333333333333,0.11698668494890914,0.29407994140634064,0.39780572720961105,3
76426,2024-08-19 11:55:00,80.19892,0.0,0.10325990836954364,0.2939350549855036,0.35130178118644695,2
76431,2024-08-19 13:20:00,79.89892,0.43333333333333335,0.12498785216938013,0.2931451660156281,0.4263684571988364,2
76432,2024-08-19 13:25:00,79.99892,0.8333333333333334,0.09317802898489078,0.23431513239058438,0.39766116696880904,2
76434,2024-08-19 13:35:00,80.09892,0.8666666666666667,0.08697286956193748,0.22848944792591167,0.3806428277166597,2
76436,2024-08-19 13:45:00,80.14892,0.9333333333333333,0.06465800461611158,0.2232860212393272,0.28957479853523144,2
76439,2024-08-19 14:00:00,80.09892,1.0,0.04757158527135827,0.22070302564307306,0.2155456869372164,2
76442,2024-08-19 14:15:00,79.69892,0.9,0.10241745370401693,0.222172859531254,0.46098094033672654,3
76444,2024-08-19 14:25:00,79.64892,1.0,0.08026199340820311,0.22206261485865916,0.36143856749272785,2
76448,2024-08-19 14:45:00,79.89892,0.0,0.06141586303710937,0.22203849153994412,0.27660007330783376,2
76451,2024-08-19 15:00:00,79.79892,0.9333333333333333,0.051020351604218854,0.22194886768659178,0.2298743496013837,2
76452,2024-08-19 15:05:00,79.89892,0.0,0.051105991345432235,0.22137810294337978,0.23085386795686488,2
76453,2024-08-19 15:10:00,79.84892,0.8666666666666667,0.06930597862840777,0.22113369764340596,0.3134121093573385,2
76457,2024-08-19 15:30:00,79.49892,0.4,0.07424447112603876,0.22216941521329733,0.33417953166397435,6
76459,2024-08-19 15:40:00,79.54892,0.06666666666666667,0.06894773672105686,0.22052728271159777,0.3126494639269902,5
76464,2024-08-20 09:35:00,79.49892,0.3,0.4490330403172358,0.22049605056662058,2.036467497550779,24
76467,2024-08-20 09:50:00,78.99892,0.6333333333333333,0.145537434062118,0.2285028438286747,0.6369173863378176,11
76470,2024-08-20 10:05:00,78.69892,0.6333333333333333,0.1088549716092081,0.2283755510270466,0.4766489719222018,8
76475,2024-08-20 10:30:00,78.59892,0.7666666666666667,0.0842932033802445,0.22873379966028126,0.3685209772470793,6
76479,2024-08-20 10:50:00,78.79892,0.1,0.0695859761090026,0.2280804949403324,0.3050939368015964,6
76481,2024-08-20 11:00:00,78.64892,0.7,0.08045482038803299,0.22715934320962333,0.35417790547927863,5
76483,2024-08-20 11:10:00,78.64892,0.7666666666666667,0.06894992300995134,0.22708185026038852,0.3036346715111241,6
76488,2024-08-20 11:35:00,78.69892,0.8,0.06970103066109135,0.22503046535009363,0.3097404191590378,6
76496,2024-08-20 13:15:00,78.64892,0.43333333333333335,0.05445639879658977,0.22491821910457738,0.2421164413153648,4
76498,2024-08-20 13:25:00,78.54892,0.6,0.07519296287743697,0.11751951169494147,0.6398338607177313,6
76499,2024-08-20 13:30:00,78.49892,0.5333333333333333,0.06866494578918997,0.11699089146967258,0.5869255710987543,6
76502,2024-08-20 13:45:00,78.44892,0.8333333333333334,0.06223598280106105,0.1164401579202477,0.5344889934251702,6
76505,2024-08-20 14:00:00,78.34892,0.6,0.07276287924749623,0.11547226283986414,0.630132964038326,4
76506,2024-08-20 14:05:00,78.29892,0.9333333333333333,0.05518795461235734,0.115233445954835,0.47892306053216444,4
76511,2024-08-20 14:30:00,78.09892,1.0,0.0811121910167739,0.10992943725586075,0.7378568747512578,3
76515,2024-08-20 14:50:00,78.34892,0.5333333333333333,0.09140180701281313,0.11062566128618892,0.8262260848896205,4
76516,2024-08-20 14:55:00,78.34892,0.9,0.06055987638084839,0.11062566128618892,0.5474306383957318,3
76523,2024-08-20 15:30:00,78.44892,0.13333333333333333,0.06861921098311176,0.11039715523735899,0.6215668405184652,4
76524,2024-08-20 15:35:00,78.39892,0.6666666666666666,0.0758973792148978,0.11042949792902158,0.6872926223361148,4
76532,2024-08-21 09:45:00,77.19892,0.6333333333333333,0.13803221914579195,0.18627259553942693,0.7410226863810232,16
76533,2024-08-21 09:50:00,77.09892,0.9,0.1433678701166187,0.1863821129052335,0.769214748571471,13
76535,2024-08-21 10:00:00,77.04892,0.6333333333333333,0.14094153046040497,0.18621507313837993,0.7568749837757155,8
76550,2024-08-21 11:15:00,77.49892,0.5,0.07215169059108884,0.19851890113216822,0.36344997972284915,10
76551,2024-08-21 11:20:00,77.64892,0.5666666666666667,0.07813014987894706,0.19889501916875024,0.3928210480356897,4
76553,2024-08-21 11:30:00,77.49892,0.7,0.06943498355358617,0.19902706928642594,0.3488720594767949,9
76561,2024-08-21 13:10:00,77.29892,0.2,0.11260590671249643,0.19927554742529938,0.5650763887862759,12
76564,2024-08-21 13:25:00,77.54892,0.06666666666666667,0.07449459439974604,0.19758644700587114,0.3770227944709815,11
76566,2024-08-21 13:35:00,77.49892,0.6,0.0677174678530205,0.1891574280823101,0.35799528752079396,12
76568,2024-08-21 13:45:00,77.34892,0.5333333333333333,0.07560514175614834,0.1881650366357722,0.4018022854187088,14
76574,2024-08-21 14:15:00,77.24892,0.43333333333333335,0.07102289535490229,0.1870583258332662,0.3796831551791408,8
76577,2024-08-21 14:30:00,77.39892,0.6333333333333333,0.06809473805885166,0.18532532193830267,0.36743353442829213,10
76578,2024-08-21 14:35:00,77.34892,0.6333333333333333,0.06414728272256448,0.18535422343196525,0.3460794231436,10
76582,2024-08-21 14:55:00,77.44892,0.7,0.05915612604044427,0.18533220365511777,0.31918967601835196,7
76586,2024-08-21 15:15:00,77.69892,0.5,0.07019975908723239,0.18531706354079666,0.37880893289558437,3
76589,2024-08-21 15:30:00,77.89892,0.03333333333333333,0.06840680539480032,0.18600537681492102,0.36776789233822216,3
76603,2024-08-22 10:10:00,78.39892,0.6,0.13814323748785587,0.20213254452100324,0.6834289738706656,9
76609,2024-08-22 10:40:00,78.34892,0.26666666666666666,0.10340703035962216,0.20331780237443867,0.5085980133170208,5
76612,2024-08-22 10:55:00,78.09892,0.5,0.08639448492941199,0.203302747000791,0.42495483314387206,4
76613,2024-08-22 11:00:00,77.99892,0.43333333333333335,0.07608903676988849,0.2035359801479191,0.3738358039428264,4
76616,2024-08-22 11:15:00,78.09892,0.06666666666666667,0.0705013250734357,0.2044175931582533,0.34488873479131477,3
76620,2024-08-22 11:35:00,78.29892,0.5333333333333333,0.08613097146119401,0.20467946726021854,0.4208090465258623,3
76622,2024-08-22 11:45:00,78.29892,0.26666666666666666,0.08765020744849955,0.20455106614075771,0.42850036962498556,3
76643,2024-08-22 14:30:00,78.84892,0.26666666666666666,0.07249668308721498,0.11997049258000513,0.6042876171310947,3
76646,2024-08-22 14:45:00,79.09892,0.0,0.04850333190058397,0.11730443545967348,0.4134825056743765,3
76647,2024-08-22 14:50:00,79.04892,0.4666666666666667,0.0640931960609577,0.11547005383792648,0.5550633599852545,4
76648,2024-08-22 14:55:00,79.04892,0.4666666666666667,0.05076073518468567,0.11547005383792648,0.43960086184711866,4
76654,2024-08-22 15:25:00,79.39892,0.4,0.056151290261710805,0.11927962874561082,0.4707533956319178,3
76655,2024-08-22 15:30:00,79.54892,0.06666666666666667,0.0590997872745768,0.11972573494023392,0.49362643131051914,4
76658,2024-08-22 15:45:00,79.89892,0.13333333333333333,0.08154710677023931,0.12170354926074789,0.670047071474686,6
76661,2024-08-22 16:00:00,79.79892,0.3333333333333333,0.07431005087907058,0.11984072686839616,0.6200734326375926,7
76664,2024-08-23 09:45:00,79.84892,0.7,0.19029034829719849,0.13072517945529194,1.455651842209005,13
76666,2024-08-23 09:55:00,79.79892,0.3,0.09128397777399631,0.13090846738846512,0.6973114848492964,10
76669,2024-08-23 10:10:00,80.04892,0.8333333333333334,0.11338996270421299,0.12992270861263577,0.8727493747246671,9
76673,2024-08-23 10:30:00,79.54892,0.9333333333333333,0.06585878681289384,0.13377070901947324,0.4923259157078001,5
76680,2024-08-23 11:05:00,79.69892,0.4,0.06502435233381523,0.13413061292767922,0.4847838305851564,4
76689,2024-08-23 11:50:00,79.99892,0.23333333333333334,0.07722168690362527,0.13488158334767242,0.5725146827834732,4
76692,2024-08-23 13:05:00,79.99892,0.16666666666666666,0.09147229952998205,0.1343358393843121,0.6809225293057892,6
76699,2024-08-23 13:40:00,80.09892,0.8,0.066603551770456,0.11892625761166238,0.5600407606194159,4
76702,2024-08-23 13:55:00,80.14892,0.2,0.06057286673464443,0.11176118372463648,0.5419848351274382,4
76706,2024-08-23 14:15:00,80.14892,0.13333333333333333,0.0427760969457285,0.11191627462193597,0.38221516120180293,4
76713,2024-08-23 14:50:00,80.19892,0.06666666666666667,0.06143191473658468,0.10493145935383906,0.5854480163992603,4
76715,2024-08-23 15:00:00,80.34892,0.0,0.057983862347448026,0.10499464326709368,0.552255434593402,4
76726,2024-08-23 15:55:00,80.59892,0.1,0.0663136646077997,0.10986909129838276,0.6035697922330573,3
76729,2024-08-26 09:40:00,81.94892,0.06666666666666667,0.205484481731487,0.1637688078551073,1.2547229501315489,3
76740,2024-08-26 10:35:00,80.69892,0.5333333333333333,0.10996673964205958,0.17451376910310207,0.6301321678353737,5
76742,2024-08-26 10:45:00,80.69892,0.0,0.06990092364032227,0.1753187369465637,0.39870766158683735,6
76755,2024-08-26 11:50:00,80.74892,0.6,0.06625859618648373,0.17133945385729923,0.38670950965950596,4
76757,2024-08-26 12:00:00,80.59892,0.26666666666666666,0.05834727897583647,0.17071005914543952,0.3417916862539802,2
76759,2024-08-26 13:10:00,80.24892,0.9333333333333333,0.08229259660390047,0.17317857045126733,0.4751892592106695,6
76761,2024-08-26 13:20:00,80.19892,0.26666666666666666,0.0652850196519553,0.17225406263918575,0.379004237413578,6
76764,2024-08-26 13:35:00,80.49892,0.1,0.07235892361304838,0.1646867398221163,0.439373101266111,5
76766,2024-08-26 13:45:00,80.54892,0.16666666666666666,0.08340166703558069,0.16447751138019273,0.5070703364595311,5
76767,2024-08-26 13:50:00,80.64892,0.06666666666666667,0.07562936320883942,0.16447751138019281,0.4598158287671361,3
76770,2024-08-26 14:05:00,80.69892,0.06666666666666667,0.07187871547296748,0.1630460733613892,0.44084910474139033,4
76777,2024-08-26 14:40:00,81.14892,0.03333333333333333,0.05488709014910709,0.16194096150373408,0.3389327174511156,3
76779,2024-08-26 14:50:00,81.24892,0.0,0.08062479927841357,0.16184642687200626,0.49815618939906803,4
76781,2024-08-26 15:00:00,81.39892,0.0,0.05420970216569966,0.1618747930583732,0.33488661910536777,4
76785,2024-08-26 15:20:00,81.29892,0.23333333333333334,0.0687088386125346,0.16093448410031805,0.4269367065526189,5
76790,2024-08-26 15:45:00,81.19892,0.3333333333333333,0.07446691787752184,0.16175972159299726,0.46035513132798067,3
76796,2024-08-27 09:45:00,77.89892,0.3,0.2988420935332341,0.363576033154692,0.8219521263275478,17
76798,2024-08-27 09:55:00,77.34892,0.6,0.2628960613515023,0.36819394196552513,0.7140151734927727,12
76800,2024-08-27 10:05:00,77.64892,0.03333333333333333,0.22793766278669536,0.36923164400964853,0.6173297074742029,14
76833,2024-08-27 13:50:00,77.54892,0.5,0.09555734381474922,0.34983926520392294,0.27314642271229445,7
76834,2024-08-27 13:55:00,77.39892,0.2,0.07035277281020198,0.3498392652039229,0.20110027606304579,6
76841,2024-08-27 14:30:00,77.64892,0.5,0.08102082192144419,0.3478437962668981,0.23292300392006268,8
76844,2024-08-27 14:45:00,77.49892,0.3333333333333333,0.061062949946116135,0.34756209261605436,0.1756893264351797,7
76853,2024-08-27 15:30:00,77.79892,0.7333333333333333,0.08189712674350444,0.34941903770665667,0.23438083763557982,7
76856,2024-08-27 15:45:00,77.89892,0.3333333333333333,0.07463219200575735,0.3491890118887983,0.213730070147581,6
76867,2024-08-28 10:10:00,77.44892,0.5666666666666667,0.11571727384943768,0.35144620826282397,0.3292602712131132,8
76870,2024-08-28 10:25:00,77.19892,0.26666666666666666,0.09973517538944832,0.3520683850334004,0.28328353135140644,4
76874,2024-08-28 10:45:00,77.24892,0.3333333333333333,0.089344059751985,0.3531310819868418,0.2530053691374414,8
76878,2024-08-28 11:05:00,77.29892,0.8666666666666667,0.07164341306045544,0.3535519476625035,0.2026389998248444,6
76882,2024-08-28 11:25:00,77.29892,0.6666666666666666,0.05751202074589495,0.3538894330773265,0.1625140944327894,5
76890,2024-08-28 13:05:00,77.09892,0.8333333333333334,0.12050224273101773,0.3538894330773265,0.3405081685631665,7
76891,2024-08-28 13:10:00,77.04892,0.5333333333333333,0.09311542279952814,0.353864925748415,0.2631383220662276,3
76893,2024-08-28 13:20:00,76.94892,0.6666666666666666,0.08234599201245445,0.35361687371819067,0.23286782428283886,3
76894,2024-08-28 13:25:00,76.74892,0.4666666666666667,0.08641240198967366,0.1433400600638224,0.6028489310748049,2
76895,2024-08-28 13:30:00,76.74892,0.8666666666666667,0.0961649121823159,0.1421032991087475,0.6767254017707478,3
76902,2024-08-28 14:05:00,77.14892,0.1,0.064303291981254,0.12331509060227792,0.5214551736303566,5
76909,2024-08-28 14:40:00,77.29892,0.6333333333333333,0.06470015180945725,0.12514454452669332,0.517003374411233,6
76912,2024-08-28 14:55:00,77.04892,0.13333333333333333,0.09410312002623833,0.12327371386366999,0.76336728307146,3
76926,2024-08-29 09:35:00,77.14892,0.5333333333333333,0.5405073759118681,0.12316814026545796,4.388370034222652,28
76930,2024-08-29 09:55:00,76.09892,0.23333333333333334,0.1215969466152983,0.1913308365939264,0.6355324043942338,3
76935,2024-08-29 10:20:00,75.69892,0.5666666666666667,0.09215211943951698,0.1899379392680431,0.485169628535722,4
76938,2024-08-29 10:35:00,75.54892,0.16666666666666666,0.07030596655091881,0.18853745733699823,0.3729018495526411,4
76940,2024-08-29 10:45:00,75.64892,0.7333333333333333,0.09541808830407099,0.18814876876514053,0.5071417098837252,3
76941,2024-08-29 10:50:00,75.69892,0.13333333333333333,0.08807340657870855,0.1881040248665702,0.46821649159917006,3
76945,2024-08-29 11:10:00,75.54892,1.0,0.06800622798390703,0.1886848679408566,0.36042226769993885,2
76952,2024-08-29 11:45:00,75.89892,0.36666666666666664,0.09796093069098658,0.18717828571116774,0.5233562767112246,3
76954,2024-08-29 11:55:00,75.84892,0.8333333333333334,0.08246650717436553,0.1870842327723681,0.44079880999221027,3
76956,2024-08-29 13:05:00,75.89892,0.16666666666666666,0.09704681576155984,0.18588603222905092,0.5220769661809642,3
76967,2024-08-29 14:00:00,76.34892,0.2,0.08841047574076856,0.18559764290676214,0.47635559566444996,3
76968,2024-08-29 14:05:00,76.39892,0.6,0.0725602781753584,0.18536936051123878,0.39143620054167005,4
76983,2024-08-29 15:20:00,76.84892,0.7666666666666667,0.08838635189970437,0.182032701731148,0.4855520522364493,7
77007,2024-08-30 10:50:00,77.89892,0.06666666666666667,0.07774678098641453,0.19646789226370276,0.39572257884286455,10
77011,2024-08-30 11:10:00,78.24892,0.0,0.055063790686497666,0.19695804161319913,0.2795711728015454,11
77015,2024-08-30 11:30:00,78.19892,0.13333333333333333,0.04657138684699334,0.19762129982642895,0.23565975372035836,8
77021,2024-08-30 12:00:00,78.79892,0.16666666666666666,0.09923477054463158,0.19942525313664133,0.4976038339369103,3
77030,2024-08-30 13:45:00,79.54892,0.0,0.0959596506122058,0.14200094701144642,0.6757676806512471,5
77037,2024-08-30 14:20:00,79.84892,0.06666666666666667,0.0851162964135858,0.14153674339060962,0.6013724378176764,5
77039,2024-08-30 14:30:00,79.74892,0.16666666666666666,0.07299486391713221,0.1426729685737156,0.5116236428445629,4
77040,2024-08-30 14:35:00,79.64892,0.26666666666666666,0.06670650772343054,0.1433685295017871,0.46527998825989936,6
77044,2024-08-30 14:55:00,79.64892,0.9333333333333333,0.055379856675074696,0.143731020537206,0.3853020487024174,6
77045,2024-08-30 15:00:00,79.64892,1.0,0.05085110732461293,0.14366711799070722,0.35395091121617767,5
77048,2024-08-30 15:15:00,79.14892,0.3333333333333333,0.09252265101934692,0.15176410523705555,0.609647787761319,8
77054,2024-08-30 15:45:00,79.49892,0.6666666666666666,0.1032398858926682,0.15009944667945996,0.6878099032112944,6
77056,2024-08-30 15:55:00,79.19892,0.5666666666666667,0.11159502273706846,0.15195055285589684,0.7344166943762306,4
77058,2024-09-02 09:35:00,79.49892,0.7666666666666667,1.014498866999735,0.15249681987983102,6.652590314992601,27
77065,2024-09-02 10:10:00,78.54892,0.3333333333333333,0.12727374118639068,0.15752394900701286,0.8079643888354052,15
77070,2024-09-02 10:35:00,78.14892,0.7666666666666667,0.10038939962487561,0.1614819518503234,0.6216756639028361,12
77072,2024-09-02 10:45:00,78.19892,0.2,0.09415627391972316,0.1612764738270921,0.5838190263303381,10
77075,2024-09-02 11:00:00,78.14892,0.26666666666666666,0.08369992501334983,0.15948884015397302,0.5248011392680805,8
77079,2024-09-02 11:20:00,78.04892,0.13333333333333333,0.08359613591303443,0.16187321728953655,0.5164296930202429,8
77080,2024-09-02 11:25:00,77.99892,0.0,0.06076800648688607,0.1617597215929963,0.37566834245538877,4
77081,2024-09-02 11:30:00,77.99892,0.1,0.06270223162120488,0.1617597215929963,0.38762573898940056,5
77083,2024-09-02 11:40:00,77.84892,0.13333333333333333,0.07736298840142118,0.16226982709685123,0.4767552279158272,3
77092,2024-09-02 13:25:00,77.99892,0.0,0.059322516504139895,0.1605790587809232,0.36942872224125534,3
77097,2024-09-02 13:50:00,78.04892,0.13333333333333333,0.04881862346603768,0.14159620314985205,0.34477353474211914,7
77102,2024-09-02 14:15:00,77.84892,0.3,0.06365817792535809,0.13716003877630822,0.4641160683045376,4
77109,2024-09-02 14:50:00,77.69892,0.8333333333333334,0.06575459375395236,0.13708563074263547,0.47966073028762596,4
77111,2024-09-02 15:00:00,77.64892,0.9333333333333333,0.05156428857241614,0.13597587967384486,0.37921643673936534,4
77117,2024-09-02 15:30:00,77.69892,0.26666666666666666,0.05774887803746326,0.13453316897226036,0.42925382995602074,3
77125,2024-09-03 09:40:00,77.74892,0.5333333333333333,0.16271709025229852,0.12314328626501526,1.321363877703547,15
77126,2024-09-03 09:45:00,77.34892,0.26666666666666666,0.1736196063455025,0.12876906180616784,1.348302176860206,12
77150,2024-09-03 11:45:00,78.04892,0.4,0.07123703319003302,0.13813662206110777,0.515699834896207,9
77151,2024-09-03 11:50:00,78.24892,0.5666666666666667,0.06115199927534506,0.1397740389379376,0.43750613304161395,11
77153,2024-09-03 12:00:00,78.19892,0.9333333333333333,0.04370084438935321,0.13973023406699359,0.31275152926746597,9
77157,2024-09-03 13:20:00,78.14892,0.9,0.07393550621309013,0.13977221400907552,0.5289714177975992,9
77158,2024-09-03 13:25:00,78.04892,0.6,0.0811346193878305,0.13295016875775972,0.6102633802267741,5
77163,2024-09-03 13:50:00,78.09892,0.4666666666666667,0.08875546182435408,0.13063343905152505,0.6794237560365133,10
77165,2024-09-03 14:00:00,77.99892,0.1,0.062397182810768906,0.1304399875342046,0.4783593128940373,4
77171,2024-09-03 14:30:00,78.04892,0.6333333333333333,0.051196816802014565,0.12501606875597682,0.40952189035752995,8
77178,2024-09-03 15:05:00,78.09892,0.4666666666666667,0.06158911721214002,0.12174964988540839,0.5058668938276876,11
77180,2024-09-03 15:15:00,78.19892,0.3,0.05463008401023881,0.12183761173087015,0.4483843965270136,11
77183,2024-09-03 15:30:00,78.39892,0.4,0.0493471204400823,0.12174964988540854,0.4053163231806259,10
77189,2024-09-03 16:00:00,78.14892,1.0,0.042668275314898384,0.12205723901079849,0.3495759502729985,13
77192,2024-09-04 09:45:00,77.44892,0.5666666666666667,0.17225932789690648,0.13331228790137595,1.2921489129669985,14
77196,2024-09-04 10:05:00,77.39892,0.4,0.12885311259240897,0.13439848496141016,0.9587393238056707,7
77200,2024-09-04 10:25:00,77.29892,1.0,0.06002727999156765,0.1357524650312658,0.44218187844870793,4
77203,2024-09-04 10:40:00,77.49892,0.9333333333333333,0.05410494212663148,0.13621390956980017,0.3972057060656236,4
77205,2024-09-04 10:50:00,77.84892,0.6666666666666666,0.061854723854560575,0.14024771473219558,0.44103908553998755,10
77208,2024-09-04 11:05:00,78.24892,0.03333333333333333,0.0547564630268635,0.1417582393680585,0.38626652864031996,10
77216,2024-09-04 11:45:00,78.04892,0.36666666666666664,0.06978983095476207,0.14359252907687503,0.4860268943198204,11
77220,2024-09-04 13:05:00,78.34892,0.03333333333333333,0.07374019972794038,0.1434965720751782,0.5138812632353873,13
77221,2024-09-04 13:10:00,77.94892,0.5666666666666667,0.11870273369684577,0.1491857982782464,0.7956704664036004,11
77230,2024-09-04 13:55:00,78.04892,0.7,0.058431908671979324,0.13906050003921402,0.4201905548700167,13
77231,2024-09-04 14:00:00,78.04892,0.2,0.07439799566977728,0.13685098100093587,0.5436423993867352,12
77237,2024-09-04 14:30:00,77.99892,0.6333333333333333,0.05844324891182935,0.1208327396204671,0.48367064336535176,10
77239,2024-09-04 14:40:00,77.94892,0.7666666666666667,0.05394247217532724,0.11957224034514588,0.4511287236872205,11
77249,2024-09-04 15:30:00,78.09892,0.6,0.04455757423266135,0.11644892006624058,0.38263621686929605,10
77260,2024-09-05 09:55:00,78.09892,1.0,0.06954323389680711,0.14142135623731045,0.49174492274074155,13
77266,2024-09-05 10:25:00,77.94892,0.9666666666666667,0.05991480413738016,0.14468617196653952,0.4141017992461381,11
77267,2024-09-05 10:30:00,77.94892,0.9666666666666667,0.04976515365467534,0.14459623302507077,0.3441663217190923,9
77273,2024-09-05 11:00:00,77.89892,0.8333333333333334,0.06405716279201355,0.1487285843984328,0.4306983963513643,9
77274,2024-09-05 11:05:00,77.84892,0.9333333333333333,0.056372315389997985,0.1487182937805902,0.37905434467373744,12
77277,2024-09-05 11:20:00,77.54892,0.26666666666666666,0.11603692470261101,0.1504016321519967,0.7715137332109765,7
77279,2024-09-05 11:30:00,77.59892,0.5333333333333333,0.07134784968511189,0.15063380026226228,0.47365099705969776,12
77280,2024-09-05 11:35:00,77.49892,0.9666666666666667,0.06896403217157744,0.1508165713712652,0.4572709188687804,8
77284,2024-09-05 11:55:00,77.34892,0.6333333333333333,0.04693955011576512,0.15019797838502388,0.3125178555695223,4
77287,2024-09-05 13:10:00,77.24892,0.9,0.08386480922165776,0.1510362802887881,0.5552626763669266,6
77290,2024-09-05 13:25:00,77.39892,0.9,0.06694683533112562,0.14361384414810818,0.4661586473660834,7
77295,2024-09-05 13:50:00,77.54892,0.8,0.06038550805690828,0.14132392504680102,0.4272843967283737,11
77297,2024-09-05 14:00:00,77.39892,0.36666666666666664,0.06359766514858164,0.1414069262228613,0.44974929338574215,7
77300,2024-09-05 14:15:00,77.49892,0.13333333333333333,0.03925267593386234,0.1408810297535988,0.2786228635786901,5
77303,2024-09-05 14:30:00,77.49892,0.7,0.054481419912218436,0.13619143635334155,0.4000355776472556,11
77313,2024-09-05 15:20:00,77.74892,0.2,0.045917785348065766,0.13130536107546634,0.34970228916757645,11
77317,2024-09-05 15:40:00,77.74892,0.0,0.02546867063895312,0.13132867040925297,0.19393077352863142,8
77320,2024-09-05 15:55:00,77.84892,0.13333333333333333,0.04910996243063113,0.12612720009990075,0.38936852948240286,11
77324,2024-09-09 09:45:00,76.94892,0.9,0.12929616787269071,0.14412269031023217,0.8971256891914345,17
77329,2024-09-09 10:10:00,76.84892,0.3,0.08868349805276311,0.14321187755657122,0.6192468080570451,13
77333,2024-09-09 10:30:00,76.59892,0.4,0.08350989744787982,0.14386760570265764,0.5804635243633387,6
77334,2024-09-09 10:35:00,76.79892,0.6,0.09381357660596656,0.14544051559722304,0.6450305557618484,10
77335,2024-09-09 10:40:00,76.59892,0.6333333333333333,0.08788577116261372,0.14660912414346558,0.5994563549579108,7
77344,2024-09-09 11:25:00,76.64892,0.3333333333333333,0.07436693159430487,0.14656736210189092,0.5073908032990753,11
77346,2024-09-09 11:35:00,76.64892,0.4666666666666667,0.060810996780697846,0.14586082429240163,0.4169111005350714,8
77349,2024-09-09 11:50:00,76.54892,0.36666666666666664,0.05707953518931157,0.14596046974678167,0.39106160242109067,4
77351,2024-09-09 12:00:00,76.54892,0.6,0.052955306355881915,0.14592901011192294,0.3628840236445575,7
77352,2024-09-09 13:05:00,76.49892,0.6666666666666666,0.07731670764438817,0.14596046974678167,0.5297099124065606,8
77353,2024-09-09 13:10:00,76.59892,0.36666666666666664,0.07733131318542028,0.14596046974678178,0.5298099774519622,9
77359,2024-09-09 13:40:00,76.29892,0.2,0.056881898717714464,0.11402962255895036,0.49883440321227057,3
77364,2024-09-09 14:05:00,76.19892,1.0,0.06710853769492477,0.11399830127059968,0.5886801552913329,3
77366,2024-09-09 14:15:00,76.04892,0.6666666666666666,0.05557719466998148,0.11430666503784595,0.48621132154962576,2
77369,2024-09-09 14:30:00,75.84892,0.8666666666666667,0.07176814219617529,0.10967390050785514,0.6543775854040594,3
77370,2024-09-09 14:35:00,75.84892,0.2,0.05224825410199036,0.10940844172970528,0.4775523101870899,3
77371,2024-09-09 14:40:00,75.94892,0.7333333333333333,0.08188121647435868,0.10984819458919055,0.7454033885634391,3
77374,2024-09-09 14:55:00,75.84892,0.13333333333333333,0.053631635426887425,0.10982497136012208,0.48833734953616664,3
77375,2024-09-09 15:00:00,75.69892,0.9,0.0628860048450716,0.10814922784807253,0.5814743766216578,3
77379,2024-09-09 15:20:00,75.84892,0.0,0.045721435546874994,0.10917505172516259,0.4187901432094046,2
77382,2024-09-09 15:35:00,75.84892,0.7,0.0654967533865149,0.10982729390400615,0.596361351157044,3
77384,2024-09-09 15:45:00,75.94892,0.16666666666666666,0.07029298421229811,0.10951097575510718,0.6418807222528096,3
77386,2024-09-09 15:55:00,76.14892,0.06666666666666667,0.08851811097739729,0.10999438818457426,0.8047511553849541,6
77391,2024-09-10 09:50:00,80.04892,0.03333333333333333,0.2249476121320376,0.38253300091108705,0.5880475974524422,9
77401,2024-09-10 10:40:00,79.59892,0.9333333333333333,0.09145962918864452,0.3904102473143338,0.234265442103027,3
77402,2024-09-10 10:45:00,79.74892,1.0,0.11953307867474768,0.39043311402713377,0.30615507337945863,3
77408,2024-09-10 11:15:00,79.74892,0.9333333333333333,0.08896418291784979,0.39185019698847867,0.22703620822848672,3
77411,2024-09-10 11:30:00,79.99892,0.36666666666666664,0.09803241702003727,0.3945553330338159,0.24846303879926335,3
77412,2024-09-10 11:35:00,80.04892,0.2,0.09863975099198748,0.394489385559161,0.2500441193168545,3
77415,2024-09-10 11:50:00,79.84892,0.7666666666666667,0.09182290914784866,0.3948035070806007,0.23257875753647408,3
77418,2024-09-10 13:05:00,80.04892,0.4666666666666667,0.12901268592748216,0.39468137841854095,0.32687806666842617,4
77422,2024-09-10 13:25:00,80.14892,0.5333333333333333,0.09333970550115699,0.3885883661069189,0.240202007168364,2
77427,2024-09-10 13:50:00,80.29892,0.6666666666666666,0.08957879943345816,0.38770579580870607,0.23104838875727388,2
77434,2024-09-10 14:25:00,80.19892,0.9333333333333333,0.051210185652559935,0.3864379013592976,0.13251853783603473,3
77435,2024-09-10 14:30:00,80.24892,0.9666666666666667,0.026109865073654002,0.3863415191398459,0.06758234303107062,2
77440,2024-09-10 14:55:00,80.14892,0.5,0.0747528076171875,0.3864379013592975,0.1934406727555555,2
77443,2024-09-10 15:10:00,80.04892,0.6333333333333333,0.07143426909833632,0.3863613256681405,0.18488980224613308,6
77446,2024-09-10 15:25:00,80.04892,0.13333333333333333,0.06174133931269937,0.38637320909775624,0.15979715430289632,6
77448,2024-09-10 15:35:00,80.09892,0.16666666666666666,0.07233601754879551,0.38606015677418015,0.1873698082527261,5
77452,2024-09-10 15:55:00,79.74892,0.8333333333333334,0.09347428063193575,0.3867407547525765,0.24169751825544578,8
77458,2024-09-11 09:55:00,79.79892,0.6333333333333333,0.1374507658090234,0.3937807243265432,0.34905407328938265,11
77460,2024-09-11 10:05:00,80.14892,0.6333333333333333,0.1651321231330852,0.39368873144089855,0.4194484371668515,6
77463,2024-09-11 10:20:00,79.29892,0.13333333333333333,0.12843161019049956,0.39744041282531906,0.3231468316910871,11
77464,2024-09-11 10:25:00,79.49892,0.1,0.0984904570248716,0.397709876162747,0.2476439810224081,9
77466,2024-09-11 10:35:00,79.44892,0.23333333333333334,0.08654673349095905,0.3978765953458011,0.21752154940337684,9
77467,2024-09-11 10:40:00,79.49892,0.3333333333333333,0.1064525773744416,0.3976457347877092,0.26770707708275393,11
77470,2024-09-11 10:55:00,79.39892,0.36666666666666664,0.05909248768541304,0.3976861450597082,0.1485907628905225,7
77471,2024-09-11 11:00:00,79.09892,0.6666666666666666,0.09953590271098255,0.3990806698946497,0.24941298895097647,10
77476,2024-09-11 11:25:00,78.69892,0.26666666666666666,0.0766601470017883,0.39969825880535287,0.1917950486722552,10
77479,2024-09-11 11:40:00,78.39892,0.43333333333333335,0.06908362932543842,0.40065246245831343,0.17242781662081097,14
77486,2024-09-11 13:15:00,79.04892,0.4,0.11446146282130465,0.40158089799049623,0.28502715989248445,8
77487,2024-09-11 13:20:00,79.09892,0.3,0.08648629601692256,0.40140046643678323,0.2154613739855814,8
77488,2024-09-11 13:25:00,79.14892,0.5333333333333333,0.06533695444825358,0.16515074290123088,0.39562010621610477,6
77495,2024-09-11 14:00:00,79.24892,0.4,0.0643024614457841,0.14813571267061804,0.43407805104203045,6
77498,2024-09-11 14:15:00,79.49892,0.8666666666666667,0.07392468986016357,0.1476234202859316,0.5007653238014601,7
77499,2024-09-11 14:20:00,79.69892,0.06666666666666667,0.0769473266464391,0.1488982769130211,0.5167778179957573,7
77501,2024-09-11 14:30:00,79.69892,0.5666666666666667,0.08319488818998223,0.14881602591942897,0.5590452216149427,9
77503,2024-09-11 14:40:00,79.99892,0.1,0.07130080345040805,0.14928322435344163,0.4776210036942725,9
77505,2024-09-11 14:50:00,79.89892,0.4666666666666667,0.07289334033168544,0.14939595411867757,0.48792044444376476,8
77507,2024-09-11 15:00:00,79.84892,0.16666666666666666,0.06615747552515969,0.14736400989767207,0.44893916480081336,7
77512,2024-09-11 15:25:00,79.84892,0.3333333333333333,0.06580370954208963,0.13953294196599014,0.4715998144590735,8
77514,2024-09-11 15:35:00,79.74892,0.23333333333333334,0.06867878081619039,0.1399819248757104,0.49062606388053387,7
77516,2024-09-11 15:45:00,79.79892,0.16666666666666666,0.06272063033419745,0.13951100339894604,0.449574791995735,5
77518,2024-09-11 15:55:00,79.64892,0.2,0.0608280110932992,0.13914851766501374,0.4371445137470786,6
77519,2024-09-11 16:00:00,79.54892,0.7,0.07436995028176714,0.1394890613814471,0.5331597298399974,7
77521,2024-09-12 09:40:00,81.04892,0.5,0.221334281278435,0.207967999233618,1.064270859430648,7
77522,2024-09-12 09:45:00,81.39892,0.03333333333333333,0.19608958462605808,0.21070958868112094,0.9306153832553479,6
77535,2024-09-12 10:50:00,81.44892,0.9,0.1353868081172838,0.2189672078146712,0.6182971846262573,3
77551,2024-09-12 13:10:00,81.54892,0.13333333333333333,0.08189739898693489,0.22263964468753814,0.3678473306129874,2
77553,2024-09-12 13:20:00,81.49892,0.16666666666666666,0.0895385954277622,0.22276792501037324,0.401936658626204,2
77557,2024-09-12 13:40:00,81.74892,0.9666666666666667,0.04445456177764537,0.2099564868120381,0.21173226153971117,2
77558,2024-09-12 13:45:00,81.74892,0.2,0.098968505859375,0.2091726283483526,0.4731427177678071,2
77559,2024-09-12 13:50:00,81.69892,0.06666666666666667,0.06203742853498176,0.20885044485343549,0.297042357647443,2
77562,2024-09-12 14:05:00,81.69892,0.13333333333333333,0.08560869096078706,0.20067608408935037,0.4266013628343977,2
77566,2024-09-12 14:25:00,81.59892,0.9333333333333333,0.046664143434497596,0.19975880773377047,0.23360243267315384,2
77573,2024-09-12 15:00:00,81.69892,1.0,0.0,0.19529330650003826,0.0,1
77576,2024-09-12 15:15:00,81.64892,0.9,0.05970153808593749,0.19244743888393606,0.310222564832069,2
77577,2024-09-12 15:20:00,81.74892,0.9666666666666667,0.03583344451361956,0.1925587429931754,0.18609097648134085,2
77581,2024-09-12 15:40:00,81.54892,0.1,0.06262664794921875,0.19277586580083522,0.3248676782700639,2
77583,2024-09-12 15:50:00,81.34892,0.23333333333333334,0.04880988248152748,0.19361952788763465,0.25209173379378275,4
77587,2024-09-13 09:40:00,81.89892,0.5,0.21103463883360804,0.20266185976932782,1.0413140344898157,6
77594,2024-09-13 10:15:00,82.24892,1.0,0.10631410948015167,0.20802318511736306,0.5110685591135964,2
77618,2024-09-13 13:15:00,81.14892,0.3333333333333333,0.0743236922991428,0.215653608666123,0.3446438608602718,5
77620,2024-09-13 13:25:00,81.19892,0.6,0.08690404636650743,0.1509991212521335,0.5755268351621586,4
77621,2024-09-13 13:30:00,81.19892,0.0,0.0653361089892157,0.14683860306286678,0.4449518561630759,3
77630,2024-09-13 14:15:00,80.84892,0.26666666666666666,0.0662710179659709,0.1411794589471473,0.4694097743410426,4
77632,2024-09-13 14:25:00,80.59892,0.9333333333333333,0.08262944794989358,0.13882367615033023,0.5952114959152595,5
77634,2024-09-13 14:35:00,80.49892,0.43333333333333335,0.11903297303942785,0.13627007639628294,0.8735077882635922,5
77646,2024-09-13 15:35:00,80.49892,0.7333333333333333,0.0909068832179161,0.13096106649947428,0.6941519769792118,3
77650,2024-09-13 15:55:00,80.59892,1.0,0.04619138246204198,0.1307856538631146,0.35318386304347793,4
77651,2024-09-13 16:00:00,80.69892,1.0,0.08023461325928284,0.13111095547141774,0.6119596411359692,5
77654,2024-09-16 09:45:00,79.84892,0.4,0.14000289885707604,0.1830513734610783,0.764828453400512,10
77656,2024-09-16 09:55:00,79.79892,0.06666666666666667,0.102486376978563,0.18310153139419158,0.5597243026762261,12
77657,2024-09-16 10:00:00,79.84892,0.36666666666666664,0.12267564672729676,0.18322408187005565,0.6695388808895741,8
77671,2024-09-16 11:10:00,79.69892,0.8333333333333334,0.05826516140910618,0.18518487909371717,0.3146323916631429,4
77672,2024-09-16 11:15:00,79.79892,0.6,0.06584573486116219,0.18555228383318453,0.3548635107092452,2
77676,2024-09-16 11:35:00,79.94892,0.6333333333333333,0.06942820766576674,0.18633283805628142,0.3726031782159412,2
77677,2024-09-16 11:40:00,79.94892,0.6,0.07185583542634064,0.18586407545691722,0.3866042173545077,2
77680,2024-09-16 11:55:00,79.79892,0.3,0.0632817230825048,0.18617808506709135,0.3398988826192972,2
77685,2024-09-16 13:20:00,79.84892,0.3333333333333333,0.06560072677023635,0.18518901128584978,0.35423660569674886,2
77687,2024-09-16 13:30:00,79.99892,0.9,0.04253082275390625,0.16911425927621188,0.2514916420172546,2
77688,2024-09-16 13:35:00,79.89892,0.5333333333333333,0.07045296043821783,0.16912783348334343,0.4165663272991456,2
77704,2024-09-16 14:55:00,79.84892,0.23333333333333334,0.05426953559246827,0.1590131283326782,0.34128965426633606,2
77708,2024-09-16 15:15:00,79.94892,0.6,0.06469080881971931,0.1587241242457811,0.40756759016384236,2
77716,2024-09-16 15:55:00,80.09892,0.6666666666666666,0.06690986408078273,0.15520917752136504,0.43109476610410086,2
77732,2024-09-17 10:45:00,80.64892,0.7,0.08824183489903513,0.16589506113519514,0.5319135741305945,3
77735,2024-09-17 11:00:00,80.89892,0.13333333333333333,0.05881482069359896,0.16520170367663753,0.3560182454820315,4
77739,2024-09-17 11:20:00,80.84892,0.8333333333333334,0.07924494018264194,0.16611632430527054,0.4770448690943474,3
77742,2024-09-17 11:35:00,81.04892,0.5666666666666667,0.066513203596474,0.16539613675310477,0.40214484390141253,4
77744,2024-09-17 11:45:00,80.99892,0.7666666666666667,0.05167431038595129,0.1654331457159025,0.31235766062679676,4
77749,2024-09-17 13:10:00,80.74892,0.43333333333333335,0.12105459794101224,0.1683932604781794,0.7188803019625517,4
77750,2024-09-17 13:15:00,80.79892,0.8,0.07914876929668693,0.16817195954967543,0.4706418924333673,3
77758,2024-09-17 13:55:00,80.99892,1.0,0.03853461105685438,0.10614715083719341,0.3630301025786182,3
77759,2024-09-17 14:00:00,80.89892,1.0,0.02509592310973589,0.10655967238691233,0.2355105130073408,2
77760,2024-09-17 14:05:00,80.89892,0.9333333333333333,0.051844412677075645,0.10530999419843104,0.49230287278705454,3
77765,2024-09-17 14:30:00,80.74892,0.3,0.07613385645550413,0.10530272751452188,0.7229998524492617,2
77770,2024-09-17 14:55:00,80.84892,0.8333333333333334,0.06640828918773026,0.10632242815465189,0.6245934215416498,2
77771,2024-09-17 15:00:00,80.69892,1.0,0.07672471895279381,0.10715881642476918,0.7159907277126225,2
77772,2024-09-17 15:05:00,80.74892,0.3,0.07451510298659807,0.10629363529580445,0.7010307134498699,2
77776,2024-09-17 15:25:00,80.64892,0.9,0.056995403011015605,0.10612792476370932,0.5370443560251855,3
77779,2024-09-17 15:40:00,80.74892,0.36666666666666664,0.07816004378132467,0.10509177511012131,0.7437313119834925,2
77781,2024-09-17 15:50:00,80.79892,0.43333333333333335,0.08236495303575668,0.10492416645392222,0.7849950666220209,2
77782,2024-09-17 15:55:00,80.74892,0.3,0.08922446714041009,0.10469783458934157,0.8522092886674975,3
77783,2024-09-17 16:00:00,80.79892,0.4666666666666667,0.08591317052181487,0.10477576739163898,0.8199717612249211,3
77784,2024-09-19 09:35:00,80.89892,0.4666666666666667,0.9331718955250959,0.10499464326709328,8.887804810681846,29
77786,2024-09-19 09:45:00,81.44892,0.16666666666666666,0.09861789008898755,0.11769085622518165,0.8379401191567407,6
77787,2024-09-19 09:50:00,81.14892,0.6,0.11638005489629659,0.1213025756768172,0.9594194867416869,8
77792,2024-09-19 10:15:00,81.34892,0.3,0.08091584388263025,0.125620589867722,0.6441288324456549,6
77794,2024-09-19 10:25:00,81.89892,0.0,0.07919712548789412,0.13182688929791606,0.6007660949119132,5
77795,2024-09-19 10:30:00,82.14892,0.0,0.1004223356016553,0.1337764293425718,0.7506728658790551,7
77797,2024-09-19 10:40:00,82.64892,0.26666666666666666,0.16899336954916688,0.13839305432705337,1.221111640110191,6
77799,2024-09-19 10:50:00,83.14892,0.0,0.1317120632146397,0.14121197670546468,0.9327258656633667,4
77805,2024-09-19 11:20:00,83.19892,0.6,0.12255297725848026,0.1491481782099959,0.8216860489300081,2
77809,2024-09-19 11:40:00,83.44892,0.0,0.10439576736160859,0.14890855509277565,0.701072999442954,2
77810,2024-09-19 11:45:00,83.59892,0.0,0.11566803583648963,0.14890855509277576,0.7767722664720237,2
77812,2024-09-19 11:55:00,83.34892,0.3333333333333333,0.11335906288766881,0.1506405735170705,0.7525134845216387,2
77815,2024-09-19 13:10:00,84.04892,0.0,0.15197182150507205,0.15537179228342346,0.9781171940647417,2
77818,2024-09-19 13:25:00,83.99892,0.16666666666666666,0.11843512920986966,0.15237299243497607,0.7772711378652676,2
77821,2024-09-19 13:40:00,83.84892,0.0,0.0951080322265625,0.1563194545154703,0.6084209577199493,2
77823,2024-09-19 13:50:00,83.94892,0.0,0.07186203002929688,0.15414386325284662,0.46620104435438675,2
77828,2024-09-19 14:15:00,83.99892,0.0,0.1044699854207492,0.15076244006838643,0.6929443790732042,2
77830,2024-09-19 14:25:00,84.19892,0.0,0.07428817749023436,0.1492473379354833,0.49775211081049686,2
77843,2024-09-19 15:30:00,83.84892,0.0,0.03206498993853353,0.15764858456932765,0.20339535572825018,3
77847,2024-09-19 15:50:00,83.94892,0.0,0.038258135464049305,0.15731492268535713,0.24319457309570525,4
77862,2024-09-20 10:35:00,86.84892,0.7666666666666667,0.16940094427115251,0.20441384966908951,0.8287155911665632,3
77865,2024-09-20 10:50:00,86.24892,0.3333333333333333,0.16451612086901982,0.2185439381748392,0.7527828144901639,2
77868,2024-09-20 11:05:00,86.29892,0.0,0.18533910344736707,0.2252378035683852,0.8228596643684445,3
77874,2024-09-20 11:35:00,85.19892,0.6,0.1259155957235205,0.2357747563698261,0.5340503693534296,3
77878,2024-09-20 11:55:00,85.69892,0.3333333333333333,0.16549437732085667,0.24015987940696443,0.689100851189291,2
77881,2024-09-20 13:10:00,85.44892,0.9333333333333333,0.16273276672424722,0.24416149414044777,0.6664964403872762,3
77888,2024-09-20 13:45:00,84.99892,0.3,0.12640737358084178,0.24089903204123603,0.5247317621400983,5
77892,2024-09-20 14:05:00,84.99892,0.26666666666666666,0.1295264864964589,0.23616390594322506,0.5484601297524173,4
77895,2024-09-20 14:20:00,84.94892,0.2,0.1052520751953125,0.2360526314442485,0.44588393084773215,2
77902,2024-09-20 14:55:00,85.54892,0.0,0.06470748535547932,0.22922506003966706,0.2822880070105851,2
77904,2024-09-20 15:05:00,85.24892,0.16666666666666666,0.09633694358017969,0.22863341274790272,0.4213598634701891,2
77907,2024-09-20 15:20:00,85.44892,0.8666666666666667,0.0887260724790053,0.22851289024039773,0.3882760065992979,2
77908,2024-09-20 15:25:00,85.49892,0.0,0.10594787597656251,0.22852293621045522,0.46362031633879935,2
77911,2024-09-20 15:40:00,85.29892,0.16666666666666666,0.1027336589472905,0.2278376816567811,0.45090723448481357,4
77917,2024-09-23 09:40:00,85.69892,0.3,0.2881907758207999,0.22765400117412174,1.2659157068817624,11
77926,2024-09-23 10:25:00,85.89892,0.8333333333333334,0.10407926981147739,0.23971976292807443,0.4341705854377361,2
77929,2024-09-23 10:40:00,85.59892,0.9,0.13969769571112114,0.24433380917317013,0.5717493464529554,4
77931,2024-09-23 10:50:00,85.79892,0.5333333333333333,0.1469501835007409,0.24757264606594573,0.5935638926022462,2
77947,2024-09-23 13:10:00,85.74892,0.6666666666666666,0.1001457071563483,0.24493022937878595,0.40887442685350367,5
77948,2024-09-23 13:15:00,85.59892,0.6333333333333333,0.08795684548303312,0.2455106557639893,0.35826080627468365,6
77953,2024-09-23 13:40:00,85.19892,0.8666666666666667,0.09436051588303249,0.21042006660040646,0.4484387701588638,4
77957,2024-09-23 14:00:00,85.34892,0.06666666666666667,0.07230901520610207,0.2050330887762095,0.35266997945402984,3
77958,2024-09-23 14:05:00,85.24892,0.36666666666666664,0.1088706835697028,0.2010126389363157,0.5416111352291381,3
77959,2024-09-23 14:10:00,85.19892,0.3,0.08870175798181655,0.20103928522722372,0.4412160433298487,3
77963,2024-09-23 14:30:00,85.14892,0.13333333333333333,0.09949614182783083,0.1889752948808354,0.5265034346980192,3
77966,2024-09-23 14:45:00,84.94892,0.5,0.08164215087890625,0.18255043343937402,0.4472306602658385,2
77969,2024-09-23 15:00:00,84.99892,0.23333333333333334,0.06842259678336884,0.18066553830475252,0.37872522577023726,2
77971,2024-09-23 15:10:00,84.94892,0.13333333333333333,0.054803152131006436,0.18044232516499023,0.30371561705878225,2
77981,2024-09-23 16:00:00,84.84892,0.7666666666666667,0.07615595524567592,0.15892487728720428,0.47919467704259516,5
77984,2024-09-24 09:45:00,87.04892,0.4,0.3387679493709931,0.2529330041358091,1.3393584223160375,3
77989,2024-09-24 10:10:00,86.44892,0.1,0.1444291306156814,0.2570672342048764,0.5618340706173968,8
77990,2024-09-24 10:15:00,86.24892,0.4666666666666667,0.18419531216520552,0.2578162869813974,0.7144440497605026,8
77995,2024-09-24 10:40:00,86.74892,0.43333333333333335,0.1677846605951933,0.2590106595943332,0.6477905614308709,2
77999,2024-09-24 11:00:00,87.29892,0.0,0.15497812046361042,0.25962150564081765,0.5969386861118519,2
78004,2024-09-24 11:25:00,87.94892,0.4666666666666667,0.20140564028029692,0.2620185275991455,0.7686694606131881,2
78007,2024-09-24 11:40:00,88.24892,0.5333333333333333,0.203784521980669,0.26248830875573453,0.7763565659234982,2
78010,2024-09-24 11:55:00,88.34892,0.8,0.16446533203124997,0.26339921219549195,0.62439568691339,2
78011,2024-09-24 12:00:00,88.24892,0.13333333333333333,0.14081124138946874,0.2636276557252244,0.5341292475635956,2
78015,2024-09-24 13:20:00,88.54892,0.8,0.16827392578125,0.26892979069495565,0.6257169402705609,2
78016,2024-09-24 13:25:00,88.34892,0.2,0.168304443359375,0.2666016143488083,0.6312956647710836,2
78020,2024-09-24 13:45:00,88.94892,0.8333333333333334,0.16013791982112335,0.2541282455517807,0.6301460881430984,2
78026,2024-09-24 14:15:00,88.99892,0.2,0.17577514648437503,0.25771832061840216,0.6820436593820639,2
78027,2024-09-24 14:20:00,89.04892,0.13333333333333333,0.14766584983593362,0.25486792144540305,0.5793818578599195,2
78028,2024-09-24 14:25:00,88.94892,0.06666666666666667,0.10742839448344023,0.2541402900201576,0.4227129609198107,2
78031,2024-09-24 14:40:00,89.34892,0.0,0.2145218424234681,0.2529662815436094,0.8480254408391825,2
78039,2024-09-24 15:20:00,89.94892,0.9333333333333333,0.11498943207990268,0.25253333320404525,0.455343580274973,2
78041,2024-09-24 15:30:00,89.99892,0.9,0.14010086059570312,0.2521987788605844,0.5555176009521876,2
78049,2024-09-25 09:40:00,92.19892,0.5666666666666667,0.39611364004637245,0.3280325386196099,1.2075437446335473,6
78051,2024-09-25 09:50:00,90.94892,0.16666666666666666,0.31051219764784993,0.3482021983585705,0.8917582919108733,3
78056,2024-09-25 10:15:00,91.54892,0.0,0.19281605253368472,0.3508534640696439,0.5495629152329276,2
78059,2024-09-25 10:30:00,91.04892,0.7666666666666667,0.21892391323197866,0.35905006231761216,0.6097308877176039,2
78064,2024-09-25 10:55:00,90.84892,0.06666666666666667,0.1259475127444964,0.36968524019588955,0.34068850754701235,2
78065,2024-09-25 11:00:00,90.99892,0.03333333333333333,0.09065525929979158,0.36849102311856674,0.24601755161515043,2
78071,2024-09-25 11:30:00,90.69892,0.0,0.10397806446522069,0.3743034206484251,0.2777908475564934,2
78072,2024-09-25 11:35:00,90.89892,0.0,0.07510574930523257,0.3745690990978571,0.20051240074561255,2
78079,2024-09-25 13:10:00,90.99892,0.9,0.12786941528320314,0.3740682401118574,0.3418344611265753,2
78088,2024-09-25 13:55:00,90.19892,0.5333333333333333,0.11127873921288323,0.31806635711725983,0.34986013680113515,4
78089,2024-09-25 14:00:00,89.89892,1.0,0.10410508490717078,0.3189776803079483,0.3263710639774713,4
78091,2024-09-25 14:10:00,90.09892,0.7666666666666667,0.08913662433260311,0.3195313691770732,0.2789604806631886,4
78093,2024-09-25 14:20:00,89.24892,0.5666666666666667,0.18449705786890278,0.3262329160566496,0.5655378375027775,5
78095,2024-09-25 14:30:00,89.29892,0.13333333333333333,0.13785667464137533,0.32801620874690657,0.42027397111873793,4
78097,2024-09-25 14:40:00,88.99892,0.3333333333333333,0.1422706919452444,0.32852593950751174,0.43305771275936455,3
78102,2024-09-25 15:05:00,89.64892,0.0,0.13697166195679347,0.3343235979345534,0.40969785801242425,4
78104,2024-09-25 15:15:00,89.54892,0.0,0.09614888524893761,0.33232016209321424,0.28932606629497337,3
78105,2024-09-25 15:20:00,89.69892,0.06666666666666667,0.12038074672601004,0.33257489473209034,0.36196582674403066,4
78106,2024-09-25 15:25:00,89.54892,0.0,0.13629180896210685,0.3324675011523961,0.40994024525613276,4
78109,2024-09-25 15:40:00,89.29892,0.7333333333333333,0.13196725019858713,0.3317901222703907,0.39774315550913564,4
78111,2024-09-25 15:50:00,89.14892,0.3,0.11374977129775105,0.3319423072421032,0.34267934160856234,2
78113,2024-09-25 16:00:00,88.99892,0.2,0.11382902918792687,0.3290217015235655,0.34596207077171803,3
78114,2024-09-26 09:35:00,89.34892,0.23333333333333334,0.7009861206258269,0.3294245879205438,2.1279107459789937,21
78118,2024-09-26 09:55:00,91.94892,0.0,0.2502380988572795,0.37048337731130926,0.6754367784954891,2
78119,2024-09-26 10:00:00,92.74892,0.0,0.3077309780262933,0.3783822744228229,0.8132806392574817,2
78127,2024-09-26 10:40:00,92.99892,0.1,0.19828033447265625,0.37868483446891527,0.5236025222682433,2
78128,2024-09-26 10:45:00,93.09892,0.0,0.20018920898437495,0.37846113853914914,0.528955785941723,2
78130,2024-09-26 10:55:00,92.79892,0.0,0.18464154356747797,0.37795666374522624,0.48852569958110725,2
78137,2024-09-26 11:30:00,93.49892,0.0,0.0,0.3774974652791931,0.0,1
78141,2024-09-26 11:50:00,93.99892,0.0,0.15606994628906248,0.37779128156062924,0.41311156161240276,2
78143,2024-09-26 12:00:00,94.29892,0.5,0.35015869140625,0.37702282367312007,0.928746668424081,2
78144,2024-09-26 13:05:00,94.24892,0.0,0.1565185546875,0.37714187824598044,0.41501239643669346,2
78146,2024-09-26 13:15:00,95.14892,0.0,0.34284681324126665,0.3814392058619507,0.8988242634013577,2
78152,2024-09-26 13:45:00,95.44892,0.23333333333333334,0.31282911927766893,0.30118376794790724,1.0386652687464082,2
78153,2024-09-26 13:50:00,95.54892,0.7,0.33348069573362193,0.30052754350926625,1.109651021798405,2
78154,2024-09-26 13:55:00,95.94892,0.0,0.2734067593643504,0.3024523107289469,0.9039665086552217,2
78157,2024-09-26 14:10:00,96.44892,0.0,0.3153944826262248,0.3005428208162181,1.04941612569441,2
78160,2024-09-26 14:25:00,95.99892,0.4,0.38492302040141047,0.31860561803407245,1.2081488794094204,2
78161,2024-09-26 14:30:00,96.54892,0.7666666666666667,0.32664013202209535,0.320009979693379,1.0207185798863807,2
78165,2024-09-26 14:50:00,96.29892,0.5333333333333333,0.3761145185663389,0.3213486781705236,1.1704249748516278,2
78168,2024-09-26 15:05:00,96.79892,0.7333333333333333,0.3404682150206755,0.3165139870037071,1.0756814200968876,2
78170,2024-09-26 15:15:00,96.69892,0.6,0.3763339587728159,0.31974364157384816,1.1769865287091177,2
78173,2024-09-26 15:30:00,96.99892,0.6666666666666666,0.3663894099925596,0.32055711120600716,1.1429770146546465,2
78175,2024-09-26 15:40:00,96.34892,0.2,0.3118560791015625,0.32559897478083194,0.9577919565363493,2
78184,2024-09-27 09:55:00,99.14892,0.16666666666666666,0.4798482911082108,0.5762840938290135,0.8326592669250114,3
78185,2024-09-27 10:00:00,99.94892,0.0,0.41447728188944155,0.5799638132602403,0.7146605915970452,2
78194,2024-09-27 10:45:00,98.94892,0.7,0.37933022703218366,0.5838471216710097,0.649708139258296,2
78196,2024-09-27 10:55:00,99.84892,0.0,0.3141541986668577,0.5841629065575948,0.5377852567156864,2
78204,2024-09-27 11:35:00,102.14892,0.0,0.45237575656418494,0.5850133226646499,0.773274281179922,2
78206,2024-09-27 11:45:00,102.74892,0.0,0.4294725650117452,0.5845505251013694,0.7347056354748266,2
78209,2024-09-27 12:00:00,101.34892,1.0,0.39364935880965624,0.5965097614631848,0.6599210679202797,2
78211,2024-09-27 13:10:00,101.74892,1.0,0.16867671291878286,0.5959921237485009,0.28301835913180917,2
78212,2024-09-27 13:15:00,102.04892,0.03333333333333333,0.16944775168282517,0.5960922639526278,0.2842643025749641,2
78215,2024-09-27 13:30:00,100.74892,0.23333333333333334,0.3860016718460368,0.6009443135201882,0.6423251924707154,2
78220,2024-09-27 13:55:00,99.14892,0.3,0.3234080634573403,0.6013032983159637,0.537845151295679,2
78223,2024-09-27 14:10:00,99.64892,0.8666666666666667,0.25211109817344207,0.6008836128674436,0.41956727188873827,2
78227,2024-09-27 14:30:00,99.84892,0.8333333333333334,0.2797587082445263,0.6009863334575547,0.46549928454285655,2
78234,2024-09-27 15:05:00,100.24892,0.4666666666666667,0.3779681431872688,0.6074873778050289,0.622182710286001,2
78239,2024-09-27 15:30:00,100.24892,0.2,0.30715637207031254,0.6082175422630114,0.5050107087136414,2
78240,2024-09-27 15:35:00,100.24892,0.2,0.307861328125,0.6082175422630114,0.5061697612001326,2
78241,2024-09-27 15:40:00,100.34892,0.0,0.2325691223144531,0.6080724184796601,0.38246944812253886,2
78250,2024-09-30 09:55:00,104.84892,0.26666666666666666,0.6188759275860098,0.9328054500002941,0.6634565949264284,3
78252,2024-09-30 10:05:00,104.84892,0.0,0.4999060178749084,0.9328535760271839,0.535889051317032,2
78254,2024-09-30 10:15:00,105.64892,0.0,0.413254837104482,0.9332516143332122,0.44281181061737945,2
78255,2024-09-30 10:20:00,105.44892,0.0,0.4396575927734375,0.9333778794739229,0.4710392247791864,2
78256,2024-09-30 10:25:00,105.24892,0.9,0.3299720764160156,0.9337000241667931,0.3534026645340115,2
78257,2024-09-30 10:30:00,105.24892,0.9,0.3317413330078125,0.9332103421521462,0.3554839868606246,2
78258,2024-09-30 10:35:00,105.14892,0.9,0.33191986083984376,0.93265695461971,0.3558863301192921,2
78264,2024-09-30 11:05:00,105.64892,0.0,0.48916706858728903,0.9195104343251217,0.5319864248700071,2
78267,2024-09-30 11:20:00,107.34892,0.0,0.45626220703125003,0.92489820528189,0.49331072806243653,2
78276,2024-09-30 13:05:00,110.64892,0.0,0.4951037344995295,0.9368508533792356,0.5284765795042857,3
78278,2024-09-30 13:15:00,110.24892,0.0,0.3651260375976562,0.944956648229948,0.3863944851666947,2
78281,2024-09-30 13:30:00,109.54892,0.2,0.49448242187499997,0.8349656495662057,0.5922188800603967,2
78284,2024-09-30 13:45:00,110.14892,0.16666666666666666,0.468904050838951,0.8305352473324206,0.5645805549433507,2
78285,2024-09-30 13:50:00,110.34892,0.06666666666666667,0.3145281260017477,0.8305917559392105,0.37867956640875616,2
78288,2024-09-30 14:05:00,110.24892,0.0,0.0,0.8307207285753792,0.0,1
78292,2024-09-30 14:25:00,108.74892,0.26666666666666666,0.5575987708809685,0.8363575366976135,0.6666990448638348,2
78297,2024-09-30 14:50:00,108.74892,0.0,0.0,0.8392766330653502,0.0,1
78298,2024-09-30 14:55:00,108.84892,0.0,0.0,0.8390723715201845,0.0,1
78299,2024-09-30 15:00:00,109.34892,0.0,0.0,0.8395100139753806,0.0,1
78300,2024-09-30 15:05:00,109.24892,0.0,0.0,0.8397165991822182,0.0,1
78303,2024-09-30 15:20:00,109.44892,0.0,0.0,0.8384191303269234,0.0,1
78306,2024-09-30 15:35:00,108.54892,1.0,0.0,0.8401551204787652,0.0,1
78308,2024-09-30 15:45:00,107.34892,0.16666666666666666,0.377790263074744,0.8373621619504316,0.45116710575358865,2
78313,2024-10-02 09:40:00,111.04892,0.03333333333333333,0.7813761203769968,0.8825462416127777,0.8853656426535779,3
78316,2024-10-02 09:55:00,110.84892,0.23333333333333334,0.5892558939829373,0.9023283828851604,0.6530392982860788,2
78318,2024-10-02 10:05:00,111.04892,0.06666666666666667,0.3558083843719633,0.9021836358099128,0.3943857661002078,2
78319,2024-10-02 10:10:00,111.94892,0.4666666666666667,0.704373549742634,0.9054551314121048,0.7779220916713195,2
78322,2024-10-02 10:25:00,112.54892,0.5333333333333333,0.7029157710366459,0.9176666221372325,0.7659816256578725,2
78331,2024-10-02 11:10:00,114.14892,0.7,0.6747230171712858,0.9248709018469312,0.7295321063987311,2
78336,2024-10-02 11:35:00,115.54892,0.8333333333333334,0.5722213142494045,0.9348810901876948,0.6120792475698918,2
78337,2024-10-02 11:40:00,115.44892,0.8333333333333334,0.5778709661853534,0.935100430445242,0.6179774357607811,2
78341,2024-10-02 12:00:00,114.94892,0.03333333333333333,0.278457294314225,0.9469103011675931,0.29406934740373153,2
78348,2024-10-02 13:35:00,114.44892,1.0,0.0,0.646813352922641,0.0,1
78349,2024-10-02 13:40:00,113.54892,0.5666666666666667,0.5942404901386319,0.6541665570002191,0.9083932582301557,2
78350,2024-10-02 13:45:00,113.04892,0.3333333333333333,0.5730137166634395,0.6567505567150563,0.8724982579832853,2
78352,2024-10-02 13:55:00,111.84892,0.9,0.14599347678561345,0.6670950567293874,0.21884958569680557,3
78354,2024-10-02 14:05:00,112.44892,0.0,0.12422071208449115,0.6673106776120518,0.18615124296978236,3
78355,2024-10-02 14:10:00,112.14892,0.0,0.12456814811358126,0.6677951880802531,0.18653645659185422,3
78357,2024-10-02 14:20:00,113.24892,0.26666666666666666,0.5820017932489705,0.675451758494461,0.8616482020066325,2
78360,2024-10-02 14:35:00,113.84892,0.36666666666666664,0.633012161345763,0.6849423373610671,0.9241831418753004,2
78364,2024-10-02 14:55:00,113.54892,0.06666666666666667,0.3293380919155838,0.6819835190479575,0.4829120978984017,2
78366,2024-10-02 15:05:00,113.84892,0.0,0.12110601270789922,0.6800418311794225,0.17808612228730172,2
78369,2024-10-02 15:20:00,113.04892,0.0,0.0,0.6735382014445983,0.0,1
78372,2024-10-02 15:35:00,112.84892,0.9,0.14361877441406246,0.6646679558098626,0.2160759717069113,2
78376,2024-10-02 15:55:00,113.34892,0.5666666666666667,0.250320205686305,0.6552948073674931,0.381996321154921,4
78378,2024-10-03 09:35:00,113.14892,0.7,2.5530110477768115,0.6405633425165238,3.985571571652892,20
78379,2024-10-03 09:40:00,109.84892,0.6666666666666666,0.7540749516851473,0.720052543741353,1.0472498961909305,8
78384,2024-10-03 10:05:00,109.04892,0.16666666666666666,0.44272902821632676,0.7431364686514114,0.595757370136549,5
78387,2024-10-03 10:20:00,106.14892,1.0,0.3271337419293468,0.762638972400613,0.4289496783774433,5
78389,2024-10-03 10:30:00,105.24892,0.7,0.5897707612950196,0.760404147747392,0.775601715274892,5
78390,2024-10-03 10:35:00,106.44892,0.23333333333333334,0.5225899872344342,0.7697778265544363,0.6788841782746236,6
78398,2024-10-03 11:15:00,104.84892,0.3,0.5595697323212978,0.7829331959675904,0.7147094224683523,3
78399,2024-10-03 11:20:00,105.14892,0.8,0.406378173828125,0.783673053479265,0.5185557574347263,2
78400,2024-10-03 11:25:00,104.84892,0.3,0.44091977586209546,0.783673053479265,0.5626323042556441,2
78405,2024-10-03 11:50:00,106.14892,0.4,0.16124113083445177,0.7849713253581474,0.20541021770557624,2
78406,2024-10-03 11:55:00,106.34892,0.2,0.13143310546875,0.7831182258755045,0.1678330309855979,2
78410,2024-10-03 13:15:00,108.14892,0.0,0.29802285032582926,0.7853780567154948,0.3794641927891153,4
78417,2024-10-03 13:50:00,108.74892,0.8666666666666667,0.16045554319129637,0.6948334998332779,0.23092660792808198,3
78420,2024-10-03 14:05:00,108.54892,1.0,0.10376934929762817,0.689837612070729,0.15042576322583684,2
78426,2024-10-03 14:35:00,108.54892,0.6666666666666666,0.2586599917563667,0.6633818677803492,0.389911157237133,3
78428,2024-10-03 14:45:00,108.54892,1.0,0.22956613753831473,0.6642932959948978,0.3455794886421343,2
78431,2024-10-03 15:00:00,109.24892,0.8,0.11744995117187501,0.6645896632263396,0.17672551601494746,2
78445,2024-10-04 09:40:00,107.44892,0.9,0.6051006158944774,0.6514391937555661,0.928867378098721,7
78449,2024-10-04 10:00:00,109.44892,0.43333333333333335,0.43869170261021223,0.6665840169153318,0.6581191439907177,5
78453,2024-10-04 10:20:00,109.44892,0.7,0.2889437388145691,0.665370641064676,0.4342598260004725,4
78456,2024-10-04 10:35:00,110.74892,0.1,0.2688255758839535,0.6639860401269916,0.4048663068767815,4
78458,2024-10-04 10:45:00,111.84892,0.3,0.34227323091254114,0.6686471958691063,0.5118891293152813,4
78462,2024-10-04 11:05:00,110.54892,0.0,0.19810623048329412,0.6732745673167921,0.29424285440159853,3
78463,2024-10-04 11:10:00,110.84892,0.0,0.15713771776987526,0.6738728983982019,0.23318598825296602,3
78468,2024-10-04 11:35:00,111.44892,0.1,0.18802413940429688,0.6761009832390299,0.2781006744044662,2
78469,2024-10-04 11:40:00,111.14892,0.8666666666666667,0.09891591606060221,0.6765897549930655,0.14619777395478892,2
78481,2024-10-04 13:40:00,111.74892,0.0,0.08209762573242187,0.5706793592986151,0.14385946222642906,2
78486,2024-10-04 14:05:00,111.34892,0.9666666666666667,0.04929033065123951,0.5295974141548305,0.09307132046688812,2
78496,2024-10-04 14:55:00,111.14892,1.0,0.1307818170490186,0.4710732524594641,0.2776252236063273,3
78504,2024-10-04 15:35:00,111.84892,0.6666666666666666,0.21753702613541281,0.4684146719167239,0.46441121334919916,3
78506,2024-10-04 15:45:00,112.04892,0.8333333333333334,0.12376561619620954,0.4663079648142206,0.26541604590759754,3
78507,2024-10-04 15:50:00,112.34892,0.0,0.18091941488512853,0.4655853491850657,0.38858485388726177,3
78516,2024-10-07 10:05:00,112.44892,0.6666666666666666,0.3269896896841445,0.522732884369431,0.6255387779527012,4
78517,2024-10-07 10:10:00,112.84892,0.06666666666666667,0.32154867365496387,0.5234233885383942,0.6143185052407676,6
78522,2024-10-07 10:35:00,112.24892,0.9666666666666667,0.18650050928726575,0.5181217599629735,0.3599549829765761,4
78524,2024-10-07 10:45:00,112.74892,0.6666666666666666,0.21095378298780051,0.5160380567286166,0.4087950108275458,3
78529,2024-10-07 11:10:00,112.94892,0.0,0.2211333826250568,0.5210554928703304,0.4243950704883711,4
78532,2024-10-07 11:25:00,113.64892,0.0,0.19907463359219726,0.519022886448647,0.383556561357712,3
78535,2024-10-07 11:40:00,112.94892,0.6666666666666666,0.21511182197013748,0.5027381407852252,0.42788045011694353,3
78537,2024-10-07 11:50:00,112.74892,0.9333333333333333,0.12083006243065607,0.4973206447468888,0.24296208835680347,2
78538,2024-10-07 11:55:00,112.54892,0.4666666666666667,0.3035099731775123,0.4973206447468888,0.6102903154804354,4
78547,2024-10-07 13:40:00,113.14892,0.8666666666666667,0.16430312308000186,0.4557358150833434,0.36052273629175857,2
78548,2024-10-07 13:45:00,113.24892,0.8666666666666667,0.16205974952487812,0.45342848170536343,0.35740972626016926,2
78551,2024-10-07 14:00:00,113.14892,0.9333333333333333,0.11869858442712276,0.4434078821400043,0.26769615337970953,2
78556,2024-10-07 14:25:00,112.44892,0.6666666666666666,0.25958284366171946,0.4282947396857044,0.6060845945766441,4
78558,2024-10-07 14:35:00,112.14892,0.13333333333333333,0.08733336542802095,0.41362865522349634,0.21113954346521768,2
78562,2024-10-07 14:55:00,112.64892,0.0,0.12564481303279643,0.3957766017051795,0.31746397460452025,2
78563,2024-10-07 15:00:00,112.74892,0.3333333333333333,0.2460298567120926,0.39286826666394875,0.6262400850067673,4
78564,2024-10-07 15:05:00,112.14892,1.0,0.11855358828755004,0.39763867860480984,0.2981440052650754,2
78566,2024-10-07 15:15:00,112.14892,1.0,0.114980443481455,0.3944001449535142,0.29153245746146245,2
78572,2024-10-07 15:45:00,112.24892,1.0,0.059854566686720394,0.38314131281440317,0.15622060238571672,2
78574,2024-10-07 15:55:00,112.74892,0.0,0.10730317915663855,0.3799242214434132,0.2824331092894548,2
78575,2024-10-07 16:00:00,112.74892,0.03333333333333333,0.14507046045460928,0.3793329411705719,0.38243570412561795,3
78579,2024-10-08 09:50:00,107.34892,0.6,0.3447219677644755,0.7200114499877477,0.4787728969731545,10
78580,2024-10-08 09:55:00,108.14892,0.0,0.22310627250696272,0.7248064242382796,0.30781497658693036,9
78581,2024-10-08 10:00:00,109.14892,0.7,0.4737342083344622,0.7320675276323729,0.6471181830269084,4
78584,2024-10-08 10:15:00,106.64892,0.6,0.4596891185017718,0.7485168820419256,0.614133267439149,12
78586,2024-10-08 10:25:00,106.74892,0.7333333333333333,0.30045584648264095,0.7782289128474709,0.38607643782251616,11
78587,2024-10-08 10:30:00,105.04892,0.6,0.5926281024870501,0.7955967485526322,0.744885023179359,10
78589,2024-10-08 10:40:00,102.14892,0.5333333333333333,1.0559297201763733,0.8393228281879123,1.2580733952585474,14
78592,2024-10-08 10:55:00,104.74892,0.43333333333333335,0.4742745349018529,0.8692798070357499,0.5455947913010107,8
78596,2024-10-08 11:15:00,106.94892,0.26666666666666666,0.414234002294412,0.8953484301353196,0.462651173947785,9
78602,2024-10-08 11:45:00,107.24892,0.3,0.41968241562926895,0.8949141521169607,0.4689638828892032,13
78606,2024-10-08 13:05:00,107.24892,0.36666666666666664,0.3110661098158394,0.8955968199540716,0.3473282875566615,12
78610,2024-10-08 13:25:00,107.04892,0.36666666666666664,0.2411158293981348,0.8760854768099277,0.2752195256975438,10
78619,2024-10-08 14:10:00,106.74892,0.43333333333333335,0.24969956150493788,0.8763928817693575,0.28491737746753165,11
78620,2024-10-08 14:15:00,106.74892,0.8,0.26006119931966126,0.8762659738532397,0.29678340490169175,12
78623,2024-10-08 14:30:00,106.14892,0.4,0.2855277088412243,0.8778992372175017,0.32523972767786347,11
78625,2024-10-08 14:40:00,106.24892,0.26666666666666666,0.27248363375939966,0.8747882977387312,0.3114852295849767,11
78632,2024-10-08 15:15:00,105.54892,0.13333333333333333,0.2873354243147777,0.8829276693241861,0.3254348394526033,8
78633,2024-10-08 15:20:00,105.04892,0.5,0.29599112818936296,0.8833539798108045,0.3350764641970118,8
78639,2024-10-08 15:50:00,103.34892,0.8666666666666667,0.4514873222782175,0.8847666121432666,0.5102897375213228,6
78643,2024-10-09 09:40:00,103.44892,0.7,0.8587478559085119,0.8894419766881418,0.9654905867003036,18
78644,2024-10-09 09:45:00,105.04892,0.7333333333333333,0.5076343960526652,0.9055790754493193,0.5605633012233563,16
78645,2024-10-09 09:50:00,104.74892,0.4,0.7428697467807929,0.9058336708924649,0.8200950910213867,14
78652,2024-10-09 10:25:00,103.04892,0.4666666666666667,0.4934634142618295,0.9489489081088611,0.5200105190544363,8
78657,2024-10-09 10:50:00,101.94892,0.4666666666666667,0.40773736650133036,0.964569778537346,0.4227142251124797,10
78661,2024-10-09 11:10:00,100.14892,0.5666666666666667,0.4720847578563397,0.965525539481521,0.4889407255968032,4
78672,2024-10-09 13:05:00,100.54892,0.23333333333333334,0.43892600825275024,0.9926358784288268,0.4421822924106826,5
78677,2024-10-09 13:30:00,103.24892,0.26666666666666666,0.3944113325708113,0.8405691368526447,0.4692193839612187,8
78684,2024-10-09 14:05:00,102.74892,0.3333333333333333,0.4489668060375778,0.8213183426774083,0.5466416402852942,9
78685,2024-10-09 14:10:00,102.84892,0.5666666666666667,0.4064987747175168,0.8048863627450559,0.5050387154419629,8
78688,2024-10-09 14:25:00,101.54892,0.7,0.37567676203781725,0.7491164063523769,0.5014931709573354,5
78692,2024-10-09 14:45:00,101.24892,0.3333333333333333,0.40803258598187253,0.7176637947632928,0.5685567377917594,4
78697,2024-10-09 15:10:00,101.54892,0.43333333333333335,0.40242288536177545,0.6960658756867646,0.5781390805356318,5
78699,2024-10-09 15:20:00,100.54892,0.26666666666666666,0.34451705687582296,0.7019031949580639,0.49083272358719865,3
78700,2024-10-09 15:25:00,100.54892,0.4666666666666667,0.37507873070082764,0.7003839662889709,0.5355330058285117,4
78703,2024-10-09 15:40:00,100.84892,0.13333333333333333,0.3256077100360884,0.7004932161286515,0.46482635739942385,3
78705,2024-10-09 15:50:00,100.84892,0.5666666666666667,0.3753558065462871,0.698962164452402,0.5370187767464603,3
78719,2024-10-10 10:30:00,102.64892,0.9333333333333333,0.3958331522119651,0.7209715808588307,0.549027399582718,12
78721,2024-10-10 10:40:00,103.64892,0.43333333333333335,0.43225210752355386,0.7218484587701454,0.5988128148947032,10
78726,2024-10-10 11:05:00,103.44892,0.6,0.35664862120903534,0.7138534701600215,0.49961040482031543,7
78731,2024-10-10 11:30:00,104.64892,0.6666666666666666,0.294771351490927,0.7160625937724888,0.4116558441322286,5
78744,2024-10-10 13:35:00,105.14892,0.6333333333333333,0.25436072494627465,0.6853325067674529,0.37114936535847753,4
78749,2024-10-10 14:00:00,104.64892,0.8333333333333334,0.2689504144932895,0.648028411695865,0.41502873892435793,6
78753,2024-10-10 14:20:00,104.14892,0.7333333333333333,0.29752797109547713,0.6252288633110225,0.4758704988759783,8
78756,2024-10-10 14:35:00,103.64892,0.3,0.2850940049776273,0.6011840848247295,0.47422081218391576,8
78757,2024-10-10 14:40:00,103.84892,0.5,0.20611018208967477,0.5991729837557859,0.34399111388119974,6
78761,2024-10-10 15:00:00,103.44892,0.23333333333333334,0.22289010587139887,0.5746081029646685,0.38789934343321286,8
78774,2024-10-14 09:35:00,103.84892,0.5666666666666667,1.4782558779256254,0.4716966231762604,3.133912360812557,27
78783,2024-10-14 10:20:00,101.54892,0.3,0.4156006747973416,0.48310291838496155,0.8602735752181263,4
78786,2024-10-14 10:35:00,101.24892,0.5333333333333333,0.4274379620635907,0.48046843109007303,0.8896275684415554,4
78791,2024-10-14 11:00:00,102.24892,0.3333333333333333,0.2875880873016892,0.47215280643584284,0.6090996037334098,8
78794,2024-10-14 11:15:00,102.34892,0.26666666666666666,0.2915788531119379,0.47169662317625966,0.618149121247754,7
78796,2024-10-14 11:25:00,103.24892,0.06666666666666667,0.33669744938710855,0.4629812056399692,0.7272378344639254,8
78806,2024-10-14 13:15:00,103.24892,0.16666666666666666,0.29019771660741334,0.45673099714680976,0.6353799466650462,7
78810,2024-10-14 13:35:00,104.64892,0.1,0.1922706451348196,0.4005047320619829,0.4800708449683521,4
78813,2024-10-14 13:50:00,103.54892,0.2,0.225779825053345,0.3957998028425628,0.5704394581094661,7
78814,2024-10-14 13:55:00,103.34892,0.6666666666666666,0.32553868772507427,0.3929929059670087,0.8283576695208917,8
78818,2024-10-14 14:15:00,103.44892,0.5,0.28110069813959654,0.3735380303753834,0.752535686546045,7
78823,2024-10-14 14:40:00,103.34892,0.5,0.2189356311422818,0.3679042475339683,0.5950886205032674,6
78828,2024-10-14 15:05:00,103.74892,0.13333333333333333,0.1826948772489922,0.35649554351158164,0.512474505149198,6
78833,2024-10-14 15:30:00,103.64892,0.26666666666666666,0.27482052248470923,0.3496058678430948,0.7860866986593325,7
78834,2024-10-14 15:35:00,103.54892,0.9,0.2414593161379608,0.34960586784309483,0.6906615087087987,5
78836,2024-10-14 15:45:00,103.24892,0.36666666666666664,0.21130193333793562,0.35037548910996036,0.6030728173214809,8
78837,2024-10-14 15:50:00,103.44892,0.1,0.3100655656900128,0.34959711241087194,0.8869225593762949,8
78838,2024-10-14 15:55:00,103.14892,0.36666666666666664,0.21656725123542583,0.3504948620182524,0.6178899456282125,6
78840,2024-10-15 09:35:00,103.24892,0.8,1.3536505347669918,0.34970799835557936,3.8708023297500174,27
78843,2024-10-15 09:50:00,103.14892,0.3,0.4449083486896306,0.3792549309134704,1.173111573310406,10
78848,2024-10-15 10:15:00,101.24892,0.4666666666666667,0.49339444226027623,0.38222147478945434,1.2908600766926066,5
78849,2024-10-15 10:20:00,101.14892,0.7666666666666667,0.40082425548776573,0.3822615137726314,1.0485603207394179,7
78855,2024-10-15 10:50:00,100.44892,0.3,0.3867579144721665,0.3894643518724804,0.9930508725964218,4
78857,2024-10-15 11:00:00,100.34892,0.26666666666666666,0.3089339982377101,0.3903279160562973,0.7914729783076861,3
78868,2024-10-15 11:55:00,100.64892,0.23333333333333334,0.294077182830107,0.39859717278529905,0.7377804031452805,3
78869,2024-10-15 12:00:00,100.74892,0.0,0.255093125700767,0.3979310845436907,0.641048502137709,3
78875,2024-10-15 13:30:00,99.84892,0.23333333333333334,0.19198921150821052,0.3766715288806944,0.5096992917907011,2
78876,2024-10-15 13:35:00,99.44892,0.3333333333333333,0.3232055269134461,0.37748327525823466,0.8562115147812644,3
78877,2024-10-15 13:40:00,98.94892,0.43333333333333335,0.3531280842108714,0.37748327525823466,0.9354800791354213,3
78879,2024-10-15 13:50:00,99.14892,0.26666666666666666,0.3081944863603911,0.3560688443777937,0.8655474670886755,3
78884,2024-10-15 14:15:00,98.64892,0.4666666666666667,0.27317554962784074,0.3507683929072117,0.7787918043690543,2
78885,2024-10-15 14:20:00,98.44892,0.16666666666666666,0.22830293064537333,0.3507683929072117,0.6508651727516567,3
78886,2024-10-15 14:25:00,98.44892,0.43333333333333335,0.2957204208679771,0.3500229560883074,0.8448600748156921,3
78887,2024-10-15 14:30:00,98.54892,0.03333333333333333,0.2699825153887752,0.3500229560883074,0.7713280248986333,3
78892,2024-10-15 14:55:00,97.64892,0.26666666666666666,0.3012527651444428,0.33639851792321074,0.8955234612930412,3
78893,2024-10-15 15:00:00,97.24892,0.8666666666666667,0.3188466637610385,0.335256162083378,0.9510538502249558,3
78894,2024-10-15 15:05:00,97.34892,0.26666666666666666,0.3484715569938937,0.33096803905086725,1.052885825450766,3
78895,2024-10-15 15:10:00,97.84892,0.6666666666666666,0.3245009392108651,0.3325058599841265,0.9759254745957152,3
78899,2024-10-15 15:30:00,96.84892,0.9,0.2949867501959247,0.3342602661367405,0.8825061788087322,3
78900,2024-10-15 15:35:00,97.04892,0.13333333333333333,0.2115182903417817,0.32857096911742,0.6437522186148842,3
78902,2024-10-15 15:45:00,97.09892,0.2,0.219866943359375,0.33101119525870015,0.6642281182892895,2
78908,2024-10-16 09:45:00,97.74892,0.36666666666666664,0.5618984767551332,0.3981848418111092,1.4111498423681492,5
78915,2024-10-16 10:20:00,96.34892,0.8666666666666667,0.2964978094774132,0.41196397277654045,0.7197178128929275,3
78916,2024-10-16 10:25:00,96.29892,0.8,0.34059494341456487,0.4115978802409893,0.8274944059846653,3
78917,2024-10-16 10:30:00,96.74892,0.5666666666666667,0.35190989356209157,0.4142848975390561,0.8494393487489265,3
78919,2024-10-16 10:40:00,96.64892,0.7333333333333333,0.3356792074615157,0.4149247334580838,0.8090122867920729,3
78920,2024-10-16 10:45:00,96.84892,0.7,0.30635643295382037,0.4157869501064073,0.7368110828765027,3
78922,2024-10-16 10:55:00,97.34892,0.13333333333333333,0.36079788612221086,0.4168952541017494,0.8654401377141916,3
78924,2024-10-16 11:05:00,97.74892,0.6333333333333333,0.3576921307516223,0.41698029212911175,0.8578154351737762,3
78925,2024-10-16 11:10:00,97.99892,0.1,0.2938722795679578,0.41810495560644007,0.7028672481092958,3
78927,2024-10-16 11:20:00,98.44892,0.5333333333333333,0.24000375620938422,0.42039258499384186,0.570903875987489,4
78933,2024-10-16 11:50:00,97.79892,0.23333333333333334,0.33025551085929283,0.425672793120946,0.7758435967634362,3
78937,2024-10-16 13:10:00,98.64892,0.03333333333333333,0.2444780342523202,0.42800281488565733,0.5712066036706639,4
78943,2024-10-16 13:40:00,97.29892,0.4666666666666667,0.31803251011762357,0.4007517677938037,0.7935897871853153,3
78944,2024-10-16 13:45:00,97.54892,0.5333333333333333,0.3071193903959322,0.4018552019145525,0.7642538629156176,3
78952,2024-10-16 14:25:00,97.14892,0.6666666666666666,0.27161419212161353,0.39691764636781257,0.6843086836958521,3
78953,2024-10-16 14:30:00,97.04892,0.4666666666666667,0.25205869254997837,0.39295201305350264,0.6414490425721757,2
78958,2024-10-16 14:55:00,97.69892,0.16666666666666666,0.22963933067992548,0.39423519068305046,0.5824932327376793,3
78970,2024-10-16 15:55:00,97.54892,0.3,0.2629969613103686,0.38187095461286613,0.6887063761552386,3
78972,2024-10-17 09:35:00,96.99892,0.7666666666666667,1.3113564774799882,0.3879142976169926,3.380531435772849,23
78974,2024-10-17 09:45:00,99.64892,0.16666666666666666,0.5132806225967835,0.45437931868478004,1.1296302483187302,8
78975,2024-10-17 09:50:00,100.04892,0.06666666666666667,0.421347424319022,0.4543433894300933,0.9273765925097758,6
78976,2024-10-17 09:55:00,99.64892,0.4,0.4183712524064607,0.4533272114676953,0.9228902254773965,10
78977,2024-10-17 10:00:00,99.74892,0.06666666666666667,0.3583944185021981,0.4506907258806846,0.7952114341866424,7
78978,2024-10-17 10:05:00,99.54892,0.26666666666666666,0.4269228833195325,0.45012213649347843,0.9484600927324487,7
78980,2024-10-17 10:15:00,100.34892,0.13333333333333333,0.24060904718251028,0.4519928325329484,0.5323293421140055,4
78981,2024-10-17 10:20:00,99.64892,0.16666666666666666,0.3335323874393358,0.4574452954694237,0.729119723697387,8
78984,2024-10-17 10:35:00,98.84892,0.5,0.30194869147895886,0.47074391844330077,0.6414287676354281,7
78985,2024-10-17 10:40:00,99.04892,0.5333333333333333,0.41251749107070335,0.47115121890363526,0.8755522102449993,8
78988,2024-10-17 10:55:00,98.74892,0.5666666666666667,0.30795459703740874,0.4738353584782276,0.6499189887948369,8
78993,2024-10-17 11:20:00,98.94892,0.8,0.24567444374003758,0.4734799326344148,0.5188698122286182,7
78994,2024-10-17 11:25:00,98.84892,0.4,0.2439594081474384,0.4710819160349315,0.5178704591354945,6
78997,2024-10-17 11:40:00,98.04892,0.7333333333333333,0.24242160571425786,0.47245902343334534,0.5131060974401281,8
79002,2024-10-17 13:05:00,98.64892,0.16666666666666666,0.24537977536563005,0.4682333010822974,0.5240545147012124,6
79003,2024-10-17 13:10:00,98.34892,0.5,0.25085538960451276,0.46892463927006517,0.5349588581973382,5
79006,2024-10-17 13:25:00,98.54892,0.36666666666666664,0.19725799161872115,0.43538810240326475,0.45306242988701845,6
79010,2024-10-17 13:45:00,98.34892,0.3333333333333333,0.23378163376375,0.39561286612403523,0.590935365814046,6
79012,2024-10-17 13:55:00,98.14892,0.5333333333333333,0.21293199326278237,0.3921813920379068,0.5429426219237886,5
79014,2024-10-17 14:05:00,98.14892,0.43333333333333335,0.21056624287626458,0.38582553139926246,0.5457550777228505,6
79016,2024-10-17 14:15:00,97.84892,0.4666666666666667,0.19087399899263943,0.38458659134215833,0.4963095523598819,6
79018,2024-10-17 14:25:00,97.29892,0.4666666666666667,0.26086738272761656,0.38537968059365646,0.6769100600368045,5
79020,2024-10-17 14:35:00,97.19892,0.0,0.24545774503159387,0.3846761193050543,0.6380893762654967,3
79022,2024-10-17 14:45:00,97.14892,0.8333333333333334,0.15716772588202385,0.38292155256239485,0.41044366615121325,3
79024,2024-10-17 14:55:00,97.09892,0.8666666666666667,0.1423922693108971,0.3820045240334236,0.3727502172158528,3
79025,2024-10-17 15:00:00,96.99892,0.5666666666666667,0.17837800487161806,0.3792771251196374,0.4703104749999129,2
79031,2024-10-17 15:30:00,95.74892,0.5333333333333333,0.2464216944727768,0.3750420851805385,0.6570507796589117,2
79033,2024-10-17 15:40:00,96.29892,0.4666666666666667,0.1812783979897893,0.3740518742257216,0.48463437956307864,2
79034,2024-10-17 15:45:00,96.64892,0.5333333333333333,0.19360054641000532,0.37583699063047477,0.5151183923786644,3
79035,2024-10-17 15:50:00,96.34892,0.4666666666666667,0.24162634812078584,0.3759638838437854,0.6426849984909259,3
79039,2024-10-18 09:40:00,96.24892,0.4666666666666667,0.6085881025228118,0.3707517931903532,1.6414973944855542,10
79041,2024-10-18 09:50:00,95.94892,0.9,0.33760980474770363,0.37148722026596986,0.9088059732068,6
79042,2024-10-18 09:55:00,95.99892,0.4,0.3524198562823873,0.36897249210283856,0.9551385640536104,6
79043,2024-10-18 10:00:00,96.14892,0.13333333333333333,0.2787889796047256,0.36838717582887237,0.7567825317953848,3
79044,2024-10-18 10:05:00,95.39892,0.36666666666666664,0.33019879182263434,0.37499787436053755,0.880535102727458,4
79050,2024-10-18 10:35:00,94.04892,0.5333333333333333,0.3545310211765135,0.38041133580606484,0.9319675514539734,3
79051,2024-10-18 10:40:00,94.99892,0.16666666666666666,0.34205964395170596,0.3928117764595847,0.8707978335952449,3
79054,2024-10-18 10:55:00,95.29892,0.6333333333333333,0.3223543213413961,0.4032644063267435,0.7993621958299233,3
79061,2024-10-18 11:30:00,94.24892,0.7666666666666667,0.29647778513908796,0.4036020349200098,0.7345795102292959,3
79063,2024-10-18 11:40:00,94.89892,0.5333333333333333,0.2567618305125277,0.4045772948036836,0.634642214999036,3
79065,2024-10-18 11:50:00,94.29892,0.8333333333333334,0.3155890909739287,0.4063883796954776,0.7765701647532631,3
79066,2024-10-18 11:55:00,94.19892,0.9,0.24894576621017994,0.4064398450171815,0.6125033489264721,3
79068,2024-10-18 13:05:00,94.14892,0.9,0.28165440162693506,0.4057199938339158,0.6942088285208644,3
79073,2024-10-18 13:30:00,95.99892,0.8666666666666667,0.20327162939000887,0.3479075880568986,0.5842690311105396,8
79078,2024-10-18 13:55:00,97.49892,0.2,0.3686835278580621,0.346572118678879,1.0638003116450077,8
79079,2024-10-18 14:00:00,97.49892,0.6,0.2987180389262969,0.346343884481483,0.8624897170438348,7
79080,2024-10-18 14:05:00,97.79892,0.2,0.24560807135334073,0.3411645133672377,0.7199109571192778,8
79084,2024-10-18 14:25:00,98.94892,0.3333333333333333,0.25061992683127354,0.33499433117318805,0.7481318443615873,12
79087,2024-10-18 14:40:00,99.24892,0.13333333333333333,0.1745585730395877,0.334051873239616,0.5225493015402926,9
79094,2024-10-18 15:15:00,97.94892,0.13333333333333333,0.26420158304757735,0.3631562487048384,0.7275149029923805,8
79102,2024-10-18 15:55:00,98.14892,0.43333333333333335,0.20138405205891435,0.36285339388031734,0.5550011532352881,7
79105,2024-10-21 09:40:00,98.64892,0.36666666666666664,0.5211896003960155,0.3650086340462006,1.4278829369555308,20
79108,2024-10-21 09:55:00,97.04892,0.7666666666666667,0.4128268327497527,0.3775947539146425,1.0933065898555216,12
79115,2024-10-21 10:30:00,97.59892,0.26666666666666666,0.24624642290644508,0.3804817346107585,0.6471964367970535,11
79122,2024-10-21 11:05:00,97.24892,0.6333333333333333,0.26382775196493574,0.38062249315788654,0.6931480842765039,8
79130,2024-10-21 11:45:00,97.34892,0.36666666666666664,0.21454436447197348,0.3735462246643981,0.574344887743745,8
79133,2024-10-21 12:00:00,96.99892,0.13333333333333333,0.12869743919953966,0.3707930706949371,0.34708695865954575,6
79135,2024-10-21 13:10:00,97.19892,0.03333333333333333,0.18062522176403212,0.37080063773901323,0.4871221982394878,7
79137,2024-10-21 13:20:00,96.39892,0.5666666666666667,0.2457680167903572,0.3728442782597559,0.6591706809541911,8
79138,2024-10-21 13:25:00,96.09892,0.8666666666666667,0.23175654141724522,0.3728442782597559,0.6215907147588928,4
79145,2024-10-21 14:00:00,95.04892,1.0,0.21046061994476162,0.36506663165287156,0.576499196850401,3
79150,2024-10-21 14:25:00,95.04892,0.2,0.1750494684260558,0.34702887178631237,0.5044233568377124,3
79157,2024-10-21 15:00:00,95.59892,0.36666666666666664,0.2183091027192555,0.3347970617308619,0.6520639744883746,4
79159,2024-10-21 15:10:00,95.84892,0.3333333333333333,0.16150146729234208,0.3328026077986414,0.48527704864036636,8
79174,2024-10-22 09:55:00,95.64892,0.6666666666666666,0.27487010847051224,0.30688042349930017,0.8956912446099354,9
79175,2024-10-22 10:00:00,95.94892,0.13333333333333333,0.22167450164867256,0.3084374488135802,0.7187016443734521,7
79181,2024-10-22 10:30:00,95.89892,0.5333333333333333,0.27028817111723125,0.3135822754642857,0.8619370170620971,10
79184,2024-10-22 10:45:00,95.29892,0.43333333333333335,0.2053787770668214,0.305873029828543,0.6714510827644607,4
79185,2024-10-22 10:50:00,95.14892,0.5,0.2017432378506365,0.30606810671877227,0.6591449204343474,5
79195,2024-10-22 11:40:00,95.14892,0.1,0.14017562503837774,0.25658852200663335,0.5463051267536976,5
79197,2024-10-22 11:50:00,95.14892,0.6333333333333333,0.1191806065156397,0.2536761651709504,0.4698139710339946,5
79198,2024-10-22 11:55:00,95.14892,0.7666666666666667,0.12378565621269011,0.2535695578360248,0.488172386579379,3
79201,2024-10-22 13:10:00,95.29892,0.1,0.1221743633063223,0.25466267142381244,0.4797497906671935,5
79203,2024-10-22 13:20:00,95.09892,0.7666666666666667,0.134906539784961,0.24817053291395272,0.5436041829822587,6
79207,2024-10-22 13:40:00,94.94892,0.5333333333333333,0.13671888417211828,0.22797870150065494,0.5997002495065334,4
79210,2024-10-22 13:55:00,94.24892,0.36666666666666664,0.19580735739665733,0.22403758047605496,0.873993358527567,3
79217,2024-10-22 14:30:00,94.69892,0.6333333333333333,0.1450299200020384,0.2254415567744007,0.6433149330456842,4
79218,2024-10-22 14:35:00,94.84892,0.1,0.1436875420348614,0.2250882673285541,0.6383608694500513,4
79224,2024-10-22 15:05:00,94.74892,0.8333333333333334,0.11080288007198148,0.2229705032552648,0.49693963306496325,4
79225,2024-10-22 15:10:00,94.69892,0.7,0.1142137217006913,0.22285378573254053,0.5125051895585282,3
79229,2024-10-22 15:30:00,95.04892,0.5,0.13148801895465365,0.22375504410691974,0.5876427031152113,5
79231,2024-10-22 15:40:00,94.89892,0.2,0.12237036518673672,0.22375048414514853,0.5469054766708535,5
79235,2024-10-22 16:00:00,94.89892,0.23333333333333334,0.1447416486628291,0.21749095634116591,0.6655065162147752,6
79250,2024-10-23 10:45:00,95.14892,0.36666666666666664,0.17425216220548204,0.2493405239179278,0.6988521539436501,5
79254,2024-10-23 11:05:00,94.64892,0.2,0.14557666194427266,0.2472633605540922,0.5887514495396733,7
79260,2024-10-23 11:35:00,94.69892,0.2,0.12303121151208951,0.24231163209441797,0.5077396014738152,7
79262,2024-10-23 11:45:00,94.84892,0.06666666666666667,0.11035249949158739,0.24381022156668083,0.45261637835559965,4
79263,2024-10-23 11:50:00,94.64892,0.16666666666666666,0.07817074696289611,0.24281218958755957,0.3219391377989582,4
79266,2024-10-23 13:05:00,94.84892,0.26666666666666666,0.16827655820309909,0.24307467457271414,0.6922833836922829,9
79267,2024-10-23 13:10:00,95.34892,0.36666666666666664,0.19776289639426012,0.2480687573159714,0.797210009571518,8
79269,2024-10-23 13:20:00,96.04892,0.26666666666666666,0.2656894595248308,0.252454535552783,1.0524249799793381,8
79273,2024-10-23 13:40:00,95.79892,0.03333333333333333,0.19985210593385386,0.24136130608169587,0.8280204858777488,7
79278,2024-10-23 14:05:00,95.49892,0.16666666666666666,0.207222122748447,0.223145465071055,0.928641425370049,7
79287,2024-10-23 14:50:00,94.94892,0.26666666666666666,0.1325820728080282,0.21230992086980963,0.6244742227063836,6
79288,2024-10-23 14:55:00,94.94892,0.4666666666666667,0.1354284452933244,0.21225104251924176,0.6380578567996764,6
79298,2024-10-23 15:45:00,95.54892,0.16666666666666666,0.16367084741985058,0.21309301202120173,0.7680723354905984,6
79300,2024-10-23 15:55:00,95.54892,0.0,0.103955492092292,0.2115806001797208,0.4913280896452233,4
79303,2024-10-24 09:40:00,93.14892,0.9,0.42000783460480007,0.305129095502128,1.3764922480225124,5
79305,2024-10-24 09:50:00,92.49892,0.7333333333333333,0.24504483383229364,0.308821761737083,0.7934830513690089,5
79306,2024-10-24 09:55:00,91.99892,0.36666666666666664,0.3125597336676476,0.3122029248078004,1.001142874814728,7
79310,2024-10-24 10:15:00,92.09892,0.23333333333333334,0.22746014531555825,0.3106056499956224,0.7323116798382902,3
79311,2024-10-24 10:20:00,92.59892,0.13333333333333333,0.27489893321635617,0.3127759469337564,0.8789004906268503,4
79314,2024-10-24 10:35:00,92.79892,0.6,0.2322735096717169,0.31294960514705505,0.7422073901086136,3
79316,2024-10-24 10:45:00,92.84892,0.36666666666666664,0.18897697538477531,0.31258016010974715,0.6045712412407279,3
79317,2024-10-24 10:50:00,92.79892,0.2,0.19304918502774782,0.31212938435249515,0.6184909037905024,3
79319,2024-10-24 11:00:00,92.84892,0.1,0.14495533402970567,0.311771239836494,0.4649413271914573,3
79326,2024-10-24 11:35:00,92.49892,0.7333333333333333,0.18615609903185187,0.312563022927703,0.595579404397143,3
79330,2024-10-24 11:55:00,92.19892,0.16666666666666666,0.1504015953215673,0.31247405769270786,0.4813250624135803,3
79336,2024-10-24 13:25:00,91.89892,0.13333333333333333,0.10236785849050944,0.3039439089801641,0.33679851928597176,2
79350,2024-10-24 14:35:00,91.74892,0.16666666666666666,0.12805185627622914,0.279289732752453,0.45849109816624456,3
79355,2024-10-24 15:00:00,91.89892,0.0,0.0884382354382241,0.27657591233170337,0.3197611631925424,2
79356,2024-10-24 15:05:00,91.94892,0.6,0.15971155927417693,0.2758056716113918,0.5790727882463903,3
79365,2024-10-24 15:50:00,92.09892,0.6,0.1728113313924372,0.2752613287443995,0.6278082438267429,3
79367,2024-10-24 16:00:00,92.09892,0.8,0.14128531624781968,0.2646792330703955,0.5337982682239475,3
79384,2024-10-25 10:55:00,94.59892,0.43333333333333335,0.16094776310713407,0.3147943780615167,0.5112790263226424,10
79386,2024-10-25 11:05:00,94.89892,0.6,0.14874430866638302,0.3157078746178258,0.4711453866852154,12
79388,2024-10-25 11:15:00,95.04892,0.6666666666666666,0.12298237679898541,0.3157078746178257,0.3895448504344703,12
79389,2024-10-25 11:20:00,94.84892,0.5666666666666667,0.12663530422851846,0.3161842054730657,0.40051116417738314,9
79390,2024-10-25 11:25:00,94.69892,0.3333333333333333,0.13082201440513416,0.31549935479042807,0.41465065591666045,5
79402,2024-10-25 13:25:00,94.14892,0.6333333333333333,0.14880211902240986,0.2286300657583703,0.6508423051396603,6
79412,2024-10-25 14:15:00,93.89892,0.5333333333333333,0.1519659086626015,0.22005717597453633,0.690574656289264,7
79413,2024-10-25 14:20:00,93.94892,0.13333333333333333,0.13203513381052975,0.21879240227749633,0.6034722066951321,7
79414,2024-10-25 14:25:00,93.84892,0.43333333333333335,0.15629917603251126,0.21904058454027972,0.7135626320599466,8
79422,2024-10-25 15:05:00,94.04892,0.23333333333333334,0.14295585546454073,0.22188564961702423,0.644277156775498,7
79425,2024-10-25 15:20:00,94.09892,0.23333333333333334,0.12016186652757259,0.22211429886210443,0.5409911344887025,6
79426,2024-10-25 15:25:00,93.89892,0.43333333333333335,0.14777669323142711,0.22211429886210446,0.6653182347489097,6
79427,2024-10-25 15:30:00,93.79892,0.5,0.128586456108919,0.22238974401954134,0.5782031751321236,7
79429,2024-10-25 15:40:00,93.59892,0.5666666666666667,0.1069809142921589,0.22259266644154255,0.48061293304222275,6
79433,2024-10-25 16:00:00,93.59892,0.6666666666666666,0.13744316367804962,0.22326774251665849,0.6155979458958103,7
79436,2024-10-28 09:45:00,94.69892,0.4666666666666667,0.32282666832041956,0.27643938355879943,1.1678027355018805,18
79438,2024-10-28 09:55:00,94.04892,0.6333333333333333,0.273089681549967,0.28447303144916086,0.959984432122775,14
79441,2024-10-28 10:10:00,95.44892,0.6333333333333333,0.2850034677917135,0.2939272447070941,0.9696395040743047,14
79448,2024-10-28 10:45:00,94.99892,0.6666666666666666,0.13823686221076079,0.2956508887446622,0.46756788994518644,15
79453,2024-10-28 11:10:00,94.94892,0.3333333333333333,0.13618314452017402,0.29633340753203813,0.45956055260306944,13
79454,2024-10-28 11:15:00,94.94892,0.9333333333333333,0.11203974700951103,0.29633340753203813,0.37808679062753947,13
79461,2024-10-28 11:50:00,95.14892,0.6333333333333333,0.0967574303232492,0.3002524190602219,0.32225362455395395,11
79465,2024-10-28 13:10:00,95.19892,0.6666666666666666,0.10738327970047921,0.2987842249180699,0.35940076732606935,16
79466,2024-10-28 13:15:00,95.19892,0.3,0.11589957676821254,0.2987842249180699,0.3879039356913624,14
79470,2024-10-28 13:35:00,95.84892,0.6,0.1547823982957435,0.26163273610770416,0.5916018025818662,5
79473,2024-10-28 13:50:00,96.14892,0.36666666666666664,0.14360137086772204,0.2601838644145782,0.5519226612719801,5
79476,2024-10-28 14:05:00,95.89892,0.36666666666666664,0.11099983981797833,0.25815838245857703,0.42996798616751825,5
79477,2024-10-28 14:10:00,95.79892,0.23333333333333334,0.0909486392839621,0.25552660833379864,0.3559262961967326,6
79479,2024-10-28 14:20:00,95.99892,0.6,0.10175744635470743,0.24886744791550394,0.4088821065471622,3
79480,2024-10-28 14:25:00,96.09892,0.16666666666666666,0.1294799396946036,0.24899655778175792,0.5200069464738987,4
79487,2024-10-28 15:00:00,95.94892,0.7333333333333333,0.0944749890412119,0.24816128231165968,0.3806999551306439,3
79500,2024-10-29 09:35:00,94.69892,0.8333333333333334,1.1830828443069035,0.2475963420098845,4.778272710748176,30
79503,2024-10-29 09:50:00,96.59892,0.6,0.23083895371596136,0.3191183907127456,0.7233646208868953,11
79504,2024-10-29 09:55:00,96.04892,0.6666666666666666,0.23245781467484902,0.3199860661694469,0.7264623033671479,15
79506,2024-10-29 10:05:00,95.79892,0.5,0.21127496425323558,0.32083310972765977,0.6585198280581983,16
79509,2024-10-29 10:20:00,96.04892,0.2,0.16228988379657128,0.31918153032575625,0.5084563747499375,11
79516,2024-10-29 10:55:00,97.04892,0.4,0.11600656239754285,0.3201414721455684,0.36236030783538925,8
79520,2024-10-29 11:15:00,96.49892,0.43333333333333335,0.10096161589996877,0.3220290101833264,0.3135171450624675,9
79524,2024-10-29 11:35:00,96.04892,0.43333333333333335,0.1422081785400408,0.32371097766607204,0.439306011693979,6
79528,2024-10-29 11:55:00,95.34892,0.7333333333333333,0.11958361924371093,0.3251505580801837,0.3677792218773342,13
79530,2024-10-29 13:05:00,95.04892,0.5666666666666667,0.1591202653082403,0.3258746168256058,0.4882867737851294,14
79535,2024-10-29 13:30:00,95.74892,0.1,0.10295941764036243,0.2850901618213253,0.361146863092702,6
79542,2024-10-29 14:05:00,95.54892,0.3,0.0745887713322651,0.26770630673681645,0.2786216441497351,8
79545,2024-10-29 14:20:00,95.69892,0.5666666666666667,0.10598577118558825,0.26462236762836144,0.400517054304479,5
79549,2024-10-29 14:40:00,95.79892,0.13333333333333333,0.09729138600347574,0.26387813520208653,0.36869817171084224,4
79550,2024-10-29 14:45:00,95.84892,0.13333333333333333,0.08028288113248906,0.2635241062909987,0.30465099478920543,4
79552,2024-10-29 14:55:00,95.64892,0.26666666666666666,0.0699360691028781,0.2627563780242626,0.26616316463465745,5
79561,2024-10-29 15:40:00,95.44892,0.6,0.07526948104929623,0.2590598953615874,0.2905485657833588,10
79562,2024-10-29 15:45:00,95.49892,0.23333333333333334,0.06426417149367897,0.25910223063849647,0.24802631507770134,7
79575,2024-10-30 10:20:00,94.79892,0.8333333333333334,0.1414270443770208,0.27602477157495864,0.5123708411026225,16
79579,2024-10-30 10:40:00,94.29892,0.3,0.11722484714941256,0.2764725994656257,0.4240016818158044,8
79581,2024-10-30 10:50:00,94.49892,0.7,0.11737850997656184,0.2762520079949334,0.42489649515494066,10
79582,2024-10-30 10:55:00,94.44892,0.4,0.12854615795095217,0.2761402606035038,0.46551038110131027,8
79586,2024-10-30 11:15:00,94.34892,0.9,0.07537574317328842,0.27723638701342385,0.27188257640090624,6
79587,2024-10-30 11:20:00,94.44892,0.4,0.0970338742256482,0.2771443650549773,0.3501203216107227,6
79593,2024-10-30 11:50:00,93.54892,1.0,0.09903482162145401,0.2791865104944677,0.354726385046517,8
79595,2024-10-30 12:00:00,93.59892,0.4,0.12463509933941373,0.27971500793616405,0.44557887779785377,9
79601,2024-10-30 13:30:00,93.64892,0.6333333333333333,0.13373796533089283,0.19170242942328988,0.6976331272025342,8
79606,2024-10-30 13:55:00,93.54892,0.7666666666666667,0.1259650786157863,0.17941310526429727,0.7020951921556926,8
79608,2024-10-30 14:05:00,93.74892,0.7666666666666667,0.1306031348069973,0.18316977984410626,0.7130168247084873,6
79609,2024-10-30 14:10:00,93.59892,0.23333333333333334,0.10765249515742759,0.18317674254190905,0.5876973990450657,9
79611,2024-10-30 14:20:00,93.64892,0.5,0.10567102181270911,0.1755673532319309,0.6018830942510924,8
79620,2024-10-30 15:05:00,93.79892,0.8666666666666667,0.08481315408380566,0.17280699914404057,0.4907969845197704,6
79627,2024-10-30 15:40:00,93.84892,0.7666666666666667,0.05907784110615898,0.1661286080628401,0.35561509721319096,4
79629,2024-10-30 15:50:00,93.79892,0.3,0.10445609321484675,0.16473784413447007,0.6340746642865054,8
79630,2024-10-30 15:55:00,93.74892,0.26666666666666666,0.11080164011737018,0.15800414444652977,0.7012578088093543,8
79633,2024-10-31 09:40:00,94.74892,0.3,0.3322526999195085,0.1813307157844183,1.8323023679811608,23
79638,2024-10-31 10:05:00,93.94892,0.6333333333333333,0.18582715190269794,0.19262231646495923,0.9647228592877117,17
79648,2024-10-31 10:55:00,94.29892,0.8,0.1001671857394019,0.19610532954380033,0.5107825777729792,16
79667,2024-10-31 13:30:00,93.94892,0.5,0.08883513190988475,0.19478980218167508,0.45605637931204773,7
79668,2024-10-31 13:35:00,93.99892,0.5333333333333333,0.09682243893283074,0.19481860891232328,0.49698763107586397,11
79669,2024-10-31 13:40:00,93.99892,0.4,0.10814614911367257,0.19382098658118033,0.5579692427598724,10
79678,2024-10-31 14:25:00,94.19892,0.23333333333333334,0.07950986267833492,0.1870801424415468,0.42500428768477005,10
79679,2024-10-31 14:30:00,94.19892,0.43333333333333335,0.06999356644702233,0.18597520495889816,0.37635966828207773,8
79681,2024-10-31 14:40:00,93.89892,1.0,0.06480439204807238,0.1872028134890786,0.3461721052170675,8
79683,2024-10-31 14:50:00,93.64892,0.5,0.11378478125871619,0.1866378590740664,0.609655414090242,9
79688,2024-10-31 15:15:00,93.64892,0.26666666666666666,0.11462602900685949,0.18500297126698942,0.6195902056158625,8
79693,2024-10-31 15:40:00,93.69892,0.6,0.08609026056676754,0.18215877190467158,0.4726111164815099,7
79694,2024-10-31 15:45:00,93.59892,0.7666666666666667,0.10251610789252266,0.18215877190467158,0.5627843601524279,10
79697,2024-10-31 16:00:00,93.24892,0.4666666666666667,0.12410814447165262,0.1826426313393814,0.6795135591374521,11
79703,2024-11-01 10:00:00,93.14892,0.4666666666666667,0.12871651208206444,0.21094914283584312,0.6101779336559303,13
79708,2024-11-01 10:25:00,92.49892,0.1,0.11015986252620649,0.2171388276716151,0.5073245706788295,4
79713,2024-11-01 10:50:00,92.59892,0.43333333333333335,0.10804306233626934,0.2177230492878614,0.496240810009145,4
79722,2024-11-01 11:35:00,92.39892,0.3333333333333333,0.11944103064915741,0.22440048119742553,0.5322672661475902,4
79725,2024-11-01 11:50:00,93.39892,0.3333333333333333,0.18832367238491826,0.23583641450525145,0.7985351743919292,15
79734,2024-11-01 13:35:00,92.99892,0.3333333333333333,0.11503144503955699,0.22855976765625716,0.5032882480549189,10
79735,2024-11-01 13:40:00,92.89892,0.23333333333333334,0.08609517780600749,0.22652401928522065,0.3800708555219632,7
79741,2024-11-01 14:10:00,92.84892,0.36666666666666664,0.07918198489367498,0.21864895745291155,0.3621420646870804,8
79743,2024-11-01 14:20:00,92.64892,0.5333333333333333,0.10060326627478967,0.21818649452526828,0.4610884211402863,5
79745,2024-11-01 14:30:00,92.89892,0.3,0.0983687247275162,0.2186209572448118,0.44995102924813785,8
79749,2024-11-01 14:50:00,92.74892,0.7666666666666667,0.09126791470931926,0.21881222058831087,0.41710611255592217,7
79751,2024-11-01 15:00:00,92.69892,0.5333333333333333,0.07854555177268376,0.21808476142780703,0.3601606607377968,7
79754,2024-11-01 15:15:00,92.64892,0.7,0.08041853410701699,0.21547611498011937,0.3732132172256619,8
79766,2024-11-04 09:45:00,93.64892,0.26666666666666666,0.2280745651877812,0.24400055698501807,0.9347296908088011,16
79769,2024-11-04 10:00:00,93.64892,0.7666666666666667,0.12228008730375244,0.24774258851531536,0.4935771763609918,18
79771,2024-11-04 10:10:00,94.14892,0.26666666666666666,0.18241722935529298,0.2498739606779283,0.7300369708807602,15
79774,2024-11-04 10:25:00,94.29892,0.26666666666666666,0.1350983714180657,0.2505467951532709,0.5392141269874151,11
79776,2024-11-04 10:35:00,94.09892,0.6333333333333333,0.09061802307520424,0.25130919318750095,0.36058379689912273,13
79777,2024-11-04 10:40:00,94.04892,0.5333333333333333,0.0830129999089603,0.25130513319956577,0.33032751401475846,15
79779,2024-11-04 10:50:00,93.94892,0.3,0.060087007740634864,0.25608301856369514,0.23463878267933458,16
79784,2024-11-04 11:15:00,93.49892,0.16666666666666666,0.09708436167194355,0.2570592960496505,0.3776730239438293,7
79786,2024-11-04 11:25:00,93.59892,0.5,0.11037931311970162,0.2567763391715257,0.4298655922731596,11
79787,2024-11-04 11:30:00,93.69892,0.2,0.08852096015169889,0.2569729527777982,0.34447578702277676,10
79791,2024-11-04 11:50:00,93.74892,0.4,0.08624413351602939,0.25726362549485,0.3352364072073448,12
79793,2024-11-04 12:00:00,93.89892,0.1,0.054075499680019186,0.2571029528703537,0.21032624898434057,15
79798,2024-11-04 13:25:00,93.94892,0.6,0.08032702946095481,0.24723447416530328,0.32490221977396005,17
79806,2024-11-04 14:05:00,94.09892,0.23333333333333334,0.08376308272066892,0.22650487572831865,0.36980697413833413,15
79817,2024-11-04 15:00:00,94.24892,0.4666666666666667,0.0855098472704746,0.2224126823847573,0.3844647991904929,11
79819,2024-11-04 15:10:00,94.34892,0.06666666666666667,0.07360790956136978,0.2222268135430191,0.331228749527656,7
79822,2024-11-04 15:25:00,94.24892,0.7,0.04021070277385364,0.22003746979425515,0.1827447971086581,10
79826,2024-11-04 15:45:00,94.24892,0.03333333333333333,0.04433749332387509,0.20831848738043104,0.21283513470845244,12
79830,2024-11-05 09:35:00,94.09892,0.7666666666666667,0.4509606128356127,0.1976212998264282,2.281943359504738,27
79831,2024-11-05 09:40:00,94.14892,0.16666666666666666,0.15632697482395455,0.19765743700097785,0.7908985221900918,22
79833,2024-11-05 09:50:00,93.84892,0.5666666666666667,0.20504548049033453,0.19630943467763978,1.0445014057884698,23
79860,2024-11-05 13:05:00,95.79892,0.43333333333333335,0.2144893256242725,0.23636147801828936,0.9074631256438309,16
79866,2024-11-05 13:35:00,95.74892,0.5666666666666667,0.1332595128056544,0.1942758025078181,0.6859295449328628,14
79877,2024-11-05 14:30:00,95.84892,0.5,0.07708627434693306,0.1834327860032661,0.4202426187080891,9
79885,2024-11-05 15:10:00,95.94892,0.03333333333333333,0.0655296174185093,0.17628939624794837,0.3717161599801662,8
79898,2024-11-06 09:45:00,93.99892,0.6666666666666666,0.3113335887469956,0.26868307128781554,1.1587391317761606,26
79900,2024-11-06 09:55:00,94.19892,0.6333333333333333,0.23076373349212725,0.2690871932282038,0.857579770793567,24
79902,2024-11-06 10:05:00,94.19892,0.5,0.23549615168216986,0.26939698823800345,0.8741602986077807,22
79903,2024-11-06 10:10:00,94.39892,1.0,0.13092695546109387,0.2693515360537088,0.48608208209730414,18
79908,2024-11-06 10:35:00,94.14892,0.8,0.1564984483354536,0.27023930640499433,0.5791106054014107,15
79918,2024-11-06 11:25:00,92.29892,0.6666666666666666,0.18772799921447111,0.2837350183834835,0.6616314062466072,10
79922,2024-11-06 11:45:00,92.79892,0.8333333333333334,0.12896923872701782,0.28664007820830234,0.4499344248479287,9
79923,2024-11-06 11:50:00,92.89892,0.43333333333333335,0.10585104670116088,0.28684023190786023,0.36902440775868117,6
79924,2024-11-06 11:55:00,92.89892,0.6333333333333333,0.12739610582024863,0.2868402319078602,0.4441361135880383,9
79925,2024-11-06 12:00:00,92.59892,0.6,0.13354707885172626,0.28779903201415197,0.4640289368490973,4
79929,2024-11-06 13:20:00,92.69892,0.26666666666666666,0.1496676120960259,0.28963930930899234,0.5167379125889222,6
79930,2024-11-06 13:25:00,92.64892,0.4,0.10744159680608144,0.2895882260719909,0.371015072896547,5
79942,2024-11-06 14:25:00,93.14892,0.5333333333333333,0.10334582645877222,0.2776243837254484,0.3722505389187075,9
79948,2024-11-06 14:55:00,92.29892,0.4,0.12192869072205045,0.27536602237929053,0.442787710947523,5
79964,2024-11-07 09:45:00,92.04892,0.6666666666666666,0.224158113950819,0.2697319615630759,0.8310402395468451,10
79968,2024-11-07 10:05:00,92.34892,0.5333333333333333,0.23921745206143782,0.2758445121405789,0.8672184565322263,11
79972,2024-11-07 10:25:00,93.14892,0.36666666666666664,0.16705236944521887,0.2850051506989055,0.5861380716648936,11
79978,2024-11-07 10:55:00,92.34892,0.4666666666666667,0.12567672018165035,0.2915694665094973,0.4310352578621489,6
79980,2024-11-07 11:05:00,92.79892,0.3333333333333333,0.13541405059473194,0.2964280775202185,0.45681924508482413,11
79984,2024-11-07 11:25:00,92.44892,0.5,0.13144542183910063,0.29689066494577754,0.44274016450839604,6
79988,2024-11-07 11:45:00,92.59892,0.4666666666666667,0.12659385756960592,0.2940521842679424,0.43051493694824156,11
79994,2024-11-07 13:15:00,93.19892,0.43333333333333335,0.14496349043334775,0.2984348519887431,0.48574584860757397,11
79997,2024-11-07 13:30:00,92.84892,0.43333333333333335,0.1252029568727845,0.22583495837817263,0.5544002477381091,10
79999,2024-11-07 13:40:00,92.89892,0.23333333333333334,0.10671372580050408,0.2274791430761058,0.4691143300324538,10
80012,2024-11-07 14:45:00,92.94892,0.6,0.11563851236763056,0.22662308949301302,0.5102680076700472,10
80013,2024-11-07 14:50:00,93.14892,0.1,0.10962035216612102,0.22557389766510205,0.48596204304129514,10
80016,2024-11-07 15:05:00,93.34892,0.43333333333333335,0.10295506775879092,0.21403299141997303,0.4810242901141053,11
80034,2024-11-08 10:05:00,95.14892,0.16666666666666666,0.14350380964313572,0.35895982775662666,0.3997767954703576,14
80035,2024-11-08 10:10:00,94.69892,0.4666666666666667,0.21587303511352743,0.35877075898731825,0.6017018659013904,15
80040,2024-11-08 10:35:00,94.54892,0.4,0.1328773023242363,0.36816622987327374,0.36091659566379547,17
80043,2024-11-08 10:50:00,93.59892,0.7,0.23733707777096041,0.3736936911408728,0.6351112780266085,20
80046,2024-11-08 11:05:00,93.94892,0.5,0.1319941435829118,0.3746378722894087,0.3523246135696233,18
80054,2024-11-08 11:45:00,93.04892,0.3,0.23116589290078446,0.38296951100918714,0.6036143511571577,18
80056,2024-11-08 11:55:00,92.34892,0.36666666666666664,0.25837328668256404,0.38614736139956346,0.6691054051129821,16
80057,2024-11-08 12:00:00,92.84892,0.23333333333333334,0.14505797100617765,0.38933792781922383,0.3725760082473406,14
80063,2024-11-08 13:30:00,92.99892,0.3,0.1283846713545646,0.3843318199973335,0.3340464272655211,13
80070,2024-11-08 14:05:00,92.64892,0.8333333333333334,0.1407062492734036,0.371897601137824,0.37834675147920177,10
80071,2024-11-08 14:10:00,92.54892,0.7,0.1366431751027592,0.3720182959056201,0.36730229831875033,10
80075,2024-11-08 14:30:00,92.59892,0.3,0.10976896795891115,0.3661842556567784,0.2997643024330263,11
80078,2024-11-08 14:45:00,92.49892,0.5333333333333333,0.14081499279106602,0.3632938903564569,0.3876062783574507,10
80082,2024-11-08 15:05:00,92.69892,0.5,0.12011166066111753,0.3627837929124715,0.3310833146564978,9
80085,2024-11-08 15:20:00,92.44892,0.7666666666666667,0.08207917502476156,0.3629967719741127,0.22611544058197597,8
80092,2024-11-08 15:55:00,92.34892,0.6333333333333333,0.14439822368402558,0.36404648589634814,0.39664776142115776,11
80096,2024-11-11 09:45:00,88.74892,0.9666666666666667,0.2377837397702514,0.4481184234286532,0.5306270113844358,9
80106,2024-11-11 10:35:00,89.44892,0.5333333333333333,0.15729861079269356,0.45635721978488575,0.3446830771447854,3
80108,2024-11-11 10:45:00,89.29892,1.0,0.08875178051034753,0.45501490908882597,0.19505246693580716,3
80109,2024-11-11 10:50:00,89.14892,0.7333333333333333,0.17566567258224441,0.4546604792734032,0.3863667078849194,3
80111,2024-11-11 11:00:00,89.39892,0.9333333333333333,0.07974172846482515,0.4552189174785282,0.1751722641636184,4
80120,2024-11-11 11:45:00,89.34892,0.23333333333333334,0.1113184791752227,0.4558315139895498,0.2442097041534841,6
80123,2024-11-11 12:00:00,89.34892,0.8666666666666667,0.09401591156484505,0.45428668279432155,0.2069528232404972,5
80127,2024-11-11 13:20:00,89.79892,0.0,0.0846166824734147,0.4552872734630412,0.18585338841078677,4
80133,2024-11-11 13:50:00,90.19892,0.16666666666666666,0.11139537495036986,0.3529099807960299,0.3156481284522033,4
80135,2024-11-11 14:00:00,90.94892,0.3,0.226662625975788,0.35355339059327323,0.6410987194761202,9
80138,2024-11-11 14:15:00,91.49892,0.3,0.17440311169815859,0.3507356677350747,0.49724943238419805,9
80141,2024-11-11 14:30:00,91.89892,0.6,0.17346058702826275,0.353196807600946,0.4911159537552914,13
80142,2024-11-11 14:35:00,93.89892,0.0,0.35657150628137874,0.40538161231977277,0.879594671896732,16
80154,2024-11-11 15:35:00,92.29892,0.3333333333333333,0.2561273552576421,0.4279783794971523,0.5984586313882856,17
80156,2024-11-11 15:45:00,92.29892,0.36666666666666664,0.17673052657618232,0.4250305330023802,0.41580666058923493,12
80160,2024-11-12 09:35:00,92.14892,0.6666666666666666,1.0165608739092629,0.4288387377483197,2.370496842815236,30
80163,2024-11-12 09:50:00,92.49892,0.5666666666666667,0.35630445231555324,0.45383277462940425,0.7851007512767412,20
80164,2024-11-12 09:55:00,92.19892,0.43333333333333335,0.3019060387184878,0.45475640447326077,0.6638851828116246,21
80172,2024-11-12 10:35:00,90.74892,0.5,0.1803079260342954,0.4605562173988715,0.39150036243705094,7
80173,2024-11-12 10:40:00,90.79892,0.7333333333333333,0.1422423960198652,0.4605362786055466,0.30886252099521805,5
80174,2024-11-12 10:45:00,90.79892,0.8,0.16447962261605564,0.4605362786055466,0.35714802558895453,7
80179,2024-11-12 11:10:00,90.34892,0.8333333333333334,0.1648207803275388,0.46035568243652286,0.35802920788376597,4
80183,2024-11-12 11:30:00,89.79892,0.7333333333333333,0.13657598402528667,0.4606907816821445,0.2964591206418318,5
80185,2024-11-12 11:40:00,89.99892,0.7333333333333333,0.125416592378828,0.4635345721316471,0.27056577851804503,3
80190,2024-11-12 13:05:00,89.79892,0.3,0.2468174576591461,0.46206463196157377,0.5341621941747576,9
80193,2024-11-12 13:20:00,89.49892,0.13333333333333333,0.11718643530609234,0.46250108579526555,0.2533754814966359,7
80194,2024-11-12 13:25:00,89.24892,0.7666666666666667,0.13807188231412695,0.38667017614484517,0.3570792133252236,6
80197,2024-11-12 13:40:00,88.99892,0.5666666666666667,0.16103476783115087,0.3782265200637611,0.42576276196604024,6
80198,2024-11-12 13:45:00,88.94892,0.4,0.15392358389179617,0.3755056448814351,0.40991017309579225,6
80203,2024-11-12 14:10:00,88.94892,0.3,0.1281719636781511,0.3727443810915774,0.34386021675981016,5
80204,2024-11-12 14:15:00,88.89892,0.23333333333333334,0.18788982208162155,0.3706836752587798,0.5068737433620535,6
80209,2024-11-12 14:40:00,88.24892,0.06666666666666667,0.11595875223487864,0.3715984384372942,0.3120539276820622,6
80214,2024-11-12 15:05:00,88.49892,0.4666666666666667,0.13690108584333496,0.37171648550661257,0.3682943619160512,5
80217,2024-11-12 15:20:00,88.39892,0.26666666666666666,0.11705117199484208,0.3696907600074609,0.3166191440448223,4
80218,2024-11-12 15:25:00,88.34892,0.6666666666666666,0.125666123728191,0.3696907600074609,0.33992227375565154,6
80220,2024-11-12 15:35:00,88.24892,0.8,0.12136055125723734,0.369690760007461,0.3282758575161253,4
80223,2024-11-12 15:50:00,88.14892,0.13333333333333333,0.13453497253062732,0.36931453421318755,0.36428290811042585,5
80225,2024-11-12 16:00:00,88.49892,0.03333333333333333,0.128990864156622,0.3697990696349393,0.3488133820454445,5
80226,2024-11-13 09:35:00,88.59892,0.5666666666666667,0.8333829765617445,0.3681849357643289,2.26349015293549,27
80227,2024-11-13 09:40:00,87.69892,0.3333333333333333,0.3136223900310649,0.37873332940549476,0.8280823621289529,14
80234,2024-11-13 10:15:00,88.29892,0.13333333333333333,0.18458430669522574,0.37587024486571213,0.49108517957087167,5
80236,2024-11-13 10:25:00,88.19892,0.16666666666666666,0.156377129714028,0.37593470898257614,0.4159688530416482,6
80239,2024-11-13 10:40:00,88.09892,0.16666666666666666,0.1640179291840741,0.36600240356082986,0.4481334755956437,5
80242,2024-11-13 10:55:00,88.19892,0.2,0.14511148260141826,0.2986578486498331,0.4858786844458821,3
80244,2024-11-13 11:05:00,88.49892,0.1,0.15781861107656517,0.28089436215332086,0.5618432846666495,3
80245,2024-11-13 11:10:00,88.54892,0.13333333333333333,0.16427325572906504,0.2793719178858416,0.5880091920913513,3
80251,2024-11-13 11:40:00,88.59892,0.9,0.11929091268357968,0.268668830563341,0.44400726512804695,3
80255,2024-11-13 12:00:00,88.24892,0.26666666666666666,0.11523368297789376,0.25597542065198564,0.4501747968003578,2
80257,2024-11-13 13:10:00,88.19892,0.7333333333333333,0.15582304995217686,0.255625414654098,0.6095757347250872,3
80260,2024-11-13 13:25:00,88.24892,0.6333333333333333,0.16790136894376895,0.24057162480763417,0.697926736280832,3
80262,2024-11-13 13:35:00,88.19892,0.7333333333333333,0.16858649563040567,0.2081237084343048,0.8100302310518399,3
80266,2024-11-13 13:55:00,88.24892,0.9333333333333333,0.11454771768160456,0.19963235263031007,0.5737933564993355,3
80268,2024-11-13 14:05:00,88.29892,0.16666666666666666,0.15875514753926825,0.19965535042459523,0.7951459713033138,3
80273,2024-11-13 14:30:00,88.14892,0.0,0.10248417432276716,0.19582938504248443,0.5233339945408786,2
80278,2024-11-13 14:55:00,87.99892,1.0,0.05890682021729217,0.19673386555377012,0.29942389456680557,2
80282,2024-11-13 15:15:00,88.34892,0.0,0.11499704450134388,0.19774646113531766,0.58153781281907,2
80284,2024-11-13 15:25:00,88.19892,0.0,0.07090988159179688,0.19246599403879286,0.3684281056813834,2
80299,2024-11-14 10:10:00,87.44892,0.5333333333333333,0.2117083181336325,0.22570277056055543,0.9379960981774114,4
80303,2024-11-14 10:30:00,87.19892,0.3333333333333333,0.18645454525960226,0.2263189864870519,0.8238572828279683,3
80306,2024-11-14 10:45:00,87.39892,0.1,0.1575204244450564,0.2220614661886222,0.7093550589783835,3
80308,2024-11-14 10:55:00,86.99892,0.4666666666666667,0.15265188716019254,0.22443457960482854,0.680162065172725,2
80312,2024-11-14 11:15:00,87.49892,0.5,0.18078003576582272,0.22581801554635042,0.800556303395185,3
80323,2024-11-14 13:10:00,87.04892,0.8666666666666667,0.15513736235060108,0.22463111276662823,0.6906316780426361,3
80324,2024-11-14 13:15:00,86.89892,0.3,0.1422335391404674,0.22347443335886377,0.6364644805343945,2
80325,2024-11-14 13:20:00,86.69892,0.23333333333333334,0.13237920252975494,0.2239123059208265,0.5912100363816677,2
80326,2024-11-14 13:25:00,86.74892,0.7333333333333333,0.1647010761470723,0.20556362131446776,0.8012170397364005,3
80327,2024-11-14 13:30:00,86.89892,0.8,0.16947582118698337,0.20298632620866716,0.8349125005236291,3
80328,2024-11-14 13:35:00,86.99892,0.16666666666666666,0.16884438936388727,0.20320109405221798,0.8309226392280061,3
80341,2024-11-14 14:40:00,86.29892,0.9333333333333333,0.13960916845529014,0.1953638241156353,0.7146111573484345,3
80353,2024-11-14 15:40:00,86.04892,1.0,0.08427200317382812,0.19851376148424374,0.4245146661054875,2
80354,2024-11-14 15:45:00,85.99892,1.0,0.11223754882812502,0.1985137614842437,0.5653892606182542,2
80356,2024-11-14 15:55:00,85.89892,1.0,0.06948808602054694,0.19479504008592716,0.356724103395521,2
80360,2024-11-15 09:45:00,85.54892,0.3333333333333333,0.24479003661634713,0.1925733137674866,1.271152434505578,3
80362,2024-11-15 09:55:00,85.14892,0.8,0.1886941568128553,0.19386572674963193,0.9733239597143675,3
80370,2024-11-15 10:35:00,85.99892,0.9666666666666667,0.1498203924376436,0.22125823973849856,0.6771290986257228,3
80372,2024-11-15 10:45:00,85.79892,0.9666666666666667,0.10983488240950857,0.22251358309957253,0.4936097872297468,3
80373,2024-11-15 10:50:00,86.34892,0.2,0.20458483385994247,0.22905474212580276,0.8931700429392516,3
80376,2024-11-15 11:05:00,86.69892,0.6666666666666666,0.1297558869027899,0.2295642056547732,0.5652269984020132,5
80377,2024-11-15 11:10:00,86.24892,0.6333333333333333,0.16527120723799787,0.23293397982091263,0.7095195272285472,3
80385,2024-11-15 11:50:00,85.94892,0.36666666666666664,0.1349997011903881,0.2254415567744016,0.5988234960845382,2
80388,2024-11-15 13:05:00,85.69892,0.9,0.1725579968067447,0.22168898373541782,0.778378762440852,3
80389,2024-11-15 13:10:00,85.99892,0.5333333333333333,0.13630040590451542,0.22375504410692043,0.6091500928997374,2
80395,2024-11-15 13:40:00,85.79892,0.3333333333333333,0.13003258094177056,0.20067608408935148,0.6479724852707075,2
80398,2024-11-15 13:55:00,85.69892,0.3333333333333333,0.12928809900967414,0.18967184997352812,0.6816409447565279,2
80402,2024-11-15 14:15:00,85.79892,0.16666666666666666,0.1015714726260185,0.18829919294210185,0.5394153370442201,2
80403,2024-11-15 14:20:00,85.79892,0.36666666666666664,0.13052164797407248,0.1879520873631607,0.6944410663653805,2
80404,2024-11-15 14:25:00,85.74892,0.3,0.12394826777463869,0.18762201417216587,0.660627529885172,2
80412,2024-11-15 15:05:00,85.29892,0.2,0.110321044921875,0.1817929275390385,0.6068500376516819,2
80414,2024-11-15 15:15:00,85.29892,0.13333333333333333,0.09437729904156568,0.1802386496268331,0.5236240908205031,2
80416,2024-11-15 15:25:00,85.39892,0.1,0.08317108154296873,0.18002624257454464,0.46199420903055033,2
80417,2024-11-15 15:30:00,85.34892,0.16666666666666666,0.10311823188779815,0.18002624257454464,0.5727955569871949,2
80422,2024-11-15 15:55:00,85.34892,0.0,0.10257231685422886,0.1792466863113993,0.5722410771713424,2
80430,2024-11-18 10:05:00,83.84892,0.8666666666666667,0.195850104132389,0.21891827633409358,0.8946265584217373,3
80435,2024-11-18 10:30:00,84.64892,0.16666666666666666,0.1669958969716831,0.2300437136564209,0.7259311472475091,3
80437,2024-11-18 10:40:00,84.89892,0.8,0.16713917191111596,0.23105384435654705,0.723377584894012,3
80439,2024-11-18 10:50:00,84.69892,1.0,0.14051007496149373,0.2316128797557864,0.6066591594977281,2
80441,2024-11-18 11:00:00,84.79892,0.5,0.15215915697757737,0.23322945783506957,0.6524011091479627,3
80442,2024-11-18 11:05:00,84.94892,0.6333333333333333,0.18670869146120078,0.23380292944128156,0.7985729345110355,3
80445,2024-11-18 11:20:00,84.84892,0.8333333333333334,0.14473018138284838,0.2389310616884444,0.6057403351413981,3
80447,2024-11-18 11:30:00,84.74892,0.36666666666666664,0.13615046527635427,0.23957607187462585,0.568297427247259,2
80448,2024-11-18 11:35:00,84.69892,0.36666666666666664,0.13650341528355153,0.23554745554969805,0.5795155586163856,2
80456,2024-11-18 13:15:00,84.14892,1.0,0.1407167559944692,0.23428682701884773,0.6006174473614299,2
80459,2024-11-18 13:30:00,83.94892,0.7666666666666667,0.1903827123656967,0.23103065986878868,0.8240582114677873,3
80461,2024-11-18 13:40:00,83.64892,0.3,0.165333116179479,0.22945417727163092,0.7205496023014453,2
80462,2024-11-18 13:45:00,83.69892,0.6,0.1750217532124449,0.22894446889980116,0.7644725118432285,2
80464,2024-11-18 13:55:00,83.64892,0.6666666666666666,0.16980302154622634,0.21816194260386818,0.778334752246635,2
80465,2024-11-18 14:00:00,83.69892,0.9333333333333333,0.14660762843560657,0.21044915793779398,0.6966415540562148,3
80466,2024-11-18 14:05:00,83.64892,0.8333333333333334,0.1628108850442772,0.2103400446763507,0.7740365620573753,3
80469,2024-11-18 14:20:00,83.69892,1.0,0.11203484410276314,0.2039153532190273,0.5494183852964986,2
80474,2024-11-18 14:45:00,83.89892,0.2,0.1207366943359375,0.19414577613111159,0.6218867942529995,2
80491,2024-11-19 09:40:00,84.79892,0.36666666666666664,0.2908822970952893,0.19877699732063897,1.4633599511822741,10
80496,2024-11-19 10:05:00,84.54892,0.8666666666666667,0.15381426929837688,0.20533641807357675,0.7490842138059587,7
80499,2024-11-19 10:20:00,84.34892,0.3333333333333333,0.17935078758498502,0.2073464535033823,0.8649812164839337,3
80503,2024-11-19 10:40:00,83.84892,0.36666666666666664,0.15050744213161898,0.20837358044053797,0.7222961846382833,2
80505,2024-11-19 10:50:00,83.49892,0.26666666666666666,0.13920147931444643,0.2085081910822516,0.6676067668705384,2
80506,2024-11-19 10:55:00,83.74892,0.8333333333333334,0.1572315367520357,0.2102381545398546,0.7478734632929319,3
80507,2024-11-19 11:00:00,83.89892,0.23333333333333334,0.16926147630108657,0.2105788079162623,0.8037915969606696,3
80510,2024-11-19 11:15:00,83.69892,0.8666666666666667,0.1689425166019458,0.2116746140433104,0.7981236548629245,3
80514,2024-11-19 11:35:00,83.69892,0.8333333333333334,0.1644250733422684,0.21153598924881428,0.7772912492392359,3
80515,2024-11-19 11:40:00,83.69892,0.8,0.1343963908395297,0.21143588183980103,0.6356366273788762,3
80519,2024-11-19 12:00:00,83.49892,0.8333333333333334,0.14569646462795946,0.2120670926632261,0.6870300469452526,3
80526,2024-11-19 13:35:00,83.24892,0.2,0.12224731445312499,0.1723295675413678,0.7093809622877366,2
80528,2024-11-19 13:45:00,82.99892,0.26666666666666666,0.13620213092717234,0.17011282619292162,0.8006576222107331,2
80529,2024-11-19 13:50:00,83.04892,0.36666666666666664,0.14883092959743185,0.16962630803959874,0.8774047570656771,2
80530,2024-11-19 13:55:00,82.94892,0.3,0.14113921984075342,0.16987274446271422,0.8308526496534728,2
80531,2024-11-19 14:00:00,83.04892,0.0,0.14193286355013066,0.16633729314960427,0.8532834751764043,2
80532,2024-11-19 14:05:00,83.24892,0.0,0.14775204318536653,0.16369870367582112,0.9025852976695871,2
80533,2024-11-19 14:10:00,83.34892,0.0,0.13841216216095487,0.15731330124142287,0.8798503436688985,2
80534,2024-11-19 14:15:00,83.19892,0.0,0.12754534806920567,0.15427453642293448,0.8267427083335883,2
80535,2024-11-19 14:20:00,83.19892,0.6,0.14726615197052,0.15097546983057272,0.9754309897878418,2
80539,2024-11-19 14:40:00,83.69892,0.5666666666666667,0.12125636366087503,0.15259380357973082,0.794634911879093,2
80542,2024-11-19 14:55:00,83.39892,1.0,0.10421183564982535,0.1465238473180192,0.7112278141567034,2
80546,2024-11-19 15:15:00,83.14892,0.9333333333333333,0.10911538510651075,0.14228089354546233,0.7669011796840145,3
80547,2024-11-19 15:20:00,82.99892,0.5,0.14885330200195312,0.14287128065655944,1.0418700057695538,2
80550,2024-11-19 15:35:00,82.99892,0.8333333333333334,0.14944659030351587,0.1427462510704716,1.0469388105312583,3
80554,2024-11-19 15:55:00,83.34892,0.43333333333333335,0.12042084293100713,0.14460681698036326,0.8327466536197914,2
80556,2024-11-20 09:35:00,83.29892,0.3333333333333333,0.4616856934001744,0.14330980508907995,3.2215918032488786,13
80557,2024-11-20 09:40:00,82.99892,0.43333333333333335,0.3043358953874909,0.14622585898721002,2.0812727481676845,4
80559,2024-11-20 09:50:00,82.69892,1.0,0.15989188546058308,0.15230099240156497,1.0498413893391025,3
80562,2024-11-20 10:05:00,82.14892,0.3,0.23418769753074786,0.15741703998326964,1.4876896272197562,3
80563,2024-11-20 10:10:00,82.39892,0.13333333333333333,0.1841440040886014,0.15959915608613323,1.153790587647103,3
80565,2024-11-20 10:20:00,82.34892,0.1,0.19018038421820715,0.16042649258940525,1.1854674446131155,3
80566,2024-11-20 10:25:00,82.24892,0.06666666666666667,0.12089729432651035,0.16062035385226103,0.7526897521201575,3
80570,2024-11-20 10:45:00,81.94892,0.7666666666666667,0.17600922136310576,0.15999024304502227,1.100124720190441,3
80578,2024-11-20 11:25:00,82.04892,0.16666666666666666,0.10635391578468276,0.1621109849192421,0.6560561940800278,2
80579,2024-11-20 11:30:00,82.14892,0.13333333333333333,0.09557808743003078,0.16255880400242328,0.5879600801480183,2
80583,2024-11-20 11:50:00,82.29892,0.5333333333333333,0.13493778246654234,0.16004444082337133,0.8431269575646351,2
80585,2024-11-20 12:00:00,82.09892,0.23333333333333334,0.1165836634213513,0.1589248772872048,0.73357718068685,2
80587,2024-11-20 13:10:00,82.14892,0.3333333333333333,0.15124812376342717,0.15671384319879933,0.9651229315559658,3
80592,2024-11-20 13:35:00,82.59892,0.3,0.12544948356130892,0.15392030423273154,0.8150288175861842,3
80594,2024-11-20 13:45:00,82.24892,0.3,0.12688859534990868,0.15014192517119593,0.8451243395555694,2
80596,2024-11-20 13:55:00,82.09892,0.26666666666666666,0.12260890859609536,0.14515084737269368,0.8446999160899215,2
80599,2024-11-20 14:10:00,82.04892,0.23333333333333334,0.11825841006021982,0.14427835333301292,0.8196545589015996,2
80605,2024-11-20 14:40:00,82.39892,0.0,0.12467374964310542,0.14138888663379667,0.8817789899287899,2
80608,2024-11-20 14:55:00,82.54892,0.16666666666666666,0.1531802112698662,0.14290341344034013,1.0719142921930025,3
80610,2024-11-20 15:05:00,82.49892,0.16666666666666666,0.12595925716121598,0.1430354390449209,0.8806157271391878,3
80615,2024-11-20 15:30:00,82.44892,0.2,0.10704371450040888,0.1431227943830512,0.7479152077894669,3
80617,2024-11-20 15:40:00,82.54892,0.5666666666666667,0.10834926967096992,0.14283914064425723,0.7585404755466515,2
80628,2024-11-21 10:05:00,82.59892,0.13333333333333333,0.16361417895944616,0.17394572895231716,0.9406047503718638,3
80629,2024-11-21 10:10:00,82.49892,0.7333333333333333,0.12830866686125222,0.17394572895231722,0.7376362020157722,5
80630,2024-11-21 10:15:00,82.54892,0.6333333333333333,0.11579468161555553,0.17371388142792465,0.6665827777476707,4
80637,2024-11-21 10:50:00,82.44892,0.6666666666666666,0.12364870569153034,0.17899035501686217,0.690812114875585,3
80639,2024-11-21 11:00:00,82.44892,0.6333333333333333,0.1103408808040116,0.17895472440935942,0.6165854585185834,3
80640,2024-11-21 11:05:00,82.44892,0.6666666666666666,0.11863451391843417,0.17841512246125607,0.6649353052692962,4
80642,2024-11-21 11:15:00,82.34892,0.9,0.09461368863413992,0.17738852012671977,0.5333698514794047,3
80647,2024-11-21 11:40:00,82.34892,0.6333333333333333,0.10456143963219688,0.17709925611267135,0.5904115123198169,2
80649,2024-11-21 11:50:00,82.44892,0.1,0.09902209287415667,0.17736694954914234,0.5582894283623061,4
80651,2024-11-21 12:00:00,82.44892,0.16666666666666666,0.09502626673942194,0.17716837701146365,0.5363613323232806,4
80654,2024-11-21 13:15:00,82.24892,0.7666666666666667,0.0891096962923789,0.17473725666394685,0.5099639195077549,3
80663,2024-11-21 14:00:00,82.39892,0.06666666666666667,0.09235669399958374,0.16009065384087562,0.5769024723415959,3
80669,2024-11-21 14:30:00,82.29892,0.0,0.07890025061074096,0.16037401444031707,0.4919765267839171,2
80677,2024-11-21 15:10:00,82.49892,0.3,0.10816344637025094,0.15555227597224905,0.695351101063591,5
80678,2024-11-21 15:15:00,82.34892,0.13333333333333333,0.05849085422173955,0.15601074683249125,0.3749155453024091,3
80683,2024-11-21 15:40:00,82.14892,0.9,0.05267257690429687,0.1574705035679033,0.33449170295936587,2
80684,2024-11-21 15:45:00,82.24892,0.06666666666666667,0.08495992558371192,0.15706502311973589,0.5409219945738278,3
80687,2024-11-21 16:00:00,82.54892,0.4,0.12015137293139781,0.15785393730891234,0.7611553755309095,6
80691,2024-11-22 09:50:00,81.54892,0.5,0.19247320987756603,0.17426218596763418,1.1045035892830715,4
80695,2024-11-22 10:10:00,80.99892,0.8333333333333334,0.17352616372703344,0.17588959398009402,0.9865629898871218,3
80697,2024-11-22 10:20:00,80.74892,0.26666666666666666,0.13192746905239583,0.17820913004450983,0.7402957919128239,2
80712,2024-11-22 11:35:00,80.09892,1.0,0.14199830335324648,0.18577073022339557,0.7643739311488346,2
80715,2024-11-22 11:50:00,79.59892,0.4,0.16471967671896634,0.18651755161786795,0.8831323126975176,4
80717,2024-11-22 12:00:00,79.89892,0.06666666666666667,0.12060217852872836,0.18873758321766418,0.6389939749818787,3
80720,2024-11-22 13:15:00,79.89892,0.06666666666666667,0.12241531240528788,0.18950905592429712,0.6459602250047034,3
80721,2024-11-22 13:20:00,79.64892,0.9333333333333333,0.1353313036054155,0.19062027214929084,0.7099523155618314,3
80722,2024-11-22 13:25:00,79.24892,0.9666666666666667,0.12673715536340183,0.18395351040523533,0.6889629618060003,4
80731,2024-11-22 14:10:00,78.94892,0.3333333333333333,0.16232481914023147,0.16973754926066706,0.9563282835605703,4
80733,2024-11-22 14:20:00,78.94892,0.26666666666666666,0.1311127444779443,0.16386690332058243,0.8001173014262725,4
80736,2024-11-22 14:35:00,79.14892,0.0,0.10498046875,0.16267958219963047,0.6453204964663258,2
80738,2024-11-22 14:45:00,78.89892,0.7333333333333333,0.11990645858686413,0.16315085725874287,0.7349422528421231,2
80740,2024-11-22 14:55:00,78.84892,0.8666666666666667,0.09259038068378501,0.16311645802832409,0.5676335901537741,2
80742,2024-11-22 15:05:00,78.54892,0.36666666666666664,0.14862003415276645,0.1638902507297386,0.9068265713855468,3
80748,2024-11-22 15:35:00,78.64892,0.0,0.09258260019746666,0.1652711703195755,0.5601860265068912,2
80755,2024-11-25 09:40:00,78.39892,0.5,0.3316690526834166,0.17057403219463602,1.9444287528183701,7
80759,2024-11-25 10:00:00,79.34892,0.2,0.18205189370395666,0.19385651638256865,0.9391063921972269,3
80760,2024-11-25 10:05:00,79.49892,0.7333333333333333,0.18233853939573494,0.1933242031556381,0.9431749176741258,3
80766,2024-11-25 10:35:00,80.29892,0.7666666666666667,0.14033455309534443,0.2125428709523173,0.6602646913846743,5
80768,2024-11-25 10:45:00,80.14892,0.36666666666666664,0.16345306584967537,0.21262686244786813,0.7687319653214127,3
80776,2024-11-25 11:25:00,79.64892,0.6666666666666666,0.15734435457842477,0.21580140855398483,0.729116439196288,3
80779,2024-11-25 11:40:00,79.34892,0.2,0.09934082031249998,0.21786593294568,0.4559722530702788,2
80781,2024-11-25 11:50:00,79.39892,0.36666666666666664,0.11847355241589004,0.21919424660124398,0.5404957212741809,2
80782,2024-11-25 11:55:00,79.59892,0.5,0.16830957296748497,0.22000500870832193,0.7650260962495918,3
80785,2024-11-25 13:10:00,79.59892,0.13333333333333333,0.15651718467320147,0.218938083250768,0.7148924588598381,3
80790,2024-11-25 13:35:00,79.89892,0.26666666666666666,0.13939991663145312,0.20400039611765772,0.6833315978026527,3
80791,2024-11-25 13:40:00,79.94892,0.5333333333333333,0.1038029787720733,0.20326133897333307,0.5106872723380601,2
80792,2024-11-25 13:45:00,79.99892,0.7,0.09237033833368934,0.20317473128193436,0.4546349723259243,2
80796,2024-11-25 14:05:00,79.99892,0.5666666666666667,0.09792605404994811,0.2019305356564142,0.4849492115277195,2
80799,2024-11-25 14:20:00,79.94892,0.5666666666666667,0.09631550277880002,0.202386032402488,0.47589995038420435,2
80801,2024-11-25 14:30:00,80.04892,0.0,0.09749603271484375,0.2008018819033847,0.4855334610945216,2
80808,2024-11-25 15:05:00,80.14892,0.1,0.06996169488573172,0.1969930056138777,0.3551481163897886,3
80814,2024-11-25 15:35:00,80.24892,0.13333333333333333,0.06578633012165284,0.18944982340505076,0.3472493610141785,3
80817,2024-11-25 15:50:00,80.14892,0.13333333333333333,0.08615771421873279,0.18948617282769775,0.4546912998083355,3
80819,2024-11-25 16:00:00,80.04892,0.1,0.07587395239126692,0.1891574280823094,0.4011153733717047,5
80821,2024-11-26 09:40:00,80.94892,0.13333333333333333,0.2432714961140353,0.2058686469721455,1.1816830765247635,12
80832,2024-11-26 10:35:00,81.69892,0.7,0.11134853129655597,0.24196399914018224,0.4601863570292786,7
80843,2024-11-26 11:30:00,82.14892,0.36666666666666664,0.10041766115601716,0.24231163209441733,0.41441535549927366,10
80848,2024-11-26 11:55:00,82.09892,0.3,0.09619824832538915,0.24246211825330302,0.39675578609310713,9
80850,2024-11-26 13:05:00,82.14892,0.03333333333333333,0.1159294236457803,0.2423147901064568,0.47842487697448727,12
80855,2024-11-26 13:30:00,82.19892,0.6,0.0965000743841901,0.22236221485780777,0.4339769436363019,12
80856,2024-11-26 13:35:00,82.09892,0.8333333333333334,0.09938528543856351,0.22271982854780703,0.4462345633371856,10
80859,2024-11-26 13:50:00,81.74892,0.23333333333333334,0.1035914985492251,0.22532498721237973,0.45974261368351965,3
80860,2024-11-26 13:55:00,81.64892,0.13333333333333333,0.10208900235817865,0.22042200113840427,0.46315250669590086,4
80863,2024-11-26 14:10:00,81.69892,0.3333333333333333,0.07881624867488649,0.21181555659900286,0.37209848955568886,4
80867,2024-11-26 14:30:00,81.69892,0.6,0.07979666695963607,0.20751615060019502,0.38453232063548637,6
80869,2024-11-26 14:40:00,81.69892,0.5333333333333333,0.07293597995377661,0.20470563624497107,0.35629688215567346,5
80873,2024-11-26 15:00:00,81.69892,0.6666666666666666,0.06901251062104403,0.20262409739318743,0.3405937966357814,4
80879,2024-11-26 15:30:00,81.44892,0.8333333333333334,0.08481140483386004,0.19893477162859832,0.42632770600907754,4
80880,2024-11-26 15:35:00,81.49892,0.9666666666666667,0.06831563248100322,0.1977258214273928,0.34550688416833564,4
80881,2024-11-26 15:40:00,81.54892,0.4666666666666667,0.05858101702905775,0.1969230714046064,0.2974817354371583,3
80892,2024-11-27 10:05:00,81.19892,0.6,0.1852074499413071,0.2125428709523186,0.871388671431168,11
80893,2024-11-27 10:10:00,80.89892,0.36666666666666664,0.18644820119593863,0.21468270638781758,0.868482628773674,9
80895,2024-11-27 10:20:00,81.09892,0.3333333333333333,0.1977320799767354,0.21643992279515745,0.913565655647884,10
80900,2024-11-27 10:45:00,80.79892,0.8,0.14150760543016883,0.2210356290539944,0.6402026950849696,6
80901,2024-11-27 10:50:00,81.14892,0.43333333333333335,0.13366844966607677,0.223669529353893,0.597615822111311,6
80903,2024-11-27 11:00:00,81.34892,0.4,0.10272457788876335,0.22434932386904627,0.4578778135686478,6
80914,2024-11-27 11:55:00,81.74892,0.06666666666666667,0.06110854693482921,0.2243015665024108,0.2724392338747773,12
80918,2024-11-27 13:15:00,81.94892,0.0,0.07458876140191606,0.22503726635344662,0.3314507086340354,13
80923,2024-11-27 13:40:00,81.89892,0.6666666666666666,0.0678566829354007,0.19056138503158698,0.3560883172850205,12
80924,2024-11-27 13:45:00,81.84892,0.3333333333333333,0.09638280262079199,0.18887808536057515,0.5102910824026711,12
80935,2024-11-27 14:40:00,82.64892,0.6666666666666666,0.12262518005570944,0.16298661374973686,0.7523635054103173,4
80945,2024-11-27 15:30:00,83.54892,0.0,0.09628663264979374,0.16333836189731776,0.5894918470550359,6
80946,2024-11-27 15:35:00,83.39892,0.5333333333333333,0.1049076557868864,0.1633383618973176,0.6422719964146355,6
80953,2024-11-28 09:40:00,81.94892,0.7666666666666667,0.26206842524417784,0.1978741214561583,1.3244199055218178,24
80954,2024-11-28 09:45:00,82.04892,0.6666666666666666,0.23139919774374904,0.19789990142128053,1.1692739414314144,17
80957,2024-11-28 10:00:00,81.94892,0.6,0.15573008025820814,0.19675331289741566,0.7914991517291684,19
80962,2024-11-28 10:25:00,81.54892,0.5666666666666667,0.12417990277334917,0.20081331416061202,0.6183848082604181,14
80966,2024-11-28 10:45:00,81.34892,0.43333333333333335,0.1058371520096717,0.2020416655264774,0.5238382475905784,9
80968,2024-11-28 10:55:00,81.69892,0.36666666666666664,0.08744374028182791,0.20313204144749258,0.43047733709913594,11
80972,2024-11-28 11:15:00,81.19892,0.6666666666666666,0.12793645072169266,0.20846904058776428,0.6136952055853692,5
80975,2024-11-28 11:30:00,81.04892,0.4666666666666667,0.1177650513979291,0.20795696029949565,0.5662953104735043,6
80976,2024-11-28 11:35:00,80.99892,0.6666666666666666,0.11558508468507375,0.20778885078256576,0.5562622068015777,7
80978,2024-11-28 11:45:00,81.09892,0.1,0.054810780569311504,0.2078330387172606,0.26372505982495387,4
80983,2024-11-28 13:10:00,81.24892,0.4666666666666667,0.09079096801064054,0.20761937657657945,0.43729525397718705,7
80986,2024-11-28 13:25:00,81.09892,0.2,0.0973099341592469,0.20719139129134162,0.4696620528138391,6
80988,2024-11-28 13:35:00,81.39892,0.43333333333333335,0.09299335757492165,0.19977923740875092,0.4654805913822568,14
80990,2024-11-28 13:45:00,81.44892,0.3333333333333333,0.08214373576108329,0.19552826631531378,0.42011181968246086,9
80994,2024-11-28 14:05:00,81.34892,0.36666666666666664,0.09388079099965117,0.18794122998417914,0.49952206340010674,11
80997,2024-11-28 14:20:00,81.34892,0.3333333333333333,0.07829819110631045,0.18545328007314513,0.4221990092352567,10
81009,2024-11-28 15:20:00,81.34892,0.03333333333333333,0.06142442770531172,0.17729358995484623,0.34645599832997637,9
81010,2024-11-28 15:25:00,81.24892,0.13333333333333333,0.07143037446945444,0.17725330118891633,0.402984734221249,9
81012,2024-11-28 15:35:00,81.19892,0.3333333333333333,0.07664184844609997,0.17747908792401806,0.431835938208741,11
81018,2024-11-29 09:35:00,81.44892,0.5666666666666667,0.6596052105644044,0.17374031005270493,3.7965007105392528,27
81024,2024-11-29 10:05:00,81.34892,0.8666666666666667,0.10018492233980607,0.17659732050870847,0.5673071485524929,16
81029,2024-11-29 10:30:00,81.14892,0.6,0.0886621402149839,0.17883923248096206,0.49576448626518366,13
81032,2024-11-29 10:45:00,80.99892,0.6333333333333333,0.09503480980098321,0.17338759716639793,0.5481061584225052,9
81040,2024-11-29 11:25:00,81.64892,0.6333333333333333,0.07862843004719056,0.18165115785113473,0.43285399871564534,6
81045,2024-11-29 11:50:00,82.44892,0.43333333333333335,0.09888565375661659,0.18086168157590118,0.5467473977627363,7
81046,2024-11-29 11:55:00,82.39892,0.7333333333333333,0.069466813950054,0.18067824467592436,0.3844780209961302,6
81047,2024-11-29 12:00:00,82.54892,0.5,0.08027012050993035,0.18128428908775762,0.44278586365017275,8
81061,2024-11-29 14:10:00,81.69892,0.1,0.05480658278374271,0.14554921161845782,0.3765501865266882,11
81062,2024-11-29 14:15:00,81.64892,0.43333333333333335,0.07461905999961373,0.14421823071867573,0.5174037958153291,13
81063,2024-11-29 14:20:00,81.24892,0.6,0.1507852053228149,0.1497438550331589,1.0069542105045004,16
81070,2024-11-29 14:55:00,81.29892,0.7333333333333333,0.06171963328306309,0.14301938838683861,0.43154731662062434,12
81071,2024-11-29 15:00:00,81.29892,0.4,0.08690268668308762,0.1426622411484016,0.6091498772452958,14
81078,2024-11-29 15:35:00,81.44892,0.7,0.06000725462886486,0.14361384414810702,0.4178375349870879,11
81082,2024-11-29 15:55:00,81.64892,0.36666666666666664,0.080646714937333,0.14260859191761774,0.5655109124415243,9
81090,2024-12-02 10:05:00,83.49892,0.6666666666666666,0.17351108770660517,0.1792253393726387,0.9681169432512404,5
81091,2024-12-02 10:10:00,83.39892,0.8,0.17173987997053944,0.17962055710934616,0.9561259731868593,7
81095,2024-12-02 10:30:00,82.99892,0.3,0.1297875657814019,0.184680057948046,0.7027697912999009,12
81099,2024-12-02 10:50:00,82.79892,0.9,0.10533312936724439,0.18705968944582896,0.5630990283331356,11
81100,2024-12-02 10:55:00,82.64892,0.5,0.08850449933754308,0.18768318263275208,0.4715632913723747,8
81102,2024-12-02 11:05:00,82.64892,0.6333333333333333,0.09622264317622276,0.18768318263275208,0.5126865488236408,8
81108,2024-12-02 11:35:00,82.84892,0.16666666666666666,0.07991829282495357,0.1892908810514115,0.42219832451013695,6
81110,2024-12-02 11:45:00,82.64892,0.7,0.07069199032547355,0.1892908810514115,0.37345692477533327,8
81112,2024-12-02 11:55:00,82.69892,0.26666666666666666,0.08297508660506907,0.18926392844045467,0.438409406846769,9
81115,2024-12-02 13:10:00,82.39892,0.7333333333333333,0.09197019290136768,0.19388019929956965,0.4743660942872356,9
81119,2024-12-02 13:30:00,82.29892,0.9333333333333333,0.0717108917012254,0.19475968149849238,0.3682019355827531,7
81126,2024-12-02 14:05:00,82.34892,0.9333333333333333,0.07931751892989376,0.18976865288609246,0.41796955252406015,9
81128,2024-12-02 14:15:00,82.14892,0.6,0.10651592230699604,0.18829106497785522,0.5656982306596614,8
81132,2024-12-02 14:35:00,82.09892,0.5666666666666667,0.07705255541164335,0.1878882912769705,0.410097696285174,4
81137,2024-12-02 15:00:00,82.09892,0.4,0.08691068041939999,0.18261190387818801,0.47593107882700847,4
81140,2024-12-02 15:15:00,82.34892,0.5333333333333333,0.06393180120161283,0.1828882651758354,0.3495675413627358,6
81144,2024-12-02 15:35:00,82.09892,0.7666666666666667,0.10170294546942696,0.18010273797162274,0.5646940552644537,7
81147,2024-12-02 15:50:00,81.94892,0.4,0.06522403245303222,0.179596414084028,0.36317001531286575,5
81152,2024-12-03 09:45:00,81.79892,0.5666666666666667,0.16707183295757777,0.17652364107270588,0.9464558511387428,15
81156,2024-12-03 10:05:00,81.54892,0.9,0.1355268308847954,0.18117450596615522,0.7480458145149452,19
81165,2024-12-03 10:50:00,80.94892,0.8,0.08628466178588294,0.18406440761981469,0.4687742888571051,9
81172,2024-12-03 11:25:00,81.49892,0.2,0.0799250918351647,0.18741389207352957,0.4264630062952167,11
81176,2024-12-03 11:45:00,81.99892,0.23333333333333334,0.07573862961235496,0.1897646204173111,0.399118810691889,8
81182,2024-12-03 13:15:00,81.99892,0.6666666666666666,0.10887007717533713,0.19176096614249802,0.5677384681845811,9
81183,2024-12-03 13:20:00,81.84892,0.6333333333333333,0.09766684434829653,0.1918088465342909,0.509188424376641,10
81185,2024-12-03 13:30:00,82.04892,0.23333333333333334,0.09274826991988,0.1607060866333056,0.5771297893122758,7
81192,2024-12-03 14:05:00,82.09892,0.8333333333333334,0.08878289571856113,0.1543935346260745,0.5750428341030233,7
81196,2024-12-03 14:25:00,82.34892,0.5666666666666667,0.06639341517061585,0.15801221605434662,0.42017900152593607,6
81198,2024-12-03 14:35:00,82.34892,0.4666666666666667,0.06529658279606873,0.15506448790303792,0.42109307991200917,8
81200,2024-12-03 14:45:00,82.24892,0.9666666666666667,0.05856517408185992,0.1546015610837133,0.3788136010486219,7
81206,2024-12-03 15:15:00,82.09892,0.6,0.08452589540151148,0.15509409448811026,0.5449975105789173,6
81213,2024-12-03 15:50:00,82.39892,0.7333333333333333,0.059406998285560286,0.15434396319122345,0.3849000444025036,6
81216,2024-12-04 09:35:00,82.49892,0.36666666666666664,0.6819916028301107,0.1487748833702933,4.5840506635294584,26
81219,2024-12-04 09:50:00,81.19892,0.6666666666666666,0.21263434850249294,0.21184084405486173,1.0037457575812232,18
81223,2024-12-04 10:10:00,80.94892,0.5666666666666667,0.16654043867155646,0.21339564249222534,0.7804303627128846,18
81227,2024-12-04 10:30:00,80.99892,0.6,0.1050280190774526,0.21412592854242446,0.4904965026533139,12
81233,2024-12-04 11:00:00,81.59892,0.36666666666666664,0.10036277495919921,0.2210044687480579,0.45412102084510975,11
81235,2024-12-04 11:10:00,81.44892,0.7333333333333333,0.07928761973607479,0.22125362831844556,0.3583562463525246,17
81236,2024-12-04 11:15:00,81.59892,0.13333333333333333,0.059321707176840634,0.22173500307947266,0.2675342474258743,14
81252,2024-12-04 13:35:00,82.19892,0.2,0.06744266044881708,0.21724335205675557,0.31044752260680203,8
81256,2024-12-04 13:55:00,82.04892,0.6,0.09219732538487851,0.21098178823742106,0.4369918662416845,8
81257,2024-12-04 14:00:00,81.94892,0.6,0.08455019530818164,0.21125484450203397,0.4002284326661564,10
81258,2024-12-04 14:05:00,81.94892,0.7,0.07840847131535221,0.21022359477475402,0.37297655098783594,9
81260,2024-12-04 14:15:00,81.89892,1.0,0.07922615306863999,0.21046006615259383,0.37644268823519783,8
81261,2024-12-04 14:20:00,81.99892,0.5333333333333333,0.07143644557900945,0.21046006615259383,0.3394299302710213,7
81267,2024-12-04 14:50:00,81.64892,0.6333333333333333,0.0703063535376949,0.20309185458263976,0.3461800754253621,15
81271,2024-12-04 15:10:00,82.09892,0.23333333333333334,0.07699850617041411,0.2032902000043634,0.37876152499609633,7
81275,2024-12-04 15:30:00,81.79892,0.8333333333333334,0.07629287752040044,0.20187494778048357,0.3779214724719603,12
81280,2024-12-04 15:55:00,81.99892,0.5666666666666667,0.0806221939351472,0.2003758838969007,0.40235477626953203,13
81283,2024-12-05 09:40:00,80.69892,0.7666666666666667,0.2661689372608791,0.24105780726248904,1.1041705733722469,19
81291,2024-12-05 10:20:00,80.09892,0.26666666666666666,0.13696124468378415,0.2454555846509152,0.5579878937306285,8
81298,2024-12-05 10:55:00,79.99892,0.7,0.09972145472312176,0.24249788443765616,0.4112260812269444,8
81301,2024-12-05 11:10:00,79.99892,0.5,0.08955075323407924,0.24279117852961316,0.3688385788001633,8
81302,2024-12-05 11:15:00,79.89892,0.1,0.07181074632704519,0.2426019971213013,0.29600228843598403,10
81303,2024-12-05 11:20:00,79.84892,0.6333333333333333,0.06284088027155622,0.24228215533041553,0.25937065066082204,7
81305,2024-12-05 11:30:00,79.79892,0.7,0.05670814503539325,0.24155568311699363,0.23476220597934586,6
81309,2024-12-05 11:50:00,79.84892,0.03333333333333333,0.05457416263754355,0.24103875975814357,0.22641239397474017,5
81310,2024-12-05 11:55:00,79.94892,0.06666666666666667,0.06580822271531468,0.2412481995927724,0.272782233510547,7
81317,2024-12-05 13:30:00,79.89892,0.23333333333333334,0.060672645524235506,0.1902720384809359,0.31887315660579596,6
81318,2024-12-05 13:35:00,79.94892,0.5333333333333333,0.06437094416494209,0.18967588441458755,0.33937337033442855,6
81327,2024-12-05 14:20:00,80.14892,0.5333333333333333,0.07177320004884324,0.18512288514339775,0.3877057123069744,4
81334,2024-12-05 14:55:00,80.04892,0.1,0.05653509633285725,0.1795111774523336,0.3149391427053018,4
81338,2024-12-05 15:15:00,80.09892,0.16666666666666666,0.049830264651684844,0.17823489211620872,0.27957637284171966,3
81344,2024-12-05 15:45:00,79.99892,0.16666666666666666,0.05514895719982354,0.1774273405578485,0.3108255865552059,3
81346,2024-12-05 15:55:00,80.04892,0.36666666666666664,0.06327825446916285,0.17703875318867,0.357426006054885,3
81348,2024-12-06 09:35:00,79.99892,0.7666666666666667,0.6300640735995243,0.1767532461642182,3.564653477504698,29
81349,2024-12-06 09:40:00,80.34892,0.9,0.1557846106866193,0.17773185816503245,0.8765148369853081,14
81358,2024-12-06 10:25:00,80.24892,0.23333333333333334,0.09282439666324979,0.1812491094306991,0.512137118658458,5
81360,2024-12-06 10:35:00,80.69892,0.8,0.09612809710361209,0.1838952625962574,0.5227328629702745,9
81361,2024-12-06 10:40:00,80.64892,0.6666666666666666,0.0943620780375226,0.18341470771067261,0.5144738893370208,13
81362,2024-12-06 10:45:00,80.79892,0.1,0.08512804769134462,0.18341470771067261,0.46412879726979034,11
81365,2024-12-06 11:00:00,80.94892,0.9,0.08537103489729074,0.18591347454761223,0.4591976730305652,15
81368,2024-12-06 11:15:00,81.19892,0.6666666666666666,0.08464836514478048,0.18721916355579232,0.4521351529249559,17
81370,2024-12-06 11:25:00,81.59892,0.3333333333333333,0.12459249841744455,0.18942962626745027,0.6577244587999976,12
81371,2024-12-06 11:30:00,81.89892,0.43333333333333335,0.12236938067616909,0.19180884653429192,0.6379756871865223,11
81378,2024-12-06 13:05:00,81.59892,0.43333333333333335,0.12051185400926742,0.19181416584005645,0.6282740040678528,21
81383,2024-12-06 13:30:00,81.54892,0.7333333333333333,0.07643079173880286,0.13950917502929921,0.5478549473377012,16
81394,2024-12-06 14:25:00,82.54892,0.3,0.11583965573022867,0.12838220917832432,0.9023030252527131,12
81396,2024-12-06 14:35:00,82.24892,0.4666666666666667,0.06949674469758901,0.1300757551245329,0.534279002501686,8
81397,2024-12-06 14:40:00,82.39892,0.03333333333333333,0.05295765845380522,0.12877896582349044,0.4112291018580712,7
81400,2024-12-06 14:55:00,82.14892,0.23333333333333334,0.06881227301937878,0.1310720397496059,0.5249958202438494,10
81402,2024-12-06 15:05:00,82.09892,0.5333333333333333,0.0807278204096328,0.13167006656000346,0.6131068550257341,8
81403,2024-12-06 15:10:00,81.99892,0.43333333333333335,0.07511539177287777,0.13167006656000346,0.5704819154066948,8
81404,2024-12-06 15:15:00,81.79892,0.5666666666666667,0.0796645062783352,0.13350730920844986,0.5967052047611272,16
81412,2024-12-06 15:55:00,81.99892,0.43333333333333335,0.07508482481047514,0.1346184623105536,0.5577602323020203,11
81422,2024-12-09 10:15:00,81.44892,0.5333333333333333,0.07841771218321367,0.15599439607556165,0.5026957003329091,14
81425,2024-12-09 10:30:00,81.69892,0.5,0.0973506486156598,0.1580574094407304,0.6159195507513686,14
81431,2024-12-09 11:00:00,81.59892,0.7,0.07755873997885664,0.1636784457673513,0.4738482187758357,16
81433,2024-12-09 11:10:00,81.39892,0.7666666666666667,0.07217514473689768,0.16404270536277063,0.43997777638016067,15
81437,2024-12-09 11:30:00,81.04892,0.7,0.07900021456959815,0.1660103391688247,0.4758752675594418,10
81441,2024-12-09 11:50:00,81.09892,0.5333333333333333,0.07921855049316984,0.16553487769992575,0.47856108388694796,11
81445,2024-12-09 13:10:00,80.99892,0.7666666666666667,0.08127707235634261,0.16616238371380332,0.48914243127574264,12
81446,2024-12-09 13:15:00,80.94892,0.8333333333333334,0.07741580772957453,0.16616238371380332,0.46590453265833537,7
81451,2024-12-09 13:40:00,80.94892,0.7666666666666667,0.07082379262455221,0.1603771954230218,0.4416076265565223,11
81454,2024-12-09 13:55:00,80.94892,0.9,0.056232000488777655,0.16023398868366476,0.3509367828307097,8
81455,2024-12-09 14:00:00,80.79892,0.5,0.07712862615485364,0.1603771954230218,0.4809201579527184,9
81474,2024-12-09 15:35:00,83.34892,0.06666666666666667,0.20579917529261557,0.20568270953667248,1.000566239895446,13
81485,2024-12-10 10:00:00,86.99892,0.0,0.05892848841793778,0.3493467601987191,0.16868193763817207,3
81488,2024-12-10 10:15:00,87.04892,0.0,0.14967971476541464,0.36545630433266935,0.4095693876145682,4
81494,2024-12-10 10:45:00,86.79892,1.0,0.15324641940197747,0.3670449116201043,0.41751408220198755,4
81497,2024-12-10 11:00:00,86.39892,0.26666666666666666,0.14583587777310744,0.3694360728699323,0.3947526743671618,4
81501,2024-12-10 11:20:00,86.39892,0.06666666666666667,0.12324191146269871,0.3708879915215272,0.3322887617825326,6
81503,2024-12-10 11:30:00,86.64892,0.03333333333333333,0.11066264133947058,0.37199841139417295,0.2974814890330578,6
81505,2024-12-10 11:40:00,86.59892,0.06666666666666667,0.1501395018350879,0.3718516445390196,0.40376183362376733,4
81513,2024-12-10 13:20:00,86.04892,0.5,0.13165664672851562,0.3746623824544531,0.35140076211019355,2
81521,2024-12-10 14:00:00,85.99892,1.0,0.11363525390625,0.36925236830496755,0.3077441437353166,2
81522,2024-12-10 14:05:00,86.19892,0.1,0.10361848940186619,0.36942847787532535,0.28048322099531087,3
81523,2024-12-10 14:10:00,85.79892,0.5,0.1464080810546875,0.37131277409551944,0.3942985301578241,2
81525,2024-12-10 14:20:00,85.29892,0.5333333333333333,0.12632570922002131,0.3741657386773951,0.3376196593161061,6
81527,2024-12-10 14:30:00,85.59892,0.1,0.15307991024978304,0.37419027976807684,0.40909643709789034,3
81529,2024-12-10 14:40:00,85.49892,0.8,0.12304692021962839,0.3748856234783438,0.3282252306128685,3
81532,2024-12-10 14:55:00,85.19892,0.7666666666666667,0.08030232498304546,0.37637480532341316,0.21335733382589966,5
81533,2024-12-10 15:00:00,85.49892,0.8,0.0914642333984375,0.37678934050968443,0.24274634010270424,2
81535,2024-12-10 15:10:00,85.14892,0.9333333333333333,0.12111460908246366,0.3781449088437946,0.3202862348531422,5
81537,2024-12-10 15:20:00,85.09892,0.16666666666666666,0.14542782358394557,0.38477092990923123,0.3779594877873245,8
81545,2024-12-10 16:00:00,84.74892,0.5,0.15110418140171847,0.3867651574425106,0.3906871611726784,8
81546,2024-12-11 09:35:00,84.64892,0.8,1.066721473383373,0.38699459933742697,2.7564247025919886,25
81549,2024-12-11 09:50:00,85.09892,0.1,0.17421454329052544,0.39011547347500686,0.4465717335913021,10
81555,2024-12-11 10:20:00,85.44892,0.1,0.10445928822073648,0.38928158056141315,0.26833863567366234,6
81561,2024-12-11 10:50:00,84.99892,0.06666666666666667,0.12033021448779828,0.39093519083907574,0.3078009278968465,7
81562,2024-12-11 10:55:00,85.04892,0.5,0.07426415126435748,0.3909208360932274,0.18997235349882155,6
81566,2024-12-11 11:15:00,84.44892,0.8,0.12515849981990204,0.3945857168862245,0.3171896357718149,8
81573,2024-12-11 11:50:00,84.59892,0.2,0.08011855320252376,0.37059489674318635,0.216189035268999,4
81574,2024-12-11 11:55:00,84.79892,0.06666666666666667,0.08869397974939713,0.36632493745310424,0.24211832360102828,5
81576,2024-12-11 13:05:00,84.94892,0.16666666666666666,0.12785646900007386,0.3643364473010574,0.3509296693954527,10
81578,2024-12-11 13:15:00,84.59892,0.8666666666666667,0.07939001286289388,0.3618897447121485,0.21937624379503115,6
81579,2024-12-11 13:20:00,84.79892,0.0,0.09056617197352144,0.3623335246754918,0.2499525045457306,5
81580,2024-12-11 13:25:00,84.69892,0.3,0.07898789752891977,0.2441238819697591,0.3235566176139392,5
81583,2024-12-11 13:40:00,84.54892,0.5666666666666667,0.10483731289377583,0.238389188435085,0.4397737732234604,5
81589,2024-12-11 14:10:00,84.64892,0.3,0.09765123157719745,0.21085117630482358,0.4631287019050105,6
81590,2024-12-11 14:15:00,84.64892,0.1,0.043440742443989704,0.20832950715800871,0.2085193933235863,4
81596,2024-12-11 14:45:00,84.34892,0.6,0.06903029581602844,0.20511269395805912,0.3365481408485794,5
81599,2024-12-11 15:00:00,84.44892,0.6333333333333333,0.07772029614962642,0.20338052110179208,0.3821422805320051,4
81601,2024-12-11 15:10:00,84.54892,0.43333333333333335,0.07454681220409409,0.200776474556745,0.3712925648718127,5
81606,2024-12-11 15:35:00,84.29892,0.8,0.07118712804326939,0.19913469581885904,0.35748229483838456,5
81607,2024-12-11 15:40:00,84.24892,1.0,0.07185369071815377,0.19902194276170354,0.3610340132403737,5
81608,2024-12-11 15:45:00,84.34892,0.43333333333333335,0.07608123913228762,0.19924226421368296,0.3818529137507299,5
81610,2024-12-11 15:55:00,84.49892,0.13333333333333333,0.06830236947470471,0.19964129653177895,0.34212545531045635,4
81616,2024-12-12 09:55:00,84.69892,0.16666666666666666,0.1174503230840052,0.20440261879024246,0.5746028293528493,8
81617,2024-12-12 10:00:00,84.64892,0.2,0.1036663889834459,0.20327639741380693,0.5099775001050106,8
81618,2024-12-12 10:05:00,84.79892,0.13333333333333333,0.11041697356924404,0.2039566284661417,0.5413747736449471,6
81621,2024-12-12 10:20:00,85.04892,0.16666666666666666,0.11960960965892838,0.20223851840008247,0.591428431167144,6
81622,2024-12-12 10:25:00,84.79892,0.7333333333333333,0.08741454967033906,0.19987114510464996,0.4373545247092567,7
81624,2024-12-12 10:35:00,84.74892,0.7666666666666667,0.10479730976241364,0.19252297368996898,0.5443366459276433,6
81625,2024-12-12 10:40:00,84.84892,0.2,0.09295179036676766,0.19257066461779543,0.48268925358519016,6
81627,2024-12-12 10:50:00,84.74892,0.3,0.09769508443498913,0.18851851551172794,0.5182254070365381,5
81630,2024-12-12 11:05:00,84.69892,0.7333333333333333,0.06546475708771424,0.18456814863254087,0.35469151948881966,5
81635,2024-12-12 11:30:00,85.64892,0.9,0.16700599875804756,0.17982493272045263,0.9287143680885854,9
81641,2024-12-12 12:00:00,86.34892,0.4,0.1526707573295051,0.17097731283994536,0.8929299144642815,2
81643,2024-12-12 13:10:00,85.84892,0.6666666666666666,0.17563372040391245,0.17556154166776877,1.0004111306807744,9
81646,2024-12-12 13:25:00,85.94892,0.8,0.10616395357351507,0.17169785987663153,0.6183184440959024,8
81647,2024-12-12 13:30:00,85.74892,0.36666666666666664,0.09372551149506265,0.17223481099758917,0.5441728704679484,7
81651,2024-12-12 13:50:00,85.94892,0.36666666666666664,0.08332812925849388,0.17262239121853476,0.4827191227643404,6
81654,2024-12-12 14:05:00,86.04892,0.13333333333333333,0.09488283784227691,0.17119200739991394,0.5542480591434703,6
81655,2024-12-12 14:10:00,86.19892,0.0,0.07130088256363458,0.17145255904197038,0.4158636240954597,4
81661,2024-12-12 14:40:00,86.59892,0.0,0.026795231797125865,0.17065625924802244,0.1570128861091649,3
81664,2024-12-12 14:55:00,86.59892,0.0,0.039603049809143274,0.16981867929760738,0.23320785424163437,3
81672,2024-12-12 15:35:00,86.39892,0.4666666666666667,0.08406260662238772,0.16150406466013348,0.520498396119551,6
81676,2024-12-12 15:55:00,86.04892,0.7666666666666667,0.0820052505995111,0.16362233385422803,0.5011861685860683,4
81677,2024-12-12 16:00:00,85.89892,0.4,0.08753022512903938,0.16230440576459668,0.5392966673744618,4
81678,2024-12-13 09:35:00,86.04892,0.6333333333333333,0.6308249529096427,0.16179913884343275,3.898815268232481,23
81679,2024-12-13 09:40:00,85.34892,0.26666666666666666,0.16080516482876767,0.17647594975160308,0.9112015833041688,9
81680,2024-12-13 09:45:00,85.24892,0.6666666666666666,0.14035865285299548,0.17674025761371093,0.7941521345961132,7
81695,2024-12-13 11:00:00,84.74892,0.0,0.13275196078976378,0.18308202716417465,0.7250955369350454,3
81697,2024-12-13 11:10:00,84.59892,0.26666666666666666,0.1261173162462661,0.1839867865881029,0.6854694219352228,3
81698,2024-12-13 11:15:00,84.59892,1.0,0.11488280611321204,0.1829133682251841,0.6280722247254239,3
81701,2024-12-13 11:30:00,84.84892,0.6666666666666666,0.10936691339671693,0.18208874369535516,0.6006242405609322,2
81703,2024-12-13 11:40:00,84.79892,0.6333333333333333,0.11644326106331195,0.18075587531409593,0.6442018045663566,3
81705,2024-12-13 11:50:00,84.74892,0.2,0.1039527965034663,0.1803603168479142,0.5763617979842137,3
81706,2024-12-13 11:55:00,84.79892,0.7666666666666667,0.10674677429587072,0.18033202947056834,0.5919457270528454,3
81710,2024-12-13 13:15:00,84.74892,0.7,0.11355255884748044,0.17997947938215994,0.6309194761385452,3
81717,2024-12-13 13:50:00,84.69892,0.7333333333333333,0.11045261533834294,0.17334787205631988,0.6371731826189214,3
81718,2024-12-13 13:55:00,84.79892,0.8333333333333334,0.08989998073111047,0.1733478720563198,0.5186102353878475,3
81719,2024-12-13 14:00:00,84.79892,0.8666666666666667,0.08689286226438121,0.1732772271512897,0.5014672943058719,3
81723,2024-12-13 14:20:00,84.84892,0.7,0.11166224667271095,0.17261795820229428,0.6468750287374609,3
81724,2024-12-13 14:25:00,84.64892,1.0,0.11224896036107412,0.17348466469635723,0.6470252604605639,2
81731,2024-12-13 15:00:00,84.44892,0.7333333333333333,0.09837907791690721,0.17179439737040403,0.5726559155756002,3
81732,2024-12-13 15:05:00,84.49892,0.8333333333333334,0.12083133222034363,0.16806575301650933,0.7189527316042442,3
81735,2024-12-13 15:20:00,84.44892,0.5,0.09701156616210938,0.1645705346389187,0.5894832047241065,2
81736,2024-12-13 15:25:00,84.69892,0.26666666666666666,0.13963255104617991,0.16630048539835993,0.8396400690695578,3
81738,2024-12-13 15:35:00,84.79892,0.4,0.11251039036432933,0.16603184887033567,0.6776434228121829,3
81740,2024-12-13 15:45:00,84.54892,0.9,0.12410948030150319,0.16582431762526864,0.7484395659143731,3
81741,2024-12-13 15:50:00,84.34892,1.0,0.09507958475134472,0.1666222775292781,0.57062948701225,2
81743,2024-12-13 16:00:00,84.09892,0.8,0.08442425459609465,0.16119104441852367,0.523752761207327,5
81745,2024-12-16 09:40:00,83.89892,0.4666666666666667,0.1991182573009506,0.1617471060441003,1.2310467999758898,15
81747,2024-12-16 09:50:00,83.69892,0.8,0.08506602714593985,0.16316961741870445,0.5213349672056568,12
81752,2024-12-16 10:15:00,83.14892,0.7,0.1265490345412795,0.16982018134017246,0.7451943199129255,10
81760,2024-12-16 10:55:00,82.49892,0.03333333333333333,0.09361412593833783,0.16621763815661603,0.5632021184787342,4
81763,2024-12-16 11:10:00,81.84892,0.5,0.17464628120038783,0.1706966107607633,1.0231385404901805,7
81765,2024-12-16 11:20:00,81.89892,0.7666666666666667,0.13918504490448308,0.170409459057745,0.8167683042601456,6
81780,2024-12-16 13:35:00,81.99892,0.2,0.0692840576171875,0.15026759112990792,0.4610711937033096,2
81781,2024-12-16 13:40:00,82.14892,0.06666666666666667,0.1000026560061657,0.1477684911848327,0.6767522304946577,4
81791,2024-12-16 14:30:00,81.84892,0.13333333333333333,0.07947731775582137,0.14388533452325217,0.5523656599135729,4
81799,2024-12-16 15:10:00,81.89892,0.3,0.07779806088574015,0.14495037482575296,0.5367220400724205,2
81810,2024-12-17 09:35:00,82.39892,0.4666666666666667,0.4554443981053941,0.14771151603787414,3.083337104120002,26
81815,2024-12-17 10:00:00,81.59892,0.03333333333333333,0.11235465236781193,0.16218492092878395,0.6927564641915589,7
81823,2024-12-17 10:40:00,81.34892,0.43333333333333335,0.09474963844251293,0.1597030071885011,0.5932865016791936,5
81825,2024-12-17 10:50:00,81.09892,0.9,0.10189548308856991,0.16152459527289859,0.6308357121490739,7
81846,2024-12-17 13:35:00,81.74892,0.1,0.14624636469644678,0.17976109030259252,0.8135596221088208,6
81848,2024-12-17 13:45:00,81.59892,0.0,0.10150607887481002,0.1797610903025924,0.5646721362445261,6
81849,2024-12-17 13:50:00,81.39892,0.06666666666666667,0.1181259100807092,0.18048896843791543,0.6544771744392907,7
81851,2024-12-17 14:00:00,81.39892,0.0,0.0952016636686944,0.17266671512125356,0.5513608317725853,5
81852,2024-12-17 14:05:00,81.34892,0.16666666666666666,0.11985461608204356,0.17256031862784182,0.6945664972984442,7
81853,2024-12-17 14:10:00,81.24892,0.23333333333333334,0.10805373079701311,0.17274056301873436,0.6255261005794815,6
81854,2024-12-17 14:15:00,81.14892,0.06666666666666667,0.1299024821071943,0.17274056301873436,0.7520091392379327,4
81855,2024-12-17 14:20:00,80.99892,0.36666666666666664,0.14448821123306976,0.17320655343267255,0.834195983752047,3
81856,2024-12-17 14:25:00,81.09892,0.06666666666666667,0.07753823696084898,0.17266671512125384,0.44906302240358464,5
81857,2024-12-17 14:30:00,80.99892,0.2,0.12518515839513839,0.1718879127380822,0.7282952966325903,3
81858,2024-12-17 14:35:00,80.89892,0.36666666666666664,0.11385198454025092,0.17109960248943792,0.6654134953193656,3
81865,2024-12-17 15:10:00,81.49892,0.0,0.10684594883388969,0.16923638794476625,0.6313414634491079,6
81866,2024-12-17 15:15:00,81.54892,0.0,0.1166433412879935,0.16923638794476625,0.689233224039634,5
81869,2024-12-17 15:30:00,81.94892,0.06666666666666667,0.12839793335055166,0.16806271755792826,0.763988201644396,6
81879,2024-12-18 09:50:00,82.39892,0.43333333333333335,0.1595890618323828,0.2061769329009501,0.7740393631185276,13
81881,2024-12-18 10:00:00,82.24892,0.06666666666666667,0.1308606750669731,0.20570379089063215,0.6361607362722286,8
81882,2024-12-18 10:05:00,82.09892,0.3333333333333333,0.13731487037577605,0.20627217302969206,0.665697502280204,8
81884,2024-12-18 10:15:00,82.24892,0.6666666666666666,0.08985818925122764,0.20698076391035813,0.4341378761658478,4
81887,2024-12-18 10:30:00,82.14892,0.36666666666666664,0.10313930281213912,0.20711751134011833,0.49797480736802,5
81890,2024-12-18 10:45:00,82.24892,0.0,0.12476382683620862,0.2065440456947569,0.6040543382237803,4
81902,2024-12-18 11:45:00,81.89892,0.4,0.11058307144696058,0.20204166552647806,0.5473280531458913,8
81904,2024-12-18 11:55:00,81.79892,0.1,0.07138090069551413,0.20259388242441131,0.35233492660937904,6
81906,2024-12-18 13:05:00,81.74892,0.3,0.11055602364188744,0.20257121824025429,0.5457637299231984,7
81910,2024-12-18 13:25:00,82.29892,0.1,0.0874476435523766,0.19468894505859208,0.44916594276094635,4
81912,2024-12-18 13:35:00,82.49892,0.0,0.07390651856632209,0.1911667866880094,0.38660752658326575,4
81913,2024-12-18 13:40:00,82.24892,0.5666666666666667,0.08212925589203922,0.19245406593032194,0.4267473149763131,4
81914,2024-12-18 13:45:00,82.24892,0.43333333333333335,0.08651649725305871,0.19091042701686203,0.453178480635933,5
81915,2024-12-18 13:50:00,82.29892,0.1,0.09585063302962883,0.19095852067051505,0.5019447820032712,5
81917,2024-12-18 14:00:00,82.29892,0.0,0.07862832237185721,0.19143879268784783,0.41072303720628506,5
81918,2024-12-18 14:05:00,82.14892,0.23333333333333334,0.0993328166518849,0.19199759164220848,0.5173649096442505,5
81920,2024-12-18 14:15:00,82.14892,0.1,0.11661857319578482,0.19245406593032194,0.6059553620343184,8
81921,2024-12-18 14:20:00,82.09892,0.23333333333333334,0.12013231850495389,0.19199759164220867,0.6256970073292526,6
81929,2024-12-18 15:00:00,82.04892,0.06666666666666667,0.09258466992206754,0.18702696000032254,0.4950338171668292,7
81934,2024-12-18 15:25:00,82.34892,0.1,0.08055126330445284,0.186079414265595,0.4328864835606176,4
81935,2024-12-18 15:30:00,82.29892,0.03333333333333333,0.07259282393370821,0.18522068836286137,0.3919261102814463,3
81936,2024-12-18 15:35:00,82.14892,0.23333333333333334,0.09718341398594763,0.18558939662705284,0.5236474483574105,4
81942,2024-12-19 09:35:00,82.09892,0.5666666666666667,0.5021220281401417,0.18699422482620973,2.685227464146597,26
81946,2024-12-19 09:55:00,80.79892,0.7666666666666667,0.15212044831997143,0.23609909222367204,0.6443076374722264,3
81948,2024-12-19 10:05:00,80.64892,1.0,0.12663373376636353,0.23574121622759667,0.5371726497079952,3
81951,2024-12-19 10:20:00,80.29892,0.9,0.12978885924673206,0.23765188947140659,0.5461301382261797,3
81954,2024-12-19 10:35:00,80.34892,1.0,0.08449887376765218,0.2373726627957624,0.35597559033306114,2
81955,2024-12-19 10:40:00,80.29892,0.8333333333333334,0.12418024343525229,0.23716625361524862,0.5235999706632297,3
81958,2024-12-19 10:55:00,80.49892,0.2,0.11190897648548763,0.23932680301411083,0.46759901137729826,3
81960,2024-12-19 11:05:00,80.29892,0.1,0.10955032833433678,0.23967187548219626,0.4570846208547928,3
81969,2024-12-19 11:50:00,80.14892,1.0,0.08423479323405281,0.2357358060803238,0.3573271054349331,2
81970,2024-12-19 11:55:00,80.24892,0.1,0.05707855224609374,0.2353004231916466,0.24257734632123726,2
81975,2024-12-19 13:20:00,80.49892,0.0,0.0931684260187302,0.23556045007649468,0.39551811854865776,2
81980,2024-12-19 13:45:00,80.39892,0.0,0.06561543461807122,0.2051835663209281,0.31978893726528745,2
81984,2024-12-19 14:05:00,80.24892,0.2,0.07752685546874999,0.203701338439673,0.38059080054454275,2
81985,2024-12-19 14:10:00,80.19892,0.16666666666666666,0.07245600416898998,0.20371636435597862,0.3556710056064947,2
81986,2024-12-19 14:15:00,80.34892,0.4666666666666667,0.09494212021452758,0.2043040101376146,0.4647100179314968,2
81987,2024-12-19 14:20:00,80.49892,0.26666666666666666,0.1189873328718989,0.20496714233206254,0.5805190603630033,3
81989,2024-12-19 14:30:00,80.94892,0.13333333333333333,0.10269289831902485,0.20714337232037056,0.4957575864903788,7
81992,2024-12-19 14:45:00,80.59892,0.16666666666666666,0.11514552356944929,0.2094967514996093,0.5496291600954205,3
81996,2024-12-19 15:05:00,81.29892,0.2,0.18223689328585488,0.21323301704761582,0.8546373155952702,8
81997,2024-12-19 15:10:00,81.34892,0.2,0.1299704751186942,0.21323301704761588,0.6095232198007647,7
82001,2024-12-19 15:30:00,81.34892,0.5333333333333333,0.1313471189673152,0.21507443964903902,0.610705387314499,7
82003,2024-12-19 15:40:00,81.29892,0.26666666666666666,0.08628868803386862,0.21526292937329314,0.40085252154230944,6
82004,2024-12-19 15:45:00,81.34892,0.43333333333333335,0.13999569238162973,0.2153328301301599,0.6501363136174267,8
82005,2024-12-19 15:50:00,81.19892,0.16666666666666666,0.10603492559210685,0.21577776737509002,0.49140802077066914,7
82007,2024-12-19 16:00:00,80.99892,0.8666666666666667,0.10421875224056071,0.2145650469472903,0.4857210143186225,8
82010,2024-12-20 09:45:00,79.14892,0.5666666666666667,0.2820164240304294,0.2738286776053864,1.0299009822369387,8
82028,2024-12-20 11:15:00,78.69892,0.5666666666666667,0.1777428249212418,0.2908389365465527,0.6111383401128331,3
82034,2024-12-20 11:45:00,78.44892,0.0,0.10636295529393307,0.2927193605109809,0.363361532043054,2
82038,2024-12-20 13:05:00,78.24892,0.6,0.24443797198866438,0.2918658858743356,0.8375010024087174,4
82040,2024-12-20 13:15:00,78.14892,0.8333333333333334,0.1258694909802249,0.29082578071957454,0.4328003200706375,3
82041,2024-12-20 13:20:00,78.29892,0.1,0.1459488924857266,0.2914460882651626,0.5007749232610726,3
82042,2024-12-20 13:25:00,78.29892,0.0,0.0980549636132913,0.24174884873924066,0.40560674487040493,2
82045,2024-12-20 13:40:00,78.19892,0.0,0.10965823241362423,0.24218527784575186,0.4527865334715585,2
82046,2024-12-20 13:45:00,78.04892,0.9666666666666667,0.11117446579755715,0.24218527784575195,0.4590471674680584,3
82048,2024-12-20 13:55:00,77.94892,0.8333333333333334,0.11699219623477235,0.2410377015193249,0.4853688675976386,3
82054,2024-12-20 14:25:00,77.99892,0.0,0.08248352895625045,0.24092761930315823,0.34235812894685924,2
82056,2024-12-20 14:35:00,78.14892,0.6,0.13157560335570712,0.23965058910139858,0.549031003216254,2
82074,2024-12-23 09:35:00,78.14892,0.6,0.4567580518284817,0.23488052350157837,1.9446399600067834,18
82076,2024-12-23 09:45:00,78.44892,0.36666666666666664,0.21630325676484619,0.24087573620821096,0.8979869046580743,4
82077,2024-12-23 09:50:00,78.09892,0.5666666666666667,0.15207446636681818,0.24311874424587984,0.6255151853409402,3
82080,2024-12-23 10:05:00,78.04892,0.8,0.12302566292080153,0.2445592017130749,0.503050639922923,3
82085,2024-12-23 10:30:00,78.14892,0.13333333333333333,0.09619728784039591,0.24466243723351055,0.3931837225531411,3
82086,2024-12-23 10:35:00,78.59892,0.3333333333333333,0.14879749232597883,0.2486028708793364,0.5985348914100038,3
82089,2024-12-23 10:50:00,78.39892,0.0,0.10320255097674697,0.2448739860707506,0.42145167248157184,2
82093,2024-12-23 11:10:00,78.44892,0.7,0.14888014191002194,0.24446531340920147,0.6090031335480995,3
82094,2024-12-23 11:15:00,78.64892,0.4,0.13736869582219152,0.2417710054147924,0.5681768812042456,3
82097,2024-12-23 11:30:00,78.39892,0.8333333333333334,0.12051657312728532,0.2419502942828985,0.49810467676626285,3
82100,2024-12-23 11:45:00,78.49892,0.1,0.09783840929788715,0.23922126492109735,0.40898709121932497,3
82104,2024-12-23 13:05:00,78.84892,0.03333333333333333,0.11637195550174356,0.23924792034850045,0.4864073858290194,3
82108,2024-12-23 13:25:00,78.64892,0.5333333333333333,0.09888535452106424,0.16395871728386366,0.6031112963018787,2
82116,2024-12-23 14:05:00,78.59892,0.43333333333333335,0.09736651980551168,0.1529194184394629,0.6367178269387463,2
82119,2024-12-23 14:20:00,78.64892,0.6666666666666666,0.08742447732077331,0.1452351740806113,0.6019511311512544,2
82131,2024-12-23 15:20:00,78.84892,0.3,0.10403586145836718,0.1305142755597453,0.797122468114554,4
82141,2024-12-24 09:40:00,80.44892,0.06666666666666667,0.2656438546738935,0.1900507130834191,1.3977524754526665,11
82145,2024-12-24 10:00:00,80.94892,0.13333333333333333,0.14043671557298462,0.18923158023994321,0.7421420642099625,10
82146,2024-12-24 10:05:00,81.04892,0.4666666666666667,0.09037959417625085,0.18935285749727512,0.4773077912360074,11
82148,2024-12-24 10:15:00,81.34892,0.3333333333333333,0.09465787859303501,0.1904047102311182,0.49714042514041173,10
82152,2024-12-24 10:35:00,81.64892,0.4666666666666667,0.11532458096935037,0.19316844873523445,0.5970156188779024,4
82153,2024-12-24 10:40:00,81.44892,0.6666666666666666,0.06163217389280866,0.19442411017905287,0.3169986162521158,7
82156,2024-12-24 10:55:00,81.54892,0.43333333333333335,0.08671746461280383,0.1952933065000385,0.44403705465853605,5
82160,2024-12-24 11:15:00,81.74892,0.16666666666666666,0.07506247909748869,0.19990559959672866,0.375489627348673,5
82164,2024-12-24 11:35:00,81.54892,0.13333333333333333,0.08271571788897672,0.2006087053646856,0.412323671291374,9
82167,2024-12-24 11:50:00,81.64892,0.2,0.0873787173012918,0.2004357053836815,0.4359438710484652,4
82173,2024-12-27 09:50:00,80.14892,0.3,0.25206806590335756,0.21776170739604397,1.1575408225695094,10
82177,2024-12-27 10:10:00,79.79892,0.9,0.1555177552807576,0.21621707020212688,0.71926677729642,5
82189,2024-12-27 11:10:00,79.84892,0.8,0.0799692276286333,0.2170107460745807,0.36850353761352467,4
82190,2024-12-27 11:15:00,80.09892,0.0,0.09360196322015696,0.21786710373601098,0.42962871225191585,4
82191,2024-12-27 11:20:00,80.44892,0.2,0.10641192752130592,0.2204011702541607,0.4828101747308989,10
82192,2024-12-27 11:25:00,80.14892,0.3333333333333333,0.0817256382845185,0.2226064171982915,0.36713064840228576,3
82195,2024-12-27 11:40:00,80.09892,0.5,0.07857828901569228,0.22078391284189847,0.3559058629056979,6
82196,2024-12-27 11:45:00,80.09892,0.3,0.06760084473242128,0.22078391284189847,0.30618555429276084,4
82197,2024-12-27 11:50:00,80.04892,0.8,0.08881553883449216,0.22086015078200294,0.4021347378421214,4
82198,2024-12-27 11:55:00,80.14892,0.5333333333333333,0.07573606747872841,0.22099408100305376,0.34270631654465833,6
82204,2024-12-27 13:25:00,80.69892,0.3,0.10186394135375335,0.22302083313228763,0.4567463044734097,9
82212,2024-12-27 14:05:00,80.59892,0.4666666666666667,0.07508110707350352,0.22371058051487658,0.33561714828463685,12
82217,2024-12-27 14:30:00,80.49892,0.16666666666666666,0.08931606295747702,0.2243754724052529,0.39806518065468377,11
82220,2024-12-27 14:45:00,80.59892,0.3333333333333333,0.10421052885831973,0.2239965892433507,0.46523265916832796,10
82225,2024-12-27 15:10:00,80.39892,0.16666666666666666,0.08480400219239301,0.22322089645785387,0.3799106783374323,8
82232,2024-12-27 15:45:00,80.54892,0.5666666666666667,0.07617159428410618,0.22518230549284088,0.3382663398769042,14
82239,2024-12-30 09:50:00,80.24892,0.9,0.11954532696169821,0.2245186668681884,0.5324516158466304,16
82241,2024-12-30 10:00:00,80.19892,0.5666666666666667,0.11882213722195133,0.1727508992052047,0.6878235526913623,15
82257,2024-12-30 11:20:00,79.69892,0.0,0.05350409800406066,0.15779575422366546,0.33907184808167906,2
82263,2024-12-30 11:50:00,79.84892,0.4,0.04919869889211044,0.15813969277953283,0.3111091088351853,4
82265,2024-12-30 12:00:00,79.74892,0.13333333333333333,0.06054534442577423,0.15820742339557828,0.3826959767519127,4
82266,2024-12-30 13:05:00,79.74892,0.26666666666666666,0.05431177900233854,0.15806709205671612,0.34359953293030093,4
82269,2024-12-30 13:20:00,79.84892,0.23333333333333334,0.045495788910590376,0.15387555345282553,0.29566612687790117,4
82273,2024-12-30 13:40:00,79.79892,0.1,0.055598323305846215,0.1358933153763016,0.4091321427539621,3
82276,2024-12-30 13:55:00,79.84892,0.5666666666666667,0.06930600637800613,0.12919622330357264,0.5364398788589791,7
82279,2024-12-30 14:10:00,79.99892,0.4,0.05917160989916711,0.12461961304020473,0.4748177951738398,8
82280,2024-12-30 14:15:00,80.04892,0.23333333333333334,0.07676828855477218,0.12379817100494243,0.6201084226980004,12
82282,2024-12-30 14:25:00,79.99892,0.3333333333333333,0.06126051321323423,0.11965753942885995,0.5119653429749444,12
82283,2024-12-30 14:30:00,80.04892,0.36666666666666664,0.06457582572850833,0.11965753942885995,0.5396720176324586,12
82284,2024-12-30 14:35:00,79.99892,0.4666666666666667,0.06161230625738971,0.11718913141230851,0.5257510275472398,11
82286,2024-12-30 14:45:00,80.09892,0.5,0.05204438780566446,0.11730443545967217,0.4436693941002485,16
82290,2024-12-30 15:05:00,80.19892,0.8,0.0516541376380764,0.10903009902601705,0.4737603478260673,13
82299,2024-12-30 15:50:00,80.19892,0.3333333333333333,0.07240189459905047,0.10073447242782718,0.7187399988710316,15
82303,2024-12-31 09:40:00,80.64892,0.8,0.17981349041001993,0.11579652772461843,1.552840088932921,10
82314,2024-12-31 10:35:00,81.34892,0.6666666666666666,0.06827519010416357,0.11790955429299192,0.5790471392547837,6
82319,2024-12-31 11:00:00,81.39892,0.3,0.05207031981492077,0.118002540356808,0.441264396999201,4
82324,2024-12-31 11:25:00,80.94892,0.3333333333333333,0.10150240155316226,0.12848945420879168,0.7899667889336954,4
82342,2025-01-02 10:25:00,79.24892,0.36666666666666664,0.11256346089385792,0.16571044947743538,0.6792779890998097,9
82347,2025-01-02 10:50:00,79.79892,0.1,0.08819403375096961,0.16959472629363673,0.5200281617145939,8
82351,2025-01-02 11:10:00,80.19892,0.23333333333333334,0.054934999613436133,0.17708197167232456,0.3102235597144173,13
82353,2025-01-02 11:20:00,79.99892,0.3333333333333333,0.09893585273633812,0.17652364107270585,0.5604680038045942,13
82355,2025-01-02 11:30:00,80.24892,0.0,0.05422143589626344,0.17668251917025876,0.30688625083511156,13
82360,2025-01-02 11:55:00,79.99892,0.36666666666666664,0.07687210074949508,0.17600702140690908,0.4367558756180252,14
82367,2025-01-02 13:30:00,79.94892,0.43333333333333335,0.09133102347621347,0.18415723265223277,0.4959404643568103,16
82368,2025-01-02 13:35:00,80.04892,0.23333333333333334,0.05634039399938361,0.18435242817412628,0.30561243243386227,16
82369,2025-01-02 13:40:00,80.14892,0.2,0.08905682968983783,0.18435242817412636,0.48307923346537646,16
82370,2025-01-02 13:45:00,79.84892,0.26666666666666666,0.09905008669986956,0.18674443043294375,0.530404502400603,14
82371,2025-01-02 13:50:00,79.69892,0.43333333333333335,0.1551789369441723,0.18705832583326626,0.8295751405499613,11
82372,2025-01-02 13:55:00,79.59892,0.6,0.0934374516112075,0.18626027080611451,0.5016499289237593,7
82375,2025-01-02 14:10:00,79.49892,0.6666666666666666,0.08137115916962115,0.1876559991118128,0.4336187468280032,7
82378,2025-01-02 14:25:00,79.59892,0.6666666666666666,0.08600019725892712,0.18798194192189194,0.4574918014979381,10
82379,2025-01-02 14:30:00,79.59892,0.3333333333333333,0.06644056951179048,0.1879032242173028,0.35358929996301997,7
82381,2025-01-02 14:40:00,79.39892,0.7333333333333333,0.10823602848097517,0.19046364578918817,0.5682765759969469,9
82382,2025-01-02 14:45:00,79.29892,0.3,0.11303378257153952,0.1906082285370759,0.5930162797224303,8
82386,2025-01-02 15:05:00,79.64892,0.7,0.08554122787417648,0.19260245200917572,0.44413363891183083,14
82387,2025-01-02 15:10:00,79.44892,0.8333333333333334,0.10659839526171795,0.1935009247966357,0.5508934666526789,10
82388,2025-01-02 15:15:00,79.49892,0.5333333333333333,0.08993469308297665,0.1932846164727123,0.4652966941922847,7
82390,2025-01-02 15:25:00,79.29892,0.8333333333333334,0.10429303482534057,0.19341126533744785,0.5392293703439599,7
82395,2025-01-02 15:50:00,79.29892,0.4666666666666667,0.09106661535201138,0.19263026167370037,0.4727534218183779,8
82396,2025-01-02 15:55:00,79.29892,0.5,0.08982793844100573,0.19263026167370037,0.46632308787062116,8
82397,2025-01-02 16:00:00,79.29892,0.03333333333333333,0.10149172140460706,0.1925428463454518,0.5271123977388136,9
82399,2025-01-03 09:40:00,80.49892,0.8333333333333334,0.20097561041636114,0.22464928055789057,0.8946194259659386,10
82401,2025-01-03 09:50:00,80.54892,0.1,0.14186663243052963,0.22912822812562197,0.619158248597592,11
82410,2025-01-03 10:35:00,81.19892,0.4666666666666667,0.10362645259239783,0.22190404218574594,0.4669876743644749,8
82421,2025-01-03 11:30:00,81.34892,0.4666666666666667,0.10270133147503725,0.22998382983042623,0.4465589235154573,9
82422,2025-01-03 11:35:00,81.49892,0.6666666666666666,0.07811288927835401,0.23043257919339089,0.3389837042651753,7
82426,2025-01-03 11:55:00,81.24892,0.7,0.08347560283226046,0.23026315444257886,0.3625226234494105,6
82428,2025-01-03 13:05:00,81.04892,0.6,0.10793445904954026,0.2308285250543724,0.46759584424895473,9
82430,2025-01-03 13:15:00,80.39892,0.7333333333333333,0.11031923068600658,0.23972721122656973,0.4601865183412251,14
82435,2025-01-03 13:40:00,80.64892,0.6666666666666666,0.10464432523782695,0.21406874124201422,0.4888351500115652,6
82437,2025-01-03 13:50:00,80.49892,0.5666666666666667,0.0935918170721707,0.21370619963222456,0.4379461954460682,8
82439,2025-01-03 14:00:00,80.44892,0.43333333333333335,0.06509611620600854,0.21341715716203497,0.3050181956860428,9
82440,2025-01-03 14:05:00,80.44892,0.13333333333333333,0.08228961462072133,0.21108815302163805,0.38983530550047524,10
82449,2025-01-03 14:50:00,80.49892,0.6,0.08181295624005784,0.2051574582988459,0.3987812917865442,7
82451,2025-01-03 15:00:00,80.44892,0.26666666666666666,0.07619319918580161,0.20514253793725726,0.3714158942944601,6
82453,2025-01-03 15:10:00,80.49892,0.16666666666666666,0.07293595917082807,0.20494847439147149,0.3558746137895777,4
82456,2025-01-03 15:25:00,80.44892,0.23333333333333334,0.06688813923641855,0.20484265725976328,0.3265342293992845,3
82461,2025-01-03 15:50:00,80.39892,0.2,0.06563672842267038,0.20435768910270485,0.3211855091475568,3
82462,2025-01-03 15:55:00,80.39892,0.2,0.0735211686022466,0.20043570538367964,0.3668067446441756,6
82464,2025-01-06 09:35:00,80.64892,0.3,0.7463579207599449,0.19864092868572447,3.7573219461774627,29
82470,2025-01-06 10:05:00,80.19892,0.43333333333333335,0.10885555241117588,0.20319356218115167,0.5357234316022704,20
82472,2025-01-06 10:15:00,80.59892,0.3,0.10951001694911813,0.20456353580140552,0.5353349829435521,10
82473,2025-01-06 10:20:00,80.79892,0.06666666666666667,0.11696766679491491,0.20403415331959548,0.5732749389838613,9
82474,2025-01-06 10:25:00,80.69892,0.23333333333333334,0.09687800270434885,0.20264549693697406,0.478066397569542,10
82477,2025-01-06 10:40:00,80.79892,0.3333333333333333,0.07732361530208161,0.20326761345910063,0.3804030262678312,8
82478,2025-01-06 10:45:00,80.69892,0.36666666666666664,0.10023422469206662,0.20357357337221446,0.4923734600305812,11
82479,2025-01-06 10:50:00,80.69892,0.7,0.10328053601093586,0.20337801272405295,0.5078254754660663,9
82483,2025-01-06 11:10:00,80.74892,0.1,0.06167625541713326,0.20088697310088532,0.3070196860707313,7
82485,2025-01-06 11:20:00,80.64892,0.5666666666666667,0.08407843995999732,0.19898477150754088,0.42253705810251424,5
82486,2025-01-06 11:25:00,80.44892,0.3,0.0560967748632959,0.19898477150754088,0.28191491458515966,7
82488,2025-01-06 11:35:00,80.44892,0.8666666666666667,0.049841314973508175,0.19864092868572408,0.2509116087166691,4
82490,2025-01-06 11:45:00,80.24892,0.43333333333333335,0.07551050714861479,0.19941374130281228,0.3786625066822809,13
82491,2025-01-06 11:50:00,80.19892,0.4666666666666667,0.0533196612237002,0.19949942457581243,0.267267243186649,10
82493,2025-01-06 12:00:00,80.14892,0.5,0.062069017795777684,0.20034151028376682,0.3098160621224337,13
82497,2025-01-06 13:20:00,80.19892,0.8666666666666667,0.052196259316543626,0.20050950304192736,0.2603181321816412,8
82502,2025-01-06 13:45:00,80.09892,0.26666666666666666,0.06291257090224225,0.1557603924858947,0.4039060886928586,13
82503,2025-01-06 13:50:00,80.04892,0.3,0.042103568046491305,0.15548502927005217,0.2707885655882938,13
82508,2025-01-06 14:15:00,80.04892,0.8333333333333334,0.05387939348167096,0.15201600719068797,0.354432368520803,9
82510,2025-01-06 14:25:00,80.14892,0.13333333333333333,0.061377565919122065,0.15001445361102586,0.40914434870568295,14
82517,2025-01-06 15:00:00,80.04892,0.26666666666666666,0.06942165941991597,0.1415259298413798,0.49052254592301753,12
82518,2025-01-06 15:05:00,80.09892,0.1,0.040802717556063926,0.1337421037339865,0.30508505860817525,8
82521,2025-01-06 15:20:00,80.29892,0.03333333333333333,0.044605332596736776,0.1289214993101968,0.34598831719612805,6
82526,2025-01-06 15:45:00,80.09892,0.13333333333333333,0.06712565952405754,0.1277188749131484,0.5255735267767152,14
82527,2025-01-06 15:50:00,80.09892,0.03333333333333333,0.04827165448887798,0.12765894582175324,0.3781298222239622,12
82528,2025-01-06 15:55:00,80.14892,0.1,0.044229405262308334,0.11018206635450341,0.4014210907971465,10
82531,2025-01-07 09:40:00,79.84892,0.7666666666666667,0.1827371002760186,0.1168818253006144,1.5634346897477656,22
82532,2025-01-07 09:45:00,79.74892,0.7,0.10550852599497676,0.11713034797390456,0.9007787291683191,20
82534,2025-01-07 09:55:00,80.04892,0.13333333333333333,0.08114907843244348,0.117480436212,0.6907454640873605,15
82541,2025-01-07 10:30:00,80.09892,0.3,0.07229696672230246,0.1199364692555342,0.6027938555392023,16
82556,2025-01-07 11:45:00,79.09892,0.3333333333333333,0.07851060878476862,0.12366829652976825,0.6348483078350666,9
82557,2025-01-07 11:50:00,78.99892,0.06666666666666667,0.05197472358211244,0.12379817100494186,0.41983434133318237,5
82565,2025-01-07 13:30:00,78.74892,0.6666666666666666,0.08572140226854551,0.12567134279280517,0.6821077929426975,6
82567,2025-01-07 13:40:00,79.14892,0.43333333333333335,0.09340427712061382,0.12342880511306671,0.7567461828302641,9
82574,2025-01-07 14:15:00,78.89892,0.7333333333333333,0.08078898661191139,0.11240295840709584,0.7187443084844224,8
82584,2025-01-07 15:05:00,79.04892,0.3,0.055217851136284,0.11499413310205463,0.48017972436280243,9
82586,2025-01-07 15:15:00,79.14892,0.5,0.0684175313401042,0.11383708423339259,0.6010126822980839,9
82592,2025-01-07 15:45:00,79.34892,0.6333333333333333,0.06306029598933766,0.1158427771836017,0.5443610514395044,8
82594,2025-01-07 15:55:00,79.24892,0.4,0.07726019426767833,0.11620333023523634,0.6648707408925077,13
82608,2025-01-08 10:35:00,79.49892,0.7,0.09537368467727092,0.13869683691471074,0.6876413824485366,16
82615,2025-01-08 11:10:00,79.04892,0.4666666666666667,0.11389101704620905,0.14164843506085148,0.8040400657958701,9
82618,2025-01-08 11:25:00,78.99892,0.36666666666666664,0.09498973034350157,0.14179422227029498,0.6699125593596301,7
82620,2025-01-08 11:35:00,78.74892,0.23333333333333334,0.09026064198605852,0.14242603337221976,0.6337369640153433,7
82628,2025-01-08 13:15:00,78.74892,0.43333333333333335,0.07714557297166356,0.14329912533758887,0.5383534113688513,4
82629,2025-01-08 13:20:00,78.79892,0.13333333333333333,0.053282519358333606,0.14249586278601703,0.3739232726942172,3
82639,2025-01-08 14:10:00,79.29892,0.26666666666666666,0.08052524991066742,0.138359874058613,0.581998577684125,11
82641,2025-01-08 14:20:00,79.44892,0.4,0.08292751412509584,0.1409335267179812,0.5884158018059121,13
82644,2025-01-08 14:35:00,79.04892,0.6666666666666666,0.08607710843884482,0.1364814306047093,0.6306873254292714,9
82650,2025-01-08 15:05:00,78.94892,0.5,0.07325191062787983,0.13204921894837124,0.5547318735487557,4
82651,2025-01-08 15:10:00,78.99892,0.6666666666666666,0.06789029653432484,0.13179399135595987,0.5151243682343699,4
82652,2025-01-08 15:15:00,79.04892,0.4,0.06888323109243624,0.13189652844133504,0.5222520403414116,5
82654,2025-01-08 15:25:00,78.89892,0.5333333333333333,0.06472911137719935,0.13196613083585818,0.4904979100865704,4
82668,2025-01-09 10:05:00,79.24892,0.8,0.08219095848613198,0.12296294452373137,0.6684205457544931,14
82669,2025-01-09 10:10:00,79.39892,0.7666666666666667,0.09301891163560973,0.12372397371268819,0.7518260919392894,12
82673,2025-01-09 10:30:00,79.19892,0.43333333333333335,0.08403965558707113,0.1248874608181505,0.6729230864053026,12
82674,2025-01-09 10:35:00,79.19892,0.6,0.08769199363848215,0.12479756079544073,0.7026739391342802,14
82675,2025-01-09 10:40:00,79.14892,0.23333333333333334,0.08378595247229792,0.12401021249387144,0.6756375203892067,9
82680,2025-01-09 11:05:00,79.24892,0.3,0.06931117668647753,0.12183761173087021,0.5688816097247582,11
82681,2025-01-09 11:10:00,79.29892,0.7,0.07562651748675549,0.12153366442518405,0.6222680591788711,12
82684,2025-01-09 11:25:00,79.14892,0.3,0.0687290662223449,0.1246196130402041,0.5515108300021113,9
82686,2025-01-09 11:35:00,78.94892,0.6,0.06425476435618,0.12540313525588898,0.512385629155652,5
82693,2025-01-09 13:10:00,78.59892,0.5666666666666667,0.08072529937381097,0.12685919671125656,0.6363377781553302,8
82700,2025-01-09 13:45:00,78.99892,0.36666666666666664,0.08593263777347745,0.11295982673894227,0.7607362746056042,9
82702,2025-01-09 13:55:00,78.99892,0.16666666666666666,0.07069234989159494,0.11038791272779842,0.6403993711332567,8
82707,2025-01-09 14:20:00,78.79892,0.5,0.0640324105507106,0.1096390084423742,0.5840294568549091,4
82712,2025-01-09 14:45:00,78.89892,0.5666666666666667,0.057113748482325415,0.10779959640179079,0.5298141216545095,5
82714,2025-01-09 14:55:00,78.89892,0.23333333333333334,0.056653960631652595,0.10479767555024419,0.5406032179071608,5
82718,2025-01-09 15:15:00,78.99892,0.3,0.04196030834108232,0.10382934363037294,0.4041276470980962,9
82720,2025-01-09 15:25:00,78.84892,0.8,0.05849868209104914,0.10431463320035271,0.5607907567358569,5
82722,2025-01-09 15:35:00,78.84892,0.7,0.05188467220314579,0.10442705441066548,0.4968508639447618,6
82724,2025-01-09 15:45:00,78.84892,0.36666666666666664,0.07379475091136484,0.10527850161236321,0.7009479597560958,6
82726,2025-01-09 15:55:00,78.74892,0.16666666666666666,0.06497412554315894,0.10335164781369113,0.6286704364915964,4
82729,2025-01-10 09:40:00,78.74892,0.8,0.14218931964574805,0.104314633200353,1.3630812406985187,17
82737,2025-01-10 10:20:00,78.39892,0.5666666666666667,0.09668753446718399,0.12047122049626673,0.8025778610766231,5
82741,2025-01-10 10:40:00,78.49892,1.0,0.06922371183192072,0.11835651423901279,0.584874540087656,5
82744,2025-01-10 10:55:00,78.34892,0.4,0.07334595745241758,0.1192068985622467,0.6152828262209863,4
82746,2025-01-10 11:05:00,78.24892,0.7333333333333333,0.07767408590834257,0.11927962874560807,0.6511932232284263,6
82749,2025-01-10 11:20:00,78.19892,0.7666666666666667,0.06496750230448357,0.1196298238978887,0.5430711187867104,4
82751,2025-01-10 11:30:00,78.24892,0.5,0.06770169460551526,0.11949114981535301,0.566583338683519,4
82757,2025-01-10 12:00:00,78.24892,0.13333333333333333,0.07110654939105505,0.12296087009256526,0.5782859973056945,4
82761,2025-01-10 13:20:00,77.99892,0.5,0.07369818154573932,0.12343500470982782,0.5970606289438697,6
82762,2025-01-10 13:25:00,78.14892,0.5333333333333333,0.05535342992153655,0.12343500470982782,0.4484419152546064,3
82763,2025-01-10 13:30:00,78.19892,0.13333333333333333,0.06536371500741729,0.12357544547941493,0.5289377250782844,3
82765,2025-01-10 13:40:00,78.04892,0.2,0.05750486070245832,0.12376107791916317,0.4646441487849571,3
82769,2025-01-10 14:00:00,78.14892,0.7,0.05448891951801365,0.12218256306223567,0.4459631403399095,3
82771,2025-01-10 14:10:00,77.89892,0.6333333333333333,0.06381925444320666,0.12218256306223566,0.52232702313422,5
82772,2025-01-10 14:15:00,77.84892,0.4666666666666667,0.0731528651792598,0.12223056987938483,0.5984825666070761,5
82773,2025-01-10 14:20:00,77.89892,0.0,0.06400132917688144,0.12238906718723792,0.5229333848828872,5
82777,2025-01-10 14:40:00,77.94892,0.06666666666666667,0.05040617929167615,0.1226430687566536,0.4109990055099753,3
82778,2025-01-10 14:45:00,77.89892,0.1,0.055224982856944826,0.12238906718723794,0.45122480402974574,3
82779,2025-01-10 14:50:00,77.89892,0.1,0.048032759963539604,0.12223056987938481,0.39296846943393593,3
82782,2025-01-10 15:05:00,77.74892,0.2,0.06720586493522675,0.12023808982629719,0.5589398919453575,6
82784,2025-01-10 15:15:00,77.79892,0.06666666666666667,0.04670343403556043,0.1195722403451432,0.39058759709403934,3
82786,2025-01-10 15:25:00,77.74892,0.9666666666666667,0.05183891249400788,0.11999387801953407,0.4320129772417965,3
82793,2025-01-10 16:00:00,77.79892,0.8,0.0684366821077978,0.11191171619272783,0.6115238371462389,3
82803,2025-01-13 10:20:00,75.59892,0.4,0.16026729881411228,0.21262686244786902,0.753749065235847,3
82806,2025-01-13 10:35:00,75.74892,0.3333333333333333,0.12337867457991736,0.2128103284483542,0.5797588654624884,3
82807,2025-01-13 10:40:00,75.74892,0.9,0.05571354448858556,0.2128103284483542,0.26179906254928964,3
82809,2025-01-13 10:50:00,75.99892,0.0,0.05442438196442472,0.21391139733450615,0.2544248817154798,3
82813,2025-01-13 11:10:00,76.14892,0.06666666666666667,0.09938177350584505,0.2145258127933737,0.46326254268323075,7
82818,2025-01-13 11:35:00,75.89892,0.8666666666666667,0.0744121940351934,0.2140186898190865,0.3476901671442585,5
82823,2025-01-13 12:00:00,75.89892,0.8,0.07803221981790733,0.21378257527419822,0.365007389951323,4
82825,2025-01-13 13:10:00,76.09892,0.0,0.056285654418443284,0.21453651372874818,0.2623593226167958,4
82828,2025-01-13 13:25:00,75.99892,0.6333333333333333,0.07098710770185923,0.21393643706047932,0.3318140129714853,4
82830,2025-01-13 13:35:00,75.84892,0.26666666666666666,0.08314399748165305,0.20973890707716653,0.3964166622221549,5
82831,2025-01-13 13:40:00,75.84892,0.1,0.06614731655912476,0.20796554618778462,0.3180686309423406,5
82834,2025-01-13 13:55:00,75.94892,0.13333333333333333,0.06110492721755981,0.20634017477889005,0.29613683948382136,3
82839,2025-01-13 14:20:00,76.04892,0.8333333333333334,0.07008276306571233,0.20317724216933644,0.3449341191830058,4
82840,2025-01-13 14:25:00,76.04892,0.06666666666666667,0.04804745907956695,0.2030541721734805,0.23662384557416197,4
82842,2025-01-13 14:35:00,75.89892,0.36666666666666664,0.056359438843745016,0.20243013963465747,0.27841426649935425,4
82843,2025-01-13 14:40:00,75.89892,0.3,0.06360273584965656,0.202306615151426,0.31438782069508736,3
82845,2025-01-13 14:50:00,75.89892,0.0,0.0425698112580974,0.2024276194802881,0.2102964574072993,3
82847,2025-01-13 15:00:00,76.04892,0.6666666666666666,0.06424123802466894,0.20301899561457043,0.31642969087794276,2
82853,2025-01-13 15:30:00,76.14892,0.0,0.054361195452141416,0.20087173553621965,0.27062640399370386,2
82854,2025-01-13 15:35:00,76.29892,0.0,0.081451416015625,0.20147274306299306,0.4042800766858977,2
82856,2025-01-13 15:45:00,76.44892,0.1,0.08937078035414674,0.20181681681220084,0.4428311860518049,3
82857,2025-01-13 15:50:00,76.49892,0.16666666666666666,0.09016817667620898,0.20190527033730613,0.4465865429147669,3
82860,2025-01-14 09:35:00,76.14892,0.6666666666666666,0.35556929170489354,0.20345325060343467,1.747670733450011,21
82862,2025-01-14 09:45:00,77.09892,0.3,0.14661502095217016,0.21456504694728992,0.6833126971896202,10
82866,2025-01-14 10:05:00,77.34892,0.13333333333333333,0.12202000046765225,0.22111293380756847,0.5518446992967159,9
82869,2025-01-14 10:20:00,76.94892,0.4,0.15083868783034604,0.22397609081372585,0.6734588825188221,7
82873,2025-01-14 10:40:00,76.99892,0.7333333333333333,0.09366121544870858,0.2249624440082428,0.4163415625288848,7
82876,2025-01-14 10:55:00,76.94892,0.7333333333333333,0.09672089832853409,0.2256281689085836,0.42867386105376726,8
82882,2025-01-14 11:25:00,77.29892,0.43333333333333335,0.09596302473213092,0.2278018531924768,0.42125655865955053,7
82888,2025-01-14 11:55:00,77.29892,0.6666666666666666,0.08311640173793607,0.22980852456658996,0.3616767563113266,6
82891,2025-01-14 13:10:00,77.14892,0.36666666666666664,0.10119100611117052,0.23020332770071117,0.43957229950528603,9
82901,2025-01-14 14:00:00,77.79892,0.0,0.07239066980750374,0.13763715089909911,0.5259529809693086,4
82902,2025-01-14 14:05:00,77.94892,0.3333333333333333,0.09076013371152576,0.13768347434697456,0.6591940982169159,9
82903,2025-01-14 14:10:00,78.39892,0.06666666666666667,0.10775934461874224,0.14360318700796582,0.7503966093229165,14
82904,2025-01-14 14:15:00,78.09892,0.6333333333333333,0.11266357606105579,0.14725492126080797,0.7650920940123533,10
82915,2025-01-14 15:10:00,77.94892,0.3,0.06745686862311992,0.14920973338315283,0.45209429099305953,4
82917,2025-01-14 15:20:00,77.89892,0.3,0.06650835763584662,0.14888799802373093,0.44670059721836003,4
82918,2025-01-14 15:25:00,78.04892,0.4666666666666667,0.07847501050874643,0.1492780982504925,0.525696746062931,5
82924,2025-01-14 15:55:00,77.99892,0.36666666666666664,0.06338999760083008,0.14936009478605144,0.42441053409635354,6
82928,2025-01-15 09:45:00,77.34892,0.36666666666666664,0.12504605238121594,0.15970939581988097,0.7829598987541216,12
82929,2025-01-15 09:50:00,77.49892,0.3,0.1444809221632343,0.15986105077708965,0.9037906448187845,12
82934,2025-01-15 10:15:00,77.44892,0.6,0.11247994798110064,0.16199293203590237,0.6943509606713693,10
82935,2025-01-15 10:20:00,77.39892,0.5666666666666667,0.12477945287169452,0.16207164351253325,0.7699030513135083,8
82936,2025-01-15 10:25:00,77.64892,0.6333333333333333,0.07658324787045169,0.16380151287095635,0.46753687757929535,6
82938,2025-01-15 10:35:00,77.84892,0.23333333333333334,0.08899192363314236,0.1638326544353114,0.5431879495566644,7
82940,2025-01-15 10:45:00,78.19892,0.4,0.12153054615126468,0.17147933618513855,0.7087183147248343,16
82945,2025-01-15 11:10:00,77.79892,0.03333333333333333,0.11855343320810142,0.17208072032840796,0.6889408237125447,7
82952,2025-01-15 11:45:00,77.99892,0.16666666666666666,0.06739466445125855,0.174017568279736,0.38728655455592026,8
82958,2025-01-15 13:15:00,77.79892,0.3,0.05755169701887094,0.1736786370056708,0.3313688891800309,5
82961,2025-01-15 13:30:00,77.59892,0.4666666666666667,0.06728837733632115,0.15962312772209764,0.42154528793264584,6
82966,2025-01-15 13:55:00,77.54892,0.7,0.060794188637613045,0.15029474833270073,0.40449975339814054,4
82968,2025-01-15 14:05:00,77.54892,0.7,0.06317138458360473,0.14586432177646874,0.4330831817832215,4
82973,2025-01-15 14:30:00,77.59892,0.9333333333333333,0.04650304039912389,0.14482185630725417,0.3211051258759106,4
82975,2025-01-15 14:40:00,77.64892,0.3,0.053512753238356525,0.14302117188224472,0.3741596613571017,4
82977,2025-01-15 14:50:00,77.64892,0.3333333333333333,0.06167917189766102,0.1427140829008069,0.43218700386093634,4
82991,2025-01-15 16:00:00,77.84892,0.7333333333333333,0.06683254391065964,0.13350157735399415,0.5006123915183847,9
82993,2025-01-16 09:40:00,78.54892,0.7666666666666667,0.17218974871645695,0.14479014927757905,1.1892366267704426,11
82994,2025-01-16 09:45:00,79.09892,0.13333333333333333,0.13142000381385224,0.15288772235658088,0.8595850718957055,9
82998,2025-01-16 10:05:00,79.04892,0.8333333333333334,0.08207333506361807,0.15638797346687844,0.5248059249325874,9
83000,2025-01-16 10:15:00,78.94892,0.3,0.11312212768828828,0.1561578266034376,0.724408953100773,7
83005,2025-01-16 10:40:00,78.49892,0.7,0.069431393174331,0.14572260652781335,0.4764627454085443,10
83010,2025-01-16 11:05:00,78.14892,0.9,0.06518585035147888,0.14570860248131356,0.4473713235966192,14
83020,2025-01-16 11:55:00,78.14892,0.5,0.052799477087363614,0.14856213202127636,0.3554033344096188,14
83026,2025-01-16 13:25:00,77.69892,0.6,0.09766476775778878,0.1425549224964424,0.6851027382812832,9
83027,2025-01-16 13:30:00,77.59892,0.13333333333333333,0.08460490028259343,0.1425549224964424,0.5934898550045148,7
83030,2025-01-16 13:45:00,77.74892,0.3333333333333333,0.09047274321262223,0.14389597076714933,0.628737154558859,8
83038,2025-01-16 14:25:00,78.19892,0.2,0.04832981828014023,0.13935184549613777,0.34681864533670437,8
83039,2025-01-16 14:30:00,78.24892,0.2,0.05440455700738376,0.1301698481539868,0.4179505298571517,9
83041,2025-01-16 14:40:00,78.19892,0.13333333333333333,0.040327689238841696,0.12927911858057145,0.31194279232115907,11
83042,2025-01-16 14:45:00,78.19892,0.03333333333333333,0.04122410827294371,0.12917252916778812,0.3191399017928636,10
83055,2025-01-16 15:50:00,78.44892,0.43333333333333335,0.08753659732244769,0.12490175712848266,0.7008436016828926,4
83059,2025-01-17 09:40:00,77.84892,0.6,0.16245821138575164,0.14023316394990512,1.158486386599577,21
83062,2025-01-17 09:55:00,77.84892,0.3,0.14963633239477464,0.13982147872799217,1.070195607685399,17
83065,2025-01-17 10:10:00,78.34892,0.43333333333333335,0.12291086567925837,0.15319939319760656,0.8022934237129773,9
83066,2025-01-17 10:15:00,78.19892,0.8333333333333334,0.09113817998991867,0.15395013085915862,0.5919980676943789,14
83070,2025-01-17 10:35:00,77.99892,0.8666666666666667,0.09483173636115917,0.16063146994223343,0.5903683530709314,14
83072,2025-01-17 10:45:00,78.04892,0.23333333333333334,0.06605699601622766,0.16034856430694538,0.41195876184945956,17
83073,2025-01-17 10:50:00,77.99892,0.5333333333333333,0.08584700438884514,0.16034856430694536,0.5353774432586345,15
83074,2025-01-17 10:55:00,77.89892,0.8666666666666667,0.07982684820702288,0.1603930993902389,0.4976950287169332,17
83077,2025-01-17 11:10:00,77.89892,0.8666666666666667,0.05693047142211881,0.16086473039023252,0.35390275596157367,12
83080,2025-01-17 11:25:00,78.04892,0.43333333333333335,0.05694817902065805,0.16156091227353142,0.3524873573642719,11
83083,2025-01-17 11:40:00,78.34892,0.9333333333333333,0.08620918681557685,0.1622148003887337,0.5314508084896323,7
83084,2025-01-17 11:45:00,78.44892,0.5,0.08958398268409376,0.16242537313039299,0.5515393374665478,7
83085,2025-01-17 11:50:00,78.14892,0.6666666666666666,0.07211013312269954,0.16524801801662461,0.4363751770713823,11
83100,2025-01-17 14:05:00,78.39892,0.23333333333333334,0.07274589240373698,0.1438800161064501,0.5056010860459988,5
83108,2025-01-17 14:45:00,78.49892,0.13333333333333333,0.05477000730846466,0.1402331639499046,0.39056387066921,3
83113,2025-01-17 15:10:00,78.49892,0.43333333333333335,0.07212921711015745,0.14111259335606116,0.5111465631430783,4
83114,2025-01-17 15:15:00,78.49892,0.2,0.06509613217805277,0.13974666250270457,0.4658152904137724,3
83116,2025-01-17 15:25:00,78.64892,0.0,0.0657757288006875,0.1389889446760753,0.47324432136658795,4
83119,2025-01-17 15:40:00,78.59892,0.6666666666666666,0.06161717156030791,0.14000196771541218,0.4401164681167889,7
83121,2025-01-17 15:50:00,78.54892,0.5,0.06909176176324512,0.1403622494305268,0.4922389178255691,5
83122,2025-01-17 15:55:00,78.59892,0.7,0.0656216634604344,0.13701490568235605,0.4789381354796988,6
83126,2025-01-20 09:45:00,81.69892,0.9666666666666667,0.19636241729411033,0.27145701187291205,0.7233646901927929,7
83133,2025-01-20 10:20:00,82.94892,0.06666666666666667,0.12634005072071502,0.2804217602761312,0.4505358307297837,5
83139,2025-01-20 10:50:00,82.94892,0.26666666666666666,0.24609107255688084,0.290973092005775,0.8457519932873953,5
83141,2025-01-20 11:00:00,82.99892,0.16666666666666666,0.18969856594466597,0.29080648443009915,0.6523188996848646,6
83146,2025-01-20 11:25:00,83.39892,0.0,0.12930967819611172,0.2916062073853978,0.44343938819248513,2
83147,2025-01-20 11:30:00,83.29892,0.0,0.13133092865909815,0.29201267246039475,0.44974393594822626,2
83150,2025-01-20 11:45:00,83.69892,0.0,0.1436490753486923,0.29369544530065195,0.4891089652467737,2
83151,2025-01-20 11:50:00,83.74892,0.0,0.14412654719766563,0.29369544530065195,0.4907347032574008,2
83155,2025-01-20 13:10:00,83.79892,0.5666666666666667,0.14395319466485745,0.2936268253759339,0.4902590030068012,3
83163,2025-01-20 13:50:00,83.59892,0.2,0.16234434533253533,0.2856005902895828,0.5684314068396266,4
83168,2025-01-20 14:15:00,83.24892,0.3333333333333333,0.14558038477004534,0.2809161553526765,0.5182342916066052,2
83169,2025-01-20 14:20:00,83.14892,0.23333333333333334,0.13148535894793104,0.2784262403385326,0.4722448530284386,2
83170,2025-01-20 14:25:00,83.14892,0.16666666666666666,0.11689121325555656,0.2784747912583676,0.4197550978576924,2
83171,2025-01-20 14:30:00,82.94892,1.0,0.10770786560033588,0.27956450164595875,0.385270179032735,2
83176,2025-01-20 14:55:00,82.44892,0.16666666666666666,0.1205192735828191,0.281471311819899,0.4281760468005849,2
83177,2025-01-20 15:00:00,82.39892,1.0,0.15630905787492444,0.281435060531915,0.555400089738282,2
83178,2025-01-20 15:05:00,82.74892,0.5666666666666667,0.16162600326960583,0.2829247670924249,0.571268485720115,2
83181,2025-01-20 15:20:00,82.59892,0.16666666666666666,0.12430371582073949,0.2835803492993191,0.43833684572246895,2
83187,2025-01-20 15:50:00,82.49892,0.8333333333333334,0.09643645934150742,0.28272184144244944,0.34110013874233314,2
83191,2025-01-21 09:40:00,82.94892,0.5,0.30520084412083703,0.28492190471522644,1.071173676260093,5
83204,2025-01-21 10:45:00,82.99892,0.8,0.11314697265624998,0.2974717463105974,0.3803620816415637,2
83205,2025-01-21 10:50:00,82.94892,0.9,0.08570022583007812,0.29759091213374383,0.2879799830431736,2
83207,2025-01-21 11:00:00,82.74892,0.3333333333333333,0.1338488851203275,0.2983126030557953,0.4486866587238786,4
83211,2025-01-21 11:20:00,82.84892,0.43333333333333335,0.1501177448907918,0.299132337078785,0.5018439208438171,2
83216,2025-01-21 11:45:00,83.09892,0.6,0.14910880096220722,0.3008312464368892,0.49565596236522746,2
83217,2025-01-21 11:50:00,83.09892,0.8666666666666667,0.1041910857844424,0.30022523259497297,0.3470430679122971,2
83228,2025-01-21 13:45:00,82.89892,0.06666666666666667,0.0966587330020728,0.17724034928351126,0.5453539975113613,4
83231,2025-01-21 14:00:00,82.59892,1.0,0.06896561934329985,0.17413186362055108,0.3960539898291223,4
83236,2025-01-21 14:25:00,82.89892,0.0,0.04156929786533454,0.16897845723128171,0.24600353528165084,3
83238,2025-01-21 14:35:00,82.84892,0.4666666666666667,0.056609305141598586,0.1577909046648094,0.3587615221666424,4
83239,2025-01-21 14:40:00,82.74892,0.5666666666666667,0.0806948705615941,0.1580138303264334,0.5106823269513202,4
83240,2025-01-21 14:45:00,82.74892,0.23333333333333334,0.0746256394630681,0.1580138303264334,0.4722728340228351,4
83246,2025-01-21 15:15:00,82.84892,0.0,0.09057877185298265,0.15490155053493315,0.5847505821612513,5
83256,2025-01-22 09:35:00,82.84892,0.5,0.7482329061976793,0.14828372278374904,5.045954418671237,18
83259,2025-01-22 09:50:00,81.14892,0.7666666666666667,0.19045428376760346,0.1927163137726618,0.9882623844303771,7
83262,2025-01-22 10:05:00,80.59892,0.8666666666666667,0.16745407127386913,0.19563651383719965,0.8559448744482191,4
83265,2025-01-22 10:20:00,80.59892,0.6,0.1646957643374326,0.19567171397791774,0.8416942898349585,3
83268,2025-01-22 10:35:00,80.29892,0.5333333333333333,0.14564615307543236,0.19644452131349036,0.7414111225988691,3
83269,2025-01-22 10:40:00,80.64892,0.4,0.12033656579383425,0.20004718349663497,0.6015409149504894,2
83271,2025-01-22 10:50:00,80.69892,0.1,0.12803217818191376,0.19808670582909374,0.646344123125446,3
83275,2025-01-22 11:10:00,80.74892,0.13333333333333333,0.10919165727155891,0.19938815707027263,0.5476336151353024,3
83278,2025-01-22 11:25:00,80.49892,0.43333333333333335,0.11199758417016688,0.19621585868026323,0.5707876260535529,2
83281,2025-01-22 11:40:00,80.34892,0.5333333333333333,0.11023547488987925,0.19685311235044534,0.559988478585159,2
83283,2025-01-22 11:50:00,80.29892,0.3,0.09447506746604668,0.1961963580631747,0.48153323740915704,2
83285,2025-01-22 12:00:00,80.44892,0.8,0.085150146484375,0.19666643320712707,0.4329673604986558,2
83286,2025-01-22 13:05:00,80.44892,0.7666666666666667,0.13902082772565721,0.1963055365683276,0.7081859745574143,3
83289,2025-01-22 13:20:00,80.19892,1.0,0.10766119377578458,0.19596480259666393,0.5493904637424791,2
83290,2025-01-22 13:25:00,80.19892,1.0,0.09282797697127124,0.19230423893989923,0.48271414859597933,2
83291,2025-01-22 13:30:00,80.04892,0.6,0.10998903723146561,0.19255874299317638,0.5711973163190167,5
83295,2025-01-22 13:50:00,80.29892,0.7666666666666667,0.08902294850309281,0.18685913161483542,0.47641743667412484,2
83296,2025-01-22 13:55:00,80.29892,0.7,0.09837336145704074,0.17594179362332807,0.5591244662859766,2
83300,2025-01-22 14:15:00,79.99892,0.7,0.06569609693900429,0.17418019676416094,0.37717316985211846,6
83308,2025-01-22 14:55:00,79.84892,0.8333333333333334,0.057249935879949344,0.1713320101090023,0.33414617527411633,4
83310,2025-01-22 15:05:00,79.84892,0.8333333333333334,0.0862486709184198,0.1696428485124663,0.5084132439103778,5
83315,2025-01-22 15:30:00,80.29892,0.5,0.09738540649414062,0.16789872130014338,0.5800247062039862,2
83316,2025-01-22 15:35:00,80.39892,0.6333333333333333,0.09602078477053749,0.16836599252229276,0.5703098549300193,2
83319,2025-01-22 15:50:00,80.29892,0.23333333333333334,0.08131717784101561,0.16865813582184622,0.4821420410273658,2
83321,2025-01-22 16:00:00,80.09892,1.0,0.08670876763726029,0.1679427730596259,0.5162994873645171,2
83330,2025-01-23 10:15:00,81.49892,0.26666666666666666,0.13200147663219516,0.22060014052070664,0.5983743995838698,7
83332,2025-01-23 10:25:00,81.39892,0.7333333333333333,0.11092346398117807,0.21944081200280852,0.505482380277368,6
83334,2025-01-23 10:35:00,81.49892,0.3,0.12103460366764189,0.21944081200280852,0.5515592225665517,6
83337,2025-01-23 10:50:00,81.54892,0.13333333333333333,0.07350800682383356,0.2194559225648305,0.33495567567614043,3
83352,2025-01-23 13:05:00,81.14892,0.16666666666666666,0.12386827603776658,0.22203849153994484,0.5578684811749526,3
83358,2025-01-23 13:35:00,80.89892,0.7333333333333333,0.13743258770902383,0.18887943583540723,0.727620702069361,3
83360,2025-01-23 13:45:00,80.99892,0.7666666666666667,0.13239475142504345,0.1872845495489277,0.7069176381282621,3
83363,2025-01-23 14:00:00,80.99892,0.9333333333333333,0.08654041500451773,0.18475876831462046,0.4683967954211002,3
83368,2025-01-23 14:25:00,80.74892,1.0,0.08820808929872248,0.18006449433520072,0.4898694194232312,2
83369,2025-01-23 14:30:00,80.64892,1.0,0.07859372405123803,0.18027685631823917,0.4359612523556439,2
83371,2025-01-23 14:40:00,80.84892,0.6333333333333333,0.08311972669496157,0.18131383472472576,0.45843014032081764,2
83376,2025-01-23 15:05:00,80.79892,0.6,0.07978333747779803,0.17983911684660897,0.44363728468399904,2
83381,2025-01-23 15:30:00,80.74892,0.2,0.063897705078125,0.178446572585246,0.3580775139158267,2
83382,2025-01-23 15:35:00,80.89892,0.5,0.08111953735351562,0.1789803791617534,0.45323145326563363,2
83384,2025-01-23 15:45:00,80.79892,0.36666666666666664,0.080200536010434,0.17855374728445003,0.4491674760690869,2
83386,2025-01-23 15:55:00,80.94892,0.8333333333333334,0.06309867929671649,0.17855660439583257,0.35338194019884256,2
83389,2025-01-24 09:40:00,81.04892,0.5,0.20173469690119566,0.1775308202066687,1.136336195970652,13
83391,2025-01-24 09:50:00,81.44892,0.4666666666666667,0.15442813738795708,0.18105197702836273,0.8529491912908805,6
83399,2025-01-24 10:30:00,82.29892,0.1,0.11758781045074403,0.19685829535520716,0.5973221003390837,6
83407,2025-01-24 11:10:00,82.79892,0.23333333333333334,0.10918462921891736,0.20162461268496729,0.5415243097801519,5
83409,2025-01-24 11:20:00,82.34892,0.36666666666666664,0.08419181113675073,0.20577198047394177,0.40915099783185727,4
83422,2025-01-24 13:25:00,82.79892,0.36666666666666664,0.08692442634141827,0.1687125728919183,0.5152219828755995,3
83442,2025-01-24 15:05:00,82.64892,0.5333333333333333,0.07184232890893148,0.15371301523271674,0.4673796086828719,4
83452,2025-01-24 15:55:00,82.54892,0.6333333333333333,0.08050890466273006,0.15202104097221464,0.5295905365984497,4
83453,2025-01-24 16:00:00,82.64892,0.43333333333333335,0.07606715980769183,0.15226246677996344,0.49957918991039013,4
83458,2025-01-27 09:55:00,85.54892,0.13333333333333333,0.26984338029728777,0.2852654731373378,0.9459377517004126,3
83461,2025-01-27 10:10:00,85.44892,0.4666666666666667,0.19685721846918564,0.2908099929416023,0.6769272832681393,2
83463,2025-01-27 10:20:00,85.39892,0.23333333333333334,0.20597500572439414,0.2939350549855054,0.7007500542408978,3
83468,2025-01-27 10:45:00,85.39892,0.0,0.12679419719945412,0.293869962989473,0.43146361713733955,2
83469,2025-01-27 10:50:00,85.54892,0.0,0.09367964876835379,0.2940053381545675,0.31863247571070824,2
83476,2025-01-27 11:25:00,85.59892,0.0,0.08490600585937501,0.2972873309908044,0.28560250306125995,2
83479,2025-01-27 11:40:00,85.79892,0.0,0.11263122558593752,0.2969525178842026,0.3792903538533334,2
83482,2025-01-27 11:55:00,85.69892,0.0,0.06918929847898019,0.2972924790165198,0.2327314122034534,2
83489,2025-01-27 13:30:00,85.54892,0.23333333333333334,0.11778083298401068,0.29576475125147816,0.3982247123284338,2
83492,2025-01-27 13:45:00,85.64892,0.7666666666666667,0.12211774913553153,0.29286746125552926,0.41697274464022066,2
83495,2025-01-27 14:00:00,85.64892,0.3333333333333333,0.13691634141535786,0.2870944480831905,0.47690348012471495,2
83496,2025-01-27 14:05:00,85.69892,0.6333333333333333,0.1399079122279754,0.28589249183221305,0.4893724607153577,2
83499,2025-01-27 14:20:00,85.59892,0.06666666666666667,0.07391090287787859,0.2855818341232971,0.25880813849654144,2
83505,2025-01-27 14:50:00,85.64892,0.13333333333333333,0.10171429763976816,0.2829464039052446,0.3594825600746319,2
83508,2025-01-27 15:05:00,85.44892,0.7333333333333333,0.048814261031202025,0.28002397611866375,0.17432171954631612,4
83509,2025-01-27 15:10:00,85.44892,1.0,0.01624950217108574,0.27916640968698336,0.05820722553728999,2
83510,2025-01-27 15:15:00,85.39892,0.6666666666666666,0.07439143933131515,0.2786981996005091,0.2669247215731897,4
83514,2025-01-27 15:35:00,85.04892,0.6666666666666666,0.07859041604947146,0.2787137582628373,0.28197537336982775,4
83518,2025-01-27 15:55:00,85.29892,0.0,0.07773215189467336,0.27852516534019467,0.27908484247637083,5
83520,2025-01-28 09:35:00,85.29892,0.9,0.8298862513895653,0.2778310325442931,2.987017842426443,16
83525,2025-01-28 10:00:00,86.34892,0.8,0.13303222656250002,0.29044136782501734,0.45803470613954744,2
83526,2025-01-28 10:05:00,85.94892,0.7,0.153804348264908,0.29360336931933523,0.5238507603692517,8
83529,2025-01-28 10:20:00,85.99892,0.2,0.12954583450062854,0.29258513394576435,0.44276287299218037,6
83536,2025-01-28 10:55:00,86.44892,0.8333333333333334,0.11923694191542458,0.2915117214915427,0.4090296654465192,2
83537,2025-01-28 11:00:00,86.34892,0.36666666666666664,0.15404061876616684,0.29181082186858076,0.5278783623574461,2
83548,2025-01-28 11:55:00,86.34892,0.0,0.031123385062307253,0.2922475522091986,0.10649664925175592,2
83551,2025-02-03 09:40:00,89.34892,0.8,0.74336425135203,0.41551877387638014,1.7890028034525975,9
83557,2025-02-03 10:10:00,89.74892,0.06666666666666667,0.1939214416697046,0.3481816863148207,0.5569547431462656,4
83558,2025-02-03 10:15:00,89.39892,0.8333333333333334,0.17386350127171976,0.3461383450336918,0.5022948302789064,3
83559,2025-02-03 10:20:00,89.84892,0.0,0.15269048514426867,0.3475811735067199,0.4392944635170715,3
83562,2025-02-03 10:35:00,91.09892,0.0,0.2613429281511989,0.35599934998547766,0.7341106891399097,4
83565,2025-02-03 10:50:00,91.14892,0.9,0.0312744140625,0.35576139014468927,0.08790839851896406,2
83566,2025-02-03 10:55:00,90.74892,0.43333333333333335,0.29394822035794904,0.3585360614164022,0.8198567786925033,4
83571,2025-02-03 11:20:00,91.14892,0.23333333333333334,0.26308857195814844,0.361978544230196,0.726807088850107,4
83582,2025-02-03 13:15:00,90.74892,0.13333333333333333,0.17013070733244479,0.36899945238111875,0.46105951170010506,2
83587,2025-02-03 13:40:00,90.94892,0.03333333333333333,0.0914358846914508,0.37030501412948724,0.2469204607083115,2
83588,2025-02-03 13:45:00,90.69892,1.0,0.0,0.37151880411911936,0.0,1
83589,2025-02-03 13:50:00,90.69892,1.0,0.0,0.37152292355418987,0.0,1
83595,2025-02-03 14:20:00,91.49892,0.0,0.0,0.3726129687041033,0.0,1
83599,2025-02-03 14:40:00,91.34892,1.0,0.0,0.3724931514028909,0.0,1
83605,2025-02-03 15:10:00,91.49892,1.0,0.0,0.37206628862380553,0.0,1
83610,2025-02-03 15:35:00,91.64892,1.0,0.0,0.3715126248808686,0.0,1
83611,2025-02-03 15:40:00,91.59892,0.9666666666666667,0.10337123607445077,0.37107157375043986,0.27857492566642134,2
83612,2025-02-03 15:45:00,91.84892,0.9333333333333333,0.14392995529394856,0.37091206178251707,0.3880433399826759,2
83614,2025-02-03 15:55:00,91.74892,0.8666666666666667,0.19759063704533567,0.37052468471818695,0.5332725326940602,2
83615,2025-02-03 16:00:00,92.04892,0.7666666666666667,0.24712354883327373,0.37118497804976325,0.6657692618157163,2
83619,2025-02-04 09:50:00,94.49892,0.5666666666666667,0.3833451673118255,0.4453468799546696,0.8607788323359197,4
83625,2025-02-04 10:20:00,95.34892,0.5666666666666667,0.39158930411499454,0.43846005481852285,0.8931014349233525,4
83629,2025-02-04 10:40:00,95.79892,0.3333333333333333,0.38910530607207067,0.43837278299144733,0.8876128290101033,4
83630,2025-02-04 10:45:00,95.69892,0.0,0.23000178746958377,0.43879850518226327,0.5241626504038526,3
83633,2025-02-04 11:00:00,95.29892,0.8666666666666667,0.2158695929025754,0.445044360952926,0.4850518551462081,2
83649,2025-02-04 13:20:00,93.64892,0.9333333333333333,0.13123624254076346,0.4671719901719106,0.2809163333882046,2
83650,2025-02-04 13:25:00,93.64892,1.0,0.0,0.36178893790192845,0.0,1
83654,2025-02-04 13:45:00,93.99892,0.0,0.0,0.36114678074874074,0.0,1
83656,2025-02-04 13:55:00,94.04892,0.0,0.0,0.3545979701530877,0.0,1
83658,2025-02-04 14:05:00,93.69892,0.5,0.286529541015625,0.3515158771616798,0.8151254598489606,2
83660,2025-02-04 14:15:00,94.14892,0.0,0.2640980551495165,0.3403583280160074,0.7759412166847162,2
83662,2025-02-04 14:25:00,94.09892,0.9,0.17471466064453126,0.3405066835626904,0.5131020008667897,2
83665,2025-02-04 14:40:00,94.69892,0.0,0.0,0.3390405206541606,0.0,1
83673,2025-02-04 15:20:00,94.99892,0.0,0.0,0.33035245050851975,0.0,1
83675,2025-02-04 15:30:00,95.34892,0.0,0.0,0.33209442247382087,0.0,1
83679,2025-02-04 15:50:00,95.44892,0.0,0.0,0.32953065100850076,0.0,1
83691,2025-02-05 10:20:00,94.59892,0.0,0.12246263270567997,0.36752341679360234,0.3332104217306344,4
83692,2025-02-05 10:25:00,94.44892,0.0,0.1272378198859089,0.36760114107341657,0.3461301004517209,4
83695,2025-02-05 10:40:00,94.34892,0.8333333333333334,0.07482817042735834,0.3665852651941757,0.204122144374032,3
83697,2025-02-05 10:50:00,94.79892,0.0,0.06793150405057546,0.36774266808685635,0.1847256517824874,3
83700,2025-02-05 11:05:00,95.24892,0.0,0.04382732242785604,0.36864673920253377,0.1188870475910473,2
83701,2025-02-05 11:10:00,94.94892,0.0,0.06541781059492355,0.3698211415910087,0.176890402515901,3
83703,2025-02-05 11:20:00,95.09892,0.0,0.13348362979889386,0.36977009819319423,0.36099087095234106,3
83705,2025-02-05 11:30:00,95.29892,0.0,0.04488048194748047,0.37071395144028546,0.1210649930306435,2
83706,2025-02-05 11:35:00,95.69892,0.0,0.06388534383983074,0.37245480172584716,0.17152509121591306,2
83711,2025-02-05 12:00:00,95.54892,0.0,0.0,0.3742563963639975,0.0,1
83713,2025-02-05 13:10:00,95.04892,0.6333333333333333,0.1646880462796219,0.3762521183537134,0.4377066287366367,4
83714,2025-02-05 13:15:00,95.54892,0.0,0.07399895431452118,0.3782103341144129,0.19565555893069717,3
83716,2025-02-05 13:25:00,95.34892,0.8666666666666667,0.08862751965230622,0.29399405927170064,0.301460239951309,2
83718,2025-02-05 13:35:00,95.09892,0.4666666666666667,0.16288732411754892,0.2832239296152488,0.5751185090144977,4
83720,2025-02-05 13:45:00,94.74892,1.0,0.1567736476638188,0.2820606465746102,0.5558153878171349,4
83721,2025-02-05 13:50:00,94.64892,0.8,0.11152038574218749,0.28005949926808926,0.3982024749513448,2
83722,2025-02-05 13:55:00,94.84892,0.16666666666666666,0.1748747048141372,0.28005949926808926,0.6244198296117675,4
83723,2025-02-05 14:00:00,94.94892,0.0,0.1217535277497116,0.27951248973008475,0.43559244120820734,3
83724,2025-02-05 14:05:00,94.99892,0.0,0.15502033274558605,0.2788189852357714,0.555989157676977,4
83733,2025-02-05 14:50:00,95.59892,0.0,0.14747908234912008,0.2722723478522174,0.5416601557686205,4
83737,2025-02-05 15:10:00,95.54892,0.0,0.049221038818359375,0.2702081562599796,0.18215970790682412,2
83739,2025-02-05 15:20:00,95.74892,0.26666666666666666,0.1839108213239207,0.27046197256587523,0.6799877246296662,4
83742,2025-02-05 15:35:00,95.89892,0.0,0.15502758648050677,0.2696288644005062,0.5749665816573298,4
83746,2025-02-05 15:55:00,95.64892,0.23333333333333334,0.14997634734692827,0.2561457631394445,0.585511723905743,4
83749,2025-02-06 09:40:00,95.84892,0.03333333333333333,0.2667561815039504,0.24269345321504976,1.0991486501598327,7
83751,2025-02-06 09:50:00,95.69892,0.03333333333333333,0.14645110085829338,0.24037008503093282,0.6092734078762206,3
83754,2025-02-06 10:05:00,94.74892,0.4666666666666667,0.2055011230156574,0.24832876760192737,0.8275365154031491,2
83756,2025-02-06 10:15:00,95.14892,0.16666666666666666,0.184593580219961,0.2520713091638582,0.7323069842112276,4
83765,2025-02-06 11:00:00,95.69892,0.0,0.05523814832839027,0.2635579820786227,0.20958632287567003,2
83767,2025-02-06 11:10:00,95.84892,0.0,0.1486130514496722,0.2655538073719409,0.5596344218161454,2
83771,2025-02-06 11:30:00,95.89892,0.0,0.11846008300781252,0.2664082770190884,0.444656165841742,2
83776,2025-02-06 11:55:00,95.89892,0.4,0.14576362682922542,0.26379982548076386,0.5525539168328768,2
83780,2025-02-06 13:15:00,95.84892,0.0,0.1690945536994008,0.26437645258757003,0.6395976345260598,2
83781,2025-02-06 13:20:00,96.14892,0.0,0.14465728990926718,0.2660115920891488,0.5438006997108156,2
83786,2025-02-06 13:45:00,95.84892,0.9,0.12128906249999998,0.23401884521622468,0.5182875865742069,2
83788,2025-02-06 13:55:00,96.14892,0.0,0.15068392249498855,0.2163019935012462,0.6966367718387227,2
83789,2025-02-06 14:00:00,96.09892,0.0,0.159954833984375,0.21102289007764272,0.757997551476629,2
83790,2025-02-06 14:05:00,96.14892,0.0,0.12004852294921875,0.2075161506001944,0.5785020712942344,2
83791,2025-02-06 14:10:00,95.94892,0.8666666666666667,0.13487213683312949,0.20797903758182454,0.6484890900606614,2
83798,2025-02-06 14:45:00,96.29892,0.0,0.16288605170868198,0.20857179496209205,0.7809591500053329,2
83800,2025-02-06 14:55:00,96.29892,0.0,0.17225504078815235,0.2053351758351741,0.8388968918137255,2
83801,2025-02-06 15:00:00,96.54892,0.0,0.15438232421875,0.20666256895332372,0.7470260579873969,2
83803,2025-02-06 15:10:00,96.59892,0.0,0.11620330810546875,0.2047529811441578,0.5675292611425031,2
83804,2025-02-06 15:15:00,96.44892,0.0,0.09679574483545747,0.20509030812370702,0.47196645088207634,2
83810,2025-02-06 15:45:00,96.04892,0.03333333333333333,0.06791303955612003,0.20194695641879787,0.33629147356537464,2
83821,2025-02-07 10:10:00,97.39892,0.0,0.22101791074173247,0.20540224595809195,1.0760248005604893,4
83822,2025-02-07 10:15:00,97.04892,0.0,0.15836829392423757,0.2086622747493704,0.7589694596901034,2
83823,2025-02-07 10:20:00,97.14892,0.0,0.1662596165450516,0.2087918126226791,0.7962937552800974,2
83830,2025-02-07 10:55:00,97.84892,0.0,0.13345647852319956,0.21524870949222444,0.6200105860705311,2
83834,2025-02-07 11:15:00,98.24892,0.0,0.13070297987383203,0.21507799758790827,0.6077003753971167,2
83840,2025-02-07 11:45:00,98.34892,0.0,0.12079150468741018,0.21781089870138096,0.5545705261196112,2
83841,2025-02-07 11:50:00,98.74892,0.4,0.1932111996425479,0.22066141496667882,0.8756002931990803,4
83847,2025-02-07 13:20:00,98.44892,0.0,0.11327819824218752,0.2232780244822876,0.5073414569339929,2
83850,2025-02-07 13:35:00,98.14892,0.1,0.08259201049804688,0.22183506219003313,0.37231269792371746,2
83855,2025-02-07 14:00:00,97.69892,0.16666666666666666,0.143857141267906,0.21038248433587714,0.6837885849766706,2
83857,2025-02-07 14:10:00,97.69892,0.0,0.12923906473864524,0.20675018307170637,0.6250977039948824,2
83858,2025-02-07 14:15:00,97.79892,0.0,0.0,0.203391808418787,0.0,1
83859,2025-02-07 14:20:00,97.74892,0.0,0.113067626953125,0.20352470082657476,0.5555474421233566,2
83862,2025-02-07 14:35:00,97.64892,0.0,0.09251756398550842,0.20466451205234248,0.4520449737854273,2
83863,2025-02-07 14:40:00,97.84892,0.0,0.17436098011803577,0.20463833780866195,0.8520445483732589,2
83868,2025-02-07 15:05:00,98.24892,0.0,0.17466613481175844,0.1923042389398995,0.9082802114744154,2
83870,2025-02-07 15:15:00,98.14892,0.0,0.16866152503995108,0.19165319152535717,0.8800350450602117,2
83872,2025-02-07 15:25:00,98.14892,0.0,0.12713833343269118,0.19021170254890396,0.6684043711769183,2
83882,2025-02-10 09:45:00,101.24892,0.2,0.4185501290806347,0.526830380648737,0.7944684749676616,5
83884,2025-02-10 09:55:00,101.74892,0.8333333333333334,0.3214785587005789,0.5271280617364767,0.6098680416321552,2
83894,2025-02-10 10:45:00,102.04892,0.0,0.10194327621840724,0.5584191579117485,0.18255691047497724,3
83895,2025-02-10 10:50:00,102.24892,0.0,0.09569572564238263,0.5585917949526568,0.17131602452286876,3
83904,2025-02-10 11:35:00,102.34892,0.0,0.0,0.5589615519236782,0.0,1
83909,2025-02-10 12:00:00,102.74892,0.0,0.09441146850585938,0.5608125927685067,0.16834762579026238,2
83917,2025-02-10 13:40:00,104.44892,0.0,0.30192871093750007,0.5620733369213952,0.5371696024423308,2
83924,2025-02-10 14:15:00,103.64892,0.03333333333333333,0.13690799851471508,0.5609708522842699,0.24405545842039125,2
83929,2025-02-10 14:40:00,103.44892,0.0,0.0,0.5654017283101322,0.0,1
83930,2025-02-10 14:45:00,103.34892,0.0,0.0,0.5655911758741575,0.0,1
83936,2025-02-10 15:15:00,103.74892,0.0,0.09905192848396403,0.5664834324468926,0.1748540607023844,3
83942,2025-02-10 15:45:00,103.54892,1.0,0.0,0.5681129026668146,0.0,1
83950,2025-02-11 09:55:00,104.64892,0.23333333333333334,0.33698607387330387,0.5714436116055298,0.5897101079256214,3
83955,2025-02-11 10:20:00,104.34892,0.0,0.11244931157584462,0.5767813863820229,0.19496002164911302,3
83958,2025-02-11 10:35:00,103.94892,0.5333333333333333,0.12408268030059152,0.5800706781363005,0.21390958891294887,4
83963,2025-02-11 11:00:00,103.74892,1.0,0.10026540985984227,0.5817094455068961,0.17236338628208442,3
83965,2025-02-11 11:10:00,103.14892,0.7,0.1442453589239008,0.5838091111462047,0.24707623805442305,3
83968,2025-02-11 11:25:00,103.34892,0.0,0.15975839406773187,0.5862263735841338,0.27251997055503296,3
83975,2025-02-11 12:00:00,103.64892,0.13333333333333333,0.10431450091460916,0.5910377137057748,0.17649381502334735,3
83983,2025-02-11 13:40:00,105.04892,0.0,0.09754128923419754,0.33363622602039433,0.2923582082127829,3
83987,2025-02-11 14:00:00,104.64892,0.7,0.151450937997505,0.3104183550427293,0.4878929855055049,4
83998,2025-02-11 14:55:00,103.94892,0.03333333333333333,0.15962914982344914,0.28321402266558926,0.5636343438119041,3
83999,2025-02-11 15:00:00,104.14892,0.0,0.14438818092873681,0.2837970421741946,0.5087726772011646,2
84012,2025-02-12 09:35:00,102.94892,0.8666666666666667,1.1989232531489329,0.2777685948895363,4.316266400187263,16
84017,2025-02-12 10:00:00,109.44892,0.0,0.5023526706735911,0.5843344856704592,0.8597005362385843,2
84018,2025-02-12 10:05:00,110.24892,0.0,0.4438530355100736,0.5885622047241146,0.7541310535190199,2
84019,2025-02-12 10:10:00,111.24892,0.0,0.4856050633050511,0.5948165720731176,0.8163946434992035,2
84026,2025-02-12 10:45:00,110.54892,0.9,0.3009933471679688,0.6058046597601935,0.4968488477574874,2
84030,2025-02-12 11:05:00,111.84892,0.0,0.4146175739529465,0.6095806865434586,0.68016848811923,2
84032,2025-02-12 11:15:00,111.04892,1.0,0.0,0.6127209782969556,0.0,1
84033,2025-02-12 11:20:00,110.74892,0.36666666666666664,0.48236868639887,0.6130472709612336,0.7868376701890136,2
84034,2025-02-12 11:25:00,110.54892,0.16666666666666666,0.37009058645544385,0.6136561080915439,0.6030911801830131,2
84039,2025-02-12 11:50:00,110.14892,0.0,0.0,0.6180778284489756,0.0,1
84040,2025-02-12 11:55:00,110.34892,0.0,0.0,0.6180778284489756,0.0,1
84044,2025-02-12 13:15:00,110.14892,0.0,0.0,0.6187311878580893,0.0,1
84049,2025-02-12 13:40:00,110.44892,0.0,0.0,0.619874555737308,0.0,1
84051,2025-02-12 13:50:00,110.44892,0.0,0.0,0.61608378379092,0.0,1
84053,2025-02-12 14:00:00,110.54892,0.0,0.0,0.616606893255436,0.0,1
84054,2025-02-12 14:05:00,110.64892,0.0,0.0,0.6148752925141423,0.0,1
84056,2025-02-12 14:15:00,110.54892,0.0,0.0,0.6125710918057341,0.0,1
84063,2025-02-12 14:50:00,111.54892,0.0,0.0,0.615517132726232,0.0,1
84065,2025-02-12 15:00:00,111.34892,0.0,0.0,0.614752487058704,0.0,1
84067,2025-02-12 15:10:00,111.34892,0.0,0.0,0.6142543755761924,0.0,1
84071,2025-02-12 15:30:00,110.94892,1.0,0.0,0.61164097573298,0.0,1
84074,2025-02-12 15:45:00,111.64892,0.0,0.0,0.6106259030454355,0.0,1
84082,2025-02-13 09:55:00,115.24892,0.0,0.35229782699937456,0.6876184262305853,0.5123449482449374,2
84086,2025-02-13 10:15:00,116.84892,0.4666666666666667,0.5236280212537279,0.690019511190731,0.7588597318793638,2
84091,2025-02-13 10:40:00,115.94892,0.9333333333333333,0.26231262423126195,0.7014669718967339,0.37394864582430853,2
84097,2025-02-13 11:10:00,114.84892,0.0,0.0,0.7073203022669287,0.0,1
84104,2025-02-13 11:45:00,116.44892,0.7,0.48499671966878827,0.7092822556872779,0.6837852149548529,2
84108,2025-02-13 13:05:00,116.24892,0.03333333333333333,0.19015486733525896,0.7076779499236079,0.2687025466256024,2
84109,2025-02-13 13:10:00,116.84892,0.36666666666666664,0.5109980791701751,0.7092045723170203,0.720522821082088,2
84115,2025-02-13 13:40:00,118.14892,0.9666666666666667,0.2021491080021911,0.4950814089311355,0.40831488388672155,2
84121,2025-02-13 14:10:00,120.54892,0.0,0.39467294898453925,0.4830416670610637,0.8170577734749468,2
84122,2025-02-13 14:15:00,121.94892,0.0,0.5806419590691232,0.4977717925653562,1.1664822469683964,2
84123,2025-02-13 14:20:00,121.04892,0.0,0.0,0.5079171172344942,0.0,1
84127,2025-02-13 14:40:00,120.54892,0.0,0.216980990443716,0.5246208322696124,0.4135958335947388,2
84132,2025-02-13 15:05:00,117.74892,1.0,0.4477981795150716,0.5644792943841165,0.7932942518354875,2
84149,2025-02-14 10:00:00,115.94892,0.0,0.4327886000530433,0.6849155236697595,0.631886101419009,8
84150,2025-02-14 10:05:00,116.34892,0.06666666666666667,0.4507900142050699,0.6856272203145098,0.6574855852401604,7
84160,2025-02-14 10:55:00,117.34892,0.23333333333333334,0.477264069611894,0.6963765592070432,0.6853534388856363,2
84161,2025-02-14 11:00:00,117.94892,0.23333333333333334,0.4827045760341144,0.6921145488425449,0.6974345169327296,2
84167,2025-02-14 11:30:00,118.44892,0.23333333333333334,0.47670904760440774,0.7141878458467276,0.667484122526939,2
84169,2025-02-14 11:40:00,118.84892,0.0,0.15562941110638992,0.7141507007239839,0.21792236701387765,3
84170,2025-02-14 11:45:00,118.64892,0.0,0.1618797800039568,0.714150700723984,0.22667453779692168,3
84173,2025-02-14 12:00:00,117.84892,0.3333333333333333,0.2912727682230866,0.7162734451305339,0.4066502397977423,4
84174,2025-02-14 13:05:00,117.94892,0.5,0.3496149554901845,0.716254926889755,0.4881152538919942,6
84180,2025-02-14 13:35:00,118.94892,0.0,0.12723649876270407,0.652550270027348,0.19498344358568984,3
84181,2025-02-14 13:40:00,119.54892,0.36666666666666664,0.558914719209782,0.6547667664264037,0.8536088693997642,2
84182,2025-02-14 13:45:00,116.64892,0.4666666666666667,0.7608663529068123,0.7168244998145177,1.0614402173805313,9
84193,2025-02-14 14:40:00,119.94892,0.0,0.18332718842044812,0.7324200562951435,0.25030334279455163,4
84196,2025-02-14 14:55:00,120.84892,0.5666666666666667,0.595809454405126,0.7356462398913619,0.8099130017888944,2
84202,2025-02-14 15:25:00,121.84892,0.7,0.5302204261921142,0.7341968369644692,0.7221774863322841,2
84203,2025-02-14 15:30:00,120.94892,1.0,0.5086746415627885,0.7403620090871362,0.6870620525085864,2
84204,2025-02-14 15:35:00,121.14892,0.1,0.34164276123046877,0.7401028781031137,0.46161523125825477,2
84211,2025-02-17 09:40:00,124.44892,0.4,0.7658916338389162,0.772436071095991,0.9915275354143043,2
84213,2025-02-17 09:50:00,125.64892,0.8333333333333334,0.8458286285385767,0.82972773699511,1.0194050298978512,3
84216,2025-02-17 10:05:00,123.04892,0.8,0.7374477264919519,0.8702089085594744,0.8474375741713647,5
84219,2025-02-17 10:20:00,122.44892,0.23333333333333334,0.6025881517242949,0.8838112549949041,0.6818063792679008,6
84225,2025-02-17 10:50:00,122.24892,0.8,0.18199078945988303,0.8972255982219203,0.20283726837547197,4
84227,2025-02-17 11:00:00,122.54892,0.0,0.22464889398928392,0.8953586861245563,0.2509037969594593,4
84228,2025-02-17 11:05:00,122.64892,0.0,0.18445099438608362,0.8880815893232835,0.2076960006868681,4
84229,2025-02-17 11:10:00,122.24892,0.3333333333333333,0.24722843477232326,0.8873574962726152,0.27861198650016183,4
84232,2025-02-17 11:25:00,120.64892,0.26666666666666666,0.3133198310408227,0.8784789890199854,0.3566617243633299,4
84241,2025-02-17 13:10:00,120.54892,0.9333333333333333,0.37039246142081467,0.864215648359069,0.4285880059266434,5
84242,2025-02-17 13:15:00,119.44892,0.8333333333333334,0.40970656425899665,0.8713173703077539,0.47021507687180175,5
84245,2025-02-17 13:30:00,119.34892,0.5666666666666667,0.3229684587802068,0.8373889679500948,0.3856851130614065,2
84247,2025-02-17 13:40:00,117.44892,1.0,0.36892688064553214,0.8447549088552828,0.4367265307110917,5
84253,2025-02-17 14:10:00,118.74892,0.2,0.3544262943738155,0.8413347119553941,0.42126669604546935,5
84255,2025-02-17 14:20:00,120.34892,0.0,0.3908717708448187,0.8478400628456433,0.4610206428945082,4
84256,2025-02-17 14:25:00,119.74892,0.9,0.23208632324279083,0.8501714838092725,0.2729876591519001,4
84260,2025-02-17 14:45:00,121.44892,0.0,0.2639142607829453,0.8490414239948588,0.31083790887515445,3
84264,2025-02-17 15:05:00,121.24892,0.0,0.34810154238080643,0.8356167064351102,0.41658040067900226,3
84265,2025-02-17 15:10:00,121.44892,0.03333333333333333,0.26471082897748666,0.8341624280876095,0.31733727157234765,3
84269,2025-02-17 15:30:00,121.14892,0.16666666666666666,0.32540573596549005,0.8340413276516914,0.39015540978250485,4
84270,2025-02-17 15:35:00,121.24892,0.2,0.183953857421875,0.8339777122979565,0.22057406895803652,2
84275,2025-02-17 16:00:00,119.84892,0.4,0.3506789540760719,0.8307280978355158,0.4221344564963858,3
84279,2025-02-18 09:50:00,121.64892,0.16666666666666666,0.4209825011623406,0.8773028204395257,0.47985996551502,5
84281,2025-02-18 10:00:00,122.44892,0.2,0.377222136947462,0.8257240594934135,0.4568380109680829,4
84282,2025-02-18 10:05:00,123.04892,0.43333333333333335,0.3577652341079457,0.8231771686301702,0.4346151080736294,6
84285,2025-02-18 10:20:00,123.04892,0.3,0.3351604460237859,0.8191240365950831,0.4091693456060373,5
84286,2025-02-18 10:25:00,124.44892,0.0,0.29419777287055815,0.8300719774859084,0.35442441240049277,4
84287,2025-02-18 10:30:00,125.14892,0.0,0.2845777862262437,0.8324654188641915,0.34184937869793935,4
84291,2025-02-18 10:50:00,126.04892,0.0,0.17381413942116167,0.8222681346226388,0.21138377142746714,3
84293,2025-02-18 11:00:00,125.14892,0.16666666666666666,0.4488421512120934,0.8165303197587944,0.5496944085856883,6
84307,2025-02-18 13:10:00,126.14892,0.0,0.30086845522837535,0.8130528853576056,0.3700478291717078,4
84319,2025-02-18 14:10:00,123.54892,0.03333333333333333,0.3131287882546805,0.6488670637989047,0.48257772003623317,4
84323,2025-02-18 14:30:00,123.14892,0.4,0.3012376027059219,0.6105557205774121,0.4933826554291176,2
84326,2025-02-18 14:45:00,122.54892,1.0,0.22950609208148706,0.598989047302101,0.38315574068541414,2
84327,2025-02-18 14:50:00,122.84892,0.2,0.24462890625,0.5996598022043473,0.4079461477169972,2
84329,2025-02-18 15:00:00,123.04892,0.1,0.17859878540039065,0.5982288588615038,0.2985459206035029,2
84330,2025-02-18 15:05:00,123.74892,0.0,0.2867484970574834,0.5965123271425469,0.48070841793175534,2
84335,2025-02-18 15:30:00,123.94892,0.0,0.2802583150987412,0.5787764202860324,0.48422552349357467,2
84336,2025-02-18 15:35:00,123.84892,0.0,0.28599556905865964,0.5749986137156511,0.4973847975224693,2
84344,2025-02-19 09:45:00,121.44892,0.13333333333333333,0.5545266677919305,0.6683724733151416,0.8296671241433187,7
84347,2025-02-19 10:00:00,121.74892,0.16666666666666666,0.4928598629711837,0.6584479622629755,0.7485175613230038,6
84348,2025-02-19 10:05:00,121.84892,0.2,0.4249740175910382,0.6540183686471701,0.6497891159694679,6
84358,2025-02-19 10:55:00,123.04892,0.0,0.17142677004133966,0.6477764468309036,0.2646387822218691,3
84362,2025-02-19 11:15:00,121.84892,0.4666666666666667,0.1832079272528235,0.6426354395237032,0.2850884280341125,3
84363,2025-02-19 11:20:00,122.04892,0.2,0.27998800374904287,0.642859264438255,0.4355354573503778,4
84368,2025-02-19 11:45:00,122.54892,0.6,0.27920025205741567,0.6419682645811344,0.43491285700794835,4
84370,2025-02-19 11:55:00,122.74892,0.7333333333333333,0.21276796037497686,0.6400725650117862,0.33241224824416427,3
84376,2025-02-19 13:25:00,122.34892,0.8333333333333334,0.2856601941400779,0.5747643391039159,0.4970040322707483,4
84379,2025-02-19 13:40:00,122.04892,0.8666666666666667,0.23039804494522445,0.5643437145754338,0.4082583698456838,4
84380,2025-02-19 13:45:00,121.94892,1.0,0.1846327168831615,0.5621699907139669,0.32842862467396083,4
84383,2025-02-19 14:00:00,121.84892,1.0,0.13817849391829018,0.5566325648612875,0.24824004674021213,2
84384,2025-02-19 14:05:00,121.84892,1.0,0.10964266145563605,0.5552818425822709,0.19745407295465695,2
84389,2025-02-19 14:30:00,122.34892,0.7333333333333333,0.2534972044775987,0.5274313782758092,0.4806259447556752,4
84391,2025-02-19 14:40:00,122.04892,1.0,0.1281392354254908,0.5234233885383933,0.24480991532171806,2
84402,2025-02-19 15:35:00,122.64892,0.0,0.12078767784830807,0.5209654102507061,0.23185354626553992,2
84407,2025-02-19 16:00:00,122.54892,0.36666666666666664,0.2028854784737432,0.5137791186461961,0.3948885252642124,4
84409,2025-02-20 09:40:00,120.14892,0.06666666666666667,0.4496376970677626,0.5505226574887997,0.8167469421127511,5
84411,2025-02-20 09:50:00,118.84892,0.7666666666666667,0.3660551913872839,0.5551568817466633,0.6593725186934224,6
84412,2025-02-20 09:55:00,118.84892,0.7666666666666667,0.34509855513228604,0.5452019617200229,0.632973795698674,6
84416,2025-02-20 10:15:00,118.14892,0.8,0.3146038747106708,0.5540070245831006,0.5678698297145517,6
84420,2025-02-20 10:35:00,116.84892,0.7333333333333333,0.3590426838662797,0.5566545603525315,0.6450008846400119,12
84421,2025-02-20 10:40:00,116.54892,0.7,0.37059835159773324,0.5570942878055397,0.6652345208161512,14
84423,2025-02-20 10:50:00,117.54892,0.9,0.2742664571813921,0.5730077876447774,0.4786435072875782,9
84432,2025-02-20 11:35:00,118.34892,0.8666666666666667,0.27900699715919297,0.5719562622455024,0.4878117708927785,4
84436,2025-02-20 11:55:00,118.54892,1.0,0.2571639154188307,0.5707115401630668,0.4506022698355678,3
84441,2025-02-20 13:20:00,119.34892,0.5333333333333333,0.2669029143602998,0.5726729349100882,0.46606517977352035,2
84442,2025-02-20 13:25:00,119.74892,0.0,0.270693733415724,0.42241549875255474,0.6408233935902354,2
84447,2025-02-20 13:50:00,120.44892,0.7333333333333333,0.40425243471337496,0.4373958983818127,0.9242254813292601,3
84448,2025-02-20 13:55:00,119.64892,0.4,0.2794393668424023,0.4432076455106321,0.6304931101097145,4
84450,2025-02-20 14:05:00,120.04892,0.7333333333333333,0.36428740201041476,0.4350874529624297,0.8372739768293695,3
84454,2025-02-20 14:25:00,120.04892,0.7333333333333333,0.33782351929140964,0.42848527709892453,0.7884133652821312,3
84459,2025-02-20 14:50:00,119.84892,0.23333333333333334,0.2128860858241385,0.4226159297267081,0.5037341729210373,3
84462,2025-02-20 15:05:00,119.44892,0.2,0.2550008750581518,0.42177735008846634,0.6045864601422202,4
84464,2025-02-20 15:15:00,119.24892,0.26666666666666666,0.21040306719404095,0.41996642579620763,0.5009997330028017,3
84466,2025-02-20 15:25:00,119.54892,0.6333333333333333,0.2235166217454082,0.4192953505109571,0.5330767953258456,2
84470,2025-02-20 15:45:00,119.34892,0.23333333333333334,0.19227317625622678,0.4196747857852504,0.4581480297808834,2
84472,2025-02-20 15:55:00,119.24892,0.8666666666666667,0.1847601386197273,0.41754452977309436,0.4424920587994081,3
84473,2025-02-20 16:00:00,119.04892,0.6333333333333333,0.22080544055470952,0.4176544764610923,0.5286796933811369,7
84478,2025-02-21 09:55:00,129.74892,0.8666666666666667,0.7665320944009816,1.1605080353501365,0.6605142498386161,3
84481,2025-02-21 10:10:00,129.34892,0.8,0.6641384378939511,1.1617496629477664,0.5716708677227407,3
84482,2025-02-21 10:15:00,130.34892,0.16666666666666666,0.6113589408521423,1.1654114547188559,0.524586349633595,3
84483,2025-02-21 10:20:00,130.94892,0.13333333333333333,0.4232711096670575,1.1665088003735082,0.3628529073518596,3
84489,2025-02-21 10:50:00,131.94892,0.6666666666666666,0.5046580470913389,1.1680926175728712,0.432035987129125,2
84493,2025-02-21 11:10:00,132.74892,0.8666666666666667,0.3664038486945401,1.1668830968079713,0.3140021907051736,2
84494,2025-02-21 11:15:00,133.04892,0.8666666666666667,0.36485812541262824,1.1670090013289256,0.3126437970890952,2
84496,2025-02-21 11:25:00,133.04892,0.9,0.3206771850585937,1.1675212227321814,0.2746649729485509,2
84498,2025-02-21 11:35:00,133.84892,0.0,0.3975228168923004,1.1678663646710727,0.34038382208589585,2
84504,2025-02-21 13:05:00,134.34892,0.23333333333333334,0.7268481348456427,1.167606862400169,0.6225110165518478,3
84517,2025-02-21 14:10:00,134.94892,0.9333333333333333,0.2536877507383931,1.146446402204321,0.2212818237735466,2
84521,2025-02-21 14:30:00,135.04892,0.9333333333333333,0.25403030970324675,1.1402273261371478,0.22278917885948973,2
84525,2025-02-21 14:50:00,135.74892,0.0,0.25309778807670086,1.138760659313484,0.22225722851128699,2
84526,2025-02-21 14:55:00,135.74892,0.0,0.0,1.136877549337452,0.0,1
84533,2025-02-21 15:30:00,135.84892,0.9333333333333333,0.25868530541453466,1.1384541937335315,0.22722504501141394,2
84534,2025-02-21 15:35:00,136.74892,0.0,0.2599261301094488,1.1404152239299177,0.22792236078165698,2
84536,2025-02-21 15:45:00,136.74892,0.0,0.0,1.141527660395943,0.0,1
84537,2025-02-21 15:50:00,136.24892,0.9,0.31792144775390624,1.142926503208118,0.27816438490272305,2
84550,2025-02-24 10:25:00,137.04892,0.7,0.5110645941054268,1.1759666931948898,0.43459104502097445,2
84551,2025-02-24 10:30:00,136.54892,0.03333333333333333,0.20108910089141172,1.1769519082386943,0.17085583487632988,2
84554,2025-02-24 10:45:00,136.64892,0.03333333333333333,0.402149816869604,1.1777613180408153,0.341452729606176,3
84560,2025-02-24 11:15:00,135.44892,0.8333333333333334,0.31743821879067297,1.1823369318197174,0.2684837208815836,2
84561,2025-02-24 11:20:00,135.94892,0.8,0.3428588867187499,1.1827036310030838,0.2898941693685017,2
84562,2025-02-24 11:25:00,135.94892,0.9666666666666667,0.15506233218460008,1.1822463180294687,0.1311590738916854,2
84563,2025-02-24 11:30:00,135.14892,0.43333333333333335,0.4307506329331669,1.186099471344147,0.3631656900116639,2
84583,2025-02-24 14:10:00,133.54892,0.0,0.33787407087862864,0.5169921563284421,0.6535380986785788,4
84584,2025-02-24 14:15:00,134.04892,0.03333333333333333,0.2811989064983801,0.5191290297170345,0.5416744015484075,5
84587,2025-02-24 14:30:00,135.24892,0.26666666666666666,0.43567812670669986,0.5173748811807237,0.8420936975378857,2
84591,2025-02-24 14:50:00,134.74892,0.16666666666666666,0.26230000471620835,0.5196496037155919,0.5047632151371121,6
84593,2025-02-24 15:00:00,135.44892,0.0,0.12153758367373597,0.5212825886120532,0.2331510515195553,3
84594,2025-02-24 15:05:00,135.64892,0.0,0.13664459266225135,0.5205382849624239,0.26250632587402345,4
84602,2025-02-24 15:45:00,134.74892,0.3333333333333333,0.22152474462286204,0.5221118223378953,0.42428601526570636,6
84608,2025-02-25 09:45:00,125.04892,0.8666666666666667,0.6925900146516564,0.9340884172866344,0.7414608744036361,10
84610,2025-02-25 09:55:00,127.04892,0.23333333333333334,0.6107239457942292,0.9464425468782418,0.645283697154834,14
84611,2025-02-25 10:00:00,126.54892,0.7,0.7194883254312164,0.9473735165924906,0.7594558142379463,12
84615,2025-02-25 10:20:00,126.74892,0.3333333333333333,0.5259644316003392,0.9500191976322421,0.5536355822189849,9
84621,2025-02-25 10:50:00,129.04892,0.6,0.42017409384085125,0.9692707396586848,0.433495076916084,5
84622,2025-02-25 10:55:00,128.64892,0.3,0.4583054262336308,0.9698305884371456,0.47256235439240674,4
84628,2025-02-25 11:25:00,130.14892,0.7666666666666667,0.33502693898022695,0.9794001066579163,0.3420736190477512,5
84630,2025-02-25 11:35:00,130.14892,0.7666666666666667,0.38790942239689535,0.9801061683379824,0.3957830640477386,5
84633,2025-02-25 11:50:00,130.14892,0.1,0.3208118894183791,0.9810322331219513,0.3270146266218546,3
84637,2025-02-25 13:10:00,130.94892,0.9666666666666667,0.20814925724477237,0.9818649446402058,0.21199377611046752,4
84641,2025-02-25 13:30:00,130.04892,0.9,0.3169129219998163,0.9828277637628777,0.32245011148899166,5
84645,2025-02-25 13:50:00,129.44892,0.9333333333333333,0.42549839538819884,0.9539343883431091,0.4460457664465247,3
84652,2025-02-25 14:25:00,129.64892,0.7666666666666667,0.30570186112985037,0.9390789088360518,0.3255337312481597,3
84654,2025-02-25 14:35:00,129.34892,0.8,0.40227538083474934,0.940404582885628,0.4277684181422945,3
84664,2025-02-25 15:25:00,128.54892,0.43333333333333335,0.2745120370846549,0.9361527662922036,0.2932342316007971,2
84675,2025-02-26 09:50:00,132.54892,0.2,0.41970896654572004,1.002993173756115,0.4184564536705165,9
84678,2025-02-26 10:05:00,134.64892,0.06666666666666667,0.4434366872413266,1.0238070120280305,0.4331252687583526,7
84682,2025-02-26 10:25:00,134.14892,0.0,0.3489391137370878,1.0291526554627812,0.3390547669336573,6
84686,2025-02-26 10:45:00,133.84892,0.0,0.30632479866713536,1.026616498283313,0.2983828909620734,5
84687,2025-02-26 10:50:00,134.04892,0.0,0.26507928551131194,1.026616498283313,0.25820672661560773,4
84692,2025-02-26 11:15:00,135.94892,0.6,0.2619980033565835,1.0450821568761723,0.2506960832052811,6
84702,2025-02-26 13:05:00,134.84892,0.0,0.2713979897373585,1.0470212240094117,0.2592096354055559,8
84711,2025-02-26 13:50:00,136.24892,0.2,0.24166616826941215,0.6611402405787103,0.36552935888137217,5
84713,2025-02-26 14:00:00,136.24892,0.16666666666666666,0.22258982891429302,0.6552621092300935,0.339695864874328,4
84714,2025-02-26 14:05:00,136.34892,0.3333333333333333,0.27943714858276875,0.6549661947409503,0.42664362042882326,6
84720,2025-02-26 14:35:00,135.84892,0.26666666666666666,0.2408777712374406,0.6307997912937608,0.3818608924131125,4
84728,2025-02-26 15:15:00,136.84892,0.3,0.2898049348400046,0.6143490478354018,0.47172683975193525,4
84737,2025-02-26 16:00:00,134.74892,0.5333333333333333,0.27144478930496113,0.615502213811298,0.4410135060670655,5
84746,2025-02-27 10:15:00,135.04892,0.13333333333333333,0.3744967207850969,0.6622920443158619,0.5654555629940362,9
84760,2025-02-27 11:25:00,132.94892,0.4,0.4081283680237999,0.6933105527090313,0.58866602625488,3
84774,2025-02-27 13:35:00,132.84892,0.7,0.30833300488505233,0.6037683925223306,0.5106809311380912,3
84781,2025-02-27 14:10:00,133.84892,0.9666666666666667,0.279232160031427,0.5747998413948857,0.48579025240126217,5
84788,2025-02-27 14:45:00,135.74892,0.13333333333333333,0.2618684606163506,0.555381056157867,0.47151133030708653,4
84794,2025-02-27 15:15:00,134.54892,0.9333333333333333,0.20790780699062483,0.5486606113828594,0.37893700163131494,3
84795,2025-02-27 15:20:00,133.74892,0.4,0.4259269211544978,0.5542684815482415,0.768448748817096,3
84798,2025-02-27 15:35:00,133.64892,0.5666666666666667,0.43266022917196545,0.5509672788404248,0.7852739097003175,3
84801,2025-02-27 15:50:00,133.74892,0.3333333333333333,0.39526665567904573,0.5510117212430706,0.7173470916141904,3
84809,2025-02-28 10:00:00,128.94892,0.8,0.4328007571411082,0.6885185176952509,0.6285971197838903,12
84812,2025-02-28 10:15:00,130.04892,0.03333333333333333,0.34856209856413334,0.7086173560463171,0.49189043365930535,13
84818,2025-02-28 10:45:00,130.14892,0.6333333333333333,0.21723690515721497,0.713235749356256,0.30457938396005263,9
84820,2025-02-28 10:55:00,129.44892,0.6333333333333333,0.3659608036855035,0.7130039660811035,0.5132661543202073,15
84834,2025-02-28 13:05:00,128.04892,0.13333333333333333,0.3722774956561019,0.7000211345505706,0.5318089373046037,8
84836,2025-02-28 13:15:00,127.74892,0.0,0.20831596809104774,0.7029882142283361,0.2963292468846214,4
84837,2025-02-28 13:20:00,128.04892,0.0,0.22005901578276227,0.7034481516871233,0.31282904824610186,4
84842,2025-02-28 13:45:00,127.44892,0.0,0.24233246759104005,0.6666804406290588,0.36349119131556146,3
84847,2025-02-28 14:10:00,126.94892,0.06666666666666667,0.24814695175039608,0.6376578150009081,0.3891537842283681,4
84848,2025-02-28 14:15:00,126.64892,0.06666666666666667,0.2694859417446642,0.6289872305786485,0.4284442173758371,3
84849,2025-02-28 14:20:00,126.74892,0.0,0.2191808828319333,0.6288120152764788,0.3485634458424954,3
84852,2025-02-28 14:35:00,126.74892,0.03333333333333333,0.2335335584700405,0.6309501987080037,0.3701299388576896,4
84856,2025-02-28 14:55:00,125.94892,0.5,0.25377002016927763,0.6274573159981913,0.404441885844565,4
84858,2025-02-28 15:05:00,125.84892,0.3,0.2844552846680553,0.6274573159981912,0.45334603233612675,5
84859,2025-02-28 15:10:00,126.34892,0.1,0.26372645036039133,0.6286107819243287,0.41953854108747746,4
84869,2025-02-28 16:00:00,126.34892,0.7666666666666667,0.25698251794105403,0.6189092570831478,0.415218410453553,4
84871,2025-03-03 09:40:00,128.54892,0.6333333333333333,0.6918608898620874,0.6940312820524016,0.9968727746912273,14
84879,2025-03-03 10:20:00,130.34892,0.5333333333333333,0.4086840615881089,0.7773198179498675,0.5257605070021083,13
84880,2025-03-03 10:25:00,131.04892,0.4666666666666667,0.4059992154026296,0.7794119000292165,0.5209045632834328,5
84883,2025-03-03 10:40:00,132.04892,0.26666666666666666,0.39033974087899515,0.7761954256776937,0.5028884839641908,5
84885,2025-03-03 10:50:00,131.54892,0.0,0.21013141969517654,0.7778263135846489,0.27015210982870463,5
84887,2025-03-03 11:00:00,131.64892,0.13333333333333333,0.19027752383396498,0.7774615650001914,0.24474203278964426,9
84888,2025-03-03 11:05:00,130.94892,0.06666666666666667,0.268457196016162,0.7800949348226712,0.34413400732718114,10
84891,2025-03-03 11:20:00,129.84892,0.7333333333333333,0.2820910367554231,0.7897504316629442,0.35719010138612506,10
84898,2025-03-03 11:55:00,129.44892,0.43333333333333335,0.2900935433852991,0.786280429999725,0.3689441226273437,10
84902,2025-03-03 13:15:00,129.64892,0.3333333333333333,0.27848433640500164,0.7901107985415998,0.3524623849199794,11
84904,2025-03-03 13:25:00,130.04892,0.43333333333333335,0.259820732166763,0.6759832631839998,0.38435971172268635,12
84906,2025-03-03 13:35:00,129.54892,0.26666666666666666,0.2991586947196648,0.667764629986583,0.44800021038202575,10
84907,2025-03-03 13:40:00,128.94892,0.6,0.2331434386356301,0.6685846301041256,0.3487119328473349,7
84911,2025-03-03 14:00:00,127.94892,0.4,0.23412355616881228,0.6449920095461116,0.36298675441509387,4
84914,2025-03-03 14:15:00,127.54892,0.4,0.2919898916246035,0.638942984893887,0.4569889622829116,5
84915,2025-03-03 14:20:00,127.14892,0.4666666666666667,0.2344335606611131,0.6382815414777457,0.3672886421223366,4
84917,2025-03-03 14:30:00,127.14892,0.4,0.3671455233372855,0.6384094100491505,0.5750941598887449,6
84922,2025-03-03 14:55:00,127.34892,0.9,0.16295816767155777,0.6453193769408153,0.2525232830355616,4
84923,2025-03-03 15:00:00,127.44892,0.7,0.2170229105477527,0.6453636457704416,0.3362800367979646,4
84926,2025-03-03 15:15:00,128.14892,0.4666666666666667,0.19161116403588668,0.6444666092892072,0.2973174424773035,3
84927,2025-03-03 15:20:00,128.04892,0.23333333333333334,0.20787659419947313,0.6442370078736952,0.3226709916674455,4
84928,2025-03-03 15:25:00,128.24892,0.3333333333333333,0.23594499195299315,0.6442433428033668,0.3662358246905584,6
84933,2025-03-03 15:50:00,128.14892,0.2,0.2074416823783084,0.6467470973872088,0.3207462131895934,4
84939,2025-03-04 09:50:00,122.74892,0.5666666666666667,0.7076926774158148,0.772940486858384,0.9155849505208753,5
84940,2025-03-04 09:55:00,124.14892,0.7,0.5465514260873872,0.7854793819077002,0.6958189338591845,8
84941,2025-03-04 10:00:00,124.24892,0.9666666666666667,0.43886483429720163,0.7837785044294814,0.5599347670508709,9
84944,2025-03-04 10:15:00,124.04892,0.5333333333333333,0.4457704596686868,0.7780715698569194,0.5729170386609295,6
84953,2025-03-04 11:00:00,125.44892,0.5666666666666667,0.34224566484163593,0.7690179671586855,0.44504248204517455,8
84956,2025-03-04 11:15:00,125.84892,0.4666666666666667,0.30320711182873544,0.7700190211477205,0.39376574279529153,8
84959,2025-03-04 11:30:00,126.04892,0.2,0.2287176634699625,0.7746559412826802,0.29525064132503825,8
84963,2025-03-04 11:50:00,125.54892,0.43333333333333335,0.27038542960603096,0.7755063250534711,0.34865664001823315,4
84967,2025-03-04 13:10:00,125.94892,0.2,0.2477326072236244,0.7763544631308711,0.3190972925235361,7
84981,2025-03-04 14:20:00,125.94892,0.8,0.2623994795315432,0.5979917416224644,0.43880117611591746,4
84983,2025-03-04 14:30:00,126.04892,0.4666666666666667,0.276406894762394,0.5898765043452168,0.4685843438860396,3
84992,2025-03-04 15:15:00,125.84892,0.5333333333333333,0.27893840840732625,0.5760286443239827,0.48424398882920755,3
84995,2025-03-04 15:30:00,125.74892,0.13333333333333333,0.26150502813433846,0.5733922706589463,0.4560665385911378,3
84996,2025-03-04 15:35:00,125.64892,0.13333333333333333,0.2723237711690652,0.5734154026155367,0.47491534047900824,3
84999,2025-03-04 15:50:00,126.14892,0.1,0.2802780600990665,0.5725767176030356,0.48950306829168305,6
85006,2025-03-05 09:55:00,128.24892,0.6,0.37569676767914106,0.6427926013371983,0.5844758743295753,11
85010,2025-03-05 10:15:00,127.14892,0.3333333333333333,0.4754647021503949,0.6489582588679191,0.7326583730975601,11
85011,2025-03-05 10:20:00,126.24892,0.4,0.3527046083252459,0.6549521744223249,0.538519638684054,6
85018,2025-03-05 10:55:00,125.54892,0.7333333333333333,0.3012411118210612,0.6555143097637685,0.4595492536686518,4
85019,2025-03-05 11:00:00,125.44892,0.7333333333333333,0.2965274887536597,0.6555687847881505,0.45232093966994424,3
85020,2025-03-05 11:05:00,124.84892,0.9,0.355983986828875,0.652926980193923,0.5452125545848109,4
85022,2025-03-05 11:15:00,125.44892,0.13333333333333333,0.24130025287401066,0.6539668848348242,0.36897931450299215,3
85023,2025-03-05 11:20:00,125.64892,0.5,0.275836038637155,0.6529738583650896,0.422430446645737,6
85024,2025-03-05 11:25:00,125.44892,0.43333333333333335,0.29761556568119935,0.6518102847308324,0.45659844996784743,3
85027,2025-03-05 11:40:00,126.44892,0.5666666666666667,0.3651093307307429,0.6589498281607311,0.554077586983884,8
85028,2025-03-05 11:45:00,126.34892,0.23333333333333334,0.24030524095326003,0.6572071458279287,0.36564611702529665,8
85029,2025-03-05 11:50:00,126.54892,0.5333333333333333,0.26644828080631044,0.657281660870095,0.4053791497142824,8
85030,2025-03-05 11:55:00,126.24892,0.43333333333333335,0.23546321544400192,0.6575687752736402,0.3580815031036357,8
85035,2025-03-05 13:20:00,126.44892,0.43333333333333335,0.23589891458189474,0.6662089031393836,0.35409150713877535,8
85036,2025-03-05 13:25:00,126.54892,0.26666666666666666,0.23262647037981718,0.5312977683380151,0.4378457509947956,7
85040,2025-03-05 13:45:00,126.44892,0.36666666666666664,0.23164737850483277,0.48357999046997446,0.47902597930014185,6
85042,2025-03-05 13:55:00,127.34892,0.16666666666666666,0.3208592814807011,0.48439372612577186,0.6623935533743693,8
85043,2025-03-05 14:00:00,127.54892,0.13333333333333333,0.272852512534186,0.48394697332719405,0.563806630834556,8
85045,2025-03-05 14:10:00,127.54892,0.03333333333333333,0.28385738311239045,0.4865269767780013,0.5834360614332645,8
85049,2025-03-05 14:30:00,127.34892,0.26666666666666666,0.30513882109305557,0.4945803612160947,0.6169650981344418,8
85056,2025-03-05 15:05:00,127.74892,0.6333333333333333,0.2702458345088936,0.48280081068033887,0.5597460247178886,6
85061,2025-03-05 15:30:00,129.14892,0.26666666666666666,0.2394877330850267,0.4746421546619565,0.5045648194808815,14
85063,2025-03-05 15:40:00,128.54892,0.43333333333333335,0.18643823527327788,0.4729214830278641,0.39422661470063336,6
85065,2025-03-05 15:50:00,128.44892,0.4666666666666667,0.20961783724877076,0.47233429232456137,0.443791273797104,8
85066,2025-03-05 15:55:00,127.94892,0.5,0.3176356396383033,0.4752415224308406,0.6683667664677325,7
85067,2025-03-05 16:00:00,128.04892,0.16666666666666666,0.25255005724231916,0.46694206749716866,0.5408595087523369,7
85068,2025-03-06 09:35:00,127.94892,0.43333333333333335,2.936618541187152,0.4666863435442357,6.292488695694605,29
85075,2025-03-06 10:10:00,137.44892,0.26666666666666666,0.5205478448348525,0.9097954621118404,0.5721592011753319,6
85076,2025-03-06 10:15:00,137.14892,0.5333333333333333,0.4546639332503404,0.9097954621118404,0.49974302157428097,7
85077,2025-03-06 10:20:00,136.84892,0.3333333333333333,0.3678275085165278,0.9104748164494352,0.4039952581565508,7
85082,2025-03-06 10:45:00,136.64892,0.16666666666666666,0.3061456571558922,0.9163225277152631,0.3341025107384717,6
85086,2025-03-06 11:05:00,136.74892,0.13333333333333333,0.25867451583334333,0.9197467522956144,0.2812453701931672,8
85089,2025-03-06 11:20:00,137.14892,0.4666666666666667,0.2787364234906303,0.9187578062471897,0.30338400565996054,2
85092,2025-03-06 11:35:00,137.64892,0.43333333333333335,0.2723948804840846,0.9151214123084329,0.29765982613930636,2
85109,2025-03-06 14:00:00,138.14892,0.6,0.26759898013962463,0.8632670957261208,0.3099839915878397,2
85110,2025-03-06 14:05:00,138.14892,0.7666666666666667,0.23252840615966605,0.8572895740257734,0.2712367130137003,2
85112,2025-03-06 14:15:00,138.14892,0.7666666666666667,0.23036640182817872,0.8556837464933265,0.269219092652212,2
85113,2025-03-06 14:20:00,138.34892,0.8666666666666667,0.18509258252262875,0.8534355329831709,0.21687939553634528,2
85115,2025-03-06 14:30:00,138.54892,0.7666666666666667,0.23148935333169754,0.8533171677379101,0.2712817251120837,2
85125,2025-03-06 15:20:00,138.44892,0.13333333333333333,0.22739263837498755,0.8448406590655331,0.269154468283408,5
85129,2025-03-06 15:40:00,138.84892,0.6333333333333333,0.2754701274923341,0.8436115461344454,0.32653669660471046,2
85133,2025-03-06 16:00:00,138.84892,0.8,0.22923583984375,0.8430392832718265,0.27191596452550604,2
85135,2025-03-07 09:40:00,136.44892,0.5333333333333333,0.667820959141895,0.8752488823532459,0.7630069259230038,16
85137,2025-03-07 09:50:00,137.54892,0.8666666666666667,0.468498796328657,0.8834359834321746,0.530314369252343,11
85142,2025-03-07 10:15:00,136.04892,0.6666666666666666,0.30764273170094286,0.8958952523785154,0.34339140751575714,8
85145,2025-03-07 10:30:00,137.14892,0.36666666666666664,0.35711249067604484,0.8953814767911586,0.3988383721716624,10
85147,2025-03-07 10:40:00,137.64892,0.4666666666666667,0.26985642851743397,0.8917103980190614,0.3026278813356009,9
85150,2025-03-07 10:55:00,138.34892,0.13333333333333333,0.34056963542080154,0.890068088360757,0.38263323882112255,8
85153,2025-03-07 11:10:00,138.24892,0.3,0.22587487755797925,0.8910842952852155,0.25348317634268475,7
85157,2025-03-07 11:30:00,139.14892,0.3,0.30250761370114065,0.8954031273871225,0.33784516096552925,2
85159,2025-03-07 11:40:00,139.94892,0.6666666666666666,0.3073667385547115,0.8959351117786972,0.3430680799466574,2
85164,2025-03-07 13:05:00,141.04892,0.13333333333333333,0.340907473739377,0.8948582847927704,0.38096252728813224,3
85170,2025-03-07 13:35:00,142.44892,0.3,0.4016326641340233,0.45961038938386684,0.8738546242882675,2
85172,2025-03-07 13:45:00,141.14892,0.23333333333333334,0.30264244261896023,0.47361567216242556,0.6390042821791793,4
85174,2025-03-07 13:55:00,140.24892,0.3333333333333333,0.34199012970689563,0.4796969590620892,0.7129295344618402,9
85180,2025-03-07 14:25:00,138.74892,0.03333333333333333,0.3125048404639925,0.5166012478702436,0.6049246720799353,7
85182,2025-03-07 14:35:00,138.84892,0.5,0.39748978661113576,0.5213784872691273,0.7623824080143872,8
85185,2025-03-07 14:50:00,137.64892,0.23333333333333334,0.2543071593715562,0.5208948999424388,0.48821203547905395,6
85188,2025-03-07 15:05:00,138.44892,0.03333333333333333,0.2580401826092686,0.5347795665291114,0.4825169074503557,6
85199,2025-03-07 16:00:00,138.44892,0.13333333333333333,0.3104448660037927,0.5443329283668201,0.570321672317768,5
85201,2025-03-10 09:40:00,136.64892,0.3333333333333333,0.6356816155695528,0.5598274691590056,1.1354955778152478,16
85203,2025-03-10 09:50:00,135.04892,0.36666666666666664,0.5086985532507197,0.5756423772757372,0.8837058794353653,13
85209,2025-03-10 10:20:00,132.74892,0.5333333333333333,0.38922853834992627,0.5963309919619209,0.652705533665741,12
85213,2025-03-10 10:40:00,134.14892,0.0,0.2379106848309426,0.6032172358015009,0.39440299565516934,8
85214,2025-03-10 10:45:00,133.84892,0.43333333333333335,0.4370139397698502,0.603582475655039,0.7240335122314147,11
85217,2025-03-10 11:00:00,133.04892,0.5666666666666667,0.27784893497338564,0.6075889819463094,0.45729752057606965,12
85218,2025-03-10 11:05:00,132.74892,0.4,0.30279320797884834,0.6075889819463094,0.49835203892095126,13
85221,2025-03-10 11:20:00,132.94892,0.6333333333333333,0.2616358758682031,0.6092408144258302,0.4294457457102211,9
85230,2025-03-10 13:05:00,132.44892,0.4666666666666667,0.24607562674331118,0.6084112662929144,0.40445606512624993,15
85232,2025-03-10 13:15:00,131.94892,0.5333333333333333,0.2192404054247596,0.6089325891029526,0.36004051901333284,10
85238,2025-03-10 13:45:00,132.74892,0.3,0.272076645074886,0.5465141223705133,0.49784009952890035,7
85243,2025-03-10 14:10:00,133.24892,0.16666666666666666,0.29725359496581855,0.5463292649569422,0.5440923890270567,3
85252,2025-03-10 14:55:00,133.34892,0.5,0.2698205346702653,0.5498160826330627,0.49074689372143854,3
85254,2025-03-10 15:05:00,133.34892,0.5333333333333333,0.2254067529371237,0.5444603734481324,0.41400029080095563,4
85256,2025-03-10 15:15:00,133.24892,0.3,0.20919801027777285,0.5408409448816192,0.38680135492249523,3
85258,2025-03-10 15:25:00,132.64892,0.6,0.1742478345646752,0.5372180225520351,0.3243521759320677,8
85261,2025-03-10 15:40:00,132.84892,0.8,0.20841473670454388,0.5372920876680264,0.3878983917464944,5
85270,2025-03-11 09:55:00,129.94892,0.6333333333333333,0.4311172829776977,0.6412335703833296,0.6723248795598391,10
85271,2025-03-11 10:00:00,130.54892,0.7666666666666667,0.38284917981998995,0.6359995751940213,0.6019645212863484,14
85272,2025-03-11 10:05:00,130.44892,0.36666666666666664,0.4542756609399845,0.6295709294014732,0.7215639092037808,13
85273,2025-03-11 10:10:00,129.74892,0.3,0.5318347761559669,0.6321069756379362,0.8413683073489698,7
85283,2025-03-11 11:00:00,130.54892,0.5,0.3112209185811705,0.6317453066192628,0.4926366928575152,12
85287,2025-03-11 11:20:00,130.54892,0.8333333333333334,0.2645249600234406,0.620683851921672,0.42618308693621804,13
85288,2025-03-11 11:25:00,130.54892,0.5666666666666667,0.3316914192934765,0.6164480208682694,0.5380687552963311,12
85289,2025-03-11 11:30:00,130.94892,0.6666666666666666,0.24557499385552256,0.6155917218774781,0.39892510754782307,11
85296,2025-03-11 13:05:00,129.84892,0.5666666666666667,0.3151573432236624,0.6122828736087275,0.5147250671346725,12
85298,2025-03-11 13:15:00,129.94892,0.7,0.30882735889262763,0.6123328633656676,0.5043455567535085,9
85305,2025-03-11 13:50:00,130.24892,0.43333333333333335,0.290274782181183,0.5719027431992344,0.5075596954779069,7
85306,2025-03-11 13:55:00,130.14892,0.4666666666666667,0.22654929860760553,0.570788409328406,0.39690591978587153,8
85308,2025-03-11 14:05:00,130.34892,0.13333333333333333,0.21900770808598732,0.5624784456639639,0.38936195648788824,10
85309,2025-03-11 14:10:00,130.04892,0.6333333333333333,0.2482767948891696,0.563147392985084,0.4408735581161532,9
85314,2025-03-11 14:35:00,130.64892,0.13333333333333333,0.2536997943063896,0.5583163724244286,0.4544014949888101,10
85316,2025-03-11 14:45:00,130.74892,0.26666666666666666,0.22433118125691776,0.5533786551041767,0.405384593691432,10
85318,2025-03-11 14:55:00,131.04892,0.2,0.16931479724914478,0.5531739585570461,0.306078756293594,11
85323,2025-03-11 15:20:00,131.74892,0.06666666666666667,0.1797969543895316,0.5535593152669608,0.324801605592749,8
85332,2025-03-12 09:35:00,131.64892,0.8333333333333334,3.154875061065033,0.5632470325456355,5.601228020334787,28
85335,2025-03-12 09:50:00,133.44892,0.4666666666666667,0.5334885893200573,0.6655515620496752,0.8015736416831352,13
85336,2025-03-12 09:55:00,134.34892,0.2,0.4898018407404807,0.6700800281748155,0.7309602139234294,9
85343,2025-03-12 10:30:00,134.04892,0.3,0.3419278164817836,0.6645988745972328,0.5144875044951022,5
85348,2025-03-12 10:55:00,134.14892,0.4,0.2979131191032612,0.6586571195257289,0.45230380158613603,3
85361,2025-03-12 12:00:00,133.04892,0.13333333333333333,0.22496019611005372,0.6597359357716363,0.34098520925184583,10
85368,2025-03-12 13:35:00,133.64892,0.7666666666666667,0.21755399635407138,0.5425925664755948,0.40095277708500765,3
85369,2025-03-12 13:40:00,133.94892,0.16666666666666666,0.28856005238341637,0.5363398575641747,0.5380171701091397,3
85372,2025-03-12 13:55:00,133.44892,0.26666666666666666,0.19576058596427764,0.5304059544179275,0.3690769010674233,4
85377,2025-03-12 14:20:00,133.84892,0.7333333333333333,0.20618386444016115,0.5009082659620342,0.4116200079952137,3
85386,2025-03-12 15:05:00,131.84892,0.4666666666666667,0.24637950139775394,0.4945452894962425,0.49819401100498384,15
85387,2025-03-12 15:10:00,131.44892,0.3333333333333333,0.26774449647914805,0.49626705687113404,0.5395169652550067,11
85388,2025-03-12 15:15:00,130.44892,0.8333333333333334,0.20648976911416314,0.5047999378439146,0.4090526833186938,4
85394,2025-03-12 15:45:00,131.24892,0.3,0.3164575009069409,0.5121481075957095,0.6179023142203094,12
85395,2025-03-12 15:50:00,131.84892,0.26666666666666666,0.19186492459175136,0.5154148663362007,0.372253377081676,13
85401,2025-03-13 09:50:00,129.94892,1.0,0.40914523337645153,0.5435901545248198,0.7526722659907379,14
85406,2025-03-13 10:15:00,129.74892,0.6666666666666666,0.3967409562480127,0.557950759563001,0.7110680457873177,9
85409,2025-03-13 10:30:00,129.74892,0.1,0.34891739281440554,0.5642225690611969,0.6184038213766687,9
85410,2025-03-13 10:35:00,129.14892,0.8666666666666667,0.34781951120651733,0.566935782979204,0.6135077757462274,6
85417,2025-03-13 11:10:00,130.44892,0.4666666666666667,0.2048395657350455,0.5778431127854451,0.35448993196030887,5
85420,2025-03-13 11:25:00,129.64892,0.6,0.2215330598951368,0.584180809023075,0.3792200231048437,3
85421,2025-03-13 11:30:00,129.84892,0.13333333333333333,0.19650555343695553,0.5801498246126268,0.33871518201037937,4
85427,2025-03-13 12:00:00,129.04892,0.4,0.1751237249681045,0.5806033894907731,0.301623669682155,3
85430,2025-03-13 13:15:00,128.14892,0.23333333333333334,0.2821580287326529,0.5858986402190652,0.4815816411984761,6
85431,2025-03-13 13:20:00,128.34892,0.8,0.33885023016778837,0.5799686511904207,0.5842561136231722,6
85435,2025-03-13 13:40:00,127.74892,0.5,0.2263496739967502,0.44381268229929666,0.5100117302283521,6
85436,2025-03-13 13:45:00,127.34892,0.9333333333333333,0.23963898403577344,0.44422630091870385,0.5394524897336703,7
85439,2025-03-13 14:00:00,128.34892,0.8666666666666667,0.2760314097806475,0.45468235873201335,0.6070862536880137,6
85440,2025-03-13 14:05:00,128.54892,0.2,0.3445243700003259,0.44903733373637444,0.7672510593575563,8
85441,2025-03-13 14:10:00,128.24892,0.36666666666666664,0.3326774477218195,0.44837791062865706,0.7419577098599317,8
85442,2025-03-13 14:15:00,128.04892,0.7,0.29944831400365046,0.4478496730603231,0.6686357767270632,7
85448,2025-03-13 14:45:00,129.34892,0.13333333333333333,0.18855663649858856,0.45866817220586964,0.41109596855557784,4
85449,2025-03-13 14:50:00,129.44892,0.2,0.20263261931586576,0.45666174013549726,0.44372585112066126,4
85450,2025-03-13 14:55:00,129.24892,0.8,0.16609296879777047,0.4562280865224597,0.36405686915023777,4
85457,2025-03-13 15:30:00,130.04892,0.5666666666666667,0.1629602166646826,0.4526109226265852,0.3600448166805039,5
85467,2025-03-14 09:50:00,131.44892,0.7,0.19444947162538023,0.5317316015358022,0.365691019799747,12
85468,2025-03-14 09:55:00,131.24892,0.6,0.28002485510880387,0.5310211587821901,0.5273327634458012,12
85474,2025-03-14 10:25:00,133.14892,0.43333333333333335,0.24015341045025235,0.5500146087048935,0.4366309669769244,7
85475,2025-03-14 10:30:00,133.04892,0.3,0.23185740129338128,0.5485843613801454,0.4226467570276107,7
85476,2025-03-14 10:35:00,132.74892,0.7,0.23400564171378077,0.5493593861299436,0.425960942184448,13
85482,2025-03-14 11:05:00,132.94892,0.7666666666666667,0.1636456158897094,0.5425305089368081,0.30163394167528784,5
85484,2025-03-14 11:15:00,133.44892,0.6666666666666666,0.19722058443497478,0.5369273607437351,0.36731334413986827,3
85485,2025-03-14 11:20:00,133.64892,0.0,0.16109140154667728,0.5371762377250991,0.29988556870811567,6
85487,2025-03-14 11:30:00,133.84892,0.6666666666666666,0.18205867268308695,0.5286081621802287,0.34441139147793587,3
85493,2025-03-14 12:00:00,134.74892,0.5,0.22654033529461237,0.522873399767545,0.43326039418973294,3
85496,2025-03-14 13:15:00,133.84892,0.7666666666666667,0.2797587817275661,0.5211240235624187,0.5368372385044294,8
85499,2025-03-14 13:30:00,133.24892,0.6333333333333333,0.22239662105605892,0.5052908519019661,0.4401358548624727,12
85502,2025-03-14 13:45:00,133.94892,0.3,0.2022461740798664,0.4933555037664249,0.4099400382398859,8
85507,2025-03-14 14:10:00,134.54892,0.2,0.25281559296197975,0.4742615178867355,0.5330721203957305,3
85511,2025-03-14 14:30:00,134.24892,0.2,0.16516366677785072,0.4716987862227205,0.35014647398279697,5
85516,2025-03-14 14:55:00,134.44892,0.7666666666666667,0.20316590529993958,0.4596703236541618,0.4419817744266514,3
85518,2025-03-14 15:05:00,134.74892,0.6666666666666666,0.2414413969412994,0.45444443321860556,0.5312891506477243,3
85525,2025-03-14 15:40:00,134.44892,0.6333333333333333,0.156666891203887,0.4461445902492069,0.3511572136655881,3
85528,2025-03-14 15:55:00,133.94892,0.9,0.16295240763084487,0.44977292505648553,0.3622992815994431,8
85535,2025-03-17 10:00:00,134.64892,0.3,0.3021925015081785,0.5326863231830112,0.5672991559131064,13
85536,2025-03-17 10:05:00,134.14892,0.7666666666666667,0.21228861697993573,0.5319503035015293,0.3990760331981377,13
85541,2025-03-17 10:30:00,135.94892,0.1,0.24377175670109916,0.5354088021787332,0.45530024106649236,5
85542,2025-03-17 10:35:00,136.14892,0.36666666666666664,0.2543332265045785,0.5305963594711274,0.4793346617720587,8
85543,2025-03-17 10:40:00,135.94892,0.3333333333333333,0.21678783205053195,0.529167615669093,0.40967705814049094,7
85544,2025-03-17 10:45:00,135.34892,0.13333333333333333,0.24726289714286478,0.5334194145407543,0.46354311523465075,8
85547,2025-03-17 11:00:00,135.54892,0.5333333333333333,0.2596830871526939,0.5311671651091343,0.48889145303124876,5
85548,2025-03-17 11:05:00,135.84892,0.23333333333333334,0.3165269020635783,0.5316855475536287,0.5953272634924343,6
85549,2025-03-17 11:10:00,135.34892,0.7666666666666667,0.2747372393207723,0.5340349685344508,0.5144555235301018,4
85551,2025-03-17 11:20:00,134.84892,0.4666666666666667,0.2052307443157867,0.5362085796152242,0.3827442381900294,5
85557,2025-03-17 11:50:00,134.74892,0.5666666666666667,0.14775671693266443,0.53680192862969,0.27525369983272474,4
85558,2025-03-17 11:55:00,134.74892,0.3333333333333333,0.14942494393027592,0.5328069793242319,0.28044854840263933,5
85559,2025-03-17 12:00:00,134.64892,0.16666666666666666,0.12424868648572836,0.5330137548802503,0.23310596649357151,5
85565,2025-03-17 13:30:00,134.14892,0.5666666666666667,0.14345416815800957,0.4546060565661966,0.3155570984724018,12
85567,2025-03-17 13:40:00,134.44892,0.06666666666666667,0.15111709662784886,0.4512224210947904,0.33490600103868284,13
85568,2025-03-17 13:45:00,134.74892,0.0,0.1248757762688048,0.4335793137643397,0.28801137947433914,5
85569,2025-03-17 13:50:00,134.54892,0.26666666666666666,0.18627410023991392,0.4335793137643395,0.4296194359981811,7
85570,2025-03-17 13:55:00,134.54892,0.36666666666666664,0.1365138825041243,0.4332120571504978,0.3151202286521296,6
85571,2025-03-17 14:00:00,134.34892,0.5666666666666667,0.12317181027708475,0.43283505999903943,0.28456985503290355,8
85572,2025-03-17 14:05:00,134.34892,0.9,0.1256352441415126,0.42878520183338403,0.2930027519707444,9
85577,2025-03-17 14:30:00,133.94892,0.43333333333333335,0.20871688703777366,0.42418710558050005,0.49203967846251384,12
85578,2025-03-17 14:35:00,133.94892,0.7333333333333333,0.13359105295748663,0.42366723875100376,0.31532070629610404,10
85584,2025-03-17 15:05:00,134.24892,0.9,0.15829381934058787,0.4232672775517834,0.37398076283187726,7
85587,2025-03-17 15:20:00,133.54892,0.4666666666666667,0.21906627418706798,0.42137801640682304,0.5198806431695017,10
85590,2025-03-17 15:35:00,134.04892,0.0,0.125304737993547,0.4203064167131077,0.29812711158078126,11
85593,2025-03-17 15:50:00,133.34892,0.8666666666666667,0.1563175774212721,0.4205563773914711,0.37169232432246607,13
85594,2025-03-17 15:55:00,133.44892,0.5333333333333333,0.17641830669630762,0.4206994918497159,0.41934518608671995,16
85604,2025-03-18 10:15:00,139.34892,0.6666666666666666,0.4202264737023902,0.7808779876450691,0.5381461385147853,9
85611,2025-03-18 10:50:00,140.84892,0.2,0.3291243765419786,0.7809602998225896,0.42143547708730605,3
85613,2025-03-18 11:00:00,141.04892,0.2,0.3041302086547579,0.7813482261482712,0.38923772842487414,3
85615,2025-03-18 11:10:00,140.64892,0.9333333333333333,0.2729081441310549,0.7849063327744691,0.3476951742335743,3
85619,2025-03-18 11:30:00,140.84892,0.06666666666666667,0.24815170630174752,0.7843562800173477,0.31637625990099694,3
85624,2025-03-18 11:55:00,140.84892,0.4666666666666667,0.22445224619350107,0.7843562800173477,0.28616108764825193,2
85625,2025-03-18 12:00:00,140.14892,0.36666666666666664,0.15606260763649332,0.788062656607785,0.19803324815347131,7
85629,2025-03-18 13:20:00,140.14892,0.13333333333333333,0.22513622533894304,0.7859183067853247,0.28646263026983987,7
85630,2025-03-18 13:25:00,140.04892,0.13333333333333333,0.22311868009199412,0.7358306810291071,0.3032201372467211,7
85633,2025-03-18 13:40:00,140.64892,0.6,0.23467798152140837,0.7251920292148912,0.32360805423561523,2
85635,2025-03-18 13:50:00,140.84892,0.6,0.27133853866435387,0.7209461071815688,0.3763645242847782,3
85638,2025-03-18 14:05:00,140.64892,0.16666666666666666,0.21908238058523924,0.7162036431087198,0.3058939767945058,6
85639,2025-03-18 14:10:00,140.34892,0.5666666666666667,0.20385691220999613,0.7141206974835764,0.28546562636869166,5
85643,2025-03-18 14:30:00,140.84892,0.4666666666666667,0.23991307414055896,0.7104163272509225,0.337707714389031,2
85644,2025-03-18 14:35:00,140.74892,0.23333333333333334,0.22357131060550028,0.710123280826676,0.3148345035882138,4
85645,2025-03-18 14:40:00,140.94892,0.5333333333333333,0.24134420937150278,0.7094275295271917,0.34019572024833905,2
85646,2025-03-18 14:45:00,140.74892,0.13333333333333333,0.18715938279805525,0.7098646099882875,0.26365504092554115,4
85654,2025-03-18 15:25:00,141.04892,0.4,0.24812595529846812,0.7072943369299346,0.3508100409448744,2
85656,2025-03-18 15:35:00,141.14892,0.5666666666666667,0.25095110862973724,0.708150690365601,0.3543752933435358,2
85657,2025-03-18 15:40:00,141.34892,0.6,0.24941917345490575,0.7082486580404935,0.3521632842128808,2
85659,2025-03-18 15:50:00,141.24892,0.7666666666666667,0.21324461827165375,0.7082486580404935,0.3010872182400403,2
85661,2025-03-18 16:00:00,141.04892,0.23333333333333334,0.20507669794567554,0.7097179879976973,0.2889551926452524,5
85665,2025-03-19 09:50:00,139.04892,0.7333333333333333,0.38070337236835555,0.738873526632487,0.5152483593551674,9
85666,2025-03-19 09:55:00,138.94892,0.8666666666666667,0.253409317083704,0.7385862453859239,0.34310050947576654,8
85672,2025-03-19 10:25:00,138.84892,0.4666666666666667,0.2616344763327351,0.7434988443692483,0.35189627840604687,7
85675,2025-03-19 10:40:00,139.44892,0.23333333333333334,0.2331274594255905,0.7439008198355904,0.3133851357726881,8
85690,2025-03-19 11:55:00,139.04892,0.13333333333333333,0.16206023912310238,0.7417182102923147,0.21849300296838292,4
85697,2025-03-19 13:30:00,140.04892,0.0,0.12020756805098914,0.3940093178036139,0.30508813527832407,5
85708,2025-03-19 14:25:00,139.14892,0.13333333333333333,0.16787706692989188,0.3242282636386716,0.5177743144471157,4
85711,2025-03-19 14:40:00,139.74892,0.0,0.19000855615170384,0.32567260656786345,0.5834342598050536,7
85712,2025-03-19 14:45:00,139.54892,0.26666666666666666,0.14555385945534663,0.32609214672277687,0.4463580644862552,5
85714,2025-03-19 14:55:00,139.64892,0.3,0.1211152857897022,0.3192462554441955,0.37937887672694487,4
85722,2025-03-19 15:35:00,139.74892,0.1,0.15569277660337877,0.31670492575736586,0.491602005340006,5
85723,2025-03-19 15:40:00,139.44892,0.36666666666666664,0.1734468909915364,0.31782407337739726,0.5457323894580461,4
85727,2025-03-19 16:00:00,139.24892,0.13333333333333333,0.18324425852879858,0.3110159896562456,0.5891795426059336,5
85731,2025-03-20 09:50:00,135.44892,0.3333333333333333,0.36817229070928165,0.4134954311531524,0.8903902267614566,18
85733,2025-03-20 10:00:00,134.84892,0.4,0.38597973450024764,0.4151207931811327,0.929801014163678,15
85737,2025-03-20 10:20:00,136.34892,0.23333333333333334,0.322052779897472,0.42549118761699356,0.7568964746394894,9
85745,2025-03-20 11:00:00,136.54892,0.03333333333333333,0.1551452231989374,0.42689646015765054,0.3634258835073102,3
85753,2025-03-20 11:40:00,136.04892,0.9666666666666667,0.1869896343965048,0.4328374172509481,0.4320089413344156,5
85754,2025-03-20 11:45:00,135.74892,0.9,0.15313136229872754,0.4333015457720069,0.35340599126157207,6
85758,2025-03-20 13:05:00,135.84892,0.16666666666666666,0.26492745840330356,0.43234683216998215,0.6127660449681386,11
85766,2025-03-20 13:45:00,135.04892,0.5,0.21997400807503967,0.3937865541373459,0.5586122882151953,10
85767,2025-03-20 13:50:00,135.04892,0.3333333333333333,0.13115506774619326,0.3937865541373459,0.3330613154974526,10
85784,2025-03-20 15:15:00,133.64892,0.5,0.19352309852974833,0.37906656414816653,0.5105253716181245,7
85788,2025-03-20 15:35:00,133.34892,0.9666666666666667,0.13230899549223307,0.3787865319841372,0.3492969900465572,4
85792,2025-03-20 15:55:00,133.54892,0.5333333333333333,0.21148144767922983,0.37546420610263076,0.563253285511383,8
85800,2025-03-21 10:05:00,132.24892,0.5666666666666667,0.2954400148723577,0.43960171564859046,0.6720629250421921,8
85802,2025-03-21 10:15:00,132.64892,0.8333333333333334,0.2036153173357559,0.4408810316548608,0.46183732734311433,6
85809,2025-03-21 10:50:00,130.54892,0.5,0.28210424633896686,0.43916283252348975,0.6423682184531812,5
85814,2025-03-21 11:15:00,129.84892,0.5,0.25033688161044204,0.4487918687032358,0.5578017318668882,3
85815,2025-03-21 11:20:00,129.74892,0.9,0.18999158449582962,0.4487918687032358,0.4233400775392876,3
85821,2025-03-21 11:50:00,128.84892,0.23333333333333334,0.22065422947459493,0.4569320064121457,0.48290385960743615,3
85824,2025-03-21 13:05:00,129.14892,0.5666666666666667,0.28570946853764734,0.4597968259025847,0.6213819940509538,4
85825,2025-03-21 13:10:00,129.34892,0.16666666666666666,0.24357176747961037,0.46078102294585743,0.5286063343546822,3
85828,2025-03-21 13:25:00,129.14892,0.6333333333333333,0.2504187200098304,0.40415907348207647,0.6196043499712147,3
85831,2025-03-21 13:40:00,129.24892,0.06666666666666667,0.2220372082444697,0.3735762688530127,0.5943557628170232,3
85832,2025-03-21 13:45:00,128.84892,0.26666666666666666,0.16687713153133016,0.3735762688530127,0.4467016388479152,2
85839,2025-03-21 14:20:00,128.84892,0.0,0.1825864877322125,0.36323209851567834,0.502671675984416,3
85840,2025-03-21 14:25:00,129.24892,0.36666666666666664,0.28234146912623753,0.36626435340313923,0.7708679987633696,3
85847,2025-03-21 15:00:00,129.74892,0.0,0.23019658338920682,0.36371491856330634,0.6329038805955384,3
85850,2025-03-21 15:15:00,129.94892,0.06666666666666667,0.15351223406408232,0.3580120604747324,0.4287906777791829,5
85852,2025-03-21 15:25:00,129.64892,0.3333333333333333,0.24484802376864134,0.3585360614164032,0.6829104520236118,3
85853,2025-03-21 15:30:00,129.24892,0.6666666666666666,0.2536003289342467,0.3593376668546302,0.7057437956729444,3
85859,2025-03-21 16:00:00,128.84892,0.7,0.2693741832968873,0.35606884437779446,0.7565227555013972,3
85863,2025-03-24 09:50:00,129.14892,0.5,0.3451109759695964,0.37894811425661484,0.9107077274856031,5
85865,2025-03-24 10:00:00,128.54892,0.43333333333333335,0.3318949612162099,0.37956956380882917,0.8743982470190085,4
85867,2025-03-24 10:10:00,129.04892,0.3333333333333333,0.2939381367982311,0.3900062656630063,0.7536754218513376,3
85868,2025-03-24 10:15:00,129.94892,0.3333333333333333,0.31112907134959367,0.4013521681787022,0.7752021691111517,9
85869,2025-03-24 10:20:00,129.24892,0.3333333333333333,0.26886973266586395,0.4058218303944376,0.6625314670838103,4
85871,2025-03-24 10:30:00,129.44892,0.2,0.2251356291128658,0.40610080709588153,0.5543836042160603,6
85882,2025-03-24 11:25:00,129.84892,0.16666666666666666,0.1802073291157294,0.41355464714951706,0.4357521559915563,6
85885,2025-03-24 11:40:00,128.94892,0.9333333333333333,0.1793738272123602,0.4156709866541154,0.43152837934685884,3
85887,2025-03-24 11:50:00,129.04892,0.43333333333333335,0.28094585030202346,0.4163724091038611,0.6747465589919613,3
85890,2025-03-24 13:05:00,129.44892,0.06666666666666667,0.20740752242836208,0.41771554544991446,0.49652813903530185,5
85891,2025-03-24 13:10:00,129.54892,0.06666666666666667,0.16212771745449353,0.4165561530820833,0.3892097530066874,4
85895,2025-03-24 13:30:00,129.34892,0.8666666666666667,0.19395769615842068,0.3540947954587896,0.5477564162080263,6
85898,2025-03-24 13:45:00,129.24892,0.0,0.1417790295271677,0.3490976897957236,0.40612995637447635,2
85900,2025-03-24 13:55:00,128.94892,0.3333333333333333,0.2019320409999818,0.34716335589158875,0.5816628903168012,3
85901,2025-03-24 14:00:00,128.94892,0.0,0.25131551522593437,0.34716335589158875,0.7239114121952851,3
85914,2025-03-24 15:05:00,129.74892,0.3333333333333333,0.19316631407392978,0.3305948113520966,0.5842992915826497,6
85918,2025-03-24 15:25:00,130.84892,0.0,0.24313983078158674,0.33283709618778035,0.7305070064798663,5
85923,2025-03-24 15:50:00,131.24892,0.43333333333333335,0.2186811819332082,0.3382285185524224,0.6465486200546823,5
85929,2025-03-25 09:50:00,129.04892,0.7333333333333333,0.3597700720010689,0.38323450636481815,0.9387726471023662,9
85935,2025-03-25 10:20:00,128.04892,0.6666666666666666,0.30583277337582476,0.39534584467829825,0.773582870523624,3
85937,2025-03-25 10:30:00,127.44892,0.36666666666666664,0.2423630870149398,0.39712259630274754,0.6102979011301931,3
85942,2025-03-25 10:55:00,126.14892,0.36666666666666664,0.2988478259694437,0.39579980284256167,0.755047940456699,3
85947,2025-03-25 11:20:00,127.34892,0.06666666666666667,0.2540778275663009,0.398876086567577,0.6369843571037327,3
85948,2025-03-25 11:25:00,126.84892,0.13333333333333333,0.25873468522317533,0.39940523070237416,0.6477999418489773,3
85951,2025-03-25 11:40:00,126.44892,0.8333333333333334,0.3084750749964687,0.39945121010986906,0.7722471911190922,3
85960,2025-03-25 13:25:00,126.64892,0.3333333333333333,0.2300688259096909,0.3840669176124995,0.5990331771866292,3
85962,2025-03-25 13:35:00,127.54892,0.4,0.24951971457448208,0.384735793039681,0.6485482221529283,3
85965,2025-03-25 13:50:00,126.84892,1.0,0.20544601851129599,0.38121110415092346,0.5389297852928199,2
85970,2025-03-25 14:15:00,126.54892,0.7666666666666667,0.3404492656026466,0.36466465160723177,0.9335954666901283,3
85973,2025-03-25 14:30:00,126.74892,0.23333333333333334,0.25593276412683436,0.35795505763061763,0.7149857465931868,3
85974,2025-03-25 14:35:00,126.44892,0.16666666666666666,0.23549159761548288,0.3558510021355078,0.6617702246228545,3
85978,2025-03-25 14:55:00,125.84892,0.36666666666666664,0.24493995186976866,0.35464760104424287,0.6906572923334451,2
85982,2025-03-25 15:15:00,126.24892,0.23333333333333334,0.2615690993352286,0.3556186812649851,0.7355325046614282,3
85992,2025-03-26 09:35:00,125.74892,0.5333333333333333,1.601690690576356,0.3481816863148212,4.600157772594991,24
85993,2025-03-26 09:40:00,128.04892,0.26666666666666666,0.51664570342326,0.4195629366987039,1.231390235487538,13
85998,2025-03-26 10:05:00,128.34892,0.5,0.37386814314696304,0.42159346156215116,0.886797773764448,7
86001,2025-03-26 10:20:00,127.34892,0.43333333333333335,0.31149489177937945,0.42608785732161353,0.7310578943446899,5
86002,2025-03-26 10:25:00,127.34892,0.23333333333333334,0.26679519656023726,0.42514574344940403,0.6275382046533136,3
86005,2025-03-26 10:40:00,127.24892,0.3333333333333333,0.31656183892532314,0.42315878920512073,0.7480923166454044,3
86008,2025-03-26 10:55:00,127.34892,0.0,0.1843151243022288,0.42052483714915273,0.4382978317089401,3
86011,2025-03-26 11:10:00,126.94892,0.3333333333333333,0.2921678612957922,0.4201534548469591,0.6953836935655197,3
86016,2025-03-26 11:35:00,126.44892,0.4,0.23744756144603352,0.41226477990501265,0.5759588813304457,2
86019,2025-03-26 11:50:00,126.44892,0.1,0.22586182809283967,0.40634192978530237,0.5558417961251934,3
86023,2025-03-26 13:10:00,126.44892,0.16666666666666666,0.24946205324917764,0.40410605527233256,0.6173182757211143,3
86024,2025-03-26 13:15:00,126.94892,0.0,0.188720703125,0.40633188586331614,0.46444965234277175,2
86026,2025-03-26 13:25:00,126.54892,0.3,0.17601758831981792,0.3714068753186692,0.47392118998549454,2
86029,2025-03-26 13:40:00,126.44892,0.5333333333333333,0.1894427199854661,0.3674491469917129,0.515561735648113,2
86030,2025-03-26 13:45:00,126.34892,0.3333333333333333,0.18359571821091145,0.3673047290788321,0.49984577838503014,2
86037,2025-03-26 14:20:00,127.04892,0.03333333333333333,0.16021198529151592,0.351883587246656,0.45529826083992336,3
86042,2025-03-26 14:45:00,126.84892,0.0,0.16875636331053337,0.35287383998277655,0.47823427012546527,2
86044,2025-03-26 14:55:00,126.94892,0.0,0.17479860320652557,0.3528969705296434,0.495324748592146,2
86045,2025-03-26 15:00:00,126.74892,0.16666666666666666,0.18749150800518385,0.35290853523456306,0.5312750735273839,4
86047,2025-03-26 15:10:00,127.14892,0.13333333333333333,0.18832281319020333,0.34799702351407635,0.5411621377922095,5
86048,2025-03-26 15:15:00,126.84892,0.16666666666666666,0.1457408899810027,0.34799702351407624,0.4187992429053279,3
86058,2025-03-27 09:35:00,127.54892,0.23333333333333334,0.8852344595698742,0.3452181836565251,2.564275294521097,16
86060,2025-03-27 09:45:00,127.34892,0.23333333333333334,0.27843072264961943,0.34214254972781805,0.8137857243161285,8
86063,2025-03-27 10:00:00,127.94892,0.5333333333333333,0.2750644061952733,0.3440161441531743,0.7995683076803511,5
86064,2025-03-27 10:05:00,127.84892,0.2,0.37937972219763616,0.34037856212537276,1.114581716982217,8
86066,2025-03-27 10:15:00,127.94892,0.9666666666666667,0.16513777599570276,0.34215447792869447,0.48264099010306605,5
86074,2025-03-27 10:55:00,130.84892,0.1,0.3114992222269283,0.3819571122367093,0.8155345515176156,10
86086,2025-03-27 11:55:00,129.64892,0.4,0.1701468383020384,0.4028467215621348,0.4223612336777949,4
86089,2025-03-27 13:10:00,130.24892,0.16666666666666666,0.2518528497297078,0.4062866851416819,0.6198894990661106,6
86090,2025-03-27 13:15:00,129.54892,0.06666666666666667,0.20991932507175728,0.41162576675909673,0.5099761531561561,4
86091,2025-03-27 13:20:00,129.54892,0.03333333333333333,0.205443295173152,0.41162576675909673,0.499102125677636,3
86096,2025-03-27 13:45:00,129.14892,0.6666666666666666,0.18728521931431563,0.3377938471843318,0.554436443633964,4
86099,2025-03-27 14:00:00,129.44892,0.13333333333333333,0.20073200875038233,0.33385022671883235,0.6012636586268915,4
86101,2025-03-27 14:10:00,129.14892,0.6666666666666666,0.21076086562017232,0.3343510634181009,0.6303579939765859,3
86107,2025-03-27 14:40:00,129.14892,0.8333333333333334,0.15769719534330065,0.3340488188974697,0.47207829042408017,4
86108,2025-03-27 14:45:00,129.34892,0.13333333333333333,0.1432538086110787,0.3345371589270596,0.4282149375289962,4
86117,2025-03-27 15:30:00,128.24892,1.0,0.16000768176288094,0.33363010969774265,0.47959604697502384,2
86121,2025-03-27 15:50:00,128.64892,0.43333333333333335,0.22730612548232343,0.33423508269026514,0.68007859513948,4
86122,2025-03-27 15:55:00,128.54892,0.7,0.19635793758602932,0.3337187854045127,0.5883934203704376,4
86123,2025-03-27 16:00:00,128.64892,0.6333333333333333,0.24496030941107097,0.3303014858024605,0.7416264229509748,4
86131,2025-03-28 10:10:00,131.24892,0.3333333333333333,0.1836223863253095,0.45822751094912734,0.4007231821262154,10
86137,2025-03-28 10:40:00,129.94892,0.6333333333333333,0.2570777209879178,0.4655459015284689,0.55220703295612,10
86146,2025-03-28 11:25:00,128.74892,0.6666666666666666,0.17523034504099125,0.4691938219617597,0.3734711260867218,4
86147,2025-03-28 11:30:00,128.54892,0.5333333333333333,0.1871122604121976,0.46861937863084885,0.3992840862852874,4
86148,2025-03-28 11:35:00,128.54892,0.5666666666666667,0.1874419772171997,0.46702290832278687,0.4013549953906064,4
86153,2025-03-28 12:00:00,127.84892,1.0,0.14230041503906252,0.47171609023733296,0.30166538302195156,2
86165,2025-03-28 14:00:00,128.24892,0.7333333333333333,0.2165987663272014,0.47788560937465047,0.4532439606428771,3
86166,2025-03-28 14:05:00,128.54892,0.5,0.1430619760161171,0.4760716542470802,0.3005051335021686,3
86173,2025-03-28 14:40:00,129.24892,0.6333333333333333,0.16600254956735688,0.44782461184164896,0.3706865258804835,4
86174,2025-03-28 14:45:00,129.64892,0.7333333333333333,0.24115171023088378,0.4458151498570402,0.5409230940406894,11
86177,2025-03-28 15:00:00,129.14892,0.5666666666666667,0.12660193209725942,0.44581514985704024,0.2839785326673105,3
86178,2025-03-28 15:05:00,129.14892,0.0,0.1451436481994586,0.4415932419865889,0.3286817695544956,4
86180,2025-03-28 15:15:00,129.34892,0.03333333333333333,0.15735482086322997,0.4319218376387094,0.3643131862085957,6
86190,2025-03-31 09:35:00,129.04892,0.8,1.1329702289193793,0.4186012633178012,2.7065618960142284,25
86196,2025-03-31 10:05:00,127.84892,0.5333333333333333,0.2945601347451473,0.5039968807751066,0.584448328910563,6
86204,2025-03-31 10:45:00,126.44892,0.5666666666666667,0.3079933212893604,0.5135447312561173,0.5997400081118865,8
86210,2025-03-31 11:15:00,124.54892,0.3333333333333333,0.29762978683837293,0.520714663554552,0.5715794228007027,4
86212,2025-03-31 11:25:00,125.04892,0.6666666666666666,0.22154419957082422,0.5221000970852141,0.4243328066929378,4
86214,2025-03-31 11:35:00,124.74892,0.8,0.20885661301920203,0.5205206438160837,0.4012455903535646,3
86224,2025-03-31 13:25:00,125.14892,0.36666666666666664,0.25714942106511995,0.4331743722000939,0.5936395077092333,3
86228,2025-03-31 13:45:00,125.14892,0.3,0.20952603853847376,0.4250161295006107,0.49298373401655265,3
86234,2025-03-31 14:15:00,125.44892,0.16666666666666666,0.18389894725958256,0.41635525552855013,0.44168758486338433,6
86235,2025-03-31 14:20:00,125.54892,0.13333333333333333,0.1518557878380943,0.415886934946161,0.3651371925346799,6
86236,2025-03-31 14:25:00,125.84892,0.36666666666666664,0.2241184898450056,0.417062866421233,0.5373733983275466,7
86237,2025-03-31 14:30:00,125.84892,0.23333333333333334,0.18090810121684825,0.41324366850347327,0.437775857212747,7
86239,2025-03-31 14:40:00,125.94892,0.23333333333333334,0.155883107692949,0.413080681493977,0.3773672182615054,7
86245,2025-03-31 15:10:00,126.34892,0.13333333333333333,0.15528405610403742,0.4080232982778773,0.38057644443206246,6
86251,2025-03-31 15:40:00,126.74892,0.36666666666666664,0.17010128671642868,0.4080683066391941,0.4168451309472286,8
86259,2025-04-01 09:50:00,127.54892,0.6666666666666666,0.3480809303661221,0.48615564534295785,0.7159866057311107,17
86260,2025-04-01 09:55:00,127.84892,0.7,0.2463100914907596,0.4861556453429579,0.5066486296112029,11
86261,2025-04-01 10:00:00,127.74892,0.5333333333333333,0.29786276274923584,0.48251331597358893,0.6173151141916667,16
86262,2025-04-01 10:05:00,127.94892,0.5666666666666667,0.18395603529863994,0.48251331597358904,0.3812455101419605,14
86266,2025-04-01 10:25:00,128.14892,0.5333333333333333,0.16592485370178733,0.48437687501077165,0.3425532106546116,15
86268,2025-04-01 10:35:00,128.54892,0.7,0.21461040870182113,0.4836559408035692,0.4437253646574817,14
86272,2025-04-01 10:55:00,128.84892,0.2,0.1997302697803576,0.4853238410491976,0.41154019829021915,7
86280,2025-04-01 11:35:00,129.04892,0.2,0.1486646369811589,0.48523553574578193,0.30637623592977176,6
86281,2025-04-01 11:40:00,129.14892,0.5666666666666667,0.1712511666634073,0.48523553574578193,0.3529237948333753,6
86282,2025-04-01 11:45:00,129.34892,0.6666666666666666,0.1608287021127954,0.48554873674799826,0.33123081153492145,8
86291,2025-04-01 13:30:00,127.84892,0.4666666666666667,0.18732751674651638,0.41960913884848067,0.4464333576256061,12
86298,2025-04-01 14:05:00,127.74892,0.8666666666666667,0.11624499797554551,0.39965805198248905,0.29086114341727004,13
86306,2025-04-01 14:45:00,128.04892,0.36666666666666664,0.09764827780137639,0.3886382505976079,0.2512575065661265,13
86318,2025-04-01 15:45:00,128.04892,0.8,0.10711895923699806,0.3754343129965164,0.2853201093475758,17
86319,2025-04-01 15:50:00,127.84892,0.6666666666666666,0.13986686571885693,0.37613481660872544,0.37185301530954407,15
86323,2025-04-02 09:40:00,127.24892,0.6333333333333333,0.31668138163452586,0.3734287560066483,0.8480369455770778,25
86329,2025-04-02 10:10:00,127.64892,0.5333333333333333,0.17095481689038913,0.37879999980606766,0.45130627502088705,20
86334,2025-04-02 10:35:00,128.94892,0.4,0.14919340166788356,0.38142783745312225,0.3911445023627032,10
86351,2025-04-02 12:00:00,128.14892,0.5,0.10300956147378978,0.38687791744665023,0.26625857105942113,12
86358,2025-04-02 13:35:00,128.04892,0.4666666666666667,0.10410333338186371,0.26106763602666827,0.398760010877907,16
86361,2025-04-02 13:50:00,127.94892,0.43333333333333335,0.09868548161394287,0.263235501581624,0.37489427155912136,15
86363,2025-04-02 14:00:00,127.64892,0.6,0.13741325508936977,0.2630416295719529,0.522401170160716,14
86372,2025-04-02 14:45:00,127.24892,0.43333333333333335,0.15016763876268044,0.2465970831461355,0.6089595093616328,10
86376,2025-04-02 15:05:00,127.74892,0.6,0.10258762242423713,0.25020754572384346,0.4100101063197515,16
86377,2025-04-02 15:10:00,128.14892,0.13333333333333333,0.13916282875160657,0.2533884237620227,0.5492075237119178,15
86381,2025-04-02 15:30:00,128.24892,0.06666666666666667,0.06784806402253069,0.25181718913773554,0.26943380733798944,12
86389,2025-04-03 09:40:00,122.44892,0.8,1.151665212503326,0.6100792691289862,1.887730448778509,16
86390,2025-04-03 09:45:00,123.04892,0.5,0.5456204481255694,0.6110702048250904,0.8928932286622369,7
86394,2025-04-03 10:05:00,122.44892,0.06666666666666667,0.2728564879463772,0.6417091503234288,0.42520273835717376,8
86396,2025-04-03 10:15:00,122.54892,0.26666666666666666,0.32242296414220173,0.639645218468522,0.5040653081315399,4
86403,2025-04-03 10:50:00,122.94892,0.03333333333333333,0.1953487513668981,0.6467265883458505,0.30205770860070363,8
86405,2025-04-03 11:00:00,122.34892,0.8333333333333334,0.22111983906359747,0.6483998811512481,0.3410238735253843,7
86407,2025-04-03 11:10:00,122.44892,0.13333333333333333,0.11030526413234601,0.6485430604163176,0.17008163507529944,5
86408,2025-04-03 11:15:00,121.84892,0.9,0.2134615580356019,0.6505881746250418,0.3281054995483552,6
86415,2025-04-03 11:50:00,121.54892,0.7666666666666667,0.152703773686129,0.6494486057267831,0.23512834170340807,3
86420,2025-04-03 13:15:00,120.84892,0.9333333333333333,0.1834268062239195,0.6515942321436888,0.28150464994212904,4
86425,2025-04-03 13:40:00,120.24892,0.9,0.2141348352340739,0.6548696042352015,0.32698850862707884,3
86427,2025-04-03 13:50:00,120.84892,0.0,0.1350133624835077,0.6556123615486887,0.205934741932838,3
86428,2025-04-03 13:55:00,120.84892,0.0,0.1333434388092483,0.6556123615486887,0.20338762145098083,3
86430,2025-04-03 14:05:00,121.24892,0.26666666666666666,0.24189289157328325,0.6565641025622644,0.3684223530182168,7
86438,2025-04-03 14:45:00,121.84892,0.0,0.13897118239721423,0.6510710255088286,0.21345011059062982,5
86440,2025-04-03 14:55:00,121.64892,0.3333333333333333,0.17787557508087729,0.6505771965764211,0.27341194252876466,5
86442,2025-04-03 15:05:00,121.14892,0.5333333333333333,0.18876790007586908,0.6503575966889795,0.29025247192759945,7
86444,2025-04-03 15:15:00,121.44892,0.5666666666666667,0.19142381309239664,0.6504611315872345,0.29428939531758086,5
86445,2025-04-03 15:20:00,121.14892,0.3333333333333333,0.18134199332392714,0.6507324403372369,0.27867366383324627,6
86446,2025-04-03 15:25:00,121.24892,0.3333333333333333,0.17649528569463718,0.6505693549997028,0.27129357437181745,5
86447,2025-04-03 15:30:00,121.14892,0.7666666666666667,0.13543793176827776,0.6501677398878065,0.20831229151979924,5
86448,2025-04-03 15:35:00,121.44892,0.03333333333333333,0.12054115495367702,0.6512089171456612,0.18510366148244037,6
86451,2025-04-03 15:50:00,121.44892,0.4,0.20730659547769198,0.6507434157668934,0.3185688713167902,5
86456,2025-04-07 09:45:00,106.84892,1.0,0.47703037497523754,1.4550952945048634,0.3278344564625648,4
86457,2025-04-07 09:50:00,107.54892,1.0,0.5063476532269787,1.4576342064623056,0.34737635202448364,5
86460,2025-04-07 10:05:00,108.64892,1.0,0.20495071278958601,1.4758920423532218,0.13886565338668289,3
86461,2025-04-07 10:10:00,108.14892,1.0,0.39265894999168355,1.4760717729121031,0.26601616343967954,4
86462,2025-04-07 10:15:00,107.74892,1.0,0.3524952768986691,1.4761740713028595,0.23878977672840412,4
86465,2025-04-07 10:30:00,107.64892,1.0,0.4984625256687801,1.4769949665490067,0.3374842412858291,5
86468,2025-04-07 10:45:00,106.54892,1.0,0.32304697852101094,1.4793183626521336,0.21837556179715756,3
86469,2025-04-07 10:50:00,106.34892,1.0,0.34627277767205294,1.4789872637014847,0.23412830263692103,5
86471,2025-04-07 11:00:00,106.64892,1.0,0.4834787903654237,1.4806275469759416,0.32653640096923015,6
86472,2025-04-07 11:05:00,105.84892,1.0,0.27442922553581983,1.4800541027015817,0.18541837425733082,4
86479,2025-04-07 11:40:00,103.54892,0.3,0.3708407660623428,1.4791735159806416,0.25070808938631384,4
86480,2025-04-07 11:45:00,103.44892,1.0,0.7172088623046875,1.4791735159806416,0.48487135184353436,2
86481,2025-04-07 11:50:00,103.64892,0.3333333333333333,0.679686828286532,1.4798493458179194,0.459294610094831,2
86485,2025-04-07 13:10:00,102.64892,0.4666666666666667,0.7533404506630916,1.4822921718219484,0.5082266944290267,2
86493,2025-04-07 13:50:00,101.94892,0.5333333333333333,0.7772086220527415,1.3940169792491242,0.5575316754544687,3
86495,2025-04-07 14:00:00,102.04892,0.8333333333333334,0.6787597753455274,1.3960443775508782,0.48620214819839447,3
86497,2025-04-07 14:10:00,100.34892,0.4,0.8634237638032844,1.4009798777627507,0.6162999037374477,3
86499,2025-04-07 14:20:00,100.44892,0.8,0.8174020191355004,1.400577081640336,0.5836180170663443,3
86506,2025-04-07 14:55:00,101.64892,0.0,0.005583795681134677,1.4221547849025438,0.0039262925107813205,2
86507,2025-04-07 15:00:00,101.84892,0.0,0.0,1.4221892213802139,0.0,1
86510,2025-04-07 15:15:00,100.54892,0.0,0.0036620155605026315,1.4227780995858617,0.0025738486989422744,2
86520,2025-04-08 09:35:00,99.34892,0.36666666666666664,3.3463805921009304,1.4300319323062578,2.3400740336644907,17
86521,2025-04-08 09:40:00,103.14892,0.03333333333333333,0.8517346615128288,1.4851851470191975,0.5734871933120803,7
86530,2025-04-08 10:25:00,103.64892,0.7333333333333333,0.4091360864787072,1.494905814267665,0.2736868654692722,2
86533,2025-04-08 10:40:00,102.94892,0.3,0.47870568340319686,1.4974235601996362,0.31968622380923134,4
86534,2025-04-08 10:45:00,102.84892,0.7666666666666667,0.38330400673988246,1.4973302091826932,0.2559916339022547,2
86537,2025-04-08 11:00:00,101.64892,1.0,0.4322875894371947,1.4973997119531617,0.28869218151066167,2
86541,2025-04-08 11:20:00,101.04892,0.3333333333333333,0.5313439865087727,1.4995254835611838,0.3543414182244491,4
86548,2025-04-08 11:55:00,100.34892,0.36666666666666664,0.49026961937248437,1.5015150665756087,0.3265166166401547,2
86549,2025-04-08 12:00:00,100.44892,0.3333333333333333,0.47506578942327404,1.5018017951022256,0.31633055105713,2
86553,2025-04-08 13:20:00,99.94892,0.43333333333333335,0.5159661861061199,1.5027492405832255,0.34334815960770043,2
86556,2025-04-08 13:35:00,97.54892,1.0,0.5523719457271499,0.7580537212773335,0.7286712408671956,4
86557,2025-04-08 13:40:00,97.54892,0.26666666666666666,0.5230654878105455,0.7483682892925996,0.6989412770348366,5
86558,2025-04-08 13:45:00,98.14892,0.8333333333333334,0.5550185515073646,0.7296733667334933,0.7606397284198536,4
86559,2025-04-08 13:50:00,96.94892,1.0,0.5198697367829072,0.7333834192763161,0.7088648626606547,4
86564,2025-04-08 14:15:00,97.34892,1.0,0.5374674034338122,0.7377510450200112,0.7285213718934598,2
86577,2025-04-08 15:20:00,100.14892,0.8333333333333334,0.46494048023064055,0.7469804535460061,0.6224265682234551,2
86582,2025-04-08 15:45:00,100.14892,0.0,0.6105446874501105,0.7580967905232495,0.8053650867308165,2
86586,2025-04-09 09:35:00,100.54892,0.4666666666666667,2.951809585006076,0.7440489334895898,3.967225073708644,22
86587,2025-04-09 09:40:00,94.34892,0.03333333333333333,1.3068629450678726,0.9395307818218706,1.39097405891662,11
86591,2025-04-09 10:00:00,96.64892,0.0,0.4511276925583511,0.9414593889503405,0.47917913173219934,2
86599,2025-04-09 10:40:00,97.79892,1.0,0.3740676277181133,0.94119112327821,0.3974406669021902,2
86602,2025-04-09 10:55:00,98.14892,1.0,0.33005218505859374,0.9201268971098607,0.3587028985842008,2
86605,2025-04-09 11:10:00,98.84892,0.13333333333333333,0.3656465480262209,0.9239015212771662,0.395763552289388,2
86608,2025-04-09 11:25:00,98.04892,0.2,0.4323150634765624,0.9243387375991243,0.4677019861782021,2
86609,2025-04-09 11:30:00,98.64892,0.1,0.3257926940917969,0.9260458753037142,0.35181053420808883,2
86612,2025-04-09 11:45:00,98.64892,0.3333333333333333,0.5176631034510525,0.9255334031789222,0.5593132583578714,2
86614,2025-04-09 11:55:00,98.64892,0.2,0.44199523925781253,0.9204195930790157,0.48021059371328306,2
86621,2025-04-09 13:30:00,98.24892,0.0,0.47866775899129255,0.8358776585452532,0.5726528925588913,2
86627,2025-04-09 14:00:00,99.84892,0.1,0.31198654174804696,0.8314398445348242,0.37523645733215716,2
86641,2025-04-09 15:10:00,102.04892,0.23333333333333334,0.6357481875454798,0.864702808982636,0.7352216055519327,7
86644,2025-04-09 15:25:00,101.54892,0.13333333333333333,0.488721086701426,0.8972742112091532,0.5446730560135378,6
86648,2025-04-09 15:45:00,102.74892,0.8,0.5900561740827331,0.8970296981478633,0.6577888951737586,6
86650,2025-04-09 15:55:00,102.74892,0.7333333333333333,0.5291268854393976,0.896213793327617,0.5904025237937525,6
86664,2025-04-10 10:35:00,106.54892,0.5,0.43472968162818265,1.0087339233664083,0.4309656605751656,3
86665,2025-04-10 10:40:00,105.54892,1.0,0.43549682061747375,1.0119556206400977,0.43035169896285236,2
86667,2025-04-10 10:50:00,105.04892,1.0,0.3870342709297322,1.0144617989638554,0.38151685093025567,2
86668,2025-04-10 10:55:00,104.94892,1.0,0.27720794677734373,1.0134595679592613,0.27352639961309916,2
86670,2025-04-10 11:05:00,104.44892,1.0,0.24459003088935818,1.0118194977620374,0.24173286977602954,3
86674,2025-04-10 11:25:00,104.34892,1.0,0.17023385514740833,1.0081078820679663,0.16886471991291424,2
86677,2025-04-10 11:40:00,103.24892,0.43333333333333335,0.32597920700661376,1.0059224175915567,0.32405998843041384,5
86682,2025-04-10 13:05:00,103.44892,0.8,0.41597262730978796,1.0060836778823794,0.41345728636144224,5
86685,2025-04-10 13:20:00,104.64892,0.5,0.4574127197265625,1.0073728308854075,0.4540649754515714,2
86687,2025-04-10 13:30:00,105.24892,0.5333333333333333,0.43579590266527213,0.7854128075330289,0.5548622310274023,2
86689,2025-04-10 13:40:00,104.34892,1.0,0.30673011212824763,0.7809028128663237,0.392789098815494,2
86693,2025-04-10 14:00:00,104.64892,0.06666666666666667,0.22359204257064655,0.77490483434786,0.28854129263345724,2
86694,2025-04-10 14:05:00,104.24892,1.0,0.3633819580078125,0.767010941984511,0.4737637211114918,2
86698,2025-04-10 14:25:00,105.04892,0.13333333333333333,0.3067456731008843,0.7578649279760996,0.40474979350219775,2
86700,2025-04-10 14:35:00,104.74892,0.4,0.4305108292282025,0.7558525857024844,0.5695698306411012,2
86703,2025-04-10 14:50:00,103.94892,1.0,0.40286748208775625,0.7561616431480174,0.53277957925842,2
86715,2025-04-10 15:50:00,102.94892,1.0,0.37217102050781253,0.7510629137822853,0.4955257591319384,2
86719,2025-04-11 09:40:00,101.64892,0.5333333333333333,0.658345963275099,0.7556460271010795,0.871235922195929,8
86726,2025-04-11 10:15:00,100.54892,0.26666666666666666,0.4883753553184201,0.7608146252474443,0.6419111030621721,6
86727,2025-04-11 10:20:00,100.34892,0.13333333333333333,0.3794292325506004,0.7605128251171283,0.4989123391734566,5
86732,2025-04-11 10:45:00,100.74892,0.6666666666666666,0.4172204250655365,0.750634870564414,0.555823398867444,5
86735,2025-04-11 11:00:00,100.34892,0.9,0.4518921419094654,0.7488466798098653,0.6034508185630233,6
86737,2025-04-11 11:10:00,100.24892,0.8666666666666667,0.3219236981687268,0.7479768993048411,0.43039256756180305,5
86743,2025-04-11 11:40:00,100.74892,1.0,0.2581631003958125,0.655308820355496,0.39395639487312645,3
86745,2025-04-11 11:50:00,100.94892,0.9666666666666667,0.15820037880539747,0.6509299697571227,0.24303747892330993,3
86747,2025-04-11 12:00:00,101.94892,0.0,0.0,0.6536110676950702,0.0,1
86749,2025-04-11 13:10:00,102.54892,0.5,0.44435882568359375,0.6539668848348259,0.679482151142602,2
86750,2025-04-11 13:15:00,102.54892,0.6666666666666666,0.4010060215695072,0.6520293953611761,0.6150121826139134,2
86751,2025-04-11 13:20:00,102.74892,0.6666666666666666,0.38878500898369245,0.6494580318458381,0.5986299189783189,2
86758,2025-04-11 13:55:00,104.14892,0.0,0.3511315892333675,0.4258866645909706,0.8244719039761453,3
86767,2025-04-11 14:40:00,102.54892,0.23333333333333334,0.3726617824335464,0.40703185517779483,0.9155592558493112,2
86771,2025-04-11 15:00:00,101.84892,0.3,0.4085062479782336,0.41229942670775727,0.9907999417806314,2
86775,2025-04-11 15:20:00,102.34892,0.1,0.26090011596679685,0.4040883809899222,0.6456511204990663,2
86777,2025-04-11 15:30:00,102.34892,0.0,0.35356750488281247,0.40422470544057837,0.8746805925616227,2
86779,2025-04-11 15:40:00,102.04892,0.2,0.35183410644531254,0.3928682666639496,0.8955523678023689,2
86780,2025-04-11 15:45:00,101.94892,0.13333333333333333,0.3003423328608836,0.39251750643490063,0.7651692674520126,2
86785,2025-04-14 09:40:00,105.04892,0.16666666666666666,0.5293646472124578,0.5639783908487569,0.9386257626214946,8
86787,2025-04-14 09:50:00,104.54892,0.3333333333333333,0.4613857185950935,0.5734847928870362,0.8045299968154103,4
86792,2025-04-14 10:15:00,106.94892,0.0,0.3916178364343692,0.5797645434345707,0.6754773827912869,7
86793,2025-04-14 10:20:00,107.84892,0.2,0.4519151540613292,0.5847307151011798,0.7728602968686729,8
86796,2025-04-14 10:35:00,106.84892,0.0,0.36563428714078916,0.5975838164747096,0.611854399434298,7
86798,2025-04-14 10:45:00,107.44892,0.23333333333333334,0.3996981079672869,0.6008870088700827,0.6651801454634299,8
86800,2025-04-14 10:55:00,107.84892,0.4,0.216026056719035,0.6007494554076903,0.3595942614253922,5
86803,2025-04-14 11:10:00,107.34892,0.4666666666666667,0.20500392421711786,0.5969893517419358,0.3433962827292373,5
86805,2025-04-14 11:20:00,106.74892,0.23333333333333334,0.38611007609126685,0.5985920289314726,0.6450304338006297,5
86810,2025-04-14 11:45:00,106.74892,0.5666666666666667,0.22745561958997307,0.5958534402972351,0.3817308153436343,4
86812,2025-04-14 11:55:00,106.54892,0.13333333333333333,0.2251174088050985,0.5935957227380038,0.37924365048778985,4
86814,2025-04-14 13:05:00,106.74892,0.43333333333333335,0.5948760729811531,0.592496357352665,1.0040164223778874,10
86816,2025-04-14 13:15:00,106.54892,0.26666666666666666,0.3663731934917344,0.5933051653944602,0.6175122261882726,6
86823,2025-04-14 13:50:00,105.74892,0.0,0.22047823429847707,0.5639259239558138,0.3909702053629167,2
86824,2025-04-14 13:55:00,105.84892,0.0,0.295648014768109,0.5601900358245581,0.5277637870386914,2
86829,2025-04-14 14:20:00,105.64892,0.8666666666666667,0.21829191764302117,0.5589245872341606,0.3905570136451487,2
86833,2025-04-14 14:40:00,105.74892,0.1,0.20065945430235096,0.5596488324217777,0.3585452924721275,3
86839,2025-04-14 15:10:00,105.74892,0.16666666666666666,0.24686624708102226,0.5565445742033581,0.44356958727769175,3
86842,2025-04-14 15:25:00,106.24892,0.0,0.20097414531084162,0.5558181197722114,0.36158257199892296,4
86843,2025-04-14 15:30:00,106.34892,0.0,0.17585268397406875,0.5552340667600738,0.3167181095356992,5
86845,2025-04-14 15:40:00,106.14892,0.7,0.23834036267851563,0.5543844405718553,0.4299189249118612,5
86846,2025-04-14 15:45:00,105.84892,0.8,0.19365100660433288,0.5535593152669596,0.34982882820957084,6
86859,2025-04-15 10:20:00,108.14892,0.4,0.3233067905748747,0.6150163225744145,0.5256881463268089,8
86867,2025-04-15 11:00:00,107.54892,0.6333333333333333,0.374107519924567,0.6068647863329442,0.616459429430991,8
86873,2025-04-15 11:30:00,107.04892,0.7,0.28845583086008114,0.6080891975662083,0.4743643399925293,10
86874,2025-04-15 11:35:00,107.34892,0.5,0.2717221843715786,0.6080891975662083,0.44684593224005376,7
86875,2025-04-15 11:40:00,107.24892,0.5,0.23936320253145202,0.6072530356962493,0.39417374382823595,7
86876,2025-04-15 11:45:00,107.14892,0.5333333333333333,0.2430484020919178,0.6069236279586356,0.4004596145142706,9
86877,2025-04-15 11:50:00,107.44892,0.7,0.2273416637561711,0.6064089907772647,0.37489824064906413,6
86879,2025-04-15 12:00:00,107.64892,0.7333333333333333,0.18340226040093252,0.6077098771336867,0.3017924626566286,4
86880,2025-04-15 13:05:00,107.64892,0.7333333333333333,0.25172893980744204,0.6077216295497052,0.4142175094112777,7
86889,2025-04-15 13:50:00,107.94892,0.1,0.15990829467773438,0.4397177490234439,0.36366122366647685,2
86890,2025-04-15 13:55:00,107.54892,1.0,0.1591461181640625,0.4363870177050507,0.3646903132018186,2
86895,2025-04-15 14:20:00,107.14892,0.8666666666666667,0.2082848445816052,0.40313281904205805,0.5166655621751184,5
86896,2025-04-15 14:25:00,107.04892,1.0,0.18608992267680974,0.40313281904205805,0.4616094594307772,3
86898,2025-04-15 14:35:00,107.24892,0.8333333333333334,0.23311887093258543,0.39772077916776954,0.5861370165782801,5
86914,2025-04-15 15:55:00,107.54892,0.6666666666666666,0.22753813485996557,0.3877551360144181,0.5868088226986242,2
86915,2025-04-15 16:00:00,107.64892,0.8333333333333334,0.3015359904278265,0.38661673891055903,0.7799351659669982,3
86917,2025-04-16 09:40:00,104.14892,0.8333333333333334,0.4569246097593464,0.5416703750667707,0.8435473505506409,15
86924,2025-04-16 10:15:00,102.84892,0.1,0.27734926783449027,0.5420601452808786,0.5116577380740223,4
86926,2025-04-16 10:25:00,103.04892,0.4666666666666667,0.21255187244089663,0.5420601452808786,0.39211861320436847,5
86931,2025-04-16 10:50:00,102.84892,0.4,0.1848864379903208,0.5469508097133564,0.33803119897969486,3
86933,2025-04-16 11:00:00,103.24892,0.1,0.2027462873675488,0.5472771643909589,0.3704636344422965,5
86937,2025-04-16 11:20:00,103.34892,0.2,0.24702684820487086,0.5474169711211004,0.4512590241748702,9
86938,2025-04-16 11:25:00,103.34892,0.03333333333333333,0.17637080337170497,0.5473703728453608,0.3222147418299017,5
86941,2025-04-16 11:40:00,102.94892,0.5666666666666667,0.2898244922666378,0.5486438744851708,0.5282561343432468,4
86942,2025-04-16 11:45:00,102.74892,0.5333333333333333,0.19765843985322548,0.5487275538686338,0.36021234665490337,4
86946,2025-04-16 13:05:00,102.44892,0.6666666666666666,0.287854692415423,0.5475679222960366,0.5256967778689517,6
86947,2025-04-16 13:10:00,102.64892,0.43333333333333335,0.19627186140498357,0.5475679222960366,0.358442950021589,7
86948,2025-04-16 13:15:00,102.84892,0.06666666666666667,0.16155872384631148,0.5479069448382812,0.29486526018391085,6
86951,2025-04-16 13:30:00,102.64892,0.43333333333333335,0.16254409748352597,0.4677672971262412,0.34748922911483165,3
86959,2025-04-16 14:10:00,102.84892,0.5333333333333333,0.21764953272449314,0.46106436529402783,0.47205889048852145,9
86964,2025-04-16 14:35:00,102.94892,0.7,0.20979532094865394,0.46213418318165184,0.4539705751785718,13
86966,2025-04-16 14:45:00,103.04892,0.4666666666666667,0.1617857446814324,0.4571039108426236,0.3539364701194465,10
86975,2025-04-16 15:30:00,103.64892,0.3333333333333333,0.15159590322575744,0.4593172648183694,0.33004616816592763,13
86980,2025-04-16 15:55:00,103.94892,0.2,0.22450183956300582,0.4563823713630151,0.49191610730387486,11
86981,2025-04-16 16:00:00,103.44892,0.6666666666666666,0.17090077670328097,0.45535281833361985,0.37531507398746,13
86988,2025-04-17 10:05:00,105.64892,0.6666666666666666,0.4454093334548111,0.4677105819309179,0.952318272586356,10
86995,2025-04-17 10:40:00,105.14892,0.3333333333333333,0.2630112295293994,0.4749644894066574,0.5537492494606543,6
86997,2025-04-17 10:50:00,105.14892,0.6,0.2431019613514406,0.47466579998063707,0.5121539435985433,8
87010,2025-04-17 11:55:00,106.54892,0.13333333333333333,0.1699722501251327,0.4767890767325319,0.356493591023444,5
87014,2025-04-17 13:15:00,106.54892,0.7333333333333333,0.1561145830387904,0.4760716542470825,0.3279224495852183,6
87017,2025-04-17 13:30:00,106.34892,0.9333333333333333,0.15729812133568297,0.2878947364003311,0.546373731254859,6
87018,2025-04-17 13:35:00,106.74892,0.03333333333333333,0.12763120089960117,0.29010129146605834,0.43995392179953097,5
87019,2025-04-17 13:40:00,106.34892,0.9,0.15323080224323266,0.2932078090777137,0.522601368378355,5
87020,2025-04-17 13:45:00,106.64892,0.36666666666666664,0.14659767284350786,0.2913751877751699,0.503123392087267,5
87027,2025-04-17 14:20:00,106.64892,0.5,0.12178848718859754,0.29094065485329673,0.418602505895946,4
87030,2025-04-17 14:35:00,106.44892,0.7666666666666667,0.11698760195769971,0.28442909164260255,0.4113067382878671,4
87031,2025-04-17 14:40:00,106.14892,1.0,0.1200220502332741,0.28591390405966605,0.41978388783858256,7
87033,2025-04-17 14:50:00,105.74892,0.9333333333333333,0.20825552941894201,0.28853195439194385,0.7217763102108483,5
87044,2025-04-17 15:45:00,106.34892,0.8666666666666667,0.12319355621428005,0.28483057469304807,0.43251521135693183,6
87045,2025-04-17 15:50:00,106.24892,0.8333333333333334,0.1688472886000993,0.28416351485218194,0.5941905972268515,6
87048,2025-04-22 09:35:00,106.74892,0.6666666666666666,1.6177011650977078,0.28325725044849287,5.711067104324196,24
87055,2025-04-22 10:10:00,105.84892,0.7333333333333333,0.28824463934736294,0.3354478387547802,0.8592830420889257,8
87056,2025-04-22 10:15:00,105.74892,0.4666666666666667,0.3059880475554622,0.3323677474714253,0.9206309874629728,12
87057,2025-04-22 10:20:00,106.04892,0.6,0.2882092682185554,0.3318147225501162,0.8685849319872335,7
87059,2025-04-22 10:30:00,106.64892,0.43333333333333335,0.25598078621319786,0.3334710459330259,0.7676252236441807,6
87063,2025-04-22 10:50:00,106.84892,0.6333333333333333,0.1640002180485572,0.33236774747142533,0.49343000124480124,6
87066,2025-04-22 11:05:00,107.74892,0.06666666666666667,0.21365183404085736,0.3459267845533233,0.6176215418437011,8
87067,2025-04-22 11:10:00,107.64892,0.0,0.153945604556273,0.3462098188225139,0.44465984552331245,6
87068,2025-04-22 11:15:00,107.94892,0.1,0.23439672267270473,0.3453216118499571,0.6787780278708724,9
87070,2025-04-22 11:25:00,108.04892,0.2,0.20661151428508467,0.34850973414291964,0.5928428793910123,6
87073,2025-04-22 11:40:00,107.54892,0.03333333333333333,0.13794863676765928,0.3528131150822829,0.39099634018845064,5
87075,2025-04-22 11:50:00,107.84892,0.4666666666666667,0.12635214552387652,0.34736314862805145,0.36374654600788275,5
87080,2025-04-22 13:15:00,108.04892,0.13333333333333333,0.1645214165032124,0.34327982263587203,0.47926328800782897,7
87091,2025-04-22 14:10:00,108.94892,0.16666666666666666,0.14792133365071924,0.3249386778655678,0.4552284591738156,7
87097,2025-04-22 14:40:00,108.54892,0.43333333333333335,0.1695022719384765,0.3250987778909437,0.5213869859435062,5
87102,2025-04-22 15:05:00,108.74892,0.2,0.16822822996557127,0.3232575747712262,0.5204154305885289,6
87103,2025-04-22 15:10:00,108.64892,0.3,0.16277400493901975,0.32325757477122613,0.503542740040097,5
87105,2025-04-22 15:20:00,108.54892,0.16666666666666666,0.13682185079481102,0.3211581175618481,0.4260264440255417,5
87106,2025-04-22 15:25:00,108.34892,0.36666666666666664,0.14982704884208478,0.32182458603581665,0.46555501146643335,8
87119,2025-04-23 10:00:00,112.74892,0.3333333333333333,0.41035653632537006,0.6338446214832523,0.6474087219752683,4
87121,2025-04-23 10:10:00,112.44892,0.13333333333333333,0.2577358918008699,0.6353495206309544,0.40566000828161003,3
87128,2025-04-23 10:45:00,113.74892,0.03333333333333333,0.2594408127659582,0.6401682005276743,0.40526975965395934,5
87132,2025-04-23 11:05:00,113.84892,0.1,0.27480848518172374,0.6379201742854126,0.43078820244172333,5
87133,2025-04-23 11:10:00,113.84892,0.13333333333333333,0.2634726548817522,0.6365672273333,0.4138960404629827,5
87140,2025-04-23 11:45:00,114.64892,0.13333333333333333,0.24386763599119773,0.635436232995451,0.3837798717293849,5
87144,2025-04-23 13:05:00,114.44892,0.8,0.2212658766929982,0.6362834645666114,0.3477473312051381,3
87146,2025-04-23 13:15:00,114.64892,0.06666666666666667,0.2473212049601742,0.6376034099315112,0.38789191072039664,3
87158,2025-04-23 14:15:00,113.64892,0.4666666666666667,0.27137521195699915,0.6153347656263132,0.4410204446693049,2
87159,2025-04-23 14:20:00,113.84892,0.3,0.24759585995894068,0.615427613811777,0.40231516168961773,2
87166,2025-04-23 14:55:00,113.94892,0.16666666666666666,0.20667433312543831,0.6082687048201191,0.33977472700417377,2
87168,2025-04-23 15:05:00,114.04892,0.1,0.16831512451171873,0.6060572390478867,0.2777214983458346,2
87170,2025-04-23 15:15:00,114.34892,0.5666666666666667,0.2830940825905379,0.6043882650930156,0.468397715410589,2
87171,2025-04-23 15:20:00,114.44892,0.8666666666666667,0.19730275905155675,0.6016879294556338,0.32791543488343344,2
87174,2025-04-23 15:35:00,113.74892,0.5,0.21808242797851562,0.6046819335747984,0.3606564308763809,2
87179,2025-04-23 16:00:00,113.84892,0.8666666666666667,0.1561802953636462,0.6053649205832367,0.2579936333495751,2
87185,2025-04-24 10:00:00,112.54892,0.36666666666666664,0.3502683018847425,0.6283623971181204,0.5574303992269267,11
87188,2025-04-24 10:15:00,113.04892,0.1,0.22863037838409575,0.6315514701616337,0.3620138487296722,9
87189,2025-04-24 10:20:00,112.94892,0.8333333333333334,0.19294359348411758,0.6317000834325041,0.30543544087521596,8
87194,2025-04-24 10:45:00,112.04892,0.43333333333333335,0.21519928747167053,0.6338349631683632,0.33951943325428063,7
87195,2025-04-24 10:50:00,111.74892,0.9333333333333333,0.2026944089823677,0.6346586105005287,0.3193754967296687,7
87202,2025-04-24 11:25:00,111.04892,0.5666666666666667,0.15790017933043354,0.6359739066324626,0.24828090851483012,6
87205,2025-04-24 11:40:00,111.34892,0.03333333333333333,0.14491814761514496,0.6357139540744404,0.22796125000297765,6
87212,2025-04-24 13:15:00,111.64892,0.5,0.1470614476195455,0.6359851367556202,0.23123409513901022,4
87219,2025-04-24 13:50:00,111.74892,0.36666666666666664,0.13835660137976366,0.3177630722162028,0.43540805548867306,4
87223,2025-04-24 14:10:00,111.74892,0.26666666666666666,0.11513596612135885,0.3208816036656899,0.35881136470918756,3
87225,2025-04-24 14:20:00,111.74892,0.16666666666666666,0.12694284287638588,0.317271424847549,0.40010802402826773,3
87227,2025-04-24 14:30:00,111.64892,0.2,0.11168845307006013,0.29992346743414927,0.37238984340090786,4
87237,2025-04-24 15:20:00,111.84892,0.0,0.09204587272519536,0.30396153210344573,0.3028207947506655,3
87238,2025-04-24 15:25:00,111.84892,0.03333333333333333,0.12229000345096394,0.30396153210344573,0.40232065750131035,4
87240,2025-04-24 15:35:00,111.54892,0.7333333333333333,0.13344021651894325,0.3027304914170849,0.4407888214177173,5
87242,2025-04-24 15:45:00,111.84892,0.1,0.14341813069341142,0.3023763988524937,0.4743033227384064,6
87243,2025-04-24 15:50:00,111.44892,0.4666666666666667,0.13910480902938274,0.3046622721831963,0.45658692174966026,4
87246,2025-04-25 09:35:00,111.84892,0.9,1.19109226633027,0.30278778174052934,3.9337527408915185,21
87248,2025-04-25 09:45:00,113.84892,0.23333333333333334,0.3292723868073114,0.3450940289064109,0.9541526634081801,7
87250,2025-04-25 09:55:00,113.64892,0.6333333333333333,0.2777179292112069,0.3401776665387575,0.8163908349332089,8
87255,2025-04-25 10:20:00,113.84892,0.13333333333333333,0.21692870758438224,0.3425746816519399,0.6332304142802488,7
87258,2025-04-25 10:35:00,115.04892,0.0,0.23289949645536914,0.3453216118499568,0.6744422835503404,2
87263,2025-04-25 11:00:00,114.84892,0.2,0.21805312898932463,0.3523356266933048,0.6188790246270833,3
87264,2025-04-25 11:05:00,115.14892,0.7,0.2381979996470195,0.3535238093353301,0.6737820575504154,2
87271,2025-04-25 11:40:00,115.54892,0.8,0.213287353515625,0.3598228769906612,0.592756512035672,2
87279,2025-04-25 13:20:00,115.64892,0.5333333333333333,0.2687375079276267,0.3558194612886312,0.7552636580201948,2
87285,2025-04-25 13:50:00,115.14892,0.4666666666666667,0.0836165875845477,0.3088828771108369,0.2707064514765687,4
87288,2025-04-25 14:05:00,114.64892,0.9333333333333333,0.1571739209885293,0.30286190607201957,0.5189623318000048,6
87298,2025-04-25 14:55:00,114.14892,0.7666666666666667,0.1710473488132664,0.2850346837522423,0.6000931064303181,4
87299,2025-04-25 15:00:00,114.24892,0.7666666666666667,0.12074338133835529,0.2846227345278327,0.42422254686948774,4
87300,2025-04-25 15:05:00,114.44892,0.1,0.1113818860867991,0.28508837237470586,0.3906924900479783,4
87301,2025-04-25 15:10:00,114.54892,0.26666666666666666,0.13162001349969513,0.28508837237470586,0.46168145127539745,5
87303,2025-04-25 15:20:00,113.84892,0.36666666666666664,0.15600418482290332,0.2922632623316239,0.5337796600856703,4
87305,2025-04-25 15:30:00,113.84892,0.36666666666666664,0.15223140595745932,0.29087752353979296,0.5233522484133553,3
87310,2025-04-25 15:55:00,113.24892,0.7333333333333333,0.15028565750478035,0.2900239057940703,0.5181836893524555,5
87312,2025-04-28 09:35:00,113.64892,0.8333333333333334,1.6756509385250342,0.29226675335526076,5.7332930252529275,23
87313,2025-04-28 09:40:00,113.44892,0.3333333333333333,0.4239574074256821,0.2890971912721195,1.4664874658938565,14
87314,2025-04-28 09:45:00,113.64892,0.43333333333333335,0.36524669511735,0.28956268107404437,1.2613735090536489,8
87318,2025-04-28 10:05:00,112.84892,0.6666666666666666,0.21303101554178291,0.312011683570702,0.6827661487026013,9
87324,2025-04-28 10:35:00,113.54892,0.1,0.1830066588506906,0.32297969925998127,0.5666196955102745,5
87352,2025-04-28 13:55:00,114.04892,0.8,0.1455787577122597,0.2803244145087189,0.5193224356408377,3
87353,2025-04-28 14:00:00,113.84892,0.6,0.14153364264843893,0.2794130013874666,0.5065392159478359,4
87354,2025-04-28 14:05:00,113.84892,0.4,0.165632152685641,0.2777979790634138,0.5962323888894513,4
87358,2025-04-28 14:25:00,113.64892,0.3,0.1400251689102426,0.26130202269907055,0.5358747990692101,4
87359,2025-04-28 14:30:00,113.74892,0.5666666666666667,0.1444026890926106,0.26003382480329784,0.5553227131195096,3
87368,2025-04-28 15:15:00,113.74892,0.6333333333333333,0.09664831247810257,0.24971772657343183,0.38703024332428493,3
87370,2025-04-28 15:25:00,113.34892,1.0,0.07136593123675683,0.25128178699593307,0.28400757607598465,3
87372,2025-04-28 15:35:00,113.64892,0.5666666666666667,0.1201823288383044,0.2516064091472365,0.4776600454878533,4
87382,2025-04-29 09:55:00,112.84892,0.5333333333333333,0.3882182353551791,0.26790346794303377,1.4490974616190064,5
87406,2025-04-29 11:55:00,113.94892,0.9333333333333333,0.07008584185311005,0.29957968038486804,0.23394724823483098,3
87422,2025-04-29 14:15:00,113.04892,0.23333333333333334,0.22637311022781426,0.2580012330621807,0.8774109625020909,3
87426,2025-04-29 14:35:00,112.94892,0.0,0.138214111328125,0.2549099522713115,0.542207591726422,2
87429,2025-04-29 14:50:00,113.04892,0.0,0.16317943985799707,0.24513634443826252,0.6656680804795706,2
87430,2025-04-29 14:55:00,112.84892,0.8,0.1427459716796875,0.24569759758332677,0.5809823664689115,2
87432,2025-04-29 15:05:00,112.84892,0.9666666666666667,0.06415234249384602,0.2446905848162624,0.26217740474983076,2
87433,2025-04-29 15:10:00,112.84892,0.9,0.10712356567382812,0.24274389699982152,0.44130281748713496,2
87438,2025-04-29 15:35:00,112.94892,0.9333333333333333,0.08775218816332318,0.24005577014162327,0.36554917264247766,2
87440,2025-04-29 15:45:00,112.84892,0.8,0.13862915039062496,0.24005577014162321,0.5774872660167233,2
87445,2025-04-30 09:40:00,114.04892,0.6666666666666666,0.25594843932366124,0.26052774643516424,0.9824229581142037,7
87448,2025-04-30 09:55:00,113.44892,0.5666666666666667,0.22917587167355957,0.26827263580492555,0.8542648078360284,5
87449,2025-04-30 10:00:00,113.04892,0.4666666666666667,0.2318385712956182,0.27029593383506645,0.857721268707968,6
87460,2025-04-30 10:55:00,113.44892,0.36666666666666664,0.22012713886548632,0.2782970353300271,0.7909791011767042,3
87463,2025-04-30 11:10:00,113.94892,0.0,0.1827251241707278,0.2803025753022061,0.6518852849415462,3
87471,2025-04-30 11:50:00,114.84892,0.5666666666666667,0.11338007304613151,0.29379877923735326,0.3859106335991082,3
87475,2025-04-30 13:10:00,114.74892,0.3,0.1319756150582827,0.29358338675593304,0.4495336623662531,4
87478,2025-04-30 13:25:00,114.14892,0.6,0.18435537358941406,0.29037197890648475,0.6348938154558857,5
87482,2025-04-30 13:45:00,114.64892,0.0,0.17635916673414254,0.28497024405351296,0.6188687079238527,4
87484,2025-04-30 13:55:00,114.84892,0.4,0.13978907106407942,0.2656239178003006,0.526266882220955,4
87499,2025-04-30 15:10:00,115.04892,0.2,0.11074407951052598,0.245152992633089,0.4517345610227665,4
87500,2025-04-30 15:15:00,115.24892,0.0,0.11339092886254239,0.2458843972739488,0.46115544589114127,4
87501,2025-04-30 15:20:00,115.14892,0.43333333333333335,0.10822005759139626,0.2461373882955354,0.4396733805489852,3
87502,2025-04-30 15:25:00,115.14892,0.4,0.0881294382815299,0.24597566993708908,0.35828518448214797,3
87505,2025-04-30 15:40:00,115.14892,0.5666666666666667,0.12773043964346548,0.2507655862494202,0.5093619166563802,4
87509,2025-04-30 16:00:00,115.24892,0.5,0.12540766807464332,0.24878031214271212,0.5040900021168218,6
87513,2025-05-02 09:50:00,116.64892,0.13333333333333333,0.282989969550602,0.2933017485847727,0.9648424222360533,12
87514,2025-05-02 09:55:00,117.44892,0.5666666666666667,0.3873274454862437,0.2982347821895049,1.2987333088470123,8
87515,2025-05-02 10:00:00,118.14892,0.4,0.4177914594953512,0.3049668759538282,1.3699568459317022,4
87516,2025-05-02 10:05:00,118.44892,0.5,0.35603521535156396,0.3059389030288416,1.1637461330571603,4
87517,2025-05-02 10:10:00,119.54892,0.4,0.39510477749988726,0.32291651238678293,1.2235508632851784,4
87524,2025-05-02 10:45:00,120.14892,0.23333333333333334,0.27362509895568854,0.32414328702506806,0.8441485907882688,3
87532,2025-05-02 11:25:00,119.24892,0.16666666666666666,0.18352412373314086,0.34150975888954327,0.5373905692472445,2
87544,2025-05-02 13:25:00,120.44892,1.0,0.1785803154741711,0.33373101468738103,0.5351025455079574,2
87545,2025-05-02 13:30:00,120.54892,1.0,0.17805642939540234,0.332904529823403,0.5348573342929774,2
87553,2025-05-02 14:10:00,120.04892,0.23333333333333334,0.21296710726791065,0.3212978730591333,0.6628338533343328,2
87560,2025-05-02 14:45:00,120.44892,0.23333333333333334,0.21658120406084463,0.3182186927486366,0.6806049078704618,2
87561,2025-05-02 14:50:00,120.54892,0.2,0.20398559570312497,0.3181513533595696,0.6411589752773539,2
87564,2025-05-02 15:05:00,120.44892,0.03333333333333333,0.09152490337646454,0.31295857079488293,0.29245054111795243,2
87565,2025-05-02 15:10:00,120.24892,0.13333333333333333,0.17322734088714747,0.31371402281928273,0.5521823325919235,2
87573,2025-05-02 15:50:00,120.44892,0.1,0.15491867065429688,0.30520432271549475,0.507590027808056,2
87578,2025-05-06 09:45:00,119.44892,0.6666666666666666,0.32157615289759406,0.3245333664324312,0.9908877981720476,13
87579,2025-05-06 09:50:00,119.44892,0.6,0.38158455504270056,0.32360773653639635,1.1791577022441906,13
87583,2025-05-06 10:10:00,120.24892,0.06666666666666667,0.25059087217774034,0.3394209945926268,0.7382892519023451,4
87595,2025-05-06 11:10:00,121.24892,0.0,0.12003250122070311,0.348445320551362,0.3444801641496285,2
87600,2025-05-06 11:35:00,121.54892,0.6,0.2573279873827152,0.3499821442236448,0.735260331505021,2
87605,2025-05-06 12:00:00,121.34892,0.13333333333333333,0.18347164787297285,0.3486151125295803,0.5262871323669456,2
87611,2025-05-06 13:30:00,121.64892,0.13333333333333333,0.18159136367937198,0.3256976689101674,0.5575457886665371,2
87619,2025-05-06 14:10:00,121.84892,0.0,0.12269210815429688,0.2765980457825427,0.44357546998273295,2
87625,2025-05-06 14:40:00,122.04892,0.3,0.24559601766042174,0.2741712614852734,0.8957759333708049,2
87630,2025-05-06 15:05:00,122.64892,0.5333333333333333,0.27601878903612537,0.26053557891157225,1.059428390507111,2
87635,2025-05-06 15:30:00,122.24892,0.0,0.0,0.2547618128119239,0.0,1
87638,2025-05-06 15:45:00,121.74892,0.5,0.21538162231445312,0.2555894895025402,0.8426857564982638,2
87640,2025-05-06 15:55:00,121.84892,0.26666666666666666,0.19333482562919702,0.25515799315176846,0.7577063263473823,2
87648,2025-05-07 10:05:00,123.04892,0.1,0.2930876625986891,0.3756706752994857,0.7801717884022723,4
87650,2025-05-07 10:15:00,122.74892,0.8,0.3365744389314822,0.3774832752582344,0.891627420317452,3
87653,2025-05-07 10:30:00,122.54892,0.7,0.21198677987080192,0.38021414980812474,0.5575457409404178,2
87656,2025-05-07 10:45:00,122.04892,0.7666666666666667,0.2002048580110498,0.38130744527167376,0.5250483841678149,5
87658,2025-05-07 10:55:00,121.34892,0.7,0.1901208495938356,0.3847278370765097,0.49416972537920834,7
87659,2025-05-07 11:00:00,121.54892,0.43333333333333335,0.2965064883697979,0.3850459473799394,0.7700548217359207,8
87661,2025-05-07 11:10:00,121.04892,0.8,0.22197228911413366,0.38712047085263807,0.5733933124880652,8
87663,2025-05-07 11:20:00,120.24892,0.43333333333333335,0.170522593553301,0.3951677301417892,0.4315195309397257,6
87665,2025-05-07 11:30:00,120.34892,0.06666666666666667,0.15849419060454084,0.39783620441881967,0.3983905658764204,8
87667,2025-05-07 11:40:00,120.24892,0.7666666666666667,0.21623731370264204,0.39846148361299494,0.542680591714762,6
87674,2025-05-07 13:15:00,120.14892,0.7666666666666667,0.1619051296279812,0.40075176779380295,0.40400353196017724,5
87676,2025-05-07 13:25:00,120.24892,0.1,0.1244481972350976,0.3951522381270366,0.3149373462363866,6
87687,2025-05-07 14:20:00,120.24892,0.8666666666666667,0.15840589549381423,0.3680401135073386,0.4304038871856713,6
87690,2025-05-07 14:35:00,120.04892,0.43333333333333335,0.12777087780059226,0.36567888764948364,0.34940731367315153,5
87691,2025-05-07 14:40:00,119.94892,0.43333333333333335,0.14349018883123046,0.36351007908189104,0.39473510388938954,5
87698,2025-05-07 15:15:00,120.24892,0.5,0.12460039766721098,0.3620616859348657,0.3441413507907776,4
87701,2025-05-07 15:30:00,120.04892,0.6333333333333333,0.14670988314055816,0.3626614315688339,0.4045367672705288,4
87702,2025-05-07 15:35:00,120.04892,0.3,0.13273897748291,0.3626614315688339,0.3660134933805771,4
87706,2025-05-07 15:55:00,119.54892,1.0,0.08251400019407004,0.3616105185497279,0.22818473457298752,5
87707,2025-05-07 16:00:00,119.34892,0.7666666666666667,0.1668843036253372,0.3616105185497278,0.4615029017812923,4
87708,2025-05-08 09:35:00,119.34892,0.8333333333333334,0.9505733661189928,0.3616105185497278,2.628721559127634,28
87713,2025-05-08 10:00:00,119.44892,0.5666666666666667,0.25822130018618983,0.3739693519751478,0.6904878670467893,8
87718,2025-05-08 10:25:00,120.64892,0.3333333333333333,0.16670634756837252,0.3869781209780494,0.4307901106838767,6
87720,2025-05-08 10:35:00,121.14892,0.4,0.2443914587545266,0.389228501847361,0.627886852053724,7
87721,2025-05-08 10:40:00,120.94892,0.5,0.16126329938113462,0.3892285018473611,0.41431523800478326,5
87724,2025-05-08 10:55:00,120.94892,0.4,0.20980965845428043,0.3918072317431617,0.5354920518460856,6
87725,2025-05-08 11:00:00,120.44892,0.26666666666666666,0.14150258708601973,0.39424230778187475,0.3589228864911928,5
87726,2025-05-08 11:05:00,121.04892,0.36666666666666664,0.18408319509314963,0.39905765950630656,0.46129472949069017,5
87732,2025-05-08 11:35:00,121.44892,0.03333333333333333,0.15908953569659984,0.40027538729595974,0.3974502073967655,6
87737,2025-05-08 12:00:00,121.44892,0.03333333333333333,0.13490569875333452,0.39935669114025546,0.3378075333310371,3
87738,2025-05-08 13:05:00,121.34892,0.23333333333333334,0.17547780958211348,0.39935669114025546,0.43940120066871513,8
87739,2025-05-08 13:10:00,120.84892,0.16666666666666666,0.15279998166152417,0.40188820735510544,0.38020518857004243,6
87743,2025-05-08 13:30:00,120.24892,0.0,0.15963702814578515,0.3148535239710415,0.5070199822837863,5
87745,2025-05-08 13:40:00,119.84892,0.23333333333333334,0.18562124846535005,0.30873750179693726,0.6012267618445549,3
87747,2025-05-08 13:50:00,119.94892,0.8,0.21529110384524094,0.299037670221339,0.7199464324541076,6
87749,2025-05-08 14:00:00,119.84892,0.36666666666666664,0.20877698966490893,0.2985664487068811,0.6992647384498204,3
87750,2025-05-08 14:05:00,120.14892,0.26666666666666666,0.19344952151407646,0.3002838503423895,0.6442221960771501,4
87751,2025-05-08 14:10:00,120.24892,0.03333333333333333,0.15598951539082315,0.29813555251376106,0.5232167518284259,5
87760,2025-05-08 14:55:00,119.54892,0.9333333333333333,0.18740166546855283,0.2893265033279988,0.6477168987733642,3
87761,2025-05-08 15:00:00,119.44892,0.9,0.1750308903161651,0.28944637880520774,0.6047092074140535,3
87768,2025-05-08 15:35:00,119.84892,0.6666666666666666,0.16410611632670583,0.2715162037016637,0.6044063451440349,2
87771,2025-05-08 15:50:00,119.94892,0.7,0.16299413978488256,0.27228171610523355,0.5986231544166092,2
87772,2025-05-08 15:55:00,119.74892,0.36666666666666664,0.16234597362302808,0.27222175371485574,0.596373990717438,2
87773,2025-05-08 16:00:00,119.74892,0.36666666666666664,0.24274983105188427,0.2715162037016636,0.8940528327311645,3
87778,2025-05-09 09:55:00,121.24892,0.5333333333333333,0.20697768792392385,0.30366599988435733,0.6815965172352041,7
87791,2025-05-09 11:00:00,120.64892,0.6,0.1877349677414532,0.31825716600237924,0.5898844952953856,5
87792,2025-05-09 11:05:00,120.64892,0.7666666666666667,0.10412027776741486,0.3182571660023792,0.3271576853249441,4
87797,2025-05-09 11:30:00,120.64892,0.7666666666666667,0.16811931882335124,0.32158672013864886,0.5227806631780948,3
87802,2025-05-09 11:55:00,120.74892,1.0,0.06725341530232544,0.32038200339465633,0.2099163329704279,3
87807,2025-05-09 13:20:00,120.74892,1.0,0.1078380266648012,0.31972529275977446,0.3372833776582864,4
87822,2025-05-09 14:35:00,120.84892,0.9666666666666667,0.12815222194156276,0.28601023924568214,0.4480686505474382,5
87824,2025-05-09 14:45:00,120.94892,0.9,0.11381479852833051,0.27793384045751296,0.4095032052987052,3
87825,2025-05-09 14:50:00,120.74892,0.9,0.11967035064650866,0.27208679002103137,0.43982418491268377,3
87827,2025-05-09 15:00:00,120.74892,0.7,0.16058873506218846,0.26858811886254985,0.5978996231935704,2
87830,2025-05-09 15:15:00,120.94892,0.8666666666666667,0.1257055763732566,0.26907012993451623,0.46718517735078824,3
87831,2025-05-09 15:20:00,121.04892,1.0,0.04244627608415552,0.2692748180956456,0.15763180673314478,2
87833,2025-05-09 15:30:00,121.04892,0.8666666666666667,0.13154867872572026,0.2687248397260049,0.4895292852713165,3
87834,2025-05-09 15:35:00,121.24892,0.3,0.045286638623629,0.2694907091575001,0.16804526866698713,2
87835,2025-05-09 15:40:00,121.54892,0.36666666666666664,0.13478204505171867,0.27116650294450345,0.4970453340960885,4
87836,2025-05-09 15:45:00,121.54892,0.5,0.127602101842937,0.27098583566358797,0.47088107587050065,4
87839,2025-05-09 16:00:00,121.54892,0.5,0.13005144701222052,0.2668540816777419,0.48735041335913737,4
87841,2025-05-12 09:40:00,124.04892,0.7333333333333333,0.3945196827196289,0.3547684124420987,1.112048505118865,8
87843,2025-05-12 09:50:00,123.54892,0.16666666666666666,0.3488132116952195,0.35407750637734076,0.9851323662551128,10
87849,2025-05-12 10:20:00,125.04892,0.6666666666666666,0.2935701718072701,0.3652517430938265,0.8037474902121337,3
87850,2025-05-12 10:25:00,124.74892,1.0,0.2544564746326954,0.36687947743664767,0.6935696605614432,3
87860,2025-05-12 11:15:00,123.74892,0.1,0.15922082212025204,0.37770214767178956,0.42155127552679306,4
87876,2025-05-12 13:35:00,125.04892,0.16666666666666666,0.2114247459247271,0.3545066023778348,0.596391560852764,5
87884,2025-05-12 14:15:00,125.44892,0.0,0.08626486249073417,0.34168896953642935,0.2524660442149187,4
87887,2025-05-12 14:30:00,125.54892,0.0,0.06723824792217487,0.33971845956949104,0.1979234452180864,3
87889,2025-05-12 14:40:00,124.94892,1.0,0.1267001053603585,0.3396133249575542,0.37307165546638615,4
87892,2025-05-12 14:55:00,125.14892,0.6666666666666666,0.09037546522087778,0.3367622838636741,0.2683657569487888,4
87895,2025-05-12 15:10:00,127.34892,0.0,0.3030619162059545,0.37303783836790366,0.8124160206693662,2
87898,2025-05-12 15:25:00,127.74892,0.4,0.42933927759182017,0.44568696838519833,0.9633202405432478,4
87900,2025-05-12 15:35:00,129.54892,0.1,0.5882815013997631,0.46342835500256757,1.2694119706950253,7
87901,2025-05-12 15:40:00,129.64892,0.1,0.4670291372265838,0.46329843982298724,1.008052471329327,6
87903,2025-05-12 15:50:00,128.64892,0.8,0.2967513046941984,0.47066588452925745,0.6304924882987814,3
87904,2025-05-12 15:55:00,128.54892,0.9666666666666667,0.3358703800052839,0.4709952731090757,0.7131077511419126,3
87917,2025-05-13 10:30:00,126.14892,0.36666666666666664,0.2532644396580302,0.5299845123282619,0.4778713976856048,10
87918,2025-05-13 10:35:00,125.64892,0.23333333333333334,0.27956682812513706,0.5326269426672822,0.5248830010835088,8
87921,2025-05-13 10:50:00,125.44892,0.3,0.23894291421201325,0.5341495896316526,0.44733332918366053,7
87924,2025-05-13 11:05:00,125.44892,0.3,0.19300359282649746,0.5333983737506945,0.3618376101699657,5
87925,2025-05-13 11:10:00,125.04892,0.5333333333333333,0.1841693601430319,0.5350771156019036,0.34419218234713955,7
87926,2025-05-13 11:15:00,124.94892,0.4,0.13269087491145498,0.5352410783353211,0.2479086159159219,6
87928,2025-05-13 11:25:00,124.74892,0.8333333333333334,0.1587975736652855,0.5361514922201912,0.29618041909705095,4
87931,2025-05-13 11:40:00,124.54892,0.8666666666666667,0.130028575381989,0.5373262681243938,0.24199184572879792,4
87934,2025-05-13 11:55:00,124.14892,0.9,0.14490027685360835,0.5374060140682637,0.2696290571009547,6
87937,2025-05-13 13:10:00,124.94892,0.03333333333333333,0.16757749820913484,0.5386102580725787,0.31112942187327125,6
87941,2025-05-13 13:30:00,125.04892,0.43333333333333335,0.13397197192444937,0.48677227764179803,0.2752251475237782,3
87944,2025-05-13 13:45:00,125.04892,0.2,0.11007534764455376,0.48458326079128883,0.2271546637100275,4
87945,2025-05-13 13:50:00,124.94892,0.2,0.12845811974183044,0.4763865965457378,0.2696509949550967,4
87946,2025-05-13 13:55:00,125.04892,0.1,0.09644880508843583,0.47648082450911383,0.20241906940914264,4
87950,2025-05-13 14:15:00,124.94892,1.0,0.12106659730420616,0.4768361532745671,0.2538955917516069,3
87954,2025-05-13 14:35:00,125.34892,0.1,0.12854150097341596,0.47368029636127124,0.2713676333190322,4
87959,2025-05-13 15:00:00,124.94892,0.9333333333333333,0.12539690719075586,0.47253298260656457,0.2653717556371351,3
87964,2025-05-13 15:25:00,124.94892,0.06666666666666667,0.1275804329616621,0.4711144030239996,0.27080563052784207,6
87971,2025-05-13 16:00:00,124.34892,0.36666666666666664,0.19648391323808082,0.47556345092696706,0.4131602478178146,8
87979,2025-05-14 10:10:00,126.24892,0.16666666666666666,0.26341404354922704,0.48909128459299933,0.5385784859536576,9
87980,2025-05-14 10:15:00,125.94892,0.4,0.2009404849946931,0.4896250405552611,0.41039666755363613,8
87981,2025-05-14 10:20:00,126.04892,0.2,0.19173036228455512,0.4893311298052372,0.3918213058729113,8
87987,2025-05-14 10:50:00,125.54892,0.5333333333333333,0.15670408300274374,0.49379994313323294,0.3173432585035012,6
87990,2025-05-14 11:05:00,125.94892,0.0,0.17519453889028672,0.49111065405161825,0.3567312935383252,6
87991,2025-05-14 11:10:00,125.64892,0.3333333333333333,0.1964976221531438,0.49121036604683593,0.4000274337337746,5
87992,2025-05-14 11:15:00,125.94892,0.13333333333333333,0.18904327539662344,0.4917127727366459,0.3844587447759309,7
87994,2025-05-14 11:25:00,126.34892,0.06666666666666667,0.18386976264254254,0.46176975098881584,0.3981849444421402,6
87997,2025-05-14 11:40:00,126.14892,0.03333333333333333,0.1545781532109333,0.39330433141848276,0.3930242839010573,6
88005,2025-05-14 13:20:00,126.34892,0.1,0.1858254434295941,0.36020547594324553,0.5158873360905624,7
88010,2025-05-14 13:45:00,127.24892,0.0,0.19921222267493563,0.30500702078190356,0.6531397938455427,4
88013,2025-05-14 14:00:00,126.94892,0.2,0.16407610745677426,0.29991666359427305,0.5470723283276325,6
88018,2025-05-14 14:25:00,126.84892,0.16666666666666666,0.17601101037360908,0.27753340949952315,0.6341975572995348,5
88025,2025-05-14 15:00:00,127.94892,0.0,0.1489298297181109,0.2757742252715992,0.5400426003243622,2
88029,2025-05-14 15:20:00,128.34892,0.2,0.21192577179188424,0.286010239245682,0.7409726740931138,3
88035,2025-05-14 15:50:00,127.94892,0.7,0.16081249364104372,0.28685445974110285,0.5606065660829648,2
88039,2025-05-15 09:40:00,127.94892,0.26666666666666666,0.44458655710042233,0.28677619792293274,1.5502909945821202,14
88040,2025-05-15 09:45:00,128.84892,0.6666666666666666,0.34047033558424533,0.2949771676516195,1.154226065341963,4
88042,2025-05-15 09:55:00,128.54892,0.23333333333333334,0.29300772511224865,0.304374124713522,0.9626564852975875,6
88043,2025-05-15 10:00:00,128.44892,0.8333333333333334,0.28223035023219883,0.30423330234356616,0.9276773714715829,3
88056,2025-05-15 11:05:00,128.34892,0.9666666666666667,0.18531965365642464,0.3346804734126965,0.5537211411431997,5
88058,2025-05-15 11:15:00,128.14892,0.6,0.15785662721118296,0.3335842337032892,0.47321369316150164,8
88062,2025-05-15 11:35:00,128.14892,0.3,0.22392150836924274,0.3333333333333332,0.6717645251077284,6
88063,2025-05-15 11:40:00,127.94892,0.36666666666666664,0.11706312930239468,0.3340763069714853,0.35040835539524345,6
88070,2025-05-15 13:15:00,127.64892,0.6666666666666666,0.21550950705342478,0.32442645584558155,0.6642784617910495,9
88071,2025-05-15 13:20:00,127.64892,0.43333333333333335,0.20386844352694564,0.3235888185608429,0.6300231399640072,7
88076,2025-05-15 13:45:00,126.94892,0.9666666666666667,0.11044146055414568,0.30900507159594126,0.3574098638049548,5
88080,2025-05-15 14:05:00,126.74892,0.6,0.15754264956683067,0.30985579091268584,0.5084386162439822,6
88081,2025-05-15 14:10:00,126.64892,0.5,0.12181345125213207,0.3074758093399412,0.39617247130312205,5
88083,2025-05-15 14:20:00,126.54892,0.2,0.15186798285220482,0.30481628575993613,0.49822791611538547,6
88085,2025-05-15 14:30:00,126.84892,0.13333333333333333,0.10279100395535717,0.3020624273715429,0.34029721885576375,5
88099,2025-05-15 15:40:00,126.24892,0.6,0.18359466344524975,0.2950774594419352,0.6221914198138783,6
88102,2025-05-15 15:55:00,126.24892,0.9333333333333333,0.14192918350682024,0.2943643011675445,0.48215487728601253,7
88103,2025-05-15 16:00:00,126.44892,0.7,0.16971735904505975,0.2943643011675446,0.5765555074847918,6
88108,2025-05-16 09:55:00,119.74892,0.8333333333333334,0.5095469306220946,0.7742383060766684,0.6581267377535787,9
88116,2025-05-16 10:35:00,119.94892,0.9333333333333333,0.21503013413195982,0.7865853148288082,0.2733716611258612,6
88126,2025-05-16 11:25:00,120.44892,0.3,0.15264677636177473,0.7815492973271978,0.19531304920087303,8
88127,2025-05-16 11:30:00,120.44892,0.5666666666666667,0.1725679966924739,0.7806597530523203,0.22105404565528858,8
88130,2025-05-16 11:45:00,120.24892,0.16666666666666666,0.16014765014361668,0.7806074722366301,0.20515772118444467,6
88131,2025-05-16 11:50:00,120.24892,0.23333333333333334,0.12875701085786287,0.7806440691752518,0.16493689754652754,6
88135,2025-05-16 13:10:00,120.44892,0.5333333333333333,0.24159823939760405,0.7804205396792088,0.30957442444673844,6
88137,2025-05-16 13:20:00,120.94892,0.13333333333333333,0.2118725491098951,0.780713337255013,0.27138328372208764,8
88142,2025-05-16 13:45:00,121.54892,0.1,0.13160897999239665,0.7715201504277573,0.17058398269886807,4
88144,2025-05-16 13:55:00,121.34892,0.9333333333333333,0.1111449808934388,0.7726711539666967,0.143845127804822,4
88145,2025-05-16 14:00:00,121.54892,0.7,0.11561398377725655,0.7701952309685861,0.15010997098990359,4
88152,2025-05-16 14:35:00,121.94892,0.2,0.14182265956253898,0.7586873998941102,0.1869316131813091,4
88156,2025-05-16 14:55:00,121.64892,0.3333333333333333,0.20499294252445224,0.7576983065862645,0.2705469191927165,5
88159,2025-05-16 15:10:00,121.64892,0.5,0.11992058603777582,0.7576659878925961,0.15827632222389704,4
88161,2025-05-16 15:20:00,121.64892,0.7,0.11728420674620559,0.757342725102032,0.15486278914266274,4
88163,2025-05-16 15:30:00,121.94892,0.43333333333333335,0.13218946469568432,0.7584816133029195,0.17428169961832812,4
88168,2025-05-16 15:55:00,121.84892,0.5333333333333333,0.15550991148659882,0.7584964102800439,0.2050239254648326,5
88169,2025-05-16 16:00:00,121.84892,0.8,0.13019617715581175,0.7583887893156225,0.1716747122189162,4
88182,2025-05-19 10:35:00,117.04892,0.0,0.12155708080809406,0.8660742954482601,0.1403541029296787,2
88186,2025-05-19 10:55:00,117.44892,0.8333333333333334,0.16237140156165897,0.8672115731826767,0.18723389606731608,3
88187,2025-05-19 11:00:00,117.44892,0.7,0.22333047067601333,0.8672115731826767,0.25752708748614583,3
88195,2025-05-19 11:40:00,116.34892,0.5333333333333333,0.22603664729112602,0.8673068672149271,0.2606189986907044,4
88200,2025-05-19 13:05:00,116.44892,0.3,0.2619432158570834,0.8671856890445934,0.3020612761099353,4
88202,2025-05-19 13:15:00,117.14892,0.06666666666666667,0.24324239275536708,0.8687408956654756,0.2799941777450661,3
88207,2025-05-19 13:40:00,117.34892,0.06666666666666667,0.1763479608883934,0.49176879454789857,0.35859933131893146,3
88208,2025-05-19 13:45:00,117.34892,0.1,0.12504230120649523,0.4906845726760313,0.25483234682630407,3
88210,2025-05-19 13:55:00,117.24892,0.13333333333333333,0.2092407045086867,0.48363484468509144,0.43264191322883144,3
88212,2025-05-19 14:05:00,117.64892,0.0,0.17752402661387795,0.4726970550646036,0.37555560101726404,3
88217,2025-05-19 14:30:00,117.74892,0.4666666666666667,0.163461525606683,0.4729754161812276,0.34560258316692355,2
88223,2025-05-19 15:00:00,117.74892,0.0,0.11363918967035679,0.4706723878495662,0.24144010272104072,2
88225,2025-05-19 15:10:00,117.74892,0.7333333333333333,0.18873520388174145,0.4713655601297162,0.4004009198928385,3
88226,2025-05-19 15:15:00,117.74892,0.7333333333333333,0.2133401423526546,0.4713655601297162,0.4526001905908124,3
88230,2025-05-19 15:35:00,118.14892,0.36666666666666664,0.22575357802593887,0.47402696238209713,0.47624628120618706,3
88239,2025-05-20 09:50:00,119.64892,0.5,0.314698650550183,0.502861924681476,0.6258152290005257,7
88246,2025-05-20 10:25:00,119.34892,0.5666666666666667,0.2397237466761558,0.5081119335005001,0.4717931834913692,6
88251,2025-05-20 10:50:00,118.84892,0.6333333333333333,0.20012276626292058,0.5090387980383985,0.3931385329253914,5
88252,2025-05-20 10:55:00,118.94892,0.2,0.19225953630223955,0.5090387980383984,0.37769132145353057,7
88254,2025-05-20 11:05:00,119.64892,0.0,0.17270264072159183,0.5119329042354432,0.3373540541987981,6
88258,2025-05-20 11:25:00,119.94892,0.06666666666666667,0.1585906405792013,0.5124787069319741,0.30945800954077973,5
88259,2025-05-20 11:30:00,120.24892,0.06666666666666667,0.17037054574030802,0.5131154057822244,0.3320316323003103,4
88261,2025-05-20 11:40:00,120.34892,0.0,0.1381103912677831,0.5150802089687185,0.26813375638001014,3
88262,2025-05-20 11:45:00,120.34892,0.03333333333333333,0.1317721751741035,0.513397687958788,0.256666865209337,5
88264,2025-05-20 11:55:00,120.14892,0.06666666666666667,0.11314055328833578,0.5135268498608501,0.22032061871544473,4
88273,2025-05-20 13:40:00,120.04892,0.06666666666666667,0.17370685108675712,0.28917129659002105,0.6007057171135274,8
88276,2025-05-20 13:55:00,119.74892,0.5,0.16198375334045245,0.2876749233853037,0.5630791569673801,6
88283,2025-05-20 14:30:00,120.34892,0.3333333333333333,0.12536068707803497,0.27941300138746683,0.44865731535589903,2
88288,2025-05-20 14:55:00,120.24892,0.16666666666666666,0.13476565093449674,0.27664230737169576,0.48714765364296225,4
88290,2025-05-20 15:05:00,120.14892,0.26666666666666666,0.1736466273162787,0.2749887532367335,0.6314681065039378,5
88291,2025-05-20 15:10:00,119.74892,0.5666666666666667,0.17957559680778443,0.2778897845805914,0.6462115801730932,6
88297,2025-05-20 15:40:00,119.84892,0.8666666666666667,0.15451163975115112,0.2763987809185411,0.5590170811812952,5
88299,2025-05-20 15:50:00,120.04892,0.13333333333333333,0.1823746153718853,0.2768708795272826,0.6586991585509601,6
88302,2025-05-21 09:35:00,119.74892,0.8666666666666667,1.1107772976249375,0.273526699652732,4.06094651467361,26
88303,2025-05-21 09:40:00,121.14892,0.43333333333333335,0.2765765042740078,0.3058088106489802,0.9044098621196156,12
88315,2025-05-21 10:40:00,120.94892,0.26666666666666666,0.1465468077456371,0.3223820888370482,0.45457490605103346,4
88326,2025-05-21 11:35:00,120.54892,0.3333333333333333,0.12977363070451964,0.32367394074335837,0.4009393848836826,2
88328,2025-05-21 11:45:00,120.44892,0.26666666666666666,0.12443753269722312,0.3223251157715087,0.3860621670742995,2
88330,2025-05-21 11:55:00,120.24892,1.0,0.126897065851692,0.3220115837281266,0.39407609000436084,2
88333,2025-05-21 13:10:00,120.94892,0.3,0.16229238270724,0.32155816440672547,0.5047061485957581,4
88346,2025-05-21 14:15:00,120.74892,0.7333333333333333,0.17469049946980747,0.26676995244937896,0.6548357409290911,4
88349,2025-05-21 14:30:00,120.84892,0.8,0.1450579455733511,0.26742698465796744,0.5424207499436778,4
88352,2025-05-21 14:45:00,120.64892,0.23333333333333334,0.10869718791962739,0.2606765232437161,0.4169811173137459,2
88353,2025-05-21 14:50:00,120.74892,0.7,0.13629150557400557,0.2561915669327396,0.5319906006499717,4
88365,2025-05-21 15:50:00,120.84892,0.8333333333333334,0.15051806555039407,0.2501789992793975,0.6016414886298946,4
88369,2025-05-22 09:40:00,119.34892,0.2,0.43854761992073216,0.30854907284586913,1.4213221121549173,9
88370,2025-05-22 09:45:00,119.24892,0.36666666666666664,0.2688078772702739,0.3080791521730627,0.8725286192662324,8
88380,2025-05-22 10:35:00,119.24892,0.7333333333333333,0.16924477984617128,0.3233806477866636,0.5233608782855281,6
88381,2025-05-22 10:40:00,119.24892,0.6666666666666666,0.27634178025842354,0.32338064778666364,0.8545402520212899,8
88386,2025-05-22 11:05:00,118.24892,0.6,0.21050879660061064,0.3326285785193929,0.632864432568104,6
88389,2025-05-22 11:20:00,118.74892,0.5333333333333333,0.1943165492019369,0.33424424052670376,0.5813609499919337,5
88391,2025-05-22 11:30:00,119.04892,0.5333333333333333,0.17978140660227157,0.3321466479974489,0.5412711755069478,5
88393,2025-05-22 11:40:00,118.84892,0.36666666666666664,0.17122398827465507,0.3323892354092369,0.5151309670538652,6
88407,2025-05-22 13:50:00,117.94892,0.8,0.15377476332951198,0.30206242737154304,0.5090827239508535,4
88408,2025-05-22 13:55:00,117.74892,0.8666666666666667,0.12220808523865505,0.3025147128903839,0.4039740218616643,4
88417,2025-05-22 14:40:00,117.34892,0.4,0.14204842784801436,0.2887051757454199,0.4920189860859045,2
88425,2025-05-22 15:20:00,117.14892,0.43333333333333335,0.14580403831712987,0.2878557495654765,0.5065177212448378,2
88431,2025-05-22 15:50:00,117.04892,0.5,0.14633560180664062,0.28960496122822776,0.5052938360794121,2
88438,2025-05-23 09:55:00,117.24892,0.3,0.2179567281005979,0.2956991994052836,0.7370893412594861,7
88443,2025-05-23 10:20:00,117.34892,0.4,0.20732148574672077,0.3022346456691405,0.6859620123553863,8
88452,2025-05-23 11:05:00,117.34892,0.3333333333333333,0.16726088138442843,0.30522772295604605,0.5479871872861124,6
88456,2025-05-23 11:25:00,117.84892,0.7,0.11388533044600524,0.3067648662992432,0.37124632888993325,4
88458,2025-05-23 11:35:00,117.54892,0.8,0.13876909012016528,0.30643874363675616,0.4528444689247853,5
88460,2025-05-23 11:45:00,117.64892,0.26666666666666666,0.16284487507262949,0.30637880582026517,0.5315148175365668,6
88461,2025-05-23 11:50:00,117.64892,0.5333333333333333,0.1845678125852507,0.30637880582026517,0.6024170375986322,6
88463,2025-05-23 12:00:00,117.44892,0.16666666666666666,0.10974090172192844,0.3059389030288424,0.35870201741418484,5
88465,2025-05-23 13:10:00,117.34892,0.23333333333333334,0.13957606127182864,0.30593890302884247,0.45622200998305235,6
88470,2025-05-23 13:35:00,117.54892,0.3,0.17255139450937285,0.24851358953434916,0.6943338383735472,6
88475,2025-05-23 14:00:00,116.84892,0.8666666666666667,0.1357366413067162,0.2254313734878927,0.6021195683927564,4
88476,2025-05-23 14:05:00,116.74892,0.9333333333333333,0.11330026699016646,0.2255535425821784,0.5023209376056974,4
88479,2025-05-23 14:20:00,116.34892,0.36666666666666664,0.1438969826218198,0.2288542058293073,0.628771414099099,2
88481,2025-05-23 14:30:00,116.44892,0.8333333333333334,0.11504858412505055,0.22910373541134357,0.5021680852059742,3
88482,2025-05-23 14:35:00,116.34892,0.7666666666666667,0.15378821842715457,0.22681210336225288,0.6780423802231214,4
88484,2025-05-23 14:45:00,116.14892,1.0,0.12946531523453886,0.21653418284787745,0.5978978170180761,2
88491,2025-05-23 15:20:00,116.24892,0.6,0.13477874774896453,0.2150020821220218,0.6268718256992158,2
88493,2025-05-23 15:30:00,116.04892,0.7,0.14581361788768163,0.215575529448617,0.6763922522219141,4
88496,2025-05-23 15:45:00,115.94892,0.4666666666666667,0.14254639769701222,0.21557552944861696,0.6612364495247062,2
88498,2025-05-23 15:55:00,116.04892,0.6333333333333333,0.13116136986211757,0.20462961231677765,0.6409696445061563,2
88499,2025-05-23 16:00:00,116.04892,0.7333333333333333,0.13856480446510192,0.2046296123167777,0.6771493279799412,5
88504,2025-05-26 09:55:00,116.24892,0.13333333333333333,0.16891293561065848,0.25466968268894935,0.6632628345360089,7
88505,2025-05-26 10:00:00,115.94892,0.43333333333333335,0.22639839929344047,0.2562274076681955,0.8835838498066434,4
88514,2025-05-26 10:45:00,117.44892,0.36666666666666664,0.194086059563489,0.26243582839254165,0.739556259342693,6
88521,2025-05-26 11:20:00,116.64892,0.13333333333333333,0.14659995366854786,0.25868842662789826,0.5667047249833858,6
88528,2025-05-26 11:55:00,116.54892,0.1,0.16854942940752374,0.26723233545005576,0.6307224353058303,6
88529,2025-05-26 12:00:00,116.44892,0.7666666666666667,0.18478726207032492,0.2656700077253655,0.6955518376065524,6
88530,2025-05-26 13:05:00,116.44892,0.36666666666666664,0.18429888611903614,0.2654586965221313,0.6942657691520426,6
88531,2025-05-26 13:10:00,116.04892,0.9333333333333333,0.14812653242585735,0.26836389793739357,0.551961473075688,6
88532,2025-05-26 13:15:00,115.84892,0.9333333333333333,0.10380065754486138,0.26888805409337047,0.3860367017599709,6
88534,2025-05-26 13:25:00,115.54892,0.3333333333333333,0.2039212832191112,0.25979436665882255,0.7849334296263352,3
88541,2025-05-26 14:00:00,115.34892,0.8,0.1437608447714449,0.2505376322897383,0.5738093852710732,4
88543,2025-05-26 14:10:00,115.64892,0.03333333333333333,0.15586685591151228,0.2465970831461362,0.6320709633825792,4
88544,2025-05-26 14:15:00,115.54892,0.1,0.14539860859244924,0.24647292584206074,0.58991716066056,4
88546,2025-05-26 14:25:00,115.24892,0.5333333333333333,0.18977486502363924,0.24633213858062591,0.7704023767143354,3
88550,2025-05-26 14:45:00,115.44892,0.06666666666666667,0.13594030613563693,0.24821780838602123,0.5476654032986483,3
88555,2025-05-26 15:10:00,115.54892,0.03333333333333333,0.133790656471464,0.24815614293916113,0.539139006944771,3
88566,2025-05-27 09:35:00,114.94892,0.6666666666666666,0.7366868795110869,0.25119650416704575,2.9327115118655867,25
88569,2025-05-27 09:50:00,114.74892,0.7666666666666667,0.27054205374878304,0.2628670225100789,1.0291973910055983,5
88575,2025-05-27 10:20:00,115.54892,0.7333333333333333,0.2424569457850049,0.2697820771400611,0.8987140597154274,8
88578,2025-05-27 10:35:00,115.24892,0.16666666666666666,0.2537078870842131,0.27075983203610604,0.9370218808910361,5
88579,2025-05-27 10:40:00,115.24892,0.6,0.183737853068564,0.27052986812928126,0.6791776979714456,8
88580,2025-05-27 10:45:00,114.44892,1.0,0.20329114611379828,0.2817620595071971,0.7214993617996519,3
88584,2025-05-27 11:05:00,114.04892,0.5333333333333333,0.2005684901689063,0.2848198280591929,0.7041942674272768,3
88585,2025-05-27 11:10:00,114.04892,0.8333333333333334,0.20038376033864164,0.2847195065829425,0.7037935782607408,3
88590,2025-05-27 11:35:00,114.14892,0.1,0.13885535033459712,0.2847195065829426,0.4876917356350739,3
88591,2025-05-27 11:40:00,114.24892,0.1,0.1594875197603588,0.28439680500969944,0.560792234479988,3
88593,2025-05-27 11:50:00,114.14892,0.23333333333333334,0.11522515025186449,0.2843645147109852,0.40520228189854823,2
88600,2025-05-27 13:25:00,114.44892,0.36666666666666664,0.17755615270278588,0.2678158586595962,0.662978486753715,3
88604,2025-05-27 13:45:00,114.74892,0.1,0.1501543967965037,0.2404846652003215,0.624382418194634,3
88607,2025-05-27 14:00:00,115.24892,0.3,0.17476973801478116,0.23585804511866748,0.740995448880487,7
88608,2025-05-27 14:05:00,115.44892,0.1,0.12393344254365182,0.23585804511866748,0.5254577705046994,8
88612,2025-05-27 14:25:00,115.94892,0.4,0.14125410667593094,0.2385592574912194,0.5921132894250816,7
88615,2025-05-27 14:40:00,115.44892,0.1,0.15100094422190397,0.23996649767866055,0.6292584410016665,5
88620,2025-05-27 15:05:00,115.64892,0.5666666666666667,0.11950383786784495,0.24015775517920962,0.49760557504657404,8
88624,2025-05-27 15:25:00,115.84892,0.5666666666666667,0.14052751899242483,0.2341953555142252,0.6000440046467491,7
88628,2025-05-27 15:45:00,115.84892,0.5,0.15661397781392183,0.22866241793834555,0.6849135036092805,8
88630,2025-05-27 15:55:00,115.84892,0.43333333333333335,0.14405520480568815,0.22517324328362898,0.6397527641605079,8
88633,2025-05-28 09:40:00,115.84892,0.6,0.33154649782645373,0.2249374976957047,1.4739494358338139,19
88635,2025-05-28 09:50:00,115.14892,0.7666666666666667,0.2942865450746298,0.22940192310050925,1.282842537225341,9
88637,2025-05-28 10:00:00,115.24892,0.43333333333333335,0.20047458997916673,0.22851958760283878,0.8772753009146265,7
88648,2025-05-28 10:55:00,114.54892,0.16666666666666666,0.14665167332612875,0.22585189993898683,0.6493267197032491,3
88650,2025-05-28 11:05:00,114.24892,0.36666666666666664,0.18821296833069653,0.22647446792964918,0.831056012853343,3
88652,2025-05-28 11:15:00,114.04892,0.03333333333333333,0.11704675105020569,0.22814423253211832,0.5130383957163053,3
88653,2025-05-28 11:20:00,114.04892,0.13333333333333333,0.1243112034937582,0.2279787015006541,0.5452755133505378,3
88657,2025-05-28 11:40:00,113.94892,0.2,0.15540262013480952,0.22412409290276528,0.693377575440896,3
88659,2025-05-28 11:50:00,113.74892,0.8,0.14946996436255341,0.22350410805558416,0.6687571233607085,3
88662,2025-05-28 13:05:00,113.84892,0.13333333333333333,0.16013745758017356,0.223330569358241,0.7170422662707657,3
88663,2025-05-28 13:10:00,113.84892,0.13333333333333333,0.16871150350117534,0.223330569358241,0.7554339917996086,3
88666,2025-05-28 13:25:00,114.44892,0.03333333333333333,0.12981979149123213,0.2204196866929257,0.5889664096659777,4
88670,2025-05-28 13:45:00,113.94892,0.16666666666666666,0.1259904015433249,0.20186357564737906,0.6241363809160324,3
88672,2025-05-28 13:55:00,113.74892,0.9666666666666667,0.08601413678427688,0.2011902142145181,0.4275264436696942,3
88674,2025-05-28 14:05:00,113.84892,0.03333333333333333,0.104136837345609,0.20002040504009694,0.5206310692388273,3
88676,2025-05-28 14:15:00,113.64892,0.13333333333333333,0.12895094051878664,0.1957355795462222,0.6588017406837134,3
88678,2025-05-28 14:25:00,113.64892,0.1,0.11197451301847511,0.19369197180271053,0.5781061134145992,3
88680,2025-05-28 14:35:00,113.74892,0.2,0.11895086861930299,0.17602441140033814,0.6757634789004866,3
88682,2025-05-28 14:45:00,113.34892,0.3,0.12179808768095139,0.17746184047855973,0.6863339597543877,2
88685,2025-05-28 15:00:00,113.54892,0.1,0.15367117915010503,0.1736433854298517,0.8849814737814184,3
88689,2025-05-28 15:20:00,113.84892,0.7666666666666667,0.12077979950090763,0.17835077538863106,0.6772036692171662,3
88697,2025-05-28 16:00:00,113.64892,0.43333333333333335,0.16582363625854768,0.17343172550573435,0.9561320789203869,3
88699,2025-05-29 09:40:00,113.74892,0.9,0.21688472044963006,0.17130074283393898,1.2661049617273448,7
88702,2025-05-29 09:55:00,114.24892,0.6,0.21845041648865177,0.18421539762786168,1.1858423307803463,9
88709,2025-05-29 10:30:00,114.44892,0.6,0.20400272463593327,0.19169045380133867,1.0642299634146342,7
88710,2025-05-29 10:35:00,114.24892,0.4666666666666667,0.13722473267256205,0.19228036191404968,0.7136700352888987,6
88721,2025-05-29 11:30:00,113.94892,0.7666666666666667,0.08439869632281813,0.19386572674963037,0.43534614260010784,4
88730,2025-05-29 13:15:00,114.44892,0.2,0.15187721802598247,0.20251454668295366,0.7499570796943966,9
88739,2025-05-29 14:00:00,116.04892,0.3,0.2016672801033862,0.25530590273039755,0.789904494751719,10
88744,2025-05-29 14:25:00,115.04892,0.7333333333333333,0.150557783492389,0.2551979771672388,0.5899646429945016,8
88745,2025-05-29 14:30:00,115.04892,0.8,0.15878013549431264,0.2551979771672388,0.6221841460375656,8
88753,2025-05-29 15:10:00,116.04892,0.7333333333333333,0.11396325775629597,0.26229582942249785,0.434483682059342,13
88755,2025-05-29 15:20:00,116.04892,0.5,0.1376092673474843,0.2651394898668029,0.5190070608365979,13
88768,2025-05-30 09:55:00,111.74892,0.4666666666666667,0.2976692850971009,0.48862376983744826,0.6091993543337593,6
88774,2025-05-30 10:25:00,111.54892,0.8,0.1692516491410276,0.49083634161872003,0.344822978231106,3
88779,2025-05-30 10:50:00,111.24892,0.6333333333333333,0.1533224706371763,0.49264149571641364,0.3112252458843531,4
88783,2025-05-30 11:10:00,111.54892,0.5666666666666667,0.2268374814539669,0.4934464913778164,0.4597002621714552,3
88786,2025-05-30 11:25:00,111.14892,1.0,0.1906286090040064,0.492989315769327,0.38667898655475696,3
88791,2025-05-30 11:50:00,111.04892,0.8666666666666667,0.16574803719415943,0.4926911993288843,0.33641363478773706,3
88796,2025-05-30 13:15:00,111.24892,0.3,0.14750934688253925,0.49340927120115563,0.2989594146122193,2
88801,2025-05-30 13:40:00,111.04892,0.16666666666666666,0.19992183253158255,0.4882101474223155,0.40949954356160595,3
88804,2025-05-30 13:55:00,111.24892,0.0,0.15614674832802247,0.4892873407583171,0.3191309795303921,2
88807,2025-05-30 14:10:00,111.04892,0.1,0.1356672690891051,0.48367281703585036,0.28049388824563465,3
88809,2025-05-30 14:20:00,111.14892,0.4,0.1543190498352537,0.48339006242767596,0.3192433230013757,2
88810,2025-05-30 14:25:00,111.34892,0.13333333333333333,0.18776770901418255,0.4837677348727898,0.38813607332361144,3
88827,2025-05-30 15:50:00,111.64892,0.0,0.1300011271619303,0.482513315973589,0.2694249523448304,2
88830,2025-06-02 09:35:00,111.94892,0.1,0.6263212501659776,0.48179806408247233,1.2999663071679888,19
88831,2025-06-02 09:40:00,109.84892,0.23333333333333334,0.32691644395039504,0.49729807661235453,0.6573852973198355,11
88832,2025-06-02 09:45:00,110.04892,0.6666666666666666,0.3393617867374123,0.49796648003991495,0.6814952418287481,7
88833,2025-06-02 09:50:00,109.14892,0.5666666666666667,0.30474977389468705,0.5038531260752996,0.6048385097230555,9
88835,2025-06-02 10:00:00,108.74892,0.9,0.25944189266879075,0.5046422592444328,0.5141105167395925,6
88840,2025-06-02 10:25:00,108.44892,0.4666666666666667,0.17628241375248543,0.5087200027719413,0.34652149078461275,5
88841,2025-06-02 10:30:00,108.14892,0.6333333333333333,0.25193344651542504,0.509225170687575,0.4947387934010705,8
88842,2025-06-02 10:35:00,108.24892,0.2,0.16374622565101996,0.5090007135107513,0.3217013676102858,5
88843,2025-06-02 10:40:00,108.54892,0.5333333333333333,0.22392260356540666,0.5103299816135243,0.43878002788984577,6
88852,2025-06-02 11:25:00,108.34892,0.03333333333333333,0.10928381783503871,0.5072316538005929,0.21545149443295838,3
88853,2025-06-02 11:30:00,108.44892,0.0,0.15098721777001817,0.5070385115941075,0.2977825437663912,4
88854,2025-06-02 11:35:00,108.04892,0.3333333333333333,0.1905748840865662,0.5066580477091412,0.3761410382174964,5
88861,2025-06-02 13:10:00,109.34892,0.03333333333333333,0.1928430162837093,0.5130279065456411,0.37589186440592426,3
88862,2025-06-02 13:15:00,109.44892,0.4666666666666667,0.18987573719657966,0.513027906545641,0.37010800927977894,3
88876,2025-06-02 14:25:00,110.24892,0.1,0.17619301850703495,0.3115600853232908,0.565518584719246,3
88878,2025-06-02 14:35:00,110.44892,0.16666666666666666,0.16251849317626155,0.3093416821224336,0.5253688803306459,3
88880,2025-06-02 14:45:00,110.64892,0.4666666666666667,0.15024633117173886,0.3089159074137817,0.4863664433132908,4
88887,2025-06-02 15:20:00,111.24892,0.26666666666666666,0.15960509623731606,0.30500702078190317,0.5232833520623857,7
88892,2025-06-02 15:45:00,111.14892,0.4666666666666667,0.1358588795798449,0.32082436413907517,0.42346808648532386,7
88896,2025-06-03 09:35:00,111.24892,0.5333333333333333,0.8597826556487006,0.32050936401799823,2.6825508149597135,25
88898,2025-06-03 09:45:00,112.04892,0.7333333333333333,0.3141133264498849,0.3274908862603867,0.9591513523833901,9
88901,2025-06-03 10:00:00,112.04892,0.6,0.13617242162650015,0.3289643275852095,0.413942820566854,5
88906,2025-06-03 10:25:00,111.84892,0.5,0.18799682437883547,0.32773380664116464,0.5736265852630607,7
88915,2025-06-03 11:10:00,112.34892,0.4666666666666667,0.14331169143665942,0.32816936656196033,0.4367003932696482,4
88918,2025-06-03 11:25:00,111.74892,0.4,0.15117054123473037,0.33105126384279027,0.4566378617014381,7
88923,2025-06-03 11:50:00,111.44892,0.4666666666666667,0.127151727706051,0.3289084946877585,0.3865869375820149,6
88924,2025-06-03 11:55:00,111.34892,0.4666666666666667,0.1424238138589796,0.32890849468775846,0.43301956671622693,8
88926,2025-06-03 13:05:00,111.54892,0.5333333333333333,0.20944193163318098,0.3267516740027903,0.6409819697859985,8
88927,2025-06-03 13:10:00,111.64892,0.06666666666666667,0.14338654978860635,0.32690776507860203,0.43861469535338304,8
88930,2025-06-03 13:25:00,111.64892,0.5666666666666667,0.15182131533121765,0.24837395899692302,0.6112610031436447,7
88936,2025-06-03 13:55:00,111.84892,0.06666666666666667,0.12424103904718868,0.2248059168141934,0.5526591150617997,7
88963,2025-06-04 09:40:00,111.64892,0.16666666666666666,0.25942417706441906,0.18724777273725196,1.385459347644395,12
88964,2025-06-04 09:45:00,111.24892,0.3333333333333333,0.21114468710115142,0.18982375470746427,1.112319622096532,12
88965,2025-06-04 09:50:00,112.14892,0.3333333333333333,0.19921722315575732,0.2094200308263151,0.9512806505170482,12
88966,2025-06-04 09:55:00,112.44892,0.5,0.16142536906434432,0.20862926640070917,0.7737426864853109,12
88967,2025-06-04 10:00:00,111.84892,0.6666666666666666,0.20810040440812494,0.2161521757591151,0.9627495243908012,9
88970,2025-06-04 10:15:00,111.84892,0.6666666666666666,0.10979862149693906,0.21587349815905546,0.5086248308999908,6
88974,2025-06-04 10:35:00,112.34892,0.23333333333333334,0.14951810874786423,0.22102985895839558,0.6764611326834715,8
88975,2025-06-04 10:40:00,112.04892,0.23333333333333334,0.11043863317455262,0.22263964468753816,0.4960420832935969,4
88980,2025-06-04 11:05:00,112.44892,0.13333333333333333,0.12742198477908825,0.22609571765850847,0.5635754011561797,7
88984,2025-06-04 11:25:00,113.04892,0.3,0.1159066000641318,0.22668611162745517,0.5113087839038734,12
88987,2025-06-04 11:40:00,113.34892,0.16666666666666666,0.1338727247100185,0.22354518959403635,0.5988620240638356,13
88998,2025-06-04 13:35:00,112.84892,0.4,0.13993785148149096,0.19169045380133987,0.730019929038912,11
89000,2025-06-04 13:45:00,112.84892,0.26666666666666666,0.11399530994216031,0.19263026167370104,0.5917829781867736,10
89008,2025-06-04 14:25:00,112.84892,0.7666666666666667,0.11482842712994655,0.1896785739942892,0.6053842809541777,11
89011,2025-06-04 14:40:00,112.54892,0.13333333333333333,0.10698312889365619,0.19064970888733826,0.5611502347316792,7
89013,2025-06-04 14:50:00,112.44892,0.5,0.12289575914474342,0.1904033705746065,0.6454494937451157,8
89017,2025-06-04 15:10:00,112.54892,0.6666666666666666,0.10868369958235681,0.18623150992309534,0.5835945787436184,9
89018,2025-06-04 15:15:00,112.74892,0.16666666666666666,0.1013502164165283,0.1849119502464473,0.5480998728392111,10
89019,2025-06-04 15:20:00,112.74892,0.06666666666666667,0.11248880224366756,0.1845971686732367,0.609374472274755,9
89025,2025-06-04 15:50:00,112.74892,0.23333333333333334,0.12454596341510632,0.18161604925783906,0.68576518388135,11
89029,2025-06-05 09:40:00,115.94892,0.6333333333333333,0.34296183675514663,0.3760941253778909,0.9119042644193028,11
89032,2025-06-05 09:55:00,115.94892,0.9,0.2935671376474692,0.3811789850329525,0.7701556202582645,10
89033,2025-06-05 10:00:00,116.04892,0.5666666666666667,0.3064878896864858,0.38089782721895943,0.8046459385821096,11
89037,2025-06-05 10:20:00,116.04892,0.5333333333333333,0.13705259584955828,0.38114418626739677,0.35958201853145205,8
89047,2025-06-05 11:10:00,115.94892,0.16666666666666666,0.11432673737822253,0.3863870726370519,0.2958865486827868,7
89048,2025-06-05 11:15:00,115.94892,0.43333333333333335,0.0969750012862612,0.3863870726370519,0.2509788969501925,6
89054,2025-06-05 11:45:00,115.54892,0.4666666666666667,0.10623407675325966,0.38702557675368715,0.2744885173851694,4
89055,2025-06-05 11:50:00,115.54892,0.3,0.10179500266319885,0.38702557675368715,0.2630187997316357,4
89057,2025-06-05 12:00:00,115.54892,0.3333333333333333,0.0866321736441407,0.38676449793059337,0.2239920522893682,4
89058,2025-06-05 13:05:00,115.54892,0.03333333333333333,0.12492673905217187,0.3865375590583658,0.32319430835260277,8
89059,2025-06-05 13:10:00,115.54892,0.0,0.06438788771615574,0.3865375590583658,0.1665760188298633,5
89062,2025-06-05 13:25:00,115.64892,0.13333333333333333,0.10327644920388948,0.3861017796204768,0.2674850380265179,4
89073,2025-06-05 14:20:00,115.84892,0.13333333333333333,0.0942900484932498,0.36771561566331706,0.2564211158755423,4
89080,2025-06-05 14:55:00,116.04892,0.0,0.08070758954106125,0.36412705389244227,0.2216467814690338,4
89082,2025-06-05 15:05:00,116.14892,0.0,0.08414104041962785,0.36320681700539614,0.23166151206456503,5
89084,2025-06-05 15:15:00,116.54892,0.0,0.0647766245099501,0.36352972622721086,0.17818797153733684,4
89085,2025-06-05 15:20:00,116.34892,0.06666666666666667,0.09596039648613816,0.36421950997129404,0.2634685783133948,5
89091,2025-06-05 15:50:00,116.34892,0.03333333333333333,0.07974334576123315,0.36327703907860964,0.21951110910694652,6
89095,2025-06-06 09:40:00,115.14892,0.7333333333333333,0.25717453149381664,0.38213337425941346,0.6729967828437623,12
89099,2025-06-06 10:00:00,115.14892,1.0,0.11466099389655643,0.38529230221628796,0.29759482148228916,9
89106,2025-06-06 10:35:00,114.44892,0.13333333333333333,0.12675101672911487,0.3925331024340222,0.3229052937017445,3
89112,2025-06-06 11:05:00,114.74892,0.2,0.17967251078195545,0.3984384374657619,0.45094171115806275,5
89114,2025-06-06 11:15:00,114.54892,0.23333333333333334,0.12200103661540766,0.399333696656797,0.3055114998728998,3
89116,2025-06-06 11:25:00,114.44892,0.23333333333333334,0.143824240271284,0.3994128943045284,0.3600891266210014,3
89117,2025-06-06 11:30:00,114.54892,0.16666666666666666,0.12064644868182256,0.39908066989464996,0.3023109305536423,3
89118,2025-06-06 11:35:00,114.14892,0.5333333333333333,0.13105945226632737,0.4012631824852634,0.32661718788800315,3
89123,2025-06-06 12:00:00,114.44892,0.3333333333333333,0.11929250816982166,0.40160376380677076,0.2970403141620419,3
89125,2025-06-06 13:10:00,114.54892,0.8,0.10009390998435864,0.40160376380677076,0.2492354878240589,3
89126,2025-06-06 13:15:00,114.64892,0.7333333333333333,0.11256894767789664,0.4010775202212325,0.2806663101332733,3
89128,2025-06-06 13:25:00,114.24892,0.7666666666666667,0.13229769808827554,0.22920169056457057,0.5772108301749402,4
89129,2025-06-06 13:30:00,114.14892,0.5333333333333333,0.11045245307821995,0.22608217912788278,0.48855001975075096,3
89132,2025-06-06 13:45:00,114.14892,0.8,0.11609854968674016,0.22096060605829676,0.5254264629239364,3
89136,2025-06-06 14:05:00,113.94892,0.3333333333333333,0.10675124252282622,0.22214415524983291,0.4805494090212239,5
89138,2025-06-06 14:15:00,113.84892,1.0,0.0921754237064757,0.22194197204496585,0.41531316883045805,3
89140,2025-06-06 14:25:00,114.14892,0.06666666666666667,0.10962838726508727,0.2175495890399701,0.5039236697659097,3
89143,2025-06-06 14:40:00,114.44892,0.6,0.11422409595583055,0.21503529843612362,0.5311876551735569,3
89145,2025-06-06 14:50:00,114.54892,0.8,0.09757886042214695,0.21320550195209895,0.45767515157310557,3
89147,2025-06-06 15:00:00,114.54892,0.8666666666666667,0.07945691977841297,0.21320550195209895,0.3726776234708269,2
89151,2025-06-06 15:20:00,114.24892,0.13333333333333333,0.11996763341498465,0.2149498746863811,0.5581191130723911,3
89152,2025-06-06 15:25:00,114.14892,0.7666666666666667,0.13235098396487083,0.21494987468638105,0.6157295237225668,3
89159,2025-06-06 16:00:00,114.34892,0.4,0.11137903917715405,0.21625599752059146,0.5150332959739014,3
89163,2025-06-09 09:50:00,116.74892,0.3333333333333333,0.238518178467015,0.2730637654804555,0.8734889378213269,9
89164,2025-06-09 09:55:00,116.84892,0.5666666666666667,0.2313114739973682,0.2725401527925661,0.8487243865802865,6
89168,2025-06-09 10:15:00,117.24892,0.7333333333333333,0.1654071848892995,0.28164253604595446,0.5872947574307834,3
89173,2025-06-09 10:40:00,118.14892,0.6666666666666666,0.18623557201844176,0.28588178511708007,0.6514425952047656,2
89175,2025-06-09 10:50:00,117.74892,0.9333333333333333,0.15912724347730875,0.28862741575250084,0.5513240766211932,3
89177,2025-06-09 11:00:00,117.44892,0.43333333333333335,0.15055847655206828,0.28955211007085596,0.5199702275187195,3
89178,2025-06-09 11:05:00,117.44892,0.13333333333333333,0.11094700680167269,0.2893265033280003,0.38346644889250114,4
89179,2025-06-09 11:10:00,117.64892,0.6666666666666666,0.14208815309823067,0.2897951455864451,0.4903054977359728,2
89181,2025-06-09 11:20:00,117.24892,0.8333333333333334,0.13177944850947143,0.2926330790725006,0.45032314503591286,5
89182,2025-06-09 11:25:00,117.14892,0.9333333333333333,0.1288585380600557,0.2922143836215231,0.4409726053285373,5
89186,2025-06-09 11:45:00,116.74892,0.5333333333333333,0.15540976835910406,0.2938335051732039,0.5289041774439432,9
89192,2025-06-09 13:15:00,116.94892,0.16666666666666666,0.10210328021272297,0.2966740781085689,0.3441597623347394,6
89193,2025-06-09 13:20:00,116.94892,0.4666666666666667,0.07444081895842715,0.2960405998016925,0.25145476332736966,5
89208,2025-06-09 14:35:00,116.74892,0.7666666666666667,0.08961514593965747,0.2538952735230711,0.3529610642063184,5
89209,2025-06-09 14:40:00,116.54892,0.03333333333333333,0.09395518584959694,0.25458553476339524,0.369051548576459,4
89213,2025-06-09 15:00:00,116.84892,0.13333333333333333,0.09070681988198696,0.24856285217316956,0.3649250846976645,3
89218,2025-06-09 15:25:00,116.84892,0.23333333333333334,0.08443113180154262,0.24487398607075006,0.3447942068339934,4
89219,2025-06-09 15:30:00,116.94892,0.0,0.06505203247070312,0.24496563520707268,0.2655557479142484,2
89221,2025-06-09 15:40:00,116.84892,0.2,0.08178153189814424,0.24519044693843633,0.33354289663119857,4
89222,2025-06-09 15:45:00,117.04892,0.03333333333333333,0.09233320402751098,0.24519044693843622,0.37657749386416556,4
89232,2025-06-10 10:05:00,116.84892,0.4666666666666667,0.13894892802610104,0.2617116942691953,0.5309236502178571,8
89237,2025-06-10 10:30:00,117.64892,0.0,0.10566849502046949,0.27106489241585235,0.3898272995765121,5
89239,2025-06-10 10:40:00,117.74892,0.4,0.0662485430462952,0.270597746657039,0.24482296643164558,4
89248,2025-06-10 11:25:00,116.84892,0.3333333333333333,0.10105331474120428,0.2787366370709585,0.36254048195135163,4
89249,2025-06-10 11:30:00,116.84892,0.0,0.0977478848997992,0.27819436163705324,0.3513654422203069,4
89250,2025-06-10 11:35:00,116.84892,0.0,0.0745956590884428,0.27728330645306876,0.2690232601545683,3
89251,2025-06-10 11:40:00,117.04892,0.2,0.10435583284076828,0.2775260567446353,0.37602174752474127,4
89252,2025-06-10 11:45:00,117.14892,0.03333333333333333,0.12251262522218996,0.2775260567446353,0.44144548681034135,5
89253,2025-06-10 11:50:00,117.24892,0.13333333333333333,0.12465626603422328,0.27730538344243105,0.4495270322081651,6
89257,2025-06-10 13:10:00,117.64892,0.26666666666666666,0.12095132637505146,0.27700719562848064,0.43663604514183885,6
89262,2025-06-10 13:35:00,115.94892,0.5666666666666667,0.23144626260614742,0.23981338185455386,0.9651098734203203,9
89263,2025-06-10 13:40:00,116.44892,0.13333333333333333,0.157628980928827,0.24491564902061608,0.6436051822705636,7
89267,2025-06-10 14:00:00,116.54892,0.6666666666666666,0.11116695622510886,0.23751768684913996,0.46803653950923185,5
89272,2025-06-10 14:25:00,116.34892,0.7333333333333333,0.12448708748980851,0.2332742939868803,0.5336511167270315,6
89274,2025-06-10 14:35:00,116.24892,0.7666666666666667,0.11200802875608772,0.23022327167542384,0.48651914266078294,4
89275,2025-06-10 14:40:00,116.34892,0.7333333333333333,0.10453876334756544,0.22974413843666366,0.45502254838325246,5
89276,2025-06-10 14:45:00,116.34892,1.0,0.09686279270701204,0.229575316700552,0.4219216338198746,5
89286,2025-06-10 15:35:00,116.44892,0.8666666666666667,0.09321032431153554,0.2240011441951899,0.4161153937245696,4
89292,2025-06-11 09:35:00,116.84892,0.43333333333333335,0.5965280535487733,0.2254042158080222,2.6464813508938048,25
89298,2025-06-11 10:05:00,118.4,0.7,0.14221524691030338,0.2626009285191809,0.5415641434029267,5
89299,2025-06-11 10:10:00,118.6,0.06666666666666667,0.14916165660301406,0.2629327928123216,0.5672995559343711,5
89300,2025-06-11 10:15:00,118.5,0.6,0.1355564053818105,0.2626009285191809,0.5162068776611701,6
89309,2025-06-11 11:00:00,118.3,0.2,0.11955428199492016,0.264916246620352,0.4512908646416534,6
89321,2025-06-11 12:00:00,118.5,0.4,0.1054130137433345,0.26994477820093216,0.3904984361833842,6
89326,2025-06-11 13:25:00,118.6,0.6666666666666666,0.08806106243972635,0.2637740965940285,0.33385030439611385,6
89330,2025-06-11 13:45:00,118.7,0.0,0.09946631630923362,0.25597858593288186,0.38857280169253655,5
89332,2025-06-11 13:55:00,118.9,0.0,0.1014708815600725,0.24960334501890732,0.4065285325097952,4
89338,2025-06-11 14:25:00,118.8,0.1,0.08316405014599469,0.24585981638329832,0.33825800152856605,5
89342,2025-06-11 14:45:00,118.7,0.23333333333333334,0.10727643896589145,0.23940473621546313,0.4480965609190921,3
89343,2025-06-11 14:50:00,118.6,0.4,0.12045699281441698,0.2375778693103423,0.5070211007619859,4
89349,2025-06-11 15:20:00,118.3,0.0,0.09278540970456234,0.23813560656973354,0.38963265947963927,2
89350,2025-06-11 15:25:00,118.4,0.0,0.09230802778486344,0.23755868194046112,0.388569371705802,2
89354,2025-06-11 15:45:00,118.4,0.13333333333333333,0.10385764588460043,0.23690513520853576,0.4383933923305619,4
89355,2025-06-11 15:50:00,118.4,0.16666666666666666,0.10991906261868203,0.23690513520853576,0.46397923169510774,4
89360,2025-06-12 09:45:00,115.3,0.9333333333333333,0.2825312463501725,0.34515848650846753,0.8185551200209049,9
89363,2025-06-12 10:00:00,115.5,0.7,0.1560932900955664,0.341151994616765,0.4575476402267989,14
89370,2025-06-12 10:35:00,116.0,0.6333333333333333,0.13611516585012157,0.34089589773307044,0.3992866055452007,3
89378,2025-06-12 11:15:00,115.8,0.7,0.06668238539942366,0.3424473962416041,0.19472300309848986,6
89379,2025-06-12 11:20:00,115.9,0.3,0.1062976327581252,0.3420582607096974,0.31075885300235245,5
89380,2025-06-12 11:25:00,115.8,1.0,0.08770332490871556,0.3421910034159502,0.2562993300034478,4
89381,2025-06-12 11:30:00,115.9,0.06666666666666667,0.0629666019107287,0.34219100341595027,0.18401010336963666,6
89383,2025-06-12 11:40:00,115.8,0.5666666666666667,0.11067344799832415,0.3415613540589652,0.3240221608303442,10
89386,2025-06-12 11:55:00,115.9,1.0,0.08662033081054688,0.3418956896727346,0.2533530940195841,2
89391,2025-06-12 13:20:00,115.7,0.5333333333333333,0.07836140681988307,0.3390730629478786,0.23110478354905054,10
89394,2025-06-12 13:35:00,115.4,0.9666666666666667,0.08718280637172139,0.30841015679415495,0.28268461479337925,12
89397,2025-06-12 13:50:00,115.2,0.9,0.10874446199082603,0.30643874363675694,0.354865252024817,11
89405,2025-06-12 14:30:00,115.1,1.0,0.062459003230283326,0.3039984534299275,0.20545829271687496,8
89406,2025-06-12 14:35:00,115.1,0.9,0.0914176293594275,0.3035685455557482,0.3011432860808015,8
89416,2025-06-12 15:25:00,115.2,0.6666666666666666,0.13449821698455958,0.3010575516799555,0.44675251038891145,13
89427,2025-06-13 09:50:00,113.5,0.3,0.21678866827924062,0.31857439306053337,0.6804962137620644,10
89431,2025-06-13 10:10:00,113.0,0.5333333333333333,0.2268408881380204,0.3212724674906243,0.7060701152196937,7
89437,2025-06-13 10:40:00,112.5,0.1,0.17578486522294778,0.3230081293202689,0.5442118921058289,4
89438,2025-06-13 10:45:00,112.4,0.43333333333333335,0.20878803325268444,0.32300812932026884,0.6463863113663837,4
89442,2025-06-13 11:05:00,112.4,0.0,0.1292869148833135,0.3217960514117824,0.40176662925510254,3
89460,2025-06-13 13:35:00,112.0,0.7666666666666667,0.14068458475471796,0.19788185579834877,0.7109524225307569,3
89470,2025-06-13 14:25:00,111.7,0.4,0.11707735702963297,0.19288433555200005,0.6069821932122107,2
89479,2025-06-13 15:10:00,111.0,0.26666666666666666,0.11361444817847813,0.18982375470746443,0.5985259766543353,4
89491,2025-06-16 09:40:00,111.0,0.1,0.2200504984067624,0.23369817119715694,0.9416012854508784,12
89495,2025-06-16 10:00:00,110.6,0.9,0.1478347286510769,0.24009401960731694,0.6157368221535311,5
89505,2025-06-16 10:50:00,111.8,0.3333333333333333,0.14823301185623808,0.25858980426282613,0.5732361037157391,3
89507,2025-06-16 11:00:00,111.9,0.2,0.14599868271359792,0.25936986577612886,0.5628976299028294,3
89508,2025-06-16 11:05:00,111.7,0.7333333333333333,0.15177809820874294,0.25954682551956165,0.5847811773652521,3
89532,2025-06-16 14:05:00,112.1,0.26666666666666666,0.14457304328636594,0.23775812419312736,0.6080677317631066,3
89533,2025-06-16 14:10:00,112.1,0.13333333333333333,0.10562390600584468,0.2357412162275964,0.4480502293831812,3
89536,2025-06-16 14:25:00,112.2,0.16666666666666666,0.11853680735606188,0.23113883424878603,0.5128381292624974,3
89537,2025-06-16 14:30:00,112.2,0.2,0.13990275582495412,0.2309312714145287,0.6058198829807869,3
89538,2025-06-16 14:35:00,112.3,0.4666666666666667,0.12549436500273586,0.23115649056492582,0.5428978641094561,4
89542,2025-06-16 14:55:00,112.7,0.03333333333333333,0.09638127936234787,0.23221341277924495,0.41505474730683756,7
89544,2025-06-16 15:05:00,113.1,0.06666666666666667,0.13340846355946728,0.23241105059600464,0.5740194505267673,7
89548,2025-06-16 15:25:00,113.2,0.6,0.15380049570002766,0.23495218737872042,0.654603378738143,8
89550,2025-06-16 15:35:00,113.3,0.16666666666666666,0.1341261010614261,0.23470452848693857,0.5714678874161148,6
89559,2025-06-17 09:50:00,115.2,0.06666666666666667,0.19272701391234712,0.3070972875258154,0.6275764122343347,12
89561,2025-06-17 10:00:00,115.3,0.06666666666666667,0.15588012019780215,0.3133918759499635,0.49739681261772767,8
89564,2025-06-17 10:15:00,114.9,0.7666666666666667,0.08295629685661596,0.3220686122566402,0.2575733669771964,8
89573,2025-06-17 11:00:00,114.1,0.9,0.11339058567885155,0.32512702265283294,0.3487578016544284,7
89574,2025-06-17 11:05:00,114.1,0.9333333333333333,0.09851288400669667,0.3243163640166535,0.30375551448165,6
89576,2025-06-17 11:15:00,114.4,0.23333333333333334,0.1341525527441803,0.3247879233964289,0.4130466162081916,9
89586,2025-06-17 13:05:00,114.7,0.6333333333333333,0.10585242750884287,0.3240236525557504,0.3266811748893247,16
89587,2025-06-17 13:10:00,114.5,0.0,0.09703794450240155,0.32460881152919346,0.29893810967504963,4
89589,2025-06-17 13:20:00,114.5,0.26666666666666666,0.08982037587744846,0.314415743027158,0.2856739138208169,7
89591,2025-06-17 13:30:00,114.3,0.0,0.10085096432889083,0.29761833923567765,0.33886004668895453,4
89592,2025-06-17 13:35:00,114.4,0.1,0.11883502115682926,0.29740571303713664,0.399572086034509,9
89593,2025-06-17 13:40:00,114.4,0.7333333333333333,0.10878472800621056,0.2925284613920767,0.3718774148967545,7
89594,2025-06-17 13:45:00,114.7,0.23333333333333334,0.12303718644701803,0.29336435821126433,0.41940059520936634,14
89597,2025-06-17 14:00:00,114.3,0.5666666666666667,0.104703566764883,0.29116501088719804,0.35960215977134297,6
89600,2025-06-17 14:15:00,114.6,0.23333333333333334,0.11645338826649532,0.28509910888594925,0.4084663355194183,10
89604,2025-06-17 14:35:00,114.6,0.5333333333333333,0.10722743550363857,0.2799857153789152,0.38297466482718107,13
89606,2025-06-17 14:45:00,115.1,0.0,0.06814095145912552,0.2817077369477425,0.24188526803495583,10
89612,2025-06-17 15:15:00,114.7,0.4666666666666667,0.11925296957887947,0.2799055330607386,0.42604720340773666,12
89616,2025-06-17 15:35:00,114.5,0.06666666666666667,0.0896336898312768,0.2809860637897844,0.3189969232720913,7
89618,2025-06-17 15:45:00,114.4,0.43333333333333335,0.1271182058564594,0.282857141384842,0.4494078008216465,9
89620,2025-06-17 15:55:00,114.7,0.1,0.12287118641739125,0.2826478500935998,0.43471473912397374,15
89629,2025-06-18 10:10:00,111.6,0.5,0.22397968783009495,0.35442888526577987,0.6319453553062883,4
89631,2025-06-18 10:20:00,111.6,0.3,0.24626302062279098,0.35487193233380715,0.693948994509788,4
89632,2025-06-18 10:25:00,112.0,0.5,0.22317873817272757,0.3571760592084896,0.6248423779222404,6
89643,2025-06-18 11:20:00,111.6,0.0,0.1649900689936365,0.3551535836117233,0.46455977528306247,3
89645,2025-06-18 11:30:00,111.9,0.1,0.1193275736468738,0.35590547519638904,0.33527883655352225,5
89649,2025-06-18 11:50:00,112.0,0.6333333333333333,0.11326501472256982,0.35409479545879036,0.31987201217068334,3
89650,2025-06-18 11:55:00,111.9,0.43333333333333335,0.12432479127995588,0.3540947954587904,0.351105954886662,3
89653,2025-06-18 13:10:00,111.8,1.0,0.12278699422748562,0.3540947954587904,0.34676305837365967,5
89655,2025-06-18 13:20:00,112.1,0.06666666666666667,0.08903056687152092,0.3546734926652211,0.25102120319873333,5
89656,2025-06-18 13:25:00,111.9,0.4,0.13294128623659518,0.29822793982358387,0.44577072931274087,3
89658,2025-06-18 13:35:00,112.2,0.5666666666666667,0.11833584506771178,0.28900894588039655,0.40945391744615367,6
89659,2025-06-18 13:40:00,112.2,0.23333333333333334,0.12232227608690464,0.28659825067517825,0.42680747631478394,8
89662,2025-06-18 13:55:00,112.1,0.3,0.11248023445919328,0.272592559321806,0.41263134525402084,5
89675,2025-06-18 15:00:00,112.2,0.26666666666666666,0.11100548547052941,0.2630649017571056,0.4219699577141748,6
89677,2025-06-18 15:10:00,112.4,0.4,0.11335153228264255,0.26502401937143577,0.42770286463650076,6
89682,2025-06-18 15:35:00,112.1,0.3,0.09325903865365201,0.26346021438311984,0.3539776921233205,6
89684,2025-06-18 15:45:00,112.1,0.23333333333333334,0.10691162887783483,0.2634602143831199,0.40579800304256014,5
89696,2025-06-19 10:15:00,111.7,0.6333333333333333,0.1701088902755983,0.2728768762891143,0.6233906389904844,7
89697,2025-06-19 10:20:00,111.4,0.7,0.17245477723981567,0.27393671224216987,0.6295424071796535,5
89701,2025-06-19 10:40:00,111.0,0.8,0.14973735004639338,0.27608852749209545,0.5423526700169765,3
89710,2025-06-19 11:25:00,110.5,1.0,0.16380503255297735,0.2771508075865976,0.5910321314932319,3
89713,2025-06-19 11:40:00,110.4,0.5,0.12744522094726562,0.2762732441222174,0.46130135168241837,2
89715,2025-06-19 11:50:00,110.2,1.0,0.10274353027343751,0.2756669107622733,0.3727089696377828,2
89716,2025-06-19 11:55:00,110.1,1.0,0.10876172536235837,0.2746211830953191,0.3960427383513527,2
89718,2025-06-19 13:05:00,110.1,0.23333333333333334,0.23885046903156593,0.27386966127745427,0.8721319036123144,4
89719,2025-06-19 13:10:00,109.6,0.43333333333333335,0.15218575321313454,0.27720234244919406,0.5490060144099514,2
89726,2025-06-19 13:45:00,110.3,0.8666666666666667,0.13358758755285396,0.18768318263275158,0.7117717510910448,3
89733,2025-06-19 14:20:00,110.1,0.0,0.10148925781250001,0.17829928101037132,0.5692073307160256,2
89735,2025-06-19 14:30:00,110.0,0.16666666666666666,0.09411063383390496,0.17960493552236628,0.5239869024767714,2
89736,2025-06-19 14:35:00,110.0,0.3,0.11574262114068076,0.17824777175579062,0.6493355849589784,2
89737,2025-06-19 14:40:00,109.8,0.23333333333333334,0.10757100954397208,0.17897325321052485,0.6010451707967622,2
89740,2025-06-19 14:55:00,109.8,0.13333333333333333,0.08820737339111541,0.17829928101037126,0.49471525006309247,2
89742,2025-06-19 15:05:00,109.9,0.4,0.12370416567519354,0.17980932888934625,0.6879741248092888,2
89750,2025-06-19 15:45:00,110.0,0.06666666666666667,0.14766681449979915,0.1805511407244388,0.8178669705840936,3
89756,2025-06-20 09:45:00,110.7,0.43333333333333335,0.1595093705542917,0.20183324682652842,0.7903027527044976,8
89761,2025-06-20 10:10:00,110.4,0.1,0.15334736240108066,0.2074571412670769,0.7391761086867759,5
89766,2025-06-20 10:35:00,110.8,0.4,0.12318098863081033,0.2080562896214773,0.5920560673984766,6
89772,2025-06-20 11:05:00,110.7,0.5333333333333333,0.11715957776846925,0.2077520203241857,0.5639395351518032,6
89773,2025-06-20 11:10:00,110.5,0.9,0.08850281278817289,0.20826705404218013,0.42494869481492015,5
89774,2025-06-20 11:15:00,110.6,0.1,0.08503767543310005,0.20826705404218004,0.4083107423024166,3
89775,2025-06-20 11:20:00,111.0,0.0,0.11775849558671629,0.21003301152925444,0.5606666053555791,6
89783,2025-06-20 12:00:00,111.0,0.5333333333333333,0.11655501097468811,0.21267364332096272,0.5480463359476363,6
89786,2025-06-20 13:15:00,111.2,0.0,0.11823228964404311,0.21418905511602818,0.5519996788817972,6
89788,2025-06-20 13:25:00,110.8,0.13333333333333333,0.09991419643814907,0.21201055314640466,0.47126992008342605,4
89800,2025-06-20 14:25:00,110.3,0.0,0.10043067607362591,0.1939762170429359,0.5177473692632946,2
89803,2025-06-20 14:40:00,110.2,0.06666666666666667,0.08601068047551273,0.19165319152535704,0.4487829281159293,3
89804,2025-06-20 14:45:00,110.4,0.23333333333333334,0.1192478998790375,0.19275734047477347,0.6186425875420485,6
89812,2025-06-20 15:25:00,110.6,0.5666666666666667,0.1368689420517083,0.18693692447799812,0.7321664376040237,6
89820,2025-06-23 09:35:00,111.7,0.1,0.9107520032078456,0.22293274839079016,4.085321738425536,23
89823,2025-06-23 09:50:00,109.2,0.7666666666666667,0.21629587910669845,0.352448545965665,0.6136949111651879,4
89825,2025-06-23 10:00:00,108.9,0.8666666666666667,0.18886275917568873,0.3510475236209836,0.5379976968007291,3
89831,2025-06-23 10:30:00,109.2,0.6666666666666666,0.14562672282917455,0.352622197315178,0.41298229078588494,3
89836,2025-06-23 10:55:00,109.7,0.7,0.11806007820159144,0.3546217075328662,0.33291836256428176,6
89837,2025-06-23 11:00:00,109.4,0.9333333333333333,0.1276868688427009,0.35574776714577094,0.3589252853704631,3
89839,2025-06-23 11:10:00,109.4,0.8333333333333334,0.15571899253245705,0.35814313258531016,0.4347954165932934,3
89841,2025-06-23 11:20:00,109.7,0.13333333333333333,0.1135754092663892,0.35816022541123455,0.3171078227237084,4
89844,2025-06-23 11:35:00,109.8,0.7333333333333333,0.13387556632072464,0.36473179560637814,0.36705208576113385,6
89849,2025-06-23 12:00:00,109.9,0.26666666666666666,0.10649352263487709,0.3674907954581376,0.289785550960849,8
89853,2025-06-23 13:20:00,110.3,0.6,0.18757808759386144,0.3745582031761886,0.500798236437573,7
89854,2025-06-23 13:25:00,110.6,0.6,0.11272920194206722,0.36472060579825705,0.30908372093575287,4
89858,2025-06-23 13:45:00,110.5,0.2,0.16937362932586544,0.3696721303130805,0.4581725681685026,8
89861,2025-06-23 14:00:00,110.6,0.26666666666666666,0.16508457947336783,0.3694098349538028,0.4468873426015113,8
89863,2025-06-23 14:10:00,111.0,0.13333333333333333,0.1049786948441059,0.370617609550501,0.28325339147113926,5
89876,2025-06-23 15:15:00,110.6,0.23333333333333334,0.10746605569919658,0.3693987868526245,0.29092151767696867,6
89877,2025-06-23 15:20:00,110.7,0.3,0.14190454711703604,0.36940983495380236,0.38413851957889084,8
89879,2025-06-23 15:30:00,110.7,0.3333333333333333,0.12328804930259682,0.3697990696349394,0.33339199426408805,7
89890,2025-06-24 09:55:00,112.2,0.1,0.1776299847452922,0.41569307742481876,0.42731042298248983,12
89894,2025-06-24 10:15:00,112.8,0.06666666666666667,0.1930648072217374,0.4239850108910209,0.45535762411978725,8
89899,2025-06-24 10:40:00,113.0,0.06666666666666667,0.15128460780761438,0.4239826044216412,0.35681795958110873,10
89901,2025-06-24 10:50:00,112.7,0.3,0.14825390495581364,0.4245837972384974,0.3491746645068898,8
89904,2025-06-24 11:05:00,113.1,0.4,0.1424416722161343,0.42469672645102713,0.3353962094467889,8
89909,2025-06-24 11:30:00,113.5,0.06666666666666667,0.07643035121807043,0.424848052565379,0.1799004391253711,6
89912,2025-06-24 11:45:00,113.1,0.9333333333333333,0.0858111565522946,0.42577165463140276,0.2015426710981563,6
89916,2025-06-24 13:05:00,113.1,0.9,0.09059878323125653,0.42689646015765126,0.21222659751687503,7
89924,2025-06-24 13:45:00,112.8,0.5333333333333333,0.14786544723428152,0.294672624997411,0.5017956698067243,5
89926,2025-06-24 13:55:00,112.7,0.16666666666666666,0.10929187391225938,0.29557495603870393,0.36976026445876625,5
89931,2025-06-24 14:20:00,112.6,0.13333333333333333,0.10387841744911376,0.2957613015165224,0.35122383123307527,5
89932,2025-06-24 14:25:00,113.0,0.2,0.11343613405930919,0.29770403264304857,0.38103660555824836,5
89945,2025-06-24 15:30:00,113.2,0.23333333333333334,0.07255470968233264,0.28013508482229266,0.25899901016810756,5
89947,2025-06-24 15:40:00,112.9,0.6666666666666666,0.1372680023994276,0.28150121561806724,0.48762845339065564,8
89948,2025-06-24 15:45:00,112.9,0.5,0.13080182720429914,0.28121473353018633,0.4651314871105732,8
89960,2025-06-25 10:15:00,114.7,0.2,0.13083608609870243,0.3360525755553649,0.3893321926858647,9
89967,2025-06-25 10:50:00,113.9,0.3,0.12161762542344873,0.3369500757313367,0.3609366318125394,7
89973,2025-06-25 11:20:00,114.2,0.8333333333333334,0.046549190523679854,0.3350217416692276,0.13894379001121254,6
89976,2025-06-25 11:35:00,114.4,0.5,0.07852982303360534,0.3350217416692276,0.23440216937066463,7
89978,2025-06-25 11:45:00,114.2,0.6666666666666666,0.09646000016904493,0.3346377904097648,0.2882519635661275,7
89980,2025-06-25 11:55:00,114.3,0.3333333333333333,0.09693187948027746,0.33524094495507273,0.2891409326306122,8
89986,2025-06-25 13:25:00,114.6,0.03333333333333333,0.08694630486327135,0.27804394960958684,0.31270705579228136,7
89988,2025-06-25 13:35:00,114.8,0.1,0.09786088558815806,0.2744390723051537,0.35658510563446594,6
89997,2025-06-25 14:20:00,114.9,0.03333333333333333,0.07188487890119484,0.26141523425684465,0.2749835108330634,5
89999,2025-06-25 14:30:00,115.1,0.5,0.11931610107421875,0.2607508798151111,0.45758657136198905,2
90001,2025-06-25 14:40:00,114.8,0.8666666666666667,0.06187458530305722,0.26091517177926915,0.23714445151316196,6
90004,2025-06-25 14:55:00,115.2,0.4666666666666667,0.11983854453794103,0.26257186693859935,0.45640283528914566,2
90011,2025-06-25 15:30:00,115.9,0.13333333333333333,0.13848451416089172,0.2613254498039428,0.5299312189638956,3
90012,2025-06-25 15:35:00,116.1,0.5666666666666667,0.14942966899560647,0.26155960544645623,0.5713025478094941,2
90015,2025-06-25 15:50:00,115.5,0.7,0.10267818979565874,0.26288642902177334,0.3905800317564301,5
90016,2025-06-25 15:55:00,115.7,0.7666666666666667,0.14522861739860904,0.2634602143831201,0.5512354787179351,3
90023,2025-06-26 10:00:00,112.5,0.4666666666666667,0.1438189734798273,0.3740184583179472,0.3845237321350837,15
90026,2025-06-26 10:15:00,112.5,0.36666666666666664,0.15008974518534962,0.37470527138544485,0.4005541332002188,12
90028,2025-06-26 10:25:00,112.4,0.8333333333333334,0.13430410880936422,0.3737592131211197,0.3593332394079123,11
90036,2025-06-26 11:05:00,112.9,0.26666666666666666,0.10210749629245126,0.37497474662443603,0.2723049944339831,10
90038,2025-06-26 11:15:00,113.0,0.3,0.06925445149696015,0.3748386722324677,0.18475802158964505,5
90041,2025-06-26 11:30:00,113.0,0.0,0.07679688597090545,0.37537723772898063,0.2045858892124732,5
90042,2025-06-26 11:35:00,113.0,0.0,0.0740364281421664,0.3748386722324676,0.19751544764903678,8
90045,2025-06-26 11:50:00,113.0,0.6666666666666666,0.09716605145699679,0.3749693045968664,0.2591306815406159,3
90048,2025-06-26 13:05:00,112.9,0.5666666666666667,0.10107774051370542,0.3737592131211196,0.2704354487201641,6
90051,2025-06-26 13:20:00,112.9,0.4666666666666667,0.11075614076211307,0.37334951208985984,0.29665537834011063,3
90059,2025-06-26 14:00:00,112.5,0.36666666666666664,0.07803993805167116,0.30336681651881164,0.2572461251602709,11
90061,2025-06-26 14:10:00,112.3,0.9333333333333333,0.10538534521768858,0.30350804092315137,0.34722422805388636,9
90070,2025-06-26 14:55:00,112.5,0.4666666666666667,0.08097450586770556,0.3025282035572155,0.26765936172424104,12
90071,2025-06-26 15:00:00,112.3,0.9666666666666667,0.07712870974684861,0.30296969090787795,0.2545756623896106,12
90072,2025-06-26 15:05:00,112.4,0.5333333333333333,0.07266389625626218,0.30296969090787795,0.23983883020944372,11
90075,2025-06-26 15:20:00,112.5,0.4666666666666667,0.06825462124289026,0.30473594056174885,0.22397955789878282,12
90076,2025-06-26 15:25:00,112.4,0.7666666666666667,0.06596298322047152,0.3043003687426223,0.21676931741171537,12
90081,2025-06-26 15:50:00,112.4,0.9333333333333333,0.05106989638636739,0.30350804092315137,0.16826538180350337,8
90088,2025-06-27 09:55:00,112.3,0.6333333333333333,0.12602930026879294,0.3119920624567497,0.4039503418016089,17
90097,2025-06-27 10:40:00,112.5,0.8,0.12398956708970035,0.3153780589536635,0.3931458247319524,8
90098,2025-06-27 10:45:00,112.5,0.4666666666666667,0.09037580922957472,0.3151353272195762,0.2867841254960405,12
90100,2025-06-27 10:55:00,112.8,0.36666666666666664,0.12142903383611027,0.3155818093296205,0.3847783054861678,4
90101,2025-06-27 11:00:00,112.8,0.2,0.09954469757445226,0.31480491170797437,0.3162107510787313,4
90105,2025-06-27 11:20:00,112.8,0.6,0.12919207612828132,0.3183244830074988,0.40585026607971564,7
90119,2025-06-27 13:30:00,111.8,1.0,0.11213533309002739,0.1730606977378752,0.6479537789676091,11
90123,2025-06-27 13:50:00,111.6,0.1,0.06325990575858984,0.17026120722539353,0.37154620708665437,5
90125,2025-06-27 14:00:00,111.5,0.5,0.10956674994601223,0.16666360572640684,0.6574125734797542,8
90127,2025-06-27 14:10:00,111.5,0.3333333333333333,0.08924329615135061,0.1670244094487354,0.534312897413608,5
90137,2025-06-27 15:00:00,111.7,0.3,0.08775213928409702,0.15868555059923628,0.552993886038918,9
90139,2025-06-27 15:10:00,112.0,0.43333333333333335,0.0795886207052988,0.16010658627130978,0.4970977306981696,14
90141,2025-06-27 15:20:00,112.0,0.43333333333333335,0.06964073064449884,0.16236568621351571,0.4289128587977586,10
90150,2025-06-30 09:35:00,112.1,0.5666666666666667,1.3997356050308198,0.16433322126541614,8.517666691204779,28
90153,2025-06-30 09:50:00,110.7,0.5,0.1819892556501293,0.21094914283584307,0.8627162604388972,14
90157,2025-06-30 10:10:00,110.8,0.16666666666666666,0.15346246539320238,0.22698747530988572,0.6760834058517713,8
90162,2025-06-30 10:35:00,110.8,0.13333333333333333,0.13539824303711726,0.22594674920470886,0.5992484667900478,10
90172,2025-06-30 11:25:00,110.5,0.7666666666666667,0.10622057764384166,0.22227272153482036,0.4778840017361355,7
90189,2025-06-30 13:50:00,110.7,0.8666666666666667,0.10111374392596365,0.21556133018875864,0.4690718128220042,8
90194,2025-06-30 14:15:00,110.6,0.8666666666666667,0.1014145501522888,0.21060545502904313,0.4815380975687616,6
90201,2025-06-30 14:50:00,110.6,0.1,0.09804374427904504,0.20857546382492836,0.47006365217214546,8
90204,2025-06-30 15:05:00,110.7,0.23333333333333334,0.1025663754506332,0.2026454969369739,0.5061369583876469,7
90205,2025-06-30 15:10:00,110.6,0.13333333333333333,0.07299513562775288,0.20278642571845656,0.35996065993636794,6
90206,2025-06-30 15:15:00,110.5,0.43333333333333335,0.10478131540245547,0.20214642521403361,0.5183436476381539,8
90223,2025-07-02 10:10:00,109.8,0.3,0.18673401924188177,0.2955438870360374,0.6318317767104152,10
90224,2025-07-02 10:15:00,109.5,0.5,0.2139065894326115,0.2967772344109378,0.7207648182893369,7
90228,2025-07-02 10:35:00,109.7,0.5333333333333333,0.147051108963943,0.2988328826038615,0.49208476551382974,6
90232,2025-07-02 10:55:00,109.6,0.2,0.1316841867697047,0.29924913686372,0.4400486769981045,5
90235,2025-07-02 11:10:00,109.7,0.7666666666666667,0.10318404168226439,0.2993854876872459,0.3446527835379114,7
90236,2025-07-02 11:15:00,109.6,0.7666666666666667,0.12161758409236641,0.29924913686372007,0.40640913911057264,4
90240,2025-07-02 11:35:00,109.7,0.6,0.08856205251079205,0.29740571303713564,0.2977819477856961,4
90241,2025-07-02 11:40:00,109.8,0.3,0.09955709318211822,0.2975566247012163,0.3345820086583045,8
90242,2025-07-02 11:45:00,109.9,0.23333333333333334,0.09639695752995947,0.29755662470121635,0.32396172535816986,8
90244,2025-07-02 11:55:00,109.7,0.5666666666666667,0.06803464433191792,0.2978958964228959,0.22838395945990234,4
90245,2025-07-02 12:00:00,109.7,0.5,0.12737014349080217,0.2978958964228959,0.4275659551549723,4
90246,2025-07-02 13:05:00,109.7,0.23333333333333334,0.1593969577288696,0.29779655382604,0.5352545409977528,9
90249,2025-07-02 13:20:00,109.2,0.5333333333333333,0.11332834123650748,0.2968700444358402,0.38174394271362766,3
90253,2025-07-02 13:40:00,108.9,0.0,0.11756826436329519,0.2642143129024924,0.44497310941168977,3
90255,2025-07-02 13:50:00,108.9,0.06666666666666667,0.11432863929346351,0.2548739262734643,0.4485693808114205,3
90258,2025-07-02 14:05:00,109.0,0.2,0.10119608297258012,0.25333204452493774,0.3994602544749071,3
90261,2025-07-02 14:20:00,109.2,0.26666666666666666,0.110326177983852,0.2537425206966874,0.43479578306755706,3
90267,2025-07-02 14:50:00,109.3,0.8333333333333334,0.0967658223013221,0.2570265485678607,0.3764818180864836,3
90270,2025-07-02 15:05:00,109.5,0.03333333333333333,0.09214240574201976,0.2570583037630113,0.3584494427652033,4
90276,2025-07-02 15:35:00,109.1,0.0,0.09607072652576193,0.261836419117914,0.3669112450033086,3
90278,2025-07-02 15:45:00,109.0,0.0,0.08310939266016296,0.26183641911791394,0.3174095984819283,3
90282,2025-07-03 09:35:00,109.4,0.3,0.8533890007476739,0.2619455046442408,3.257887559119204,28
90283,2025-07-03 09:40:00,107.7,0.7333333333333333,0.32330609425122503,0.31069432924972384,1.040592195654026,10
90286,2025-07-03 09:55:00,106.5,0.9666666666666667,0.1553359948447789,0.3153392344320099,0.49259964471141887,6
90287,2025-07-03 10:00:00,106.3,0.9666666666666667,0.175319930175271,0.3156755549843738,0.5553801281317127,8
90295,2025-07-03 10:40:00,105.7,0.1,0.06624811047410699,0.3192047050245745,0.20754114657867206,4
90305,2025-07-03 11:30:00,105.9,0.0,0.1670527555222384,0.32076711439831324,0.5207914029329087,6
90306,2025-07-03 11:35:00,105.8,0.13333333333333333,0.07407984798851175,0.3204393219394205,0.2311821393833702,3
90313,2025-07-03 13:10:00,105.4,0.1,0.1596319792299553,0.32138360202576627,0.4967023153133903,5
90316,2025-07-03 13:25:00,105.5,0.1,0.11768589304994079,0.26312307321478723,0.4472655765687027,4
90325,2025-07-03 14:10:00,105.5,0.36666666666666664,0.09739277847599542,0.24132325747957092,0.40357808647697435,3
90327,2025-07-03 14:20:00,105.4,0.06666666666666667,0.11031182839244255,0.2408577333394502,0.4579957922172081,4
90329,2025-07-03 14:30:00,105.4,0.0,0.12441398215586559,0.2408280786218858,0.516609121609955,4
90332,2025-07-03 14:45:00,105.5,0.23333333333333334,0.128787311398363,0.23998775603907108,0.5366411750497632,4
90340,2025-07-03 15:25:00,105.4,0.16666666666666666,0.12838129296376743,0.24338613882089927,0.5274798868403902,4
90344,2025-07-03 15:45:00,105.5,0.9,0.08028945922851563,0.242916167561589,0.3305233242993553,2
90349,2025-07-04 09:40:00,104.2,0.7333333333333333,0.41970816768164404,0.3147465670815871,1.333479731243103,9
90360,2025-07-04 10:35:00,104.1,0.23333333333333334,0.20093472961592737,0.3270201045200904,0.6144415185445671,4
90365,2025-07-04 11:00:00,105.2,0.0,0.17422168331380578,0.33153786416019093,0.525495583302745,2
90366,2025-07-04 11:05:00,105.1,0.7333333333333333,0.15203221262918604,0.33153786416019093,0.45856666481909836,2
90367,2025-07-04 11:10:00,105.1,0.7333333333333333,0.15104030213890637,0.33153786416019093,0.4555748180422838,2
90370,2025-07-04 11:25:00,105.3,0.0,0.16434970022638767,0.3329045298234036,0.49368418120825963,2
90373,2025-07-04 11:40:00,105.3,0.8,0.16439904662569924,0.33297501402247803,0.4937278765745504,3
90375,2025-07-04 11:50:00,105.3,0.7,0.15815885674493202,0.3326377805844307,0.47546871094153376,2
90381,2025-07-04 13:20:00,105.9,0.06666666666666667,0.1633896388014003,0.34357394667077973,0.4755588727976628,3
90383,2025-07-04 13:30:00,106.2,0.4666666666666667,0.15419252130339617,0.2925598506243241,0.5270460761254444,3
90395,2025-07-04 14:30:00,104.6,0.26666666666666666,0.16684001923407477,0.3002600648100624,0.5556517125899307,2
90396,2025-07-04 14:35:00,104.4,0.3,0.17359120623035618,0.3007218469308606,0.5772484041382825,2
90397,2025-07-04 14:40:00,104.7,0.0,0.18299036913592778,0.30234602876520594,0.6052349021525708,2
90398,2025-07-04 14:45:00,104.7,0.0,0.16583461336297503,0.30221101367429043,0.5487378217846958,2
90405,2025-07-04 15:20:00,104.8,0.2,0.12429504394531248,0.3016771133282242,0.41201350203215337,2
90407,2025-07-04 15:30:00,105.0,0.0,0.09438400268554688,0.30106771870765503,0.31349758483139245,2
90409,2025-07-04 15:40:00,105.0,0.5666666666666667,0.15109692981855558,0.30178532132177854,0.5006768690961232,2
90411,2025-07-04 15:50:00,105.0,0.5666666666666667,0.15151658050188288,0.30230553056944925,0.501203468611616,2
90419,2025-07-07 10:00:00,103.5,0.6,0.3507587059825052,0.4060103491689369,0.863915677766524,3
90421,2025-07-07 10:10:00,104.3,0.2,0.28970979963622406,0.4150470511740766,0.6980167641637229,3
90426,2025-07-07 10:35:00,104.4,0.4,0.2368059483227125,0.42485765875290443,0.5573771437187106,3
90428,2025-07-07 10:45:00,104.0,0.9666666666666667,0.1744446671151724,0.4266406481200576,0.4088796224266078,3
90429,2025-07-07 10:50:00,103.9,1.0,0.1342376708984375,0.42672434183187313,0.31457701785225634,2
90430,2025-07-07 10:55:00,104.5,0.1,0.19361173588407454,0.4306182750016906,0.44961337482324554,3
90433,2025-07-07 11:10:00,104.5,0.0,0.17053985595703125,0.4315555347501785,0.3951747625152216,2
90435,2025-07-07 11:20:00,104.5,0.7666666666666667,0.22776315572999464,0.4315555347501784,0.5277725284228915,3
90436,2025-07-07 11:25:00,104.7,0.03333333333333333,0.15412989849382092,0.4315555347501784,0.35714962752834256,3
90446,2025-07-07 13:15:00,104.6,0.9,0.16722552300095353,0.4292370730150474,0.3895877907896629,3
90451,2025-07-07 13:40:00,105.5,0.43333333333333335,0.18662367455539833,0.38148133289348357,0.48920788112981406,6
90458,2025-07-07 14:15:00,105.2,0.8666666666666667,0.11425901122179868,0.37564623092353805,0.30416653174155195,5
90461,2025-07-07 14:30:00,104.9,0.4,0.1368531294738862,0.3741439230231995,0.3657766999609943,2
90467,2025-07-07 15:00:00,104.8,0.0,0.1217586996044271,0.3709120617825161,0.3282683745017173,2
90469,2025-07-07 15:10:00,104.8,0.7666666666666667,0.11000407113492941,0.36745747706263837,0.2993654449877411,2
90470,2025-07-07 15:15:00,104.6,0.6666666666666666,0.1271841283320103,0.36785432498166043,0.3457459099831193,2
90471,2025-07-07 15:20:00,104.8,0.8,0.10462646484375002,0.36785432498166043,0.28442363658213404,2
90473,2025-07-07 15:30:00,104.7,0.6,0.1296806276178057,0.36828122142637143,0.35212392072434806,2
90484,2025-07-08 09:55:00,104.6,0.7666666666666667,0.224720552087234,0.3617825924778272,0.6211480506791012,6
90488,2025-07-08 10:15:00,105.1,0.23333333333333334,0.16647609403521352,0.3625094772693411,0.45923239107904307,6
90489,2025-07-08 10:20:00,105.2,0.6666666666666666,0.19850836257278243,0.36139319349153504,0.5492863898595592,7
90501,2025-07-08 11:20:00,106.9,0.0,0.12038054120961365,0.3676240388430998,0.32745557550710525,4
90504,2025-07-08 11:35:00,106.8,0.36666666666666664,0.11331727236751742,0.3719942972246163,0.30462099342102167,4
90505,2025-07-08 11:40:00,106.5,0.03333333333333333,0.13444029013904313,0.37336590876289755,0.360076501318759,4
90509,2025-07-08 12:00:00,106.6,0.26666666666666666,0.13912776256189893,0.37128323375749356,0.37472137148205104,4
90514,2025-07-08 13:25:00,106.5,0.8,0.14046847911980606,0.26511639979115,0.5298370045401285,4
90515,2025-07-08 13:30:00,106.5,0.9666666666666667,0.11139957097289037,0.2638433337509595,0.4222186302347131,4
90518,2025-07-08 13:45:00,106.5,0.03333333333333333,0.11154767500238918,0.2552299598696437,0.4370477316195995,3
90526,2025-07-08 14:25:00,106.9,0.0,0.08742667223210582,0.2257434519795022,0.38728331415807477,2
90528,2025-07-08 14:35:00,107.0,0.0,0.09331745780692105,0.2254721038744017,0.4138758462949508,2
90530,2025-07-08 14:45:00,106.9,0.5333333333333333,0.09088469958637307,0.21768086897634034,0.41751349125793547,2
90536,2025-07-08 15:15:00,107.4,0.3333333333333333,0.11514963141995438,0.2160435814808487,0.5329926056153715,8
90541,2025-07-08 15:40:00,107.2,0.4666666666666667,0.1036471111115733,0.21873293657121626,0.4738523275749435,6
90545,2025-07-08 16:00:00,107.2,0.7333333333333333,0.12209182606398368,0.2186209572448133,0.5584635050667369,8
90547,2025-07-09 09:40:00,105.6,0.5,0.35004313663331976,0.25816727484686647,1.355877257646036,8
90549,2025-07-09 09:50:00,105.5,0.7,0.226995135127205,0.2581672748468663,0.8792560376285056,8
90550,2025-07-09 09:55:00,105.5,0.3,0.22775684245157263,0.2550500050000107,0.8929889746583737,7
90554,2025-07-09 10:15:00,105.8,0.2,0.2061058697769332,0.2527635239525567,0.8154098603864177,6
90558,2025-07-09 10:35:00,106.0,0.03333333333333333,0.17071311305824804,0.25213302873111487,0.677075565693948,5
90560,2025-07-09 10:45:00,106.1,0.03333333333333333,0.12160189866726402,0.2511680701224505,0.4841455309505709,3
90562,2025-07-09 10:55:00,105.9,0.6666666666666666,0.11510392696449513,0.25301770165601273,0.45492440335650247,4
90563,2025-07-09 11:00:00,105.6,0.6666666666666666,0.19957110223020497,0.25475380281953725,0.7833881183378344,7
90567,2025-07-09 11:20:00,105.4,0.8333333333333334,0.17723729958551382,0.2557690648001123,0.6929583127030146,6
90574,2025-07-09 11:55:00,105.3,0.9333333333333333,0.11178225141972019,0.2536097922836766,0.44076472920527277,5
90576,2025-07-09 13:05:00,105.3,0.6666666666666666,0.1993149170044264,0.2532434232215302,0.7870487393864967,7
90577,2025-07-09 13:10:00,104.9,0.5666666666666667,0.13699424952347372,0.2564304105474339,0.5342355816184792,6
90578,2025-07-09 13:15:00,104.6,1.0,0.12803259914845078,0.2579537729214128,0.49633931575583773,6
90581,2025-07-09 13:30:00,104.4,0.3,0.13763073511821328,0.25400776945634873,0.5418367139429769,6
90586,2025-07-09 13:55:00,103.4,0.4,0.19601348824623285,0.24986477314068764,0.7844782831226331,3
90589,2025-07-09 14:10:00,103.3,0.5666666666666667,0.1907269988613038,0.2551579931517682,0.7474858870984269,3
90593,2025-07-09 14:30:00,103.3,0.7,0.19251521735913116,0.2456975975833269,0.7835453795751534,3
90597,2025-07-09 14:50:00,102.9,0.23333333333333334,0.12267922488729092,0.2422347744449857,0.5064476195392532,2
90598,2025-07-09 14:55:00,103.0,0.2,0.1152374267578125,0.24252943845541328,0.4751482025923125,2
90602,2025-07-09 15:15:00,103.0,0.6333333333333333,0.18789385656559324,0.2311388342487862,0.8129047512775536,3
90604,2025-07-09 15:25:00,103.0,0.6666666666666666,0.15578299538188228,0.22888095415383486,0.680628914528108,3
90605,2025-07-09 15:30:00,102.8,0.36666666666666664,0.13692254341709834,0.22944194863869774,0.596763339177834,2
90609,2025-07-09 15:50:00,102.9,0.5666666666666667,0.1389421825492102,0.23020111159686107,0.6035686864646085,2
90611,2025-07-09 16:00:00,103.0,0.26666666666666666,0.19314370266338915,0.2258338288955963,0.8552469911524199,3
90615,2025-07-10 09:50:00,102.6,0.26666666666666666,0.2652189229027171,0.23893106168844452,1.1100227866084267,4
90616,2025-07-10 09:55:00,102.7,0.7,0.1652524629951263,0.23929802451393478,0.6905717810700244,4
90626,2025-07-10 10:45:00,102.1,0.2,0.19352913328383284,0.22934854485040296,0.8438210646161544,3
90628,2025-07-10 10:55:00,101.9,0.9,0.16655168459291878,0.2293440961021148,0.7262087292570293,3
90629,2025-07-10 11:00:00,102.0,0.9333333333333333,0.11081456828169517,0.22978854459484588,0.4822458337820062,3
90633,2025-07-10 11:20:00,101.9,0.8666666666666667,0.1246036593557053,0.22755313790037965,0.5475804926507121,3
90634,2025-07-10 11:25:00,102.0,0.1,0.13454503931454095,0.22664559940988027,0.5936362305946262,3
90642,2025-07-10 13:05:00,102.0,0.13333333333333333,0.12862555133659184,0.22398747906177982,0.5742533103875622,3
90645,2025-07-10 13:20:00,102.4,0.06666666666666667,0.14911020746009193,0.2253227231288675,0.6617628501445556,3
90648,2025-07-10 13:35:00,102.7,0.0,0.1135602521590901,0.18314889016250743,0.6200433541165794,2
90651,2025-07-10 13:50:00,102.5,0.36666666666666664,0.16117635602274283,0.1821097549856469,0.8850506445162482,3
90655,2025-07-10 14:10:00,102.7,0.0,0.14117521174402978,0.1829314960629001,0.7717381357636051,3
90656,2025-07-10 14:15:00,102.6,0.16666666666666666,0.11084311114065079,0.1799624715721858,0.6159234765576659,3
90663,2025-07-10 14:50:00,102.8,0.8,0.08799765793773401,0.1791214146197769,0.49127379953160627,3
90668,2025-07-10 15:15:00,103.0,0.26666666666666666,0.08573290587293006,0.17969012767960116,0.4771152816241371,6
90670,2025-07-10 15:25:00,103.1,0.4666666666666667,0.1174078224187655,0.18121673811444441,0.6478861921938941,6
90671,2025-07-10 15:30:00,103.5,0.4,0.17203306569473664,0.1860615931273779,0.9246027769791408,6
90674,2025-07-10 15:45:00,103.2,0.4666666666666667,0.1324926919695455,0.18977537347698334,0.6981553483050565,6
90677,2025-07-10 16:00:00,103.0,0.6666666666666666,0.1572988621971652,0.18947405712830578,0.8301868054192107,8
90683,2025-07-11 10:00:00,105.6,0.06666666666666667,0.14138025570030804,0.22530460964170976,0.6275071598629861,11
90685,2025-07-11 10:10:00,106.2,0.1,0.19728793989079105,0.2322661326405523,0.8494046792267713,8
90709,2025-07-11 13:10:00,106.4,0.2,0.09099231624288757,0.23231884053819937,0.3916699826500986,7
90711,2025-07-11 13:20:00,106.2,0.9666666666666667,0.0961560315460082,0.23441308613107523,0.4101990769075122,6
90719,2025-07-11 14:00:00,106.7,0.2,0.12051950477789955,0.2239555905079015,0.5381401933507323,5
90723,2025-07-11 14:20:00,106.4,0.6666666666666666,0.10665206122995796,0.22522308092196405,0.47353966029312544,3
90728,2025-07-11 14:45:00,105.8,0.7,0.08924410087609008,0.22817106408630553,0.39112803910286176,10
90741,2025-07-11 15:50:00,105.3,0.6,0.1109554359627942,0.23655780680331845,0.4690415313794569,14
90742,2025-07-11 15:55:00,105.3,0.6666666666666666,0.12143791017097617,0.2364844722637736,0.5135132510329259,13
90745,2025-07-14 09:40:00,105.1,0.5,0.38178223047838994,0.23709203142270882,1.6102701899656615,23
90749,2025-07-14 10:00:00,105.2,0.4666666666666667,0.145745023951064,0.2369069125538437,0.6151995413723498,19
90752,2025-07-14 10:15:00,105.8,0.3333333333333333,0.18585651812728698,0.24412283710451965,0.7613237677051643,9
90753,2025-07-14 10:20:00,105.8,0.7,0.1788682252372785,0.2440517757735829,0.7329109762480158,12
90754,2025-07-14 10:25:00,106.1,0.5,0.18146160579791176,0.24542752480445185,0.7393694164600897,7
90755,2025-07-14 10:30:00,105.9,0.5666666666666667,0.17470088433910996,0.24618298195866573,0.7096383468473965,11
90757,2025-07-14 10:40:00,106.0,0.23333333333333334,0.12808908723496587,0.24595907742670342,0.5207739782368342,10
90766,2025-07-14 11:25:00,106.1,0.6666666666666666,0.13654386449031305,0.24652259626728001,0.553879711465768,7
90774,2025-07-14 13:05:00,106.6,0.03333333333333333,0.09494056977340373,0.24014076068071472,0.39535383124581003,7
90780,2025-07-14 13:35:00,106.5,0.26666666666666666,0.11558520777954608,0.19759806529577126,0.5849511107638344,8
90783,2025-07-14 13:50:00,106.4,0.6666666666666666,0.09254494677890177,0.18693692447799742,0.49505974829383886,8
90786,2025-07-14 14:05:00,106.6,0.2,0.09097596476734013,0.18719327529067245,0.48600017616056596,6
90790,2025-07-14 14:25:00,106.7,0.2,0.094908796097559,0.18443127836443246,0.5146024955160867,6
90791,2025-07-14 14:30:00,106.7,0.23333333333333334,0.0632185220660553,0.18337715479281516,0.3447458988960834,5
90797,2025-07-14 15:00:00,106.3,0.3,0.05877999596080483,0.18278084099018205,0.3215872935170605,6
90804,2025-07-14 15:35:00,106.7,0.43333333333333335,0.09372364705603302,0.18033627286003798,0.5197160037169756,8
90808,2025-07-14 15:55:00,106.3,0.7,0.09876144458502632,0.1800644943352015,0.5484781713888337,8
90809,2025-07-14 16:00:00,106.3,0.6333333333333333,0.09593641687734021,0.1797752794658651,0.5336463231339666,10
90813,2025-07-15 09:50:00,107.9,0.4666666666666667,0.2795514145170467,0.21666136886932735,1.2902688466149659,8
90822,2025-07-15 10:35:00,108.2,0.4,0.19091388653193514,0.23413871238887124,0.8153879577797208,11
90837,2025-07-15 11:50:00,107.7,0.26666666666666666,0.09308557970002511,0.23755634497751846,0.3918463205385418,7
90840,2025-07-15 13:05:00,107.9,0.3,0.2520648138013916,0.23638090241693868,1.0663501629111687,11
90842,2025-07-15 13:15:00,108.2,0.03333333333333333,0.15159388913086078,0.23954519366111768,0.632840454087003,7
90861,2025-07-15 14:50:00,112.1,0.23333333333333334,0.2136843554395045,0.2819322024148611,0.7579281600654812,5
90867,2025-07-15 15:20:00,112.8,0.23333333333333334,0.41281168114299577,0.29887385135295585,1.3812238149114113,5
90869,2025-07-15 15:30:00,113.0,0.03333333333333333,0.1843113716036551,0.2982963564199931,0.6178800633560195,4
90879,2025-07-16 09:50:00,116.4,0.23333333333333334,0.47989734731173617,0.4750332258448517,1.0102395394727044,4
90882,2025-07-16 10:05:00,117.0,0.3,0.44649646867484105,0.48268033741993627,0.9250355443552801,5
90885,2025-07-16 10:20:00,116.2,0.5,0.5460006173841927,0.4940973906073166,1.105046551071803,6
90887,2025-07-16 10:30:00,116.4,0.8333333333333334,0.47803198646325545,0.5035188897341901,0.9493824287617306,5
90889,2025-07-16 10:40:00,116.1,0.1,0.2817367926042818,0.5045997988953225,0.558337108379877,5
90891,2025-07-16 10:50:00,115.5,1.0,0.056985568243727094,0.5075373119768327,0.11227857912903216,2
90895,2025-07-16 11:10:00,116.0,0.5666666666666667,0.2773813574536051,0.508007505204749,0.5460182273130165,4
90899,2025-07-16 11:30:00,115.9,0.2,0.29266518738363606,0.5111789790050801,0.5725297780304999,4
90902,2025-07-16 11:45:00,116.0,0.0,0.14992923717439602,0.5126319848414272,0.29246953293554967,3
90906,2025-07-16 13:05:00,115.4,0.23333333333333334,0.24352881327315903,0.5141424063811348,0.4736602354730308,2
90912,2025-07-16 13:35:00,114.7,0.26666666666666666,0.2662503682003649,0.5118093206816965,0.5202139887678029,2
90913,2025-07-16 13:40:00,114.8,0.7,0.27667398652674136,0.5099639779936793,0.5425363328901057,2
90915,2025-07-16 13:50:00,114.7,0.26666666666666666,0.27351088308159544,0.5095076056390728,0.5368141320256291,2
90916,2025-07-16 13:55:00,114.3,1.0,0.246728515625,0.5109234294292254,0.4829070295340166,2
90917,2025-07-16 14:00:00,114.3,1.0,0.26128951751272045,0.5102999911935545,0.5120312012970709,2
90919,2025-07-16 14:10:00,115.0,0.6333333333333333,0.30587529998735064,0.5135049939765864,0.5956617824077037,2
90922,2025-07-16 14:25:00,115.4,0.5666666666666667,0.31953564057785355,0.5125384310485449,0.623437426778225,2
90947,2025-07-17 10:00:00,114.4,0.1,0.22674143413579112,0.522879253756328,0.4336401425508786,6
90951,2025-07-17 10:20:00,113.5,0.4666666666666667,0.19304819767077974,0.5264710031632485,0.3666834384246595,5
90955,2025-07-17 10:40:00,112.5,0.8,0.17576749694502625,0.5153119179866693,0.3410895242472797,4
90957,2025-07-17 10:50:00,112.9,0.03333333333333333,0.1576274228085318,0.5157117175860416,0.30565026434993336,4
90961,2025-07-17 11:10:00,112.4,0.16666666666666666,0.13428687057415012,0.5147671372487429,0.26086915977556036,5
90962,2025-07-17 11:15:00,112.4,0.3,0.1870154404532706,0.5139220821682493,0.36389843313260267,5
90964,2025-07-17 11:25:00,112.6,0.5666666666666667,0.16602528606615166,0.511480283490927,0.3245976265849488,4
90966,2025-07-17 11:35:00,113.0,0.43333333333333335,0.18104673277498884,0.5093033066628735,0.35547920150227946,5
90968,2025-07-17 11:45:00,112.7,0.2,0.12797861950668898,0.5097938869411189,0.251039925713096,3
90969,2025-07-17 11:50:00,113.0,0.03333333333333333,0.15454582480507825,0.5105938213521783,0.30267860350484227,4
90970,2025-07-17 11:55:00,113.2,0.0,0.1570310086860527,0.5108914767444267,0.3073666636341389,4
90971,2025-07-17 12:00:00,113.1,0.06666666666666667,0.16444280100674155,0.5100840081174968,0.3223837610860023,3
90972,2025-07-17 13:05:00,113.1,0.06666666666666667,0.18280844321927917,0.5096998122245853,0.3586590358379995,5
90975,2025-07-17 13:20:00,113.0,0.06666666666666667,0.16955478763575044,0.5077925563431614,0.3339056185793454,4
90976,2025-07-17 13:25:00,113.4,0.0,0.17332930424804366,0.36665414453949524,0.4727324287190022,4
90979,2025-07-17 13:40:00,113.0,0.0,0.14449423238602058,0.3392526160791983,0.4259192870963403,2
90981,2025-07-17 13:50:00,113.0,0.0,0.1519531333814241,0.3281165079845235,0.46310724905249623,2
90982,2025-07-17 13:55:00,112.8,0.3333333333333333,0.14573143907510835,0.3254563637566845,0.4477756630503594,2
90986,2025-07-17 14:15:00,113.2,0.0,0.1490854677149948,0.29977374728496353,0.49732663071818245,2
90993,2025-07-17 14:50:00,112.6,0.7,0.10959108702277627,0.29964778834746,0.3657330081665702,3
91000,2025-07-17 15:25:00,112.3,0.16666666666666666,0.11752370092356712,0.2902173312840128,0.4049506637098663,3
91002,2025-07-17 15:35:00,112.2,0.6333333333333333,0.17166826759279144,0.2886097401049743,0.5948110674655386,4
91003,2025-07-17 15:40:00,112.6,0.5666666666666667,0.153390226484749,0.2917915907202597,0.5256841916044253,4
91007,2025-07-17 16:00:00,112.6,0.9,0.10041340303056946,0.2826947736832961,0.35520077616667556,4
91008,2025-07-18 09:35:00,112.5,0.9,0.7191262945386528,0.28225049206582553,2.5478300826874754,20
91010,2025-07-18 09:45:00,115.8,0.7,0.47279020461275095,0.4041969393741227,1.1697025844501476,3
91023,2025-07-18 10:50:00,115.1,0.3,0.16166204217996066,0.39093127596066307,0.4135305925132163,5
91027,2025-07-18 11:10:00,115.2,0.26666666666666666,0.16190643246173864,0.38882722848439516,0.4163968482681414,5
91030,2025-07-18 11:25:00,115.3,0.4,0.15730937652210736,0.3892022874667229,0.4041841006280248,5
91038,2025-07-18 13:05:00,115.0,0.5333333333333333,0.25249849151839104,0.3871916261644881,0.6521279760609382,7
91039,2025-07-18 13:10:00,114.7,0.8666666666666667,0.15367537810291965,0.38786563529889007,0.3962077691788732,3
91051,2025-07-18 14:10:00,114.7,0.0,0.12179307532781408,0.3589200320818692,0.3393320640850529,2
91054,2025-07-18 14:25:00,114.9,0.0,0.1468895220805917,0.35393628060066995,0.4150168550997472,2
91058,2025-07-18 14:45:00,115.0,0.8,0.12907714843749998,0.3457763283659524,0.3732966598595239,2
91063,2025-07-18 15:10:00,115.5,0.0,0.12024915937350096,0.3423780547497862,0.3512174851901078,2
91069,2025-07-18 15:40:00,115.5,0.0,0.13879099746507625,0.33928870422369584,0.40906459819413915,2
91072,2025-07-18 15:55:00,115.6,0.0,0.1311187744140625,0.3395141682189207,0.38619529518284007,2
91074,2025-07-21 09:35:00,115.8,0.7,0.9195365803171414,0.3393518492419337,2.7096848959899944,19
91075,2025-07-21 09:40:00,117.6,0.7666666666666667,0.44276399508553416,0.3811441862673969,1.161670598787271,3
91077,2025-07-21 09:50:00,118.2,0.4,0.37198336358757483,0.3822775281916934,0.9730714890492946,2
91078,2025-07-21 09:55:00,118.0,0.23333333333333334,0.3826774402123717,0.3822775281916934,1.0010461300787676,5
91079,2025-07-21 10:00:00,118.2,0.03333333333333333,0.20713139466418057,0.38253900213477576,0.5414647748550466,6
91081,2025-07-21 10:10:00,117.7,0.5666666666666667,0.1448321302008878,0.3854352747019834,0.37576252021269013,4
91092,2025-07-21 11:05:00,118.0,0.4,0.16583882550642812,0.3861942587735373,0.4294181535300226,4
91096,2025-07-21 11:25:00,118.0,0.36666666666666664,0.15410518013820046,0.3864662833211547,0.3987545273390346,3
91123,2025-07-21 14:40:00,118.1,0.0,0.12208054248038278,0.24995051035509555,0.48841885662464707,2
91124,2025-07-21 14:45:00,117.9,0.0,0.125340374243141,0.25089168598850214,0.4995796243678043,4
91134,2025-07-21 15:35:00,117.9,0.0,0.10079269409179689,0.24652259626727943,0.4088578313629214,2
91136,2025-07-21 15:45:00,117.9,0.0,0.14142412512849967,0.24685761022613512,0.5728975703805421,2
91141,2025-07-22 09:40:00,117.5,0.26666666666666666,0.22116124882352978,0.2508916859885025,0.8815009072626857,5
91151,2025-07-22 10:30:00,116.1,1.0,0.11434839481891851,0.2665327181183739,0.42902198133939223,3
91157,2025-07-22 11:00:00,116.7,0.43333333333333335,0.16260292152093359,0.26819275596405795,0.6062912509938372,4
91168,2025-07-22 11:55:00,117.1,0.9333333333333333,0.0644010853924714,0.2703185814855831,0.2382414299399766,2
91173,2025-07-22 13:20:00,117.5,0.06666666666666667,0.07469688539168153,0.2767197481172266,0.26993695209652235,2
91184,2025-07-22 14:15:00,117.1,0.3333333333333333,0.1801300515050889,0.1988231881263368,0.9059811041287104,4
91188,2025-07-22 14:35:00,117.7,0.0,0.0,0.1966249248839107,0.0,1
91189,2025-07-22 14:40:00,117.5,0.8666666666666667,0.08942631624765666,0.19647957669633132,0.45514306245615216,2
91191,2025-07-22 14:50:00,117.4,0.5,0.1475373239326562,0.1978766996038122,0.7456023080436187,4
91198,2025-07-22 15:25:00,117.7,0.0,0.0,0.19795918260014286,0.0,1
91199,2025-07-22 15:30:00,117.7,0.0,0.0,0.19771163037833256,0.0,1
91202,2025-07-22 15:45:00,117.6,1.0,0.0,0.19666643320712654,0.0,1
91206,2025-07-23 09:35:00,118.0,0.26666666666666666,0.939487483307962,0.19141880541211603,4.908020825254279,22
91211,2025-07-23 10:00:00,118.7,0.06666666666666667,0.13530249683382678,0.22041968669292694,0.6138403464039064,4
91212,2025-07-23 10:05:00,118.7,0.06666666666666667,0.16461944530968514,0.2202344522497775,0.7474736292529883,3
91216,2025-07-23 10:25:00,118.4,0.16666666666666666,0.10776419628807007,0.22193737483152204,0.4855612821854654,2
91220,2025-07-23 10:45:00,118.6,0.2,0.1142578125,0.2239464786584967,0.510201424842386,2
91222,2025-07-23 10:55:00,118.7,0.0,0.0,0.2237504841451485,0.0,1
91223,2025-07-23 11:00:00,118.7,0.0,0.1286155476990363,0.22278166494963403,0.5773165746297543,2
91225,2025-07-23 11:10:00,119.3,0.0,0.16108089190293154,0.22713126910840647,0.7091973400899282,4
91229,2025-07-23 11:30:00,119.3,0.0,0.13124225423876695,0.22786231045807753,0.5759717523048337,2
91233,2025-07-23 11:50:00,120.2,0.5666666666666667,0.16071075766385806,0.23217386502721088,0.6922000357147119,4
91237,2025-07-23 13:10:00,121.1,0.4,0.32666466374131314,0.25146038103908824,1.2990701055628113,2
91240,2025-07-23 13:25:00,121.1,0.8333333333333334,0.28668347339832834,0.2645577767965718,1.0836327582944947,5
91250,2025-07-23 14:15:00,121.2,0.4,0.11341723377826918,0.27056380952181525,0.41918848636378503,4
91258,2025-07-23 14:55:00,120.5,0.36666666666666664,0.19375861617538462,0.28659825067517924,0.6760634990580737,5
91259,2025-07-23 15:00:00,120.5,0.3333333333333333,0.15906999558489562,0.2862883588015189,0.5556285845879517,5
91260,2025-07-23 15:05:00,120.6,0.16666666666666666,0.13306628088412936,0.286288358801519,0.4647980848441796,5
91261,2025-07-23 15:10:00,120.8,0.0,0.15460550163732592,0.286288358801519,0.540034188901521,3
91262,2025-07-23 15:15:00,120.7,0.16666666666666666,0.1513495459573437,0.286288358801519,0.5286611952750511,4
91263,2025-07-23 15:20:00,120.5,0.0,0.1468137066361335,0.2868011017270368,0.5119007763640446,4
91268,2025-07-23 15:45:00,120.7,0.03333333333333333,0.10599903972169511,0.2854424640190726,0.3713499324144445,3
91269,2025-07-23 15:50:00,120.9,0.0,0.12306170919231699,0.285892491832214,0.4304475028485185,4
91271,2025-07-23 16:00:00,120.8,0.2,0.1701269858518849,0.2847123394105565,0.5975399106484142,5
91276,2025-07-24 09:55:00,120.2,0.6,0.27587687558073337,0.3138505912909981,0.8790070282994751,8
91278,2025-07-24 10:05:00,120.8,0.36666666666666664,0.23334509197519324,0.31467848467843923,0.7415349422876553,8
91279,2025-07-24 10:10:00,121.0,0.06666666666666667,0.21844002803430573,0.3150932347043874,0.6932552145692392,7
91284,2025-07-24 10:35:00,121.0,0.5333333333333333,0.13489183890119033,0.32148200338773875,0.41959374857602083,4
91289,2025-07-24 11:00:00,121.7,0.7,0.11849939603622928,0.3213836020257668,0.368716372861888,4
91295,2025-07-24 11:30:00,121.4,0.4,0.1350910808704787,0.3230870885837279,0.4181259036461616,6
91302,2025-07-24 13:05:00,121.5,0.0,0.1936519023404819,0.3239858640718075,0.5977171346511628,7
91304,2025-07-24 13:15:00,121.5,0.23333333333333334,0.15503563339319812,0.3239858640718074,0.4785259191395968,6
91308,2025-07-24 13:35:00,121.5,0.16666666666666666,0.15561097212112296,0.30626888935788393,0.5080861214711465,5
91310,2025-07-24 13:45:00,121.0,0.1,0.1550486183307909,0.3047861587926405,0.5087127937337775,4
91313,2025-07-24 14:00:00,120.5,0.36666666666666664,0.12611344944668135,0.3097866336561363,0.4070977755181894,2
91318,2025-07-24 14:25:00,120.5,0.16666666666666666,0.10521172959648065,0.31064506612276666,0.33868791450529934,3
91327,2025-07-24 15:10:00,121.0,0.1,0.13806138540246618,0.3082579388128374,0.4478761712809993,4
91329,2025-07-24 15:20:00,120.9,0.23333333333333334,0.13263594044639715,0.305925562766642,0.43355625220364785,4
91339,2025-07-25 09:40:00,118.9,0.5333333333333333,0.3350558103650214,0.3050270912146325,1.098446072546583,9
91342,2025-07-25 09:55:00,118.3,0.9333333333333333,0.20609485511864184,0.3092691108405592,0.6663932733485697,7
91354,2025-07-25 10:55:00,118.6,0.9666666666666667,0.12179986525415001,0.2914137037617285,0.41796203706926033,3
91355,2025-07-25 11:00:00,118.5,0.9,0.15575901590607827,0.28897717094259706,0.5390011100116228,3
91356,2025-07-25 11:05:00,118.2,1.0,0.157438503693768,0.2856247035507271,0.5512075872170028,3
91358,2025-07-25 11:15:00,117.9,0.8,0.13283981199145903,0.2862455887661014,0.46407636381081785,5
91363,2025-07-25 11:40:00,117.7,0.8333333333333334,0.11274651964611343,0.28624558876610134,0.39388037430418366,9
91365,2025-07-25 11:50:00,117.7,0.9,0.10194498883418893,0.2847123394105552,0.3580631209916907,4
91366,2025-07-25 11:55:00,117.7,1.0,0.10107935772223257,0.2844290916426012,0.35537629831917344,4
91370,2025-07-25 13:15:00,118.2,0.03333333333333333,0.11384617421381422,0.2851849864245861,0.39920114884420654,3
91371,2025-07-25 13:20:00,118.1,0.5666666666666667,0.12945070366527067,0.2849917255720344,0.4542261829021094,3
91375,2025-07-25 13:40:00,118.1,0.2,0.08296882348774566,0.25396759805766,0.32669058620977576,4
91378,2025-07-25 13:55:00,117.7,0.7666666666666667,0.13507226031499736,0.24903855528853755,0.5423748951583093,8
91380,2025-07-25 14:05:00,118.1,0.5333333333333333,0.12463019549446547,0.2477446477087233,0.5030590838071096,3
91384,2025-07-25 14:25:00,117.8,1.0,0.07682975912880664,0.235896975224588,0.32569200624832145,4
91387,2025-07-25 14:40:00,117.8,0.8333333333333334,0.090766233083466,0.23523862456817204,0.38584749103207744,7
91388,2025-07-25 14:45:00,117.7,0.7,0.09111858820017138,0.23523862456817204,0.38734535354233574,9
91394,2025-07-25 15:15:00,117.9,0.06666666666666667,0.07747649054811812,0.235836414505252,0.32851792930558116,6
91395,2025-07-25 15:20:00,118.2,0.0,0.09228195457354228,0.23760358525954703,0.3883862041590736,2
91398,2025-07-25 15:35:00,118.1,0.5666666666666667,0.10967243174553375,0.24139934868671997,0.45431950144928923,3
91404,2025-07-28 09:35:00,118.0,0.6333333333333333,1.6037510633972334,0.24287836253956158,6.603103902003639,28
91414,2025-07-28 10:25:00,120.7,0.3,0.1487190776604852,0.29456180414918975,0.5048824238772041,6
91415,2025-07-28 10:30:00,121.0,0.36666666666666664,0.20095862411442675,0.29447866114405724,0.6824216849319311,8
91417,2025-07-28 10:40:00,121.1,0.5,0.16442968258601715,0.29808079096625234,0.5516279061559297,7
91424,2025-07-28 11:15:00,120.3,0.8,0.13290668814409143,0.31101598965624677,0.427330724349535,6
91431,2025-07-28 11:50:00,120.0,0.2,0.10173923538090393,0.31570787461782485,0.3222575157621987,4
91433,2025-07-28 12:00:00,120.0,0.4,0.12023258123160076,0.314941007135807,0.3817622300920463,4
91440,2025-07-28 13:35:00,120.7,0.0,0.12313050698136223,0.27799991118215134,0.4429156342452374,5
91448,2025-07-28 14:15:00,120.4,0.7333333333333333,0.07847011423422688,0.27090298955911524,0.28966130776900667,4
91450,2025-07-28 14:25:00,120.2,0.7333333333333333,0.10062512519951189,0.2690663379445225,0.3739788706689103,5
91457,2025-07-28 15:00:00,120.6,0.0,0.07187172246750691,0.26810904679508696,0.26806899404046497,4
91459,2025-07-28 15:10:00,120.9,0.0,0.0938040632090696,0.2687248397260046,0.3490710546323647,2
91466,2025-07-28 15:45:00,120.6,0.9666666666666667,0.09245247769500825,0.2670604683316799,0.3461855596695257,6
91467,2025-07-28 15:50:00,120.7,0.9,0.07529194711481887,0.26683878742728884,0.2821626789746047,5
91469,2025-07-28 16:00:00,120.6,0.5333333333333333,0.11258183360370416,0.26441890131361806,0.42577074877931953,5
91473,2025-07-29 09:50:00,119.2,0.7666666666666667,0.18020404943185103,0.2787036909922738,0.6465793430659899,12
91475,2025-07-29 10:00:00,118.8,0.7666666666666667,0.1430982386476963,0.28072449886105344,0.5097461718812214,13
91478,2025-07-29 10:15:00,118.8,0.6333333333333333,0.12716827316799775,0.2876217175792225,0.4421372427586958,9
91482,2025-07-29 10:35:00,118.6,0.5333333333333333,0.16124848906831205,0.2861279382037206,0.563553807714871,14
91483,2025-07-29 10:40:00,118.5,0.8666666666666667,0.09108431188105488,0.28612793820372057,0.3183342124955434,10
91491,2025-07-29 11:20:00,119.4,0.26666666666666666,0.1555361309359913,0.2914137037617283,0.5337296390946802,3
91495,2025-07-29 11:40:00,118.9,0.6666666666666666,0.07941774233886052,0.29186850771072614,0.2721011011491937,9
91496,2025-07-29 11:45:00,118.9,0.06666666666666667,0.09156000296949833,0.29020678412695783,0.31549918188488396,9
91497,2025-07-29 11:50:00,119.0,0.3333333333333333,0.09227628790756229,0.28888182515910243,0.3194257300774837,4
91503,2025-07-29 13:20:00,119.0,0.8666666666666667,0.10457970909813476,0.28727031211248,0.36404635177611677,9
91513,2025-07-29 14:10:00,119.2,0.5333333333333333,0.10541900718007327,0.22624007824157666,0.46596079704104426,4
91515,2025-07-29 14:20:00,119.3,0.0,0.07457652387645093,0.2203178270217395,0.3384951861797921,4
91518,2025-07-29 14:35:00,119.3,0.6333333333333333,0.10276457702896051,0.21242402628268905,0.48377096897788646,3
91519,2025-07-29 14:40:00,119.4,0.6333333333333333,0.11607366331963452,0.21190465135814612,0.5477636407492307,3
91522,2025-07-29 14:55:00,119.6,0.23333333333333334,0.10473771088959927,0.20462961231677665,0.5118404404122125,3
91531,2025-07-29 15:40:00,120.6,0.1,0.08406547284494306,0.20341438117379815,0.41327202314725797,5
91533,2025-07-29 15:50:00,120.7,0.23333333333333334,0.1026476657101711,0.2034143811737982,0.5046234446052683,5
91540,2025-07-30 09:55:00,118.4,0.4666666666666667,0.2854931439251521,0.36434274824700896,0.7835839886995634,17
91542,2025-07-30 10:05:00,117.9,0.5333333333333333,0.26174686967523936,0.3646898320555893,0.7177246160110697,16
91550,2025-07-30 10:45:00,118.7,0.3333333333333333,0.10100905998702626,0.36790702081047094,0.27455050943173376,14
91556,2025-07-30 11:15:00,119.3,0.3,0.134294968025445,0.3672575032125989,0.36566977352591756,12
91558,2025-07-30 11:25:00,118.9,0.5,0.13693307106701277,0.36844741082191484,0.3716488894888664,14
91559,2025-07-30 11:30:00,119.2,0.16666666666666666,0.09495199545377646,0.3693739274167569,0.25706198625828863,10
91562,2025-07-30 11:45:00,119.2,0.5666666666666667,0.08639278993763516,0.36964728926004553,0.23371682262454832,13
91568,2025-07-30 13:15:00,118.8,0.8666666666666667,0.10840844380749974,0.3718269490952229,0.29155617706380105,13
91572,2025-07-30 13:35:00,118.6,0.4666666666666667,0.09802871312728142,0.35952218060518487,0.2726638811610159,11
91574,2025-07-30 13:45:00,118.6,0.5666666666666667,0.10661747863308646,0.3584421393595426,0.2974468315125796,10
91582,2025-07-30 14:25:00,117.8,0.7666666666666667,0.15796088488187385,0.361325429090703,0.43717068372240464,9
91585,2025-07-30 14:40:00,117.8,0.5666666666666667,0.13488592830400076,0.36148352626537295,0.3731454367991809,8
91586,2025-07-30 14:45:00,117.6,0.43333333333333335,0.14411672639317516,0.3548690571890278,0.40611240533267634,12
91590,2025-07-30 15:05:00,117.3,0.6333333333333333,0.14708917716459366,0.3554120463368664,0.4138553509387234,8
91595,2025-07-30 15:30:00,117.5,0.2,0.09496003749987049,0.3550530195177997,0.26745311905482866,7
91604,2025-07-31 09:45:00,115.7,0.5333333333333333,0.2805687396055042,0.4039772677943676,0.6945161571524843,14
91605,2025-07-31 09:50:00,115.4,0.5,0.22706071344095746,0.4046334032194054,0.5611516786167002,16
91607,2025-07-31 10:00:00,114.5,0.8666666666666667,0.2494892776426303,0.40857306044307934,0.6106356531976687,9
91616,2025-07-31 10:45:00,115.6,0.13333333333333333,0.14775274372439273,0.42228504679766105,0.3498886471232045,6
91631,2025-07-31 12:00:00,117.3,0.4666666666666667,0.14538368090647824,0.4343810178712558,0.3346916069651272,10
91634,2025-07-31 13:15:00,116.8,0.36666666666666664,0.20058128584506188,0.43923949450999256,0.4566558525635921,6
91637,2025-07-31 13:30:00,116.3,0.4,0.1631422050873361,0.32308708858372653,0.5049480801058336,4
91643,2025-07-31 14:00:00,116.4,0.36666666666666664,0.18724146100718558,0.3202514061905479,0.5846702227929574,6
91645,2025-07-31 14:10:00,116.4,0.36666666666666664,0.12611350533857746,0.32129152185533977,0.39252048921278276,4
91646,2025-07-31 14:15:00,116.1,0.3333333333333333,0.17525797467407475,0.3224991685302195,0.5434369814744262,4
91647,2025-07-31 14:20:00,116.4,0.43333333333333335,0.1539603479869206,0.32360458361727196,0.4757668950975365,5
91648,2025-07-31 14:25:00,116.2,0.26666666666666666,0.15307908672267162,0.3238882234154512,0.4726293691954251,4
91653,2025-07-31 14:50:00,115.8,0.16666666666666666,0.11271981976448575,0.3221287980836872,0.3499215855118976,3
91655,2025-07-31 15:00:00,115.8,0.6333333333333333,0.12523228829572391,0.32045205800150495,0.3907988267472315,3
91667,2025-07-31 16:00:00,116.1,0.5666666666666667,0.13875772216394114,0.3190320530485294,0.4349334834479283,4
91668,2025-08-01 09:35:00,115.7,0.7333333333333333,1.0095565806449607,0.3211263464663984,3.1437986691341044,28
91671,2025-08-01 09:50:00,118.8,0.5666666666666667,0.24350460094363602,0.4424403852965651,0.5503670303071823,16
91674,2025-08-01 10:05:00,117.9,0.4,0.22531135841320704,0.443688521524088,0.5078142604168651,13
91677,2025-08-01 10:20:00,118.4,0.5,0.10347607690639986,0.44246575147742934,0.2338623420250828,16
91697,2025-08-01 12:00:00,118.6,0.36666666666666664,0.08107564457216046,0.4540828173131893,0.1785481447016329,14
91701,2025-08-01 13:20:00,117.5,0.7666666666666667,0.16207462754525373,0.4581295286643065,0.3537746803132037,10
91703,2025-08-01 13:30:00,117.5,0.4666666666666667,0.16277349543555183,0.4190811585447371,0.3884056634776524,12
91705,2025-08-01 13:40:00,117.7,0.36666666666666664,0.16155945446297923,0.4146412357105798,0.38963672820941514,9
91710,2025-08-01 14:05:00,117.9,0.5,0.12372853049845559,0.40427013670854195,0.3060540941901368,8
91711,2025-08-01 14:10:00,118.0,0.36666666666666664,0.15355349120772913,0.4026313815200653,0.38137487104957996,11
91714,2025-08-01 14:25:00,118.2,0.3333333333333333,0.11075673821390354,0.39989540515971167,0.2769642681182324,9
91718,2025-08-01 14:45:00,118.0,0.7333333333333333,0.0947817106807627,0.3924785137257237,0.2414952853877732,6
91719,2025-08-01 14:50:00,117.9,0.5333333333333333,0.11593951179353948,0.38806813560199055,0.29876071018737044,8
91727,2025-08-01 15:30:00,117.2,1.0,0.12748609907926498,0.3828376108242316,0.33300306833697274,8
91731,2025-08-01 15:50:00,116.8,0.8333333333333334,0.1383097458538989,0.3851731179386395,0.3590846282162726,5
91738,2025-08-04 09:55:00,115.5,0.6333333333333333,0.21372016841273173,0.43944850468115537,0.4863372298144415,7
91739,2025-08-04 10:00:00,115.3,0.4,0.1499911111939783,0.4397827143409325,0.3410573137663177,5
91742,2025-08-04 10:15:00,116.0,0.5333333333333333,0.24247189088003088,0.4431109471665383,0.5472035670310363,7
91745,2025-08-04 10:30:00,116.1,0.5,0.17708364743054103,0.4426732383593976,0.40003242140147255,5
91750,2025-08-04 10:55:00,115.8,0.3,0.15577961510871888,0.44072826541801663,0.35345955168309184,4
91754,2025-08-04 11:15:00,115.9,0.26666666666666666,0.14350319414763427,0.4414152971346081,0.3250979181717698,4
91755,2025-08-04 11:20:00,115.5,0.4,0.11960681261892332,0.4421751062754821,0.2704964863951576,3
91766,2025-08-04 13:15:00,115.9,0.23333333333333334,0.14207773309580501,0.4410684451751817,0.3221217356398624,3
91773,2025-08-04 13:50:00,115.7,0.4,0.11092357457385754,0.31512561406126016,0.351997964063607,3
91775,2025-08-04 14:00:00,115.8,0.23333333333333334,0.13515905708954193,0.3140943158691355,0.430313604101816,3
91784,2025-08-04 14:45:00,116.3,0.06666666666666667,0.08535685730938494,0.31103895267082526,0.2744249766032318,7
91786,2025-08-04 14:55:00,116.4,0.4,0.11535539419266055,0.30945050713430333,0.3727749398794672,8
91787,2025-08-04 15:00:00,116.6,0.06666666666666667,0.11591436667677524,0.3058488449671812,0.37899233096405294,7
91789,2025-08-04 15:10:00,116.5,0.5,0.09864182090249388,0.2986791997457808,0.33026009506672155,6
91792,2025-08-04 15:25:00,116.2,0.6333333333333333,0.08911026760563277,0.2973130702279934,0.2997186350983457,6
91795,2025-08-04 15:40:00,116.2,0.16666666666666666,0.10018229702660425,0.2978342394013494,0.3363693080687161,6
91798,2025-08-04 15:55:00,116.3,0.36666666666666664,0.12081548343400587,0.2964573330366334,0.40753076402760674,7
91806,2025-08-05 10:05:00,115.0,0.9,0.15174551181059634,0.28886416507893276,0.5253178834734712,4
91807,2025-08-05 10:10:00,114.8,0.6,0.2065024422626129,0.28907601483489037,0.7143534283899671,6
91816,2025-08-05 10:55:00,114.8,0.6333333333333333,0.13213943585341092,0.2877387573660574,0.459234053358008,3
91820,2025-08-05 11:15:00,114.9,0.13333333333333333,0.12091410949721496,0.2883763200208739,0.41929278204417997,3
91821,2025-08-05 11:20:00,114.9,0.1,0.11840172690829251,0.28830908829736607,0.41067635990084117,3
91823,2025-08-05 11:30:00,115.1,0.5,0.11596999941971384,0.2886203456233902,0.4018081232950872,3
91826,2025-08-05 11:45:00,115.2,0.8333333333333334,0.10254216584802625,0.2884930536704853,0.3554406754110246,3
91832,2025-08-05 13:15:00,115.7,0.3333333333333333,0.15095413357177812,0.2869718124497606,0.5260242540308911,11
91834,2025-08-05 13:25:00,115.6,0.8333333333333334,0.1143244251373555,0.18427631267285927,0.6203967481176625,7
91839,2025-08-05 13:50:00,115.8,0.36666666666666664,0.09010803936652484,0.16360518470887955,0.5507651822090104,7
91844,2025-08-05 14:15:00,115.6,0.43333333333333335,0.09532250965683298,0.1597812503214657,0.596581322683685,4
91845,2025-08-05 14:20:00,115.7,0.23333333333333334,0.09893967929498151,0.15983232720291798,0.6190217024705577,7
91863,2025-08-05 15:50:00,116.0,0.6666666666666666,0.10675749788783127,0.15036601265396793,0.7099842311673755,7
91866,2025-08-06 09:35:00,116.0,0.6333333333333333,0.8580828017778049,0.14627992531216272,5.866032539643757,27
91877,2025-08-06 10:30:00,115.6,0.43333333333333335,0.1060230745638722,0.16360518470887858,0.6480422656074817,8
91884,2025-08-06 11:05:00,115.8,0.1,0.12634541317863945,0.16256664946668686,0.7771914694257763,8
91888,2025-08-06 11:25:00,117.1,0.13333333333333333,0.2180312893317397,0.19112541856026052,1.1407759939737998,17
91889,2025-08-06 11:30:00,118.1,0.2,0.41141863130443207,0.21510645898027145,1.9126279761881322,14
91891,2025-08-06 11:40:00,119.0,0.43333333333333335,0.24975109449799066,0.22654203527278627,1.1024492394855447,12
91892,2025-08-06 11:45:00,118.7,0.36666666666666664,0.2084620207716039,0.22777721785413527,0.9152013653318898,11
91894,2025-08-06 11:55:00,118.2,0.7,0.18869401731042973,0.22917497967502962,0.8233622081171255,9
91898,2025-08-06 13:15:00,117.6,0.5,0.16317478310324138,0.2406415938616095,0.6780822071727197,18
91903,2025-08-06 13:40:00,117.3,0.4,0.14067321804028834,0.23867470698315474,0.5893930689950185,17
91906,2025-08-06 13:55:00,117.5,0.13333333333333333,0.08893919146314867,0.23648015775911163,0.37609578877964794,12
91907,2025-08-06 14:00:00,117.5,0.06666666666666667,0.11469220468118771,0.2364801577591116,0.4849971590344501,14
91910,2025-08-06 14:15:00,117.7,0.16666666666666666,0.08542230888867103,0.23850792866809975,0.358152910746804,11
91911,2025-08-06 14:20:00,117.7,0.26666666666666666,0.1264866251539504,0.23818258925004382,0.5310489971253309,13
91915,2025-08-06 14:40:00,117.2,0.43333333333333335,0.12887696477914204,0.24040828448846946,0.5360753896370958,14
91918,2025-08-06 14:55:00,117.3,0.3,0.11000057493209768,0.24040828448846954,0.45755733903327084,12
91923,2025-08-06 15:20:00,117.2,0.6333333333333333,0.10392851255571449,0.24781053286319207,0.4193869863194635,13
91924,2025-08-06 15:25:00,117.4,0.8333333333333334,0.06983145254332343,0.24833698483088382,0.2811963453243917,12
91928,2025-08-06 15:45:00,117.4,0.4,0.09309306487995624,0.24874339837855966,0.37425340928356615,11
91932,2025-08-07 09:35:00,116.7,0.8666666666666667,1.0681386948428344,0.25028908905338604,4.267619890593805,29
91933,2025-08-07 09:40:00,119.4,0.2,0.28682920597177514,0.36672370650193825,0.7821397986722715,14
91936,2025-08-07 09:55:00,119.1,0.2,0.23245346536347486,0.36822303741777934,0.6312844166231166,11
91942,2025-08-07 10:25:00,118.5,0.4666666666666667,0.14412523699996083,0.372282179291816,0.3871397692850273,9
91943,2025-08-07 10:30:00,118.3,0.3333333333333333,0.185489238454771,0.3727642258104679,0.4976047206554715,12
91945,2025-08-07 10:40:00,118.2,0.6,0.15530006577144773,0.37452823775713073,0.41465515845070866,9
91947,2025-08-07 10:50:00,118.5,0.36666666666666664,0.1583665575426576,0.374925765532644,0.4223944367164837,10
91949,2025-08-07 11:00:00,118.9,0.1,0.1149009437470634,0.37509717137112036,0.30632314108650166,6
91950,2025-08-07 11:05:00,118.9,0.16666666666666666,0.13874397952085477,0.37504276530629327,0.3699417569288241,8
91954,2025-08-07 11:25:00,119.3,0.4,0.14760927118783457,0.37582545275931084,0.3927601765768847,10
91962,2025-08-07 13:05:00,119.5,0.4666666666666667,0.1883258741610921,0.3772074774886631,0.49926336406401745,12
91966,2025-08-07 13:25:00,119.3,0.2,0.08688255373994545,0.375939458532876,0.23110783337032323,7
91969,2025-08-07 13:40:00,118.9,0.9333333333333333,0.09229853462206461,0.3761727911195817,0.24536206977480143,8
91974,2025-08-07 14:05:00,119.0,0.16666666666666666,0.08216144429805987,0.37204366425657354,0.22083817624535232,6
91975,2025-08-07 14:10:00,119.3,0.26666666666666666,0.10266196263431884,0.37297218965999274,0.27525366630661413,8
91976,2025-08-07 14:15:00,119.1,0.23333333333333334,0.07593397561875673,0.373710072712922,0.20318953424915567,7
91979,2025-08-07 14:30:00,119.0,0.26666666666666666,0.08955255232640348,0.3729366251180673,0.24012807081646168,6
91983,2025-08-07 14:50:00,119.1,0.0,0.06998552974227658,0.3719997827739132,0.1881332543272237,5
91986,2025-08-07 15:05:00,119.0,0.3,0.09249213820353218,0.37179676354743696,0.2487706921411414,5
91987,2025-08-07 15:10:00,119.0,0.16666666666666666,0.07419212263633912,0.35863849378954016,0.20687161005052984,6
91988,2025-08-07 15:15:00,118.9,0.5333333333333333,0.06849743229451644,0.3448544613756075,0.19862707305941046,6
91989,2025-08-07 15:20:00,119.0,0.2,0.06995861987771565,0.33559684492291053,0.2084603026997639,6
92005,2025-08-08 10:10:00,117.1,0.7666666666666667,0.1582582047677821,0.35073348594836695,0.45122068781045904,15
92033,2025-08-08 13:30:00,116.9,0.9666666666666667,0.08146145314750954,0.21594438248990402,0.377233490439688,14
92034,2025-08-08 13:35:00,116.9,0.5333333333333333,0.10615383687758535,0.21521552611593567,0.4932443248560085,12
92036,2025-08-08 13:45:00,116.9,0.7,0.09710913813686281,0.21601524356041205,0.4495476177342305,13
92040,2025-08-08 14:05:00,116.6,0.7666666666666667,0.10309560750036832,0.21319114484035914,0.4835829723489122,7
92041,2025-08-08 14:10:00,116.8,0.23333333333333334,0.1206477759093684,0.21416523595343545,0.5633396819622025,11
92045,2025-08-08 14:30:00,116.7,0.4666666666666667,0.10789502052335238,0.20939566917868344,0.5152686344782156,13
92046,2025-08-08 14:35:00,116.8,0.3333333333333333,0.08619971190513327,0.20939566917868344,0.4116594781698973,10
92053,2025-08-08 15:10:00,116.2,0.43333333333333335,0.13178899684460077,0.20628824819344435,0.6388584807846989,10
92054,2025-08-08 15:15:00,116.4,0.8333333333333334,0.07722873143315485,0.20756039659056677,0.3720783574406831,7
92060,2025-08-08 15:45:00,116.4,0.43333333333333335,0.09535554110206544,0.2053960366815813,0.4642520987388476,6
92061,2025-08-08 15:50:00,116.3,0.4666666666666667,0.08967820847654992,0.20539603668158135,0.43661119233559054,6
92064,2025-08-11 09:35:00,116.3,0.7,0.9563732287223055,0.20548046676563253,4.654326728842446,29
92066,2025-08-11 09:45:00,117.1,0.3,0.1780974662788752,0.22866687994878415,0.7788511668972994,20
92070,2025-08-11 10:05:00,117.2,0.06666666666666667,0.09001952454915077,0.23139471897119515,0.3890301600200164,15
92071,2025-08-11 10:10:00,117.4,0.13333333333333333,0.11645452590116577,0.22859994064739725,0.5094250049731659,11
92074,2025-08-11 10:25:00,117.2,0.5,0.1109286464354367,0.22530460964171067,0.4923496532620453,12
92075,2025-08-11 10:30:00,117.6,0.06666666666666667,0.1347904894434593,0.22846153727237298,0.5899920444059755,6
92077,2025-08-11 10:40:00,117.8,0.1,0.13311708507808093,0.22886312228483902,0.5816449751673218,10
92078,2025-08-11 10:45:00,117.8,0.8666666666666667,0.09710816684086052,0.22886312228483902,0.42430674663260687,7
92086,2025-08-11 11:25:00,118.3,0.36666666666666664,0.13810816758389105,0.23581045515007598,0.5856744879950101,13
92090,2025-08-11 11:45:00,118.3,0.1,0.0676762069961235,0.23623841973757412,0.28647417753345006,5
92091,2025-08-11 11:50:00,118.4,0.06666666666666667,0.06978954627752351,0.2362902415617726,0.29535517766728697,8
92098,2025-08-11 13:25:00,118.3,0.7333333333333333,0.07502242877376689,0.19894631117753905,0.3770988681806576,9
92099,2025-08-11 13:30:00,118.3,0.7,0.06583439824500747,0.19471645672762075,0.3381039248115529,8
92102,2025-08-11 13:45:00,118.6,0.23333333333333334,0.10705652183099425,0.1919404560256139,0.5577590261466705,8
92117,2025-08-11 15:00:00,118.5,0.1,0.05699945224119038,0.19261437092848224,0.29592523115709934,6
92118,2025-08-11 15:05:00,118.6,0.06666666666666667,0.07162215676684923,0.19246599403879355,0.3721288902205396,8
92119,2025-08-11 15:10:00,118.5,0.3333333333333333,0.061651008503224886,0.19063365304825683,0.3234004464448814,6
92120,2025-08-11 15:15:00,118.5,0.2,0.07044638078394307,0.1903068905225165,0.3701725176136388,6
92122,2025-08-11 15:25:00,118.5,0.23333333333333334,0.0671576305753052,0.18817181450012183,0.35689527017481,6
92126,2025-08-11 15:45:00,118.2,0.7333333333333333,0.10667946684886467,0.1888267601599815,0.5649594726853419,8
92128,2025-08-11 15:55:00,118.3,0.6,0.09759132962176956,0.187835337649743,0.5195578789532582,7
92131,2025-08-12 09:40:00,116.7,0.6333333333333333,0.3692238284870999,0.25819098638500976,1.4300415117378262,26
92133,2025-08-12 09:50:00,116.7,0.36666666666666664,0.21403898957730036,0.25858191284868426,0.8277415354358164,18
92142,2025-08-12 10:35:00,117.0,0.6,0.11742188139180153,0.25975116218901706,0.45205526859724066,13
92143,2025-08-12 10:40:00,117.0,0.6333333333333333,0.09531016396464587,0.25954682551956193,0.36721760620209315,15
92145,2025-08-12 10:50:00,116.7,0.16666666666666666,0.11460398232038058,0.2611145301927252,0.4389031213076993,10
92149,2025-08-12 11:10:00,116.4,0.5,0.10110752704988336,0.2616883017420651,0.38636624708406225,7
92153,2025-08-12 11:30:00,116.6,0.5333333333333333,0.10435960347653137,0.2616883017420651,0.39879353712721227,10
92158,2025-08-12 11:55:00,116.8,0.3333333333333333,0.092698391981749,0.26166490712366997,0.3542637528307807,11
92163,2025-08-12 13:20:00,116.9,0.06666666666666667,0.09280018745148287,0.26621863188602934,0.34858637351577815,19
92166,2025-08-12 13:35:00,116.7,0.36666666666666664,0.08150646304198451,0.24692786409046544,0.3300820802148254,10
92168,2025-08-12 13:45:00,116.6,0.3,0.1190428135550724,0.2451529926330897,0.4855858061387765,12
92170,2025-08-12 13:55:00,116.5,0.5666666666666667,0.06191349270841641,0.24124714227266902,0.2566392792269383,6
92172,2025-08-12 14:05:00,116.4,0.5333333333333333,0.11872156155738993,0.240654313322158,0.49332820973983665,9
92178,2025-08-12 14:35:00,116.4,0.03333333333333333,0.06784958349711534,0.2393790218256294,0.2834399730588712,6
92182,2025-08-12 14:55:00,116.5,0.3,0.09423732692196038,0.2365750586854012,0.3983400762769235,6
92184,2025-08-12 15:05:00,116.6,0.4666666666666667,0.0929622428804078,0.23484794178279825,0.39584014309303583,10
92187,2025-08-12 15:20:00,116.8,0.3,0.10049815403499314,0.2339861435119101,0.4295047241969595,11
92190,2025-08-12 15:35:00,116.8,0.8,0.07545075146993797,0.23385529096545954,0.32263863331226517,11
92193,2025-08-12 15:50:00,116.9,0.4666666666666667,0.06897779288566866,0.2348479417827982,0.29371257147087776,13
92198,2025-08-13 09:45:00,120.1,0.4,0.24536538434616526,0.37775617072115014,0.6495337558027282,9
92204,2025-08-13 10:15:00,119.9,0.9666666666666667,0.17573421354144667,0.3794969793704438,0.46307144218374585,4
92210,2025-08-13 10:45:00,120.4,0.06666666666666667,0.11582958895571795,0.37818807730294857,0.30627509407953213,3
92212,2025-08-13 10:55:00,120.7,0.03333333333333333,0.1409159146445523,0.37848472717566095,0.37231598668749166,5
92217,2025-08-13 11:20:00,121.8,0.5,0.24398548884608762,0.3821333742594145,0.6384825437425834,5
92218,2025-08-13 11:25:00,121.6,0.9333333333333333,0.11889515027903072,0.38261367615534114,0.3107446431965994,4
92219,2025-08-13 11:30:00,121.8,0.1,0.14420195738138916,0.38297084310253576,0.3765350808776345,4
92222,2025-08-13 11:45:00,121.7,0.23333333333333334,0.13638020980238427,0.38349798835288235,0.35562170844268326,4
92225,2025-08-13 12:00:00,121.9,0.2,0.17678709634426162,0.3841784777217724,0.46016918332497897,6
92226,2025-08-13 13:05:00,121.7,0.1,0.15033511801662877,0.3848551127507961,0.39062783119104555,5
92228,2025-08-13 13:15:00,121.8,0.1,0.16759315241164868,0.38537968059365607,0.4348780199139734,6
92247,2025-08-13 14:50:00,122.7,0.0,0.1285499408092496,0.3379418189460316,0.380390746579306,3
92248,2025-08-13 14:55:00,123.0,0.4666666666666667,0.1893262135318315,0.33874396636320386,0.5589065262607054,4
92255,2025-08-13 15:30:00,123.6,0.4,0.20059489651064635,0.34273249734784783,0.58528122679612,4
92256,2025-08-13 15:35:00,123.6,0.7333333333333333,0.17581742953555696,0.3427890550939684,0.5129026931369215,4
92260,2025-08-13 15:55:00,123.6,0.13333333333333333,0.14651295317832871,0.34024364533372425,0.43061187236758847,4
92262,2025-08-14 09:35:00,123.7,0.06666666666666667,0.7214772040187617,0.3395321988707306,2.124915417207451,20
92264,2025-08-14 09:45:00,124.2,0.2,0.24675916513470722,0.34731027350047083,0.7104862250335152,5
92265,2025-08-14 09:50:00,123.3,0.9333333333333333,0.21275483918802338,0.3606951761543403,0.5898466440731834,3
92267,2025-08-14 10:00:00,123.4,0.3333333333333333,0.18812422761781877,0.36863013262083444,0.510333287949956,3
92268,2025-08-14 10:05:00,123.5,0.2,0.2424996951409595,0.3685775401759186,0.6579339995193866,3
92269,2025-08-14 10:10:00,123.6,0.13333333333333333,0.14211061149034596,0.3681897852846558,0.38597108657014223,3
92270,2025-08-14 10:15:00,124.0,0.0,0.18003825376887497,0.36922749901099766,0.48760792262526587,3
92273,2025-08-14 10:30:00,123.8,0.2,0.1468902587890625,0.37018789505484767,0.39679919508794037,2
92286,2025-08-14 11:35:00,122.2,0.8333333333333334,0.11083299150026177,0.38119236832767095,0.29075343765799194,6
92287,2025-08-14 11:40:00,122.1,0.6666666666666666,0.09028167773895703,0.38121645707415325,0.23682523685328638,6
92288,2025-08-14 11:45:00,122.3,0.1,0.09984606113222413,0.38119236832767095,0.261930902683752,6
92292,2025-08-14 13:05:00,122.2,0.6,0.11290338763158507,0.38226151377263246,0.2953564080184633,9
92293,2025-08-14 13:10:00,122.4,0.1,0.11689073924644879,0.3825016596576463,0.305595377941812,5
92294,2025-08-14 13:15:00,121.8,0.9,0.14215435239058608,0.387786710451475,0.3665787108204016,8
92301,2025-08-14 13:50:00,121.8,0.8333333333333334,0.10945283054897155,0.2575579316469804,0.4249639288880148,7
92302,2025-08-14 13:55:00,121.8,0.4,0.12354698215015376,0.2569074316279533,0.48090077179655627,6
92304,2025-08-14 14:05:00,121.8,0.36666666666666664,0.1391124354780039,0.2550420040587496,0.5454491152992939,8
92306,2025-08-14 14:15:00,122.0,0.9666666666666667,0.08455684540973267,0.2566213253850584,0.32950046253114684,6
92311,2025-08-14 14:40:00,122.0,0.43333333333333335,0.09195295643288252,0.2557012400654395,0.3596109131475067,6
92318,2025-08-14 15:15:00,121.8,0.1,0.10096541222517005,0.24822602928815135,0.40674788423564195,4
92322,2025-08-14 15:35:00,122.2,0.03333333333333333,0.09515877406304482,0.2522301305783162,0.3772696538865664,6
92323,2025-08-14 15:40:00,122.0,0.23333333333333334,0.08183506645393383,0.2522301305783162,0.3244460376970088,4
92325,2025-08-14 15:50:00,122.2,0.0,0.07335231695819724,0.2504032051033053,0.29293681336041727,3
92326,2025-08-14 15:55:00,121.9,0.3,0.1123920787828991,0.252043985841556,0.4459224782040736,6
92327,2025-08-14 16:00:00,121.9,0.1,0.12777682163336954,0.2512574234271754,0.5085494386214799,6
92330,2025-08-15 09:45:00,118.8,0.9666666666666667,0.19324602656171286,0.39086863257340504,0.494401470103696,11
92331,2025-08-15 09:50:00,119.3,0.6666666666666666,0.24375796684727627,0.39307597687932183,0.620129392751245,8
92350,2025-08-15 11:25:00,118.4,0.26666666666666666,0.14577946231218714,0.38828104141948994,0.375448313879148,12
92359,2025-08-15 13:10:00,118.8,0.2,0.09736770905004229,0.3856946079199352,0.2524476802389067,12
92364,2025-08-15 13:35:00,118.7,0.23333333333333334,0.11787205065663026,0.3655114394741856,0.322485257441457,11
92372,2025-08-15 14:15:00,118.3,0.4,0.12973831673910718,0.35596567256533784,0.36446861801061337,7
92374,2025-08-15 14:25:00,118.3,0.7,0.10134916495476544,0.3553603688307647,0.28520109118592096,8
92379,2025-08-15 14:50:00,118.4,0.4,0.1028879852842178,0.35315997387332765,0.2913353519533387,9
92383,2025-08-15 15:10:00,118.7,0.1,0.10575577731784937,0.35041625516300023,0.3018004323705127,11
92386,2025-08-15 15:25:00,118.5,0.5333333333333333,0.10240439290750049,0.34973425566675154,0.2928062986345774,10
92390,2025-08-15 15:45:00,118.4,0.7666666666666667,0.09657748422563985,0.3481318663198062,0.2774163860567719,6
92395,2025-08-18 09:40:00,118.9,0.4666666666666667,0.2623907045520571,0.3525527470392969,0.7442594243147679,15
92400,2025-08-18 10:05:00,119.4,0.3333333333333333,0.16680335716628977,0.35450660237783527,0.4705225686840939,10
92402,2025-08-18 10:15:00,119.4,0.3333333333333333,0.1263462391243369,0.3547166411670944,0.3561892069924616,7
92407,2025-08-18 10:40:00,119.4,0.2,0.10385770036373046,0.36155972698847666,0.2872490839308564,10
92409,2025-08-18 10:50:00,119.3,0.43333333333333335,0.06245211772949726,0.36070649083904094,0.1731383252467321,7
92411,2025-08-18 11:00:00,118.8,0.7333333333333333,0.1462263417312,0.36204477730439727,0.40389021164709943,12
92414,2025-08-18 11:15:00,119.1,0.7,0.10267217294921124,0.362813322226489,0.2829889826512968,10
92417,2025-08-18 11:30:00,119.2,0.4,0.08712807392806537,0.36724083380983824,0.23725050677011955,10
92419,2025-08-18 11:40:00,119.8,0.2,0.14659906309629042,0.3704606562742641,0.3957210046827708,6
92422,2025-08-18 11:55:00,120.0,0.1,0.12027612270988387,0.3714508268446788,0.3238009287301359,5
92426,2025-08-18 13:15:00,120.5,0.7,0.11717236012907326,0.3717308956623317,0.31520748341431604,6
92435,2025-08-18 14:00:00,119.8,0.3333333333333333,0.11973955650415366,0.2193152378511786,0.5459700733854421,7
92453,2025-08-18 15:30:00,119.3,0.3,0.0641783983536881,0.2090152598230428,0.3070512574441839,9
92455,2025-08-18 15:40:00,119.2,0.8,0.07937161492223979,0.20977052484699168,0.3783735345093601,11
92456,2025-08-18 15:45:00,119.2,0.3333333333333333,0.07039935725740082,0.2094979690615505,0.33603837580266704,11
92461,2025-08-19 09:40:00,118.4,0.8333333333333334,0.2606943487315817,0.2136357666491174,1.2202748295408554,20
92462,2025-08-19 09:45:00,118.3,0.5333333333333333,0.2508372914332002,0.21385057436516464,1.1729558930474426,13
92463,2025-08-19 09:50:00,118.2,0.43333333333333335,0.2549569118965739,0.21385057436516464,1.1922199070703328,12
92465,2025-08-19 10:00:00,118.2,0.7666666666666667,0.15795574757235323,0.21410805915186001,0.7377384494449144,9
92466,2025-08-19 10:05:00,118.2,0.7666666666666667,0.1273429518884613,0.2101835502202434,0.6058654531005087,6
92467,2025-08-19 10:10:00,118.1,0.5666666666666667,0.16807754891162813,0.21038248433587664,0.7989141750189218,8
92471,2025-08-19 10:30:00,119.6,0.6666666666666666,0.18134243654767115,0.22547210387440078,0.8042788151242335,8
92474,2025-08-19 10:45:00,119.3,0.6666666666666666,0.12243755186982692,0.22763383209472915,0.5378706264492129,11
92479,2025-08-19 11:10:00,119.2,0.4666666666666667,0.11245357984379689,0.2370920314227085,0.47430349796659665,15
92484,2025-08-19 11:35:00,119.1,0.4666666666666667,0.1212779161392146,0.23860629921247903,0.5082762548159575,10
92502,2025-08-19 14:05:00,118.2,0.5333333333333333,0.12943208582356197,0.23990271129489923,0.5395190622270968,5
92503,2025-08-19 14:10:00,118.5,0.1,0.1111412437757061,0.23398614351190844,0.47499070717428915,7
92504,2025-08-19 14:15:00,118.3,0.26666666666666666,0.08482525410170529,0.23456972703470944,0.3616206369594898,4
92514,2025-08-19 15:05:00,118.6,0.1,0.08456559892908123,0.22360451626912375,0.3781927142620885,6
92515,2025-08-19 15:10:00,118.5,0.6666666666666666,0.09260482686678309,0.22010933087678522,0.4207219498505597,7
92516,2025-08-19 15:15:00,118.5,0.7,0.08401453645312539,0.2198495928705762,0.38214551756110876,5
92517,2025-08-19 15:20:00,118.3,0.9,0.08461676298192072,0.21194798121267422,0.3992336350541316,4
92524,2025-08-19 15:55:00,118.7,0.2,0.1142048321625539,0.20631792212827021,0.5535381075210298,8
92525,2025-08-19 16:00:00,118.7,0.2,0.12445517575887917,0.20516740460376562,0.6066030615303447,7
92526,2025-08-20 09:35:00,118.3,0.8666666666666667,0.7896984778593359,0.20748173052877097,3.806110908400344,26
92535,2025-08-20 10:20:00,116.3,0.8,0.15111446128207967,0.2586529269084457,0.5842364248039962,3
92539,2025-08-20 10:40:00,116.7,0.6666666666666666,0.15774186534065818,0.2603749660521103,0.6058257740073537,8
92549,2025-08-20 11:30:00,116.7,0.8666666666666667,0.07874464399331105,0.2648969436902793,0.29726520395561923,5
92551,2025-08-20 11:40:00,116.6,0.6333333333333333,0.09568842752213254,0.2649893684110367,0.36110289290439,5
92557,2025-08-20 13:10:00,116.4,0.5,0.08741378784179688,0.2655432411820247,0.32918852482438604,2
92558,2025-08-20 13:15:00,116.3,0.8333333333333334,0.13469197661270965,0.26507791186216934,0.5081222183564826,3
92563,2025-08-20 13:40:00,116.8,0.4,0.11538844703137534,0.26424906549588206,0.43666548759535156,6
92564,2025-08-20 13:45:00,117.0,0.0,0.11641204404954526,0.264869980404995,0.4395063716603421,6
92569,2025-08-20 14:10:00,117.3,0.5333333333333333,0.13757909519656436,0.2546456432619297,0.540276650463051,6
92570,2025-08-20 14:15:00,117.0,0.5666666666666667,0.13763577722492024,0.25409210872105886,0.5416767089607499,7
92587,2025-08-20 15:40:00,117.8,0.0,0.0791819034039704,0.24782288437963595,0.3195100549417902,4
92597,2025-08-21 10:00:00,116.6,0.7,0.1975856625078193,0.23005480154322022,0.8588634585429378,8
92601,2025-08-21 10:20:00,116.7,0.23333333333333334,0.12781272865033147,0.22978410436519844,0.5562296356548548,7
92603,2025-08-21 10:30:00,116.9,0.6666666666666666,0.16785154562264334,0.2274185839487902,0.7380731280098021,7
92605,2025-08-21 10:40:00,116.9,0.23333333333333334,0.1223696397077185,0.22874718125330742,0.5349558365583102,9
92606,2025-08-21 10:45:00,116.9,0.3333333333333333,0.11247405428909968,0.22874718125330742,0.49169591368450327,6
92610,2025-08-21 11:05:00,116.7,0.3,0.11893464733501088,0.23052001120015123,0.5159406626600618,6
92614,2025-08-21 11:25:00,116.6,0.8666666666666667,0.10538694407525602,0.23079868689854885,0.4566184734039691,8
92616,2025-08-21 11:35:00,116.6,0.1,0.06340414874458127,0.2305200112001513,0.2750483500954283,4
92618,2025-08-21 11:45:00,116.7,0.0,0.07646275998314848,0.23052001120015134,0.33169684308560493,4
92619,2025-08-21 11:50:00,116.8,0.1,0.08110707073228757,0.23081194877735,0.35139892523730015,5
92620,2025-08-21 11:55:00,116.7,0.0,0.07524764386500021,0.23066160283618242,0.32622527087198666,5
92621,2025-08-21 12:00:00,116.8,0.26666666666666666,0.10214056758083309,0.23081194877734998,0.44252720936627843,6
92633,2025-08-21 14:00:00,116.2,0.5,0.08551025390625,0.15922473127465087,0.5370412826054713,2
92635,2025-08-21 14:10:00,115.8,0.5666666666666667,0.1675944144402176,0.1641468530567427,1.0210029087934032,3
92643,2025-08-21 14:50:00,115.2,0.8666666666666667,0.13352928371872255,0.1677923418170564,0.7958008230453641,3
92645,2025-08-21 15:00:00,115.7,0.4,0.11239219728572471,0.17270659690772533,0.6507695669886556,3
92649,2025-08-21 15:20:00,115.4,0.7333333333333333,0.11876878971645956,0.17012931936506906,0.6981088865794003,3
92650,2025-08-21 15:25:00,115.3,0.43333333333333335,0.13631387244473436,0.17035107222253285,0.8001938036918544,3
92652,2025-08-21 15:35:00,115.6,0.13333333333333333,0.14080626433408547,0.17061440315465748,0.8252894347169991,3
92653,2025-08-21 15:40:00,115.8,0.4,0.0912952216449309,0.17155072146659903,0.5321762617168946,2
92656,2025-08-21 15:55:00,115.9,0.5333333333333333,0.12326584148124373,0.1707817659782627,0.7217740182926388,5
92657,2025-08-21 16:00:00,115.9,0.7,0.12574444299676377,0.1705127098667411,0.7374490915957843,6
92659,2025-08-22 09:40:00,115.5,0.6333333333333333,0.20122307824205526,0.17144363239819915,1.1736981737221341,6
92666,2025-08-22 10:15:00,115.9,0.6,0.15943081522976899,0.18957096104225077,0.8410086352531373,7
92667,2025-08-22 10:20:00,116.1,0.3,0.13837804819283875,0.19074066644674176,0.725477428440654,8
92669,2025-08-22 10:30:00,116.3,0.8,0.14618671969078048,0.18708423277236713,0.781395190414853,7
92670,2025-08-22 10:35:00,116.3,0.5666666666666667,0.12360947363301465,0.18591347454761156,0.6648763567772429,6
92672,2025-08-22 10:45:00,116.6,0.2,0.14248530505715692,0.18623150992309498,0.7650977276401656,8
92680,2025-08-22 11:25:00,117.3,0.3333333333333333,0.11203817778689948,0.19036049658834397,0.5885579192892257,4
92682,2025-08-22 11:35:00,117.1,0.23333333333333334,0.09843307831782923,0.1924076718122933,0.5115860370362849,5
92687,2025-08-22 12:00:00,117.1,0.4,0.0977906961145541,0.1917064211310277,0.5101065240152598,4
92690,2025-08-22 13:15:00,117.3,0.1,0.10184466674406588,0.19275734047477255,0.5283568786185602,4
92696,2025-08-22 13:45:00,117.3,0.06666666666666667,0.10271851723204539,0.18976462041731107,0.5412943519511554,4
92701,2025-08-22 14:10:00,117.2,0.5,0.0993498576735809,0.19064970888733745,0.521112034491963,4
92703,2025-08-22 14:20:00,116.9,0.4666666666666667,0.14749656629977084,0.19173835180128726,0.769259592116618,7
92705,2025-08-22 14:30:00,117.3,0.5,0.09036896540558516,0.19328065735848363,0.46755307354928455,4
92706,2025-08-22 14:35:00,117.5,0.23333333333333334,0.11055150601686697,0.19403932610556657,0.569737631209468,4
92714,2025-08-22 15:15:00,117.2,1.0,0.09793751743941602,0.19559478694884228,0.5007163992823159,4
92715,2025-08-22 15:20:00,117.3,0.23333333333333334,0.08423310206084367,0.19553217992020752,0.43078894786125427,4
92717,2025-08-22 15:30:00,118.0,0.4666666666666667,0.12321926219724537,0.20432024014923061,0.6030692901850985,10
92718,2025-08-22 15:35:00,117.9,0.5,0.13806496945761393,0.20444005265375081,0.6753322925984918,7
92719,2025-08-22 15:40:00,118.1,0.13333333333333333,0.1120124308324121,0.20499327459285865,0.5464200279491231,10
92720,2025-08-22 15:45:00,118.2,0.13333333333333333,0.12300850820918373,0.2049932745928587,0.6000611895853335,13
92737,2025-08-25 10:40:00,123.9,0.2,0.22478042352695624,0.3902102698396033,0.5760494812690417,3
92738,2025-08-25 10:45:00,123.8,0.23333333333333334,0.18272808847631708,0.3861942587735359,0.4731507119153439,2
92739,2025-08-25 10:50:00,124.1,0.7333333333333333,0.18995085888854915,0.3866167389105586,0.49131566166485385,2
92743,2025-08-25 11:10:00,124.9,0.9,0.251622865560628,0.40100374012205586,0.6274825902722007,3
92749,2025-08-25 11:40:00,124.7,0.8333333333333334,0.20629716417668612,0.4098222668163991,0.5033820289445314,3
92750,2025-08-25 11:45:00,124.6,0.26666666666666666,0.19159729534860515,0.41014330279012057,0.467147199637805,2
92754,2025-08-25 13:05:00,124.9,0.7666666666666667,0.26357176768364443,0.41014330279012046,0.6426333573914774,3
92757,2025-08-25 13:20:00,124.5,0.36666666666666664,0.2228545750659266,0.4167912271728611,0.5346911368014454,3
92758,2025-08-25 13:25:00,124.1,0.6,0.21353917666205643,0.41866706828934136,0.5100453148478333,5
92759,2025-08-25 13:30:00,124.3,0.06666666666666667,0.1508157782894216,0.4156145271278145,0.3628741741335741,3
92762,2025-08-25 13:45:00,123.8,0.5,0.1717488227990139,0.4149413314433067,0.41391109967670187,4
92764,2025-08-25 13:55:00,124.4,0.03333333333333333,0.17092928120949522,0.4159359984672352,0.4109509199477475,3
92765,2025-08-25 14:00:00,124.8,0.4,0.21567215977145038,0.4166957443174963,0.5175770636311601,2
92766,2025-08-25 14:05:00,124.8,0.4,0.21746621964165286,0.41664187254053764,0.5219499862450677,2
92770,2025-08-25 14:25:00,124.8,0.2,0.1781951904296875,0.41868169021178775,0.4256101821399175,2
92773,2025-08-25 14:40:00,125.0,0.7666666666666667,0.1885332314499674,0.41980361843754893,0.4490986336698622,2
92775,2025-08-25 14:50:00,124.9,0.26666666666666666,0.19763310442040874,0.4195410496939817,0.4710697667476513,2
92777,2025-08-25 15:00:00,125.0,0.1,0.13252487182617187,0.4180939740850218,0.3169738863522156,2
92778,2025-08-25 15:05:00,125.0,0.6,0.21674112044411267,0.41722429780895376,0.519483456697812,2
92779,2025-08-25 15:10:00,124.8,0.16666666666666666,0.1669760742780719,0.4175665214266401,0.3998789790608417,2
92780,2025-08-25 15:15:00,124.9,0.03333333333333333,0.07959913862108148,0.4158427728277719,0.1914164290503343,2
92783,2025-08-25 15:30:00,124.8,0.1,0.13382492065429688,0.4158059674795105,0.32184463697215054,2
92788,2025-08-25 15:55:00,124.4,1.0,0.1350906372070312,0.41647531571895485,0.32436649210248236,2
92791,2025-08-26 09:40:00,122.7,0.2,0.2740891724845962,0.45620795856608426,0.6007987527137645,13
92793,2025-08-26 09:50:00,123.5,0.5666666666666667,0.2724954351652226,0.4575857915817351,0.595506766552538,11
92795,2025-08-26 10:00:00,123.0,0.23333333333333334,0.21258704195932782,0.4610245307987013,0.4611187209301676,8
92796,2025-08-26 10:05:00,123.2,0.5666666666666667,0.27332646430669444,0.4612059711912479,0.5926342705423352,12
92797,2025-08-26 10:10:00,123.4,0.36666666666666664,0.26222711795183773,0.4606658653360003,0.5692349654788826,10
92798,2025-08-26 10:15:00,123.7,0.1,0.1889828907906328,0.46096698600608166,0.40997055435145524,8
92805,2025-08-26 10:50:00,123.0,0.1,0.1482354973956087,0.46345697548499654,0.3198473757795615,8
92813,2025-08-26 11:30:00,123.3,0.0,0.1026677003444464,0.46486819478931896,0.22085335476860493,5
92815,2025-08-26 11:40:00,123.4,0.0,0.12505726046787283,0.461710089243823,0.2708566769088551,6
92818,2025-08-26 11:55:00,122.9,0.06666666666666667,0.13078054989085425,0.46326980954633495,0.2822988832769469,5
92820,2025-08-26 13:05:00,123.0,0.3333333333333333,0.2203410598732347,0.4630539243362251,0.47584319728871205,7
92821,2025-08-26 13:10:00,123.2,0.1,0.13635171970955873,0.46260420749332887,0.2947481183718482,6
92826,2025-08-26 13:35:00,123.2,0.1,0.10942832580278374,0.3448633372148502,0.31730924686438844,5
92829,2025-08-26 13:50:00,123.1,0.5333333333333333,0.09549254669601158,0.3312330526530837,0.2882941358996124,4
92833,2025-08-26 14:10:00,123.3,0.0,0.08871252433795573,0.3170816316767999,0.2797781879348346,4
92836,2025-08-26 14:25:00,122.9,0.8,0.09469303855613649,0.3167049257573678,0.29899452409743127,4
92838,2025-08-26 14:35:00,122.7,0.4,0.1477614796977459,0.3181417322833058,0.4644517355119071,6
92839,2025-08-26 14:40:00,122.7,0.5,0.12183630590477251,0.3153845292426109,0.3863103437488191,4
92840,2025-08-26 14:45:00,122.7,0.2,0.11388139423706603,0.3014504270411125,0.3777781818220301,4
92841,2025-08-26 14:50:00,122.6,0.3,0.11177018405245301,0.3012608270412885,0.3710080236788789,4
92843,2025-08-26 15:00:00,122.2,0.4666666666666667,0.12116196569762044,0.29467608747736274,0.41116999596015136,6
92845,2025-08-26 15:10:00,122.2,0.5666666666666667,0.11882284810057891,0.2880364622249485,0.4125271057099068,4
92847,2025-08-26 15:20:00,121.5,0.6666666666666666,0.14740255840590263,0.2867441755680876,0.5140559807845226,4
92851,2025-08-26 15:40:00,121.6,0.7666666666666667,0.17081494781451056,0.2876749233853035,0.5937776772629082,5
92858,2025-08-27 09:45:00,122.0,0.7666666666666667,0.198128881843627,0.28948867594547273,0.6844097828577792,7
92861,2025-08-27 10:00:00,121.9,0.4,0.16657237708486025,0.2887369806157576,0.5769000449115651,8
92864,2025-08-27 10:15:00,122.2,0.4,0.14685623181279975,0.2834084957651947,0.5181786502775514,6
92869,2025-08-27 10:40:00,121.3,0.9666666666666667,0.1689860763545051,0.29449944909592635,0.5738077842701221,5
92876,2025-08-27 11:15:00,123.3,0.23333333333333334,0.20185258614972745,0.3561977671197446,0.5666868374328404,9
92877,2025-08-27 11:20:00,122.8,0.23333333333333334,0.14791746677575068,0.35944838647081995,0.4115123960578931,6
92886,2025-08-27 13:05:00,123.2,0.36666666666666664,0.2554420918556506,0.36972456705517187,0.6908983460045067,10
92887,2025-08-27 13:10:00,124.2,0.03333333333333333,0.16776174456169796,0.3832291816295889,0.4377582726042206,10
92891,2025-08-27 13:30:00,123.3,0.16666666666666666,0.14574098820995793,0.346992853534537,0.42001149800467574,6
92892,2025-08-27 13:35:00,123.2,0.3,0.15327634628659134,0.34654267755148843,0.44230150055275064,7
92893,2025-08-27 13:40:00,123.7,0.03333333333333333,0.2034704540992501,0.34648378779176753,0.5872437939911155,9
92896,2025-08-27 13:55:00,123.0,0.26666666666666666,0.1121617659934996,0.3507334859483674,0.31979200871060054,4
92897,2025-08-27 14:00:00,122.6,0.6666666666666666,0.12567756735749142,0.35158770875451645,0.35745722682598463,6
92901,2025-08-27 14:20:00,122.4,0.9333333333333333,0.11842306453366895,0.3575500761193686,0.33120693419775205,6
92905,2025-08-27 14:40:00,121.7,0.23333333333333334,0.2611083857307592,0.36742970942511993,0.7106349297101996,4
92915,2025-08-27 15:30:00,121.5,0.26666666666666666,0.17587908435211122,0.3687380620332016,0.4769756704320773,3
92918,2025-08-27 15:45:00,121.4,0.7666666666666667,0.1431053988752219,0.3675490953826173,0.38935043147433046,3
92923,2025-08-28 09:40:00,117.6,0.8666666666666667,0.4519681256093652,0.5335532910366919,0.8470908777100652,16
92926,2025-08-28 09:55:00,117.3,0.5666666666666667,0.3613223207845439,0.5434493633161478,0.6648684222937385,11
92932,2025-08-28 10:25:00,116.3,0.7333333333333333,0.30286270108318675,0.5461069797982345,0.5545849298521744,8
92936,2025-08-28 10:45:00,117.3,0.36666666666666664,0.23495994680672688,0.5510950410880194,0.42635104526226303,8
92937,2025-08-28 10:50:00,117.4,0.36666666666666664,0.26016329061638344,0.5507227815184893,0.47240335672885003,8
92945,2025-08-28 11:30:00,116.9,0.7,0.21917625412149502,0.5494485274508684,0.39890225047712724,7
92953,2025-08-28 13:10:00,116.5,0.9333333333333333,0.15771265667782344,0.5498160826330639,0.28684620486643286,6
92956,2025-08-28 13:25:00,116.3,0.3333333333333333,0.12613859101283098,0.5442092031284644,0.2317832743138213,6
92962,2025-08-28 13:55:00,116.2,0.16666666666666666,0.15049893475834622,0.54383785852557,0.27673493560446955,7
92963,2025-08-28 14:00:00,116.1,0.16666666666666666,0.1420544901563165,0.5432240214833847,0.26150259292364786,7
92971,2025-08-28 14:40:00,116.1,0.5333333333333333,0.14559345735876147,0.5320749617506422,0.2736333558709987,6
92974,2025-08-28 14:55:00,116.5,0.5333333333333333,0.1808420142075873,0.498957182095148,0.36243994614572334,6
92976,2025-08-28 15:05:00,116.4,0.26666666666666666,0.1572586856450145,0.49671916161731133,0.31659476379566714,6
92977,2025-08-28 15:10:00,116.7,0.13333333333333333,0.222762843648115,0.4980177009362952,0.447299048265375,8
92981,2025-08-28 15:30:00,116.5,0.5333333333333333,0.1663790725959919,0.4921234512562887,0.3380840156494489,6
92982,2025-08-28 15:35:00,116.3,0.43333333333333335,0.15441920546475,0.4909610480880543,0.314524351913667,6
92984,2025-08-28 15:45:00,116.2,0.36666666666666664,0.13698093708126205,0.4906866520197594,0.2791617349227302,6
92987,2025-08-28 16:00:00,116.1,0.1,0.1541353365238502,0.47029287711627055,0.3277432936449584,6
92989,2025-08-29 09:40:00,116.9,0.26666666666666666,0.23755731047602122,0.4833204034452628,0.4915110323972184,10
92992,2025-08-29 09:55:00,116.6,0.6666666666666666,0.2437674418448937,0.4813785767455559,0.506394454636777,8
92996,2025-08-29 10:15:00,116.6,0.13333333333333333,0.23281582948564894,0.4800711609326568,0.48496108167244767,7
93011,2025-08-29 11:30:00,117.3,0.7333333333333333,0.13514851560421548,0.4816370919457147,0.28060238271567356,4
93023,2025-08-29 13:30:00,116.0,0.36666666666666664,0.15184560552496418,0.2823697581872759,0.5377544907774994,5
93024,2025-08-29 13:35:00,116.4,0.43333333333333335,0.1762194183700089,0.2846155649185377,0.6191489155571875,6
93029,2025-08-29 14:00:00,116.9,0.4,0.14656374038782258,0.2753780642268376,0.5322273609530983,4
93038,2025-08-29 14:45:00,116.3,0.5333333333333333,0.168739161452537,0.2715800788170668,0.6213237811385929,6
93040,2025-08-29 14:55:00,116.3,0.4666666666666667,0.16966677945874514,0.2712680754122819,0.6254579688408972,6
93046,2025-08-29 15:25:00,116.7,0.16666666666666666,0.09437577859145183,0.2718504423273425,0.34716065857200773,3
93048,2025-08-29 15:35:00,116.2,0.6333333333333333,0.19789207105548134,0.2740968231526982,0.7219787109507523,7
93050,2025-08-29 15:45:00,116.1,0.26666666666666666,0.1601096239924484,0.2735826466434484,0.5852331131261926,6
93059,2025-09-01 10:00:00,134.0,1.0,0.4819224011114994,1.9114895945717587,0.25211876772966013,5
93073,2025-09-01 11:10:00,135.8,0.4,0.42132287721225636,1.9159813656215017,0.21989925620993114,3
93075,2025-09-01 11:20:00,135.8,0.0,0.03505418864019134,1.915219173675952,0.018302964549436144,2
93076,2025-09-01 11:25:00,136.1,0.0,0.05843353271484375,1.9152191736759523,0.030510102195087194,2
93077,2025-09-01 11:30:00,136.2,0.0,0.059033203124999996,1.9151419255609547,0.030824453444988874,2
93085,2025-09-01 13:10:00,136.1,0.8,0.39868737652757263,1.9157747355745052,0.208107649153236,4
93091,2025-09-01 13:40:00,137.0,0.2,0.45025834709027934,1.9141587376951215,0.2352251870356608,4
93094,2025-09-01 13:55:00,136.9,0.0,0.04085272883016516,1.9137290672832983,0.021347185204308512,2
93095,2025-09-01 14:00:00,137.1,0.0,0.06556549072265624,1.9137066748654954,0.034260992859454026,2
93098,2025-09-01 14:15:00,137.3,1.0,0.09146728515625001,1.9139033992900738,0.04779096227645453,2
93099,2025-09-01 14:20:00,137.6,0.03333333333333333,0.04146901203410665,1.9132539719406887,0.021674598690127375,2
93102,2025-09-01 14:35:00,137.8,0.9666666666666667,0.17423010934541105,1.9117297779240798,0.09113741458513297,2
93103,2025-09-01 14:40:00,137.3,0.5,0.49581146240234375,1.9125893870490622,0.25923570723527445,2
93109,2025-09-01 15:10:00,136.9,0.0,0.0,1.911685479708744,0.0,1
93115,2025-09-01 15:40:00,137.0,1.0,0.0,1.91067274533376,0.0,1
93118,2025-09-01 15:55:00,136.9,0.8333333333333334,0.408333071879959,1.9109423975756987,0.21368151776735256,2
93121,2025-09-02 09:40:00,136.4,0.9333333333333333,0.8142515522495459,1.911446358363192,0.42598713204110267,5
93124,2025-09-02 09:55:00,136.7,0.13333333333333333,0.517052664370226,1.9133195645117071,0.2702385288691602,3
93125,2025-09-02 10:00:00,136.8,0.03333333333333333,0.25989418209627363,1.913322764091798,0.13583394656344785,3
93126,2025-09-02 10:05:00,136.5,0.13333333333333333,0.38593286935359455,1.913746127997191,0.20166356639868852,2
93133,2025-09-02 10:40:00,138.9,0.6666666666666666,0.5641662502240326,1.916584619156564,0.29436020960676734,2
93134,2025-09-02 10:45:00,138.0,0.13333333333333333,0.40767154812705997,1.9191892610295254,0.21241862718029675,2
93136,2025-09-02 10:55:00,137.1,1.0,0.0,1.9210830661175957,0.0,1
93139,2025-09-02 11:10:00,136.5,0.3333333333333333,0.4263903378822445,1.9227988434329022,0.22175504179156938,2
93141,2025-09-02 11:20:00,136.0,0.13333333333333333,0.31504226501168314,1.923957400879749,0.16374700649173773,2
93145,2025-09-02 11:40:00,135.4,0.43333333333333335,0.24596023954770613,1.9261039803733015,0.12769831849889857,4
93147,2025-09-02 11:50:00,135.2,0.36666666666666664,0.2276401921505781,1.925568354647414,0.11821974099291879,4
93149,2025-09-02 12:00:00,134.7,0.36666666666666664,0.2189625378069713,1.9262814298341207,0.11367110455185513,4
93150,2025-09-02 13:05:00,134.8,0.23333333333333334,0.22624319455873634,1.9263010277273713,0.11744955295261175,4
93164,2025-09-02 14:15:00,136.3,0.0,0.15788612747535344,0.3616387330013418,0.4365852246107931,4
93168,2025-09-02 14:35:00,135.6,0.7333333333333333,0.19964579658300075,0.3534805152274234,0.5648000044770558,4
93177,2025-09-02 15:20:00,134.8,0.4666666666666667,0.21186130112977206,0.3435086075380192,0.6167568919108481,2
93180,2025-09-02 15:35:00,135.1,0.8,0.2119736993955117,0.34631589703731647,0.6120819206075052,3
93181,2025-09-02 15:40:00,135.1,0.23333333333333334,0.1782459630786516,0.34505854791563106,0.5165673018546227,2
93186,2025-09-03 09:35:00,134.7,0.2,1.9737179907373843,0.3436897446053386,5.742731698333969,23
93191,2025-09-03 10:00:00,135.8,0.26666666666666666,0.3181813999694748,0.44946884500296963,0.7079053498521629,5
93198,2025-09-03 10:35:00,135.5,0.2,0.22619708474697447,0.44862815073382817,0.504197260865107,4
93200,2025-09-03 10:45:00,135.2,0.0,0.24222611219490076,0.4607455929006928,0.5257263789978545,3
93201,2025-09-03 10:50:00,135.5,0.0,0.27106335390455993,0.46184266043276384,0.58691709780678,2
93202,2025-09-03 10:55:00,135.5,0.06666666666666667,0.3263719642579266,0.45932837143021676,0.7105417051459241,3
93205,2025-09-03 11:10:00,135.5,0.0,0.17098388671874998,0.46034903337282435,0.3714222781484038,2
93211,2025-09-03 11:40:00,134.0,0.9666666666666667,0.17233335424901888,0.4613652258739827,0.37352913610374705,3
93212,2025-09-03 11:45:00,134.1,0.9,0.07048645019531252,0.46149789612935826,0.15273406614957807,2
93213,2025-09-03 11:50:00,133.8,0.36666666666666664,0.34732712203497174,0.46227987561611816,0.7513351550769121,6
93215,2025-09-03 12:00:00,133.8,0.8333333333333334,0.2549576880373789,0.4624586172360205,0.5513091951041722,4
93222,2025-09-03 13:35:00,133.6,0.7333333333333333,0.2555691694044594,0.4596481266874799,0.5560104666285822,4
93224,2025-09-03 13:45:00,133.3,0.26666666666666666,0.26879500474105655,0.45909729857428766,0.5854859211234548,4
93228,2025-09-03 14:05:00,134.2,0.0,0.21443123598371194,0.4459272784199418,0.480865931197365,4
93234,2025-09-03 14:35:00,134.2,0.8333333333333334,0.2215659508563813,0.42903735707980356,0.5164257778493836,3
93236,2025-09-03 14:45:00,133.9,0.36666666666666664,0.2532036477555514,0.4294699575575036,0.5895724329486978,3
93244,2025-09-03 15:25:00,133.7,0.0,0.0,0.4177961428470339,0.0,1
93254,2025-09-04 09:45:00,132.5,0.6333333333333333,0.41304826891613217,0.43265351303390265,0.9546860396896067,3
93255,2025-09-04 09:50:00,132.7,0.8333333333333334,0.3195116776078256,0.432006869992648,0.7395986031732855,3
93262,2025-09-04 10:25:00,130.8,0.9,0.35062338712885277,0.44295203977388214,0.7915606107330238,3
93270,2025-09-04 11:05:00,129.4,0.1,0.23298275099081894,0.4573337598975683,0.5094370270040888,3
93271,2025-09-04 11:10:00,130.0,0.36666666666666664,0.28881604963948165,0.4621187282595938,0.6249823518886689,2
93273,2025-09-04 11:20:00,129.7,0.16666666666666666,0.23470934474519428,0.46249612213895586,0.5074839193455474,2
93275,2025-09-04 11:30:00,129.1,1.0,0.24260253906249998,0.4637804841911525,0.5230977743395269,2
93278,2025-09-04 11:45:00,129.1,1.0,0.17595977783203126,0.4598167967604073,0.38267366279730985,2
93279,2025-09-04 11:50:00,129.2,1.0,0.19772290531274753,0.4598900158193714,0.429935198659338,2
93282,2025-09-04 13:05:00,129.1,1.0,0.14244743621827674,0.459867829456823,0.309757341335509,2
93283,2025-09-04 13:10:00,128.9,1.0,0.22796020507812503,0.4600630327272952,0.49549776630988224,2
93286,2025-09-04 13:25:00,129.8,0.6,0.29461453168509094,0.36778220266494815,0.8010570646168178,2
93289,2025-09-04 13:40:00,129.6,0.4,0.2985315624016998,0.3627205077159014,0.8230346948993653,2
93293,2025-09-04 14:00:00,130.1,0.5333333333333333,0.30472523029085463,0.3593547028621382,0.8479789685895902,2
93294,2025-09-04 14:05:00,130.1,0.6666666666666666,0.2937862372233293,0.35770413720060795,0.8213107053289905,2
93297,2025-09-04 14:20:00,129.5,1.0,0.28588106192502993,0.3589598277566263,0.7964151969642029,2
93299,2025-09-04 14:30:00,129.4,1.0,0.19928937655817505,0.3443659379119245,0.5787139627298028,2
93300,2025-09-04 14:35:00,129.3,1.0,0.17421112060546878,0.34247638231210503,0.5086806845755191,2
93306,2025-09-04 15:05:00,129.1,1.0,0.1897868092680323,0.342839651484386,0.5535731017293832,2
93307,2025-09-04 15:10:00,129.3,0.0,0.0,0.3435293986101001,0.0,1
93309,2025-09-04 15:20:00,129.4,0.0,0.0,0.34211869207840934,0.0,1
93317,2025-09-04 16:00:00,129.8,0.1,0.1710342407226563,0.332674586299209,0.5141187447628697,2
93320,2025-09-05 09:45:00,128.7,0.23333333333333334,0.2311100505871453,0.3397454889254293,0.680244648186842,9
93326,2025-09-05 10:15:00,129.6,0.2,0.23055419921874998,0.34262530969945615,0.6729047524859951,2
93336,2025-09-05 11:05:00,130.1,0.2,0.23724365234375,0.3407710158094354,0.6961966873274822,2
93337,2025-09-05 11:10:00,130.0,0.03333333333333333,0.10507217771732927,0.3388794802168309,0.3100576572240349,2
93347,2025-09-05 12:00:00,129.9,0.0,0.0,0.3433957197532653,0.0,1
93353,2025-09-05 13:30:00,129.9,0.06666666666666667,0.1389837844625351,0.3164148467911557,0.4392454585238505,2
93360,2025-09-05 14:05:00,131.0,0.7,0.27832770227359355,0.28954858631736424,0.9612469734821227,2
93364,2025-09-05 14:25:00,131.0,0.8333333333333334,0.23788247587781577,0.2754780838398103,0.8635259566279825,2
93365,2025-09-05 14:30:00,131.3,0.9,0.1925445556640625,0.2737616001803263,0.7033293038075236,2
93366,2025-09-05 14:35:00,131.4,0.9333333333333333,0.1606906042020897,0.2732803968239147,0.5880063336765021,2
93367,2025-09-05 14:40:00,131.6,0.0,0.19336853027343748,0.2665977872475495,0.7253193369301487,2
93369,2025-09-05 14:50:00,132.3,0.4666666666666667,0.36448273860419983,0.26864889228087807,1.35672526139853,2
93370,2025-09-05 14:55:00,132.5,0.4666666666666667,0.37074014902885843,0.2629834400990883,1.4097471266219994,2
93372,2025-09-05 15:05:00,132.5,0.36666666666666664,0.35762659479265313,0.26132544980394357,1.3685103959869136,2
93373,2025-09-05 15:10:00,132.8,0.6333333333333333,0.3667959418546327,0.2572011536233091,1.4261053525126626,2
93378,2025-09-05 15:35:00,132.4,0.13333333333333333,0.22883966359526214,0.26162981127373175,0.8746696811084623,2
93379,2025-09-05 15:40:00,132.4,0.06666666666666667,0.16303903621669696,0.2613098319673964,0.6239299722830152,2
93381,2025-09-05 15:50:00,132.5,0.0,0.0,0.26098555096102194,0.0,1
93389,2025-09-08 10:00:00,136.1,0.0,0.20933058097614735,0.40676104220358333,0.5146279000617214,3
93390,2025-09-08 10:05:00,136.8,0.4,0.3041305242466235,0.4110229970347393,0.7399355423923364,2
93395,2025-09-08 10:30:00,136.8,1.0,0.2511422893722282,0.43149878908182815,0.5820231614244515,2
93402,2025-09-08 11:05:00,137.4,0.0,0.18887226265465207,0.43801129261693067,0.43120409413698185,3
93403,2025-09-08 11:10:00,137.5,0.0,0.2408816180171313,0.4379390752248729,0.5500345405201476,4
93406,2025-09-08 11:25:00,137.1,0.0,0.2717431769752793,0.44159324198659217,0.6153698724029161,4
93409,2025-09-08 11:40:00,136.7,0.6333333333333333,0.26035307029441485,0.4472911587271123,0.5820662117161443,3
93418,2025-09-08 13:25:00,136.4,0.0,0.11142477981433306,0.43827676391008136,0.25423382891727614,2
93419,2025-09-08 13:30:00,136.3,0.0,0.11165071062802726,0.43827676391008125,0.25474932695937763,2
93433,2025-09-08 14:40:00,137.8,0.8333333333333334,0.13373640169137171,0.42541204810440175,0.31436909764847804,3
93436,2025-09-08 14:55:00,137.6,0.4666666666666667,0.2740929834386501,0.42541204810440186,0.6443000019862718,4
93437,2025-09-08 15:00:00,137.6,0.23333333333333334,0.24842527679847687,0.4251097435388055,0.5843791646139952,4
93439,2025-09-08 15:10:00,137.4,0.8666666666666667,0.2670025404831527,0.4252105356078092,0.6279302089763391,4
93440,2025-09-08 15:15:00,137.4,0.26666666666666666,0.24653239545653954,0.42469912887398453,0.5804871700824465,4
93446,2025-09-08 15:45:00,137.7,0.06666666666666667,0.19862132873834848,0.4236142535523013,0.46887310111208474,4
93450,2025-09-09 09:35:00,137.3,0.36666666666666664,2.265461946450192,0.4255127685659183,5.324075124902482,24
93458,2025-09-09 10:15:00,141.0,0.0,0.29026569068014785,0.4794608065673156,0.6054002469113082,4
93460,2025-09-09 10:25:00,141.4,0.0,0.20780181884765625,0.4810287245195206,0.43199461540518347,2
93469,2025-09-09 11:10:00,141.4,0.06666666666666667,0.20286659096953538,0.49369662084454635,0.41091346872599593,4
93476,2025-09-09 11:45:00,140.9,0.0,0.23783253679318112,0.49611900583655344,0.47938606260840394,2
93477,2025-09-09 11:50:00,140.9,0.0,0.2333435544368116,0.49584334871679736,0.47059934360455963,2
93482,2025-09-09 13:15:00,141.8,0.0,0.28782159430260174,0.4951267462453074,0.581308920362792,4
93483,2025-09-09 13:20:00,142.1,0.0,0.21727983423506575,0.49460099047783496,0.43930327358453386,3
93489,2025-09-09 13:50:00,141.1,0.0,0.22726122970530044,0.38877211942310286,0.5845615422282141,2
93495,2025-09-09 14:20:00,141.1,0.0,0.22025989919504194,0.3715304757331911,0.5928447693567356,2
93509,2025-09-09 15:30:00,142.1,0.13333333333333333,0.22811776265656766,0.3671658121320828,0.6212935821336912,3
93513,2025-09-09 15:50:00,142.4,0.0,0.1865882705686285,0.3665539521221192,0.5090335801548409,3
93515,2025-09-09 16:00:00,142.0,0.23333333333333334,0.261062414279336,0.3660637277722707,0.7131611095916711,4
93516,2025-09-10 09:35:00,141.9,0.4666666666666667,1.663995575765561,0.36635348508381543,4.5420492598422175,23
93518,2025-09-10 09:45:00,145.7,0.0,0.5241380534902877,0.5703753393619596,0.9189353348912412,2
93525,2025-09-10 10:20:00,147.2,0.0,0.31410860665348134,0.5753906326707882,0.5459049710202698,2
93526,2025-09-10 10:25:00,146.9,0.0,0.365533447265625,0.5767367183752155,0.6337960383299454,2
93528,2025-09-10 10:35:00,145.7,0.2,0.36226760609696895,0.5879325880481291,0.6161720126786255,5
93531,2025-09-10 10:50:00,144.0,0.23333333333333334,0.40565749438580856,0.6033846648449265,0.6723032884670097,6
93533,2025-09-10 11:00:00,144.3,0.06666666666666667,0.2711945401054597,0.6038596398555423,0.4491019472179594,8
93537,2025-09-10 11:20:00,145.0,0.0,0.16637189001590602,0.6086610876006688,0.2733407694448499,4
93539,2025-09-10 11:30:00,144.7,0.0,0.11265244772573738,0.6076259246944453,0.18539769806955902,4
93549,2025-09-10 13:20:00,145.1,0.0,0.12950999007476557,0.6112204593713194,0.2118875245242529,4
93550,2025-09-10 13:25:00,145.3,0.0,0.06059918612630107,0.5762854216934549,0.1051548136481158,3
93557,2025-09-10 14:00:00,144.5,0.2,0.21656642904503473,0.5730149100450763,0.377942048712133,6
93561,2025-09-10 14:20:00,144.2,0.13333333333333333,0.17487830536453894,0.5716618454866,0.3059121519920261,6
93564,2025-09-10 14:35:00,144.4,0.0,0.11810880508440566,0.5675886915390269,0.20808872136643794,4
93567,2025-09-10 14:50:00,143.3,0.5,0.18052220435708388,0.5671768890811812,0.3182820171843168,4
93570,2025-09-10 15:05:00,142.8,0.6333333333333333,0.2445531415183521,0.5666423589017557,0.43158288058862304,5
93577,2025-09-10 15:40:00,143.7,0.3333333333333333,0.23315726518821925,0.5664442567549013,0.4116155515883458,6
93582,2025-09-11 09:35:00,142.8,0.7333333333333333,2.86262907200876,0.5669789736989133,5.048915753142058,23
93587,2025-09-11 10:00:00,140.1,0.5666666666666667,0.41602450578616207,0.6448512062928332,0.6451480616401938,9
93588,2025-09-11 10:05:00,140.4,0.3,0.4232149869746222,0.6435778347208254,0.6575972075828351,7
93589,2025-09-11 10:10:00,140.9,0.5666666666666667,0.27306785395129074,0.6436095411862462,0.4242756461440819,6
93595,2025-09-11 10:40:00,141.2,0.43333333333333335,0.22678451429930133,0.6523454109990396,0.3476448373446674,4
93602,2025-09-11 11:15:00,142.6,0.36666666666666664,0.30553183195756456,0.657219565588323,0.46488547808837943,6
93613,2025-09-11 13:10:00,143.7,0.36666666666666664,0.26995323316317055,0.6624121974993974,0.4075305892346829,7
93618,2025-09-11 13:35:00,146.2,0.6333333333333333,0.3737372919961794,0.5147314587680106,0.7260820873290021,2
93621,2025-09-11 13:50:00,145.5,0.06666666666666667,0.2135516979466796,0.5131333015152759,0.4161719719146355,6
93622,2025-09-11 13:55:00,145.1,0.7666666666666667,0.20660441190941337,0.5144340418656821,0.40161496925850304,6
93630,2025-09-11 14:35:00,145.3,0.43333333333333335,0.16161633948155205,0.48837939893316124,0.33092374460223817,4
93631,2025-09-11 14:40:00,145.9,0.0,0.14882504840293095,0.491745971617439,0.3026461974124957,4
93632,2025-09-11 14:45:00,146.1,0.0,0.14055874938020244,0.4905909930866077,0.28650902964170105,4
93633,2025-09-11 14:50:00,145.7,0.5333333333333333,0.13529693639734544,0.4896250405552606,0.2763276491004455,4
93635,2025-09-11 15:00:00,145.7,0.16666666666666666,0.19789730116683224,0.4858596358585012,0.4073137312943334,5
93641,2025-09-11 15:30:00,144.7,0.36666666666666664,0.1743764027842127,0.4879258400047615,0.3573830047256997,4
93649,2025-09-12 09:40:00,152.8,0.2,1.065098882758758,1.0706451287590752,0.9948197158410971,8
93651,2025-09-12 09:50:00,152.4,0.0,0.6915617363626054,1.0719603871054721,0.6451373993678755,3
93654,2025-09-12 10:05:00,152.5,0.2,0.6542044604372496,1.0792653957719407,0.6061571722767338,3
93656,2025-09-12 10:15:00,152.3,0.0,0.27083092382395413,1.0774336068764576,0.2513666940546886,2
93663,2025-09-12 10:50:00,152.4,1.0,0.19114365949802717,1.0779401201184426,0.17732307753516452,2
93669,2025-09-12 11:20:00,150.9,0.9666666666666667,0.13839255627709857,1.0808118568800267,0.1280450019086537,2
93673,2025-09-12 11:40:00,151.3,0.0,0.0,1.0812290315900641,0.0,1
93688,2025-09-12 13:55:00,151.8,0.8,0.34511718750000003,1.0304941395345926,0.3349045610835469,2
93702,2025-09-12 15:05:00,151.0,1.0,0.0,1.0210887235740387,0.0,1
93712,2025-09-12 15:55:00,151.1,0.9333333333333333,0.1660493663520155,1.012182703428529,0.164050784299675,4
93713,2025-09-12 16:00:00,150.8,0.5333333333333333,0.31756943726958614,1.0052398177117494,0.3159141049470929,6
93714,2025-09-15 09:35:00,151.1,0.7,2.4290230521924374,1.0045514216905613,2.4180176342835993,15
93715,2025-09-15 09:40:00,150.3,0.8,0.5478947276682665,1.0071806268087538,0.5439885489103061,11
93722,2025-09-15 10:15:00,155.9,0.0,0.34011099192940153,1.0506264498618287,0.3237220916855183,2
93725,2025-09-15 10:30:00,154.8,0.6,0.4754183903542094,1.0609677113090492,0.4480988302345469,2
93731,2025-09-15 11:00:00,156.1,0.0,0.0,1.0598737250395833,0.0,1
93732,2025-09-15 11:05:00,155.8,1.0,0.0,1.0594433260953786,0.0,1
93735,2025-09-15 11:20:00,156.3,1.0,0.0,1.0599478477043458,0.0,1
93739,2025-09-15 11:40:00,155.8,0.8,0.4104248046875001,1.0595877747611195,0.38734384678987915,2
93744,2025-09-15 13:05:00,155.4,0.2,0.4253173828125,1.0562334104956146,0.40267366908317076,2
93748,2025-09-15 13:25:00,155.1,1.0,0.32613830566406254,0.4655459015284688,0.7005502671021124,2
93749,2025-09-15 13:30:00,155.3,0.03333333333333333,0.19637521914037492,0.465545901528469,0.4218170936434852,2
93750,2025-09-15 13:35:00,155.6,0.13333333333333333,0.37447480650210685,0.46206131973757725,0.8104439616689529,2
93752,2025-09-15 13:45:00,155.2,0.9,0.1264984130859375,0.44627035399429965,0.28345690443858906,2
93755,2025-09-15 14:00:00,155.0,0.8333333333333334,0.17939491561284218,0.4476240715804028,0.40077137715016525,4
93756,2025-09-15 14:05:00,155.2,0.9333333333333333,0.10195696657258461,0.44672281031780536,0.22823317775076427,2
93761,2025-09-15 14:30:00,153.4,0.3,0.354467272937121,0.45532817008752724,0.778487465137468,3
93768,2025-09-15 15:05:00,154.5,0.0,0.2757045290960661,0.4493439764620584,0.6135712138990828,4
93780,2025-09-16 09:35:00,154.6,0.5,2.0454031306082734,0.4408440022768066,4.639743582864856,21
93783,2025-09-16 09:50:00,155.8,0.4666666666666667,0.23003292247386314,0.44728431545398106,0.5142879249865628,4
93785,2025-09-16 10:00:00,155.9,0.06666666666666667,0.3114215963490572,0.4557358150833419,0.6833379910949209,5
93791,2025-09-16 10:30:00,153.8,0.6666666666666666,0.27788237681883443,0.4854121302882696,0.5724668987027778,2
93792,2025-09-16 10:35:00,153.6,0.36666666666666664,0.28003641821044906,0.4859289308364905,0.5762908944902441,2
93794,2025-09-16 10:45:00,152.6,0.8333333333333334,0.2652779533789432,0.49439053161982227,0.5365757157803689,4
93795,2025-09-16 10:50:00,153.1,0.16666666666666666,0.21651217695955152,0.4967992645261777,0.4358142058967217,2
93800,2025-09-16 11:15:00,154.4,0.23333333333333334,0.2839732085125377,0.5150267228528297,0.5513756780222137,4
93805,2025-09-16 11:40:00,154.8,0.0,0.29928896553486933,0.5220043309968134,0.5733457516786319,4
93809,2025-09-16 12:00:00,153.9,0.23333333333333334,0.23866591696338083,0.5241713814964337,0.455320388308923,2
93814,2025-09-16 13:25:00,153.4,0.03333333333333333,0.09922981294396403,0.5202265366391153,0.19074346646180493,2
93830,2025-09-16 14:45:00,154.4,0.0,0.0971426671599489,0.3798033526376901,0.2557709574844571,2
93836,2025-09-16 15:15:00,154.4,0.0,0.0,0.36919433734647383,0.0,1
93839,2025-09-16 15:30:00,154.1,0.0,0.0,0.36983217707506555,0.0,1
93842,2025-09-16 15:45:00,154.0,0.9666666666666667,0.045928163394181,0.36937392741675884,0.12434056652396305,2
93844,2025-09-16 15:55:00,153.7,1.0,0.09489254338719429,0.3693739274167588,0.2569010326495744,2
93846,2025-09-17 09:35:00,153.5,0.3333333333333333,1.3192667150957906,0.3693739274167588,3.5716292276560244,22
93852,2025-09-17 10:05:00,158.0,0.1,0.32961628126578446,0.5585593724883984,0.5901186113793674,6
93857,2025-09-17 10:30:00,159.4,0.0,0.2100198165978492,0.559105280262042,0.3756355448823823,4
93861,2025-09-17 10:50:00,159.5,0.0,0.17313449306394146,0.5635386034476769,0.3072273878039955,4
93868,2025-09-17 11:25:00,161.9,0.0,0.5214508687215473,0.5856164598934649,0.8904306904495298,2
93872,2025-09-17 11:45:00,160.6,1.0,0.345012698309961,0.602389555193739,0.5727401734231579,2
93878,2025-09-17 13:15:00,160.7,0.0,0.11171524684070067,0.6051980393811013,0.1845928763334147,3
93880,2025-09-17 13:25:00,161.1,0.0,0.09814314343054818,0.6046819335747993,0.16230540054395037,2
93886,2025-09-17 13:55:00,161.4,0.13333333333333333,0.34206130049986755,0.5929456401649257,0.5768847552445523,2
93888,2025-09-17 14:05:00,161.4,0.26666666666666666,0.4436876352234475,0.5920053717385769,0.7494655562337956,2
93893,2025-09-17 14:30:00,161.9,0.0,0.09673865167464854,0.5787164798099963,0.16716069966835867,2
93898,2025-09-17 14:55:00,162.0,0.0,0.0,0.5628864349576391,0.0,1
93902,2025-09-17 15:15:00,161.6,0.0,0.15741305267375094,0.5617505834335738,0.2802187613435115,4
93908,2025-09-17 15:45:00,161.9,1.0,0.0,0.5591618489024747,0.0,1
93909,2025-09-17 15:50:00,161.8,1.0,0.0,0.5593205754956988,0.0,1
