month_end,pair,country,y,fwd_logret_1m,window_year,train_months,pred_logit,proba_logit,pred_carry,pred_majority
1986-01-31,CADUSD,CA,1,0.0002107999867272392,1986,120,1,0.5937344238277618,1,0
1986-01-31,GBPUSD,GB,1,0.023793984665522627,1986,120,1,0.7584415740544662,1,0
1986-01-31,NOKUSD,NO,1,0.05867797602489189,1986,120,1,0.8885921577275329,1,0
1986-01-31,NZDUSD,NZ,0,-0.02361942582288057,1986,120,1,0.9719936558976018,1,0
1986-02-28,CADUSD,CA,1,0.018440238832890532,1986,120,1,0.7723581325978516,1,0
1986-02-28,GBPUSD,GB,1,0.018839399459039452,1986,120,1,0.7490598478122951,1,0
1986-02-28,NOKUSD,NO,0,-0.037332086772470685,1986,120,1,0.8632818094954753,1,0
1986-02-28,NZDUSD,NZ,1,0.023059044749095814,1986,120,1,0.9975788151799978,1,0
1986-03-31,CADUSD,CA,1,0.01674645747718062,1986,120,1,0.7552593159787031,1,0
1986-03-31,GBPUSD,GB,1,0.05125936099878936,1986,120,1,0.7271937749117174,1,0
1986-03-31,NOKUSD,NO,1,0.04805413373643663,1986,120,1,0.9512688095184823,1,0
1986-03-31,NZDUSD,NZ,1,0.08777404074637274,1986,120,1,0.9969842888903283,1,0
1986-04-30,CADUSD,CA,0,-0.00428546143420655,1986,120,1,0.5173600926168237,1,0
1986-04-30,GBPUSD,GB,0,-0.05207408030517596,1986,120,0,0.49570659285627006,1,0
1986-04-30,NOKUSD,NO,0,-0.11941861994440739,1986,120,1,0.9038591133376117,1,0
1986-04-30,NZDUSD,NZ,0,-0.037134921420701184,1986,120,1,0.9973564646493099,1,0
1986-05-31,CADUSD,CA,0,-0.005277057100843918,1986,120,0,0.29849714173262004,1,0
1986-05-31,GBPUSD,GB,1,0.03974826742917381,1986,120,1,0.6376718404353129,1,0
1986-05-31,NOKUSD,NO,1,0.04333631348696798,1986,120,1,0.998460661576651,1,0
1986-05-31,NZDUSD,NZ,0,-0.025181186630159558,1986,120,1,0.990297758114802,1,0
1986-06-30,CADUSD,CA,1,0.005422026657490864,1986,120,0,0.29516290481050567,1,0
1986-06-30,GBPUSD,GB,0,-0.02679174634573339,1986,120,0,0.40368819900088704,1,0
1986-06-30,NOKUSD,NO,1,0.01185824366795929,1986,120,1,0.9310641958669031,1,0
1986-06-30,NZDUSD,NZ,0,-0.053308553454507246,1986,120,1,0.953693084364747,1,0
1986-07-31,CADUSD,CA,0,-0.0062147909237227905,1986,120,0,0.3943761787710795,1,0
1986-07-31,GBPUSD,GB,0,-0.002349388561766086,1986,120,1,0.6753202839388515,1,0
1986-07-31,NOKUSD,NO,1,0.016169929053043486,1986,120,1,0.9571412483787183,1,0
1986-07-31,NZDUSD,NZ,0,-0.06755298642896379,1986,120,1,0.9812302852601319,1,0
1986-08-31,CADUSD,CA,0,-0.0005041593250221799,1986,120,0,0.4942725159849809,1,0
1986-08-31,GBPUSD,GB,0,-0.028078715315094205,1986,120,1,0.6577557180990283,1,0
1986-08-31,NOKUSD,NO,0,-0.008185584586439365,1986,120,1,0.8418899194395337,1,0
1986-08-31,NZDUSD,NZ,1,0.0034882563328000327,1986,120,1,0.9927443931874768,1,0
1986-09-30,CADUSD,CA,0,-0.0012233297679338784,1986,120,0,0.4843142280032534,1,0
1986-09-30,GBPUSD,GB,0,-0.028961109731356405,1986,120,1,0.7310615506628132,1,0
1986-09-30,NOKUSD,NO,0,-0.021373217655105137,1986,120,1,0.9549347439410013,1,0
1986-09-30,NZDUSD,NZ,1,0.037785845632323456,1986,120,1,0.9835632776996037,1,0
1986-10-31,CADUSD,CA,1,0.0046855374964048235,1986,120,1,0.518678536459221,1,0
1986-10-31,GBPUSD,GB,1,0.019725894976837965,1986,120,1,0.8247342627975008,1,0
1986-10-31,NOKUSD,NO,1,0.0010645376920153105,1986,120,1,0.9642902136502836,1,0
1986-10-31,NZDUSD,NZ,1,0.007467120567201113,1986,120,1,0.9822854876191923,1,0
1986-11-30,CADUSD,CA,1,0.0021699827683226425,1986,120,1,0.5031027966278688,1,0
1986-11-30,GBPUSD,GB,1,0.03361084554845595,1986,120,1,0.7975040134246342,1,0
1986-11-30,NOKUSD,NO,1,0.018272710477991172,1986,120,1,0.960854486417258,1,0
1986-11-30,NZDUSD,NZ,1,0.03784183389565354,1986,120,1,0.9942086164612746,1,0
1986-12-31,CADUSD,CA,1,0.03088480771811969,1986,120,0,0.4658877570015759,1,0
1986-12-31,GBPUSD,GB,1,0.02102530312551365,1986,120,1,0.7780744812471473,1,0
1986-12-31,NOKUSD,NO,1,0.045068285401706376,1986,120,1,0.9873546937450678,1,0
1986-12-31,NZDUSD,NZ,1,0.019599320792443753,1986,120,1,0.9991910317124919,1,0
1986-12-31,SEKUSD,SE,1,0.029888926449137765,1986,120,1,0.6003790932477169,1,0
1987-01-31,CADUSD,CA,1,0.004340999257587852,1987,132,0,0.3829697058436289,1,0
1987-01-31,GBPUSD,GB,1,0.02091579514997316,1987,132,1,0.6421312939031008,1,0
1987-01-31,NOKUSD,NO,1,0.007117467768863683,1987,132,1,0.8163249773762415,1,0
1987-01-31,NZDUSD,NZ,1,0.03540996366573301,1987,132,1,0.9911071563739907,1,0
1987-01-31,SEKUSD,SE,1,0.010370747836562444,1987,132,0,0.46881627041428003,1,0
1987-02-28,CADUSD,CA,1,0.021149168038840538,1987,132,0,0.368781561047849,1,0
1987-02-28,GBPUSD,GB,1,0.038698136590145316,1987,132,1,0.5977124212797337,1,0
1987-02-28,NOKUSD,NO,1,0.026784083906817635,1987,132,1,0.7866798238827645,1,0
1987-02-28,NZDUSD,NZ,1,0.0162806639741353,1987,132,1,0.9932199067719175,1,0
1987-02-28,SEKUSD,SE,1,0.02343857297201768,1987,132,1,0.5430927229095253,1,0
1987-03-31,CADUSD,CA,0,-0.0240701902258757,1987,132,0,0.28739334743083395,1,0
1987-03-31,GBPUSD,GB,1,0.032749675079288776,1987,132,0,0.460161474208205,1,0
1987-03-31,NOKUSD,NO,1,0.01366595598761311,1987,132,0,0.47569454847416526,1,0
1987-03-31,NZDUSD,NZ,1,0.014463962186027524,1987,132,1,0.9902845538631729,1,0
1987-03-31,SEKUSD,SE,1,0.006503314220209333,1987,132,1,0.5184805119777526,1,0
1987-04-30,CADUSD,CA,0,-0.001270600716551662,1987,132,0,0.40928651357825113,1,0
1987-04-30,GBPUSD,GB,0,-0.01884554253918519,1987,132,0,0.36801786701517475,1,0
1987-04-30,NOKUSD,NO,0,-0.00585859512481135,1987,132,1,0.6459106061172315,1,0
1987-04-30,NZDUSD,NZ,0,-0.005203827875027045,1987,132,1,0.9965232617636945,1,0
1987-04-30,SEKUSD,SE,0,-0.012336072933577746,1987,132,0,0.49442232602001146,1,0
1987-05-31,CADUSD,CA,1,0.005467564083184606,1987,132,0,0.4544498503514177,1,0
1987-05-31,GBPUSD,GB,0,-0.010301420400566697,1987,132,0,0.3725344178082129,1,0
1987-05-31,NOKUSD,NO,1,0.008316056241657321,1987,132,1,0.7232085079045463,1,0
1987-05-31,NZDUSD,NZ,1,0.029643222485569165,1987,132,1,0.8828232203147924,1,0
1987-05-31,SEKUSD,SE,0,-0.0037653009656379854,1987,132,1,0.5266575917657261,1,0
1987-06-30,CADUSD,CA,1,0.00263207521760761,1987,132,1,0.5496606916779067,1,0
1987-06-30,GBPUSD,GB,0,-0.013609049539262619,1987,132,0,0.4008228081179644,1,0
1987-06-30,NOKUSD,NO,0,-0.015316047982838255,1987,132,1,0.7425293012972654,1,0
1987-06-30,NZDUSD,NZ,0,-0.038903356796569644,1987,132,0,0.41097632823195485,1,0
1987-06-30,SEKUSD,SE,0,-0.016000341346441127,1987,132,1,0.5001433255493306,1,0
1987-07-31,CADUSD,CA,1,0.006345390681952778,1987,132,1,0.5584516964002776,1,0
1987-07-31,GBPUSD,GB,1,0.025933583157848217,1987,132,0,0.47182019173020545,1,0
1987-07-31,NOKUSD,NO,1,0.02189895625538707,1987,132,1,0.7595315799318691,1,0
1987-07-31,NZDUSD,NZ,1,0.06341888457314837,1987,132,0,0.23411899374609205,1,0
1987-07-31,SEKUSD,SE,1,0.01756749415111747,1987,132,1,0.5182790106895477,1,0
1987-08-31,CADUSD,CA,1,0.007683275406659862,1987,132,1,0.5364527501452376,1,0
1987-08-31,GBPUSD,GB,0,-0.004911601229460105,1987,132,0,0.46264321186013174,1,0
1987-08-31,NOKUSD,NO,0,-0.010155403885148573,1987,132,1,0.6610124087177432,1,0
1987-08-31,NZDUSD,NZ,1,0.06350833664345357,1987,132,0,0.38384371936151496,1,0
1987-08-31,SEKUSD,SE,0,-0.012778730848169495,1987,132,0,0.42107395121993474,1,0
1987-09-30,CADUSD,CA,0,-0.005103412074252078,1987,132,0,0.4684669733292059,1,0
1987-09-30,GBPUSD,GB,1,0.05781127251240348,1987,132,1,0.5631309387124178,1,0
1987-09-30,NOKUSD,NO,1,0.024061311160117338,1987,132,1,0.7024644508036276,1,0
1987-09-30,NZDUSD,NZ,0,-0.08684272870522647,1987,132,1,0.7495083333122418,1,0
1987-09-30,SEKUSD,SE,1,0.04077038028503743,1987,132,0,0.4733402488343752,1,0
1987-10-31,CADUSD,CA,1,0.006173094327837247,1987,132,0,0.4603165929875136,1,0
1987-10-31,GBPUSD,GB,1,0.058712696329232705,1987,132,0,0.42495030576202397,1,0
1987-10-31,NOKUSD,NO,1,0.026215842130892897,1987,132,1,0.6287117191163814,1,0
1987-10-31,NZDUSD,NZ,1,0.0879243945759674,1987,132,1,0.9713241763398658,1,0
1987-10-31,SEKUSD,SE,1,0.039311039813256565,1987,132,0,0.3633778774147964,1,0
1987-11-30,CADUSD,CA,1,0.006057603923813049,1987,132,0,0.4177071319404262,1,0
1987-11-30,GBPUSD,GB,1,0.03254948408559155,1987,132,0,0.34185745828392156,1,0
1987-11-30,NOKUSD,NO,1,0.02852808361453829,1987,132,1,0.69631106423098,1,0
1987-11-30,NZDUSD,NZ,1,0.019424025845399873,1987,132,1,0.7913395784239151,1,0
1987-11-30,SEKUSD,SE,1,0.028242775446074564,1987,132,0,0.3816750767358878,1,0
1987-12-31,CADUSD,CA,1,0.018787913865633193,1987,132,0,0.4343853094579427,1,0
1987-12-31,GBPUSD,GB,0,-0.06398724151883461,1987,132,0,0.2732777241257309,1,0
1987-12-31,NOKUSD,NO,0,-0.025789963382413905,1987,132,1,0.7004874299200805,1,0
1987-12-31,NZDUSD,NZ,0,-0.0010608472617233966,1987,132,1,0.6806833166924494,1,0
1987-12-31,SEKUSD,SE,0,-0.04008315391394013,1987,132,0,0.3871189629200643,1,0
1988-01-31,CADUSD,CA,1,0.01214238682572552,1988,144,0,0.4499564350553816,1,1
1988-01-31,GBPUSD,GB,1,0.002484052539108439,1988,144,1,0.519485219738152,1,1
1988-01-31,NOKUSD,NO,1,0.004239290380915417,1988,144,1,0.7091609619173361,1,1
1988-01-31,NZDUSD,NZ,1,0.007552905995930781,1988,144,0,0.4656949801610393,1,1
1988-01-31,SEKUSD,SE,1,0.006653384490736602,1988,144,1,0.6001162209626573,1,1
1988-02-29,CADUSD,CA,1,0.021164811192043248,1988,144,0,0.47518197937784745,1,1
1988-02-29,GBPUSD,GB,1,0.061768265190688676,1988,144,0,0.4941314853302638,1,1
1988-02-29,NOKUSD,NO,1,0.019142000620586685,1988,144,1,0.6704062681031019,1,1
1988-02-29,NZDUSD,NZ,0,-0.015927526696101257,1988,144,1,0.6345879243640274,1,1
1988-02-29,SEKUSD,SE,1,0.020400269132869298,1988,144,1,0.5578865481342747,1,1
1988-03-31,CADUSD,CA,1,0.004059435630636821,1988,144,0,0.4397966435140105,1,1
1988-03-31,GBPUSD,GB,0,-0.004249674390341629,1988,144,0,0.4124621876694896,1,1
1988-03-31,NOKUSD,NO,1,0.0096696966179588,1988,144,1,0.6329083787884668,1,1
1988-03-31,NZDUSD,NZ,1,0.0281921135743613,1988,144,1,0.6627068869152546,1,1
1988-03-31,SEKUSD,SE,0,-0.0006810829481735947,1988,144,1,0.5401977824443697,1,1
1988-04-30,CADUSD,CA,0,-0.0038163336481584487,1988,144,0,0.4775802703466125,1,1
1988-04-30,GBPUSD,GB,0,-0.021686754090014415,1988,144,0,0.46222181516265765,1,1
1988-04-30,NOKUSD,NO,0,-0.014469705833990654,1988,144,1,0.6346322464007023,1,1
1988-04-30,NZDUSD,NZ,1,0.02973053415834309,1988,144,1,0.6837552246722853,1,1
1988-04-30,SEKUSD,SE,0,-0.019802627296179542,1988,144,1,0.5968110379211417,1,1
1988-05-31,CADUSD,CA,1,0.017083254960437805,1988,144,1,0.5054290918197758,1,1
1988-05-31,GBPUSD,GB,0,-0.07317103936866265,1988,144,0,0.4444539242043055,1,1
1988-05-31,NOKUSD,NO,0,-0.058133375140310806,1988,144,1,0.6244814936946271,1,1
1988-05-31,NZDUSD,NZ,0,-0.02928466954517528,1988,144,1,0.6391968516453874,1,1
1988-05-31,SEKUSD,SE,0,-0.04765715471580845,1988,144,1,0.6588702037327142,1,1
1988-06-30,CADUSD,CA,1,0.0018979252303555627,1988,144,1,0.5005422990194794,1,1
1988-06-30,GBPUSD,GB,1,0.000877577941359009,1988,144,1,0.5751242698168029,0,1
1988-06-30,NOKUSD,NO,0,-0.022338978082262262,1988,144,1,0.6613215189801454,1,1
1988-06-30,NZDUSD,NZ,0,-0.014970339458865334,1988,144,1,0.7333965575774908,1,1
1988-06-30,SEKUSD,SE,0,-0.021096500287430375,1988,144,1,0.7028225470348164,1,1
1988-07-31,CADUSD,CA,0,-0.023912674885387786,1988,144,1,0.5273915171713581,1,1
1988-07-31,GBPUSD,GB,0,-0.016212587977822546,1988,144,1,0.6430806372691137,1,1
1988-07-31,NOKUSD,NO,0,-0.020697430282754947,1988,144,1,0.6110542888556796,1,1
1988-07-31,NZDUSD,NZ,0,-0.07759472603489631,1988,144,1,0.5490876853024368,1,1
1988-07-31,SEKUSD,SE,0,-0.011462331196708586,1988,144,1,0.6194513436276309,1,1
1988-08-31,CADUSD,CA,1,0.018476088183531802,1988,144,1,0.5871922270240483,1,1
1988-08-31,GBPUSD,GB,1,0.005039287379697388,1988,144,1,0.7548262083167541,1,1
1988-08-31,NOKUSD,NO,1,0.002021661338382552,1988,144,1,0.6054445513167745,1,1
1988-08-31,NZDUSD,NZ,0,-0.002121237639654161,1988,144,1,0.631629701407176,1,1
1988-08-31,SEKUSD,SE,1,0.010528042745066246,1988,144,1,0.598974669634027,1,1
1988-09-30,CADUSD,CA,0,-0.001969635433641953,1988,144,1,0.5571449912907287,1,1
1988-09-30,GBPUSD,GB,1,0.045094345261204816,1988,144,1,0.7616839172198643,1,1
1988-09-30,NOKUSD,NO,1,0.039509855847214226,1988,144,1,0.593229954657845,1,1
1988-09-30,NZDUSD,NZ,1,0.022291344588786455,1988,144,1,0.534155715808284,1,1
1988-09-30,SEKUSD,SE,1,0.03645411570017765,1988,144,1,0.5416152182822649,1,1
1988-10-31,CADUSD,CA,1,0.026502070267432842,1988,144,1,0.6091463572437436,1,1
1988-10-31,GBPUSD,GB,1,0.04439277393104568,1988,144,1,0.6203130941327287,1,1
1988-10-31,NOKUSD,NO,1,0.02420025261643155,1988,144,1,0.5127032261084046,1,1
1988-10-31,NZDUSD,NZ,1,0.04528486453515346,1988,144,1,0.5690172527628725,1,1
1988-10-31,SEKUSD,SE,1,0.02509018959587994,1988,144,0,0.49382909433061345,1,1
1988-11-30,CADUSD,CA,0,-0.004200627868768986,1988,144,1,0.5584226300903115,1,1
1988-11-30,GBPUSD,GB,0,-0.022309416698678253,1988,144,1,0.5659766666901914,1,1
1988-11-30,NOKUSD,NO,0,-0.01133590570342835,1988,144,1,0.5667696401892613,1,1
1988-11-30,NZDUSD,NZ,0,-0.040503978934811447,1988,144,0,0.48242356065720104,1,1
1988-11-30,SEKUSD,SE,0,-0.01470554329532514,1988,144,1,0.5057438959951591,1,1
1988-12-31,CADUSD,CA,1,0.007827334496490146,1988,144,1,0.5930920187938306,1,1
1988-12-31,GBPUSD,GB,0,-0.032881984474592896,1988,144,1,0.7105085932776217,1,1
1988-12-31,NOKUSD,NO,0,-0.029935841306518274,1988,144,0,0.497610138438956,1,1
1988-12-31,NZDUSD,NZ,0,-0.044704721285706905,1988,144,1,0.6385416135815557,1,1
1988-12-31,SEKUSD,SE,0,-0.0366705085714798,1988,144,1,0.5534044578457635,0,1
1989-01-31,CADUSD,CA,0,-0.013011726073475727,1989,156,1,0.5334780750877158,1,1
1989-01-31,GBPUSD,GB,0,-0.0034344624486347675,1989,156,1,0.6498859799752178,1,1
1989-01-31,NOKUSD,NO,1,0.008238440480527132,1989,156,0,0.45188111969809025,1,1
1989-01-31,NZDUSD,NZ,1,0.03399575616043854,1989,156,1,0.5383123293711666,1,1
1989-01-31,SEKUSD,SE,1,0.011544367951106693,1989,156,1,0.55813544887812,0,1
1989-02-28,CADUSD,CA,1,0.004513925578017969,1989,156,1,0.5973627955823799,1,1
1989-02-28,GBPUSD,GB,0,-0.034297074364063485,1989,156,1,0.6355361269208655,1,1
1989-02-28,NOKUSD,NO,0,-0.02662117644481654,1989,156,0,0.39175737156391116,1,1
1989-02-28,NZDUSD,NZ,0,-0.013264510239818672,1989,156,1,0.5563576447742961,1,1
1989-02-28,SEKUSD,SE,0,-0.02451026075558116,1989,156,1,0.5397695329701896,0,1
1989-03-31,CADUSD,CA,1,0.005966153573678024,1989,156,1,0.5993687915779423,1,1
1989-03-31,GBPUSD,GB,1,0.0022523867029387024,1989,156,1,0.5877166224606948,1,1
1989-03-31,NOKUSD,NO,1,0.008600009275854914,1989,156,0,0.4573813040720441,1,1
1989-03-31,NZDUSD,NZ,1,0.0017896368560806897,1989,156,1,0.5361081920159075,1,1
1989-03-31,SEKUSD,SE,1,0.008573039803739135,1989,156,1,0.5879883244879478,0,1
1989-04-30,CADUSD,CA,0,-0.016467125141067934,1989,156,1,0.6312425499315661,1,1
1989-04-30,GBPUSD,GB,0,-0.07210606057017793,1989,156,0,0.48821269529250544,1,1
1989-04-30,NOKUSD,NO,0,-0.046200565087113565,1989,156,0,0.43060735939914546,1,1
1989-04-30,NZDUSD,NZ,0,-0.051190637279311,1989,156,1,0.504380561341519,1,1
1989-04-30,SEKUSD,SE,0,-0.04229867451177527,1989,156,1,0.5730637156395518,0,1
1989-05-31,CADUSD,CA,1,0.006404147142447386,1989,156,1,0.6423015997890461,1,1
1989-05-31,GBPUSD,GB,0,-0.014421015820753669,1989,156,1,0.6621966132731907,1,1
1989-05-31,NOKUSD,NO,1,0.0023090658546973675,1989,156,1,0.5047418545572212,1,1
1989-05-31,NZDUSD,NZ,0,-0.019347640997786075,1989,156,1,0.5789089000199538,1,1
1989-05-31,SEKUSD,SE,1,0.001050972245974835,1989,156,1,0.6580780227483651,0,1
1989-06-30,CADUSD,CA,1,0.014793915267203,1989,156,1,0.6143300423351099,1,1
1989-06-30,GBPUSD,GB,1,0.07281598230991937,1989,156,1,0.7046554469840185,1,1
1989-06-30,NOKUSD,NO,1,0.04038426196785094,1989,156,0,0.4850337301193857,1,1
1989-06-30,NZDUSD,NZ,1,0.021057043123434926,1989,156,1,0.6319121455333492,1,1
1989-06-30,SEKUSD,SE,1,0.0418740724710589,1989,156,1,0.6482146198627846,0,1
1989-07-31,CADUSD,CA,1,0.003902940640840291,1989,156,1,0.569025680073845,1,1
1989-07-31,GBPUSD,GB,0,-0.057440919668510115,1989,156,1,0.6948155204125761,1,1
1989-07-31,NOKUSD,NO,0,-0.040846501878590624,1989,156,0,0.4850572039177094,1,1
1989-07-31,NZDUSD,NZ,1,0.014413136324872844,1989,156,1,0.5390058898602612,1,1
1989-07-31,SEKUSD,SE,0,-0.03645155579520165,1989,156,1,0.5832204466565117,1,1
1989-08-31,CADUSD,CA,0,-0.002207881331686229,1989,156,1,0.5562371446286384,1,1
1989-08-31,GBPUSD,GB,1,0.026040687140052143,1989,156,1,0.6930916659409074,1,1
1989-08-31,NOKUSD,NO,1,0.031770382213924364,1989,156,1,0.5448764791859038,1,1
1989-08-31,NZDUSD,NZ,0,-0.0076045993852191796,1989,156,1,0.518479876676548,1,1
1989-08-31,SEKUSD,SE,1,0.029116368789983138,1989,156,1,0.6299159509946132,1,1
1989-09-30,CADUSD,CA,1,0.0040799036619158235,1989,156,1,0.5564402174106525,1,1
1989-09-30,GBPUSD,GB,0,-0.02318399578296182,1989,156,1,0.5951679331421098,1,1
1989-09-30,NOKUSD,NO,1,0.0015190425721081091,1989,156,1,0.502402966629628,1,1
1989-09-30,NZDUSD,NZ,0,-0.0023777185115154698,1989,156,1,0.5807492653157933,1,1
1989-09-30,SEKUSD,SE,1,0.0017119294508562977,1989,156,1,0.5612830682286821,1,1
1989-10-31,CADUSD,CA,1,0.009241102813445312,1989,156,1,0.5694597543511523,1,1
1989-10-31,GBPUSD,GB,0,-0.005084218133359963,1989,156,1,0.7105086186398141,1,1
1989-10-31,NOKUSD,NO,1,0.01458389564102136,1989,156,1,0.5463782546771782,1,1
1989-10-31,NZDUSD,NZ,1,0.0023777185115154698,1989,156,1,0.6109833612790511,1,1
1989-10-31,SEKUSD,SE,1,0.006250020345171414,1989,156,1,0.6183675048205604,1,1
1989-11-30,CADUSD,CA,1,0.004566414689780279,1989,156,1,0.5728335246411932,1,1
1989-11-30,GBPUSD,GB,1,0.028268213916321783,1989,156,1,0.6628331404537978,1,1
1989-11-30,NOKUSD,NO,1,0.030578861034813,1989,156,1,0.5573116782447672,1,1
1989-11-30,NZDUSD,NZ,1,0.007099421299204045,1989,156,1,0.6222797226078818,1,1
1989-11-30,SEKUSD,SE,1,0.027570967382832823,1989,156,1,0.5953925270479148,1,1
1989-12-31,CADUSD,CA,0,-0.023723273140326906,1989,156,1,0.5900115664571176,1,1
1989-12-31,GBPUSD,GB,1,0.03941127555113283,1989,156,1,0.6614712557455736,1,1
1989-12-31,NOKUSD,NO,1,0.013572453866737,1989,156,1,0.6029842347100354,1,1
1989-12-31,NZDUSD,NZ,1,0.01388330403219129,1989,156,1,0.6037038298982653,1,1
1989-12-31,SEKUSD,SE,1,0.0075203524284370715,1989,156,1,0.6563910005893064,1,1
1990-01-31,CADUSD,CA,0,-0.0054665625388188865,1990,168,1,0.6144049494389084,1,1
1990-01-31,GBPUSD,GB,1,0.005818457310325709,1990,168,1,0.5437546971649663,1,1
1990-01-31,NOKUSD,NO,0,-0.002453612640231917,1990,168,1,0.5702041026254837,1,1
1990-01-31,NZDUSD,NZ,0,-0.023530497410194195,1990,168,1,0.6298663554290386,1,1
1990-01-31,SEKUSD,SE,1,0.005453153138064382,1990,168,1,0.7324162101127802,1,1
1990-02-28,CADUSD,CA,1,0.018453206881120676,1990,168,1,0.6225353845465349,1,1
1990-02-28,GBPUSD,GB,0,-0.024692612590371532,1990,168,1,0.5757443861486768,1,1
1990-02-28,NOKUSD,NO,0,-0.002523998433520136,1990,168,1,0.5423775063130648,1,1
1990-02-28,NZDUSD,NZ,0,-0.015424470325631656,1990,168,1,0.6563347703470985,1,1
1990-02-28,SEKUSD,SE,1,0.0020424009387214337,1990,168,1,0.807674608892165,1,1
1990-03-31,CADUSD,CA,1,0.00436663222199174,1990,168,1,0.6176497494224931,1,1
1990-03-31,GBPUSD,GB,0,-0.005537146399635318,1990,168,1,0.6702432652495653,1,1
1990-03-31,NOKUSD,NO,1,0.0023708473496768523,1990,168,1,0.5647398960628592,1,1
1990-03-31,NZDUSD,NZ,0,-0.007280323368125341,1990,168,1,0.648386196498522,1,1
1990-03-31,SEKUSD,SE,1,0.002620374902579714,1990,168,1,0.8076828807189158,1,1
1990-04-30,CADUSD,CA,0,-0.0077781493899937715,1990,168,1,0.6194125785990926,1,1
1990-04-30,GBPUSD,GB,1,0.02268300183650168,1990,168,1,0.6629795494919207,1,1
1990-04-30,NOKUSD,NO,1,0.0030674870678619737,1990,168,1,0.6010449021912958,1,1
1990-04-30,NZDUSD,NZ,1,0.0034734317658694502,1990,168,1,0.6102471843025582,1,1
1990-04-30,SEKUSD,SE,0,-0.005723178077783775,1990,168,1,0.7636315291267977,1,1
1990-05-31,CADUSD,CA,1,0.006834712637482865,1990,168,1,0.6405257591969655,1,1
1990-05-31,GBPUSD,GB,1,0.040046268730244305,1990,168,1,0.6295578112613384,1,1
1990-05-31,NOKUSD,NO,1,0.015636203698387918,1990,168,1,0.5876175709369764,1,1
1990-05-31,NZDUSD,NZ,1,0.019741435899671034,1990,168,1,0.5697200190590714,1,1
1990-05-31,SEKUSD,SE,1,0.015694007665155718,1990,168,1,0.732630443990632,1,1
1990-06-30,CADUSD,CA,1,0.01164057119242562,1990,168,1,0.6200513964441863,1,1
1990-06-30,GBPUSD,GB,1,0.0638219320707194,1990,168,1,0.5700699451140204,1,1
1990-06-30,NOKUSD,NO,1,0.04182043839683125,1990,168,0,0.48367858604219705,1,1
1990-06-30,NZDUSD,NZ,1,0.0059317180956989235,1990,168,1,0.6154533282532427,1,1
1990-06-30,SEKUSD,SE,1,0.03789323025947766,1990,168,1,0.6123639215056355,1,1
1990-07-31,CADUSD,CA,0,-0.0013001085254909783,1990,168,1,0.6047560767186725,1,1
1990-07-31,GBPUSD,GB,1,0.017057982904576496,1990,168,0,0.49277188988460696,1,1
1990-07-31,NOKUSD,NO,1,0.009234732403452739,1990,168,0,0.433669643077208,1,1
1990-07-31,NZDUSD,NZ,1,0.038941213780335326,1990,168,1,0.6052473937205491,1,1
1990-07-31,SEKUSD,SE,1,0.004137223622345809,1990,168,1,0.5571836758443435,1,1
1990-08-31,CADUSD,CA,0,-0.0017308528769438836,1990,168,1,0.5247730590640406,1,1
1990-08-31,GBPUSD,GB,0,-0.009826131378081526,1990,168,1,0.552349505816305,1,1
1990-08-31,NOKUSD,NO,1,0.004113539325792281,1990,168,0,0.4488860992437807,1,1
1990-08-31,NZDUSD,NZ,0,-0.0004876859399267075,1990,168,1,0.6098239363059069,1,1
1990-08-31,SEKUSD,SE,1,0.004501392642338287,1990,168,1,0.6578874233417644,1,1
1990-09-30,CADUSD,CA,0,-0.009723434177943302,1990,168,0,0.49692485818009685,1,1
1990-09-30,GBPUSD,GB,1,0.036939366786642336,1990,168,1,0.5993712016019014,1,1
1990-09-30,NOKUSD,NO,1,0.02859965808051057,1990,168,0,0.45060231974354614,1,1
1990-09-30,NZDUSD,NZ,0,-0.000813338800428276,1990,168,1,0.6099907695774206,1,1
1990-09-30,SEKUSD,SE,1,0.02139681769669033,1990,168,1,0.6515795920441247,1,1
1990-10-31,CADUSD,CA,1,0.0017140902379879364,1990,168,0,0.4908563635627296,1,1
1990-10-31,GBPUSD,GB,0,-0.0024721891453890477,1990,168,0,0.4873908921725597,1,1
1990-10-31,NOKUSD,NO,1,0.00817721762644874,1990,168,0,0.48452804777603886,1,1
1990-10-31,NZDUSD,NZ,0,-0.008990661296192581,1990,168,1,0.6378513338821568,1,1
1990-10-31,SEKUSD,SE,1,0.003996630392018918,1990,168,1,0.7120240165939689,1,1
1990-11-30,CADUSD,CA,1,0.004556599896957503,1990,168,0,0.4892345911773172,1,1
1990-11-30,GBPUSD,GB,0,-0.005533018226712705,1990,168,1,0.5667490335508627,1,1
1990-11-30,NOKUSD,NO,0,-0.004011784647385719,1990,168,1,0.6110794945022707,1,1
1990-11-30,NZDUSD,NZ,0,-0.037645599616366765,1990,168,1,0.6021190285486429,1,1
1990-11-30,SEKUSD,SE,0,-0.0026661942562633545,1990,168,1,0.7645808800370009,1,1
1990-12-31,CADUSD,CA,0,-0.0020659385845057665,1990,168,0,0.49972542380624685,1,1
1990-12-31,GBPUSD,GB,1,0.018749746655079114,1990,168,1,0.5872238464055868,1,1
1990-12-31,NOKUSD,NO,1,0.014501090690800078,1990,168,1,0.6217023365485045,1,1
1990-12-31,NZDUSD,NZ,1,0.02058796983777611,1990,168,1,0.6160970699624286,1,1
1990-12-31,SEKUSD,SE,1,0.01800075470611051,1990,168,1,0.7607205310854203,1,1
1991-01-31,CADUSD,CA,1,0.011241903244378626,1991,180,0,0.47428143711857224,1,1
1991-01-31,GBPUSD,GB,0,-0.02838900326268623,1991,180,1,0.5722587611566534,1,1
1991-01-31,NOKUSD,NO,0,-0.031311048540872966,1991,180,1,0.5513217924397551,1,1
1991-01-31,NZDUSD,NZ,1,0.0013353365362626102,1991,180,0,0.4811910351283695,1,1
1991-01-31,SEKUSD,SE,0,-0.0244589538236879,1991,180,1,0.6840638697587519,1,1
1991-02-28,CADUSD,CA,0,-0.008313895640967406,1991,180,0,0.4218363087712326,1,1
1991-02-28,GBPUSD,GB,0,-0.08834496453724494,1991,180,1,0.5882790250813436,1,1
1991-02-28,NOKUSD,NO,0,-0.10086895600263746,1991,180,1,0.6078963823325851,1,1
1991-02-28,NZDUSD,NZ,0,-0.02192330637403872,1991,180,1,0.5178773875800952,1,1
1991-02-28,SEKUSD,SE,0,-0.07800563220845924,1991,180,1,0.6524694961088982,1,1
1991-03-31,CADUSD,CA,1,0.006489315439749843,1991,180,0,0.40325363157816896,1,1
1991-03-31,GBPUSD,GB,0,-0.014981553615616927,1991,180,1,0.6296076033893929,1,1
1991-03-31,NOKUSD,NO,0,-0.014659161207770222,1991,180,1,0.6584888938887813,1,1
1991-03-31,NZDUSD,NZ,1,0.0020439455250744754,1991,180,1,0.5959090872154221,1,1
1991-03-31,SEKUSD,SE,0,-0.0029320757282291776,1991,180,1,0.6895744120879268,1,1
1991-04-30,CADUSD,CA,1,0.005832950852166036,1991,180,0,0.3708405528358279,1,1
1991-04-30,GBPUSD,GB,0,-0.014325636016521037,1991,180,1,0.5624892165199594,1,1
1991-04-30,NOKUSD,NO,0,-0.011353218077013283,1991,180,1,0.6031579493536389,1,1
1991-04-30,NZDUSD,NZ,0,-0.011465856766693538,1991,180,1,0.5362817185104328,1,1
1991-04-30,SEKUSD,SE,0,-0.014452635401287939,1991,180,1,0.6534770144630541,1,1
1991-05-31,CADUSD,CA,1,0.0025352988183504344,1991,180,0,0.3703852121495055,1,1
1991-05-31,GBPUSD,GB,0,-0.04826026925285548,1991,180,1,0.5137044206574134,1,1
1991-05-31,NOKUSD,NO,0,-0.03266366733976089,1991,180,1,0.5733001575646599,1,1
1991-05-31,NZDUSD,NZ,0,-0.009685305734463578,1991,180,0,0.4526723429744838,1,1
1991-05-31,SEKUSD,SE,0,-0.039914167740534134,1991,180,1,0.6184464353452762,1,1
1991-06-30,CADUSD,CA,0,-0.008281440347140623,1991,180,0,0.3946676481905268,1,1
1991-06-30,GBPUSD,GB,1,0.040277965228170565,1991,180,0,0.47183466722042133,1,1
1991-06-30,NOKUSD,NO,1,0.0261183231411124,1991,180,1,0.541952495267763,1,1
1991-06-30,NZDUSD,NZ,0,-0.008026565514766326,1991,180,0,0.391394951781127,1,1
1991-06-30,SEKUSD,SE,1,0.02424597430604658,1991,180,1,0.5705218512697262,1,1
1991-07-31,CADUSD,CA,1,0.008456525701698081,1991,180,0,0.4196204848828818,1,1
1991-07-31,GBPUSD,GB,0,-0.002674990449303083,1991,180,0,0.3916961950421086,1,1
1991-07-31,NOKUSD,NO,0,-0.0013185849101164937,1991,180,0,0.4386869514395085,1,1
1991-07-31,NZDUSD,NZ,1,0.00628713213133314,1991,180,0,0.4139644080991174,1,1
1991-07-31,SEKUSD,SE,0,-0.0012618298204221112,1991,180,0,0.48411778684909684,1,1
1991-08-31,AUDUSD,AU,1,0.018048069871702876,1991,180,0,0.43328971885442835,1,1
1991-08-31,CADUSD,CA,1,0.00914694152233922,1991,180,0,0.45154431530110606,1,1
1991-08-31,GBPUSD,GB,1,0.04196419909903215,1991,180,0,0.41083373968933673,1,1
1991-08-31,NOKUSD,NO,1,0.048599845531539065,1991,180,0,0.4451025858532617,1,1
1991-08-31,NZDUSD,NZ,0,-0.013495954558440881,1991,180,0,0.4278740376258841,1,1
1991-08-31,SEKUSD,SE,1,0.04439802676826754,1991,180,1,0.5811600813799592,1,1
1991-09-30,AUDUSD,AU,0,-0.02584712493719643,1991,180,0,0.4192653438918865,1,1
1991-09-30,CADUSD,CA,1,0.00780560996998024,1991,180,0,0.49024595735131077,1,1
1991-09-30,GBPUSD,GB,0,-0.005437128861657814,1991,180,0,0.33152530501900995,1,1
1991-09-30,NOKUSD,NO,0,-0.0042944851277186835,1991,180,0,0.3609484896900607,1,1
1991-09-30,NZDUSD,NZ,0,-0.017983214083783117,1991,180,0,0.4318925069707104,1,1
1991-09-30,SEKUSD,SE,0,-0.0014819696438621577,1991,180,0,0.4791643413120337,1,1
1991-10-31,AUDUSD,AU,1,0.00677968698537873,1991,180,0,0.47641488360270257,1,1
1991-10-31,CADUSD,CA,0,-0.010628975177059949,1991,180,0,0.48798370123833934,1,1
1991-10-31,GBPUSD,GB,1,0.013113072733762277,1991,180,0,0.42741421747713904,1,1
1991-10-31,NOKUSD,NO,1,0.022285044789434938,1991,180,0,0.4983931401355535,1,1
1991-10-31,NZDUSD,NZ,1,0.007874056430905996,1991,180,0,0.3888631432070413,1,1
1991-10-31,SEKUSD,SE,1,0.020110366950862657,1991,180,1,0.5429479555044794,1,1
1991-11-30,AUDUSD,AU,0,-0.03252213810300317,1991,180,0,0.4158808299545172,1,1
1991-11-30,CADUSD,CA,0,-0.018160093968174446,1991,180,0,0.4591422736907718,1,1
1991-11-30,GBPUSD,GB,1,0.055363166038848055,1991,180,0,0.42416827309536465,1,1
1991-11-30,NOKUSD,NO,1,0.06547792937950692,1991,180,0,0.4816471104053158,1,1
1991-11-30,NZDUSD,NZ,0,-0.03759636467267635,1991,180,0,0.40829519980828793,1,1
1991-11-30,SEKUSD,SE,1,0.06978463716568539,1991,180,1,0.5182237791919123,1,1
1991-12-31,AUDUSD,AU,0,-0.009527662386830615,1991,180,1,0.5057665548582869,1,1
1991-12-31,CADUSD,CA,0,-0.01664560097599005,1991,180,0,0.4537206129406541,1,1
1991-12-31,GBPUSD,GB,0,-0.0421402978985701,1991,180,0,0.43976304451354736,1,1
1991-12-31,NOKUSD,NO,0,-0.05192801354564147,1991,180,0,0.44528408803605624,1,1
1991-12-31,NZDUSD,NZ,0,-0.0001850994915048032,1991,180,0,0.49450767364473425,1,1
1991-12-31,SEKUSD,SE,0,-0.04968984934032972,1991,180,1,0.6057055331461338,1,1
1992-01-31,AUDUSD,AU,1,0.0022577870006776912,1992,192,0,0.4390854866267633,1,1
1992-01-31,CADUSD,CA,0,-0.005769573106375908,1992,192,0,0.38080598889341744,1,1
1992-01-31,GBPUSD,GB,0,-0.018618309313657155,1992,192,1,0.5650111190767514,1,1
1992-01-31,NOKUSD,NO,0,-0.018000092987266125,1992,192,1,0.6134564030178078,1,1
1992-01-31,NZDUSD,NZ,1,0.01177783213545236,1992,192,0,0.44279697742179597,1,1
1992-01-31,SEKUSD,SE,0,-0.016899896928836533,1992,192,1,0.7045043634290465,1,1
1992-02-29,AUDUSD,AU,1,0.021263434014694438,1992,192,0,0.42132621679602206,1,1
1992-02-29,CADUSD,CA,0,-0.006913441244708135,1992,192,0,0.38516436170516843,1,1
1992-02-29,GBPUSD,GB,0,-0.011282082844969898,1992,192,0,0.47905092055233944,1,1
1992-02-29,NOKUSD,NO,0,-0.0070638756759502375,1992,192,1,0.5295732170547807,1,1
1992-02-29,NZDUSD,NZ,0,-0.0005489980922956939,1992,192,0,0.3904232610240551,1,1
1992-02-29,SEKUSD,SE,0,-0.006463278469756473,1992,192,1,0.6152589370469771,1,1
1992-03-31,AUDUSD,AU,0,-0.017687981619319004,1992,192,0,0.3995788205119996,1,1
1992-03-31,CADUSD,CA,0,-0.00486129529982543,1992,192,0,0.42395598519073835,1,1
1992-03-31,GBPUSD,GB,1,0.022044010559424065,1992,192,0,0.45177042354439284,1,1
1992-03-31,NOKUSD,NO,1,0.00131584058615819,1992,192,0,0.4199619162103041,1,1
1992-03-31,NZDUSD,NZ,0,-0.01679781075258935,1992,192,0,0.40993921830459423,1,1
1992-03-31,SEKUSD,SE,1,0.0016747617379593294,1992,192,1,0.5669587577733632,1,1
1992-04-30,AUDUSD,AU,1,0.0003964845092579994,1992,192,0,0.46226460827445126,1,1
1992-04-30,CADUSD,CA,0,-0.007330922535052159,1992,192,0,0.41125363830123157,1,1
1992-04-30,GBPUSD,GB,1,0.029968946481349512,1992,192,0,0.42005733948345403,1,1
1992-04-30,NOKUSD,NO,1,0.031151736308843825,1992,192,0,0.4356812528761322,1,1
1992-04-30,NZDUSD,NZ,0,-0.0037299558350638584,1992,192,0,0.4337951777897662,1,1
1992-04-30,SEKUSD,SE,1,0.030376266680204322,1992,192,1,0.5502225447219606,1,1
1992-05-31,AUDUSD,AU,0,-0.01209718973179863,1992,192,0,0.4019949105077685,1,1
1992-05-31,CADUSD,CA,1,0.006328081067085378,1992,192,0,0.3946364198311967,1,1
1992-05-31,GBPUSD,GB,1,0.03992492743168641,1992,192,0,0.3862050603300165,1,1
1992-05-31,NOKUSD,NO,1,0.04720133513727953,1992,192,0,0.445776580135654,1,1
1992-05-31,NZDUSD,NZ,1,0.016676317535127216,1992,192,0,0.4068337459727919,1,1
1992-05-31,SEKUSD,SE,1,0.050134479884031524,1992,192,1,0.5283373978591411,1,1
1992-06-30,AUDUSD,AU,0,-0.004557648640004963,1992,192,0,0.40533874570369394,1,1
1992-06-30,CADUSD,CA,1,0.010664752379703601,1992,192,0,0.3722072185481366,1,1
1992-06-30,GBPUSD,GB,1,0.008630889199275127,1992,192,0,0.41769302771635797,1,1
1992-06-30,NOKUSD,NO,1,0.025365061786619014,1992,192,0,0.4504065231096441,1,1
1992-06-30,NZDUSD,NZ,1,0.0020192755828699616,1992,192,0,0.3979827653366159,1,1
1992-06-30,SEKUSD,SE,1,0.02371434658517524,1992,192,1,0.5346907435521754,1,1
1992-07-31,AUDUSD,AU,0,-0.0393228277313008,1992,192,0,0.3600066075088298,1,1
1992-07-31,CADUSD,CA,0,-0.008992790779712656,1992,192,0,0.36749068651068356,1,1
1992-07-31,GBPUSD,GB,1,0.035457632021104524,1992,192,0,0.49315052492855155,1,1
1992-07-31,NOKUSD,NO,1,0.04723625569186951,1992,192,0,0.480804777599918,1,1
1992-07-31,NZDUSD,NZ,0,-0.011249542333918616,1992,192,0,0.4015954231876085,1,1
1992-07-31,SEKUSD,SE,1,0.04752596500126627,1992,192,1,0.6157811291747147,1,1
1992-08-31,AUDUSD,AU,0,-0.0023784551261493148,1992,192,0,0.4760177148743046,1,1
1992-08-31,CADUSD,CA,0,-0.04322873455082002,1992,192,0,0.37604083608192207,1,1
1992-08-31,GBPUSD,GB,0,-0.11173140937709658,1992,192,1,0.5005261967654167,1,1
1992-08-31,NOKUSD,NO,0,-0.03374240852608268,1992,192,1,0.5512861746538296,1,1
1992-08-31,NZDUSD,NZ,0,-0.0037160949490147033,1992,192,0,0.42675249378678426,1,1
1992-08-31,SEKUSD,SE,0,-0.034135624941681986,1992,192,1,0.6682049728018483,1,1
1992-09-30,AUDUSD,AU,0,-0.026543322557232463,1992,192,0,0.4515458572152451,1,1
1992-09-30,CADUSD,CA,1,0.006027745797517303,1992,192,0,0.43502421286765036,1,1
1992-09-30,GBPUSD,GB,0,-0.12976430605527856,1992,192,1,0.6506904108300801,1,1
1992-09-30,NOKUSD,NO,0,-0.09028622015926757,1992,192,1,0.9699481114032231,1,1
1992-09-30,NZDUSD,NZ,0,-0.022972202057458757,1992,192,0,0.43739298201059323,1,1
1992-09-30,SEKUSD,SE,0,-0.09060283350635157,1992,192,1,0.8688166325834292,1,1
1992-10-31,AUDUSD,AU,0,-0.018876703966636987,1992,192,0,0.49632108921056445,1,1
1992-10-31,CADUSD,CA,0,-0.036099859140185486,1992,192,1,0.5178257469520704,1,1
1992-10-31,GBPUSD,GB,0,-0.031862253148783215,1992,192,1,0.5542641281675145,1,1
1992-10-31,NOKUSD,NO,0,-0.03264094416139174,1992,192,1,0.8067417660188859,1,1
1992-10-31,NZDUSD,NZ,0,-0.027224386254871447,1992,192,0,0.4732886415895335,1,1
1992-10-31,SEKUSD,SE,0,-0.16416214558044762,1992,192,1,0.8342118772874062,1,1
1992-11-30,AUDUSD,AU,1,0.009918401029113122,1992,192,1,0.5034454874010934,1,1
1992-11-30,CADUSD,CA,1,0.011495727769732705,1992,192,1,0.5782074347968692,1,1
1992-11-30,GBPUSD,GB,0,-0.00033041467341748954,1992,192,0,0.3066075255692873,1,1
1992-11-30,NOKUSD,NO,0,-0.0678061838240922,1992,192,1,0.6070887891074949,1,1
1992-11-30,NZDUSD,NZ,1,0.005076153031860486,1992,192,0,0.45236874061151516,1,1
1992-11-30,SEKUSD,SE,0,-0.03390642282169165,1992,192,1,0.8100688823785129,1,1
1992-12-31,AUDUSD,AU,0,-0.014178414816402252,1992,192,0,0.4683659644356232,1,1
1992-12-31,CADUSD,CA,1,0.0011017550496713602,1992,192,1,0.5618280792975697,1,1
1992-12-31,GBPUSD,GB,0,-0.018343018885693507,1992,192,0,0.26903799857382515,1,1
1992-12-31,NOKUSD,NO,1,0.015300686446161338,1992,192,0,0.09353755438011607,1,1
1992-12-31,NZDUSD,NZ,1,0.005244257915900663,1992,192,0,0.4646913611873559,1,1
1992-12-31,SEKUSD,SE,0,-0.030741693362293265,1992,192,1,0.6001892354023479,1,1
1993-01-31,AUDUSD,AU,1,0.02356815516624139,1993,204,0,0.4432391457940264,1,1
1993-01-31,CADUSD,CA,1,0.016033361957655756,1993,204,0,0.39779321630468856,1,1
1993-01-31,GBPUSD,GB,0,-0.04403876381160793,1993,204,0,0.3340951794096744,1,1
1993-01-31,NOKUSD,NO,0,-0.0223997804747742,1993,204,0,0.332166395234611,1,1
1993-01-31,NZDUSD,NZ,1,0.013660626093648598,1993,204,1,0.509121901869027,1,1
1993-01-31,SEKUSD,SE,0,-0.06785066690817443,1993,204,0,0.44902223335533015,1,1
1993-02-28,AUDUSD,AU,1,0.01271536525855349,1993,204,0,0.4601730939051561,1,1
1993-02-28,CADUSD,CA,0,-0.005983026104154299,1993,204,0,0.4141888977646454,1,1
1993-02-28,GBPUSD,GB,1,0.05973452767679438,1993,204,0,0.35851488785464575,1,1
1993-02-28,NOKUSD,NO,1,0.0213772854981642,1993,204,0,0.4010576858048621,1,1
1993-02-28,NZDUSD,NZ,1,0.015736413460928023,1993,204,0,0.49595910209178706,1,1
1993-02-28,SEKUSD,SE,1,0.010939620038385556,1993,204,0,0.4411012963345964,1,1
1993-03-31,AUDUSD,AU,1,0.0001419547166838231,1993,204,0,0.4676935668984733,1,1
1993-03-31,CADUSD,CA,0,-0.010207803769738955,1993,204,0,0.3973823676323001,1,1
1993-03-31,GBPUSD,GB,1,0.039309917514159354,1993,204,0,0.43328836651652225,1,1
1993-03-31,NOKUSD,NO,1,0.01834373142140433,1993,204,0,0.16074968507247833,1,1
1993-03-31,NZDUSD,NZ,1,0.017527952007391434,1993,204,0,0.4743568253786904,1,1
1993-03-31,SEKUSD,SE,1,0.0534922401210034,1993,204,0,0.47954363349880774,1,1
1993-04-30,AUDUSD,AU,0,-0.026319200914385554,1993,204,0,0.4496266788324326,1,1
1993-04-30,CADUSD,CA,0,-0.00039356134161408485,1993,204,0,0.4080910647486487,1,1
1993-04-30,GBPUSD,GB,0,-0.0057508145711740455,1993,204,0,0.4426340391619449,1,1
1993-04-30,NOKUSD,NO,0,-0.002450526604089509,1993,204,0,0.36944062214710066,1,1
1993-04-30,NZDUSD,NZ,1,0.0018467225931646514,1993,204,0,0.3928262830046774,1,1
1993-04-30,SEKUSD,SE,1,0.020829775793040017,1993,204,0,0.473209427079817,1,1
1993-05-31,AUDUSD,AU,0,-0.02942911085585792,1993,204,0,0.4365595983304175,1,1
1993-05-31,CADUSD,CA,0,-0.009087410754581443,1993,204,0,0.4239163460233407,1,1
1993-05-31,GBPUSD,GB,0,-0.044218764171643665,1993,204,0,0.46454091472945,1,1
1993-05-31,NOKUSD,NO,0,-0.06718649920486541,1993,204,0,0.3746409530334662,1,1
1993-05-31,NZDUSD,NZ,0,-0.010013063448122472,1993,204,0,0.4269938451208202,1,1
1993-05-31,SEKUSD,SE,0,-0.07529210491493865,1993,204,0,0.4800077754963896,1,1
1993-06-30,AUDUSD,AU,1,0.03204881836485213,1993,204,0,0.43093557245841324,1,1
1993-06-30,CADUSD,CA,0,-0.0016363427502888162,1993,204,0,0.44757397200878896,1,1
1993-06-30,GBPUSD,GB,0,-0.00537274630239043,1993,204,0,0.4327169193057722,1,1
1993-06-30,NOKUSD,NO,0,-0.034421527421862885,1993,204,0,0.34343158621472736,1,1
1993-06-30,NZDUSD,NZ,1,0.031911748755760194,1993,204,0,0.4379351728777202,1,1
1993-06-30,SEKUSD,SE,0,-0.06324485989635065,1993,204,0,0.4228242017646368,1,1
1993-07-31,AUDUSD,AU,0,-0.02501970096166173,1993,204,0,0.4520506447730109,1,1
1993-07-31,CADUSD,CA,0,-0.02794593039055937,1993,204,0,0.4531636503393903,1,1
1993-07-31,GBPUSD,GB,1,0.001211387186296986,1993,204,0,0.4326804633865501,1,1
1993-07-31,NOKUSD,NO,1,0.02338693269815395,1993,204,0,0.3214065327952955,1,1
1993-07-31,NZDUSD,NZ,0,-0.0036166404701885035,1993,204,0,0.4332089411503174,1,1
1993-07-31,SEKUSD,SE,1,0.007919627138063046,1993,204,0,0.4206395568280044,1,1
1993-08-31,AUDUSD,AU,0,-0.03951882017590935,1993,204,0,0.429917783058768,1,1
1993-08-31,CADUSD,CA,0,-0.011442461490672906,1993,204,0,0.4433223122621661,1,1
1993-08-31,GBPUSD,GB,1,0.006168720111325521,1993,204,0,0.42310973866727963,1,1
1993-08-31,NOKUSD,NO,1,0.021070920952598104,1993,204,0,0.3313590565922762,1,1
1993-08-31,NZDUSD,NZ,0,-0.0029027596579614956,1993,204,0,0.4350234512537986,1,1
1993-08-31,SEKUSD,SE,1,0.011688844250313135,1993,204,0,0.41055747481487037,1,1
1993-09-30,AUDUSD,AU,1,0.031288321039393774,1993,204,0,0.4519270169716117,1,1
1993-09-30,CADUSD,CA,1,0.010534333684959485,1993,204,0,0.4778468185186239,1,1
1993-09-30,GBPUSD,GB,0,-0.005227543571261706,1993,204,0,0.4610575131512221,1,1
1993-09-30,NOKUSD,NO,0,-0.026406455875744417,1993,204,0,0.27234286942563585,1,1
1993-09-30,NZDUSD,NZ,1,0.006519400128149999,1993,204,0,0.44526530455392027,1,1
1993-09-30,SEKUSD,SE,0,-0.007889587275162757,1993,204,0,0.457950677875047,1,1
1993-10-31,AUDUSD,AU,0,-0.01072598847230627,1993,204,0,0.470800352081564,1,1
1993-10-31,CADUSD,CA,0,-0.011432134134311822,1993,204,0,0.48684411790459703,1,1
1993-10-31,GBPUSD,GB,0,-0.002017892660235776,1993,204,0,0.46441470770533977,1,1
1993-10-31,NOKUSD,NO,0,-0.01872119016441487,1993,204,0,0.38166636134154025,1,1
1993-10-31,NZDUSD,NZ,0,-0.015461881474158501,1993,204,0,0.4735260416900304,1,1
1993-10-31,SEKUSD,SE,0,-0.04054690757139623,1993,204,0,0.4711236251568883,1,1
1993-11-30,AUDUSD,AU,1,0.029777018589173865,1993,204,0,0.462921833090762,1,1
1993-11-30,CADUSD,CA,1,0.008788128816863305,1993,204,0,0.4533050810219176,1,1
1993-11-30,GBPUSD,GB,0,-0.005197973022671776,1993,204,0,0.4577187935999639,1,1
1993-11-30,NOKUSD,NO,0,-0.008600339686778202,1993,204,0,0.35266964481657725,1,1
1993-11-30,NZDUSD,NZ,1,0.024446667881973805,1993,204,0,0.4629721189539451,1,1
1993-11-30,SEKUSD,SE,1,0.01676515100890752,1993,204,0,0.43409023404084673,1,1
1993-12-31,AUDUSD,AU,1,0.04356039117870125,1993,204,0,0.47177876397558144,1,1
1993-12-31,CADUSD,CA,0,-0.0011310086031273148,1993,204,0,0.4391090123649075,1,1
1993-12-31,GBPUSD,GB,1,0.015446915600168476,1993,204,0,0.4244047201690575,1,1
1993-12-31,NOKUSD,NO,1,0.008332548294671227,1993,204,0,0.29731058031615837,1,1
1993-12-31,NZDUSD,NZ,1,0.014738791177422272,1993,204,0,0.44199693677640745,1,1
1993-12-31,SEKUSD,SE,1,0.05394732438145633,1993,204,0,0.43080739734378287,1,1
1994-01-31,AUDUSD,AU,1,0.004927852281240597,1994,216,0,0.47954483587131785,1,1
1994-01-31,CADUSD,CA,0,-0.01881214032437012,1994,216,0,0.43285724505256423,1,1
1994-01-31,GBPUSD,GB,0,-0.008701527460636904,1994,216,0,0.4590723752121682,1,1
1994-01-31,NOKUSD,NO,1,0.0110386797680182,1994,216,0,0.3762291234742104,1,1
1994-01-31,NZDUSD,NZ,1,0.013481776464828843,1994,216,0,0.4043150220481233,1,1
1994-01-31,SEKUSD,SE,0,-0.009258450641166593,1994,216,0,0.49328580811103856,1,1
1994-02-28,AUDUSD,AU,0,-0.01485701186946009,1994,216,0,0.4656144297381257,1,1
1994-02-28,CADUSD,CA,0,-0.023100442408133026,1994,216,0,0.42911185831871385,1,1
1994-02-28,GBPUSD,GB,1,0.00033607797325230226,1994,216,0,0.4497572317512179,1,1
1994-02-28,NOKUSD,NO,1,0.018098496396065533,1994,216,0,0.3959605259621151,1,1
1994-02-28,NZDUSD,NZ,0,-0.024114518849196687,1994,216,0,0.39227704365583055,1,1
1994-02-28,SEKUSD,SE,1,0.019306229927422258,1994,216,0,0.4517938063245955,1,1
1994-03-31,AUDUSD,AU,1,0.0169615373743755,1994,216,0,0.4663584785664317,1,1
1994-03-31,CADUSD,CA,1,0.0014463410100161722,1994,216,0,0.44785439838059404,1,1
1994-03-31,GBPUSD,GB,1,0.01586805746503922,1994,216,0,0.44741931342396263,1,1
1994-03-31,NOKUSD,NO,1,0.007887676679311895,1994,216,0,0.3819173206115962,1,1
1994-03-31,NZDUSD,NZ,1,0.02758674455994581,1994,216,0,0.4248174630894357,1,1
1994-03-31,SEKUSD,SE,1,0.021382552978150393,1994,216,0,0.47114996550811106,1,1
1994-04-30,AUDUSD,AU,1,0.034438665054543405,1994,216,0,0.48446186970810584,1,1
1994-04-30,CADUSD,CA,0,-0.001952066556322185,1994,216,1,0.5138614661860238,1,1
1994-04-30,GBPUSD,GB,1,0.00013228388140196223,1994,216,0,0.44770444783254587,1,1
1994-04-30,NOKUSD,NO,1,0.00887505476576389,1994,216,0,0.3902971542388236,1,1
1994-04-30,NZDUSD,NZ,1,0.029878449622737113,1994,216,0,0.48601613982616804,1,1
1994-04-30,SEKUSD,SE,0,-0.019783422564133346,1994,216,0,0.49949928620674144,1,1
1994-05-31,AUDUSD,AU,0,-0.0102076422216561,1994,216,1,0.5048738232988175,1,1
1994-05-31,CADUSD,CA,1,0.0014456092145267996,1994,216,1,0.5369080549888431,1,1
1994-05-31,GBPUSD,GB,1,0.023724277083312817,1994,216,0,0.4599504457970989,1,1
1994-05-31,NOKUSD,NO,1,0.03123518977435369,1994,216,0,0.4181446680533274,1,1
1994-05-31,NZDUSD,NZ,1,0.0008406894147930943,1994,216,0,0.47775330324357806,1,1
1994-05-31,SEKUSD,SE,1,0.019587555361470166,1994,216,0,0.4802497588649155,1,1
1994-06-30,AUDUSD,AU,1,0.010749134044823472,1994,216,1,0.5093112184804649,1,1
1994-06-30,CADUSD,CA,0,-0.000723065830490699,1994,216,1,0.5516134891852424,1,1
1994-06-30,GBPUSD,GB,0,-0.004401586496586063,1994,216,0,0.4862005441032874,1,1
1994-06-30,NOKUSD,NO,0,-0.00122845699591001,1994,216,0,0.46193420066217866,1,1
1994-06-30,NZDUSD,NZ,1,0.010865129869103929,1994,216,0,0.43793133263013045,1,1
1994-06-30,SEKUSD,SE,0,-0.01618891795624755,1994,216,1,0.5495906334245636,1,1
1994-07-31,AUDUSD,AU,1,0.00741593097349369,1994,216,1,0.5175411850103886,1,1
1994-07-31,CADUSD,CA,1,0.008930251383465204,1994,216,1,0.510510687502272,1,1
1994-07-31,GBPUSD,GB,0,-0.0034441337616235024,1994,216,0,0.4682361633064012,1,1
1994-07-31,NOKUSD,NO,1,0.0007224389853297541,1994,216,0,0.4311805605844589,1,1
1994-07-31,NZDUSD,NZ,1,0.0004986287812112078,1994,216,0,0.4775065633735211,1,1
1994-07-31,SEKUSD,SE,1,0.007867455296576953,1994,216,1,0.5805745237490594,1,1
1994-08-31,AUDUSD,AU,0,-0.005928338569880176,1994,216,1,0.5277774633526592,1,1
1994-08-31,CADUSD,CA,1,0.02227066456183685,1994,216,0,0.49139570445703046,1,1
1994-08-31,GBPUSD,GB,1,0.02621247339845678,1994,216,0,0.4782794916904961,1,1
1994-08-31,NOKUSD,NO,1,0.018968979069102998,1994,216,0,0.45225413521750185,1,1
1994-08-31,NZDUSD,NZ,1,0.001162501168865293,1994,216,1,0.5004283300212252,1,1
1994-08-31,SEKUSD,SE,1,0.03043384508606506,1994,216,1,0.6156212455878493,1,1
1994-09-30,AUDUSD,AU,1,0.0026990569691650035,1994,216,1,0.5509988227022705,1,1
1994-09-30,CADUSD,CA,0,-0.008686990813469686,1994,216,0,0.48508775751671845,1,1
1994-09-30,GBPUSD,GB,1,0.03611849636831538,1994,216,0,0.49856147475567486,1,1
1994-09-30,NOKUSD,NO,1,0.0370635070894052,1994,216,1,0.512520193422196,1,1
1994-09-30,NZDUSD,NZ,1,0.02053460244170774,1994,216,1,0.5373793647139165,1,1
1994-09-30,SEKUSD,SE,1,0.04059120400611116,1994,216,1,0.6204921127207206,1,1
1994-10-31,AUDUSD,AU,1,0.035611678870754726,1994,216,1,0.5723259868270222,1,1
1994-10-31,CADUSD,CA,0,-0.016496579973491243,1994,216,0,0.4639580485181924,1,1
1994-10-31,GBPUSD,GB,0,-0.04247984097533297,1994,216,1,0.5042645438153459,1,1
1994-10-31,NOKUSD,NO,0,-0.042279313220584314,1994,216,1,0.5113514816023214,1,1
1994-10-31,NZDUSD,NZ,1,0.020599376601335373,1994,216,1,0.5347867123889869,1,1
1994-10-31,SEKUSD,SE,0,-0.046513696779111324,1994,216,1,0.619560864651449,1,1
1994-11-30,AUDUSD,AU,1,0.008289129186778155,1994,216,1,0.5927641945696276,1,1
1994-11-30,CADUSD,CA,0,-0.020013626033821508,1994,216,0,0.4714826860507861,0,1
1994-11-30,GBPUSD,GB,0,-0.00031913196377436615,1994,216,0,0.44539002571363423,0,1
1994-11-30,NOKUSD,NO,1,0.008831379153044105,1994,216,0,0.47078638416702323,1,1
1994-11-30,NZDUSD,NZ,1,0.019558983127909435,1994,216,1,0.5429549246180277,1,1
1994-11-30,SEKUSD,SE,1,0.01423297555979719,1994,216,1,0.5629547385150097,1,1
1994-12-31,AUDUSD,AU,0,-0.023226513841389185,1994,216,1,0.5913735084809887,1,1
1994-12-31,CADUSD,CA,0,-0.004409366364621692,1994,216,1,0.5183302615095869,1,1
1994-12-31,GBPUSD,GB,1,0.00952993235345706,1994,216,1,0.5055224504176065,0,1
1994-12-31,NOKUSD,NO,1,0.012496443487779674,1994,216,0,0.48701663878388185,1,1
1994-12-31,NZDUSD,NZ,0,-0.0021892111949052273,1994,216,1,0.5745246088574287,1,1
1994-12-31,SEKUSD,SE,0,-0.009644438830666235,1994,216,1,0.6184544916403913,1,1
1995-01-31,AUDUSD,AU,0,-0.026079712783051656,1995,228,1,0.6219832185606241,1,1
1995-01-31,CADUSD,CA,1,0.011060086341618702,1995,228,1,0.596355081145457,1,1
1995-01-31,EURUSD,EZ,1,0.018467745545840103,1995,228,1,0.5613066555302538,1,1
1995-01-31,GBPUSD,GB,1,0.001579529628667753,1995,228,1,0.5551422220142576,1,1
1995-01-31,NOKUSD,NO,1,0.03503785674087312,1995,228,1,0.5193487827202171,0,1
1995-01-31,NZDUSD,NZ,0,-0.008331416579663797,1995,228,1,0.5879949535772218,1,1
1995-01-31,SEKUSD,SE,1,0.022513757599250672,1995,228,1,0.6076427850038617,1,1
1995-02-28,AUDUSD,AU,0,-0.00748048370925003,1995,228,1,0.6046607595406651,1,1
1995-02-28,CADUSD,CA,0,-0.0040100304362037376,1995,228,1,0.6215773518280897,1,1
1995-02-28,EURUSD,EZ,1,0.06611078565514122,1995,228,1,0.5682120652490513,1,1
1995-02-28,GBPUSD,GB,1,0.02185538130326392,1995,228,1,0.5715626872356563,1,1
1995-02-28,NOKUSD,NO,1,0.04446233345122974,1995,228,1,0.5147361456678445,0,1
1995-02-28,NZDUSD,NZ,1,0.0332225524628143,1995,228,1,0.5936175128712794,1,1
1995-02-28,SEKUSD,SE,0,-0.008214853217082707,1995,228,1,0.619073611762662,1,1
1995-03-31,AUDUSD,AU,0,-0.007261798027953459,1995,228,1,0.6153039130348807,1,1
1995-03-31,CADUSD,CA,1,0.028708024400027343,1995,228,1,0.6199228074855236,1,1
1995-03-31,EURUSD,EZ,1,0.01786722808093283,1995,228,1,0.6413206806172339,1,1
1995-03-31,GBPUSD,GB,0,-0.006133658212530646,1995,228,1,0.5797620400478188,0,1
1995-03-31,NOKUSD,NO,0,-0.009999276927843193,1995,228,1,0.5204933982270261,0,1
1995-03-31,NZDUSD,NZ,1,0.025478124954184334,1995,228,1,0.6014043560768405,1,1
1995-03-31,SEKUSD,SE,1,0.017116582773419875,1995,228,1,0.6400055070802951,1,1
1995-04-30,AUDUSD,AU,0,-0.011340185142222348,1995,228,1,0.5973463252102201,1,1
1995-04-30,CADUSD,CA,0,-0.007400656602164546,1995,228,1,0.599926663166475,1,1
1995-04-30,EURUSD,EZ,0,-0.0203532896660778,1995,228,1,0.6157946070403844,1,1
1995-04-30,GBPUSD,GB,0,-0.014144684441854238,1995,228,1,0.562278706681815,0,1
1995-04-30,NOKUSD,NO,0,-0.00815091615131558,1995,228,1,0.5390614562465408,0,1
1995-04-30,NZDUSD,NZ,0,-0.010624866130656163,1995,228,1,0.5819535503547444,1,1
1995-04-30,SEKUSD,SE,0,-0.010468434008132244,1995,228,1,0.6618043208557811,1,1
1995-05-31,AUDUSD,AU,0,-0.011470261440550411,1995,228,1,0.5836592222382855,1,1
1995-05-31,CADUSD,CA,0,-0.0029158790159763415,1995,228,1,0.5484860569899752,1,1
1995-05-31,EURUSD,EZ,1,0.005976963858583428,1995,228,1,0.5945540212356243,1,1
1995-05-31,GBPUSD,GB,1,0.002518100165948556,1995,228,1,0.5630079787197996,0,1
1995-05-31,NOKUSD,NO,1,0.01879875410716214,1995,228,1,0.5698833219957611,1,1
1995-05-31,NZDUSD,NZ,1,0.00570058549446173,1995,228,1,0.5616871456791834,1,1
1995-05-31,SEKUSD,SE,1,0.007652401376908813,1995,228,1,0.6524944735375711,1,1
1995-06-30,AUDUSD,AU,1,0.038500788254195895,1995,228,1,0.5955194232803065,1,1
1995-06-30,CADUSD,CA,1,0.0031349130766484268,1995,228,1,0.5458453324345695,1,1
1995-06-30,EURUSD,EZ,1,0.009032967004158676,1995,228,1,0.6138640818103697,1,1
1995-06-30,GBPUSD,GB,1,0.0047044151370211895,1995,228,1,0.5989622501442613,1,1
1995-06-30,NOKUSD,NO,1,0.00430737388308855,1995,228,1,0.6025351685325527,0,1
1995-06-30,NZDUSD,NZ,1,0.007896934430454583,1995,228,1,0.5839528846914386,1,1
1995-06-30,SEKUSD,SE,1,0.03036022068522426,1995,228,1,0.67634230292316,1,1
1995-07-31,AUDUSD,AU,1,0.01744542364873114,1995,228,1,0.6134275250016039,1,1
1995-07-31,CADUSD,CA,1,0.019390882939801735,1995,228,1,0.53613826163353,1,1
1995-07-31,EURUSD,EZ,0,-0.040228414958845604,1995,228,1,0.5966769135685814,1,1
1995-07-31,GBPUSD,GB,0,-0.029530642437785026,1995,228,1,0.6052693027887447,1,1
1995-07-31,NOKUSD,NO,0,-0.04483413384383206,1995,228,1,0.5624934623764505,0,1
1995-07-31,NZDUSD,NZ,0,-0.03565332310264746,1995,228,1,0.573556019311068,1,1
1995-07-31,SEKUSD,SE,0,-0.032621037597227565,1995,228,1,0.6841395442068348,1,1
1995-08-31,AUDUSD,AU,1,0.005042473529370928,1995,228,1,0.5908414508738948,1,1
1995-08-31,CADUSD,CA,0,-0.00096736994558827,1995,228,1,0.5374688301294339,1,1
1995-08-31,EURUSD,EZ,0,-0.009980466229499607,1995,228,1,0.5494910174006746,1,1
1995-08-31,GBPUSD,GB,1,0.01788613635370484,1995,228,1,0.5686239202576762,1,1
1995-08-31,NOKUSD,NO,1,0.02148927589581695,1995,228,0,0.49738359723673836,0,1
1995-08-31,NZDUSD,NZ,1,0.01192492345551227,1995,228,1,0.5566469040332537,1,1
1995-08-31,SEKUSD,SE,1,0.0519670383939268,1995,228,1,0.6364732879605679,1,1
1995-09-30,AUDUSD,AU,1,0.00791039062242227,1995,228,1,0.5866079517434987,1,1
1995-09-30,CADUSD,CA,1,0.003277958682736559,1995,228,1,0.5405699539978484,1,1
1995-09-30,EURUSD,EZ,1,0.03187021748106417,1995,228,1,0.5703815044368028,1,1
1995-09-30,GBPUSD,GB,1,0.0007594456412099437,1995,228,1,0.5863407500542194,1,1
1995-09-30,NOKUSD,NO,1,0.008710647636593682,1995,228,1,0.5444659346022903,0,1
1995-09-30,NZDUSD,NZ,1,0.003034903695154023,1995,228,1,0.5932464441430477,1,1
1995-09-30,SEKUSD,SE,1,0.042631699479198204,1995,228,1,0.6650307856214326,1,1
1995-10-31,AUDUSD,AU,0,-0.0254019908632257,1995,228,1,0.5970770687124106,1,1
1995-10-31,CADUSD,CA,0,-0.01378412220409514,1995,228,1,0.5669239108767233,1,1
1995-10-31,EURUSD,EZ,0,-0.0021189441464057324,1995,228,1,0.6123305406814668,1,1
1995-10-31,GBPUSD,GB,0,-0.03246934108559829,1995,228,1,0.5802325887011514,1,1
1995-10-31,NOKUSD,NO,0,-0.022695784511352457,1995,228,1,0.5543841164145183,0,1
1995-10-31,NZDUSD,NZ,0,-0.01112222937929963,1995,228,1,0.5716952135529595,1,1
1995-10-31,SEKUSD,SE,1,0.013175022103447231,1995,228,1,0.639013015005273,1,1
1995-11-30,AUDUSD,AU,1,0.001077006027637939,1995,228,1,0.5793465765268824,1,1
1995-11-30,CADUSD,CA,0,-0.004992301683481748,1995,228,1,0.5545725088134364,1,1
1995-11-30,EURUSD,EZ,0,-0.016306040282402734,1995,228,1,0.5931216854155912,0,1
1995-11-30,GBPUSD,GB,1,0.015112004035350679,1995,228,1,0.5696444109920258,1,1
1995-11-30,NOKUSD,NO,1,0.008114433777971719,1995,228,1,0.5412794997597016,0,1
1995-11-30,NZDUSD,NZ,1,0.0015309249775121714,1995,228,1,0.5433511476135343,1,1
1995-11-30,SEKUSD,SE,0,-0.010463360303256675,1995,228,1,0.6288057128690748,1,1
1995-12-31,AUDUSD,AU,1,0.0014789918662362345,1995,228,1,0.590173075499004,1,1
1995-12-31,CADUSD,CA,0,-0.006423848647046482,1995,228,1,0.5663731399861708,1,1
1995-12-31,EURUSD,EZ,0,-0.015771133676677984,1995,228,1,0.5941055427967387,1,1
1995-12-31,GBPUSD,GB,0,-0.028665734778761665,1995,228,1,0.5848588761023568,1,1
1995-12-31,NOKUSD,NO,0,-0.030843566452240845,1995,228,1,0.5691813981728782,1,1
1995-12-31,NZDUSD,NZ,1,0.02790738467232151,1995,228,1,0.5486913963705502,1,1
1995-12-31,SEKUSD,SE,0,-0.04685594845148944,1995,228,1,0.6184714660423335,1,1
1996-01-31,AUDUSD,AU,1,0.02651620288297346,1996,240,1,0.551608395786111,1,1
1996-01-31,CADUSD,CA,1,0.001092060827108332,1996,240,1,0.5068245759251088,1,1
1996-01-31,EURUSD,EZ,0,-0.0023205033617766935,1996,240,1,0.5201961262819318,0,1
1996-01-31,GBPUSD,GB,1,0.014729356246196146,1996,240,1,0.5216872365026148,1,1
1996-01-31,NOKUSD,NO,1,0.017485938755436026,1996,240,1,0.5192433779591802,1,1
1996-01-31,NZDUSD,NZ,1,0.0013379917256621798,1996,240,1,0.5471612924527144,1,1
1996-01-31,SEKUSD,SE,1,0.028174989747367984,1996,240,1,0.5527393936957603,1,1
1996-02-29,AUDUSD,AU,1,0.02225476761269285,1996,240,1,0.5476168339099297,1,1
1996-02-29,CADUSD,CA,1,0.006797526448054647,1996,240,0,0.48196708405007177,1,1
1996-02-29,EURUSD,EZ,0,-0.007267819391312935,1996,240,1,0.5070648448343351,0,1
1996-02-29,GBPUSD,GB,0,-0.003793085445003841,1996,240,1,0.5127771154408759,1,1
1996-02-29,NOKUSD,NO,0,-0.0014039468806332778,1996,240,1,0.5093731062949198,1,1
1996-02-29,NZDUSD,NZ,1,0.011227773437238187,1996,240,1,0.5256795955437186,1,1
1996-02-29,SEKUSD,SE,1,0.010657717503816277,1996,240,1,0.5646134119672342,1,1
1996-03-31,AUDUSD,AU,1,0.004977992282377969,1996,240,1,0.5430016033569633,1,1
1996-03-31,CADUSD,CA,1,0.0014678901718289117,1996,240,0,0.47331335897920784,0,1
1996-03-31,EURUSD,EZ,0,-0.01797499771115124,1996,240,0,0.48422653975214563,0,1
1996-03-31,GBPUSD,GB,0,-0.01398808767255677,1996,240,0,0.49457763274991384,1,1
1996-03-31,NOKUSD,NO,0,-0.024483477174428003,1996,240,0,0.4442839616654454,0,1
1996-03-31,NZDUSD,NZ,1,0.009067040765930179,1996,240,1,0.5292150475144289,1,1
1996-03-31,SEKUSD,SE,0,-0.015605480800494176,1996,240,1,0.53216435634004,1,1
1996-04-30,AUDUSD,AU,1,0.015915455305899606,1996,240,1,0.5298247239460222,1,1
1996-04-30,CADUSD,CA,0,-0.006515634896095912,1996,240,0,0.45961081083190464,0,1
1996-04-30,EURUSD,EZ,0,-0.018440986230312567,1996,240,0,0.46429201600023784,0,1
1996-04-30,GBPUSD,GB,1,0.029139400044826957,1996,240,0,0.4825510742149687,1,1
1996-04-30,NOKUSD,NO,1,0.007788082428068943,1996,240,0,0.4184111969906115,0,1
1996-04-30,NZDUSD,NZ,0,-0.010831487628637448,1996,240,1,0.5355164573319035,1,1
1996-04-30,SEKUSD,SE,1,0.008358964231477861,1996,240,0,0.49876363871599766,1,1
1996-05-31,AUDUSD,AU,0,-0.015660840409552734,1996,240,1,0.5305659624206915,1,1
1996-05-31,CADUSD,CA,1,0.0034355503255314446,1996,240,0,0.4580683306256717,0,1
1996-05-31,EURUSD,EZ,1,0.0027445616130275796,1996,240,0,0.46240365526834465,0,1
1996-05-31,GBPUSD,GB,1,0.0021918523473404283,1996,240,0,0.499416431082704,1,1
1996-05-31,NOKUSD,NO,1,0.0042247633603083035,1996,240,0,0.4501045519014125,0,1
1996-05-31,NZDUSD,NZ,1,0.009520394134686916,1996,240,1,0.5496969760065885,1,1
1996-05-31,SEKUSD,SE,1,0.015496061847532383,1996,240,1,0.5068212566543627,1,1
1996-06-30,AUDUSD,AU,0,-0.01552208702713534,1996,240,1,0.5178921163845898,1,1
1996-06-30,CADUSD,CA,0,-0.006568407792995723,1996,240,0,0.4628070668964305,0,1
1996-06-30,EURUSD,EZ,1,0.016960184804103884,1996,240,0,0.4640532742214139,0,1
1996-06-30,GBPUSD,GB,1,0.001737172706448853,1996,240,0,0.47834784208993203,1,1
1996-06-30,NOKUSD,NO,1,0.01951015986957838,1996,240,0,0.45368806738638756,0,1
1996-06-30,NZDUSD,NZ,1,0.004653876927889267,1996,240,1,0.5472513013458256,1,1
1996-06-30,SEKUSD,SE,1,0.002190250488518286,1996,240,0,0.49430588324218333,1,1
1996-07-31,AUDUSD,AU,1,0.02237229775453317,1996,240,1,0.5132143629268111,1,1
1996-07-31,CADUSD,CA,1,0.004520275996640621,1996,240,0,0.4662191851655491,0,1
1996-07-31,EURUSD,EZ,1,0.01333308418674306,1996,240,0,0.4706956526220201,0,1
1996-07-31,GBPUSD,GB,1,0.003593433024867587,1996,240,0,0.4774248768257166,1,1
1996-07-31,NOKUSD,NO,0,-0.006571765163234433,1996,240,0,0.4620758921289919,0,1
1996-07-31,NZDUSD,NZ,1,0.0011600929375303881,1996,240,1,0.5469930595668442,1,1
1996-07-31,SEKUSD,SE,0,-0.001963895185179032,1996,240,0,0.476346809346244,0,1
1996-08-31,AUDUSD,AU,1,0.0002528125408484405,1996,240,1,0.5057606606446737,1,1
1996-08-31,CADUSD,CA,1,0.004761041771276009,1996,240,0,0.45784519640074894,0,1
1996-08-31,EURUSD,EZ,0,-0.016986966345281962,1996,240,0,0.47675619091063426,0,1
1996-08-31,GBPUSD,GB,1,0.0026227425877173305,1996,240,0,0.48903682595976855,1,1
1996-08-31,NOKUSD,NO,0,-0.01470728576554059,1996,240,0,0.4688441652784633,0,1
1996-08-31,NZDUSD,NZ,1,0.012959144642505194,1996,240,1,0.5348032958979125,1,1
1996-08-31,SEKUSD,SE,0,-0.0009051139552895826,1996,240,0,0.47927297932558494,0,1
1996-09-30,AUDUSD,AU,1,0.002272441326345659,1996,240,0,0.4874425152122411,1,1
1996-09-30,CADUSD,CA,1,0.01561317742386148,1996,240,0,0.4471263450363999,0,1
1996-09-30,EURUSD,EZ,0,-0.012979066803775668,1996,240,0,0.44889495723017253,0,1
1996-09-30,GBPUSD,GB,1,0.039151910998763806,1996,240,0,0.48545968520806504,1,1
1996-09-30,NOKUSD,NO,1,0.020180753179712463,1996,240,0,0.4605743058777652,0,1
1996-09-30,NZDUSD,NZ,1,0.011379923662762526,1996,240,1,0.5375435930038593,1,1
1996-09-30,SEKUSD,SE,1,0.008631839769165595,1996,240,0,0.45677974214401146,0,1
1996-10-31,AUDUSD,AU,1,0.02576852606776353,1996,240,0,0.48395555180826266,1,1
1996-10-31,CADUSD,CA,0,-0.005948415190037637,1996,240,0,0.43320553488974406,0,1
1996-10-31,EURUSD,EZ,1,0.010462342513600703,1996,240,0,0.4522841643684629,0,1
1996-10-31,GBPUSD,GB,1,0.03275415163995238,1996,240,1,0.5084579021027518,1,1
1996-10-31,NOKUSD,NO,0,-0.006284118161649088,1996,240,0,0.4833772009465865,0,1
1996-10-31,NZDUSD,NZ,1,0.005360430383923531,1996,240,1,0.5253485882923871,1,1
1996-10-31,SEKUSD,SE,0,-0.021515913126272768,1996,240,0,0.46225858348538584,0,1
1996-11-30,AUDUSD,AU,0,-0.02400463497164873,1996,240,1,0.5076430944358965,1,1
1996-11-30,CADUSD,CA,0,-0.015302292265141515,1996,240,0,0.4283624369630989,0,1
1996-11-30,EURUSD,EZ,0,-0.026565540949557542,1996,240,0,0.4828721313582363,0,1
1996-11-30,GBPUSD,GB,1,0.017853934462032095,1996,240,1,0.5351865112371917,1,1
1996-11-30,NOKUSD,NO,1,0.006597794450293959,1996,240,0,0.466175295260967,0,1
1996-11-30,NZDUSD,NZ,0,-0.0060678941559140775,1996,240,1,0.5132925046311999,1,1
1996-11-30,SEKUSD,SE,0,-0.01580184988092226,1996,240,0,0.4642737412416655,0,1
1996-12-31,AUDUSD,AU,0,-0.04098460424939618,1996,240,0,0.47720620709314754,1,1
1996-12-31,CADUSD,CA,1,0.01641492821421603,1996,240,0,0.4336191206800047,0,1
1996-12-31,EURUSD,EZ,0,-0.03307028839768025,1996,240,0,0.46208278085746307,0,1
1996-12-31,GBPUSD,GB,0,-0.06708414787650696,1996,240,1,0.5252544918389591,1,1
1996-12-31,NOKUSD,NO,0,-0.018109537773681517,1996,240,0,0.4472764561844283,0,1
1996-12-31,NZDUSD,NZ,0,-0.025807883955872635,1996,240,0,0.4748661011195215,1,1
1996-12-31,SEKUSD,SE,0,-0.059443144142165893,1996,240,0,0.44671378108686466,0,1
1997-01-31,AUDUSD,AU,1,0.018194134107175075,1997,252,0,0.4661054922427411,1,1
1997-01-31,CADUSD,CA,0,-0.01444174819739008,1997,252,0,0.4673762018194068,0,1
1997-01-31,EURUSD,EZ,0,-0.042697221535118374,1997,252,0,0.4658038730089717,0,1
1997-01-31,GBPUSD,GB,1,0.017028802461096615,1997,252,0,0.49956109664447024,1,1
1997-01-31,NOKUSD,NO,0,-0.03560591884828668,1997,252,0,0.4218643643051882,0,1
1997-01-31,NZDUSD,NZ,1,0.0056485051333446945,1997,252,0,0.4448316934826348,1,1
1997-01-31,SEKUSD,SE,0,-0.03365346531089708,1997,252,0,0.4456427854475122,0,1
1997-02-28,AUDUSD,AU,1,0.009612377761666152,1997,252,1,0.5097919218341285,1,1
1997-02-28,CADUSD,CA,0,-0.011997962503031034,1997,252,0,0.4671515452319836,0,1
1997-02-28,EURUSD,EZ,0,-0.0118126800239311,1997,252,0,0.4608825119437413,0,1
1997-02-28,GBPUSD,GB,1,0.009836645681330858,1997,252,1,0.5376555454681483,1,1
1997-02-28,NOKUSD,NO,1,0.01978776149717998,1997,252,0,0.4310635240572896,0,1
1997-02-28,NZDUSD,NZ,1,0.003316274396781005,1997,252,0,0.4728297662381247,1,1
1997-02-28,SEKUSD,SE,0,-0.0065332314957782245,1997,252,0,0.45966735487976507,0,1
1997-03-31,AUDUSD,AU,0,-0.005756331852576707,1997,252,1,0.5101810021629709,1,1
1997-03-31,CADUSD,CA,0,-0.009782139429460712,1997,252,0,0.46392816255951075,0,1
1997-03-31,EURUSD,EZ,0,-0.010157140016369082,1997,252,0,0.47624359786571513,0,1
1997-03-31,GBPUSD,GB,0,-0.01519264703441614,1997,252,1,0.5341581841399224,1,1
1997-03-31,NOKUSD,NO,0,-0.07715757925813715,1997,252,0,0.45587265634324037,0,1
1997-03-31,NZDUSD,NZ,0,-0.002450098508932075,1997,252,0,0.49492495973656997,1,1
1997-03-31,SEKUSD,SE,0,-0.04029134977445281,1997,252,0,0.4693833776780863,0,1
1997-04-30,AUDUSD,AU,0,-0.021394657213374135,1997,252,0,0.49425516710179207,1,1
1997-04-30,CADUSD,CA,1,0.012460098544432974,1997,252,0,0.4721940502283386,0,1
1997-04-30,EURUSD,EZ,1,0.004156062996325233,1997,252,0,0.45602988745758694,0,1
1997-04-30,GBPUSD,GB,1,0.009828088936262469,1997,252,1,0.5119685630896738,1,1
1997-04-30,NOKUSD,NO,1,0.0012641338855994277,1997,252,0,0.42546774642828433,0,1
1997-04-30,NZDUSD,NZ,0,-0.00506330195654664,1997,252,0,0.49774849632474344,1,1
1997-04-30,SEKUSD,SE,1,0.013466057925485497,1997,252,0,0.4700708166695379,0,1
1997-05-31,AUDUSD,AU,0,-0.010540282035432336,1997,252,0,0.4933212872083262,1,1
1997-05-31,CADUSD,CA,0,-0.0008693132972839024,1997,252,0,0.4874572637766456,0,1
1997-05-31,EURUSD,EZ,0,-0.013343242396328767,1997,252,0,0.46457447821791253,0,1
1997-05-31,GBPUSD,GB,1,0.01757088525185191,1997,252,1,0.5305290597928974,1,1
1997-05-31,NOKUSD,NO,0,-0.02953833385666993,1997,252,0,0.4657038064850262,0,1
1997-05-31,NZDUSD,NZ,0,-0.015345569674660331,1997,252,0,0.4914509578983044,1,1
1997-05-31,SEKUSD,SE,1,0.0013566331742493887,1997,252,0,0.49638688162743794,0,1
1997-06-30,AUDUSD,AU,0,-0.013199311689342907,1997,252,0,0.48752641223304805,0,1
1997-06-30,CADUSD,CA,0,-0.0007238509183228881,1997,252,0,0.48316888904197336,0,1
1997-06-30,EURUSD,EZ,0,-0.037600976524308716,1997,252,0,0.47115035148478035,0,1
1997-06-30,GBPUSD,GB,0,-0.01586085674182819,1997,252,1,0.5472826063671418,1,1
1997-06-30,NOKUSD,NO,0,-0.04099937327211012,1997,252,0,0.46987627022824296,0,1
1997-06-30,NZDUSD,NZ,0,-0.04395650432369619,1997,252,0,0.48638222944350046,1,1
1997-06-30,SEKUSD,SE,0,-0.031498165931959754,1997,252,0,0.49292201134988545,0,1
1997-07-31,AUDUSD,AU,0,-0.014328441945749726,1997,252,0,0.491515351674989,0,1
1997-07-31,CADUSD,CA,0,-0.0050523384267286975,1997,252,1,0.5006324003936728,0,1
1997-07-31,EURUSD,EZ,0,-0.025373550897986326,1997,252,0,0.4753094059497014,0,1
1997-07-31,GBPUSD,GB,0,-0.01135294940576087,1997,252,1,0.5562792011847711,1,1
1997-07-31,NOKUSD,NO,1,0.02077756211567383,1997,252,0,0.48003825161330693,0,1
1997-07-31,NZDUSD,NZ,0,-0.017542947762406058,1997,252,1,0.5241309040476969,1,1
1997-07-31,SEKUSD,SE,1,0.013241885905354689,1997,252,0,0.48779109159610107,0,1
1997-08-31,AUDUSD,AU,0,-0.01301834075925734,1997,252,0,0.4735925164682012,0,1
1997-08-31,CADUSD,CA,1,0.004762944704552463,1997,252,1,0.5008272333182532,0,1
1997-08-31,EURUSD,EZ,1,0.029675113353245512,1997,252,0,0.4837141388380264,0,1
1997-08-31,GBPUSD,GB,0,-0.005321794738282815,1997,252,1,0.5605811189209892,1,1
1997-08-31,NOKUSD,NO,1,0.05109624450514283,1997,252,1,0.5038981588911838,0,1
1997-08-31,NZDUSD,NZ,1,0.00203395204282375,1997,252,1,0.5638185046833986,1,1
1997-08-31,SEKUSD,SE,1,0.036127874912376345,1997,252,1,0.5077536311001172,0,1
1997-09-30,AUDUSD,AU,0,-0.030814763044009874,1997,252,0,0.4773428490779482,0,1
1997-09-30,CADUSD,CA,0,-0.01969766082152402,1997,252,1,0.5052449165867613,0,1
1997-09-30,EURUSD,EZ,1,0.016198113564965658,1997,252,1,0.5002917548837177,0,1
1997-09-30,GBPUSD,GB,1,0.04067059012005486,1997,252,1,0.5659441315615523,1,1
1997-09-30,NOKUSD,NO,1,0.01810678928519671,1997,252,1,0.5096702442246078,0,1
1997-09-30,NZDUSD,NZ,0,-0.027411999176554902,1997,252,1,0.557362454298541,1,1
1997-09-30,SEKUSD,SE,1,0.014383968541581194,1997,252,1,0.5164961709931962,0,1
1997-10-31,AUDUSD,AU,0,-0.02959436475155003,1997,252,0,0.4789681840345576,0,1
1997-10-31,CADUSD,CA,0,-0.010302095066647698,1997,252,1,0.5042769240524001,0,1
1997-10-31,EURUSD,EZ,1,0.014442339399924911,1997,252,1,0.5123795856012688,0,1
1997-10-31,GBPUSD,GB,1,0.005880448176895148,1997,252,1,0.5783923931366735,1,1
1997-10-31,NOKUSD,NO,0,-0.030276473678983562,1997,252,0,0.48827127731115083,0,1
1997-10-31,NZDUSD,NZ,0,-0.009847524892902193,1997,252,1,0.5015711554920455,1,1
1997-10-31,SEKUSD,SE,0,-0.0307028685433699,1997,252,1,0.5142046612554722,0,1
1997-11-30,AUDUSD,AU,0,-0.04648513049421504,1997,252,0,0.49475958980465073,0,1
1997-11-30,CADUSD,CA,0,-0.003014056184271696,1997,252,1,0.51861651366927,0,1
1997-11-30,EURUSD,EZ,0,-0.026488974351646086,1997,252,0,0.49464468937740824,0,1
1997-11-30,GBPUSD,GB,0,-0.027499331278468153,1997,252,1,0.5598072336369906,1,1
1997-11-30,NOKUSD,NO,0,-0.024921483368386843,1997,252,0,0.4799270022849593,0,1
1997-11-30,NZDUSD,NZ,0,-0.06035089224939788,1997,252,1,0.5007004834394727,1,1
1997-11-30,SEKUSD,SE,0,-0.027775129448444513,1997,252,1,0.5091872621132878,0,1
1997-12-31,AUDUSD,AU,1,0.05043336988506514,1997,252,1,0.5032460175127402,0,1
1997-12-31,CADUSD,CA,0,-0.018995371838375852,1997,252,1,0.5526596508367527,0,1
1997-12-31,EURUSD,EZ,0,-0.020972593024715325,1997,252,0,0.49723772828699553,0,1
1997-12-31,GBPUSD,GB,0,-0.006228647396568032,1997,252,1,0.5454009148713231,1,1
1997-12-31,NOKUSD,NO,0,-0.03013531451629503,1997,252,0,0.495154460607194,0,1
1997-12-31,NZDUSD,NZ,1,0.010627456896967535,1997,252,1,0.5269013006002402,1,1
1997-12-31,SEKUSD,SE,0,-0.02162839079957335,1997,252,1,0.524042000862841,0,1
1998-01-31,AUDUSD,AU,0,-0.009826287175041082,1998,264,0,0.49308101912243735,0,1
1998-01-31,CADUSD,CA,1,0.022641428324573054,1998,264,0,0.4745173500034853,0,1
1998-01-31,EURUSD,EZ,1,0.0023148158484512793,1998,264,0,0.423824505138668,0,1
1998-01-31,GBPUSD,GB,1,0.007810156242018251,1998,264,1,0.5155383458398058,1,1
1998-01-31,NOKUSD,NO,1,0.0028463017318385297,1998,264,0,0.4361796862581328,0,1
1998-01-31,NZDUSD,NZ,0,-0.004271685265303193,1998,264,1,0.5597007243490864,1,1
1998-01-31,SEKUSD,SE,1,0.013600249337130776,1998,264,0,0.4744404352503464,0,1
1998-02-28,AUDUSD,AU,0,-0.02567688459430717,1998,264,0,0.4438878858066506,0,1
1998-02-28,CADUSD,CA,1,0.003941446543964722,1998,264,1,0.5118079085691957,0,1
1998-02-28,EURUSD,EZ,0,-0.00818798364888583,1998,264,0,0.4595961819514223,0,1
1998-02-28,GBPUSD,GB,1,0.018785548513678918,1998,264,1,0.5181219105308416,1,1
1998-02-28,NOKUSD,NO,0,-0.006248581517692031,1998,264,0,0.453297319708648,0,1
1998-02-28,NZDUSD,NZ,0,-0.05562856129309002,1998,264,1,0.5577996384974836,1,1
1998-02-28,SEKUSD,SE,1,0.0007499062968605585,1998,264,0,0.4868117838185432,0,1
1998-03-31,AUDUSD,AU,0,-0.014163032753963689,1998,264,0,0.4179479233885711,0,1
1998-03-31,CADUSD,CA,0,-0.008566866522222716,1998,264,0,0.48160355487141954,0,1
1998-03-31,EURUSD,EZ,1,0.0076915003949968724,1998,264,0,0.4296312961806761,0,1
1998-03-31,GBPUSD,GB,0,-0.002269199588320281,1998,264,1,0.5124081050038862,1,1
1998-03-31,NOKUSD,NO,1,0.021942479898431788,1998,264,0,0.44402473394740016,0,1
1998-03-31,NZDUSD,NZ,1,0.005596187544547604,1998,264,0,0.49587133929819494,1,1
1998-03-31,SEKUSD,SE,1,0.0331774948573087,1998,264,0,0.4644754630202245,0,1
1998-04-30,AUDUSD,AU,0,-0.040694190826554455,1998,264,0,0.43148849131776823,0,1
1998-04-30,CADUSD,CA,0,-0.01863386440551329,1998,264,0,0.45899563972923385,0,1
1998-04-30,EURUSD,EZ,1,0.02112381735394235,1998,264,0,0.43357163609751725,0,1
1998-04-30,GBPUSD,GB,0,-0.02536839537286467,1998,264,0,0.4845368363558882,1,1
1998-04-30,NOKUSD,NO,0,-0.009698129063853145,1998,264,0,0.4573219667938331,0,1
1998-04-30,NZDUSD,NZ,0,-0.0361076519691762,1998,264,1,0.5259783685267359,1,1
1998-04-30,SEKUSD,SE,0,-0.012586860240666464,1998,264,0,0.4750430581658739,0,1
1998-05-31,AUDUSD,AU,0,-0.008341402231089479,1998,264,0,0.4224332193992964,0,1
1998-05-31,CADUSD,CA,0,-0.009970036150258321,1998,264,0,0.455210906906875,0,1
1998-05-31,EURUSD,EZ,0,-0.009809220773965274,1998,264,0,0.4372640473517812,0,1
1998-05-31,GBPUSD,GB,1,0.02345348843861078,1998,264,0,0.4729566747164603,1,1
1998-05-31,NOKUSD,NO,0,-0.017410969044254987,1998,264,0,0.45543779355647823,0,1
1998-05-31,NZDUSD,NZ,0,-0.029932145535035315,1998,264,0,0.48469220512542827,1,1
1998-05-31,SEKUSD,SE,0,-0.01777346682238168,1998,264,0,0.45074910081610503,0,1
1998-06-30,AUDUSD,AU,0,-0.022480177809510782,1998,264,0,0.4538121747989474,0,1
1998-06-30,CADUSD,CA,0,-0.026485842017232808,1998,264,0,0.4695340399889108,0,1
1998-06-30,EURUSD,EZ,0,-0.002673798384402279,1998,264,0,0.42922082685346,0,1
1998-06-30,GBPUSD,GB,0,-0.020942540002342358,1998,264,1,0.5104865233350256,1,1
1998-06-30,NOKUSD,NO,1,0.01419022628519473,1998,264,0,0.4720273695063311,0,1
1998-06-30,NZDUSD,NZ,0,-0.016481226183791997,1998,264,1,0.5009109520257063,1,1
1998-06-30,SEKUSD,SE,1,0.0020081588173122,1998,264,0,0.44725368307445834,0,1
1998-07-31,AUDUSD,AU,0,-0.05938979967970048,1998,264,0,0.4444689293470456,0,1
1998-07-31,CADUSD,CA,0,-0.041033724353779444,1998,264,0,0.46209063730020794,0,1
1998-07-31,EURUSD,EZ,1,0.0059701669865038914,1998,264,0,0.4427934651894635,0,1
1998-07-31,GBPUSD,GB,1,0.024828361660661546,1998,264,0,0.49573881229864364,1,1
1998-07-31,NOKUSD,NO,0,-0.03229026792881262,1998,264,1,0.5242210300948089,0,1
1998-07-31,NZDUSD,NZ,0,-0.03278982282299081,1998,264,0,0.43454955156421565,1,1
1998-07-31,SEKUSD,SE,0,-0.013353499311008044,1998,264,0,0.46121566968012345,0,1
1998-08-31,AUDUSD,AU,1,0.03605540761792758,1998,264,0,0.4305404958043547,0,1
1998-08-31,CADUSD,CA,1,0.03115677568554648,1998,264,0,0.47003173416093047,0,1
1998-08-31,EURUSD,EZ,1,0.05044243221268348,1998,264,0,0.4541510544496852,0,1
1998-08-31,GBPUSD,GB,1,0.013924088094142362,1998,264,1,0.517775026807068,1,1
1998-08-31,NOKUSD,NO,1,0.05301432000343098,1998,264,1,0.536927411361533,1,1
1998-08-31,NZDUSD,NZ,1,0.010050335853501458,1998,264,0,0.399142067604984,1,1
1998-08-31,SEKUSD,SE,1,0.02784329693906562,1998,264,0,0.4524398453728207,0,1
1998-09-30,AUDUSD,AU,1,0.05255725073867612,1998,264,0,0.49868741420702795,0,1
1998-09-30,CADUSD,CA,0,-0.011077196735986339,1998,264,1,0.5440439730535459,1,1
1998-09-30,EURUSD,EZ,1,0.03650280906134665,1998,264,0,0.4846883651964273,0,1
1998-09-30,GBPUSD,GB,0,-0.015416848484789414,1998,264,1,0.5171747021013439,1,1
1998-09-30,NOKUSD,NO,1,0.00338318206179955,1998,264,1,0.6380057777557434,1,1
1998-09-30,NZDUSD,NZ,1,0.05732506661926928,1998,264,0,0.4019800954056183,0,1
1998-09-30,SEKUSD,SE,1,0.0034476188142331665,1998,264,0,0.48552921526174236,0,1
1998-10-31,AUDUSD,AU,1,0.004788516731797199,1998,264,0,0.49372529240756996,0,1
1998-10-31,CADUSD,CA,1,0.012847863165755424,1998,264,0,0.4952127156254723,1,1
1998-10-31,EURUSD,EZ,0,-0.02686261257181541,1998,264,0,0.4644952640773143,0,1
1998-10-31,GBPUSD,GB,0,-0.01505145813959552,1998,264,0,0.48585637060927434,1,1
1998-10-31,NOKUSD,NO,0,-0.014533965969426577,1998,264,1,0.596711727766786,1,1
1998-10-31,NZDUSD,NZ,0,-0.0047326165000987075,1998,264,0,0.4198775327116865,0,1
1998-10-31,SEKUSD,SE,0,-0.03974697330023824,1998,264,0,0.482197458749959,0,1
1998-11-30,AUDUSD,AU,0,-0.025317807984289953,1998,264,0,0.43870723029320197,1,1
1998-11-30,CADUSD,CA,0,-0.009147401254909149,1998,264,0,0.4803641574186456,1,1
1998-11-30,EURUSD,EZ,1,0.007695787422500766,1998,264,0,0.40384797713885545,0,1
1998-11-30,GBPUSD,GB,1,0.008637144866696644,1998,264,0,0.4509128560012149,1,1
1998-11-30,NOKUSD,NO,0,-0.012612181782688747,1998,264,1,0.5443121703529522,1,1
1998-11-30,NZDUSD,NZ,0,0.0,1998,264,0,0.3727331112236546,0,1
1998-11-30,SEKUSD,SE,1,0.003941377192413054,1998,264,0,0.4319528757880976,0,1
1998-12-31,AUDUSD,AU,1,0.028021157010788333,1998,264,0,0.4286750864117716,1,1
1998-12-31,CADUSD,CA,1,0.018379250533779423,1998,264,0,0.4456429379958723,1,1
1998-12-31,EURUSD,EZ,0,-0.02962963534381033,1998,264,0,0.42650467791310753,0,1
1998-12-31,GBPUSD,GB,0,-0.010337102777145335,1998,264,0,0.45621870483505694,1,1
1998-12-31,NOKUSD,NO,1,0.007548205076195913,1998,264,1,0.5346924300473267,1,1
1998-12-31,NZDUSD,NZ,1,0.021958281145125658,1998,264,0,0.39146127884659243,0,1
1998-12-31,SEKUSD,SE,1,0.03977868688373887,1998,264,0,0.46289067133649947,0,1
1999-01-31,AUDUSD,AU,0,-0.014717910850035099,1999,276,0,0.47495957284125,1,1
1999-01-31,CADUSD,CA,1,0.0003312903790446686,1999,276,0,0.473852538967266,1,1
1999-01-31,EURUSD,EZ,0,-0.03362563063586134,1999,276,0,0.44422205362834855,0,1
1999-01-31,GBPUSD,GB,0,-0.026476118601807375,1999,276,0,0.42682394323631634,1,1
1999-01-31,NOKUSD,NO,0,-0.050225996328896905,1999,276,1,0.5305683591659298,1,1
1999-01-31,NZDUSD,NZ,0,-0.025760567094864184,1999,276,0,0.4527918137748498,0,1
1999-01-31,SEKUSD,SE,0,-0.05064135468333175,1999,276,0,0.48271073420166255,0,1
1999-02-28,AUDUSD,AU,1,0.021523349792563984,1999,276,0,0.46863500414002096,0,1
1999-02-28,CADUSD,CA,0,-0.00013252932230656267,1999,276,0,0.4759518233151721,1,1
1999-02-28,EURUSD,EZ,0,-0.017154023348826722,1999,276,0,0.4468293281352263,0,1
1999-02-28,GBPUSD,GB,1,0.007025862830364438,1999,276,0,0.4287086015382202,1,1
1999-02-28,NOKUSD,NO,1,0.02334089399676431,1999,276,0,0.4825597315461155,1,1
1999-02-28,NZDUSD,NZ,1,0.016997576368571132,1999,276,0,0.447426993203017,0,1
1999-02-28,SEKUSD,SE,0,-0.0026212334798740855,1999,276,0,0.4415505520622264,0,1
1999-03-31,AUDUSD,AU,1,0.04321660149978229,1999,276,0,0.48749364924349564,0,1
1999-03-31,CADUSD,CA,1,0.03465125914204281,1999,276,0,0.4744726608908707,1,1
1999-03-31,EURUSD,EZ,0,-0.02283460622301193,1999,276,0,0.4663481132186257,0,1
1999-03-31,GBPUSD,GB,0,-0.003413502150813097,1999,276,0,0.4483608392295146,1,1
1999-03-31,NOKUSD,NO,0,-0.011514713439642055,1999,276,0,0.4851533189061147,1,1
1999-03-31,NZDUSD,NZ,1,0.04843340355201964,1999,276,0,0.49526237493348757,0,1
1999-03-31,SEKUSD,SE,0,-0.027856285501708378,1999,276,0,0.46521426993033704,0,1
1999-04-30,AUDUSD,AU,0,-0.01399475228711089,1999,276,0,0.49838276247806595,1,1
1999-04-30,CADUSD,CA,0,-0.010033186577629027,1999,276,0,0.4792265634142431,1,1
1999-04-30,EURUSD,EZ,0,-0.01353303794786289,1999,276,0,0.44368374401879035,0,1
1999-04-30,GBPUSD,GB,0,-0.004049219050776487,1999,276,0,0.4452393627591847,1,1
1999-04-30,NOKUSD,NO,0,-0.011067407204246038,1999,276,0,0.45881711530948494,1,1
1999-04-30,NZDUSD,NZ,0,-0.04562835262441112,1999,276,1,0.5128960286682406,0,1
1999-04-30,SEKUSD,SE,0,-0.017955067814326764,1999,276,0,0.457391230883516,0,1
1999-05-31,AUDUSD,AU,1,0.012634310689635109,1999,276,0,0.47588953935064804,1,1
1999-05-31,CADUSD,CA,0,-0.0006788866520077708,1999,276,0,0.45078947541235587,0,1
1999-05-31,EURUSD,EZ,0,-0.010804658458154422,1999,276,0,0.4160541811625781,0,1
1999-05-31,GBPUSD,GB,0,-0.016045648643189026,1999,276,0,0.4359939837087103,1,1
1999-05-31,NOKUSD,NO,1,0.0037390328424082853,1999,276,0,0.44431835195146885,1,1
1999-05-31,NZDUSD,NZ,0,-0.01126772484634242,1999,276,0,0.4752290745063129,0,1
1999-05-31,SEKUSD,SE,1,0.0137012506945271,1999,276,0,0.4391596104252875,0,1
1999-06-30,AUDUSD,AU,0,-0.013553850984313665,1999,276,0,0.48757841762685095,0,1
1999-06-30,CADUSD,CA,0,-0.022480396448746,1999,276,0,0.44939498597319577,0,1
1999-06-30,EURUSD,EZ,1,0.03656853849767126,1999,276,0,0.4138674153421692,0,1
1999-06-30,GBPUSD,GB,1,0.027650954678958395,1999,276,0,0.419528514185973,1,1
1999-06-30,NOKUSD,NO,1,0.012908352281665536,1999,276,0,0.45738810908873906,1,1
1999-06-30,NZDUSD,NZ,1,0.002452137416591449,1999,276,0,0.47776690731781785,0,1
1999-06-30,SEKUSD,SE,1,0.03101487890387622,1999,276,0,0.4483409273992444,0,1
1999-07-31,AUDUSD,AU,0,-0.022012980010428895,1999,276,1,0.5026007274860511,0,1
1999-07-31,CADUSD,CA,1,0.00699187133374185,1999,276,0,0.4698209135286379,0,1
1999-07-31,CHFUSD,CH,0,-0.013641868521598766,1999,276,0,0.40197026929460394,0,1
1999-07-31,EURUSD,EZ,0,-0.010622896604515063,1999,276,0,0.4472219730077901,0,1
1999-07-31,GBPUSD,GB,0,-0.007493919194105303,1999,276,0,0.4577928458764823,1,1
1999-07-31,NOKUSD,NO,0,-0.007177677572680619,1999,276,0,0.4641775498184849,1,1
1999-07-31,NZDUSD,NZ,0,-0.026729349989660367,1999,276,1,0.5113122605356447,0,1
1999-07-31,SEKUSD,SE,0,-0.0008510121478888522,1999,276,0,0.4800299371100578,0,1
1999-08-31,AUDUSD,AU,1,0.02293252030510745,1999,276,1,0.5050074682917327,0,1
1999-08-31,CADUSD,CA,1,0.01820684143378154,1999,276,0,0.4897225260317742,0,1
1999-08-31,CHFUSD,CH,1,0.007163734536444533,1999,276,0,0.3697880060659678,0,1
1999-08-31,EURUSD,EZ,1,0.005842459136882597,1999,276,0,0.4232012274114961,0,1
1999-08-31,GBPUSD,GB,1,0.022801590131368454,1999,276,0,0.429917314438123,0,1
1999-08-31,NOKUSD,NO,1,0.011625423970917037,1999,276,0,0.45224733585739185,1,1
1999-08-31,NZDUSD,NZ,1,0.0003869220400369855,1999,276,1,0.5023489975754892,0,1
1999-08-31,SEKUSD,SE,1,0.0034084025693013054,1999,276,0,0.46123880604253753,0,1
1999-09-30,AUDUSD,AU,0,-0.023559676173892152,1999,276,1,0.517720437356307,0,1
1999-09-30,CADUSD,CA,0,-0.0016998134298494838,1999,276,0,0.47744064470650543,0,1
1999-09-30,CHFUSD,CH,0,-0.014604588015884656,1999,276,0,0.3712614482043117,0,1
1999-09-30,EURUSD,EZ,0,-0.011814323891754755,1999,276,0,0.4199001416399089,0,1
1999-09-30,GBPUSD,GB,0,-0.0019463542425714464,1999,276,0,0.4518668240031908,0,1
1999-09-30,NOKUSD,NO,0,-0.014176445762522416,1999,276,0,0.4392022724355377,1,1
1999-09-30,NZDUSD,NZ,0,-0.019926426061445124,1999,276,1,0.5125856641241208,0,1
1999-09-30,SEKUSD,SE,0,-0.0026182010268005484,1999,276,0,0.4659857845220879,0,1
1999-10-31,AUDUSD,AU,0,-0.0007844983535627015,1999,276,0,0.49327139775166473,0,1
1999-10-31,CADUSD,CA,0,0.0,1999,276,0,0.47381534531251596,0,1
1999-10-31,CHFUSD,CH,0,-0.041758379434977955,1999,276,0,0.3924201448961876,0,1
1999-10-31,EURUSD,EZ,0,-0.04283247586888709,1999,276,0,0.43079470998666863,0,1
1999-10-31,GBPUSD,GB,0,-0.030286616501374597,1999,276,0,0.46000700607285994,0,1
1999-10-31,NOKUSD,NO,0,-0.026275947548056955,1999,276,0,0.44106543239670665,1,1
1999-10-31,NZDUSD,NZ,1,0.006882339622941713,1999,276,1,0.5068766489817861,0,1
1999-10-31,SEKUSD,SE,0,-0.034720107820845225,1999,276,0,0.48291102541588427,0,1
1999-11-30,AUDUSD,AU,1,0.02923415982164662,1999,276,1,0.5115684789174125,0,1
1999-11-30,CADUSD,CA,1,0.019204979836050073,1999,276,0,0.48711734851211874,0,1
1999-11-30,CHFUSD,CH,0,-0.002325363207274611,1999,276,0,0.3960345132570541,0,1
1999-11-30,EURUSD,EZ,0,-0.000694892567794602,1999,276,0,0.440010357693878,0,1
1999-11-30,GBPUSD,GB,1,0.013402101799365851,1999,276,0,0.45695965317664977,0,1
1999-11-30,NOKUSD,NO,1,0.006098718262106395,1999,276,0,0.4403206925501699,1,1
1999-11-30,NZDUSD,NZ,1,0.02534720202611973,1999,276,1,0.5303731598216812,0,1
1999-11-30,SEKUSD,SE,1,0.0009401810540947686,1999,276,0,0.4846965152718542,0,1
1999-12-31,AUDUSD,AU,0,-0.02750907509994599,1999,276,1,0.5291705080390123,0,1
1999-12-31,CADUSD,CA,0,-0.005318243014611146,1999,276,0,0.49387944361126246,0,1
1999-12-31,CHFUSD,CH,0,-0.034853180758587454,1999,276,0,0.4017686736648412,0,1
1999-12-31,EURUSD,EZ,0,-0.03157573060465783,1999,276,0,0.45071699897368966,0,1
1999-12-31,GBPUSD,GB,1,0.0019794637169824325,1999,276,0,0.4636377595376568,0,1
1999-12-31,NOKUSD,NO,0,-0.03568522839263055,1999,276,0,0.4480178512465762,1,1
1999-12-31,NZDUSD,NZ,0,-0.05518235050185338,1999,276,1,0.5365937952984953,0,1
1999-12-31,SEKUSD,SE,0,-0.03580059000200819,1999,276,0,0.48770316347358356,0,1
2000-01-31,AUDUSD,AU,0,-0.03621676821963482,2000,288,0,0.4975017660778467,0,0
2000-01-31,CADUSD,CA,1,0.0008269589059238802,2000,288,0,0.46354567421678783,0,0
2000-01-31,CHFUSD,CH,0,-0.01025340707915845,2000,288,0,0.3612057238768384,0,0
2000-01-31,EURUSD,EZ,0,-0.011752712597565582,2000,288,0,0.4253289979288513,0,0
2000-01-31,GBPUSD,GB,0,-0.025156197967919736,2000,288,0,0.44758476263695607,0,0
2000-01-31,NOKUSD,NO,0,-0.009591249643870814,2000,288,0,0.42725467661457195,1,0
2000-01-31,NZDUSD,NZ,0,-0.017926737968132378,2000,288,1,0.5148039246804966,0,0
2000-01-31,SEKUSD,SE,1,0.007401115480310416,2000,288,0,0.45650407375128144,0,0
2000-02-29,AUDUSD,AU,0,-0.015224981000805549,2000,288,1,0.5101628153880673,0,0
2000-02-29,CADUSD,CA,0,-0.002272493489076266,2000,288,0,0.47294362036166565,0,0
2000-02-29,CHFUSD,CH,1,0.002102418554866703,2000,288,0,0.3910232362447024,0,0
2000-02-29,EURUSD,EZ,0,-0.0071811725579300975,2000,288,0,0.4326433271415513,0,0
2000-02-29,GBPUSD,GB,1,0.008958485248658277,2000,288,0,0.4644035132525459,1,0
2000-02-29,NOKUSD,NO,0,-0.0064224768811622646,2000,288,0,0.4485824425289008,1,0
2000-02-29,NZDUSD,NZ,1,0.019339025098867757,2000,288,1,0.5242200839534369,0,0
2000-02-29,SEKUSD,SE,1,0.013229988770881107,2000,288,0,0.47402509605810517,0,0
2000-03-31,AUDUSD,AU,0,-0.03782281241395746,2000,288,1,0.5082060082312022,0,0
2000-03-31,CADUSD,CA,0,-0.019076746932021493,2000,288,0,0.4786433213388863,0,0
2000-03-31,CHFUSD,CH,0,-0.036603850272532434,2000,288,0,0.40220443418251356,0,0
2000-03-31,EURUSD,EZ,0,-0.05198619983368394,2000,288,0,0.44704486310319397,0,0
2000-03-31,GBPUSD,GB,0,-0.022998281916140895,2000,288,0,0.47571506153752363,0,0
2000-03-31,NOKUSD,NO,0,-0.060268897617509865,2000,288,0,0.45274188361049406,1,0
2000-03-31,NZDUSD,NZ,0,-0.021396638993547823,2000,288,1,0.5234852401789433,0,0
2000-03-31,SEKUSD,SE,0,-0.037727460371268506,2000,288,0,0.47670911645914654,0,0
2000-04-30,AUDUSD,AU,0,-0.022348266607064016,2000,288,1,0.5075241014591009,0,0
2000-04-30,CADUSD,CA,0,-0.010673033015793476,2000,288,0,0.49012088996572384,0,0
2000-04-30,CHFUSD,CH,1,0.021504944982312257,2000,288,0,0.44216765316006157,0,0
2000-04-30,EURUSD,EZ,1,0.025955738471503148,2000,288,0,0.46574300811014496,0,0
2000-04-30,GBPUSD,GB,0,-0.03878892977845716,2000,288,0,0.4812126407153726,0,0
2000-04-30,NOKUSD,NO,1,0.003690247408363323,2000,288,0,0.47377171919727695,1,0
2000-04-30,NZDUSD,NZ,0,-0.06005835581072405,2000,288,1,0.5221311676890423,0,0
2000-04-30,SEKUSD,SE,0,-0.0022279167063259386,2000,288,0,0.4885526323227429,0,0
2000-05-31,AUDUSD,AU,1,0.04504571795026535,2000,288,0,0.48886282446280527,0,0
2000-05-31,CADUSD,CA,1,0.01202365450689935,2000,288,0,0.48644968133638816,0,0
2000-05-31,CHFUSD,CH,1,0.03409968938612323,2000,288,0,0.40074922284507725,0,0
2000-05-31,EURUSD,EZ,1,0.022996827569574427,2000,288,0,0.4507735905178071,0,0
2000-05-31,GBPUSD,GB,1,0.010764938828476067,2000,288,0,0.4523953006783308,0,0
2000-05-31,NOKUSD,NO,1,0.03941790938209433,2000,288,0,0.46080668916028933,0,0
2000-05-31,NZDUSD,NZ,1,0.025481836525623747,2000,288,1,0.5265197355399969,0,0
2000-05-31,SEKUSD,SE,1,0.01864384639960681,2000,288,0,0.46643900728048127,0,0
2000-06-30,AUDUSD,AU,0,-0.03130039497315351,2000,288,0,0.4871336189778523,0,0
2000-06-30,CADUSD,CA,0,-0.005525992901586618,2000,288,0,0.49209493355651884,0,0
2000-06-30,CHFUSD,CH,0,-0.02254231065233253,2000,288,0,0.4380809021099046,0,0
2000-06-30,EURUSD,EZ,0,-0.029665670183254347,2000,288,0,0.46848530027425545,0,0
2000-06-30,GBPUSD,GB,0,-0.009763302739257407,2000,288,0,0.4649627947025346,0,0
2000-06-30,NOKUSD,NO,0,-0.03244767317994457,2000,288,0,0.4806131670665305,0,0
2000-06-30,NZDUSD,NZ,0,-0.032505570404931294,2000,288,1,0.5318502720701588,0,0
2000-06-30,SEKUSD,SE,0,-0.03902012271902855,2000,288,0,0.4750556663961802,0,0
2000-07-31,AUDUSD,AU,0,-0.003982344454426023,2000,288,0,0.4879129898240095,0,0
2000-07-31,CADUSD,CA,1,0.010810916104215695,2000,288,0,0.4921493804450391,0,0
2000-07-31,CHFUSD,CH,0,-0.04315613688532183,2000,288,0,0.41423575068649654,0,0
2000-07-31,EURUSD,EZ,0,-0.042775480582613074,2000,288,0,0.46490709931343993,0,0
2000-07-31,GBPUSD,GB,0,-0.03173362758441389,2000,288,0,0.458896756981301,0,0
2000-07-31,NOKUSD,NO,0,-0.02457153455543004,2000,288,0,0.4861901165148231,1,0
2000-07-31,NZDUSD,NZ,0,-0.061781678613749724,2000,288,1,0.5241768796366142,0,0
2000-07-31,SEKUSD,SE,0,-0.02933013595781464,2000,288,0,0.46117785019271307,0,0
2000-08-31,AUDUSD,AU,0,-0.06245879768432183,2000,288,0,0.48869497228142394,0,0
2000-08-31,CADUSD,CA,0,-0.023498899337673906,2000,288,0,0.47892972515129784,0,0
2000-08-31,CHFUSD,CH,1,0.009224625804632014,2000,288,0,0.4209961431388875,0,0
2000-08-31,EURUSD,EZ,0,-0.004628853875976113,2000,288,0,0.46491804771473105,0,0
2000-08-31,GBPUSD,GB,1,0.018565818914757115,2000,288,0,0.45818105401371756,0,0
2000-08-31,NOKUSD,NO,1,0.0013218044552698593,2000,288,0,0.4894412900367894,1,0
2000-08-31,NZDUSD,NZ,0,-0.046274586746680946,2000,288,1,0.5078941709123004,0,0
2000-08-31,SEKUSD,SE,0,-0.019190018967352618,2000,288,0,0.45508573974350525,0,0
2000-09-30,AUDUSD,AU,0,-0.04417479262030266,2000,288,0,0.4863641863078298,0,0
2000-09-30,CADUSD,CA,0,-0.013380550949904757,2000,288,0,0.467463439568348,0,0
2000-09-30,CHFUSD,CH,0,-0.04046745730925205,2000,288,0,0.40412141159363635,0,0
2000-09-30,EURUSD,EZ,0,-0.04052970575573428,2000,288,0,0.45472381940472056,0,0
2000-09-30,GBPUSD,GB,0,-0.019254998817983038,2000,288,0,0.45143461691856124,0,0
2000-09-30,NOKUSD,NO,0,-0.022505922265953604,2000,288,0,0.4915156798429848,1,0
2000-09-30,NZDUSD,NZ,0,-0.02812179841646678,2000,288,0,0.496011601496317,0,0
2000-09-30,SEKUSD,SE,0,-0.03760952806421791,2000,288,0,0.44686605134772417,0,0
2000-10-31,AUDUSD,AU,1,0.01551309478544971,2000,288,0,0.48068361435616747,0,0
2000-10-31,CADUSD,CA,0,-0.0053545903044768806,2000,288,0,0.46779341986688744,0,0
2000-10-31,CHFUSD,CH,1,0.03469210195517047,2000,288,0,0.4041616651606891,0,0
2000-10-31,EURUSD,EZ,1,0.02421538578646712,2000,288,0,0.4608011590644884,0,0
2000-10-31,GBPUSD,GB,0,-0.020547475464357978,2000,288,0,0.4418686834500044,0,0
2000-10-31,NOKUSD,NO,0,-0.0005387060411488065,2000,288,1,0.5032637952886212,1,0
2000-10-31,NZDUSD,NZ,1,0.03228489981302085,2000,288,0,0.49259633393103003,0,0
2000-10-31,SEKUSD,SE,0,-0.004292066278539508,2000,288,0,0.45276278092813765,0,0
2000-11-30,AUDUSD,AU,1,0.055086925644390106,2000,288,0,0.4677489371525089,0,0
2000-11-30,CADUSD,CA,1,0.023724341691813255,2000,288,0,0.4730956610750663,0,0
2000-11-30,CHFUSD,CH,1,0.0693219947877377,2000,288,0,0.4025333374106157,0,0
2000-11-30,EURUSD,EZ,1,0.07679914542217679,2000,288,0,0.45619546582392057,0,0
2000-11-30,GBPUSD,GB,1,0.051099749972902064,2000,288,0,0.4462791437736456,0,0
2000-11-30,NOKUSD,NO,1,0.05342713702051638,2000,288,0,0.49406006522769375,1,0
2000-11-30,NZDUSD,NZ,1,0.07778435079680968,2000,288,0,0.480418866755545,0,0
2000-11-30,SEKUSD,SE,1,0.06119749504031624,2000,288,0,0.4538258586344485,0,0
2000-12-31,AUDUSD,AU,0,-0.014493007302566752,2000,288,0,0.45752694727713245,0,0
2000-12-31,CADUSD,CA,0,0.0,2000,288,0,0.4710766403114582,0,0
2000-12-31,CHFUSD,CH,0,-0.013669872962374763,2000,288,0,0.4103721661750597,0,0
2000-12-31,EURUSD,EZ,0,-0.00855803254873179,2000,288,0,0.45682190351767765,0,0
2000-12-31,GBPUSD,GB,0,-0.023134148589396053,2000,288,0,0.4447768961669176,0,0
2000-12-31,NOKUSD,NO,0,-0.0038897096608834225,2000,288,1,0.5006407979662391,1,0
2000-12-31,NZDUSD,NZ,1,0.00045207957370307916,2000,288,0,0.4750404521656492,1,0
2000-12-31,SEKUSD,SE,0,-0.008298802814695083,2000,288,0,0.46046796462050593,0,0
2001-01-31,AUDUSD,AU,0,-0.04325804931813626,2001,300,0,0.4283271586007724,1,0
2001-01-31,CADUSD,CA,0,-0.021442352111472718,2001,300,0,0.4415858066536258,0,0
2001-01-31,CHFUSD,CH,0,-0.018757523511838126,2001,300,0,0.3924876942549622,0,0
2001-01-31,EURUSD,EZ,0,-0.010367263481606478,2001,300,0,0.4297031802654675,0,0
2001-01-31,GBPUSD,GB,0,-0.012394292107088978,2001,300,0,0.42710640691643387,0,0
2001-01-31,NOKUSD,NO,0,-0.009821115329620156,2001,300,0,0.4721018443088051,1,0
2001-01-31,NZDUSD,NZ,0,-0.027957824603430215,2001,300,0,0.45481568169875153,1,0
2001-01-31,SEKUSD,SE,0,-0.03023340569046251,2001,300,0,0.43801360335739764,0,0
2001-02-28,AUDUSD,AU,0,-0.07249693473677765,2001,300,0,0.4144861674162063,1,0
2001-02-28,CADUSD,CA,0,-0.029837604407869145,2001,300,0,0.42952520320100207,1,0
2001-02-28,CHFUSD,CH,0,-0.036606621349691615,2001,300,0,0.3849036718883214,0,0
2001-02-28,EURUSD,EZ,0,-0.04643731119982046,2001,300,0,0.4268439201259443,0,0
2001-02-28,GBPUSD,GB,0,-0.016979760213475026,2001,300,0,0.40716336740099,1,0
2001-02-28,NOKUSD,NO,0,-0.024904441529046917,2001,300,0,0.464736986306971,1,0
2001-02-28,NZDUSD,NZ,0,-0.06480193796523148,2001,300,0,0.4556745240036966,1,0
2001-02-28,SEKUSD,SE,0,-0.05596905000931862,2001,300,0,0.4305595532357812,0,0
2001-03-31,AUDUSD,AU,1,0.04310580136485198,2001,300,0,0.41839046475043484,1,0
2001-03-31,CADUSD,CA,1,0.02723004100078813,2001,300,0,0.4244254508968729,0,0
2001-03-31,CHFUSD,CH,1,0.0008644288104909803,2001,300,0,0.39244525963069704,0,0
2001-03-31,EURUSD,EZ,1,0.009055982198099388,2001,300,0,0.4453252364014781,0,0
2001-03-31,GBPUSD,GB,1,0.00814153851424082,2001,300,0,0.41384016215709674,1,0
2001-03-31,NOKUSD,NO,1,0.005096320316006153,2001,300,0,0.48214614663943695,1,0
2001-03-31,NZDUSD,NZ,1,0.023282512288030466,2001,300,0,0.466574173106746,1,0
2001-03-31,SEKUSD,SE,1,0.011628037995119467,2001,300,0,0.4450807929549903,0,0
2001-04-30,AUDUSD,AU,0,-0.005509655810969738,2001,300,0,0.3906303081529585,1,0
2001-04-30,CADUSD,CA,0,-0.006553996400931461,2001,300,0,0.412352273105427,1,0
2001-04-30,CHFUSD,CH,0,-0.03539942037375454,2001,300,0,0.37675586339795814,0,0
2001-04-30,EURUSD,EZ,0,-0.04836767060617406,2001,300,0,0.44142855185631,1,0
2001-04-30,GBPUSD,GB,0,-0.009199180072376356,2001,300,0,0.39960283013999126,1,0
2001-04-30,NOKUSD,NO,0,-0.030088849931582562,2001,300,0,0.49487808491834784,1,0
2001-04-30,NZDUSD,NZ,0,-0.010961015841822852,2001,300,0,0.4422288218778774,1,0
2001-04-30,SEKUSD,SE,0,-0.050366939527419774,2001,300,0,0.41952572201931077,0,0
2001-05-31,AUDUSD,AU,1,0.006294277271387427,2001,300,0,0.4087395221419677,1,0
2001-05-31,CADUSD,CA,1,0.018671387174895582,2001,300,0,0.41469033493411867,1,0
2001-05-31,CHFUSD,CH,1,0.0001113027993803195,2001,300,0,0.37381216546998025,0,0
2001-05-31,EURUSD,EZ,1,0.0022446698538238774,2001,300,0,0.4276029349947944,1,0
2001-05-31,GBPUSD,GB,0,-0.006937589767987529,2001,300,0,0.4060821310356989,1,0
2001-05-31,NOKUSD,NO,1,0.005345319547977123,2001,300,0,0.4923582559409944,1,0
2001-05-31,NZDUSD,NZ,0,-0.008856146443710133,2001,300,0,0.447934193287447,1,0
2001-05-31,SEKUSD,SE,0,-0.008398369698831676,2001,300,0,0.4295993880547275,0,0
2001-06-30,AUDUSD,AU,0,-0.003929278139889525,2001,300,0,0.4002539565439642,1,0
2001-06-30,CADUSD,CA,0,-0.008856872724030296,2001,300,0,0.40643751351803353,1,0
2001-06-30,CHFUSD,CH,1,0.03875332462249936,2001,300,0,0.349586093769556,0,0
2001-06-30,EURUSD,EZ,1,0.03227959347525783,2001,300,0,0.4059916443852747,1,0
2001-06-30,GBPUSD,GB,1,0.012354987897761405,2001,300,0,0.4053141345945546,1,0
2001-06-30,NOKUSD,NO,1,0.021014638148854292,2001,300,0,0.4790126509859209,1,0
2001-06-30,NZDUSD,NZ,1,0.01763454956021504,2001,300,0,0.4389591390864132,1,0
2001-06-30,SEKUSD,SE,1,0.023808434158394398,2001,300,0,0.419415046756517,0,0
2001-07-31,AUDUSD,AU,1,0.03804649283314021,2001,300,0,0.43523419978338784,1,0
2001-07-31,CADUSD,CA,0,-0.010913451178674982,2001,300,0,0.42450186058813816,1,0
2001-07-31,CHFUSD,CH,1,0.03455012160177917,2001,300,0,0.3547920495600003,0,0
2001-07-31,EURUSD,EZ,1,0.03789266250976214,2001,300,0,0.4059268870216578,1,0
2001-07-31,GBPUSD,GB,1,0.017940819152506893,2001,300,0,0.41850670361254605,1,0
2001-07-31,NOKUSD,NO,1,0.03000225030379866,2001,300,0,0.4776710674407834,1,0
2001-07-31,NZDUSD,NZ,1,0.06029610435563415,2001,300,0,0.45419051041132,1,0
2001-07-31,SEKUSD,SE,1,0.018427573116646556,2001,300,0,0.4507093254957588,0,0
2001-08-31,AUDUSD,AU,0,-0.06477858532430636,2001,300,0,0.43215966454049376,1,0
2001-08-31,CADUSD,CA,0,-0.02040038773869285,2001,300,0,0.4267290229798651,1,0
2001-08-31,CHFUSD,CH,1,0.031018724758189564,2001,300,0,0.3731550385272809,0,0
2001-08-31,EURUSD,EZ,1,0.0009896091851662875,2001,300,0,0.4250189963122533,1,0
2001-08-31,GBPUSD,GB,1,0.012396994492193503,2001,300,0,0.41602319181661207,1,0
2001-08-31,NOKUSD,NO,0,-0.0016906174779074412,2001,300,0,0.4914537089258857,1,0
2001-08-31,NZDUSD,NZ,0,-0.0730008928844903,2001,300,0,0.47563640506982147,1,0
2001-08-31,SEKUSD,SE,0,-0.02425526496805608,2001,300,0,0.46114076615230026,0,0
2001-09-30,AUDUSD,AU,1,0.016840815012423516,2001,300,0,0.45399827390191433,1,0
2001-09-30,CADUSD,CA,0,-0.006813476614147218,2001,300,0,0.42036199304625743,1,0
2001-09-30,CHFUSD,CH,0,-0.009774167255451771,2001,300,0,0.35356037501309695,0,0
2001-09-30,EURUSD,EZ,0,-0.01171802044217539,2001,300,0,0.42770971082109027,1,0
2001-09-30,GBPUSD,GB,0,-0.01074432919384588,2001,300,0,0.43222259760897613,1,0
2001-09-30,NOKUSD,NO,0,-0.00269905696916517,2001,300,1,0.502217814551775,1,0
2001-09-30,NZDUSD,NZ,1,0.014160392861556792,2001,300,1,0.5094574170379916,1,0
2001-09-30,SEKUSD,SE,1,0.0015076250274623781,2001,300,0,0.47768973173171797,0,0
2001-10-31,AUDUSD,AU,1,0.033815398196518576,2001,300,0,0.4308584760505965,1,0
2001-10-31,CADUSD,CA,1,0.011890596106914897,2001,300,0,0.40208092498531456,1,0
2001-10-31,CHFUSD,CH,0,-0.0035417721439941485,2001,300,0,0.35718327504139585,0,0
2001-10-31,EURUSD,EZ,0,-0.003899509147270025,2001,300,0,0.4271684011840352,1,0
2001-10-31,GBPUSD,GB,0,-0.01938300982980884,2001,300,0,0.41840361672431525,1,0
2001-10-31,NOKUSD,NO,0,-0.0024677522338341085,2001,300,0,0.495795433496441,1,0
2001-10-31,NZDUSD,NZ,1,0.009169948426194119,2001,300,0,0.4814511505061936,1,0
2001-10-31,SEKUSD,SE,0,-0.0002810962773254211,2001,300,0,0.4626014323156606,0,0
2001-11-30,AUDUSD,AU,0,-0.01666705248521161,2001,300,0,0.4231256817505285,1,0
2001-11-30,CADUSD,CA,0,-0.013147272364034512,2001,300,0,0.37415114967749,1,0
2001-11-30,CHFUSD,CH,0,-0.011696039763191168,2001,300,0,0.3511488993284366,1,0
2001-11-30,EURUSD,EZ,0,-0.006383357808313922,2001,300,0,0.40229310633945115,1,0
2001-11-30,GBPUSD,GB,1,0.020002055830937726,2001,300,0,0.3975123062203951,1,0
2001-11-30,NOKUSD,NO,0,-0.005184832604655298,2001,300,0,0.48399881303211184,1,0
2001-11-30,NZDUSD,NZ,0,-0.0004805382120340873,2001,300,0,0.46415065207146156,1,0
2001-11-30,SEKUSD,SE,1,0.020529704368854595,2001,300,0,0.4506436625561871,0,0
2001-12-31,AUDUSD,AU,0,-0.00883311268803011,2001,300,0,0.42280671623291827,1,0
2001-12-31,CADUSD,CA,1,0.0006281407241708892,2001,300,0,0.37477117218967093,1,0
2001-12-31,CHFUSD,CH,0,-0.03504561321850164,2001,300,0,0.3586140333675475,0,0
2001-12-31,EURUSD,EZ,0,-0.03509934462399103,2001,300,0,0.40032994423168405,1,0
2001-12-31,GBPUSD,GB,0,-0.02951754613047708,2001,300,0,0.40171086795160055,1,0
2001-12-31,NOKUSD,NO,0,-0.014999949389759681,2001,300,0,0.4672941940926374,1,0
2001-12-31,NZDUSD,NZ,1,0.0014409224395121045,2001,300,0,0.4492732048857777,1,0
2001-12-31,SEKUSD,SE,0,-0.0203423156303697,2001,300,0,0.4364372128923583,1,0
2002-01-31,AUDUSD,AU,1,0.018557032170122945,2002,312,0,0.447594058335113,1,0
2002-01-31,CADUSD,CA,0,-0.008384481604962912,2002,312,0,0.39373139856039857,1,0
2002-01-31,CHFUSD,CH,1,0.009644967359181855,2002,312,0,0.39160583862510406,0,0
2002-01-31,EURUSD,EZ,1,0.007419463666985426,2002,312,0,0.439190257516633,1,0
2002-01-31,GBPUSD,GB,1,0.0006371907185748205,2002,312,0,0.43378824003581323,1,0
2002-01-31,NOKUSD,NO,1,0.0211375099505835,2002,312,0,0.48737918320415596,1,0
2002-01-31,NZDUSD,NZ,1,0.010978630556563118,2002,312,0,0.47291819055340106,1,0
2002-01-31,SEKUSD,SE,1,0.019109464290822498,2002,312,0,0.46349749538912194,0,0
2002-02-28,AUDUSD,AU,1,0.03162168231341744,2002,312,0,0.4789890914610004,1,0
2002-02-28,CADUSD,CA,1,0.00568627145292977,2002,312,0,0.43168785090203954,1,0
2002-02-28,CHFUSD,CH,1,0.012114197490774026,2002,312,0,0.3964936667748294,0,0
2002-02-28,EURUSD,EZ,1,0.006791393009650176,2002,312,0,0.45076948191839794,1,0
2002-02-28,GBPUSD,GB,1,0.008527483930988788,2002,312,0,0.4613054300393951,1,0
2002-02-28,NOKUSD,NO,1,0.00725925362199753,2002,312,1,0.5001786159279089,1,0
2002-02-28,NZDUSD,NZ,1,0.04456527639126329,2002,312,0,0.497546866324876,1,0
2002-02-28,SEKUSD,SE,1,0.0102722546803653,2002,312,0,0.4724189785470814,0,0
2002-03-31,AUDUSD,AU,1,0.007286347042526065,2002,312,0,0.48891800069119207,1,0
2002-03-31,CADUSD,CA,1,0.01751048248719478,2002,312,0,0.44548703867084116,1,0
2002-03-31,CHFUSD,CH,1,0.03657024539510306,2002,312,0,0.39431070855494876,0,0
2002-03-31,EURUSD,EZ,1,0.03217163284130192,2002,312,0,0.460850634131346,1,0
2002-03-31,GBPUSD,GB,1,0.02186448369673827,2002,312,0,0.45159148232113483,1,0
2002-03-31,NOKUSD,NO,1,0.05192961776833327,2002,312,1,0.5074673795052407,1,0
2002-03-31,NZDUSD,NZ,1,0.015095476464655255,2002,312,1,0.5072799383639436,1,0
2002-03-31,SEKUSD,SE,1,0.008041510175061273,2002,312,0,0.4964321557420544,0,0
2002-04-30,AUDUSD,AU,1,0.05222361355410032,2002,312,0,0.492854088778443,1,0
2002-04-30,CADUSD,CA,1,0.026232283341235396,2002,312,0,0.45114206639337123,1,0
2002-04-30,CHFUSD,CH,1,0.03278365609311523,2002,312,0,0.3765611349679315,0,0
2002-04-30,EURUSD,EZ,1,0.036752405256839815,2002,312,0,0.4375279908729419,1,0
2002-04-30,GBPUSD,GB,1,0.00411100270652226,2002,312,0,0.4529870239137366,1,0
2002-04-30,JPYUSD,JP,1,0.03421032002803681,2002,312,0,0.3043257404129772,0,0
2002-04-30,NOKUSD,NO,1,0.049072773998697805,2002,312,0,0.49776527767512835,1,0
2002-04-30,NZDUSD,NZ,1,0.06869467557002573,2002,312,1,0.5250544655564804,1,0
2002-04-30,SEKUSD,SE,1,0.05349723674707718,2002,312,1,0.5182948451240591,1,0
2002-05-31,AUDUSD,AU,0,-0.005669752962948915,2002,312,0,0.4924913661451322,1,0
2002-05-31,CADUSD,CA,1,0.005580188449977652,2002,312,0,0.4536401055313206,1,0
2002-05-31,CHFUSD,CH,1,0.05051215828096889,2002,312,0,0.36516589326065274,0,0
2002-05-31,EURUSD,EZ,1,0.053881226663583234,2002,312,0,0.4509352438102236,1,0
2002-05-31,GBPUSD,GB,1,0.04151918732229798,2002,312,0,0.4592548764688137,1,0
2002-05-31,JPYUSD,JP,1,0.03508844264746269,2002,312,0,0.2948888446285148,0,0
2002-05-31,NOKUSD,NO,1,0.061656081423096865,2002,312,1,0.5127386383202541,1,0
2002-05-31,NZDUSD,NZ,1,0.014508026489578607,2002,312,1,0.5180070622797529,1,0
2002-05-31,SEKUSD,SE,1,0.05673895897423309,2002,312,1,0.5229650016546331,1,0
2002-06-30,AUDUSD,AU,0,-0.0330563828672189,2002,312,1,0.5277137460971187,1,0
2002-06-30,CADUSD,CA,0,-0.04221667653520261,2002,312,0,0.46561375353165757,1,0
2002-06-30,CHFUSD,CH,1,0.005848166434139435,2002,312,0,0.3648202073426297,0,0
2002-06-30,EURUSD,EZ,0,-0.0061062677012426615,2002,312,0,0.4415754103372538,1,0
2002-06-30,GBPUSD,GB,1,0.02462061518224712,2002,312,0,0.4482949415271928,1,0
2002-06-30,JPYUSD,JP,1,0.0006677239209782471,2002,312,0,0.3045947937163897,0,0
2002-06-30,NOKUSD,NO,0,-0.012678458259770764,2002,312,1,0.5107038410827986,1,0
2002-06-30,NZDUSD,NZ,0,-0.03667252222201678,2002,312,1,0.5515426929394791,1,0
2002-06-30,SEKUSD,SE,0,-0.03290543644240396,2002,312,1,0.5160295631560607,1,0
2002-07-31,AUDUSD,AU,1,0.009140831470660915,2002,312,1,0.547985778258373,1,0
2002-07-31,CADUSD,CA,1,0.016545079923583728,2002,312,1,0.5015961472321004,1,0
2002-07-31,CHFUSD,CH,0,-0.011662330572377089,2002,312,0,0.3743774030573927,0,0
2002-07-31,EURUSD,EZ,1,0.0010203041391202011,2002,312,0,0.4640255911345877,1,0
2002-07-31,GBPUSD,GB,0,-0.009581758784198646,2002,312,0,0.4649114951768898,1,0
2002-07-31,JPYUSD,JP,1,0.008468587063855892,2002,312,0,0.3301732897718999,0,0
2002-07-31,NOKUSD,NO,1,0.01100521775942953,2002,312,1,0.5548287323192141,1,0
2002-07-31,NZDUSD,NZ,0,-0.0012815038063064277,2002,312,1,0.5770364243382203,1,0
2002-07-31,SEKUSD,SE,1,0.012159811472154392,2002,312,1,0.5289877691298147,1,0
2002-08-31,AUDUSD,AU,0,-0.01208363293227055,2002,312,1,0.5539196653279258,1,0
2002-08-31,CADUSD,CA,0,-0.017680440207017978,2002,312,1,0.5075543623600467,1,0
2002-08-31,CHFUSD,CH,1,0.01673145027767753,2002,312,0,0.40166891710440783,0,0
2002-08-31,EURUSD,EZ,1,0.007416848833295386,2002,312,0,0.4728046560746268,1,0
2002-08-31,GBPUSD,GB,1,0.014370275515995845,2002,312,0,0.4776636251274774,1,0
2002-08-31,JPYUSD,JP,0,-0.024782973170219158,2002,312,0,0.34120816158873274,0,0
2002-08-31,NOKUSD,NO,1,0.016940712631129617,2002,312,1,0.5704477283116474,1,0
2002-08-31,NZDUSD,NZ,1,0.004052474352641888,2002,312,1,0.5860966808090242,1,0
2002-08-31,SEKUSD,SE,1,0.013494903306689565,2002,312,1,0.5784290099642216,1,0
2002-09-30,AUDUSD,AU,1,0.021682547529271012,2002,312,1,0.5701161262564196,1,0
2002-09-30,CADUSD,CA,1,0.016077618898977686,2002,312,1,0.5264449731831297,1,0
2002-09-30,CHFUSD,CH,0,-0.0031796529173796495,2002,312,0,0.41401255517120095,0,0
2002-09-30,EURUSD,EZ,1,0.0002024291504888042,2002,312,1,0.5013949205760678,1,0
2002-09-30,GBPUSD,GB,0,-0.004468567920877187,2002,312,0,0.49555539220086187,1,0
2002-09-30,JPYUSD,JP,0,-0.008506512933571742,2002,312,0,0.37594843635032393,0,0
2002-09-30,NOKUSD,NO,0,-0.006121575740829499,2002,312,1,0.5915359195949894,1,0
2002-09-30,NZDUSD,NZ,1,0.03307816752047599,2002,312,1,0.6095839397033062,1,0
2002-09-30,SEKUSD,SE,1,0.009262083815926747,2002,312,1,0.6106310958084774,1,0
2002-10-31,AUDUSD,AU,1,0.009507650775110288,2002,312,1,0.551134946745043,1,0
2002-10-31,CADUSD,CA,0,-0.003070233958381907,2002,312,1,0.508081418377199,1,0
2002-10-31,CHFUSD,CH,0,-0.0037080777360585793,2002,312,0,0.4363330320071507,0,0
2002-10-31,EURUSD,EZ,1,0.005148146433094422,2002,312,1,0.5084967220457475,1,0
2002-10-31,GBPUSD,GB,0,-0.004938598370962222,2002,312,1,0.5164841834439476,1,0
2002-10-31,JPYUSD,JP,1,0.0004887983804042761,2002,312,0,0.38201873600122177,0,0
2002-10-31,NOKUSD,NO,1,0.01643094539969092,2002,312,1,0.5903274362243152,1,0
2002-10-31,NZDUSD,NZ,1,0.025214837279364466,2002,312,1,0.5821923695095995,1,0
2002-10-31,SEKUSD,SE,1,0.012319135235746792,2002,312,1,0.598546386833363,1,0
2002-11-30,AUDUSD,AU,1,0.004275794862788507,2002,312,1,0.5368744045816498,1,0
2002-11-30,CADUSD,CA,0,-0.009027971547198699,2002,312,1,0.5114272181347441,1,0
2002-11-30,CHFUSD,CH,1,0.07161599739693503,2002,312,0,0.4265564483114542,0,0
2002-11-30,EURUSD,EZ,1,0.05418379670796311,2002,312,1,0.5020826864324656,1,0
2002-11-30,GBPUSD,GB,1,0.03425511868834846,2002,312,1,0.5066780124275253,1,0
2002-11-30,JPYUSD,JP,1,0.03288489470419531,2002,312,0,0.37633596439151584,0,0
2002-11-30,NOKUSD,NO,1,0.05557959057658124,2002,312,1,0.5800247278630081,1,0
2002-11-30,NZDUSD,NZ,1,0.05070074938952118,2002,312,1,0.5703307572947918,1,0
2002-11-30,SEKUSD,SE,1,0.0428854191113488,2002,312,1,0.5328371590348905,1,0
2002-12-31,AUDUSD,AU,1,0.04092865549843727,2002,312,1,0.5325228492602392,1,0
2002-12-31,CADUSD,CA,1,0.0330725632122289,2002,312,1,0.5077196862659789,1,0
2002-12-31,CHFUSD,CH,1,0.010902855495005026,2002,312,0,0.3905087024113144,0,0
2002-12-31,EURUSD,EZ,1,0.023936310522196254,2002,312,0,0.4710782955558075,1,0
2002-12-31,GBPUSD,GB,1,0.021695224521983136,2002,312,1,0.5025180813262368,1,0
2002-12-31,JPYUSD,JP,0,-0.01013791096605754,2002,312,0,0.36382346003740273,0,0
2002-12-31,NOKUSD,NO,0,-0.004099692871256444,2002,312,1,0.5499357122773388,1,0
2002-12-31,NZDUSD,NZ,1,0.03764842044176864,2002,312,1,0.5562386115324843,1,0
2002-12-31,SEKUSD,SE,1,0.009359361174327674,2002,312,1,0.5082453235331579,1,0
2003-01-31,AUDUSD,AU,1,0.03603238563769107,2003,324,1,0.6272673031543178,1,1
2003-01-31,CADUSD,CA,1,0.026919347415746475,2003,324,1,0.5979046583642966,1,1
2003-01-31,CHFUSD,CH,1,0.009251167300420915,2003,324,1,0.5440401527235865,0,1
2003-01-31,EURUSD,EZ,1,0.0037178219234119264,2003,324,1,0.5863614647944507,1,1
2003-01-31,GBPUSD,GB,0,-0.0441892616540272,2003,324,1,0.6001400716657377,1,1
2003-01-31,JPYUSD,JP,1,0.01461105848458466,2003,324,1,0.5062417842871465,0,1
2003-01-31,NOKUSD,NO,0,-0.02858550372881985,2003,324,1,0.642829031860643,1,1
2003-01-31,NZDUSD,NZ,1,0.025409715525368304,2003,324,1,0.6647573759595364,1,1
2003-01-31,SEKUSD,SE,1,0.012734560784093407,2003,324,1,0.6254767811144779,1,1
2003-02-28,AUDUSD,AU,0,-0.004950505159856178,2003,324,1,0.6386286894465505,1,1
2003-02-28,CADUSD,CA,1,0.01251072953406518,2003,324,1,0.6208099012254477,1,1
2003-02-28,CHFUSD,CH,1,0.001402473010836347,2003,324,1,0.555756324482352,0,1
2003-02-28,EURUSD,EZ,1,0.011162992435606658,2003,324,1,0.6010053672515694,1,1
2003-02-28,GBPUSD,GB,1,0.0033622006488233103,2003,324,1,0.6302850583789423,1,1
2003-02-28,JPYUSD,JP,1,0.001269626477204966,2003,324,1,0.5231603257679214,0,1
2003-02-28,NOKUSD,NO,0,-0.014954584983246422,2003,324,1,0.6504515859949228,1,1
2003-02-28,NZDUSD,NZ,0,-0.007555351644449648,2003,324,1,0.6830853032579602,1,1
2003-02-28,SEKUSD,SE,1,0.0037105793965359624,2003,324,1,0.6378599275268129,1,1
2003-03-31,AUDUSD,AU,1,0.035268138837457885,2003,324,1,0.6512558307790232,1,1
2003-03-31,CADUSD,CA,1,0.024733443638306096,2003,324,1,0.6355839279896514,1,1
2003-03-31,CHFUSD,CH,0,-0.0005169294506425781,2003,324,1,0.597551916339911,0,1
2003-03-31,EURUSD,EZ,1,0.0253636784918551,2003,324,1,0.6360260397519846,1,1
2003-03-31,GBPUSD,GB,1,0.013211893972230604,2003,324,1,0.6354526017833464,1,1
2003-03-31,JPYUSD,JP,0,-0.008433886544064961,2003,324,1,0.5468357650612518,0,1
2003-03-31,NOKUSD,NO,1,0.03938565253843129,2003,324,1,0.6766240385698712,1,1
2003-03-31,NZDUSD,NZ,1,0.011133172992333629,2003,324,1,0.7063113367933367,1,1
2003-03-31,SEKUSD,SE,1,0.03647473757937769,2003,324,1,0.663491801712569,1,1
2003-04-30,AUDUSD,AU,1,0.039300556660050556,2003,324,1,0.6487126144072934,1,1
2003-04-30,CADUSD,CA,1,0.04450249437715059,2003,324,1,0.634479989317984,1,1
2003-04-30,CHFUSD,CH,1,0.03937724072238802,2003,324,1,0.5785577887165855,0,1
2003-04-30,EURUSD,EZ,1,0.0510875487153111,2003,324,1,0.6274299646686685,1,1
2003-04-30,GBPUSD,GB,1,0.024265692204537892,2003,324,1,0.6394584345667632,1,1
2003-04-30,JPYUSD,JP,0,-0.003604815908482273,2003,324,1,0.521461922238757,0,1
2003-04-30,NOKUSD,NO,1,0.044327655645085784,2003,324,1,0.6460209614158919,1,1
2003-04-30,NZDUSD,NZ,1,0.027997250783431626,2003,324,1,0.7010743802428685,1,1
2003-04-30,SEKUSD,SE,1,0.050790940397762885,2003,324,1,0.6516341101135982,1,1
2003-05-31,AUDUSD,AU,1,0.03024576539235002,2003,324,1,0.6287743308051996,1,1
2003-05-31,CADUSD,CA,1,0.011294582846650136,2003,324,1,0.6161625262214779,1,1
2003-05-31,CHFUSD,CH,0,-0.03745586856759797,2003,324,1,0.5530402153321113,0,1
2003-05-31,EURUSD,EZ,0,-0.022693083150701954,2003,324,1,0.5934223753243878,1,1
2003-05-31,GBPUSD,GB,1,0.008261999490897065,2003,324,1,0.6049646377979633,1,1
2003-05-31,JPYUSD,JP,0,-0.003091450847442445,2003,324,1,0.5098535825481441,0,1
2003-05-31,NOKUSD,NO,0,-0.07661007497917027,2003,324,1,0.5959520942148747,1,1
2003-05-31,NZDUSD,NZ,1,0.01840912203072409,2003,324,1,0.6631466960781146,1,1
2003-05-31,SEKUSD,SE,0,-0.02957605562536436,2003,324,1,0.6149949676619577,1,1
2003-06-30,AUDUSD,AU,0,-0.03625178945256191,2003,324,1,0.6088172192694173,1,1
2003-06-30,CADUSD,CA,0,-0.03735234453558339,2003,324,1,0.5967362176439028,1,1
2003-06-30,CHFUSD,CH,0,-0.01592402021290601,2003,324,1,0.5611610919615672,0,1
2003-06-30,EURUSD,EZ,0,-0.02384312131066331,2003,324,1,0.571539435783973,1,1
2003-06-30,GBPUSD,GB,0,-0.02691845293092443,2003,324,1,0.5841805011396264,1,1
2003-06-30,JPYUSD,JP,0,-0.004577809817293499,2003,324,0,0.49281030724668295,0,1
2003-06-30,NOKUSD,NO,0,-0.008751132506128467,2003,324,1,0.5645404839116199,1,1
2003-06-30,NZDUSD,NZ,0,-0.013213405458391891,2003,324,1,0.6324735954528796,1,1
2003-06-30,SEKUSD,SE,0,-0.027316184968575463,2003,324,1,0.5894515197102692,1,1
2003-07-31,AUDUSD,AU,1,0.002468375211946039,2003,324,1,0.6173115499441849,1,1
2003-07-31,CADUSD,CA,1,0.016043890911009773,2003,324,1,0.5890277525750117,1,1
2003-07-31,CHFUSD,CH,0,-0.019394285116897447,2003,324,1,0.5240421931975854,0,1
2003-07-31,EURUSD,EZ,0,-0.022056077060470358,2003,324,1,0.5587258442878204,1,1
2003-07-31,GBPUSD,GB,0,-0.019898343498954918,2003,324,1,0.5527433180693111,1,1
2003-07-31,JPYUSD,JP,1,0.03129340661203894,2003,324,0,0.4594072732499613,0,1
2003-07-31,NOKUSD,NO,0,-0.029540151912565316,2003,324,1,0.519627687059151,1,1
2003-07-31,NZDUSD,NZ,0,-0.0006912044512275006,2003,324,1,0.6167515081425793,1,1
2003-07-31,SEKUSD,SE,0,-0.017414395362418844,2003,324,1,0.5879727955079086,1,1
2003-08-31,AUDUSD,AU,1,0.0462188076485025,2003,324,1,0.6313075132068187,1,1
2003-08-31,CADUSD,CA,1,0.02507716305472041,2003,324,1,0.587908699254145,1,1
2003-08-31,CHFUSD,CH,1,0.05859170209424497,2003,324,1,0.5490763808674115,0,1
2003-08-31,EURUSD,EZ,1,0.05868444509128094,2003,324,1,0.5834417631851643,1,1
2003-08-31,GBPUSD,GB,1,0.05230717192196521,2003,324,1,0.5687959504138461,1,1
2003-08-31,JPYUSD,JP,1,0.0462956343652996,2003,324,0,0.4529658257535791,0,1
2003-08-31,NOKUSD,NO,1,0.061933511076408765,2003,324,1,0.5355849798176958,1,1
2003-08-31,NZDUSD,NZ,1,0.028122858911898363,2003,324,1,0.6331676040309575,1,1
2003-08-31,SEKUSD,SE,1,0.07626595494661981,2003,324,1,0.5863364047902087,1,1
2003-09-30,AUDUSD,AU,1,0.04036875072914653,2003,324,1,0.6272890096641136,1,1
2003-09-30,CADUSD,CA,1,0.0233700996233398,2003,324,1,0.5714221969431793,1,1
2003-09-30,CHFUSD,CH,0,-0.013087813742798438,2003,324,0,0.49515970620557614,0,1
2003-09-30,EURUSD,EZ,0,-0.0035255206558108543,2003,324,1,0.5508040617512194,1,1
2003-09-30,GBPUSD,GB,1,0.02001496406308856,2003,324,1,0.5511825210113519,1,1
2003-09-30,JPYUSD,JP,1,0.01200754733032916,2003,324,0,0.439322642973797,0,1
2003-09-30,NOKUSD,NO,0,-0.004990573528045772,2003,324,0,0.4528072582914834,1,1
2003-09-30,NZDUSD,NZ,1,0.02784402617117343,2003,324,1,0.6295972340437559,1,1
2003-09-30,SEKUSD,SE,0,-0.008198347148991036,2003,324,1,0.5460025876258849,1,1
2003-10-31,AUDUSD,AU,1,0.022218478439401057,2003,324,1,0.5977390205535947,1,1
2003-10-31,CADUSD,CA,1,0.016967695366412017,2003,324,1,0.5451231251803142,1,1
2003-10-31,CHFUSD,CH,1,0.03536624711074682,2003,324,0,0.4967777434705452,0,1
2003-10-31,EURUSD,EZ,1,0.03270923693575914,2003,324,1,0.546216419380495,1,1
2003-10-31,GBPUSD,GB,1,0.015391671813658081,2003,324,1,0.5461998330641402,1,1
2003-10-31,JPYUSD,JP,1,0.005190559392978855,2003,324,0,0.43568946310802836,0,1
2003-10-31,NOKUSD,NO,1,0.0383805641324817,2003,324,0,0.4734431874194103,1,1
2003-10-31,NZDUSD,NZ,1,0.04428118930209418,2003,324,1,0.6093242949513185,1,1
2003-10-31,SEKUSD,SE,1,0.03423699181159012,2003,324,1,0.5473609586566237,1,1
2003-11-30,AUDUSD,AU,1,0.03849757042869972,2003,324,1,0.6148428680042789,1,1
2003-11-30,CADUSD,CA,1,0.0038616050458208373,2003,324,1,0.559895695435179,1,1
2003-11-30,CHFUSD,CH,1,0.04246200599342853,2003,324,0,0.4845946784524164,0,1
2003-11-30,EURUSD,EZ,1,0.04896879407850804,2003,324,1,0.5315275028097192,1,1
2003-11-30,GBPUSD,GB,1,0.035541803187542964,2003,324,1,0.5494113125136171,1,1
2003-11-30,JPYUSD,JP,1,0.022155434061188473,2003,324,0,0.4499056781398355,0,1
2003-11-30,NOKUSD,NO,1,0.023425830303829942,2003,324,0,0.46127125240550204,1,1
2003-11-30,NZDUSD,NZ,1,0.025016746250676347,2003,324,1,0.6097668526255106,1,1
2003-11-30,SEKUSD,SE,1,0.0482936644819576,2003,324,1,0.5343446598297976,1,1
2003-12-31,AUDUSD,AU,1,0.013866184531726833,2003,324,1,0.6208735561356938,1,1
2003-12-31,CADUSD,CA,0,-0.02612031804664855,2003,324,1,0.5656011526252922,1,1
2003-12-31,CHFUSD,CH,0,-0.017058836767259417,2003,324,0,0.46662878349595677,0,1
2003-12-31,EURUSD,EZ,0,-0.01157743779080414,2003,324,1,0.5251794814110845,1,1
2003-12-31,GBPUSD,GB,1,0.02069020196893534,2003,324,1,0.5386664209294858,1,1
2003-12-31,JPYUSD,JP,1,0.012114530467766116,2003,324,0,0.445686275364688,0,1
2003-12-31,NOKUSD,NO,0,-0.05118752821844885,2003,324,0,0.467072161993691,1,1
2003-12-31,NZDUSD,NZ,1,0.022320335452159556,2003,324,1,0.5907617852484989,1,1
2003-12-31,SEKUSD,SE,0,-0.029713968083782127,2003,324,1,0.533181134638627,1,1
2004-01-31,AUDUSD,AU,1,0.011993364981990773,2004,336,1,0.6568706285127756,1,1
2004-01-31,CADUSD,CA,0,-0.010498784098219749,2004,336,1,0.5861226860657948,1,1
2004-01-31,CHFUSD,CH,0,-0.0068848449853705085,2004,336,0,0.4927412102939965,0,1
2004-01-31,EURUSD,EZ,0,-0.0008837826470078636,2004,336,1,0.5466374364911428,1,1
2004-01-31,GBPUSD,GB,1,0.01957116014329574,2004,336,1,0.5698629293737796,1,1
2004-01-31,JPYUSD,JP,0,-0.031801843160871535,2004,336,0,0.4921128275213895,0,1
2004-01-31,NOKUSD,NO,0,-0.004394486240888451,2004,336,0,0.4740919170552615,1,1
2004-01-31,NZDUSD,NZ,1,0.021687063728231704,2004,336,1,0.6113786918099599,1,1
2004-01-31,SEKUSD,SE,0,-0.002829237320043365,2004,336,1,0.5563988351226405,1,1
2004-02-29,AUDUSD,AU,0,-0.01264931777691114,2004,336,1,0.634440542578856,1,1
2004-02-29,CADUSD,CA,1,0.023015541480816748,2004,336,1,0.5633421206656912,1,1
2004-02-29,CHFUSD,CH,1,0.0002366210524901713,2004,336,0,0.49068152941630544,0,1
2004-02-29,EURUSD,EZ,0,-0.012048825664115664,2004,336,1,0.547617403266921,1,1
2004-02-29,GBPUSD,GB,0,-0.00946592598888285,2004,336,1,0.582363259027555,1,1
2004-02-29,JPYUSD,JP,1,0.047610190650526185,2004,336,0,0.4781760300794786,0,1
2004-02-29,NOKUSD,NO,1,0.026894552607091393,2004,336,0,0.48384847313226337,1,1
2004-02-29,NZDUSD,NZ,0,-0.029923725794110734,2004,336,1,0.6167215878058895,1,1
2004-02-29,SEKUSD,SE,0,-0.015618017517776916,2004,336,1,0.5471854074933129,1,1
2004-03-31,AUDUSD,AU,0,-0.05530741840169723,2004,336,1,0.6457373259774742,1,1
2004-03-31,CADUSD,CA,0,-0.04558620016741194,2004,336,1,0.5450656855586439,1,1
2004-03-31,CHFUSD,CH,0,-0.023928502255700285,2004,336,1,0.5160886846847804,0,1
2004-03-31,EURUSD,EZ,0,-0.02612750097125935,2004,336,1,0.564289820040113,1,1
2004-03-31,GBPUSD,GB,0,-0.03630323400692881,2004,336,1,0.5917835374188217,1,1
2004-03-31,JPYUSD,JP,0,-0.05771818546774732,2004,336,0,0.4872202020147649,0,1
2004-03-31,NOKUSD,NO,0,-0.001820499319469704,2004,336,0,0.4925822603861196,1,1
2004-03-31,NZDUSD,NZ,0,-0.06331621081917516,2004,336,1,0.6326031104671204,1,1
2004-03-31,SEKUSD,SE,0,-0.012177211521918974,2004,336,1,0.5647914750325872,1,1
2004-04-30,AUDUSD,AU,0,-0.010036326228889114,2004,336,1,0.6608334726749232,1,1
2004-04-30,CADUSD,CA,1,0.00328743401593129,2004,336,1,0.5405716840452375,1,1
2004-04-30,CHFUSD,CH,1,0.03535266458290473,2004,336,1,0.5230360069910756,0,1
2004-04-30,EURUSD,EZ,1,0.020007281124943876,2004,336,1,0.5687117301531773,1,1
2004-04-30,GBPUSD,GB,1,0.03249163124360244,2004,336,1,0.6197737313807635,1,1
2004-04-30,JPYUSD,JP,1,0.0017229657402229037,2004,336,1,0.514235238364341,0,1
2004-04-30,NOKUSD,NO,1,0.021606800218313627,2004,336,0,0.4835544266688562,1,1
2004-04-30,NZDUSD,NZ,1,0.006865198193623023,2004,336,1,0.660211800465184,1,1
2004-04-30,SEKUSD,SE,1,0.024450901536604785,2004,336,1,0.5388804977587948,1,1
2004-05-31,AUDUSD,AU,0,-0.026403237104877575,2004,336,1,0.6631035670167881,1,1
2004-05-31,CADUSD,CA,1,0.0191340377391625,2004,336,1,0.5306094034335482,1,1
2004-05-31,CHFUSD,CH,1,0.0010377999574328611,2004,336,1,0.5090666666527599,0,1
2004-05-31,EURUSD,EZ,0,-0.0031152673169493605,2004,336,1,0.5567850029062205,1,1
2004-05-31,GBPUSD,GB,0,-0.011191690219023664,2004,336,1,0.6239988594959849,1,1
2004-05-31,JPYUSD,JP,1,0.00683031661421829,2004,336,1,0.5061805160675106,0,1
2004-05-31,NOKUSD,NO,0,-0.031092407708607883,2004,336,0,0.4838834108131415,1,1
2004-05-31,NZDUSD,NZ,1,0.00586977175121528,2004,336,1,0.6763758885854567,1,1
2004-05-31,SEKUSD,SE,0,-0.008956937388691966,2004,336,1,0.5275387316433203,1,1
2004-06-30,AUDUSD,AU,1,0.011868302603261383,2004,336,1,0.6379429177489754,1,1
2004-06-30,CADUSD,CA,1,0.008313720506331834,2004,336,1,0.5346772051165517,1,1
2004-06-30,CHFUSD,CH,0,-0.021805256415319274,2004,336,1,0.52261038358007,0,1
2004-06-30,EURUSD,EZ,0,-0.012143389897489393,2004,336,1,0.5547109622547912,1,1
2004-06-30,GBPUSD,GB,1,0.0031397200046677787,2004,336,1,0.6233946541920682,1,1
2004-06-30,JPYUSD,JP,0,-0.017752481426746236,2004,336,1,0.5252867236391073,0,1
2004-06-30,NOKUSD,NO,0,-0.010181488970629982,2004,336,1,0.5250900322361093,1,1
2004-06-30,NZDUSD,NZ,1,0.005992763558604841,2004,336,1,0.6554662915732897,1,1
2004-06-30,SEKUSD,SE,0,-0.020453838572123573,2004,336,1,0.5272548557851398,1,1
2004-07-31,AUDUSD,AU,1,0.005104222055751284,2004,336,1,0.6272267793122328,1,1
2004-07-31,CADUSD,CA,1,0.009825489067407323,2004,336,1,0.5360171185934759,1,1
2004-07-31,CHFUSD,CH,1,0.012187122573851128,2004,336,1,0.5259220181029881,0,1
2004-07-31,EURUSD,EZ,1,0.012471770164786317,2004,336,1,0.5582550950876967,1,1
2004-07-31,GBPUSD,GB,0,-0.00839459284302646,2004,336,1,0.6277796870089235,1,1
2004-07-31,JPYUSD,JP,1,0.02168967462795468,2004,336,1,0.5090221845547349,0,1
2004-07-31,NOKUSD,NO,1,0.017878954415989856,2004,336,1,0.5379824416713502,1,1
2004-07-31,NZDUSD,NZ,1,0.03157179587581366,2004,336,1,0.641223113105388,1,1
2004-07-31,SEKUSD,SE,1,0.02484886462522118,2004,336,1,0.5535412310168206,1,1
2004-08-31,AUDUSD,AU,1,0.024171627399063367,2004,336,1,0.6232082883876884,1,1
2004-08-31,CADUSD,CA,1,0.04013864913851406,2004,336,1,0.5373796555296412,1,1
2004-08-31,CHFUSD,CH,1,0.013539550574810322,2004,336,1,0.5522678316481484,0,1
2004-08-31,EURUSD,EZ,1,0.0190249640624347,2004,336,1,0.5769617118051683,1,1
2004-08-31,GBPUSD,GB,1,0.0032668006129724647,2004,336,1,0.6490344866339498,1,1
2004-08-31,JPYUSD,JP,0,-0.010949014489670894,2004,336,0,0.49600953955687743,0,1
2004-08-31,NOKUSD,NO,1,0.023186804058729305,2004,336,1,0.5640066346427329,1,1
2004-08-31,NZDUSD,NZ,1,0.02868279818431768,2004,336,1,0.649917490689965,1,1
2004-08-31,SEKUSD,SE,1,0.02746942218176618,2004,336,1,0.5737356890268783,1,1
2004-09-30,AUDUSD,AU,1,0.030453685658309193,2004,336,1,0.5846633944622158,1,1
2004-09-30,CADUSD,CA,1,0.03532571522045244,2004,336,1,0.5413438277432573,1,1
2004-09-30,CHFUSD,CH,1,0.03949979948419341,2004,336,1,0.5269381199341651,0,1
2004-09-30,EURUSD,EZ,1,0.02615099545739727,2004,336,1,0.5485862465710141,1,1
2004-09-30,GBPUSD,GB,1,0.013997758400041693,2004,336,1,0.6182164979321314,1,1
2004-09-30,JPYUSD,JP,1,0.0384805152979899,2004,336,0,0.4775343519982134,0,1
2004-09-30,NOKUSD,NO,1,0.051269822872189286,2004,336,1,0.5208043806502956,1,1
2004-09-30,NZDUSD,NZ,1,0.011627182280937953,2004,336,1,0.6392261137029429,1,1
2004-09-30,SEKUSD,SE,1,0.02663784260246671,2004,336,1,0.5345695579232831,1,1
2004-10-31,AUDUSD,AU,1,0.0335756639076506,2004,336,1,0.564508636311102,1,1
2004-10-31,CADUSD,CA,1,0.02546693146405818,2004,336,1,0.5315502634121727,1,1
2004-10-31,CHFUSD,CH,1,0.04845238338594687,2004,336,1,0.5110818350061375,0,1
2004-10-31,EURUSD,EZ,1,0.03945907024047943,2004,336,1,0.5311715576189726,1,1
2004-10-31,GBPUSD,GB,1,0.038916664587044125,2004,336,1,0.5990448160775976,1,1
2004-10-31,JPYUSD,JP,1,0.02869911906478073,2004,336,0,0.45339852430176963,0,1
2004-10-31,NOKUSD,NO,1,0.04018130456065805,2004,336,1,0.5060919731322961,1,1
2004-10-31,NZDUSD,NZ,1,0.044222702479735365,2004,336,1,0.6249061241937912,1,1
2004-10-31,SEKUSD,SE,1,0.052217707032216065,2004,336,1,0.5140489067496667,1,1
2004-11-30,AUDUSD,AU,1,0.010561664380268537,2004,336,1,0.538211320324041,1,1
2004-11-30,CADUSD,CA,0,-0.011029523575499828,2004,336,1,0.5159142790523171,1,1
2004-11-30,CHFUSD,CH,1,0.0007883327172164278,2004,336,0,0.4786626230543911,0,1
2004-11-30,EURUSD,EZ,1,0.020823978953834033,2004,336,1,0.5042815143553111,1,1
2004-11-30,GBPUSD,GB,1,0.00455105014842494,2004,336,1,0.5617159773966207,1,1
2004-11-30,JPYUSD,JP,1,0.003499906353104265,2004,336,0,0.4433185052614848,0,1
2004-11-30,NOKUSD,NO,1,0.009772144712679287,2004,336,0,0.4789491848919788,1,1
2004-11-30,NZDUSD,NZ,1,0.008364749734390498,2004,336,1,0.6008856536250116,1,1
2004-11-30,SEKUSD,SE,1,0.010085874382556259,2004,336,0,0.48945614264850373,1,1
2004-12-31,AUDUSD,AU,0,-0.0059110940555830715,2004,336,1,0.5267052545305323,1,1
2004-12-31,CADUSD,CA,0,-0.02963786312734179,2004,336,1,0.5213399628160884,1,1
2004-12-31,CHFUSD,CH,0,-0.03993832344084969,2004,336,0,0.4592620643361403,0,1
2004-12-31,EURUSD,EZ,0,-0.03678904360630603,2004,336,0,0.48601893754683545,0,1
2004-12-31,GBPUSD,GB,0,-0.016311858648694666,2004,336,1,0.5401614858923954,1,1
2004-12-31,JPYUSD,JP,0,-0.008437231838653858,2004,336,0,0.42696938470137036,0,1
2004-12-31,NOKUSD,NO,0,-0.044461774950426136,2004,336,0,0.47877947452626285,0,1
2004-12-31,NZDUSD,NZ,0,-0.012714107695622423,2004,336,1,0.5963194903551623,1,1
2004-12-31,SEKUSD,SE,0,-0.04532307352526166,2004,336,0,0.4781849832839592,0,1
2005-01-31,AUDUSD,AU,1,0.023059815347232115,2005,348,1,0.5444245479394377,1,1
2005-01-31,CADUSD,CA,1,0.008181164257345913,2005,348,1,0.5457806051516911,1,1
2005-01-31,CHFUSD,CH,1,0.024892598907763575,2005,348,0,0.48257696928107835,0,1
2005-01-31,EURUSD,EZ,1,0.017095732243623374,2005,348,1,0.5009151541807025,0,1
2005-01-31,GBPUSD,GB,1,0.020946197438478587,2005,348,1,0.5443591892089936,1,1
2005-01-31,JPYUSD,JP,0,-0.0067372728373173985,2005,348,0,0.446719457789273,0,1
2005-01-31,NOKUSD,NO,1,0.024673339041880515,2005,348,1,0.5201117760195264,0,1
2005-01-31,NZDUSD,NZ,1,0.02444566174605367,2005,348,1,0.5949673511810033,1,1
2005-01-31,SEKUSD,SE,1,0.02178943754237528,2005,348,0,0.4993109890455746,0,1
2005-02-28,AUDUSD,AU,0,-0.02693378713431044,2005,348,1,0.5634125391307055,1,1
2005-02-28,CADUSD,CA,1,0.016483213817134718,2005,348,1,0.5645343233817207,0,1
2005-02-28,CHFUSD,CH,0,-0.03118747050612189,2005,348,1,0.5285816904016473,0,1
2005-02-28,EURUSD,EZ,0,-0.023245340370128764,2005,348,1,0.5307646435715105,0,1
2005-02-28,GBPUSD,GB,0,-0.01893231154928654,2005,348,1,0.5597181987711798,1,1
2005-02-28,JPYUSD,JP,0,-0.028090937720480547,2005,348,0,0.47205779706483525,0,1
2005-02-28,NOKUSD,NO,0,-0.02298841867696133,2005,348,1,0.5537933111946852,0,1
2005-02-28,NZDUSD,NZ,0,-0.022479092774012888,2005,348,1,0.6058026904867775,1,1
2005-02-28,SEKUSD,SE,0,-0.03405288893593572,2005,348,1,0.5394849475492972,0,1
2005-03-31,AUDUSD,AU,1,0.01349374711890558,2005,348,1,0.5625248877137289,1,1
2005-03-31,CADUSD,CA,0,-0.038444439102298694,2005,348,1,0.5413710815400918,0,1
2005-03-31,CHFUSD,CH,1,0.004528309624747623,2005,348,1,0.502335842629869,0,1
2005-03-31,EURUSD,EZ,0,-0.003862798375440124,2005,348,1,0.5278473567332308,0,1
2005-03-31,GBPUSD,GB,1,0.012312704880042435,2005,348,1,0.5488357255185402,1,1
2005-03-31,JPYUSD,JP,1,0.02435691069050261,2005,348,0,0.4415243780729309,0,1
2005-03-31,NOKUSD,NO,1,0.01050398206453429,2005,348,1,0.5366720622699069,0,1
2005-03-31,NZDUSD,NZ,1,0.03026974244219638,2005,348,1,0.6064139677321911,1,1
2005-03-31,SEKUSD,SE,0,-0.006814216247521099,2005,348,1,0.5284122145557294,0,1
2005-04-30,AUDUSD,AU,0,-0.031509900209008374,2005,348,1,0.5848420397782437,1,1
2005-04-30,CADUSD,CA,1,0.00446571715036459,2005,348,1,0.5331581656408796,0,1
2005-04-30,CHFUSD,CH,0,-0.04510931125312656,2005,348,0,0.4925482688359328,0,1
2005-04-30,EURUSD,EZ,0,-0.04512400784247883,2005,348,1,0.5216611298023854,0,1
2005-04-30,GBPUSD,GB,0,-0.04771606284192642,2005,348,1,0.5585293273509098,1,1
2005-04-30,JPYUSD,JP,0,-0.03132752305016062,2005,348,0,0.4680681935642411,0,1
2005-04-30,NOKUSD,NO,0,-0.02336010520396603,2005,348,1,0.5242646139039195,0,1
2005-04-30,NZDUSD,NZ,0,-0.038866793489349905,2005,348,1,0.6303604511718184,1,1
2005-04-30,SEKUSD,SE,0,-0.04111271614454082,2005,348,1,0.519991789299855,0,1
2005-05-31,AUDUSD,AU,1,0.003550533021781155,2005,348,1,0.5785426561772146,1,1
2005-05-31,CADUSD,CA,1,0.020672570804719903,2005,348,1,0.5367411131268072,0,1
2005-05-31,CHFUSD,CH,0,-0.030072694298873243,2005,348,0,0.4782315866140088,0,1
2005-05-31,EURUSD,EZ,0,-0.020534938450962936,2005,348,1,0.5094770698116833,0,1
2005-05-31,GBPUSD,GB,0,-0.016648154204286447,2005,348,1,0.5300679268685755,1,1
2005-05-31,JPYUSD,JP,0,-0.02686565085760062,2005,348,0,0.44304376252987476,0,1
2005-05-31,NOKUSD,NO,0,-0.01710761875947564,2005,348,1,0.51224407413556,0,1
2005-05-31,NZDUSD,NZ,0,-0.015117230273777815,2005,348,1,0.613888973407887,1,1
2005-05-31,SEKUSD,SE,0,-0.05149298298194749,2005,348,1,0.5069252901166077,0,1
2005-06-30,AUDUSD,AU,0,-0.003155406246801773,2005,348,1,0.5620986160557657,1,1
2005-06-30,CADUSD,CA,0,-8.15893607926943e-05,2005,348,1,0.5244525771224775,0,1
2005-06-30,CHFUSD,CH,0,-0.003346697290321471,2005,348,0,0.45425105713531005,0,1
2005-06-30,EURUSD,EZ,1,0.0025591296420210963,2005,348,0,0.4958485832962537,0,1
2005-06-30,GBPUSD,GB,0,-0.01897419196013228,2005,348,1,0.5237617569827323,1,1
2005-06-30,JPYUSD,JP,0,-0.01200946500571387,2005,348,0,0.42109441470422077,0,1
2005-06-30,NOKUSD,NO,1,0.009157601295628037,2005,348,1,0.5020157937287262,0,1
2005-06-30,NZDUSD,NZ,0,-0.018125632169612882,2005,348,1,0.5920641454741719,1,1
2005-06-30,SEKUSD,SE,1,0.005268648381761665,2005,348,0,0.476099618308139,0,1
2005-07-31,AUDUSD,AU,0,-0.01059051465783345,2005,348,1,0.5540459059734124,1,1
2005-07-31,CADUSD,CA,1,0.03014721061391981,2005,348,0,0.4867276639601138,0,1
2005-07-31,CHFUSD,CH,1,0.02549713193348377,2005,348,0,0.46610868714706133,0,1
2005-07-31,EURUSD,EZ,1,0.01643603784950942,2005,348,0,0.49395335912755023,0,1
2005-07-31,GBPUSD,GB,1,0.02353710678241605,2005,348,1,0.5154994497393341,1,1
2005-07-31,JPYUSD,JP,1,0.012640806627586265,2005,348,0,0.43950827681837024,0,1
2005-07-31,NOKUSD,NO,1,0.0164971448185951,2005,348,1,0.5099041832219502,0,1
2005-07-31,NZDUSD,NZ,1,0.014238218160259608,2005,348,1,0.5968771846610074,1,1
2005-07-31,SEKUSD,SE,1,0.026304767703177134,2005,348,0,0.47295321855118516,0,1
2005-08-31,AUDUSD,AU,1,0.017022249108969933,2005,348,1,0.5242205591459278,1,1
2005-08-31,CADUSD,CA,1,0.02434162735862272,2005,348,0,0.4806543121884193,0,1
2005-08-31,CHFUSD,CH,0,-0.027049927276544622,2005,348,0,0.4292133111755824,0,1
2005-08-31,EURUSD,EZ,0,-0.0223069771090392,2005,348,0,0.4550414245266501,0,1
2005-08-31,GBPUSD,GB,0,-0.017699577099400843,2005,348,0,0.48525766398616765,1,1
2005-08-31,JPYUSD,JP,0,-0.021863182890619726,2005,348,0,0.4110422012292233,0,1
2005-08-31,NOKUSD,NO,0,-0.024889705376743843,2005,348,0,0.4810451501611638,0,1
2005-08-31,NZDUSD,NZ,1,0.000865176694198222,2005,348,1,0.5600537157346337,1,1
2005-08-31,SEKUSD,SE,0,-0.022121525534004594,2005,348,0,0.4336182865017562,0,1
2005-09-30,AUDUSD,AU,0,-0.021557404274361147,2005,348,1,0.5254803348340612,1,1
2005-09-30,CADUSD,CA,0,-0.016152126566544217,2005,348,0,0.4782583064432613,0,1
2005-09-30,CHFUSD,CH,0,-0.0007754944165304645,2005,348,0,0.40086402072998717,0,1
2005-09-30,EURUSD,EZ,0,-0.005238443775555907,2005,348,0,0.4316729177853563,0,1
2005-09-30,GBPUSD,GB,0,-0.0003956478785539508,2005,348,0,0.4632114190876702,1,1
2005-09-30,JPYUSD,JP,0,-0.026737930741603577,2005,348,0,0.3991513352769971,0,1
2005-09-30,NOKUSD,NO,1,0.00583351618202399,2005,348,0,0.4610176965101854,0,1
2005-09-30,NZDUSD,NZ,1,0.009325080125822782,2005,348,1,0.5396408441121076,1,1
2005-09-30,SEKUSD,SE,0,-0.02805406618834283,2005,348,0,0.3912818994267159,0,1
2005-10-31,AUDUSD,AU,0,-0.011563931471945788,2005,348,1,0.5053994376750592,1,1
2005-10-31,CADUSD,CA,1,0.010739044654565155,2005,348,0,0.46103041654560883,0,1
2005-10-31,CHFUSD,CH,0,-0.019042344434346492,2005,348,0,0.3910005295956091,0,1
2005-10-31,EURUSD,EZ,0,-0.01723818174237829,2005,348,0,0.42848188289897804,0,1
2005-10-31,GBPUSD,GB,0,-0.021023339273227304,2005,348,0,0.4488874245286072,1,1
2005-10-31,JPYUSD,JP,0,-0.02796555433488468,2005,348,0,0.38102087860157835,0,1
2005-10-31,NOKUSD,NO,0,-0.0369080155010264,2005,348,0,0.4548289905416837,0,1
2005-10-31,NZDUSD,NZ,1,0.003421243536679941,2005,348,1,0.5276027919207713,1,1
2005-10-31,SEKUSD,SE,0,-0.015528766316078357,2005,348,0,0.39759279417775867,0,1
2005-11-30,AUDUSD,AU,0,-0.007057575439797625,2005,348,0,0.49315528323026314,1,1
2005-11-30,CADUSD,CA,1,0.0012003774055610317,2005,348,0,0.4804718558051872,0,1
2005-11-30,CHFUSD,CH,0,0.0,2005,348,0,0.39281797523001843,0,1
2005-11-30,EURUSD,EZ,1,0.004400819560304692,2005,348,0,0.43176281191125293,0,1
2005-11-30,GBPUSD,GB,0,-0.007708172275394332,2005,348,0,0.45264609552901974,1,1
2005-11-30,JPYUSD,JP,1,0.01498723009239189,2005,348,0,0.3816269064430913,0,1
2005-11-30,NOKUSD,NO,0,-0.0007564689578087869,2005,348,0,0.45744205115686426,0,1
2005-11-30,NZDUSD,NZ,0,-0.026241413469648422,2005,348,1,0.5254653997774608,1,1
2005-11-30,SEKUSD,SE,1,0.017026950520416584,2005,348,0,0.4052757940422052,0,1
2005-12-31,AUDUSD,AU,1,0.03084594827243392,2005,348,0,0.4977353827765161,1,1
2005-12-31,CADUSD,CA,1,0.019054794432838307,2005,348,0,0.49154622433147843,0,1
2005-12-31,CHFUSD,CH,1,0.02807526677805422,2005,348,0,0.37756051362999576,0,1
2005-12-31,EURUSD,EZ,1,0.02633485521694645,2005,348,0,0.41917233222196965,0,1
2005-12-31,GBPUSD,GB,1,0.03610995612991452,2005,348,0,0.4454598521647972,1,1
2005-12-31,JPYUSD,JP,1,0.008519390427049522,2005,348,0,0.3767488648816813,0,1
2005-12-31,NOKUSD,NO,1,0.01353944000455165,2005,348,0,0.44540116633926946,0,1
2005-12-31,NZDUSD,NZ,1,0.0017515695618151028,2005,348,1,0.521274178013058,1,1
2005-12-31,SEKUSD,SE,1,0.043005616651817125,2005,348,0,0.39734498310819605,0,1
2006-01-31,AUDUSD,AU,0,-0.018931374617408625,2006,360,0,0.4646427871258662,1,1
2006-01-31,CADUSD,CA,1,0.004996723085193888,2006,360,0,0.4651861759131182,0,1
2006-01-31,CHFUSD,CH,0,-0.025257183493345936,2006,360,0,0.3712768644393996,0,1
2006-01-31,EURUSD,EZ,0,-0.019350352552125943,2006,360,0,0.40759563804624677,0,1
2006-01-31,GBPUSD,GB,0,-0.015894449266662503,2006,360,0,0.4242210970378663,1,1
2006-01-31,JPYUSD,JP,1,0.009110505644800426,2006,360,0,0.34104726251270223,0,1
2006-01-31,NOKUSD,NO,0,-0.013984154579248065,2006,360,0,0.4317566167923221,0,1
2006-01-31,NZDUSD,NZ,0,-0.03306208777736669,2006,360,1,0.5134253408947198,1,1
2006-01-31,SEKUSD,SE,0,-0.0402804755542534,2006,360,0,0.3762290371876444,0,1
2006-02-28,AUDUSD,AU,0,-0.03631779744953256,2006,360,0,0.4504081677914302,1,1
2006-02-28,CADUSD,CA,0,-0.025251894923593227,2006,360,0,0.4718941806534566,0,1
2006-02-28,CHFUSD,CH,1,0.006580984877834095,2006,360,0,0.359701165455586,0,1
2006-02-28,EURUSD,EZ,1,0.017786373141261774,2006,360,0,0.3978769370105277,0,1
2006-02-28,GBPUSD,GB,0,-0.00835914634998447,2006,360,0,0.4008376399783019,0,1
2006-02-28,JPYUSD,JP,0,-0.014230844532775677,2006,360,0,0.3293525886580223,0,1
2006-02-28,NOKUSD,NO,1,0.030303069417396022,2006,360,0,0.40344055394606093,0,1
2006-02-28,NZDUSD,NZ,0,-0.07348202306699142,2006,360,1,0.5008873192975191,1,1
2006-02-28,SEKUSD,SE,1,0.019145138256639882,2006,360,0,0.36791540188620897,0,1
2006-03-31,AUDUSD,AU,1,0.05801870895096145,2006,360,0,0.44658530250816236,1,1
2006-03-31,CADUSD,CA,1,0.04083984672187835,2006,360,0,0.4585727611812381,0,1
2006-03-31,CHFUSD,CH,1,0.04828741149204635,2006,360,0,0.3685772165612118,0,1
2006-03-31,EURUSD,EZ,1,0.039176354187851814,2006,360,0,0.4007149179426452,0,1
2006-03-31,GBPUSD,GB,1,0.04645206540579594,2006,360,0,0.39780508805710485,0,1
2006-03-31,JPYUSD,JP,1,0.03191346196150224,2006,360,0,0.3353322070230321,0,1
2006-03-31,NOKUSD,NO,1,0.06004714575251824,2006,360,0,0.40460308085891017,0,1
2006-03-31,NZDUSD,NZ,1,0.03255953108421272,2006,360,0,0.4847819672062138,1,1
2006-03-31,SEKUSD,SE,1,0.05389052481393919,2006,360,0,0.38506631208196335,0,1
2006-04-30,AUDUSD,AU,0,-0.009793619835206768,2006,360,0,0.45377536911890676,1,1
2006-04-30,CADUSD,CA,1,0.015834788800044908,2006,360,0,0.4752666360170835,0,1
2006-04-30,CHFUSD,CH,1,0.02051353983310303,2006,360,0,0.3727693832790842,0,1
2006-04-30,EURUSD,EZ,1,0.01642021415880565,2006,360,0,0.4057046175471678,0,1
2006-04-30,GBPUSD,GB,1,0.027713399489483037,2006,360,0,0.4056723324983434,0,1
2006-04-30,JPYUSD,JP,1,0.013537034854864238,2006,360,0,0.32682478713993607,0,1
2006-04-30,NOKUSD,NO,1,0.015662616231852056,2006,360,0,0.4042032069842772,0,1
2006-04-30,NZDUSD,NZ,0,-0.0003141196821807579,2006,360,0,0.4707370030783227,1,1
2006-04-30,SEKUSD,SE,1,0.019709398518535703,2006,360,0,0.3955172961062419,0,1
2006-05-31,AUDUSD,AU,0,-0.012849862260480016,2006,360,0,0.4539696146147231,1,1
2006-05-31,CADUSD,CA,0,-0.011092687129586304,2006,360,0,0.46816637657303684,0,1
2006-05-31,CHFUSD,CH,0,-0.007211372724868909,2006,360,0,0.35657886024518654,0,1
2006-05-31,EURUSD,EZ,0,-0.004216779635757784,2006,360,0,0.3990969608375419,0,1
2006-05-31,GBPUSD,GB,0,-0.012949164096446197,2006,360,0,0.40568182847651707,0,1
2006-05-31,JPYUSD,JP,0,-0.019844545911195333,2006,360,0,0.3293321855899295,0,1
2006-05-31,NOKUSD,NO,0,-0.024946984380826764,2006,360,0,0.39525400029434166,0,1
2006-05-31,NZDUSD,NZ,0,-0.04186322129723313,2006,360,0,0.4585683869506573,1,1
2006-05-31,SEKUSD,SE,1,0.00011089701837030397,2006,360,0,0.37239382146959543,0,1
2006-06-30,AUDUSD,AU,1,0.031950752533149496,2006,360,0,0.44085284269729674,1,1
2006-06-30,CADUSD,CA,0,-0.01415937098306222,2006,360,0,0.45274569731489783,0,1
2006-06-30,CHFUSD,CH,0,-0.005212162626327899,2006,360,0,0.36988644487684763,0,1
2006-06-30,EURUSD,EZ,0,-0.0011744902105692012,2006,360,0,0.4112589382004786,0,1
2006-06-30,GBPUSD,GB,1,0.010436935712598183,2006,360,0,0.4021612634983485,0,1
2006-06-30,JPYUSD,JP,1,0.0006114872433391483,2006,360,0,0.33267678318632815,0,1
2006-06-30,NOKUSD,NO,1,0.01014449949374252,2006,360,0,0.41788525375026564,0,1
2006-06-30,NZDUSD,NZ,1,0.009780029053639672,2006,360,0,0.4321374820182884,1,1
2006-06-30,SEKUSD,SE,0,-0.00016634091609035728,2006,360,0,0.39115598255452994,0,1
2006-07-31,AUDUSD,AU,0,-0.004446195372193706,2006,360,0,0.475182626183685,1,1
2006-07-31,CADUSD,CA,1,0.021721524413271964,2006,360,0,0.47269157358020725,0,1
2006-07-31,CHFUSD,CH,0,-0.0020286451554956397,2006,360,0,0.3894131203003523,0,1
2006-07-31,EURUSD,EZ,1,0.0022694379189009406,2006,360,0,0.43388126361623847,0,1
2006-07-31,GBPUSD,GB,1,0.017980277010978818,2006,360,0,0.4327683178169809,0,1
2006-07-31,JPYUSD,JP,0,-0.025110254115123354,2006,360,0,0.35834026665610946,0,1
2006-07-31,NOKUSD,NO,0,-0.02555076565076675,2006,360,0,0.4379792555047164,0,1
2006-07-31,NZDUSD,NZ,1,0.059813262745555484,2006,360,0,0.4607922175328019,1,1
2006-07-31,SEKUSD,SE,0,-0.003887260644570345,2006,360,0,0.426066963984037,0,1
2006-08-31,AUDUSD,AU,0,-0.022398391806988383,2006,360,0,0.4691038996344524,1,1
2006-08-31,CADUSD,CA,0,-0.007651835507306762,2006,360,0,0.45942529850379193,0,1
2006-08-31,CHFUSD,CH,0,-0.013526776298201815,2006,360,0,0.3923665877780742,0,1
2006-08-31,EURUSD,EZ,0,-0.00832029917643684,2006,360,0,0.4411985539724682,0,1
2006-08-31,GBPUSD,GB,0,-0.01632256694445633,2006,360,0,0.44776612029890867,0,1
2006-08-31,JPYUSD,JP,0,-0.005438952814795783,2006,360,0,0.3578041073270488,0,1
2006-08-31,NOKUSD,NO,0,-0.029119564639064066,2006,360,0,0.4458358031432662,0,1
2006-08-31,NZDUSD,NZ,0,-0.0022944560735234654,2006,360,0,0.4505525815610686,1,1
2006-08-31,SEKUSD,SE,0,-0.00960469064695868,2006,360,0,0.42873647037245766,0,1
2006-09-30,AUDUSD,AU,1,0.0370997559152092,2006,360,0,0.4584571958160313,1,1
2006-09-30,CADUSD,CA,0,-0.0067924114934177215,2006,360,0,0.4354809850907756,0,1
2006-09-30,CHFUSD,CH,1,0.006418507272789614,2006,360,0,0.3995110627820779,0,1
2006-09-30,EURUSD,EZ,1,0.006755720902178686,2006,360,0,0.44400199761415077,0,1
2006-09-30,GBPUSD,GB,1,0.01947151464989083,2006,360,0,0.4443952017345114,0,1
2006-09-30,JPYUSD,JP,1,0.009965586499665058,2006,360,0,0.35881643532437196,0,1
2006-09-30,NOKUSD,NO,0,-0.004095945836685155,2006,360,0,0.44522319926616183,0,1
2006-09-30,NZDUSD,NZ,1,0.02674481382926036,2006,360,0,0.4252429827179047,1,1
2006-09-30,SEKUSD,SE,1,0.01399105707072068,2006,360,0,0.438365684836135,0,1
2006-10-31,AUDUSD,AU,1,0.019567092726593932,2006,360,0,0.4631604337193523,1,1
2006-10-31,CADUSD,CA,0,-0.016431465094820533,2006,360,0,0.41458576347631754,0,1
2006-10-31,CHFUSD,CH,1,0.03756079087854572,2006,360,0,0.3842301374064866,0,1
2006-10-31,EURUSD,EZ,1,0.03749382863482212,2006,360,0,0.4324786516801337,0,1
2006-10-31,GBPUSD,GB,1,0.03141295499619867,2006,360,0,0.437485378494729,0,1
2006-10-31,JPYUSD,JP,1,0.01093095189177351,2006,360,0,0.34685854436329466,0,1
2006-10-31,NOKUSD,NO,1,0.059903433680380536,2006,360,0,0.43963144199872095,0,1
2006-10-31,NZDUSD,NZ,1,0.0210968951565339,2006,360,0,0.4113111365679147,1,1
2006-10-31,SEKUSD,SE,1,0.05384305498879871,2006,360,0,0.42756192575071944,0,1
2006-11-30,AUDUSD,AU,0,-0.0015209128407066563,2006,360,0,0.45744688166386865,1,1
2006-11-30,CADUSD,CA,0,-0.020724782525725183,2006,360,0,0.42342719991255334,0,1
2006-11-30,CHFUSD,CH,0,-0.01895673670004344,2006,360,0,0.3887174402865587,0,1
2006-11-30,EURUSD,EZ,0,-0.004837865660769491,2006,360,0,0.4333146108167232,0,1
2006-11-30,GBPUSD,GB,0,-0.005448217351456619,2006,360,0,0.4440065013736514,0,1
2006-11-30,JPYUSD,JP,0,-0.029588209496316686,2006,360,0,0.3410460722155499,0,1
2006-11-30,NOKUSD,NO,0,-0.012357901860624798,2006,360,0,0.4368368586869207,0,1
2006-11-30,NZDUSD,NZ,1,0.028211427644911913,2006,360,0,0.43077024300565714,1,1
2006-11-30,SEKUSD,SE,0,-0.00016096815060406833,2006,360,0,0.43183684197570543,0,1
2006-12-31,AUDUSD,AU,0,-0.018433701688837983,2006,360,0,0.4500163953379923,1,1
2006-12-31,CADUSD,CA,0,-0.011943496349792582,2006,360,0,0.4193980355453667,0,1
2006-12-31,CHFUSD,CH,0,-0.022299728024061632,2006,360,0,0.3786924079233299,0,1
2006-12-31,EURUSD,EZ,0,-0.015194031562535293,2006,360,0,0.4273101315331368,0,1
2006-12-31,GBPUSD,GB,1,0.0012756080000996262,2006,360,0,0.438905669678818,0,1
2006-12-31,JPYUSD,JP,0,-0.016664274977468807,2006,360,0,0.3351662258729608,0,1
2006-12-31,NOKUSD,NO,0,-0.00510838387591539,2006,360,0,0.4220507474306213,0,1
2006-12-31,NZDUSD,NZ,0,-0.02733589862356728,2006,360,0,0.43334540654455345,1,1
2006-12-31,SEKUSD,SE,0,-0.019001260107165407,2006,360,0,0.41446523489033155,0,1
2007-01-31,AUDUSD,AU,1,0.01944790055873316,2007,372,0,0.4761853291642398,1,1
2007-01-31,CADUSD,CA,1,0.007832493643270405,2007,372,0,0.4251215037322889,0,1
2007-01-31,CHFUSD,CH,1,0.022791854018245822,2007,372,0,0.3967334842029382,0,1
2007-01-31,EURUSD,EZ,1,0.017691478654707105,2007,372,0,0.435072655126707,0,1
2007-01-31,GBPUSD,GB,1,0.00010197838067160792,2007,372,0,0.45856189115374196,0,1
2007-01-31,JPYUSD,JP,1,0.022478489797707724,2007,372,0,0.3552818028838071,0,1
2007-01-31,NOKUSD,NO,1,0.020820299854563018,2007,372,0,0.43836735272450816,0,1
2007-01-31,NZDUSD,NZ,1,0.0224987857635095,2007,372,0,0.45928288675483286,1,1
2007-01-31,SEKUSD,SE,0,-0.004683715135936906,2007,372,0,0.4337411799063881,0,1
2007-02-28,AUDUSD,AU,1,0.02650817878601333,2007,372,0,0.47206191822725874,1,1
2007-02-28,CADUSD,CA,1,0.01463650752274262,2007,372,0,0.41340691134819507,0,1
2007-02-28,CHFUSD,CH,1,0.005181998024160556,2007,372,0,0.3959347876907138,0,1
2007-02-28,EURUSD,EZ,1,0.01082554550492243,2007,372,0,0.44564001328394376,0,1
2007-02-28,GBPUSD,GB,1,0.003664312716326945,2007,372,0,0.46940646680446024,1,1
2007-02-28,JPYUSD,JP,1,0.00652848984575094,2007,372,0,0.35381318807668977,0,1
2007-02-28,NOKUSD,NO,1,0.008878754371145936,2007,372,0,0.4613020969221103,0,1
2007-02-28,NZDUSD,NZ,1,0.020607645284845932,2007,372,0,0.464369781475262,1,1
2007-02-28,SEKUSD,SE,1,0.0020455316572620674,2007,372,0,0.4517366255040263,0,1
2007-03-31,AUDUSD,AU,1,0.027025381826401434,2007,372,0,0.48146099905579814,1,1
2007-03-31,CADUSD,CA,1,0.04089427235628822,2007,372,0,0.41431868903625746,0,1
2007-03-31,CHFUSD,CH,1,0.005126096383938683,2007,372,0,0.39960648451251995,0,1
2007-03-31,EURUSD,EZ,1,0.021159330510857388,2007,372,0,0.4439081632908077,0,1
2007-03-31,GBPUSD,GB,1,0.015875349158290142,2007,372,0,0.4719751090114263,1,1
2007-03-31,JPYUSD,JP,0,-0.01586531168021832,2007,372,0,0.35795081749990776,0,1
2007-03-31,NOKUSD,NO,1,0.022177841976975587,2007,372,0,0.46023824720931855,0,1
2007-03-31,NZDUSD,NZ,1,0.03662207234492931,2007,372,0,0.4963052514335798,1,1
2007-03-31,SEKUSD,SE,1,0.04184453985160763,2007,372,0,0.45207694078448607,0,1
2007-04-30,AUDUSD,AU,0,-0.0065068310067103174,2007,372,0,0.4595506305289726,1,1
2007-04-30,CADUSD,CA,1,0.03372086687981535,2007,372,0,0.3930301827472387,0,1
2007-04-30,CHFUSD,CH,0,-0.015463377704928699,2007,372,0,0.3791162389346761,0,1
2007-04-30,EURUSD,EZ,0,-0.015269724639238313,2007,372,0,0.4291203373920155,0,1
2007-04-30,GBPUSD,GB,0,-0.010201862484596647,2007,372,0,0.4588898659253341,1,1
2007-04-30,JPYUSD,JP,0,-0.019237740882441123,2007,372,0,0.3440776071387345,0,1
2007-04-30,NOKUSD,NO,0,-0.01605454862574418,2007,372,0,0.44080880407176826,0,1
2007-04-30,NZDUSD,NZ,0,-0.008113634774169709,2007,372,0,0.4808472251792738,1,1
2007-04-30,SEKUSD,SE,0,-0.032551380931233886,2007,372,0,0.42618570128040806,0,1
2007-05-31,AUDUSD,AU,1,0.026130461251152953,2007,372,0,0.45839018965825096,1,1
2007-05-31,CADUSD,CA,1,0.006280779962717482,2007,372,0,0.3829534674197725,0,1
2007-05-31,CHFUSD,CH,1,0.0009799118863488276,2007,372,0,0.39073572858790784,0,1
2007-05-31,EURUSD,EZ,1,0.0049679411114122995,2007,372,0,0.43318356192539875,0,1
2007-05-31,GBPUSD,GB,1,0.013346911628669522,2007,372,0,0.45538181020114793,1,1
2007-05-31,JPYUSD,JP,0,-0.013298176797066574,2007,372,0,0.3454788598271868,0,1
2007-05-31,NOKUSD,NO,1,0.024484863034609727,2007,372,0,0.44146177385888274,0,1
2007-05-31,NZDUSD,NZ,1,0.048369812684736946,2007,372,0,0.49255672934627587,1,1
2007-05-31,SEKUSD,SE,1,0.01069420127618681,2007,372,0,0.4222233394352451,0,1
2007-06-30,AUDUSD,AU,1,0.01205750633557709,2007,372,0,0.4602017682451483,1,1
2007-06-30,CADUSD,CA,0,-0.0020666987158867514,2007,372,0,0.38571453784462123,0,1
2007-06-30,CHFUSD,CH,1,0.01805415676206293,2007,372,0,0.3926307941972874,0,1
2007-06-30,EURUSD,EZ,1,0.014028359759699849,2007,372,0,0.4312025581976044,0,1
2007-06-30,GBPUSD,GB,1,0.014891313342025758,2007,372,0,0.4557101477000768,1,1
2007-06-30,JPYUSD,JP,1,0.03513473709917303,2007,372,0,0.3415247659655706,0,1
2007-06-30,NOKUSD,NO,1,0.014629238580884385,2007,372,0,0.4414856100427909,0,1
2007-06-30,NZDUSD,NZ,0,-0.001942376784206501,2007,372,1,0.5038157571542609,1,1
2007-06-30,SEKUSD,SE,1,0.01929234921276679,2007,372,0,0.4117559102800611,0,1
2007-07-31,AUDUSD,AU,0,-0.05218783103436009,2007,372,0,0.464538765372738,1,1
2007-07-31,CADUSD,CA,1,0.009049835519917955,2007,372,0,0.4098802921950544,0,1
2007-07-31,CHFUSD,CH,0,-0.0041507613968728985,2007,372,0,0.39191780493858613,0,1
2007-07-31,EURUSD,EZ,0,-0.005118466863534676,2007,372,0,0.43725722485894475,0,1
2007-07-31,GBPUSD,GB,0,-0.009820207714758,2007,372,0,0.46768087841605116,1,1
2007-07-31,JPYUSD,JP,1,0.028091734867015106,2007,372,0,0.33168182254059186,0,1
2007-07-31,NOKUSD,NO,0,-0.0021324903176545007,2007,372,0,0.4515237180880719,0,1
2007-07-31,NZDUSD,NZ,0,-0.09369127059531462,2007,372,1,0.5207857166934636,1,1
2007-07-31,SEKUSD,SE,0,-0.024639215393493785,2007,372,0,0.4297644032133123,0,1
2007-08-31,AUDUSD,AU,1,0.08210581691635348,2007,372,0,0.4663180522300154,1,1
2007-08-31,CADUSD,CA,1,0.05859661332861303,2007,372,0,0.4010053869960932,0,1
2007-08-31,CHFUSD,CH,1,0.033613070498505454,2007,372,0,0.37468592610033213,0,1
2007-08-31,EURUSD,EZ,1,0.041499134903254076,2007,372,0,0.4262548009580208,0,1
2007-08-31,GBPUSD,GB,1,0.01104711140950565,2007,372,0,0.4507976352562962,1,1
2007-08-31,JPYUSD,JP,1,0.0074523741786052256,2007,372,0,0.31495812095544734,0,1
2007-08-31,NOKUSD,NO,1,0.07331540114410728,2007,372,0,0.44692871531668876,0,1
2007-08-31,NZDUSD,NZ,1,0.07445361652976767,2007,372,1,0.5080661965141071,1,1
2007-08-31,SEKUSD,SE,1,0.06106698374564301,2007,372,0,0.4131766491072341,0,1
2007-09-30,AUDUSD,AU,1,0.04590897739004858,2007,372,0,0.46374189394679166,1,1
2007-09-30,CADUSD,CA,1,0.04760600764213545,2007,372,0,0.38031984968883975,0,1
2007-09-30,CHFUSD,CH,1,0.007136438868230538,2007,372,0,0.34758799745817087,0,1
2007-09-30,EURUSD,EZ,1,0.017360215675614243,2007,372,0,0.411960550656502,0,1
2007-09-30,GBPUSD,GB,1,0.018851065927811828,2007,372,0,0.443780818285643,1,1
2007-09-30,JPYUSD,JP,0,-0.002605977847272456,2007,372,0,0.3078500931448873,0,1
2007-09-30,NOKUSD,NO,1,0.004223714620985808,2007,372,0,0.4404745934987196,1,1
2007-09-30,NZDUSD,NZ,1,0.016381992727220407,2007,372,0,0.4883502249083619,1,1
2007-09-30,SEKUSD,SE,1,0.017717228921620753,2007,372,0,0.40096835514395696,0,1
2007-10-31,AUDUSD,AU,0,-0.04669980384486637,2007,372,0,0.4697638682740691,1,1
2007-10-31,CADUSD,CA,0,-0.0524141908009519,2007,372,0,0.3799493850405103,0,1
2007-10-31,CHFUSD,CH,1,0.026404751378764676,2007,372,0,0.3590489475963293,0,1
2007-10-31,EURUSD,EZ,1,0.015091519788283159,2007,372,0,0.416581987979518,0,1
2007-10-31,GBPUSD,GB,0,-0.01015875609532646,2007,372,0,0.4373454703288261,1,1
2007-10-31,JPYUSD,JP,1,0.037566837350905935,2007,372,0,0.3251300995129446,0,1
2007-10-31,NOKUSD,NO,0,-0.025440788522194557,2007,372,0,0.4616742664250639,1,1
2007-10-31,NZDUSD,NZ,0,-0.00286383949963831,2007,372,0,0.49215223574029837,1,1
2007-10-31,SEKUSD,SE,0,-0.0031079812168597343,2007,372,0,0.415260954724905,0,1
2007-11-30,AUDUSD,AU,0,-0.00817072180704985,2007,372,0,0.46794897211780007,1,1
2007-11-30,CADUSD,CA,1,0.0126711268954932,2007,372,0,0.40120869697396083,1,1
2007-11-30,CHFUSD,CH,0,-0.003714188917862224,2007,372,0,0.35588604412759955,0,1
2007-11-30,EURUSD,EZ,0,-0.005803846819800396,2007,372,0,0.41629096193552007,0,1
2007-11-30,GBPUSD,GB,0,-0.03583654946420756,2007,372,0,0.4373044448706275,1,1
2007-11-30,JPYUSD,JP,0,-0.006195862320740986,2007,372,0,0.33614157155963686,0,1
2007-11-30,NOKUSD,NO,1,0.017250461993991495,2007,372,0,0.4584435880611615,1,1
2007-11-30,NZDUSD,NZ,1,0.0009121116014467745,2007,372,0,0.4750442484659827,1,1
2007-11-30,SEKUSD,SE,0,-0.011871702206028845,2007,372,0,0.41586329513632064,0,1
2007-12-31,AUDUSD,AU,1,0.021641962796929662,2007,372,0,0.49109827025814934,1,1
2007-12-31,CADUSD,CA,0,-0.013769753722599422,2007,372,0,0.40057932723402906,1,1
2007-12-31,CHFUSD,CH,1,0.043661665612513806,2007,372,0,0.3671016958180241,0,1
2007-12-31,EURUSD,EZ,1,0.01616663385534689,2007,372,0,0.4234305457918896,0,1
2007-12-31,GBPUSD,GB,1,0.002617143775776931,2007,372,0,0.43190718911141246,1,1
2007-12-31,JPYUSD,JP,1,0.04551025667695807,2007,372,0,0.3337647940979801,0,1
2007-12-31,NOKUSD,NO,1,0.003393710144197204,2007,372,0,0.46832547158596644,1,1
2007-12-31,NZDUSD,NZ,1,0.026476292711867716,2007,372,0,0.490108140009884,1,1
2007-12-31,SEKUSD,SE,1,0.01262426566069319,2007,372,0,0.4251109520819662,0,1
2008-01-31,AUDUSD,AU,1,0.043850410480472043,2008,384,1,0.6364987882218893,1,1
2008-01-31,CADUSD,CA,1,0.022409335845503774,2008,384,1,0.5578340122097754,1,1
2008-01-31,CHFUSD,CH,1,0.03853860374967358,2008,384,1,0.5046302206264174,0,1
2008-01-31,EURUSD,EZ,1,0.023046177834451675,2008,384,1,0.5595695397775583,1,1
2008-01-31,GBPUSD,GB,0,-0.0015593956730265424,2008,384,1,0.5448076029652696,1,1
2008-01-31,JPYUSD,JP,1,0.024179815481706335,2008,384,0,0.46048644975382597,0,1
2008-01-31,NOKUSD,NO,1,0.03889855391516517,2008,384,1,0.5947051022122569,1,1
2008-01-31,NZDUSD,NZ,1,0.017975469858966003,2008,384,1,0.618358719234858,1,1
2008-01-31,SEKUSD,SE,1,0.03255144978059854,2008,384,1,0.5557459201912234,1,1
2008-02-29,AUDUSD,AU,0,-0.02572836758278177,2008,384,1,0.6264354966230441,1,1
2008-02-29,CADUSD,CA,0,-0.047739621292377035,2008,384,1,0.5262664463954861,1,1
2008-02-29,CHFUSD,CH,1,0.05051181786139885,2008,384,1,0.519653010599876,0,1
2008-02-29,EURUSD,EZ,1,0.03988654691944815,2008,384,1,0.5601709368897603,1,1
2008-02-29,GBPUSD,GB,0,-0.0004531836226506769,2008,384,1,0.54749994125563,1,1
2008-02-29,JPYUSD,JP,1,0.04254709556226821,2008,384,0,0.47662513170998044,0,1
2008-02-29,NOKUSD,NO,1,0.023988398533968613,2008,384,1,0.582520557799838,1,1
2008-02-29,NZDUSD,NZ,0,-0.02102425270832453,2008,384,1,0.6147252829533222,1,1
2008-02-29,SEKUSD,SE,1,0.038922617721654396,2008,384,1,0.5565690399973727,1,1
2008-03-31,AUDUSD,AU,1,0.030944197173130926,2008,384,1,0.6335948701121986,1,1
2008-03-31,CADUSD,CA,1,0.017970729603486946,2008,384,1,0.5125694721356925,1,1
2008-03-31,CHFUSD,CH,0,-0.04926523381925754,2008,384,1,0.5219904858165485,1,1
2008-03-31,EURUSD,EZ,0,-0.01510882022393184,2008,384,1,0.5654040217550237,1,1
2008-03-31,GBPUSD,GB,0,-0.00040300237309331965,2008,384,1,0.547059500104612,1,1
2008-03-31,JPYUSD,JP,0,-0.04580505168279192,2008,384,0,0.46951561918358353,0,1
2008-03-31,NOKUSD,NO,0,-0.006823422093930054,2008,384,1,0.5935448894299001,1,1
2008-03-31,NZDUSD,NZ,0,-0.006381642589520592,2008,384,1,0.6236752034610782,1,1
2008-03-31,SEKUSD,SE,0,-0.00922283723670847,2008,384,1,0.5530784492592035,1,1
2008-04-30,AUDUSD,AU,1,0.013916935211920431,2008,384,1,0.6279608145377767,1,1
2008-04-30,CADUSD,CA,1,0.015377237598682677,2008,384,0,0.4936996012926865,1,1
2008-04-30,CHFUSD,CH,0,-0.0003837298588912838,2008,384,1,0.5231064958910564,0,1
2008-04-30,EURUSD,EZ,0,-0.0005140066934036236,2008,384,1,0.5689812640888623,1,1
2008-04-30,GBPUSD,GB,0,-0.002724522371523319,2008,384,1,0.5440424794832228,1,1
2008-04-30,JPYUSD,JP,0,-0.0088576225577075,2008,384,1,0.5095084061986611,0,1
2008-04-30,NOKUSD,NO,1,0.005938457582246315,2008,384,1,0.5966119533155447,1,1
2008-04-30,NZDUSD,NZ,1,0.00357873592584515,2008,384,1,0.6226420705476942,1,1
2008-04-30,SEKUSD,SE,0,-0.0008175592142976029,2008,384,1,0.5470061047547541,1,1
2008-05-31,AUDUSD,AU,1,0.0011510491513112078,2008,384,1,0.6621392521850201,1,1
2008-05-31,CADUSD,CA,0,-0.024550256498640313,2008,384,1,0.515903709100221,1,1
2008-05-31,CHFUSD,CH,1,0.021718906845179336,2008,384,1,0.5657569056512689,0,1
2008-05-31,EURUSD,EZ,1,0.012009854331245462,2008,384,1,0.6087812942979868,1,1
2008-05-31,GBPUSD,GB,1,0.005692853985273638,2008,384,1,0.5720851248620226,1,1
2008-05-31,JPYUSD,JP,0,-0.00670984892315829,2008,384,1,0.5510233108137597,0,1
2008-05-31,NOKUSD,NO,0,-0.00053060303295549,2008,384,1,0.6429983239531282,1,1
2008-05-31,NZDUSD,NZ,0,-0.029651942583054036,2008,384,1,0.644456739156982,1,1
2008-05-31,SEKUSD,SE,0,-0.004144238540950251,2008,384,1,0.5894958275630005,1,1
2008-06-30,AUDUSD,AU,0,-0.015492748094795936,2008,384,1,0.6553028349703515,1,1
2008-06-30,CADUSD,CA,0,-0.007434251201303064,2008,384,1,0.5260628194124467,1,1
2008-06-30,CHFUSD,CH,0,-0.027743309478731954,2008,384,1,0.5854742423494574,0,1
2008-06-30,EURUSD,EZ,0,-0.010147835750947243,2008,384,1,0.6409128929524449,1,1
2008-06-30,GBPUSD,GB,0,-0.0050362717247608435,2008,384,1,0.5882869954085491,1,1
2008-06-30,JPYUSD,JP,0,-0.01801514161968054,2008,384,1,0.5856396136771019,0,1
2008-06-30,NOKUSD,NO,0,-0.008295717782855538,2008,384,1,0.6562041198002548,1,1
2008-06-30,NZDUSD,NZ,0,-0.035992914567961554,2008,384,1,0.6413311802420113,1,1
2008-06-30,SEKUSD,SE,0,-0.00536691697369851,2008,384,1,0.6244139599043623,1,1
2008-07-31,AUDUSD,AU,0,-0.09485356606506079,2008,384,1,0.6807095522206462,1,1
2008-07-31,CADUSD,CA,0,-0.03542396042639599,2008,384,1,0.5545191020020013,1,1
2008-07-31,CHFUSD,CH,0,-0.04929396652617323,2008,384,1,0.6086991178223108,0,1
2008-07-31,EURUSD,EZ,0,-0.06082911382491801,2008,384,1,0.6579232533270333,1,1
2008-07-31,GBPUSD,GB,0,-0.08511292956908012,2008,384,1,0.6040254047205936,1,1
2008-07-31,JPYUSD,JP,0,-0.005443068929933403,2008,384,1,0.577242654532607,0,1
2008-07-31,NOKUSD,NO,0,-0.0552980852594418,2008,384,1,0.6653251875680324,1,1
2008-07-31,NZDUSD,NZ,0,-0.04871523509657599,2008,384,1,0.6524593460200074,1,1
2008-07-31,SEKUSD,SE,0,-0.06192595421465752,2008,384,1,0.636432285741419,1,1
2008-08-31,AUDUSD,AU,0,-0.08008163559848827,2008,384,1,0.6960797666328451,1,1
2008-08-31,CADUSD,CA,1,0.0032033191137690667,2008,384,1,0.5740522688898604,1,1
2008-08-31,CHFUSD,CH,0,-0.015310097319944066,2008,384,1,0.6118308646987741,0,1
2008-08-31,EURUSD,EZ,0,-0.04091005257045127,2008,384,1,0.6651721108467342,1,1
2008-08-31,GBPUSD,GB,0,-0.02144884137642289,2008,384,1,0.613654033666699,1,1
2008-08-31,JPYUSD,JP,1,0.02562689745871527,2008,384,1,0.5640806204424604,0,1
2008-08-31,NOKUSD,NO,0,-0.08223421691611987,2008,384,1,0.6695271334028899,1,1
2008-08-31,NZDUSD,NZ,0,-0.04400973338971104,2008,384,1,0.6783613085818118,1,1
2008-08-31,SEKUSD,SE,0,-0.07563854539773374,2008,384,1,0.6508518047775159,1,1
2008-09-30,AUDUSD,AU,0,-0.18424648520353903,2008,384,1,0.6729638428717767,1,1
2008-09-30,CADUSD,CA,0,-0.13741644713383167,2008,384,1,0.5320422200953427,1,1
2008-09-30,CHFUSD,CH,0,-0.04200459999838624,2008,384,1,0.6036965097611677,0,1
2008-09-30,EURUSD,EZ,0,-0.10464270565733466,2008,384,1,0.6621241227651464,1,1
2008-09-30,GBPUSD,GB,0,-0.09657473997621147,2008,384,1,0.6108761755583904,1,1
2008-09-30,JPYUSD,JP,1,0.07505234846340159,2008,384,1,0.5529411205480907,0,1
2008-09-30,NOKUSD,NO,0,-0.13034879915621045,2008,384,1,0.6650710291325291,1,1
2008-09-30,NZDUSD,NZ,0,-0.14017308816950935,2008,384,1,0.6298282658425484,1,1
2008-09-30,SEKUSD,SE,0,-0.11361041512996817,2008,384,1,0.6339741264071224,1,1
2008-10-31,AUDUSD,AU,0,-0.004268299163038947,2008,384,1,0.6349491329233952,1,1
2008-10-31,CADUSD,CA,0,-0.01647806270301394,2008,384,1,0.5203328374279407,1,1
2008-10-31,CHFUSD,CH,0,-0.04162722341151556,2008,384,1,0.5555149907017789,0,1
2008-10-31,EURUSD,EZ,1,0.0009457756064385481,2008,384,1,0.659442041500233,1,1
2008-10-31,GBPUSD,GB,0,-0.05186323879269056,2008,384,1,0.618373373825075,1,1
2008-10-31,JPYUSD,JP,1,0.02911323607522842,2008,384,1,0.5369227613361697,0,1
2008-10-31,NOKUSD,NO,0,-0.042775100945667166,2008,384,1,0.6796054954341817,1,1
2008-10-31,NZDUSD,NZ,0,-0.055692693732202536,2008,384,1,0.6201934205095386,1,1
2008-10-31,SEKUSD,SE,0,-0.04255586625372354,2008,384,1,0.6142292696400056,1,1
2008-11-30,AUDUSD,AU,1,0.06462444778490961,2008,384,1,0.5837562205707434,1,1
2008-11-30,CADUSD,CA,1,0.009756174945364626,2008,384,1,0.5499052916144811,1,1
2008-11-30,CHFUSD,CH,1,0.130845788303658,2008,384,1,0.5318853010328478,0,1
2008-11-30,EURUSD,EZ,1,0.09212537236098503,2008,384,1,0.6185771889154984,1,1
2008-11-30,GBPUSD,GB,0,-0.04866311985522709,2008,384,1,0.5478979565538096,1,1
2008-11-30,JPYUSD,JP,1,0.0501581641940847,2008,384,1,0.5466853812440216,0,1
2008-11-30,NOKUSD,NO,1,0.0037917585511431096,2008,384,1,0.6539429731247944,1,1
2008-11-30,NZDUSD,NZ,1,0.055692693732202536,2008,384,1,0.5938914180022165,1,1
2008-11-30,SEKUSD,SE,1,0.030370718105629635,2008,384,1,0.5944448329895022,1,1
2008-12-31,AUDUSD,AU,0,-0.09031052650719978,2008,384,1,0.5339215106687646,1,1
2008-12-31,CADUSD,CA,0,-0.010160623889199388,2008,384,1,0.5390490633862697,1,1
2008-12-31,CHFUSD,CH,0,-0.08432185823055555,2008,384,1,0.5253104218162108,0,1
2008-12-31,EURUSD,EZ,0,-0.08349719113764684,2008,384,1,0.5797183497707398,1,1
2008-12-31,GBPUSD,GB,0,-0.014191475428513067,2008,384,1,0.5287248792345421,1,1
2008-12-31,JPYUSD,JP,1,0.010630152142550031,2008,384,1,0.5748424175397324,1,1
2008-12-31,NOKUSD,NO,1,0.008609696560241575,2008,384,1,0.5881711809502594,1,1
2008-12-31,NZDUSD,NZ,0,-0.13434243264342027,2008,384,1,0.5424344710747572,1,1
2008-12-31,SEKUSD,SE,0,-0.06007334935660902,2008,384,1,0.5171475557557116,1,1
2009-01-31,AUDUSD,AU,1,0.006094244972942642,2009,396,0,0.34596255323436437,1,1
2009-01-31,CADUSD,CA,0,-0.027519184227983162,2009,396,0,0.39075149009907045,1,1
2009-01-31,CHFUSD,CH,0,-0.00515376505810114,2009,396,0,0.42359295537892794,0,1
2009-01-31,EURUSD,EZ,0,-0.01115223998568185,2009,396,0,0.404804095939428,1,1
2009-01-31,GBPUSD,GB,0,-0.009550771473051833,2009,396,0,0.37601132579170193,1,1
2009-01-31,JPYUSD,JP,0,-0.08439189660089319,2009,396,0,0.49754982597959935,0,1
2009-01-31,NOKUSD,NO,0,-0.0188501055236574,2009,396,0,0.37636076339197144,1,1
2009-01-31,NZDUSD,NZ,0,-0.010678369215559647,2009,396,0,0.3299192479183769,1,1
2009-01-31,SEKUSD,SE,0,-0.07586722467790663,2009,396,0,0.35017808819377927,1,1
2009-02-28,AUDUSD,AU,1,0.07587570974376101,2009,396,0,0.37530525071831145,1,1
2009-02-28,CADUSD,CA,1,0.008216194110444275,2009,396,0,0.39517632207870035,1,1
2009-02-28,CHFUSD,CH,1,0.024018148522836985,2009,396,0,0.4481982595403036,0,1
2009-02-28,EURUSD,EZ,1,0.046222014573527204,2009,396,0,0.4382542360332748,1,1
2009-02-28,GBPUSD,GB,1,0.0016797316379476568,2009,396,0,0.4085190352414623,1,1
2009-02-28,JPYUSD,JP,0,-0.014322963123796661,2009,396,0,0.49277981398362986,0,1
2009-02-28,NOKUSD,NO,1,0.0440500187522368,2009,396,0,0.3904385458118319,1,1
2009-02-28,NZDUSD,NZ,1,0.1236416961159581,2009,396,0,0.3449608370633109,1,1
2009-02-28,SEKUSD,SE,1,0.0894078632916826,2009,396,0,0.34486381009823935,1,1
2009-03-31,AUDUSD,AU,1,0.05506235582849078,2009,396,0,0.4547500786202779,1,1
2009-03-31,CADUSD,CA,1,0.05436253872766711,2009,396,0,0.4368462564181045,1,1
2009-03-31,CHFUSD,CH,0,-0.0006141159117426243,2009,396,0,0.496719413873507,0,1
2009-03-31,EURUSD,EZ,0,-0.0012827770104620884,2009,396,0,0.49313340841486075,1,1
2009-03-31,GBPUSD,GB,1,0.034300073653849295,2009,396,0,0.42049612093471544,1,1
2009-03-31,JPYUSD,JP,1,0.003941190488826685,2009,396,1,0.5370165583879447,0,1
2009-03-31,NOKUSD,NO,1,0.026551628515511627,2009,396,0,0.41371333248932785,1,1
2009-03-31,NZDUSD,NZ,1,0.0005269166715394791,2009,396,0,0.44339199627960046,1,1
2009-03-31,SEKUSD,SE,1,0.03251437866755147,2009,396,0,0.41254487939776874,1,1
2009-04-30,AUDUSD,AU,1,0.08836575074198905,2009,396,0,0.42121567091636275,1,1
2009-04-30,CADUSD,CA,1,0.08583183093999502,2009,396,0,0.46280148566489077,1,1
2009-04-30,CHFUSD,CH,1,0.0642929803327177,2009,396,0,0.4930818387951129,0,1
2009-04-30,EURUSD,EZ,1,0.06447245130173068,2009,396,0,0.47604085345445535,1,1
2009-04-30,GBPUSD,GB,1,0.0879794421732385,2009,396,0,0.44181513329655037,1,1
2009-04-30,JPYUSD,JP,1,0.03304299379069686,2009,396,1,0.5713475124710734,0,1
2009-04-30,NOKUSD,NO,1,0.039303555019171155,2009,396,0,0.4463557214519742,1,1
2009-04-30,NZDUSD,NZ,1,0.11201087268492654,2009,396,0,0.39038387169150407,1,1
2009-04-30,SEKUSD,SE,1,0.0469004108569937,2009,396,0,0.4036695277325575,1,1
2009-05-31,AUDUSD,AU,1,0.0077268579850556796,2009,396,0,0.4848322580551433,1,1
2009-05-31,CADUSD,CA,0,-0.05926544785590265,2009,396,0,0.49273267315478175,1,1
2009-05-31,CHFUSD,CH,0,-0.016234875804042093,2009,396,1,0.5417191903955033,0,1
2009-05-31,EURUSD,EZ,0,-0.0075321893802866025,2009,396,1,0.5295304596671977,1,1
2009-05-31,GBPUSD,GB,1,0.017907997275228293,2009,396,0,0.49155786315585936,1,1
2009-05-31,JPYUSD,JP,0,-0.009063978291194097,2009,396,1,0.5827178199028341,0,1
2009-05-31,NOKUSD,NO,0,-0.019060446988728774,2009,396,0,0.4624787331415996,1,1
2009-05-31,NZDUSD,NZ,1,0.012015436744411134,2009,396,0,0.4669863335683842,1,1
2009-05-31,SEKUSD,SE,0,-0.013810934553046383,2009,396,0,0.4248816372177116,1,1
2009-06-30,AUDUSD,AU,1,0.03465028847591059,2009,396,1,0.5099541421247645,1,1
2009-06-30,CADUSD,CA,1,0.0745315158975623,2009,396,0,0.4887882953967535,1,1
2009-06-30,CHFUSD,CH,1,0.018482067760946783,2009,396,1,0.5300546397652419,0,1
2009-06-30,EURUSD,EZ,1,0.01830504484171419,2009,396,1,0.5373213138966754,1,1
2009-06-30,GBPUSD,GB,1,0.015739809338610522,2009,396,0,0.48933517850286357,1,1
2009-06-30,JPYUSD,JP,1,0.019690623612385494,2009,396,1,0.5778375456165766,0,1
2009-06-30,NOKUSD,NO,1,0.051118290932012034,2009,396,0,0.47639949261451103,1,1
2009-06-30,NZDUSD,NZ,1,0.024212031645805432,2009,396,1,0.5063472935840779,1,1
2009-06-30,SEKUSD,SE,1,0.06842276632545641,2009,396,0,0.4608089037249986,1,1
2009-07-31,AUDUSD,AU,1,0.011920513070981187,2009,396,1,0.5341287559463321,1,1
2009-07-31,CADUSD,CA,0,-0.016178310396475326,2009,396,1,0.545129890526365,1,1
2009-07-31,CHFUSD,CH,1,0.00932341829255754,2009,396,1,0.5346840893826936,0,1
2009-07-31,EURUSD,EZ,1,0.00523872255972202,2009,396,1,0.5306859499499076,1,1
2009-07-31,GBPUSD,GB,0,-0.024163224828399554,2009,396,0,0.4948217736393394,1,1
2009-07-31,JPYUSD,JP,1,0.018360891552061,2009,396,1,0.5865511060624238,0,1
2009-07-31,NOKUSD,NO,1,0.018086600063748515,2009,396,0,0.4939358254703121,1,1
2009-07-31,NZDUSD,NZ,1,0.037297243321190054,2009,396,1,0.5119582197752538,1,1
2009-07-31,SEKUSD,SE,1,0.014880645336451392,2009,396,0,0.4817736038898515,1,1
2009-08-31,AUDUSD,AU,1,0.04461146377537184,2009,396,1,0.5784140616870915,1,1
2009-08-31,CADUSD,CA,1,0.022872896068689405,2009,396,1,0.5522481439192306,1,1
2009-08-31,CHFUSD,CH,1,0.018526121910448147,2009,396,1,0.5580647616917264,0,1
2009-08-31,EURUSD,EZ,1,0.019045566024152805,2009,396,1,0.5517890676669951,1,1
2009-08-31,GBPUSD,GB,0,-0.019184943883399974,2009,396,1,0.521566494070249,1,1
2009-08-31,JPYUSD,JP,1,0.03653524661826246,2009,396,1,0.5911179252140545,0,1
2009-08-31,NOKUSD,NO,1,0.03867266266431435,2009,396,1,0.5232871020691684,1,1
2009-08-31,NZDUSD,NZ,1,0.053529706571665114,2009,396,1,0.5777758934986986,1,1
2009-08-31,SEKUSD,SE,1,0.019225900308394328,2009,396,1,0.503169109423957,1,1
2009-09-30,AUDUSD,AU,1,0.023962629037886693,2009,396,1,0.6036610745249799,1,1
2009-09-30,CADUSD,CA,0,-0.004468033124197385,2009,396,1,0.5384147962287206,1,1
2009-09-30,CHFUSD,CH,1,0.01329277808137052,2009,396,1,0.5578751312885095,0,1
2009-09-30,EURUSD,EZ,1,0.008507793362869775,2009,396,1,0.5595093017834368,1,1
2009-09-30,GBPUSD,GB,1,0.02924815203360437,2009,396,1,0.5279923017048095,1,1
2009-09-30,JPYUSD,JP,0,-0.011222963511113626,2009,396,1,0.5807121182921842,0,1
2009-09-30,NOKUSD,NO,1,0.01434784861917282,2009,396,1,0.5403738859670383,1,1
2009-09-30,NZDUSD,NZ,0,-0.00041485169647048625,2009,396,1,0.5890259687579478,1,1
2009-09-30,SEKUSD,SE,0,-0.010794421041441682,2009,396,1,0.5061802545279759,1,1
2009-10-31,AUDUSD,AU,1,0.011550648193201521,2009,396,1,0.6465738415494617,1,1
2009-10-31,CADUSD,CA,1,0.018466100951433674,2009,396,1,0.5679249094938756,1,1
2009-10-31,CHFUSD,CH,1,0.018533653530306976,2009,396,1,0.5612837401036416,0,1
2009-10-31,EURUSD,EZ,1,0.01606811268596764,2009,396,1,0.5738301389469821,1,1
2009-10-31,GBPUSD,GB,0,-0.004256878235579686,2009,396,1,0.5491415715815687,1,1
2009-10-31,JPYUSD,JP,1,0.04960817820971819,2009,396,1,0.5312055040989249,0,1
2009-10-31,NOKUSD,NO,1,0.00038637840976663007,2009,396,1,0.557717192467447,1,1
2009-10-31,NZDUSD,NZ,0,-0.010986829104414453,2009,396,1,0.5927486657758653,1,1
2009-10-31,SEKUSD,SE,1,0.0083887493721988,2009,396,1,0.5310247805914539,1,1
2009-11-30,AUDUSD,AU,0,-0.018100041643617906,2009,396,1,0.6530485013851424,1,1
2009-11-30,CADUSD,CA,1,0.010365743520522344,2009,396,1,0.5666500494605429,1,1
2009-11-30,CHFUSD,CH,0,-0.03018653349661514,2009,396,1,0.5653736124155069,0,1
2009-11-30,EURUSD,EZ,0,-0.04515532163816299,2009,396,1,0.5747364789764072,1,1
2009-11-30,GBPUSD,GB,0,-0.014857837173543997,2009,396,1,0.5544793117077184,1,1
2009-11-30,JPYUSD,JP,0,-0.07771766593792861,2009,396,1,0.5364047214862181,0,1
2009-11-30,NOKUSD,NO,0,-0.016912801789209286,2009,396,1,0.5793207267810986,1,1
2009-11-30,NZDUSD,NZ,1,0.014438679269892396,2009,396,1,0.61650832668247,1,1
2009-11-30,SEKUSD,SE,0,-0.022807472840281617,2009,396,1,0.5418827951776776,1,1
2009-12-31,AUDUSD,AU,0,-0.01187555968547091,2009,396,1,0.6578180875381138,1,1
2009-12-31,CADUSD,CA,0,-0.018093611590061932,2009,396,1,0.5722428525925286,1,1
2009-12-31,CHFUSD,CH,0,-0.01902997900585815,2009,396,1,0.5229632154631221,0,1
2009-12-31,EURUSD,EZ,0,-0.03276656511596715,2009,396,1,0.5457041529304821,1,1
2009-12-31,GBPUSD,GB,0,-0.00982106352351192,2009,396,1,0.5698767415079764,1,1
2009-12-31,JPYUSD,JP,1,0.02943633445095717,2009,396,0,0.4967337033921527,0,1
2009-12-31,NOKUSD,NO,0,-0.02223832036655149,2009,396,1,0.589673826532075,1,1
2009-12-31,NZDUSD,NZ,0,-0.029230806417105293,2009,396,1,0.6351365142237195,1,1
2009-12-31,SEKUSD,SE,0,-0.03191818850770689,2009,396,1,0.5464206388869416,1,1
2010-01-31,AUDUSD,AU,1,0.009868870048881748,2010,408,1,0.583659284822325,1,1
2010-01-31,CADUSD,CA,1,0.012469460642121864,2010,408,1,0.5081127624980609,1,1
2010-01-31,CHFUSD,CH,0,-0.01448210377493462,2010,408,0,0.48417905802887184,0,1
2010-01-31,EURUSD,EZ,0,-0.015256380184096141,2010,408,1,0.5187511307441388,1,1
2010-01-31,GBPUSD,GB,0,-0.04929313278823372,2010,408,1,0.5280743553631266,1,1
2010-01-31,JPYUSD,JP,1,0.017186004956907475,2010,408,0,0.4903029887457182,0,1
2010-01-31,NOKUSD,NO,1,0.0035365921473966555,2010,408,1,0.5319550608773764,1,1
2010-01-31,NZDUSD,NZ,0,-0.006549930863732678,2010,408,1,0.5570639805798311,1,1
2010-01-31,SEKUSD,SE,1,0.0392423783394944,2010,408,0,0.4929858557624342,1,1
2010-02-28,AUDUSD,AU,1,0.022946401165681335,2010,408,1,0.581029783462632,1,1
2010-02-28,CADUSD,CA,1,0.03521354346713187,2010,408,1,0.5114470326453086,1,1
2010-02-28,CHFUSD,CH,1,0.017232876199531212,2010,408,0,0.47481273838587507,0,1
2010-02-28,EURUSD,EZ,0,-0.009858094989895871,2010,408,1,0.5203033989518704,1,1
2010-02-28,GBPUSD,GB,0,-0.0034839805166817506,2010,408,1,0.508545986631008,1,1
2010-02-28,JPYUSD,JP,0,-0.05005434620857052,2010,408,0,0.4763202572265515,0,1
2010-02-28,NOKUSD,NO,0,-0.006673505705657057,2010,408,1,0.5272761627017184,1,1
2010-02-28,NZDUSD,NZ,1,0.013902905168991453,2010,408,1,0.563170386813732,1,1
2010-02-28,SEKUSD,SE,0,-0.01423422011325659,2010,408,1,0.513071569467062,1,1
2010-03-31,AUDUSD,AU,1,0.01483112435469297,2010,408,1,0.5488377875147908,1,1
2010-03-31,CADUSD,CA,1,0.004341826437930362,2010,408,0,0.48511301827800984,1,1
2010-03-31,CHFUSD,CH,0,-0.02244752625061853,2010,408,0,0.44530574962252323,0,1
2010-03-31,EURUSD,EZ,0,-0.0166993592905188,2010,408,0,0.4793470219438654,1,1
2010-03-31,GBPUSD,GB,1,0.008001616772413844,2010,408,0,0.4886285552029137,1,1
2010-03-31,JPYUSD,JP,0,-0.008953374668479341,2010,408,0,0.4107898147509894,0,1
2010-03-31,NOKUSD,NO,1,0.006453161119733819,2010,408,0,0.48160965918173027,1,1
2010-03-31,NZDUSD,NZ,1,0.0307972737489155,2010,408,1,0.5306358247852967,1,1
2010-03-31,SEKUSD,SE,0,-0.004584908334402282,2010,408,0,0.4535287618358057,1,1
2010-04-30,AUDUSD,AU,0,-0.09165257440523042,2010,408,1,0.5844917286662606,1,1
2010-04-30,CADUSD,CA,0,-0.03736666464915907,2010,408,1,0.5064177805214797,1,1
2010-04-30,CHFUSD,CH,0,-0.06881329435964094,2010,408,0,0.45460952197432886,0,1
2010-04-30,EURUSD,EZ,0,-0.0727210574693567,2010,408,1,0.5096505176966493,1,1
2010-04-30,GBPUSD,GB,0,-0.05477879453062495,2010,408,1,0.520862272526217,1,1
2010-04-30,JPYUSD,JP,1,0.03707530820153959,2010,408,0,0.45051335465312065,0,1
2010-04-30,NOKUSD,NO,0,-0.08697889333914244,2010,408,1,0.5139160636313542,1,1
2010-04-30,NZDUSD,NZ,0,-0.07398187669929601,2010,408,1,0.5658370319992432,1,1
2010-04-30,SEKUSD,SE,0,-0.07432511970436106,2010,408,0,0.4848681589986777,1,1
2010-05-31,AUDUSD,AU,0,-0.0012963292134146598,2010,408,1,0.5850437137007756,1,1
2010-05-31,CADUSD,CA,0,-0.010330376661277493,2010,408,1,0.527448203152654,1,1
2010-05-31,CHFUSD,CH,1,0.0681633709348789,2010,408,0,0.4694911796970445,0,1
2010-05-31,EURUSD,EZ,0,-0.006326055160028959,2010,408,1,0.5181313553918357,1,1
2010-05-31,GBPUSD,GB,1,0.030913837770846553,2010,408,1,0.5297183084505633,1,1
2010-05-31,JPYUSD,JP,1,0.02587986042247792,2010,408,1,0.5080208515843234,0,1
2010-05-31,NOKUSD,NO,0,-0.00707482574156959,2010,408,1,0.516784104547632,1,1
2010-05-31,NZDUSD,NZ,1,0.015037877364540653,2010,408,1,0.5713871691830852,1,1
2010-05-31,SEKUSD,SE,1,0.005416092949913409,2010,408,0,0.4911011141938849,1,1
2010-06-30,AUDUSD,AU,1,0.06516479904122208,2010,408,1,0.6203607725011698,1,1
2010-06-30,CADUSD,CA,1,0.02995582617051581,2010,408,1,0.5503356776573051,1,1
2010-06-30,CHFUSD,CH,1,0.0343689416314645,2010,408,1,0.5314146364317032,0,1
2010-06-30,EURUSD,EZ,1,0.061375726382055046,2010,408,1,0.5544583892047628,1,1
2010-06-30,GBPUSD,GB,1,0.050041423949952424,2010,408,1,0.5682406319178209,1,1
2010-06-30,JPYUSD,JP,1,0.023554713514712056,2010,408,1,0.5089666338890685,0,1
2010-06-30,NOKUSD,NO,1,0.06977661853221395,2010,408,1,0.5619819531146525,1,1
2010-06-30,NZDUSD,NZ,1,0.050851231759644844,2010,408,1,0.6130559479722685,1,1
2010-06-30,SEKUSD,SE,1,0.07427171290583656,2010,408,1,0.5284633062055167,1,1
2010-07-31,AUDUSD,AU,0,-0.01570100736231579,2010,408,1,0.6435335098442831,1,1
2010-07-31,CADUSD,CA,0,-0.03315643136907591,2010,408,1,0.5755388935434146,1,1
2010-07-31,CHFUSD,CH,1,0.025293177139081184,2010,408,1,0.5295726461110731,0,1
2010-07-31,EURUSD,EZ,0,-0.02832610911011893,2010,408,1,0.594878756879944,1,1
2010-07-31,GBPUSD,GB,0,-0.022915523845277952,2010,408,1,0.5835183802858644,1,1
2010-07-31,JPYUSD,JP,1,0.02732827078564437,2010,408,1,0.5179825015133883,0,1
2010-07-31,NOKUSD,NO,0,-0.03928115043292224,2010,408,1,0.6017569661427314,1,1
2010-07-31,NZDUSD,NZ,0,-0.03732195228066515,2010,408,1,0.6404546418020788,1,1
2010-07-31,SEKUSD,SE,0,-0.02358995028863564,2010,408,1,0.5711250822048505,1,1
2010-08-31,AUDUSD,AU,1,0.07874686713973625,2010,408,1,0.629904086362335,1,1
2010-08-31,CADUSD,CA,1,0.03315643136907591,2010,408,1,0.5781603711699765,1,1
2010-08-31,CHFUSD,CH,1,0.03427532629394061,2010,408,1,0.5491112987802396,0,1
2010-08-31,EURUSD,EZ,1,0.0682264149458365,2010,408,1,0.5849952963170285,1,1
2010-08-31,GBPUSD,GB,1,0.02399677693201585,2010,408,1,0.5773370348952145,1,1
2010-08-31,JPYUSD,JP,1,0.006800718211087187,2010,408,1,0.5467556298214018,0,1
2010-08-31,NOKUSD,NO,1,0.06445688359443413,2010,408,1,0.5809952980383749,1,1
2010-08-31,NZDUSD,NZ,1,0.04664347282626857,2010,408,1,0.6334738309937141,1,1
2010-08-31,SEKUSD,SE,1,0.08587458029091133,2010,408,1,0.558954964692995,1,1
2010-09-30,AUDUSD,AU,1,0.01625717459392885,2010,408,1,0.6697095706088091,1,1
2010-09-30,CADUSD,CA,1,0.010351654936493187,2010,408,1,0.6074453877557924,1,1
2010-09-30,CHFUSD,CH,0,-0.004273075990141978,2010,408,1,0.5624092090905801,0,1
2010-09-30,EURUSD,EZ,1,0.02131377282007274,2010,408,1,0.6274886957190032,1,1
2010-09-30,GBPUSD,GB,1,0.018204653799845483,2010,408,1,0.5984440758598847,1,1
2010-09-30,JPYUSD,JP,1,0.037197142416386164,2010,408,1,0.5415748271908744,0,1
2010-09-30,NOKUSD,NO,1,0.0028368331449937223,2010,408,1,0.6245420435644293,1,1
2010-09-30,NZDUSD,NZ,1,0.03959324154976218,2010,408,1,0.664503488225816,1,1
2010-09-30,SEKUSD,SE,1,0.008583743691391588,2010,408,1,0.6139847038358109,1,1
2010-10-31,AUDUSD,AU,0,-0.01968628378878161,2010,408,1,0.6443438386293184,1,1
2010-10-31,CADUSD,CA,0,-0.007725066530182189,2010,408,1,0.5914727568110468,1,1
2010-10-31,CHFUSD,CH,0,-0.013612511683780915,2010,408,1,0.5450972241610774,0,1
2010-10-31,EURUSD,EZ,0,-0.06374233129537399,2010,408,1,0.605915040734466,1,1
2010-10-31,GBPUSD,GB,0,-0.027978279142456375,2010,408,1,0.5911611616820845,1,1
2010-10-31,JPYUSD,JP,0,-0.03755623033693567,2010,408,1,0.5492658266321009,0,1
2010-10-31,NOKUSD,NO,0,-0.051164852014830675,2010,408,1,0.5928617867480946,1,1
2010-10-31,NZDUSD,NZ,0,-0.023889656357502898,2010,408,1,0.6515191820796625,1,1
2010-10-31,SEKUSD,SE,0,-0.04487058304625546,2010,408,1,0.5899710985645189,1,1
2010-11-30,AUDUSD,AU,1,0.05221927336428478,2010,408,1,0.6401131400561859,1,1
2010-11-30,CADUSD,CA,1,0.025352775901229693,2010,408,1,0.5852947540308593,1,1
2010-11-30,CHFUSD,CH,1,0.06367759989872733,2010,408,1,0.5395624905802011,0,1
2010-11-30,EURUSD,EZ,1,0.017715726578984237,2010,408,1,0.5803459495095501,1,1
2010-11-30,GBPUSD,GB,0,-0.012011768574406223,2010,408,1,0.5768199163148394,1,1
2010-11-30,JPYUSD,JP,1,0.022878199318180137,2010,408,1,0.5237617020813679,0,1
2010-11-30,NOKUSD,NO,1,0.04914257226811958,2010,408,1,0.5691516156659023,1,1
2010-11-30,NZDUSD,NZ,1,0.03198792423102259,2010,408,1,0.6305334806318332,1,1
2010-11-30,SEKUSD,SE,1,0.03710046692106905,2010,408,1,0.5743247267321945,1,1
2010-12-31,AUDUSD,AU,0,-0.01452906441415087,2010,408,1,0.6575180900121592,1,1
2010-12-31,CADUSD,CA,0,-0.0010984074198370712,2010,408,1,0.5862943245944736,1,1
2010-12-31,CHFUSD,CH,0,-0.003516065632887748,2010,408,1,0.5608045945626164,0,1
2010-12-31,EURUSD,EZ,1,0.03305963683526714,2010,408,1,0.6048844546199852,1,1
2010-12-31,GBPUSD,GB,1,0.04136238902138223,2010,408,1,0.5783673123092589,1,1
2010-12-31,JPYUSD,JP,0,-0.0036665892947542744,2010,408,1,0.5353553284672988,0,1
2010-12-31,NOKUSD,NO,1,0.019629818651107467,2010,408,1,0.6011234505895638,1,1
2010-12-31,NZDUSD,NZ,1,0.006224893658034414,2010,408,1,0.6455864679529334,1,1
2010-12-31,SEKUSD,SE,1,0.04933936706188846,2010,408,1,0.5999448783317656,1,1
2011-01-31,AUDUSD,AU,1,0.01965323802283799,2011,420,1,0.6238536749444066,1,1
2011-01-31,CADUSD,CA,1,0.028650033660099564,2011,420,1,0.56519834898637,1,1
2011-01-31,CHFUSD,CH,1,0.010370542507724768,2011,420,1,0.532301625033894,0,1
2011-01-31,EURUSD,EZ,1,0.005671092703816272,2011,420,1,0.585278612383023,1,1
2011-01-31,GBPUSD,GB,1,0.01269799340288047,2011,420,1,0.5810619270496676,1,1
2011-01-31,JPYUSD,JP,1,0.0003660545462134124,2011,420,1,0.515295766334379,0,1
2011-01-31,NOKUSD,NO,1,0.028466236338822615,2011,420,1,0.5827950301328974,1,1
2011-01-31,NZDUSD,NZ,0,-0.027923423976884743,2011,420,1,0.618140711485211,1,1
2011-01-31,SEKUSD,SE,1,0.01371342717904156,2011,420,1,0.5882606797616574,1,1
2011-02-28,AUDUSD,AU,1,0.017923721601126413,2011,420,1,0.6075130763513056,1,1
2011-02-28,CADUSD,CA,1,0.0020561331393172053,2011,420,1,0.5544112454158123,1,1
2011-02-28,CHFUSD,CH,1,0.016033275968619004,2011,420,1,0.5152727671313565,0,1
2011-02-28,EURUSD,EZ,1,0.027882847219087625,2011,420,1,0.5802171237176538,1,1
2011-02-28,GBPUSD,GB,0,-0.01232404512803359,2011,420,1,0.5595224306361704,1,1
2011-02-28,JPYUSD,JP,0,-0.00995758075861719,2011,420,0,0.49787722375994364,0,1
2011-02-28,NOKUSD,NO,1,0.01442539726785963,2011,420,1,0.5721069438997114,1,1
2011-02-28,NZDUSD,NZ,1,0.01543464451107801,2011,420,1,0.5889017815445908,1,1
2011-02-28,SEKUSD,SE,1,0.004866650990655419,2011,420,1,0.5736028282076023,1,1
2011-03-31,AUDUSD,AU,1,0.05439236835138886,2011,420,1,0.6158434271891573,1,1
2011-03-31,CADUSD,CA,1,0.024059901401912137,2011,420,1,0.5627359020247085,1,1
2011-03-31,CHFUSD,CH,1,0.05511129080787751,2011,420,1,0.5307339193638013,0,1
2011-03-31,EURUSD,EZ,1,0.04400102966230751,2011,420,1,0.6058076327344134,1,1
2011-03-31,GBPUSD,GB,1,0.039285420776700775,2011,420,1,0.570766590747716,1,1
2011-03-31,JPYUSD,JP,1,0.017675842657596696,2011,420,1,0.5095582041804183,0,1
2011-03-31,NOKUSD,NO,1,0.054519125148974945,2011,420,1,0.5872156316470085,1,1
2011-03-31,NZDUSD,NZ,1,0.05463891553274264,2011,420,1,0.6000211919642653,1,1
2011-03-31,SEKUSD,SE,1,0.046624108050948854,2011,420,1,0.5874884048444534,1,1
2011-04-30,AUDUSD,AU,0,-0.02565311761539009,2011,420,1,0.6311931698104618,1,1
2011-04-30,CADUSD,CA,0,-0.021070978795401325,2011,420,1,0.5743890634620151,1,1
2011-04-30,CHFUSD,CH,1,0.016404300148137013,2011,420,1,0.5490237066206772,0,1
2011-04-30,EURUSD,EZ,0,-0.030484944493520016,2011,420,1,0.6186043596919557,1,1
2011-04-30,GBPUSD,GB,0,-0.015213091468907203,2011,420,1,0.5835200810559275,1,1
2011-04-30,JPYUSD,JP,1,0.00024600246126471603,2011,420,1,0.5194679690982713,0,1
2011-04-30,NOKUSD,NO,0,-0.026813882855385662,2011,420,1,0.5996558008557308,1,1
2011-04-30,NZDUSD,NZ,1,0.020001893898541706,2011,420,1,0.6161852213839647,1,1
2011-04-30,SEKUSD,SE,0,-0.024928157252063654,2011,420,1,0.5967461044320705,1,1
2011-05-31,AUDUSD,AU,1,0.006731513825679103,2011,420,1,0.5883411063307374,1,1
2011-05-31,CADUSD,CA,1,0.004759450267360701,2011,420,1,0.5373827462046076,1,1
2011-05-31,CHFUSD,CH,1,0.01322489460090398,2011,420,1,0.5172866521914989,1,1
2011-05-31,EURUSD,EZ,1,0.010173450144409013,2011,420,1,0.577690813840862,1,1
2011-05-31,GBPUSD,GB,0,-0.022889081466175243,2011,420,1,0.5451386273210793,1,1
2011-05-31,JPYUSD,JP,1,0.008028203435422654,2011,420,0,0.49558050718892965,0,1
2011-05-31,NOKUSD,NO,1,0.0013572433314958943,2011,420,1,0.5543495915661736,1,1
2011-05-31,NZDUSD,NZ,1,0.006418429542830756,2011,420,1,0.5845206336241217,1,1
2011-05-31,SEKUSD,SE,0,-0.0199997051182792,2011,420,1,0.5508624283571325,1,1
2011-06-30,AUDUSD,AU,1,0.024756245193921084,2011,420,1,0.5908204562232587,1,1
2011-06-30,CADUSD,CA,1,0.010739897820359619,2011,420,1,0.5379870405842201,1,1
2011-06-30,CHFUSD,CH,1,0.06532332919716402,2011,420,1,0.5167189330150475,1,1
2011-06-30,EURUSD,EZ,0,-0.009339073792289376,2011,420,1,0.5882409858774307,1,1
2011-06-30,GBPUSD,GB,1,0.023861903334105206,2011,420,1,0.5436052913604454,1,1
2011-06-30,JPYUSD,JP,1,0.04385444821358586,2011,420,1,0.5007159313533504,0,1
2011-06-30,NOKUSD,NO,0,-1.86048242314385e-05,2011,420,1,0.559855798313889,1,1
2011-06-30,NZDUSD,NZ,1,0.05769477943959142,2011,420,1,0.5876200871873166,1,1
2011-06-30,SEKUSD,SE,1,0.002653174640178557,2011,420,1,0.5444172375539195,1,1
2011-07-31,AUDUSD,AU,0,-0.027555537868185806,2011,420,1,0.5804523487086666,1,1
2011-07-31,CADUSD,CA,0,-0.02525752731222078,2011,420,1,0.5280173358173675,1,1
2011-07-31,CHFUSD,CH,0,-0.01972549665549675,2011,420,1,0.5115275509439634,0,1
2011-07-31,EURUSD,EZ,1,0.0012502606337936872,2011,420,1,0.568600979891955,1,1
2011-07-31,GBPUSD,GB,0,-0.011367925868269957,2011,420,1,0.5407263033165233,1,1
2011-07-31,JPYUSD,JP,1,0.008849615276982803,2011,420,1,0.5023474998100613,1,1
2011-07-31,NOKUSD,NO,1,0.004848946464613313,2011,420,1,0.5431166196570157,1,1
2011-07-31,NZDUSD,NZ,0,-0.02597248779911096,2011,420,1,0.5884176581954796,1,1
2011-07-31,SEKUSD,SE,0,-0.005758127629727827,2011,420,1,0.5370757445437753,1,1
2011-08-31,AUDUSD,AU,0,-0.09377892892157166,2011,420,1,0.600545535100166,1,1
2011-08-31,CADUSD,CA,0,-0.06010136861310291,2011,420,1,0.551389402559011,1,1
2011-08-31,CHFUSD,CH,0,-0.11836344278680995,2011,420,1,0.5194512647242352,0,1
2011-08-31,EURUSD,EZ,0,-0.06874003262575912,2011,420,1,0.6035805220388403,1,1
2011-08-31,GBPUSD,GB,0,-0.040453262952655444,2011,420,1,0.5668787047611397,1,1
2011-08-31,JPYUSD,JP,0,-0.007034026657380288,2011,420,1,0.5390674136067393,0,1
2011-08-31,NOKUSD,NO,0,-0.08727307390870753,2011,420,1,0.57364060841204,1,1
2011-08-31,NZDUSD,NZ,0,-0.1080799417005574,2011,420,1,0.6026153553586466,1,1
2011-08-31,SEKUSD,SE,0,-0.07562976753341233,2011,420,1,0.5591183308640195,1,1
2011-09-30,AUDUSD,AU,1,0.08514524165835047,2011,420,1,0.5876352663215288,1,1
2011-09-30,CADUSD,CA,1,0.04498568644247455,2011,420,1,0.5461288215169614,1,1
2011-09-30,CHFUSD,CH,1,0.03853129568371351,2011,420,1,0.5056072977799535,0,1
2011-09-30,EURUSD,EZ,1,0.036359677535145296,2011,420,1,0.5938445060345805,1,1
2011-09-30,GBPUSD,GB,1,0.032554425216764826,2011,420,1,0.5692917652166074,1,1
2011-09-30,JPYUSD,JP,0,-0.011999369831638518,2011,420,1,0.5470586896337425,1,1
2011-09-30,NOKUSD,NO,1,0.0570556230704693,2011,420,1,0.5598132866057773,1,1
2011-09-30,NZDUSD,NZ,1,0.05636186070032584,2011,420,1,0.5871301320189947,1,1
2011-09-30,SEKUSD,SE,1,0.05354186679665052,2011,420,1,0.5461036159134693,1,1
2011-10-31,AUDUSD,AU,0,-0.035104784288612925,2011,420,1,0.6278163762141314,1,1
2011-10-31,CADUSD,CA,0,-0.026527808622461096,2011,420,1,0.5714607582269454,1,1
2011-10-31,CHFUSD,CH,0,-0.04492109378248449,2011,420,1,0.5350698054000189,0,1
2011-10-31,EURUSD,EZ,0,-0.036062301873151625,2011,420,1,0.6200332022125445,1,1
2011-10-31,GBPUSD,GB,0,-0.027383485800532792,2011,420,1,0.5859298571974856,1,1
2011-10-31,JPYUSD,JP,1,0.005014475309687683,2011,420,1,0.5436194711488067,1,1
2011-10-31,NOKUSD,NO,0,-0.04455664558496819,2011,420,1,0.5930196837716717,1,1
2011-10-31,NZDUSD,NZ,0,-0.044188698205302857,2011,420,1,0.6182073599197919,1,1
2011-10-31,SEKUSD,SE,0,-0.04418602117601145,2011,420,1,0.569389811691298,1,1
2011-11-30,AUDUSD,AU,1,0.0006830934639855853,2011,420,1,0.5922770986395299,1,1
2011-11-30,CADUSD,CA,1,0.00304414238122825,2011,420,1,0.554459894366488,1,1
2011-11-30,CHFUSD,CH,0,-0.029006362587924148,2011,420,1,0.5225772146485222,0,1
2011-11-30,EURUSD,EZ,0,-0.036331854914530504,2011,420,1,0.6071277886702937,1,1
2011-11-30,GBPUSD,GB,0,-0.010754856880745733,2011,420,1,0.5678537348058992,1,1
2011-11-30,JPYUSD,JP,1,0.007764014156220966,2011,420,1,0.5447466259963617,0,1
2011-11-30,NOKUSD,NO,0,-0.03476165043196677,2011,420,1,0.5681390476912923,1,1
2011-11-30,NZDUSD,NZ,1,0.004623097999111564,2011,420,1,0.5882336873012475,1,1
2011-11-30,SEKUSD,SE,0,-0.017345546845727533,2011,420,1,0.5392657389131945,1,1
2011-12-31,AUDUSD,AU,1,0.033290042269306035,2011,420,1,0.597320464367764,1,1
2011-12-31,CADUSD,CA,1,0.011672899382068263,2011,420,1,0.5617953363202917,1,1
2011-12-31,CHFUSD,CH,1,0.016564861932012023,2011,420,1,0.5264287283353165,1,1
2011-12-31,EURUSD,EZ,1,0.006147717817777398,2011,420,1,0.5984509160483549,1,1
2011-12-31,GBPUSD,GB,1,0.013870025171268396,2011,420,1,0.5700527462481101,1,1
2011-12-31,JPYUSD,JP,1,0.008348600538516493,2011,420,1,0.543277900930293,1,1
2011-12-31,NOKUSD,NO,1,0.01607979786390379,2011,420,1,0.561183211183248,1,1
2011-12-31,NZDUSD,NZ,1,0.05496368031731291,2011,420,1,0.6045701488482056,1,1
2011-12-31,SEKUSD,SE,1,0.008415073982710686,2011,420,1,0.5469248579991104,1,1
2012-01-31,AUDUSD,AU,1,0.016748929544124352,2012,432,1,0.5809983215067871,1,1
2012-01-31,CADUSD,CA,1,0.018478131693538104,2012,432,1,0.5557781201310134,1,1
2012-01-31,CHFUSD,CH,1,0.021598164556138763,2012,432,1,0.5174113644530227,0,1
2012-01-31,EURUSD,EZ,1,0.023172322601022366,2012,432,1,0.5773369558907306,1,1
2012-01-31,GBPUSD,GB,1,0.012427221909178554,2012,432,1,0.5666940421329592,1,1
2012-01-31,JPYUSD,JP,0,-0.0604859138042837,2012,432,1,0.5499725347369281,1,1
2012-01-31,NOKUSD,NO,1,0.05230647024228485,2012,432,1,0.5518606845737324,1,1
2012-01-31,NZDUSD,NZ,1,0.01814626491671789,2012,432,1,0.59275957486523,1,1
2012-01-31,SEKUSD,SE,1,0.03459943343810301,2012,432,1,0.5429050394377696,1,1
2012-02-29,AUDUSD,AU,0,-0.038786549273719766,2012,432,1,0.6154367020712718,1,1
2012-02-29,CADUSD,CA,0,-0.012490089848915541,2012,432,1,0.5784483292286257,1,1
2012-02-29,CHFUSD,CH,0,-0.0003324283924456828,2012,432,1,0.5433828387385575,0,1
2012-02-29,EURUSD,EZ,0,-0.001873150811806834,2012,432,1,0.5950031243292915,1,1
2012-02-29,GBPUSD,GB,1,0.002129259321493715,2012,432,1,0.5878986032000223,1,1
2012-02-29,JPYUSD,JP,0,-0.016023827653924627,2012,432,1,0.5575460437501139,0,1
2012-02-29,NOKUSD,NO,0,-0.02242461224816439,2012,432,1,0.5808404897648564,1,1
2012-02-29,NZDUSD,NZ,0,-0.023740344931218793,2012,432,1,0.6264360752598438,1,1
2012-02-29,SEKUSD,SE,0,-0.005271381702230071,2012,432,1,0.566939409566241,1,1
2012-03-31,AUDUSD,AU,1,0.004139198285902451,2012,432,1,0.6273363334250651,1,1
2012-03-31,CADUSD,CA,1,0.010464977775694414,2012,432,1,0.5819027554647023,1,1
2012-03-31,CHFUSD,CH,0,-0.006075017302881902,2012,432,1,0.5597996280702908,0,1
2012-03-31,EURUSD,EZ,0,-0.007905774715625202,2012,432,1,0.6042934425870862,1,1
2012-03-31,GBPUSD,GB,1,0.014902480078348934,2012,432,1,0.5931961988579528,1,1
2012-03-31,JPYUSD,JP,1,0.03205797888737383,2012,432,1,0.5386337120815713,0,1
2012-03-31,NOKUSD,NO,0,-0.0048128762714521045,2012,432,1,0.6040034632256948,1,1
2012-03-31,NZDUSD,NZ,0,-0.003175769128121786,2012,432,1,0.6348611259688822,1,1
2012-03-31,SEKUSD,SE,0,-0.016229330100737016,2012,432,1,0.576307490021145,1,1
2012-04-30,AUDUSD,AU,0,-0.06950761901466049,2012,432,1,0.613362047531657,1,1
2012-04-30,CADUSD,CA,0,-0.045770281801268256,2012,432,1,0.5873006626176874,1,1
2012-04-30,CHFUSD,CH,0,-0.06728087571250224,2012,432,1,0.5659028201774529,0,1
2012-04-30,EURUSD,EZ,0,-0.06762236521037318,2012,432,1,0.6165552831471013,1,1
2012-04-30,GBPUSD,GB,0,-0.05186113054152253,2012,432,1,0.5993436319854157,1,1
2012-04-30,JPYUSD,JP,1,0.01922892896809536,2012,432,1,0.5426251555154323,0,1
2012-04-30,NOKUSD,NO,0,-0.06458107732401963,2012,432,1,0.6059192015695369,1,1
2012-04-30,NZDUSD,NZ,0,-0.0824618290896906,2012,432,1,0.6218118605547139,1,1
2012-04-30,SEKUSD,SE,0,-0.07694837863285597,2012,432,1,0.5856534632695886,1,1
2012-05-31,AUDUSD,AU,1,0.05265165468532549,2012,432,1,0.5893591065928575,1,1
2012-05-31,CADUSD,CA,1,0.015483049451402591,2012,432,1,0.5893410067500634,1,1
2012-05-31,CHFUSD,CH,1,0.023753591033215973,2012,432,1,0.5636632095244763,0,1
2012-05-31,EURUSD,EZ,1,0.02429010440652346,2012,432,1,0.6155095500959558,1,1
2012-05-31,GBPUSD,GB,1,0.018076462741843546,2012,432,1,0.6024740498563832,1,1
2012-05-31,JPYUSD,JP,0,-0.01922892896809536,2012,432,1,0.5771921806393895,0,1
2012-05-31,NOKUSD,NO,1,0.02579761425754823,2012,432,1,0.5898305428964382,1,1
2012-05-31,NZDUSD,NZ,1,0.06431430309704478,2012,432,1,0.6172070382367831,1,1
2012-05-31,SEKUSD,SE,1,0.04983468444095451,2012,432,1,0.5716341762247512,1,1
2012-06-30,AUDUSD,AU,1,0.027557385011073063,2012,432,1,0.5672486668418918,1,1
2012-06-30,CADUSD,CA,1,0.0174227333268802,2012,432,1,0.5708814953646355,1,1
2012-06-30,CHFUSD,CH,0,-0.027863326602900498,2012,432,1,0.5415639157780603,0,1
2012-06-30,EURUSD,EZ,0,-0.02826109710389202,2012,432,1,0.5913625050977422,1,1
2012-06-30,GBPUSD,GB,0,0.0,2012,432,1,0.5778841310756788,1,1
2012-06-30,JPYUSD,JP,1,0.021658753042277823,2012,432,1,0.5788603632617789,0,1
2012-06-30,NOKUSD,NO,0,-0.010824460487942389,2012,432,1,0.5762327997172972,1,1
2012-06-30,NZDUSD,NZ,1,0.010903341817114776,2012,432,1,0.5947791016046555,1,1
2012-06-30,SEKUSD,SE,1,0.018293415616037922,2012,432,1,0.547745222097316,1,1
2012-07-31,AUDUSD,AU,0,-0.018028873443622542,2012,432,1,0.5790354533416615,1,1
2012-07-31,CADUSD,CA,1,0.015295126105818803,2012,432,1,0.5708369663862469,1,1
2012-07-31,CHFUSD,CH,1,0.021452711406173174,2012,432,1,0.5499411052111839,0,1
2012-07-31,EURUSD,EZ,1,0.021131224548810362,2012,432,1,0.5921906748415848,1,1
2012-07-31,GBPUSD,GB,1,0.011283796427020099,2012,432,1,0.5747235153135813,1,1
2012-07-31,JPYUSD,JP,0,-0.0025575461511166964,2012,432,1,0.5677006458692271,0,1
2012-07-31,NOKUSD,NO,1,0.037219029477824295,2012,432,1,0.5813094410934004,1,1
2012-07-31,NZDUSD,NZ,0,-0.009658321735973197,2012,432,1,0.6164789507655758,1,1
2012-07-31,SEKUSD,SE,1,0.025276251269757744,2012,432,1,0.5588819960360851,1,1
2012-08-31,AUDUSD,AU,1,0.005211863935509001,2012,432,1,0.5860380207236658,1,1
2012-08-31,CADUSD,CA,1,0.002538201271313446,2012,432,1,0.5562884778948373,1,1
2012-08-31,CHFUSD,CH,1,0.015412529307746593,2012,432,1,0.5281714006006494,0,1
2012-08-31,EURUSD,EZ,1,0.02186137231389987,2012,432,1,0.5628809337196315,0,1
2012-08-31,GBPUSD,GB,1,0.016752485793626815,2012,432,1,0.5514260747437052,1,1
2012-08-31,JPYUSD,JP,1,0.004864943662477472,2012,432,1,0.5307600753353247,0,1
2012-08-31,NOKUSD,NO,1,0.012109583970730808,2012,432,1,0.5639911353589115,1,1
2012-08-31,NZDUSD,NZ,1,0.03135590623848539,2012,432,1,0.6104619907223369,1,1
2012-08-31,SEKUSD,SE,1,0.007995491105576402,2012,432,1,0.5526111374765046,1,1
2012-09-30,AUDUSD,AU,0,-0.0017342715590660737,2012,432,1,0.5472685287510178,1,1
2012-09-30,CADUSD,CA,0,-0.01583412639139233,2012,432,1,0.5373807852683847,1,1
2012-09-30,CHFUSD,CH,1,0.009513192369565444,2012,432,1,0.5043188232670384,0,1
2012-09-30,EURUSD,EZ,1,0.007902729592554059,2012,432,1,0.5294052994727656,0,1
2012-09-30,GBPUSD,GB,0,-0.0013026085022721512,2012,432,1,0.53104191072744,1,1
2012-09-30,JPYUSD,JP,0,-0.0255936939488981,2012,432,1,0.5206042443770886,0,1
2012-09-30,NOKUSD,NO,1,0.0037948055017593685,2012,432,1,0.5408763803405224,1,1
2012-09-30,NZDUSD,NZ,0,-0.00884157640097824,2012,432,1,0.5672926681526115,1,1
2012-09-30,SEKUSD,SE,0,-0.010591248803463404,2012,432,1,0.5208090730520837,1,1
2012-10-31,AUDUSD,AU,1,0.005673364897639865,2012,432,1,0.542760013991463,1,1
2012-10-31,CADUSD,CA,1,0.006323735000791609,2012,432,1,0.5419111945614861,1,1
2012-10-31,CHFUSD,CH,1,0.005060576075753276,2012,432,1,0.5283135600102592,0,1
2012-10-31,EURUSD,EZ,1,0.004004934496648294,2012,432,1,0.5544675588056666,0,1
2012-10-31,GBPUSD,GB,0,-0.005227468497411181,2012,432,1,0.5443907410737805,1,1
2012-10-31,JPYUSD,JP,0,-0.032006671041258095,2012,432,1,0.5217100379623346,0,1
2012-10-31,NOKUSD,NO,1,0.00717416169806695,2012,432,1,0.5615789977183068,1,1
2012-10-31,NZDUSD,NZ,0,-0.002314111013814263,2012,432,1,0.5801498373613532,1,1
2012-10-31,SEKUSD,SE,0,-0.003700866254101376,2012,432,1,0.5259323582157311,1,1
2012-11-30,AUDUSD,AU,0,-0.003457884532791243,2012,432,1,0.558660225961911,1,1
2012-11-30,CADUSD,CA,0,-0.002715070298769398,2012,432,1,0.5390053277903097,1,1
2012-11-30,CHFUSD,CH,1,0.011835742704165528,2012,432,1,0.5274492783453956,0,1
2012-11-30,EURUSD,EZ,1,0.013437368166694053,2012,432,1,0.5579226419913174,0,1
2012-11-30,GBPUSD,GB,1,0.014556297774207527,2012,432,1,0.5474009420059296,1,1
2012-11-30,JPYUSD,JP,0,-0.048478578368299274,2012,432,1,0.5240304803446459,0,1
2012-11-30,NOKUSD,NO,1,0.01868514084687356,2012,432,1,0.5572117597995508,1,1
2012-11-30,NZDUSD,NZ,1,0.00801558821626433,2012,432,1,0.5855729639606571,1,1
2012-11-30,SEKUSD,SE,1,0.023089399519704568,2012,432,1,0.5216115128896065,1,1
2012-12-31,AUDUSD,AU,1,0.0038413568795476957,2012,432,1,0.5505560283322316,1,1
2012-12-31,CADUSD,CA,0,-0.0034085246032855804,2012,432,1,0.533892225966615,1,1
2012-12-31,CHFUSD,CH,1,0.006795291382698146,2012,432,1,0.5143903672463793,0,1
2012-12-31,EURUSD,EZ,1,0.02973696887788363,2012,432,1,0.5428900130917061,0,1
2012-12-31,GBPUSD,GB,0,-0.025283120198013764,2012,432,1,0.5362674178436004,1,1
2012-12-31,JPYUSD,JP,0,-0.052170102861085255,2012,432,1,0.5096297397918895,0,1
2012-12-31,NOKUSD,NO,1,0.017008878015169815,2012,432,1,0.5505134436701289,1,1
2012-12-31,NZDUSD,NZ,1,0.01560281293088761,2012,432,1,0.5726025955014108,1,1
2012-12-31,SEKUSD,SE,1,0.023965627929681155,2012,432,1,0.5145533824939514,1,1
2013-01-31,AUDUSD,AU,0,-0.018574588392531635,2013,444,1,0.5537072533893407,1,1
2013-01-31,CADUSD,CA,0,-0.028998974529447878,2013,444,1,0.5365309279905451,1,1
2013-01-31,CHFUSD,CH,0,-0.02637300824047903,2013,444,1,0.513542770183626,0,1
2013-01-31,EURUSD,EZ,0,-0.03788473906197615,2013,444,1,0.5447002914932257,0,1
2013-01-31,GBPUSD,GB,0,-0.04277900407764729,2013,444,1,0.5400144352881596,1,1
2013-01-31,JPYUSD,JP,0,-0.011762278932474501,2013,444,1,0.509511579777256,0,1
2013-01-31,NOKUSD,NO,0,-0.04521321681028856,2013,444,1,0.5522606924133886,1,1
2013-01-31,NZDUSD,NZ,0,-0.013307155546216087,2013,444,1,0.5735229115198215,1,1
2013-01-31,SEKUSD,SE,0,-0.015384798687932522,2013,444,1,0.52176662449567,1,1
2013-02-28,AUDUSD,AU,1,0.01627154544003069,2013,444,1,0.5647579107123317,1,1
2013-02-28,CADUSD,CA,1,0.01094830095215106,2013,444,1,0.5465030035460006,1,1
2013-02-28,CHFUSD,CH,0,-0.016360717637581623,2013,444,1,0.5250877669660441,0,1
2013-02-28,EURUSD,EZ,0,-0.02031350018101194,2013,444,1,0.5703178280179869,0,1
2013-02-28,GBPUSD,GB,1,6.58219516446179e-05,2013,444,1,0.5492349321446374,1,1
2013-02-28,JPYUSD,JP,0,-0.01930147846572705,2013,444,1,0.5089084228924018,0,1
2013-02-28,NOKUSD,NO,0,-0.02139202235083615,2013,444,1,0.5718711291654706,1,1
2013-02-28,NZDUSD,NZ,1,0.008891083441400133,2013,444,1,0.5922569968507344,1,1
2013-02-28,SEKUSD,SE,0,-0.011741456019407126,2013,444,1,0.5437964390190337,1,1
2013-03-31,AUDUSD,AU,0,-0.0035609488569134096,2013,444,1,0.564664192454777,1,1
2013-03-31,CADUSD,CA,1,0.010076149658527262,2013,444,1,0.5365691811253716,1,1
2013-03-31,CHFUSD,CH,1,0.020439289353443538,2013,444,1,0.5213471627615688,0,1
2013-03-31,EURUSD,EZ,1,0.02709525360871054,2013,444,1,0.5610255181653293,0,1
2013-03-31,GBPUSD,GB,1,0.022518197342967727,2013,444,1,0.5318304766671368,1,1
2013-03-31,JPYUSD,JP,0,-0.03506202222099386,2013,444,1,0.5131578647389174,0,1
2013-03-31,NOKUSD,NO,1,0.013296785642264108,2013,444,1,0.5512685016479089,1,1
2013-03-31,NZDUSD,NZ,1,0.025975486403260695,2013,444,1,0.5815411211328062,1,1
2013-03-31,SEKUSD,SE,1,0.007117796025220224,2013,444,1,0.5351573266935112,1,1
2013-04-30,AUDUSD,AU,0,-0.07651378289873545,2013,444,1,0.560095241452199,1,1
2013-04-30,CADUSD,CA,0,-0.025970394844301616,2013,444,1,0.5354317006649228,1,1
2013-04-30,CHFUSD,CH,0,-0.03019137209323234,2013,444,1,0.511113993038102,0,1
2013-04-30,EURUSD,EZ,0,-0.013763789694114514,2013,444,1,0.5424126869960887,0,1
2013-04-30,GBPUSD,GB,0,-0.02304489430688511,2013,444,1,0.5322224886061658,1,1
2013-04-30,JPYUSD,JP,0,-0.033378445232108866,2013,444,1,0.5231613496272823,0,1
2013-04-30,NOKUSD,NO,0,-0.016320645671306755,2013,444,1,0.53685599524696,1,1
2013-04-30,NZDUSD,NZ,0,-0.0733730799795125,2013,444,1,0.569510237334371,1,1
2013-04-30,SEKUSD,SE,0,-0.021429718552339327,2013,444,1,0.5218334937655138,1,1
2013-05-31,AUDUSD,AU,0,-0.04720420348601409,2013,444,1,0.5326414336591271,1,1
2013-05-31,CADUSD,CA,0,-0.016882895007345994,2013,444,1,0.5193371081076313,1,1
2013-05-31,CHFUSD,CH,1,0.013975953855974062,2013,444,0,0.49495273779792914,0,1
2013-05-31,EURUSD,EZ,1,0.0016924382838143792,2013,444,1,0.5243548312524259,0,1
2013-05-31,GBPUSD,GB,1,0.0016450077734893598,2013,444,1,0.5210904686631966,1,1
2013-05-31,JPYUSD,JP,1,0.016197114743313534,2013,444,0,0.4997049409723474,0,1
2013-05-31,NOKUSD,NO,0,-0.03815532354039175,2013,444,1,0.5200342112896665,1,1
2013-05-31,NZDUSD,NZ,0,-0.027723036891856317,2013,444,1,0.5503970823791889,1,1
2013-05-31,SEKUSD,SE,0,-0.01643002684507966,2013,444,0,0.4983026301168792,1,1
2013-06-30,AUDUSD,AU,0,-0.02295653179861,2013,444,1,0.524593138555821,1,1
2013-06-30,CADUSD,CA,1,0.021731624444800854,2013,444,1,0.5200046273998163,1,1
2013-06-30,CHFUSD,CH,1,0.01772225309346072,2013,444,0,0.4969704262209488,0,1
2013-06-30,EURUSD,EZ,1,0.0206914425941081,2013,444,1,0.5356247731541065,0,1
2013-06-30,GBPUSD,GB,0,-0.002171982293292629,2013,444,1,0.5239000713649485,1,1
2013-06-30,JPYUSD,JP,1,0.008706270826743356,2013,444,0,0.49518424326528804,0,1
2013-06-30,NOKUSD,NO,1,0.03106725429409085,2013,444,1,0.5279487813742292,1,1
2013-06-30,NZDUSD,NZ,1,0.024959910290844378,2013,444,1,0.5468082901586888,1,1
2013-06-30,SEKUSD,SE,1,0.03068067673960062,2013,444,1,0.5057303750310604,1,1
2013-07-31,AUDUSD,AU,0,-0.00627171951626386,2013,444,1,0.5258427714459376,1,1
2013-07-31,CADUSD,CA,0,-0.025623972834583085,2013,444,1,0.5218889927652869,1,1
2013-07-31,CHFUSD,CH,0,-0.003118785127330298,2013,444,0,0.49463168624512194,0,1
2013-07-31,EURUSD,EZ,0,-0.006495981752186908,2013,444,1,0.5330723747786464,1,1
2013-07-31,GBPUSD,GB,1,0.01899224976714181,2013,444,1,0.5264729667074356,1,1
2013-07-31,JPYUSD,JP,1,0.001322684223969084,2013,444,1,0.5125600472218543,0,1
2013-07-31,NOKUSD,NO,0,-0.03725466354483187,2013,444,1,0.5237916180664989,1,1
2013-07-31,NZDUSD,NZ,0,-0.028318218794612493,2013,444,1,0.545724612530832,1,1
2013-07-31,SEKUSD,SE,0,-0.016015902052158193,2013,444,1,0.5071471035391559,1,1
2013-08-31,AUDUSD,AU,1,0.04835673210312186,2013,444,1,0.5482602231304748,1,1
2013-08-31,CADUSD,CA,1,0.02591564557983294,2013,444,1,0.5464386091676418,1,1
2013-08-31,CHFUSD,CH,1,0.029641485784291363,2013,444,1,0.5162768947881843,0,1
2013-08-31,EURUSD,EZ,1,0.025365169699929413,2013,444,1,0.5520368318406446,1,1
2013-08-31,GBPUSD,GB,1,0.044940731278149015,2013,444,1,0.5450655107518153,1,1
2013-08-31,JPYUSD,JP,0,-0.0007124319674396418,2013,444,1,0.5300592452228197,0,1
2013-08-31,NOKUSD,NO,1,0.019376811080831224,2013,444,1,0.5519084926559223,1,1
2013-08-31,NZDUSD,NZ,1,0.07404327863922416,2013,444,1,0.5815660084817095,1,1
2013-08-31,SEKUSD,SE,1,0.034396527576509905,2013,444,1,0.533514421669828,1,1
2013-09-30,AUDUSD,AU,1,0.01371413616404804,2013,444,1,0.5653610479658966,1,1
2013-09-30,CADUSD,CA,0,-0.014001097735432705,2013,444,1,0.5516728888916955,1,1
2013-09-30,CHFUSD,CH,0,-0.0016577337055976027,2013,444,1,0.5199939679464242,0,1
2013-09-30,EURUSD,EZ,1,0.004349595858181954,2013,444,1,0.5620196551009997,1,1
2013-09-30,GBPUSD,GB,0,-0.006884388526163854,2013,444,1,0.5571651661551269,1,1
2013-09-30,JPYUSD,JP,1,0.001934926007220561,2013,444,1,0.5323610253399124,0,1
2013-09-30,NOKUSD,NO,1,0.010520162921240805,2013,444,1,0.5647792088782326,1,1
2013-09-30,NZDUSD,NZ,0,-0.005542182860699407,2013,444,1,0.5921620478165159,1,1
2013-09-30,SEKUSD,SE,0,-0.009271188493434002,2013,444,1,0.544508854021704,1,1
2013-10-31,AUDUSD,AU,0,-0.03721659877540917,2013,444,1,0.5763705046061929,1,1
2013-10-31,CADUSD,CA,0,-0.01598055505362333,2013,444,1,0.5417915345201418,1,1
2013-10-31,CHFUSD,CH,1,0.0009943104172225048,2013,444,1,0.5150915054141894,0,1
2013-10-31,EURUSD,EZ,1,0.000882352998422653,2013,444,1,0.5532804030358868,1,1
2013-10-31,GBPUSD,GB,1,0.01880392016031951,2013,444,1,0.5589617288647328,1,1
2013-10-31,JPYUSD,JP,0,-0.04338750811359127,2013,444,1,0.5212544344483222,0,1
2013-10-31,NOKUSD,NO,0,-0.02792051122588446,2013,444,1,0.552014083036779,1,1
2013-10-31,NZDUSD,NZ,0,-0.014604129584815384,2013,444,1,0.5965334628667834,1,1
2013-10-31,SEKUSD,SE,0,-0.012030844136243557,2013,444,1,0.5370956820351102,1,1
2013-11-30,AUDUSD,AU,0,-0.021713492933475784,2013,444,1,0.5768491826415798,1,1
2013-11-30,CADUSD,CA,0,-0.0037675470768288657,2013,444,1,0.5333468793766956,1,1
2013-11-30,CHFUSD,CH,1,0.015932597070360863,2013,444,1,0.5075365103623982,0,1
2013-11-30,EURUSD,EZ,1,0.012634822088896935,2013,444,1,0.5430589869209299,1,1
2013-11-30,GBPUSD,GB,1,0.012201565769495437,2013,444,1,0.5399086821789459,1,1
2013-11-30,JPYUSD,JP,0,-0.026963597877581513,2013,444,1,0.5074664537708333,0,1
2013-11-30,NOKUSD,NO,1,0.008258336007588074,2013,444,1,0.5494615278353555,1,1
2013-11-30,NZDUSD,NZ,1,0.008788046305132496,2013,444,1,0.5882240639624615,1,1
2013-11-30,SEKUSD,SE,1,0.01882441174698246,2013,444,1,0.5231480317812957,1,1
2013-12-31,AUDUSD,AU,0,-0.02105102633632551,2013,444,1,0.5688024629691562,1,1
2013-12-31,CADUSD,CA,0,-0.04404702261072934,2013,444,1,0.5315481169593584,1,1
2013-12-31,CHFUSD,CH,0,-0.016485113798047346,2013,444,1,0.5103926075482549,0,1
2013-12-31,EURUSD,EZ,0,-0.020456008567382167,2013,444,1,0.548123035711547,1,1
2013-12-31,GBPUSD,GB,0,-0.007509725215469776,2013,444,1,0.542629699585411,1,1
2013-12-31,JPYUSD,JP,1,0.028624322139504166,2013,444,1,0.5037152427461464,0,1
2013-12-31,NOKUSD,NO,0,-0.03421034441392323,2013,444,1,0.5471893098576599,1,1
2013-12-31,NZDUSD,NZ,0,-0.017035769553175456,2013,444,1,0.5757874064392694,1,1
2013-12-31,SEKUSD,SE,0,-0.017861749223351042,2013,444,1,0.5180438684332065,1,1
2014-01-31,AUDUSD,AU,1,0.021498904520948117,2014,456,1,0.5455817430990112,1,1
2014-01-31,CADUSD,CA,1,0.0036951959490580527,2014,456,1,0.5255895067695401,1,1
2014-01-31,CHFUSD,CH,1,0.027098287823202852,2014,456,1,0.50750122941307,0,1
2014-01-31,EURUSD,EZ,1,0.02241359483690003,2014,456,1,0.5481401477476044,1,1
2014-01-31,GBPUSD,GB,1,0.018072781059694565,2014,456,1,0.5431848121704118,1,1
2014-01-31,JPYUSD,JP,1,0.0019573308265066203,2014,456,0,0.4774708195087827,1,1
2014-01-31,NOKUSD,NO,1,0.04613469483539334,2014,456,1,0.5392692263055824,1,1
2014-01-31,NZDUSD,NZ,1,0.036411789408714396,2014,456,1,0.5739130677127153,1,1
2014-01-31,SEKUSD,SE,1,0.02012096818324105,2014,456,1,0.5182812834354803,1,1
2014-02-28,AUDUSD,AU,1,0.03757032377379682,2014,456,1,0.5520511218340517,1,1
2014-02-28,CADUSD,CA,1,0.00198843160238088,2014,456,1,0.5170414333846516,1,1
2014-02-28,CHFUSD,CH,0,-0.0033994367014639065,2014,456,1,0.5017317119865313,0,1
2014-02-28,EURUSD,EZ,0,-0.002102745218821922,2014,456,1,0.540473592497357,1,1
2014-02-28,GBPUSD,GB,0,-0.004487666469388141,2014,456,1,0.5359869100045711,1,1
2014-02-28,JPYUSD,JP,0,-0.008777975021516227,2014,456,1,0.5054002985549282,1,1
2014-02-28,NOKUSD,NO,1,0.000801148355432213,2014,456,1,0.5352454042167011,1,1
2014-02-28,NZDUSD,NZ,1,0.03444173153693059,2014,456,1,0.574224676593985,1,1
2014-02-28,SEKUSD,SE,0,-0.009948940892744229,2014,456,1,0.5169279670533773,1,1
2014-03-31,AUDUSD,AU,1,0.0007544323254852769,2014,456,1,0.5631140886801624,1,1
2014-03-31,CADUSD,CA,1,0.008814632927986663,2014,456,1,0.5192708711348013,1,1
2014-03-31,CHFUSD,CH,1,0.004535155165391394,2014,456,1,0.502948312083755,0,1
2014-03-31,EURUSD,EZ,1,0.006727699264278297,2014,456,1,0.5394076389229153,1,1
2014-03-31,GBPUSD,GB,1,0.012396606693369172,2014,456,1,0.5381128854393302,1,1
2014-03-31,JPYUSD,JP,1,0.008190373398497819,2014,456,1,0.5139942257367041,0,1
2014-03-31,NOKUSD,NO,1,0.007155275892402946,2014,456,1,0.5472011099933292,1,1
2014-03-31,NZDUSD,NZ,0,-0.00913882235254257,2014,456,1,0.5854991213780603,1,1
2014-03-31,SEKUSD,SE,0,-0.0046071314705429245,2014,456,1,0.519043200289638,1,1
2014-04-30,AUDUSD,AU,1,0.001722282449408849,2014,456,1,0.5816089747038035,1,1
2014-04-30,CADUSD,CA,1,0.008156577320117084,2014,456,1,0.5343841674861348,1,1
2014-04-30,CHFUSD,CH,0,-0.016231194928582562,2014,456,1,0.507625744165922,0,1
2014-04-30,EURUSD,EZ,0,-0.016721581911424144,2014,456,1,0.5412394084515032,1,1
2014-04-30,GBPUSD,GB,0,-0.0070734684322315555,2014,456,1,0.5379116897112759,1,1
2014-04-30,JPYUSD,JP,1,0.0036290560156579943,2014,456,1,0.5005382688007513,0,1
2014-04-30,NOKUSD,NO,0,-0.005701556538365127,2014,456,1,0.5596692419183745,1,1
2014-04-30,NZDUSD,NZ,0,-0.014043530977313118,2014,456,1,0.6086604029680921,1,1
2014-04-30,SEKUSD,SE,0,-0.02738526301643862,2014,456,1,0.5235266372917113,1,1
2014-05-31,AUDUSD,AU,1,0.013778589145620308,2014,456,1,0.5781454178056843,1,1
2014-05-31,CADUSD,CA,1,0.017732442538436782,2014,456,1,0.5403813656654354,1,1
2014-05-31,CHFUSD,CH,1,0.00853362465867813,2014,456,1,0.5089062894215863,0,1
2014-05-31,EURUSD,EZ,1,0.0036589868850414042,2014,456,1,0.5454038246123663,1,1
2014-05-31,GBPUSD,GB,1,0.020137088366742995,2014,456,1,0.54396057548907,1,1
2014-05-31,JPYUSD,JP,1,0.004826406807973527,2014,456,1,0.5083095769696924,0,1
2014-05-31,NOKUSD,NO,0,-0.02487082416631714,2014,456,1,0.5545544979667385,1,1
2014-05-31,NZDUSD,NZ,1,0.03132506705162544,2014,456,1,0.602457073808437,1,1
2014-05-31,SEKUSD,SE,0,-0.00028415676671245116,2014,456,1,0.5214192461203954,1,1
2014-06-30,AUDUSD,AU,0,-0.01345599115368331,2014,456,1,0.5509507290847424,1,1
2014-06-30,CADUSD,CA,0,-0.019754873821646105,2014,456,1,0.5269604791756805,1,1
2014-06-30,CHFUSD,CH,0,-0.02428547558314642,2014,456,0,0.489950181171939,0,1
2014-06-30,EURUSD,EZ,0,-0.022157479597276375,2014,456,1,0.5165810646297304,0,1
2014-06-30,GBPUSD,GB,0,-0.012708295993783647,2014,456,1,0.5296050546832264,1,1
2014-06-30,JPYUSD,JP,0,-0.014409894980477844,2014,456,0,0.49848810136951466,0,1
2014-06-30,NOKUSD,NO,0,-0.02482428394760605,2014,456,1,0.5376997298140282,1,1
2014-06-30,NZDUSD,NZ,0,-0.030735965414559197,2014,456,1,0.5743954306472291,1,1
2014-06-30,SEKUSD,SE,0,-0.030687371781335404,2014,456,0,0.49780953848781806,1,1
2014-07-31,AUDUSD,AU,1,0.004612504825541305,2014,456,1,0.5538982202590311,1,1
2014-07-31,CADUSD,CA,1,0.002850969880664536,2014,456,1,0.5341859286051575,1,1
2014-07-31,CHFUSD,CH,0,-0.009638628837768629,2014,456,0,0.49591774809976347,0,1
2014-07-31,EURUSD,EZ,0,-0.01808640107930759,2014,456,1,0.5164805689317404,0,1
2014-07-31,GBPUSD,GB,0,-0.01816385003676857,2014,456,1,0.5359662147193354,1,1
2014-07-31,JPYUSD,JP,0,-0.012092045765028203,2014,456,1,0.502129638532749,0,1
2014-07-31,NOKUSD,NO,1,0.016135849795908097,2014,456,1,0.5278688339718786,1,1
2014-07-31,NZDUSD,NZ,0,-0.014593603009794315,2014,456,1,0.5949471771721212,1,1
2014-07-31,SEKUSD,SE,0,-0.011462806914550594,2014,456,0,0.4904814724003932,1,1
2014-08-31,AUDUSD,AU,0,-0.06716754476991366,2014,456,1,0.5533605648818317,1,1
2014-08-31,CADUSD,CA,0,-0.03163644758663155,2014,456,1,0.5266230979847438,1,1
2014-08-31,CHFUSD,CH,0,-0.040586518792790044,2014,456,0,0.4993061694367343,0,1
2014-08-31,EURUSD,EZ,0,-0.040505187928028374,2014,456,1,0.5168437254562183,0,1
2014-08-31,GBPUSD,GB,0,-0.022253623711748827,2014,456,1,0.5374490071359916,1,1
2014-08-31,JPYUSD,JP,0,-0.052993770834529386,2014,456,1,0.5011693230702636,0,1
2014-08-31,NOKUSD,NO,0,-0.04004813589070544,2014,456,1,0.5222570902757371,1,1
2014-08-31,NZDUSD,NZ,0,-0.07171130980350829,2014,456,1,0.5884330849791005,1,1
2014-08-31,SEKUSD,SE,0,-0.03380071460846357,2014,456,0,0.49033799053816174,1,1
2014-09-30,AUDUSD,AU,1,0.006161589553083935,2014,456,1,0.5635759463677088,1,1
2014-09-30,CADUSD,CA,0,-0.005783191526488166,2014,456,1,0.5295709815219521,1,1
2014-09-30,CHFUSD,CH,0,-0.007196151406493698,2014,456,0,0.49934439366626515,0,1
2014-09-30,EURUSD,EZ,0,-0.007790801787768337,2014,456,1,0.5157396204504434,0,1
2014-09-30,GBPUSD,GB,0,-0.013718828400691996,2014,456,1,0.5300690063559229,1,1
2014-09-30,JPYUSD,JP,0,-0.021917450057101995,2014,456,1,0.502275374654304,0,1
2014-09-30,NOKUSD,NO,0,-0.047331034524418,2014,456,1,0.541835790698527,1,1
2014-09-30,NZDUSD,NZ,0,-0.0010277493196530485,2014,456,1,0.5819699660147876,1,1
2014-09-30,SEKUSD,SE,0,-0.024911979364891756,2014,456,0,0.4908964070195981,1,1
2014-10-31,AUDUSD,AU,0,-0.030842756632670776,2014,456,1,0.5591649599681917,1,1
2014-10-31,CADUSD,CA,0,-0.013569685705891801,2014,456,1,0.5386866829420431,1,1
2014-10-31,CHFUSD,CH,0,-0.003630521077086224,2014,456,1,0.5113325289239814,0,1
2014-10-31,EURUSD,EZ,0,-0.007369466226279292,2014,456,1,0.5243436849179115,0,1
2014-10-31,GBPUSD,GB,0,-0.022822370584252627,2014,456,1,0.5404219667999509,1,1
2014-10-31,JPYUSD,JP,0,-0.05729718158261843,2014,456,1,0.5067126840094909,0,1
2014-10-31,NOKUSD,NO,0,-0.037386308666160994,2014,456,1,0.5526703213458802,1,1
2014-10-31,NZDUSD,NZ,1,0.0076824961720162455,2014,456,1,0.5765802581486433,1,1
2014-10-31,SEKUSD,SE,0,-0.007716430571858446,2014,456,1,0.5118783782291273,1,1
2014-11-30,AUDUSD,AU,0,-0.04204967570237808,2014,456,1,0.5562034927060268,1,1
2014-11-30,CADUSD,CA,0,-0.015199840990998748,2014,456,1,0.5316638873687157,1,1
2014-11-30,CHFUSD,CH,0,-0.028176629233808665,2014,456,1,0.503059621684446,0,1
2014-11-30,EURUSD,EZ,0,-0.027468208865782134,2014,456,1,0.5220824611001027,0,1
2014-11-30,GBPUSD,GB,0,-0.0038441872045654746,2014,456,1,0.5375017044866316,1,1
2014-11-30,JPYUSD,JP,0,-0.009641659264771008,2014,456,1,0.5002316977672494,0,1
2014-11-30,NOKUSD,NO,0,-0.06565120152797066,2014,456,1,0.5266056272815797,1,1
2014-11-30,NZDUSD,NZ,0,-0.005628052717002174,2014,456,1,0.5704127516456049,1,1
2014-11-30,SEKUSD,SE,0,-0.04845537454069415,2014,456,0,0.4974318703104504,1,1
2014-12-31,AUDUSD,AU,0,-0.05159600558727809,2014,456,1,0.5667085895086447,1,1
2014-12-31,CADUSD,CA,0,-0.09176974175528674,2014,456,1,0.5391001118867215,1,1
2014-12-31,CHFUSD,CH,1,0.07567336641794335,2014,456,0,0.49061131045576795,0,1
2014-12-31,EURUSD,EZ,0,-0.06937071565434476,2014,456,1,0.5350387786218604,0,1
2014-12-31,GBPUSD,GB,0,-0.036077628550788,2014,456,1,0.5369227595649596,1,1
2014-12-31,JPYUSD,JP,1,0.020313396014188356,2014,456,0,0.4986326072324902,0,1
2014-12-31,NOKUSD,NO,0,-0.03522036372509296,2014,456,1,0.5254629215732749,1,1
2014-12-31,NZDUSD,NZ,0,-0.07288521290463615,2014,456,1,0.5938533198752728,1,1
2014-12-31,SEKUSD,SE,0,-0.055761538321942083,2014,456,1,0.5122856061226959,0,1
2015-01-31,AUDUSD,AU,1,0.006164930904880045,2015,468,1,0.5079637319152218,1,1
2015-01-31,CADUSD,CA,1,0.01665251390345024,2015,468,0,0.4923180276154175,1,1
2015-01-31,CHFUSD,CH,0,-0.032369433957104614,2015,468,0,0.4524409031854738,0,1
2015-01-31,EURUSD,EZ,0,-0.008271492883510811,2015,468,0,0.49289983955173217,0,1
2015-01-31,GBPUSD,GB,1,0.0271147417128208,2015,468,1,0.5085047852215878,1,1
2015-01-31,JPYUSD,JP,0,-0.019228118118292947,2015,468,0,0.47063709683116334,0,1
2015-01-31,NOKUSD,NO,1,0.011407041809968987,2015,468,0,0.4661182348260408,1,1
2015-01-31,NZDUSD,NZ,1,0.04174871729790469,2015,468,1,0.5626486447122967,1,1
2015-01-31,SEKUSD,SE,0,-0.009898629718268381,2015,468,0,0.4665042544347625,0,1
2015-02-28,AUDUSD,AU,0,-0.023972641358119356,2015,468,0,0.4868305349250742,1,1
2015-02-28,CADUSD,CA,0,-0.013896281107656366,2015,468,0,0.453541830865668,1,1
2015-02-28,CHFUSD,CH,0,-0.020702950092822234,2015,468,0,0.4762529929181611,0,1
2015-02-28,EURUSD,EZ,0,-0.041577690662149835,2015,468,0,0.4646190544395325,0,1
2015-02-28,GBPUSD,GB,0,-0.038896910411080954,2015,468,1,0.5057421923077614,1,1
2015-02-28,JPYUSD,JP,0,-0.0020026708963101214,2015,468,0,0.4941014644872273,0,1
2015-02-28,NOKUSD,NO,0,-0.04957357430480336,2015,468,0,0.4644384750110167,1,1
2015-02-28,NZDUSD,NZ,0,-0.009573268166991111,2015,468,1,0.5287535929917859,1,1
2015-02-28,SEKUSD,SE,0,-0.031953632134388954,2015,468,0,0.4425957828219779,0,1
2015-03-31,AUDUSD,AU,1,0.031244472853630106,2015,468,1,0.5120947621849928,1,1
2015-03-31,CADUSD,CA,1,0.04557791708777165,2015,468,0,0.4727952115166429,1,1
2015-03-31,CHFUSD,CH,1,0.031589280719854146,2015,468,1,0.5195258632338282,0,1
2015-03-31,EURUSD,EZ,1,0.0384469577503319,2015,468,0,0.4713876836315146,0,1
2015-03-31,GBPUSD,GB,1,0.031681355979796044,2015,468,1,0.5208023135971634,1,1
2015-03-31,JPYUSD,JP,1,0.0008339588507686457,2015,468,1,0.5003735889016083,0,1
2015-03-31,NOKUSD,NO,1,0.06190473732590762,2015,468,1,0.5073039529843243,1,1
2015-03-31,NZDUSD,NZ,1,0.014062317163039406,2015,468,1,0.5524778162662863,1,1
2015-03-31,SEKUSD,SE,1,0.02928828660162175,2015,468,0,0.46136569362585417,0,1
2015-04-30,AUDUSD,AU,0,-0.026795368419648885,2015,468,1,0.5287070606757329,1,1
2015-04-30,CADUSD,CA,0,-0.028478045221667914,2015,468,1,0.5178441638578268,1,1
2015-04-30,CHFUSD,CH,1,0.0006378229194650628,2015,468,0,0.4856004236501727,0,1
2015-04-30,EURUSD,EZ,0,-0.015165482927773338,2015,468,0,0.49068175972105865,0,1
2015-04-30,GBPUSD,GB,0,-0.0027438444078123903,2015,468,1,0.5271594626538062,1,1
2015-04-30,JPYUSD,JP,0,-0.03379586724373418,2015,468,0,0.4892134834348187,0,1
2015-04-30,NOKUSD,NO,0,-0.028205745398015125,2015,468,1,0.515079700332062,1,1
2015-04-30,NZDUSD,NZ,0,-0.06532045413325033,2015,468,1,0.5807232895422706,1,1
2015-04-30,SEKUSD,SE,0,-0.017359020229081867,2015,468,0,0.4698092300814785,0,1
2015-05-31,AUDUSD,AU,1,0.005858247568367891,2015,468,1,0.5447268004807923,1,1
2015-05-31,CADUSD,CA,0,-0.0005613697569133436,2015,468,1,0.5341365597965674,1,1
2015-05-31,CHFUSD,CH,1,0.006186686399588595,2015,468,0,0.48585677698877794,0,1
2015-05-31,EURUSD,EZ,1,0.014448508528893358,2015,468,1,0.5149698798449261,0,1
2015-05-31,GBPUSD,GB,1,0.028441603687896055,2015,468,1,0.5308506393994575,1,1
2015-05-31,JPYUSD,JP,1,0.015279881157114872,2015,468,0,0.49652294760240206,0,1
2015-05-31,NOKUSD,NO,0,-0.00932118576676677,2015,468,1,0.5324873314862161,1,1
2015-05-31,NZDUSD,NZ,0,-0.047960807716521336,2015,468,1,0.5657211215961162,1,1
2015-05-31,SEKUSD,SE,1,0.027448179978962095,2015,468,0,0.4916112823979535,0,1
2015-06-30,AUDUSD,AU,0,-0.04949134451836584,2015,468,1,0.5584745028470001,1,1
2015-06-30,CADUSD,CA,0,-0.04499191414003892,2015,468,1,0.5401489168575873,1,1
2015-06-30,CHFUSD,CH,0,-0.03055764047439044,2015,468,1,0.5215413931955941,0,1
2015-06-30,EURUSD,EZ,0,-0.011360684805811608,2015,468,1,0.5472409276828595,0,1
2015-06-30,GBPUSD,GB,0,-0.005930950710449745,2015,468,1,0.5621596016638216,1,1
2015-06-30,JPYUSD,JP,0,-0.014957196417302754,2015,468,0,0.4982051336706201,0,1
2015-06-30,NOKUSD,NO,0,-0.03491663942545831,2015,468,1,0.5503708054962615,1,1
2015-06-30,NZDUSD,NZ,0,-0.022831701312573616,2015,468,1,0.5490207140588447,1,1
2015-06-30,SEKUSD,SE,0,-0.035393539297664756,2015,468,1,0.5182312406827264,0,1
2015-07-31,AUDUSD,AU,0,-0.032153545930188876,2015,468,1,0.5439392174547633,1,1
2015-07-31,CADUSD,CA,0,-0.01339951529107486,2015,468,1,0.5101151243030521,1,1
2015-07-31,CHFUSD,CH,0,-0.0046591169853094985,2015,468,0,0.49772628964171856,0,1
2015-07-31,EURUSD,EZ,1,0.01494042730761748,2015,468,1,0.5353502259005833,0,1
2015-07-31,GBPUSD,GB,0,-0.017486008649615692,2015,468,1,0.5600240310262071,1,1
2015-07-31,JPYUSD,JP,1,0.02186057689037657,2015,468,1,0.5047658666138416,0,1
2015-07-31,NOKUSD,NO,0,-0.022566256597857492,2015,468,1,0.515428814159659,1,1
2015-07-31,NZDUSD,NZ,0,-0.042553051683973,2015,468,1,0.514942957077656,1,1
2015-07-31,SEKUSD,SE,1,0.01382807526587948,2015,468,1,0.511910192218288,0,1
2015-08-31,AUDUSD,AU,0,-0.011331566009549987,2015,468,1,0.5388099301274608,1,1
2015-08-31,CADUSD,CA,0,-0.012998417357272196,2015,468,1,0.5018014171061941,1,1
2015-08-31,CHFUSD,CH,0,-0.009458279618764262,2015,468,0,0.48704227917093834,0,1
2015-08-31,EURUSD,EZ,0,-0.0028627681029258917,2015,468,1,0.5380987353293799,0,1
2015-08-31,GBPUSD,GB,0,-0.01620823566128038,2015,468,1,0.5545979518507124,1,1
2015-08-31,JPYUSD,JP,1,0.012029845991777144,2015,468,1,0.517323616559006,0,1
2015-08-31,NOKUSD,NO,0,-0.024169930507097703,2015,468,1,0.5101584307012232,1,1
2015-08-31,NZDUSD,NZ,1,0.0064369482011305545,2015,468,1,0.5234147720790455,1,1
2015-08-31,SEKUSD,SE,1,0.009878116810715376,2015,468,1,0.5080841418168459,0,1
2015-09-30,AUDUSD,AU,1,0.01596868525818146,2015,468,1,0.5386473063499311,1,1
2015-09-30,CADUSD,CA,1,0.023718915392937023,2015,468,1,0.512134486872069,1,1
2015-09-30,CHFUSD,CH,0,-0.008659826926487335,2015,468,0,0.49759458525318073,0,1
2015-09-30,EURUSD,EZ,0,-0.010808968504388963,2015,468,1,0.5515976808209253,0,1
2015-09-30,GBPUSD,GB,1,0.021531540883302447,2015,468,1,0.5464357996547766,1,1
2015-09-30,JPYUSD,JP,0,-0.007400973451678006,2015,468,1,0.5311460506775062,0,1
2015-09-30,NOKUSD,NO,1,0.007251270722556935,2015,468,1,0.521577375644431,1,1
2015-09-30,NZDUSD,NZ,1,0.05717580196907324,2015,468,1,0.5449972515143078,1,1
2015-09-30,SEKUSD,SE,0,-0.011964557476374704,2015,468,1,0.5156907330608134,0,1
2015-10-31,AUDUSD,AU,1,0.01419845678754611,2015,468,1,0.5381564750503041,1,1
2015-10-31,CADUSD,CA,0,-0.01892992090647222,2015,468,1,0.5142581333900593,1,1
2015-10-31,CHFUSD,CH,0,-0.04211148535012692,2015,468,0,0.48067298884701326,0,1
2015-10-31,EURUSD,EZ,0,-0.04444352957711149,2015,468,1,0.5289502457662506,0,1
2015-10-31,GBPUSD,GB,0,-0.026306085762455078,2015,468,1,0.5257727017151977,1,1
2015-10-31,JPYUSD,JP,0,-0.020663247482938907,2015,468,1,0.52014854417673,0,1
2015-10-31,NOKUSD,NO,0,-0.02560190216726088,2015,468,1,0.5094333412197187,1,1
2015-10-31,NZDUSD,NZ,0,-0.02878759511648904,2015,468,1,0.5486091001988216,1,1
2015-10-31,SEKUSD,SE,0,-0.026539947751589743,2015,468,1,0.515244882610013,0,1
2015-11-30,AUDUSD,AU,1,0.007024338502924832,2015,468,1,0.5690269311939964,1,1
2015-11-30,CADUSD,CA,0,-0.03732353279829986,2015,468,1,0.5370540293148788,1,1
2015-11-30,CHFUSD,CH,1,0.02611114400368579,2015,468,0,0.4849746453392611,0,1
2015-11-30,EURUSD,EZ,1,0.027731574950022042,2015,468,1,0.5171657804745503,0,1
2015-11-30,GBPUSD,GB,0,-0.020007381040631156,2015,468,1,0.5445411066642243,1,1
2015-11-30,JPYUSD,JP,1,0.024232160263899516,2015,468,1,0.5085479077262457,0,1
2015-11-30,NOKUSD,NO,0,-0.01943270182584511,2015,468,1,0.5246906373569934,1,1
2015-11-30,NZDUSD,NZ,1,0.03995761131338532,2015,468,1,0.5946026861618932,1,1
2015-11-30,SEKUSD,SE,1,0.031699132074654024,2015,468,1,0.5132330035791071,0,1
2015-12-31,AUDUSD,AU,0,-0.029952785964268425,2015,468,1,0.5757165420618616,1,1
2015-12-31,CADUSD,CA,0,-0.01683843030056409,2015,468,1,0.5261068090298818,1,1
2015-12-31,CHFUSD,CH,0,-0.02064984702818033,2015,468,0,0.4886881684176353,0,1
2015-12-31,EURUSD,EZ,0,-0.0024895130648443647,2015,468,1,0.5025295965250505,0,1
2015-12-31,GBPUSD,GB,0,-0.038857290795551946,2015,468,1,0.5367687104827839,1,1
2015-12-31,JPYUSD,JP,0,-0.006464468061542661,2015,468,0,0.49453552613525437,0,1
2015-12-31,NOKUSD,NO,1,0.01675313792273636,2015,468,1,0.5214032528273222,1,1
2015-12-31,NZDUSD,NZ,0,-0.056058549493564536,2015,468,1,0.5849726312443079,1,1
2015-12-31,SEKUSD,SE,0,-0.014383833780086341,2015,468,1,0.5011332640155165,0,1
2016-01-31,AUDUSD,AU,1,0.011390125249109262,2016,480,1,0.565367084084132,1,1
2016-01-31,CADUSD,CA,1,0.04001113487587099,2016,480,0,0.49666927828853413,1,1
2016-01-31,CHFUSD,CH,1,0.026356425061300665,2016,480,0,0.4889068678802041,0,1
2016-01-31,EURUSD,EZ,1,0.003317975394182174,2016,480,1,0.5146517459770767,0,1
2016-01-31,GBPUSD,GB,0,-0.018356972251551806,2016,480,1,0.5253628538732543,1,1
2016-01-31,JPYUSD,JP,1,0.06970121222845105,2016,480,1,0.501204516071123,0,1
2016-01-31,NOKUSD,NO,1,0.0017472272966125857,2016,480,1,0.5059688655890718,1,1
2016-01-31,NZDUSD,NZ,1,0.02019961564478534,2016,480,1,0.5667409673944309,1,1
2016-01-31,SEKUSD,SE,0,0.0,2016,480,1,0.5137826566503362,0,1
2016-02-29,AUDUSD,AU,1,0.07083680797454861,2016,480,1,0.5504499943537912,1,1
2016-02-29,CADUSD,CA,1,0.04175609431488192,2016,480,1,0.5019986718950438,1,1
2016-02-29,CHFUSD,CH,1,0.03858637623488152,2016,480,1,0.5038043820466667,0,1
2016-02-29,EURUSD,EZ,1,0.04691308589498949,2016,480,1,0.541144135998879,0,1
2016-02-29,GBPUSD,GB,1,0.0321502943838875,2016,480,1,0.5198023175703717,1,1
2016-02-29,JPYUSD,JP,1,0.004260613581688055,2016,480,1,0.5098433134988607,0,1
2016-02-29,NOKUSD,NO,1,0.051935962286967285,2016,480,1,0.5339622329184636,1,1
2016-02-29,NZDUSD,NZ,1,0.04806129327359643,2016,480,1,0.5498744258603702,1,1
2016-02-29,SEKUSD,SE,1,0.056977928801359656,2016,480,1,0.5286288334610691,0,1
2016-03-31,AUDUSD,AU,0,-0.008502896411858474,2016,480,1,0.534128539593475,1,1
2016-03-31,CADUSD,CA,1,0.03292091322543328,2016,480,1,0.5196915646560857,1,1
2016-03-31,CHFUSD,CH,0,-0.0015640480744283924,2016,480,0,0.48704279247921156,0,1
2016-03-31,EURUSD,EZ,1,0.00446761725971595,2016,480,1,0.509457365999014,0,1
2016-03-31,GBPUSD,GB,1,0.016824502213677595,2016,480,0,0.4998352878470489,1,1
2016-03-31,JPYUSD,JP,1,0.050348039542929435,2016,480,1,0.5170433925179342,0,1
2016-03-31,NOKUSD,NO,1,0.023008682191032026,2016,480,1,0.517377606887287,1,1
2016-03-31,NZDUSD,NZ,1,0.008339372557070901,2016,480,1,0.5187620577646397,1,1
2016-03-31,SEKUSD,SE,1,0.008621331209485827,2016,480,0,0.49396730587574095,0,1
2016-04-30,AUDUSD,AU,0,-0.04982853809045368,2016,480,1,0.574983710262022,1,1
2016-04-30,CADUSD,CA,0,-0.042742215219094826,2016,480,1,0.5413489042152255,1,1
2016-04-30,CHFUSD,CH,0,-0.03440847324910511,2016,480,1,0.511029329824072,0,1
2016-04-30,EURUSD,EZ,0,-0.027110094009475852,2016,480,1,0.5287119774879782,0,1
2016-04-30,GBPUSD,GB,0,-0.006516915535728529,2016,480,1,0.5251309434056511,1,1
2016-04-30,JPYUSD,JP,0,-0.03538159089424564,2016,480,1,0.5124741985722752,0,1
2016-04-30,NOKUSD,NO,0,-0.03694409344535643,2016,480,1,0.5261282176740241,1,1
2016-04-30,NZDUSD,NZ,0,-0.03126845301083059,2016,480,1,0.5583621996741588,1,1
2016-04-30,SEKUSD,SE,0,-0.03781000042320315,2016,480,1,0.5233951679471273,0,1
2016-05-31,AUDUSD,AU,1,0.02589759016808796,2016,480,1,0.5599626309026766,1,1
2016-05-31,CADUSD,CA,1,0.006664903822852064,2016,480,1,0.5471124511077453,1,1
2016-05-31,CHFUSD,CH,1,0.014397490915188677,2016,480,0,0.493757573807837,0,1
2016-05-31,EURUSD,EZ,0,-0.009293160218330238,2016,480,1,0.5320758275261291,0,1
2016-05-31,GBPUSD,GB,0,-0.0928218810795372,2016,480,1,0.5402365978792724,1,1
2016-05-31,JPYUSD,JP,1,0.07478192728826283,2016,480,1,0.5146135515007081,0,1
2016-05-31,NOKUSD,NO,0,-0.0030189332571950445,2016,480,1,0.5433231204877315,1,1
2016-05-31,NZDUSD,NZ,1,0.05055435989741386,2016,480,1,0.5566888305742,1,1
2016-05-31,SEKUSD,SE,0,-0.019812036005822264,2016,480,1,0.5309730064444587,0,1
2016-06-30,AUDUSD,AU,1,0.022221658176110548,2016,480,0,0.49637872039919856,1,1
2016-06-30,CADUSD,CA,0,-0.002303263974093084,2016,480,1,0.5010309813736744,1,1
2016-06-30,CHFUSD,CH,1,0.01047129986729533,2016,480,0,0.4506713936618788,0,1
2016-06-30,EURUSD,EZ,1,0.01225240552901602,2016,480,0,0.4953951937114899,0,1
2016-06-30,GBPUSD,GB,1,0.002112251841461743,2016,480,1,0.5196577247563021,1,1
2016-06-30,JPYUSD,JP,1,0.004388324366394691,2016,480,0,0.4846143009763829,0,1
2016-06-30,NOKUSD,NO,0,-0.0037935365179002645,2016,480,0,0.49905670688109083,1,1
2016-06-30,NZDUSD,NZ,1,0.013393057336438197,2016,480,1,0.5202060262090666,1,1
2016-06-30,SEKUSD,SE,0,-0.0055708490355739215,2016,480,0,0.48096080159321325,0,1
2016-07-31,AUDUSD,AU,0,-0.010583509291757998,2016,480,0,0.49727482973863585,1,1
2016-07-31,CADUSD,CA,0,-0.006268654424178954,2016,480,0,0.47976323251562747,1,1
2016-07-31,CHFUSD,CH,0,-0.014344508256400306,2016,480,0,0.45323268878007283,0,1
2016-07-31,EURUSD,EZ,0,-0.001971856872672026,2016,480,0,0.47046944980535954,0,1
2016-07-31,GBPUSD,GB,0,-0.010682324392142839,2016,480,0,0.4419513629406738,1,1
2016-07-31,JPYUSD,JP,0,-0.010306362497305877,2016,480,0,0.4939676324999656,0,1
2016-07-31,NOKUSD,NO,1,0.009684728146494237,2016,480,0,0.47850109912809957,1,1
2016-07-31,NZDUSD,NZ,1,0.00566573753567734,2016,480,1,0.5272169487548363,1,1
2016-07-31,SEKUSD,SE,0,-0.0021729995933204016,2016,480,0,0.44853810166854985,0,1
2016-08-31,AUDUSD,AU,1,0.01949225418086753,2016,480,1,0.515139591242516,1,1
2016-08-31,CADUSD,CA,1,0.0005335976038487455,2016,480,0,0.4818829368076917,1,1
2016-08-31,CHFUSD,CH,1,0.013931796735890907,2016,480,0,0.4309523413042989,0,1
2016-08-31,EURUSD,EZ,1,0.008220203542661744,2016,480,0,0.470911829883322,0,1
2016-08-31,GBPUSD,GB,0,-0.008720985505444534,2016,480,0,0.42246362527562914,0,1
2016-08-31,JPYUSD,JP,1,0.021213953567083443,2016,480,0,0.497631351948919,0,1
2016-08-31,NOKUSD,NO,1,0.04336553595231862,2016,480,0,0.4805011837052507,1,1
2016-08-31,NZDUSD,NZ,1,0.004537025724566823,2016,480,1,0.5306577605616024,1,1
2016-08-31,SEKUSD,SE,0,-0.00043170084968791045,2016,480,0,0.44180317407134057,0,1
2016-09-30,AUDUSD,AU,0,-0.007330835291502913,2016,480,0,0.48748009028522016,1,1
2016-09-30,CADUSD,CA,0,-0.021721949177522515,2016,480,0,0.4638682248381786,1,1
2016-09-30,CHFUSD,CH,0,-0.020017008211436517,2016,480,0,0.45096153754358925,0,1
2016-09-30,EURUSD,EZ,0,-0.02486614606608166,2016,480,0,0.4623198009707112,0,1
2016-09-30,GBPUSD,GB,0,-0.06368346357389729,2016,480,0,0.4425961481269265,0,1
2016-09-30,JPYUSD,JP,0,-0.037429228499873624,2016,480,0,0.44592258893676423,0,1
2016-09-30,NOKUSD,NO,0,-0.03207210934563687,2016,480,0,0.4774722879335685,1,1
2016-09-30,NZDUSD,NZ,0,-0.018552380374093957,2016,480,1,0.5029449581724814,1,1
2016-09-30,SEKUSD,SE,0,-0.05095086588948705,2016,480,0,0.4369615022584399,0,1
2016-10-31,AUDUSD,AU,0,-0.029872870738653745,2016,480,1,0.5079376279263453,1,1
2016-10-31,CADUSD,CA,0,-0.0016400778985687925,2016,480,0,0.4802432587906792,1,1
2016-10-31,CHFUSD,CH,0,-0.02958825197330852,2016,480,0,0.4558176099078735,0,1
2016-10-31,EURUSD,EZ,0,-0.03565837398013648,2016,480,0,0.4784435280622596,0,1
2016-10-31,GBPUSD,GB,1,0.021788413063685175,2016,480,0,0.4598026738933201,0,1
2016-10-31,JPYUSD,JP,0,-0.08454967113514211,2016,480,0,0.4725614243908938,0,1
2016-10-31,NOKUSD,NO,0,-0.03246093597684929,2016,480,1,0.5204946952957735,1,1
2016-10-31,NZDUSD,NZ,0,-0.010536024976835923,2016,480,1,0.514388634053258,1,1
2016-10-31,SEKUSD,SE,0,-0.02562039946648742,2016,480,0,0.4569989008922534,0,1
2016-11-30,AUDUSD,AU,0,-0.021482662375927497,2016,480,1,0.5237330710610089,1,1
2016-11-30,CADUSD,CA,0,-7.448512163144017e-05,2016,480,0,0.4805213690348696,1,1
2016-11-30,CHFUSD,CH,1,0.002653955457593421,2016,480,1,0.5288636478311154,0,1
2016-11-30,EURUSD,EZ,0,-0.002460957228774853,2016,480,0,0.48390378126010003,0,1
2016-11-30,GBPUSD,GB,0,-0.011604610846989077,2016,480,0,0.4448364413321594,0,1
2016-11-30,JPYUSD,JP,0,-0.021115357019565906,2016,480,0,0.4660195813953259,0,1
2016-11-30,NOKUSD,NO,0,-0.010319358485816998,2016,480,1,0.510142297159946,1,1
2016-11-30,NZDUSD,NZ,0,-0.01752306393988662,2016,480,1,0.5157344281473738,1,1
2016-11-30,SEKUSD,SE,1,0.01903510413640852,2016,480,0,0.43966161758883615,0,1
2016-12-31,AUDUSD,AU,1,0.047537980923469836,2016,480,0,0.49080730134883005,1,1
2016-12-31,CADUSD,CA,1,0.029938734379806153,2016,480,0,0.47175098841384555,0,1
2016-12-31,CHFUSD,CH,1,0.02713654143500077,2016,480,0,0.42019588853588125,0,1
2016-12-31,EURUSD,EZ,1,0.022675008781437585,2016,480,0,0.44459551380901596,0,1
2016-12-31,GBPUSD,GB,1,0.019902751497951593,2016,480,0,0.4462140528958219,0,1
2016-12-31,JPYUSD,JP,1,0.03538495526496632,2016,480,0,0.3971848940873208,0,1
2016-12-31,NOKUSD,NO,1,0.04347143396091013,2016,480,0,0.4633771079990458,0,1
2016-12-31,NZDUSD,NZ,1,0.051947004213962866,2016,480,1,0.5003721244860477,1,1
2016-12-31,SEKUSD,SE,1,0.03676785786829795,2016,480,0,0.41059072582750217,0,1
2017-01-31,AUDUSD,AU,1,0.013623475048509026,2017,492,0,0.4654533304605745,1,1
2017-01-31,CADUSD,CA,0,-0.016516720565370846,2017,492,0,0.4603749914622662,0,1
2017-01-31,CHFUSD,CH,0,-0.013460775822197867,2017,492,0,0.41217333875159706,0,1
2017-01-31,EURUSD,EZ,0,-0.01643975003497116,2017,492,0,0.43768214900273555,0,1
2017-01-31,GBPUSD,GB,0,-0.012634103763421695,2017,492,0,0.44905968403502083,0,1
2017-01-31,JPYUSD,JP,1,0.0058724254532869224,2017,492,0,0.39289061089798905,0,1
2017-01-31,NOKUSD,NO,0,-0.014725359538431793,2017,492,0,0.45321334729185125,0,1
2017-01-31,NZDUSD,NZ,0,-0.013738366925553025,2017,492,0,0.48084001378365426,1,1
2017-01-31,SEKUSD,SE,0,-0.02897349996892462,2017,492,0,0.42378197362189746,0,1
2017-02-28,AUDUSD,AU,0,-0.006264703339327604,2017,492,0,0.4866830780543688,1,1
2017-02-28,CADUSD,CA,0,-0.00557062566720129,2017,492,0,0.46406888324874396,0,1
2017-02-28,CHFUSD,CH,1,0.002397603546154241,2017,492,0,0.42252838892222383,0,1
2017-02-28,EURUSD,EZ,1,0.007506133947578618,2017,492,0,0.45427623505944553,0,1
2017-02-28,GBPUSD,GB,1,0.008812747310030594,2017,492,0,0.4419310155129682,0,1
2017-02-28,JPYUSD,JP,1,0.005817352065912829,2017,492,0,0.4216856383880937,0,1
2017-02-28,NOKUSD,NO,0,-0.02466141992420212,2017,492,0,0.47424234593743825,0,1
2017-02-28,NZDUSD,NZ,0,-0.032047718023099636,2017,492,1,0.5038205755217022,1,1
2017-02-28,SEKUSD,SE,1,0.008347917208649136,2017,492,0,0.4423182857200265,0,1
2017-03-31,AUDUSD,AU,0,-0.0215716695265743,2017,492,1,0.5131899387976683,1,1
2017-03-31,CADUSD,CA,0,-0.025788757801190054,2017,492,0,0.4722856555667215,0,1
2017-03-31,CHFUSD,CH,1,0.005415718782968681,2017,492,0,0.4342184473940721,0,1
2017-03-31,EURUSD,EZ,1,0.018247160287524683,2017,492,0,0.46247755856426415,0,1
2017-03-31,GBPUSD,GB,1,0.03148444548790566,2017,492,0,0.45178344772785695,0,1
2017-03-31,JPYUSD,JP,0,-0.00026923940032475,2017,492,0,0.4466641578286481,0,1
2017-03-31,NOKUSD,NO,1,0.0003498909542236639,2017,492,0,0.48556264239669655,0,1
2017-03-31,NZDUSD,NZ,0,-0.020345554257266474,2017,492,1,0.5194248248261425,1,1
2017-03-31,SEKUSD,SE,1,0.008023236135257239,2017,492,0,0.4397050011220987,0,1
2017-04-30,AUDUSD,AU,0,-0.005096577555587067,2017,492,1,0.501001935282599,1,1
2017-04-30,CADUSD,CA,1,0.012588968849300997,2017,492,0,0.4660987015570632,0,1
2017-04-30,CHFUSD,CH,1,0.026494315132597965,2017,492,0,0.4372909204910999,0,1
2017-04-30,EURUSD,EZ,1,0.03081894084541406,2017,492,0,0.46377400087417964,0,1
2017-04-30,GBPUSD,GB,0,-0.002553884451216515,2017,492,0,0.45460673617297515,0,1
2017-04-30,JPYUSD,JP,1,0.006572159600175098,2017,492,0,0.44423602166775367,0,1
2017-04-30,NOKUSD,NO,1,0.016050953989922956,2017,492,0,0.4692072279343972,0,1
2017-04-30,NZDUSD,NZ,1,0.03438734230947571,2017,492,0,0.49519716033430716,1,1
2017-04-30,SEKUSD,SE,1,0.021058450204622048,2017,492,0,0.43828637650768676,0,1
2017-05-31,AUDUSD,AU,1,0.03163103642429027,2017,492,0,0.4879033644629965,1,1
2017-05-31,CADUSD,CA,1,0.038977743709938006,2017,492,0,0.45854984147281325,0,1
2017-05-31,CHFUSD,CH,1,0.010171338338372471,2017,492,0,0.44052429700793216,0,1
2017-05-31,EURUSD,EZ,1,0.015454893210545453,2017,492,0,0.47115238319492075,0,1
2017-05-31,GBPUSD,GB,1,0.0069498349228764855,2017,492,0,0.468584158038334,0,1
2017-05-31,JPYUSD,JP,0,-0.015149767588216179,2017,492,0,0.4409497094386049,0,1
2017-05-31,NOKUSD,NO,1,0.006898958028966007,2017,492,0,0.4700850116102249,0,1
2017-05-31,NZDUSD,NZ,1,0.030788730650774754,2017,492,0,0.48515136657795227,1,1
2017-05-31,SEKUSD,SE,1,0.027900961659214296,2017,492,0,0.44831907131901977,0,1
2017-06-30,AUDUSD,AU,1,0.03984183740811531,2017,492,0,0.47865446340375467,1,1
2017-06-30,CADUSD,CA,1,0.038635458473790435,2017,492,0,0.4606360797623907,0,1
2017-06-30,CHFUSD,CH,0,-0.00665421461345489,2017,492,0,0.4508297513100395,0,1
2017-06-30,EURUSD,EZ,1,0.03572269494609559,2017,492,0,0.47521486401308904,0,1
2017-06-30,GBPUSD,GB,1,0.015349085272881369,2017,492,0,0.46515454493719866,0,1
2017-06-30,JPYUSD,JP,1,0.018134979448236166,2017,492,0,0.43509736224804263,0,1
2017-06-30,NOKUSD,NO,1,0.059746228518662736,2017,492,0,0.4787215628435324,0,1
2017-06-30,NZDUSD,NZ,1,0.02441942586554724,2017,492,0,0.4992350213120718,1,1
2017-06-30,SEKUSD,SE,1,0.04418467200400489,2017,492,0,0.4475970983261443,0,1
2017-07-31,AUDUSD,AU,0,-0.007035204896019165,2017,492,1,0.5061314404289111,1,1
2017-07-31,CADUSD,CA,0,-0.0019996007462511622,2017,492,1,0.5029156233731668,0,1
2017-07-31,CHFUSD,CH,1,0.004153692368693417,2017,492,0,0.4563911453475257,0,1
2017-07-31,EURUSD,EZ,1,0.005733573885763732,2017,492,0,0.48203419247626766,0,1
2017-07-31,GBPUSD,GB,0,-0.02361710749166185,2017,492,0,0.46664712630124827,0,1
2017-07-31,JPYUSD,JP,1,0.0029032863797420205,2017,492,0,0.43380750975911025,0,1
2017-07-31,NOKUSD,NO,1,0.015308799084701619,2017,492,0,0.48813614357120705,0,1
2017-07-31,NZDUSD,NZ,0,-0.045397285952062716,2017,492,1,0.5267574573539675,1,1
2017-07-31,SEKUSD,SE,1,0.014996974814110331,2017,492,0,0.46350692352753736,0,1
2017-08-31,AUDUSD,AU,0,-0.011666376295233066,2017,492,1,0.5273323085832419,1,1
2017-08-31,CADUSD,CA,1,0.0004795396511333705,2017,492,1,0.5173745489075443,0,1
2017-08-31,CHFUSD,CH,0,-0.008083783268590196,2017,492,0,0.4601568730920545,0,1
2017-08-31,EURUSD,EZ,0,-0.006833451318019074,2017,492,0,0.4849999565037931,0,1
2017-08-31,GBPUSD,GB,1,0.03910730367630583,2017,492,0,0.47471585426134705,0,1
2017-08-31,JPYUSD,JP,0,-0.02317122077811895,2017,492,0,0.4395982579563441,0,1
2017-08-31,NOKUSD,NO,0,-0.024227124242166553,2017,492,1,0.5056489287243914,0,1
2017-08-31,NZDUSD,NZ,1,0.007641579386966968,2017,492,1,0.5257858927143463,1,1
2017-08-31,SEKUSD,SE,0,-0.024683414467401743,2017,492,0,0.47590283841630426,0,1
2017-09-30,AUDUSD,AU,0,-0.022183009178918384,2017,492,1,0.5049427252542132,1,1
2017-09-30,CADUSD,CA,0,-0.030313701655824254,2017,492,1,0.504059375997951,0,1
2017-09-30,CHFUSD,CH,0,-0.02849195579430614,2017,492,0,0.43979543442408564,0,1
2017-09-30,EURUSD,EZ,0,-0.014066128512052689,2017,492,0,0.4726494571963996,0,1
2017-09-30,GBPUSD,GB,0,-0.009069507132865307,2017,492,0,0.4546682994938092,0,1
2017-09-30,JPYUSD,JP,0,-0.008750663520185498,2017,492,0,0.43515192324587293,0,1
2017-09-30,NOKUSD,NO,0,-0.024867493745902802,2017,492,0,0.49580829961471035,0,1
2017-09-30,NZDUSD,NZ,0,-0.053298581724361915,2017,492,0,0.48649360034201466,1,1
2017-09-30,SEKUSD,SE,0,-0.025117881208338577,2017,492,0,0.4628788979724202,0,1
2017-10-31,AUDUSD,AU,0,-0.012598591836321726,2017,492,0,0.47599412223958926,1,1
2017-10-31,CADUSD,CA,1,0.0007758554194761125,2017,492,0,0.4761328136429409,0,1
2017-10-31,CHFUSD,CH,1,0.013127523671949179,2017,492,0,0.4164170562920265,0,1
2017-10-31,EURUSD,EZ,1,0.02123582731138371,2017,492,0,0.4476790165693619,0,1
2017-10-31,GBPUSD,GB,1,0.016799588734536464,2017,492,0,0.46028845379258976,0,1
2017-10-31,JPYUSD,JP,1,0.011773694185519545,2017,492,0,0.4097190692895444,0,1
2017-10-31,NOKUSD,NO,0,-0.01573897817265779,2017,492,0,0.4580256855560667,0,1
2017-10-31,NZDUSD,NZ,0,0.0,2017,492,0,0.473976494704699,1,1
2017-10-31,SEKUSD,SE,1,0.0001554921629103312,2017,492,0,0.43567485562712016,0,1
2017-11-30,AUDUSD,AU,1,0.03158773052636349,2017,492,0,0.4653687723879691,1,1
2017-11-30,CADUSD,CA,1,0.02889851112306585,2017,492,0,0.45672718924435424,0,1
2017-11-30,CHFUSD,CH,1,0.010216680612639008,2017,492,0,0.4094230691450399,0,1
2017-11-30,EURUSD,EZ,1,0.01036798585125634,2017,492,0,0.43550731506832097,0,1
2017-11-30,GBPUSD,GB,1,0.0017014984685729817,2017,492,0,0.4648961378450009,0,1
2017-11-30,JPYUSD,JP,0,-0.0034668242198598875,2017,492,0,0.4073390613115315,0,1
2017-11-30,NOKUSD,NO,1,0.013475329551994708,2017,492,0,0.44184505830563536,0,1
2017-11-30,NZDUSD,NZ,1,0.03584613177313567,2017,492,0,0.4637163465348423,1,1
2017-11-30,SEKUSD,SE,1,0.022585956249444372,2017,492,0,0.4176748998255173,0,1
2017-12-31,AUDUSD,AU,1,0.03198459499292958,2017,492,0,0.46515897869776696,1,1
2017-12-31,CADUSD,CA,1,0.018057725660682533,2017,492,0,0.45132313860873,0,1
2017-12-31,CHFUSD,CH,1,0.04376583868148903,2017,492,0,0.40995530144263725,0,1
2017-12-31,EURUSD,EZ,1,0.03321368691383064,2017,492,0,0.4442057150101699,0,1
2017-12-31,GBPUSD,GB,1,0.047701961550728145,2017,492,0,0.45856825594117734,0,1
2017-12-31,JPYUSD,JP,1,0.03045280365851344,2017,492,0,0.42054946385883546,0,1
2017-12-31,NOKUSD,NO,1,0.06045734581407869,2017,492,0,0.44278967390920126,0,1
2017-12-31,NZDUSD,NZ,1,0.037594255760307116,2017,492,0,0.45902655694635597,1,1
2017-12-31,SEKUSD,SE,1,0.0373451179235591,2017,492,0,0.42174375968262845,0,1
2018-01-31,AUDUSD,AU,0,-0.03377762826019337,2018,504,0,0.4866605309356652,1,1
2018-01-31,CADUSD,CA,0,-0.04088381641140637,2018,504,0,0.4824686453769794,0,1
2018-01-31,CHFUSD,CH,0,-0.011626177566345972,2018,504,0,0.4360343241495723,0,1
2018-01-31,EURUSD,EZ,0,-0.017614806679916023,2018,504,0,0.4601516226910972,0,1
2018-01-31,GBPUSD,GB,0,-0.028303776162851846,2018,504,0,0.469638626903514,0,1
2018-01-31,JPYUSD,JP,1,0.02491677091112976,2018,504,0,0.4310411023891387,0,1
2018-01-31,NOKUSD,NO,0,-0.022835471169216248,2018,504,0,0.46436558680757095,0,1
2018-01-31,NZDUSD,NZ,0,-0.019865027506732746,2018,504,0,0.48865675739644454,1,1
2018-01-31,SEKUSD,SE,0,-0.04904656388347517,2018,504,0,0.4470350071041669,0,1
2018-02-28,AUDUSD,AU,0,-0.014331147088623458,2018,504,1,0.5058236519599185,1,1
2018-02-28,CADUSD,CA,0,-0.006615582364357275,2018,504,0,0.4993822613698602,0,1
2018-02-28,CHFUSD,CH,0,-0.010758462591129725,2018,504,0,0.4553855536675046,0,1
2018-02-28,EURUSD,EZ,1,0.008886773254488833,2018,504,0,0.47732197469283144,0,1
2018-02-28,GBPUSD,GB,1,0.016750328728434905,2018,504,0,0.48528866272079224,0,1
2018-02-28,JPYUSD,JP,1,0.0039470025867762715,2018,504,0,0.4445195411807213,0,1
2018-02-28,NOKUSD,NO,1,0.003559717964738862,2018,504,0,0.4984528779287629,0,1
2018-02-28,NZDUSD,NZ,1,0.0016590630101603332,2018,504,1,0.5083870779932916,1,1
2018-02-28,SEKUSD,SE,0,-0.011123718988296893,2018,504,0,0.4672650219655757,0,1
2018-03-31,AUDUSD,AU,0,-0.019300802646058823,2018,504,0,0.47940047708976824,0,1
2018-03-31,CADUSD,CA,1,0.005678960378932479,2018,504,0,0.46789614549457315,0,1
2018-03-31,CHFUSD,CH,0,-0.03899069218807545,2018,504,0,0.43843677351359034,0,1
2018-03-31,EURUSD,EZ,0,-0.020169577731139254,2018,504,0,0.4574090394053717,0,1
2018-03-31,GBPUSD,GB,0,-0.01987249499672672,2018,504,0,0.4659305298262902,0,1
2018-03-31,JPYUSD,JP,0,-0.028589287014641585,2018,504,0,0.4409080366576228,0,1
2018-03-31,NOKUSD,NO,0,-0.021594539919567612,2018,504,0,0.48306321187553086,0,1
2018-03-31,NZDUSD,NZ,0,-0.02744885954773102,2018,504,0,0.4849451091343364,1,1
2018-03-31,SEKUSD,SE,0,-0.046852638072364616,2018,504,0,0.43537747400278154,0,1
2018-04-30,AUDUSD,AU,1,0.0035730865778635934,2018,504,0,0.4738671279624709,0,1
2018-04-30,CADUSD,CA,0,-0.011788565246317245,2018,504,0,0.46527484062946156,0,1
2018-04-30,CHFUSD,CH,1,0.006783118895761811,2018,504,0,0.4274538856983752,0,1
2018-04-30,EURUSD,EZ,0,-0.034032934075769794,2018,504,0,0.45203012272443943,0,1
2018-04-30,GBPUSD,GB,0,-0.03417492339143702,2018,504,0,0.4609048245016022,0,1
2018-04-30,JPYUSD,JP,1,0.005045650812821378,2018,504,0,0.4363332733146867,0,1
2018-04-30,NOKUSD,NO,0,-0.019953648485619535,2018,504,0,0.47191348971437574,0,1
2018-04-30,NZDUSD,NZ,0,-0.005552801339667901,2018,504,0,0.4809067323203066,1,1
2018-04-30,SEKUSD,SE,0,-0.006857637628320035,2018,504,0,0.4231401713620414,0,1
2018-05-31,AUDUSD,AU,0,-0.022848211505943516,2018,504,0,0.4799359834619754,0,1
2018-05-31,CADUSD,CA,0,-0.013022014728112097,2018,504,0,0.4791855104230106,0,1
2018-05-31,CHFUSD,CH,0,-0.0078923813500476,2018,504,0,0.41948916843091283,0,1
2018-05-31,EURUSD,EZ,1,0.0005996487951131502,2018,504,0,0.4535123786557609,0,1
2018-05-31,GBPUSD,GB,0,-0.006947094314678159,2018,504,0,0.4627327768156959,0,1
2018-05-31,JPYUSD,JP,0,-0.01804642486171648,2018,504,0,0.42634949332801664,0,1
2018-05-31,NOKUSD,NO,1,0.004543041115011359,2018,504,0,0.4713544835363314,0,1
2018-05-31,NZDUSD,NZ,0,-0.03353729419083884,2018,504,0,0.4783181296963635,1,1
2018-05-31,SEKUSD,SE,0,-0.014380480060459,2018,504,0,0.42230138232445574,0,1
2018-06-30,AUDUSD,AU,1,0.005257139559464441,2018,504,0,0.4874006694579754,0,1
2018-06-30,CADUSD,CA,1,0.009404817572141178,2018,504,0,0.4773130929552474,0,1
2018-06-30,CHFUSD,CH,1,0.0027249348243280676,2018,504,0,0.43182520880736397,0,1
2018-06-30,EURUSD,EZ,1,0.0024804357754514283,2018,504,0,0.4487096117821831,0,1
2018-06-30,GBPUSD,GB,0,-0.005470722557005037,2018,504,0,0.45394256364326807,0,1
2018-06-30,JPYUSD,JP,0,-0.010512698462384229,2018,504,0,0.4336712600588598,0,1
2018-06-30,NOKUSD,NO,1,0.0001472898667236322,2018,504,0,0.4689320283193481,0,1
2018-06-30,NZDUSD,NZ,1,0.005741642567675287,2018,504,0,0.4808973993736767,0,1
2018-06-30,SEKUSD,SE,1,0.01866241222002163,2018,504,0,0.4247775059261747,0,1
2018-07-31,AUDUSD,AU,0,-0.03363269833355925,2018,504,0,0.4840886458295225,0,1
2018-07-31,CADUSD,CA,0,-0.004216342633323711,2018,504,0,0.4762151020884973,0,1
2018-07-31,CHFUSD,CH,1,0.020109900371368474,2018,504,0,0.4400041378620362,0,1
2018-07-31,EURUSD,EZ,0,-0.00944131980962018,2018,504,0,0.45221285898050473,0,1
2018-07-31,GBPUSD,GB,0,-0.012342523198386524,2018,504,0,0.45923153413625895,0,1
2018-07-31,JPYUSD,JP,1,0.008076863436004444,2018,504,0,0.4374305412987989,0,1
2018-07-31,NOKUSD,NO,0,-0.029106071851204618,2018,504,0,0.47279317216031874,0,1
2018-07-31,NZDUSD,NZ,0,-0.029497148240840876,2018,504,0,0.47604345245233604,0,1
2018-07-31,SEKUSD,SE,0,-0.041360913200275906,2018,504,0,0.43132790718670194,0,1
2018-08-31,AUDUSD,AU,1,0.006375627972231623,2018,504,0,0.4764100404526189,0,1
2018-08-31,CADUSD,CA,1,0.011541252981673245,2018,504,0,0.47985361787338227,0,1
2018-08-31,CHFUSD,CH,0,-0.006167782710484949,2018,504,0,0.43396670342862714,0,1
2018-08-31,EURUSD,EZ,1,0.0022396425935047037,2018,504,0,0.45700455211125135,0,1
2018-08-31,GBPUSD,GB,1,0.0068417071273517704,2018,504,0,0.4656703435507894,0,1
2018-08-31,JPYUSD,JP,0,-0.022276605042895525,2018,504,0,0.4288735256554492,0,1
2018-08-31,NOKUSD,NO,1,0.030813762400299538,2018,504,0,0.4698346594918985,0,1
2018-08-31,NZDUSD,NZ,1,0.0031700532245697577,2018,504,0,0.4710961570978726,0,1
2018-08-31,SEKUSD,SE,1,0.030898624330903512,2018,504,0,0.4296465146149182,0,1
2018-09-30,AUDUSD,AU,0,-0.020659584597514602,2018,504,0,0.4733753625159957,0,1
2018-09-30,CADUSD,CA,0,-0.01589223881599955,2018,504,0,0.4814525861510921,0,1
2018-09-30,CHFUSD,CH,0,-0.030181448068697908,2018,504,0,0.4405078129864079,0,1
2018-09-30,EURUSD,EZ,0,-0.02526927168464363,2018,504,0,0.4534781973659513,0,1
2018-09-30,GBPUSD,GB,0,-0.02121479378008642,2018,504,0,0.46295283264187687,0,1
2018-09-30,JPYUSD,JP,1,0.005478497399656668,2018,504,0,0.4351847921757845,0,1
2018-09-30,NOKUSD,NO,0,-0.03352850223820569,2018,504,0,0.4674934848214042,0,1
2018-09-30,NZDUSD,NZ,0,-0.015951724495831043,2018,504,0,0.46972199711123663,0,1
2018-09-30,SEKUSD,SE,0,-0.029762186067983087,2018,504,0,0.4248305448055031,0,1
2018-10-31,AUDUSD,AU,1,0.030694722767142746,2018,504,0,0.4985612605179856,0,1
2018-10-31,CADUSD,CA,0,-0.011586211166548566,2018,504,1,0.508167387648474,0,1
2018-10-31,CHFUSD,CH,1,0.006984662201345859,2018,504,0,0.462040147833099,0,1
2018-10-31,EURUSD,EZ,0,-0.0007945266363675596,2018,504,0,0.4808511054686554,0,1
2018-10-31,GBPUSD,GB,0,-0.0005479237740307619,2018,504,0,0.4895435148477905,0,1
2018-10-31,JPYUSD,JP,0,-0.006007085201586548,2018,504,0,0.45493979585897465,0,1
2018-10-31,NOKUSD,NO,0,-0.020851248455570737,2018,504,1,0.5030979416323224,0,1
2018-10-31,NZDUSD,NZ,1,0.05221170865691249,2018,504,0,0.49639081976043803,0,1
2018-10-31,SEKUSD,SE,1,0.005261900720259227,2018,504,0,0.45384356552686705,0,1
2018-11-30,AUDUSD,AU,0,-0.03691998339213293,2018,504,0,0.4964953713758165,0,1
2018-11-30,CADUSD,CA,0,-0.026890129437877497,2018,504,0,0.49850514781270294,0,1
2018-11-30,CHFUSD,CH,1,0.015641874997263765,2018,504,0,0.4406432325286112,0,1
2018-11-30,EURUSD,EZ,1,0.011677554886387193,2018,504,0,0.4658745374830743,0,1
2018-11-30,GBPUSD,GB,0,-0.0007049148519818194,2018,504,0,0.47146556423262337,0,1
2018-11-30,JPYUSD,JP,1,0.034405830461395226,2018,504,0,0.4463550293359459,0,1
2018-11-30,NOKUSD,NO,0,-0.007506227562323886,2018,504,0,0.49625124898152595,0,1
2018-11-30,NZDUSD,NZ,0,-0.024870680769149944,2018,504,0,0.49620834363958033,0,1
2018-11-30,SEKUSD,SE,1,0.025920531987934314,2018,504,0,0.44751993408860763,0,1
2018-12-31,AUDUSD,AU,1,0.03294546983419572,2018,504,1,0.51095379281595,0,1
2018-12-31,CADUSD,CA,1,0.0376388514999349,2018,504,0,0.4971376533566611,0,1
2018-12-31,CHFUSD,CH,0,-0.010723420916394999,2018,504,0,0.4553171138407469,0,1
2018-12-31,EURUSD,EZ,0,-0.00017459624662422013,2018,504,0,0.4757504978450039,0,1
2018-12-31,GBPUSD,GB,1,0.028730063136949424,2018,504,0,0.4816647938822893,0,1
2018-12-31,JPYUSD,JP,1,0.007870453366138896,2018,504,0,0.4635643902477462,0,1
2018-12-31,NOKUSD,NO,1,0.025282541415704074,2018,504,0,0.4962327128941517,0,1
2018-12-31,NZDUSD,NZ,1,0.03110123051978614,2018,504,1,0.5165170776965379,0,1
2018-12-31,SEKUSD,SE,0,-0.020221882805381064,2018,504,0,0.4544013180178289,0,1
2019-01-31,AUDUSD,AU,0,-0.025451620695992827,2019,516,1,0.5108287489222735,0,1
2019-01-31,CADUSD,CA,0,-0.001976735989220435,2019,516,0,0.4951035221750185,0,1
2019-01-31,CHFUSD,CH,0,-0.003615913943801939,2019,516,0,0.474687657776476,0,1
2019-01-31,EURUSD,EZ,0,-0.006569462596794029,2019,516,0,0.49319540851657173,0,1
2019-01-31,GBPUSD,GB,1,0.010526811586230034,2019,516,0,0.492205832542134,0,1
2019-01-31,JPYUSD,JP,0,-0.023068864246476473,2019,516,0,0.47947893909587874,0,1
2019-01-31,NOKUSD,NO,0,-0.013879220069888287,2019,516,0,0.49998291006689166,0,1
2019-01-31,NZDUSD,NZ,0,-0.016750810424815465,2019,516,1,0.5153194342704926,0,1
2019-01-31,SEKUSD,SE,0,-0.02052521099213722,2019,516,0,0.4847506390309055,0,1
2019-02-28,AUDUSD,AU,1,0.0007040766326201764,2019,516,1,0.5020153297865098,0,1
2019-02-28,CADUSD,CA,0,-0.01462741906281484,2019,516,0,0.494039910025422,0,1
2019-02-28,CHFUSD,CH,1,0.0012038524728391281,2019,516,0,0.45356259058009785,0,1
2019-02-28,EURUSD,EZ,0,-0.013358892875235423,2019,516,0,0.47786430388401185,0,1
2019-02-28,GBPUSD,GB,0,-0.01839936342398918,2019,516,0,0.486202737311464,0,1
2019-02-28,JPYUSD,JP,1,0.006304623242797014,2019,516,0,0.4698016998992415,0,1
2019-02-28,NOKUSD,NO,0,-0.010258408852806156,2019,516,1,0.5008269795043496,0,1
2019-02-28,NZDUSD,NZ,1,0.0017610805842978583,2019,516,1,0.5006541404621592,0,1
2019-02-28,SEKUSD,SE,0,-0.0065627090740862926,2019,516,0,0.4654938410925871,0,1
2019-03-31,AUDUSD,AU,0,-0.009049835519918004,2019,516,0,0.4886144003380121,0,1
2019-03-31,CADUSD,CA,0,-0.005002436982071201,2019,516,0,0.49105860969292486,0,1
2019-03-31,CHFUSD,CH,0,-0.023609865639133865,2019,516,0,0.43560832557697854,0,1
2019-03-31,EURUSD,EZ,0,-0.0024075984700335645,2019,516,0,0.4648962223404682,0,1
2019-03-31,GBPUSD,GB,0,-0.00015348016299027156,2019,516,0,0.4836718048803024,0,1
2019-03-31,JPYUSD,JP,0,-0.0064841725744582135,2019,516,0,0.4447802068880403,0,1
2019-03-31,NOKUSD,NO,0,-0.00016198641663622837,2019,516,0,0.48903670343056704,0,1
2019-03-31,NZDUSD,NZ,0,-0.02223961192783841,2019,516,0,0.48943625520637435,0,1
2019-03-31,SEKUSD,SE,0,-0.02225742180721868,2019,516,0,0.4453536875009757,0,1
2019-04-30,AUDUSD,AU,0,-0.0157483569681392,2019,516,0,0.4692003436486882,0,1
2019-04-30,CADUSD,CA,0,-0.0071243344006517995,2019,516,0,0.46750038277361683,0,1
2019-04-30,CHFUSD,CH,1,0.01640839422816412,2019,516,0,0.4419835668735457,0,1
2019-04-30,EURUSD,EZ,0,-0.004653252244168085,2019,516,0,0.4503362243808979,0,1
2019-04-30,GBPUSD,GB,0,-0.031971534023686576,2019,516,0,0.46059491457003543,0,1
2019-04-30,JPYUSD,JP,1,0.02490358636980705,2019,516,0,0.4383180528334713,0,1
2019-04-30,NOKUSD,NO,0,-0.012931734928957717,2019,516,0,0.47855793391542417,0,1
2019-04-30,NZDUSD,NZ,0,-0.021978906718775337,2019,516,0,0.47561605129027623,0,1
2019-04-30,SEKUSD,SE,0,-0.000935999773863827,2019,516,0,0.43922019666420165,0,1
2019-05-31,AUDUSD,AU,1,0.011335224316375903,2019,516,0,0.47278213990785006,0,1
2019-05-31,CADUSD,CA,1,0.032466968293260845,2019,516,0,0.4727539842036894,0,1
2019-05-31,CHFUSD,CH,1,0.02789186466841584,2019,516,0,0.43455162076114345,0,1
2019-05-31,EURUSD,EZ,1,0.019980241099173485,2019,516,0,0.45810535408415703,0,1
2019-05-31,GBPUSD,GB,1,0.006634047391712777,2019,516,0,0.4689759991198094,0,1
2019-05-31,JPYUSD,JP,1,0.0075750939593799416,2019,516,0,0.4427423324922343,0,1
2019-05-31,NOKUSD,NO,1,0.02630253743395139,2019,516,0,0.4906086367860068,0,1
2019-05-31,NZDUSD,NZ,1,0.028107017967345216,2019,516,0,0.4710896081038974,0,1
2019-05-31,SEKUSD,SE,1,0.02405447922827264,2019,516,0,0.43722814391012843,0,1
2019-06-30,AUDUSD,AU,0,-0.017414270392758058,2019,516,0,0.457653358678527,0,1
2019-06-30,CADUSD,CA,0,-0.003964326301909238,2019,516,0,0.46963032555293815,0,1
2019-06-30,CHFUSD,CH,0,-0.014649295545585769,2019,516,0,0.45318485262485203,0,1
2019-06-30,EURUSD,EZ,0,-0.021685883597154454,2019,516,0,0.45478794327446315,0,1
2019-06-30,GBPUSD,GB,0,-0.03884295076133065,2019,516,0,0.4593654548191087,0,1
2019-06-30,JPYUSD,JP,0,-0.0068385813133087225,2019,516,0,0.4532619731581596,0,1
2019-06-30,NOKUSD,NO,0,-0.02914229824793546,2019,516,0,0.4843726200092513,0,1
2019-06-30,NZDUSD,NZ,0,-0.01698139836971252,2019,516,0,0.45812667747010644,0,1
2019-06-30,SEKUSD,SE,0,-0.03241843651773468,2019,516,0,0.4367806191695476,0,1
2019-07-31,AUDUSD,AU,0,-0.023205623468793124,2019,516,0,0.45943743153594324,0,1
2019-07-31,CADUSD,CA,0,-0.01112257522528276,2019,516,0,0.4846811964341658,0,1
2019-07-31,CHFUSD,CH,1,0.0003030150015608437,2019,516,0,0.4551619894835979,0,1
2019-07-31,EURUSD,EZ,0,-0.012749392822666461,2019,516,0,0.4624768261666526,0,1
2019-07-31,GBPUSD,GB,0,-0.004428777844935727,2019,516,0,0.4665631966356383,0,1
2019-07-31,JPYUSD,JP,1,0.02122194312940362,2019,516,0,0.46106012319235723,0,1
2019-07-31,NOKUSD,NO,0,-0.03781456127111227,2019,516,0,0.49824369133660706,0,1
2019-07-31,NZDUSD,NZ,0,-0.046375682166597765,2019,516,0,0.47569341967212014,0,1
2019-07-31,SEKUSD,SE,0,-0.0241816876487273,2019,516,0,0.45484919672940644,0,1
2019-08-31,AUDUSD,AU,1,0.0023745929828219436,2019,516,0,0.4558532425569119,0,1
2019-08-31,CADUSD,CA,1,0.0035427617803265865,2019,516,0,0.4841604973941315,0,1
2019-08-31,CHFUSD,CH,0,-0.007948927501175337,2019,516,0,0.4402423443694683,0,1
2019-08-31,EURUSD,EZ,0,-0.007673372811194595,2019,516,0,0.4558455697565904,0,1
2019-08-31,GBPUSD,GB,1,0.011360507944505605,2019,516,0,0.4573529115464956,0,1
2019-08-31,JPYUSD,JP,0,-0.016883941956778337,2019,516,0,0.45103403585563834,0,1
2019-08-31,NOKUSD,NO,1,0.0039335090766807745,2019,516,0,0.49563195351659384,0,1
2019-08-31,NZDUSD,NZ,0,-0.005891267735578076,2019,516,0,0.4723780327418742,0,1
2019-08-31,SEKUSD,SE,0,-0.00030521304107056224,2019,516,0,0.44574372522090006,0,1
2019-09-30,AUDUSD,AU,1,0.02083103048597118,2019,516,0,0.44117050199251967,0,1
2019-09-30,CADUSD,CA,1,0.007503730209860393,2019,516,0,0.46496023885750404,0,1
2019-09-30,CHFUSD,CH,1,0.011085470771735429,2019,516,0,0.4335039966983483,0,1
2019-09-30,EURUSD,EZ,1,0.022666428230903368,2019,516,0,0.4363321777938802,0,1
2019-09-30,GBPUSD,GB,1,0.05024032249079671,2019,516,0,0.4436653926308278,0,1
2019-09-30,JPYUSD,JP,1,0.0001850138765684406,2019,516,0,0.4532058454550215,0,1
2019-09-30,NOKUSD,NO,0,-0.010774691979157591,2019,516,0,0.4620717362270333,0,1
2019-09-30,NZDUSD,NZ,1,0.02398347836674919,2019,516,0,0.43792284427752237,0,1
2019-09-30,SEKUSD,SE,1,0.020273915362024386,2019,516,0,0.4215197877465843,0,1
2019-10-31,AUDUSD,AU,0,-0.018462062839735338,2019,516,0,0.4303311313274858,0,1
2019-10-31,CADUSD,CA,0,-0.011121733704228753,2019,516,0,0.45275302366257003,0,1
2019-10-31,CHFUSD,CH,0,-0.013387889327268697,2019,516,0,0.41710572542914104,0,1
2019-10-31,EURUSD,EZ,0,-0.012266772378855734,2019,516,0,0.42082043459602575,0,1
2019-10-31,GBPUSD,GB,0,0.0,2019,516,0,0.43671260139735196,0,1
2019-10-31,JPYUSD,JP,0,-0.012686325688354039,2019,516,0,0.43367037896717,0,1
2019-10-31,NOKUSD,NO,0,-0.003674436390921354,2019,516,0,0.45939282142588855,0,1
2019-10-31,NZDUSD,NZ,1,0.0007792410586780485,2019,516,0,0.42031145773541995,0,1
2019-10-31,SEKUSD,SE,1,0.006603021376692553,2019,516,0,0.4127535884876618,0,1
2019-11-30,AUDUSD,AU,1,0.03886800153687919,2019,516,0,0.4273145239513697,0,1
2019-11-30,CADUSD,CA,1,0.025065114433671376,2019,516,0,0.440252300233622,1,1
2019-11-30,CHFUSD,CH,1,0.03293315209557354,2019,516,0,0.4124322357255477,0,1
2019-11-30,EURUSD,EZ,1,0.018700535971002408,2019,516,0,0.4175582754624698,0,1
2019-11-30,GBPUSD,GB,1,0.025184481220483557,2019,516,0,0.4402205360961377,0,1
2019-11-30,JPYUSD,JP,1,0.007334772041705406,2019,516,0,0.41208868479954797,0,1
2019-11-30,NOKUSD,NO,1,0.04815936789435016,2019,516,0,0.4492256556148093,0,1
2019-11-30,NZDUSD,NZ,1,0.049539147330078026,2019,516,0,0.4308906033069903,0,1
2019-11-30,SEKUSD,SE,1,0.02405932308736114,2019,516,0,0.4073640157447299,0,1
2019-12-31,AUDUSD,AU,0,-0.04822844429644291,2019,516,0,0.397817620093796,0,1
2019-12-31,CADUSD,CA,0,-0.019708834418015964,2019,516,0,0.4152325948179012,1,1
2019-12-31,CHFUSD,CH,1,0.0033122895411131226,2019,516,0,0.38307435128841943,0,1
2019-12-31,EURUSD,EZ,0,-0.012999421031484465,2019,516,0,0.39394800366934113,0,1
2019-12-31,GBPUSD,GB,0,-0.005592517599012081,2019,516,0,0.41576623701866944,0,1
2019-12-31,JPYUSD,JP,1,0.0015655940942460589,2019,516,0,0.389572536269924,0,1
2019-12-31,NOKUSD,NO,0,-0.04630209494422122,2019,516,0,0.4185551093023728,0,1
2019-12-31,NZDUSD,NZ,0,-0.04224381035647795,2019,516,0,0.41481649944769206,0,1
2019-12-31,SEKUSD,SE,0,-0.030859555485675205,2019,516,0,0.3874270459197642,0,1
2020-01-31,AUDUSD,AU,0,-0.030925611403567754,2020,528,0,0.43058055801852035,0,1
2020-01-31,CADUSD,CA,0,-0.01434443130526275,2020,528,0,0.434264381196466,1,1
2020-01-31,CHFUSD,CH,0,-0.0026920703771337734,2020,528,0,0.4000982444297737,0,1
2020-01-31,EURUSD,EZ,0,-0.007335992687859255,2020,528,0,0.41228399757219275,0,1
2020-01-31,GBPUSD,GB,0,-0.03211302777513575,2020,528,0,0.4224611472458368,0,1
2020-01-31,JPYUSD,JP,1,0.0035084515722676457,2020,528,0,0.4021886332575773,0,1
2020-01-31,NOKUSD,NO,0,-0.026879071591277004,2020,528,0,0.4513095125011253,0,1
2020-01-31,NZDUSD,NZ,0,-0.036860370734794146,2020,528,0,0.44369144035078506,0,1
2020-01-31,SEKUSD,SE,0,-0.0046491243688944195,2020,528,0,0.41601542069973013,0,1
2020-02-29,AUDUSD,AU,0,-0.05637078767720355,2020,528,0,0.44681793808547293,0,1
2020-02-29,CADUSD,CA,0,-0.051729408358123785,2020,528,0,0.45605269164363915,1,1
2020-02-29,CHFUSD,CH,1,0.00456006593899666,2020,528,0,0.4309623873918148,0,1
2020-02-29,EURUSD,EZ,1,0.0013625836690549231,2020,528,0,0.43592463658031677,0,1
2020-02-29,GBPUSD,GB,0,-0.02568308572989128,2020,528,0,0.4531642387366171,0,1
2020-02-29,JPYUSD,JP,1,0.005471843005811827,2020,528,0,0.4343623614835899,0,1
2020-02-29,NOKUSD,NO,0,-0.09645345410648254,2020,528,0,0.46462246740117547,0,1
2020-02-29,NZDUSD,NZ,0,-0.0447946268036053,2020,528,0,0.45660643980234905,0,1
2020-02-29,SEKUSD,SE,0,-0.02391576982465171,2020,528,0,0.4308604570350045,0,1
2020-03-31,AUDUSD,AU,1,0.06067253036859965,2020,528,0,0.4333822082856329,0,1
2020-03-31,CADUSD,CA,1,0.015124780009493355,2020,528,0,0.4289494702240727,1,1
2020-03-31,CHFUSD,CH,0,-0.0043532407055810185,2020,528,0,0.44256537209740304,0,1
2020-03-31,EURUSD,EZ,0,-0.0074715609535461885,2020,528,0,0.44319711781963383,0,1
2020-03-31,GBPUSD,GB,1,0.011813675069603458,2020,528,0,0.43782749305078716,0,1
2020-03-31,JPYUSD,JP,1,0.0055019488818492945,2020,528,0,0.44391470052265897,0,1
2020-03-31,NOKUSD,NO,1,0.014578307862579187,2020,528,0,0.4507625152697121,1,1
2020-03-31,NZDUSD,NZ,1,0.0315494000535847,2020,528,0,0.43355676006333843,0,1
2020-03-31,SEKUSD,SE,1,0.014159996058593638,2020,528,0,0.4366566235844855,0,1
2020-04-30,AUDUSD,AU,1,0.01807873014059591,2020,528,0,0.35952205208376276,1,1
2020-04-30,CADUSD,CA,1,0.007359340574219442,2020,528,0,0.35095597701719256,1,1
2020-04-30,CHFUSD,CH,1,0.0052885486459395,2020,528,0,0.4045892273974104,0,1
2020-04-30,EURUSD,EZ,1,0.01569833971217552,2020,528,0,0.41518295442723413,0,1
2020-04-30,GBPUSD,GB,0,-0.02263157341449004,2020,528,0,0.38463449292526447,1,1
2020-04-30,JPYUSD,JP,0,-0.0077313970881549565,2020,528,0,0.4056638102688311,0,1
2020-04-30,NOKUSD,NO,1,0.05251908586842147,2020,528,0,0.3517987967983641,1,1
2020-04-30,NZDUSD,NZ,1,0.0059982347304253225,2020,528,0,0.36782826094804494,1,1
2020-04-30,SEKUSD,SE,1,0.03649382304835713,2020,528,0,0.3884293864515936,1,1
2020-05-31,AUDUSD,AU,1,0.03709328094895997,2020,528,0,0.4501453774489383,1,1
2020-05-31,CADUSD,CA,1,0.014221878477454375,2020,528,0,0.41763330661741976,1,1
2020-05-31,CHFUSD,CH,1,0.01582427570871678,2020,528,0,0.46222033568153154,0,1
2020-05-31,EURUSD,EZ,1,0.011636364740782265,2020,528,0,0.4720505111810335,0,1
2020-05-31,GBPUSD,GB,1,0.003969384287499045,2020,528,0,0.4571586332385753,1,1
2020-05-31,JPYUSD,JP,0,0.0,2020,528,0,0.4699227385770352,0,1
2020-05-31,NOKUSD,NO,1,0.007520034613299753,2020,528,0,0.39956797282277373,1,1
2020-05-31,NZDUSD,NZ,1,0.041009466844394216,2020,528,0,0.44343030610967715,1,1
2020-05-31,SEKUSD,SE,1,0.012566963203083592,2020,528,0,0.4508083887891598,1,1
2020-06-30,AUDUSD,AU,1,0.03786390251053312,2020,528,0,0.480441521878019,1,1
2020-06-30,CADUSD,CA,1,0.0170387113412368,2020,528,0,0.45430628922589505,1,1
2020-06-30,CHFUSD,CH,1,0.0381101016327645,2020,528,0,0.4805246693545438,0,1
2020-06-30,EURUSD,EZ,1,0.05075029747641244,2020,528,0,0.4811278374687344,0,1
2020-06-30,GBPUSD,GB,1,0.05993480421015007,2020,528,0,0.46781524488956905,0,1
2020-06-30,JPYUSD,JP,1,0.018637860970907028,2020,528,0,0.4766556485659402,0,1
2020-06-30,NOKUSD,NO,1,0.060701635871537984,2020,528,0,0.46107671607323597,0,1
2020-06-30,NZDUSD,NZ,1,0.03025440835780241,2020,528,0,0.46857127187003833,1,1
2020-06-30,SEKUSD,SE,1,0.06187243184356506,2020,528,0,0.4796888096059334,1,1
2020-07-31,AUDUSD,AU,1,0.03148675592294564,2020,528,1,0.5039393469253978,1,1
2020-07-31,CADUSD,CA,1,0.02649863577433431,2020,528,0,0.4899963840182532,1,1
2020-07-31,CHFUSD,CH,1,0.011144942943991668,2020,528,0,0.4866992056899328,0,1
2020-07-31,EURUSD,EZ,1,0.010769075975342046,2020,528,0,0.4936515633601148,0,1
2020-07-31,GBPUSD,GB,1,0.018259146179047392,2020,528,0,0.4801437895957697,0,1
2020-07-31,JPYUSD,JP,0,-0.0005670541688669317,2020,528,0,0.489444860263516,0,1
2020-07-31,NOKUSD,NO,1,0.04323673233424108,2020,528,0,0.48746750432254105,0,1
2020-07-31,NZDUSD,NZ,1,0.016272658841656462,2020,528,1,0.5026347203163035,1,1
2020-07-31,SEKUSD,SE,1,0.014251749255812296,2020,528,0,0.48978791146156186,1,1
2020-08-31,AUDUSD,AU,0,-0.031347081364439366,2020,528,0,0.49652847231152053,1,1
2020-08-31,CADUSD,CA,0,-0.02193053706788639,2020,528,0,0.47516063622052224,1,1
2020-08-31,CHFUSD,CH,0,-0.019341262256853647,2020,528,0,0.48753798954433425,0,1
2020-08-31,EURUSD,EZ,0,-0.01917855428782858,2020,528,0,0.49374277464671984,0,1
2020-08-31,GBPUSD,GB,0,-0.03453339804198696,2020,528,0,0.4910549525303292,0,1
2020-08-31,JPYUSD,JP,1,0.0024595604112302993,2020,528,0,0.4807800717428783,0,1
2020-08-31,NOKUSD,NO,0,-0.07333301377715795,2020,528,0,0.48773497852892633,0,1
2020-08-31,NZDUSD,NZ,0,-0.021705814374027854,2020,528,0,0.4959734485028416,1,1
2020-08-31,SEKUSD,SE,0,-0.03841815223167844,2020,528,0,0.49308235537900946,1,1
2020-09-30,AUDUSD,AU,0,-0.019319503795670767,2020,528,1,0.5190795997994159,1,1
2020-09-30,CADUSD,CA,0,-0.0006752954674183465,2020,528,0,0.49719653619096327,1,1
2020-09-30,CHFUSD,CH,1,0.0025064035351833047,2020,528,1,0.5026631121591953,0,1
2020-09-30,EURUSD,EZ,0,-0.0065040879691762865,2020,528,1,0.5097434963135178,0,1
2020-09-30,GBPUSD,GB,1,0.0009282896930239426,2020,528,1,0.5135839506379023,0,1
2020-09-30,JPYUSD,JP,1,0.009899186110694735,2020,528,0,0.4902773331104506,0,1
2020-09-30,NOKUSD,NO,0,-0.020615365313692458,2020,528,1,0.5297322935152732,0,1
2020-09-30,NZDUSD,NZ,1,0.0003026176449179019,2020,528,1,0.5110766524164831,1,1
2020-09-30,SEKUSD,SE,1,0.006919125658036318,2020,528,1,0.5131805928500323,1,1
2020-10-31,AUDUSD,AU,1,0.04564588121506713,2020,528,0,0.49750890146001975,1,1
2020-10-31,CADUSD,CA,1,0.026603377834216402,2020,528,0,0.4813438024754069,1,1
2020-10-31,CHFUSD,CH,1,0.011522761236780282,2020,528,0,0.4818333978305735,0,1
2020-10-31,EURUSD,EZ,1,0.025515264233348572,2020,528,0,0.48781494187818586,0,1
2020-10-31,GBPUSD,GB,1,0.03083491977700742,2020,528,0,0.48121460728328247,0,1
2020-10-31,JPYUSD,JP,1,0.0015316870695079032,2020,528,0,0.48403327102371924,0,1
2020-10-31,NOKUSD,NO,1,0.07417796537567112,2020,528,0,0.4890128439368856,0,1
2020-10-31,NZDUSD,NZ,1,0.059752122406556696,2020,528,0,0.4906479719576428,1,1
2020-10-31,SEKUSD,SE,1,0.03933261821116929,2020,528,0,0.4805230503161023,1,1
2020-11-30,AUDUSD,AU,1,0.04755211908517459,2020,528,0,0.46849951770650733,1,1
2020-11-30,CADUSD,CA,1,0.017797244566514048,2020,528,0,0.4681810297316085,1,1
2020-11-30,CHFUSD,CH,1,0.024469127631220736,2020,528,0,0.4728302851638014,0,1
2020-11-30,EURUSD,EZ,1,0.023328049345217622,2020,528,0,0.47226885444843647,0,1
2020-11-30,GBPUSD,GB,1,0.02400115209954301,2020,528,0,0.468083113916007,0,1
2020-11-30,JPYUSD,JP,1,0.011466137087644768,2020,528,0,0.4837930244391509,0,1
2020-11-30,NOKUSD,NO,1,0.03465494777325917,2020,528,0,0.4553050214382312,0,1
2020-11-30,NZDUSD,NZ,1,0.02491156900328062,2020,528,0,0.47608898734950555,1,1
2020-11-30,SEKUSD,SE,1,0.04152775673983866,2020,528,0,0.46795597683667933,1,1
2020-12-31,AUDUSD,AU,0,-0.0062459539424412625,2020,528,0,0.4773394656956002,1,1
2020-12-31,CADUSD,CA,0,-0.0018018728679485008,2020,528,0,0.47239382976858163,1,1
2020-12-31,CHFUSD,CH,0,-0.007212924317957614,2020,528,0,0.46797842112863386,0,1
2020-12-31,EURUSD,EZ,0,-0.0077981105205163215,2020,528,0,0.4733954718877969,0,1
2020-12-31,GBPUSD,GB,1,0.004455000977838575,2020,528,0,0.4733343718659283,0,1
2020-12-31,JPYUSD,JP,0,-0.013953938581265923,2020,528,0,0.47478408019383295,0,1
2020-12-31,NOKUSD,NO,1,0.0035394959007626348,2020,528,0,0.4883812891068602,0,1
2020-12-31,NZDUSD,NZ,1,0.0008336807485773146,2020,528,0,0.4911666185447676,1,1
2020-12-31,SEKUSD,SE,0,-0.015255475609778912,2020,528,0,0.47463680997802005,1,1
2021-01-31,AUDUSD,AU,1,0.007671840502000926,2021,540,1,0.5269179475587042,1,1
2021-01-31,CADUSD,CA,1,0.0061239101644531835,2021,540,1,0.504777750593093,1,1
2021-01-31,CHFUSD,CH,0,-0.02078198924867189,2021,540,0,0.49999539969700707,0,1
2021-01-31,EURUSD,EZ,0,-0.0034670663754262643,2021,540,1,0.5077332938543305,0,1
2021-01-31,GBPUSD,GB,1,0.016191174089061233,2021,540,1,0.5040925829529443,0,1
2021-01-31,JPYUSD,JP,0,-0.01893278816156485,2021,540,1,0.5025638077026,0,1
2021-01-31,NOKUSD,NO,0,-0.012328031085980573,2021,540,1,0.5271680750286502,0,1
2021-01-31,NZDUSD,NZ,1,0.006782502296731108,2021,540,1,0.5287571744015901,1,1
2021-01-31,SEKUSD,SE,0,-0.01019296517184154,2021,540,1,0.514085862787424,1,1
2021-02-28,AUDUSD,AU,0,-0.013957051712609303,2021,540,1,0.5243897890966618,1,1
2021-02-28,CADUSD,CA,1,0.01005192681556405,2021,540,0,0.49959740468820757,1,1
2021-02-28,CHFUSD,CH,0,-0.03522784583106597,2021,540,0,0.4914007041742859,0,1
2021-02-28,EURUSD,EZ,0,-0.029369454420194452,2021,540,0,0.4968003261143875,0,1
2021-02-28,GBPUSD,GB,0,-0.010958223707308035,2021,540,1,0.5000616207484831,0,1
2021-02-28,JPYUSD,JP,0,-0.03655182504370913,2021,540,0,0.49014896925182916,0,1
2021-02-28,NOKUSD,NO,1,0.013827035933950516,2021,540,1,0.5215236432784575,0,1
2021-02-28,NZDUSD,NZ,0,-0.036526043823748744,2021,540,1,0.5266739121275987,1,1
2021-02-28,SEKUSD,SE,0,-0.03470674372384552,2021,540,1,0.5021604505282552,1,1
2021-03-31,AUDUSD,AU,1,0.013438782719407072,2021,540,0,0.445040439578142,1,1
2021-03-31,CADUSD,CA,1,0.022525286699850378,2021,540,0,0.42308000510608623,1,1
2021-03-31,CHFUSD,CH,1,0.031385698286622694,2021,540,0,0.3953061468818023,0,1
2021-03-31,EURUSD,EZ,1,0.024146211603643553,2021,540,0,0.40299256521770915,0,1
2021-03-31,GBPUSD,GB,1,0.003112223407369885,2021,540,0,0.4174745978556937,0,1
2021-03-31,JPYUSD,JP,1,0.011639669467768954,2021,540,0,0.39160648848782076,0,1
2021-03-31,NOKUSD,NO,1,0.027265182577625335,2021,540,0,0.4375618241295869,0,1
2021-03-31,NZDUSD,NZ,1,0.02542869037574319,2021,540,0,0.4462632570231369,1,1
2021-03-31,SEKUSD,SE,1,0.031245261077964326,2021,540,0,0.4101122964042452,1,1
2021-04-30,AUDUSD,AU,0,-0.0012968488395168065,2021,540,0,0.42464799497675837,1,1
2021-04-30,CADUSD,CA,1,0.016736792355523722,2021,540,0,0.41566780489017613,1,1
2021-04-30,CHFUSD,CH,1,0.01456818613224374,2021,540,0,0.37622399399990475,0,1
2021-04-30,EURUSD,EZ,1,0.013540497499036824,2021,540,0,0.3881065786368956,0,1
2021-04-30,GBPUSD,GB,1,0.02497810583475618,2021,540,0,0.40449087592888755,0,1
2021-04-30,JPYUSD,JP,0,-0.004562884353861207,2021,540,0,0.3728136155288558,0,1
2021-04-30,NOKUSD,NO,0,-0.005273253821656443,2021,540,0,0.428076738798205,0,1
2021-04-30,NZDUSD,NZ,1,0.011511118021869438,2021,540,0,0.42344929559611755,1,1
2021-04-30,SEKUSD,SE,1,0.01771753942943688,2021,540,0,0.39010305367494774,1,1
2021-05-31,AUDUSD,AU,0,-0.027629701267844642,2021,540,0,0.4311716254807215,1,1
2021-05-31,CADUSD,CA,0,-0.02588850636088247,2021,540,0,0.4244300559998478,1,1
2021-05-31,CHFUSD,CH,0,-0.02827895586439684,2021,540,0,0.3891346286235287,0,1
2021-05-31,EURUSD,EZ,0,-0.028784950520126668,2021,540,0,0.40010235521804105,0,1
2021-05-31,GBPUSD,GB,0,-0.027293256630091578,2021,540,0,0.4133277537714326,0,1
2021-05-31,JPYUSD,JP,0,-0.011046834540181294,2021,540,0,0.3826128887667441,0,1
2021-05-31,NOKUSD,NO,0,-0.0316491066776492,2021,540,0,0.4356595531267495,0,1
2021-05-31,NZDUSD,NZ,0,-0.03851495012802225,2021,540,0,0.43616269538473534,1,1
2021-06-30,AUDUSD,AU,0,-0.019533186544170578,2021,540,0,0.45021587617759984,1,1
2021-06-30,CADUSD,CA,0,-0.004985937148456299,2021,540,0,0.4505905098531752,1,1
2021-06-30,CHFUSD,CH,1,0.020968334026969696,2021,540,0,0.4141958845703179,0,1
2021-06-30,EURUSD,EZ,1,0.0013495278701331492,2021,540,0,0.4262397585409915,0,1
2021-06-30,GBPUSD,GB,1,0.007720374578455813,2021,540,0,0.4424848257821808,0,1
2021-06-30,JPYUSD,JP,1,0.012231183059251194,2021,540,0,0.40643042351704,0,1
2021-06-30,NOKUSD,NO,0,-0.02408262802496619,2021,540,0,0.45889460405226024,0,1
2021-06-30,NZDUSD,NZ,1,0.0005730659182620057,2021,540,0,0.46046838199353934,1,1
2021-07-31,AUDUSD,AU,0,-0.0060035655828697965,2021,540,0,0.4444245556850588,1,1
2021-07-31,CADUSD,CA,0,-0.012990818277374139,2021,540,0,0.44996534160105073,1,1
2021-07-31,CHFUSD,CH,0,-0.010975853793148069,2021,540,0,0.4091918451224546,0,1
2021-07-31,EURUSD,EZ,0,-0.005409073364011863,2021,540,0,0.42054571620809494,0,1
2021-07-31,GBPUSD,GB,0,-0.012003036370456688,2021,540,0,0.43615057827886233,0,1
2021-07-31,JPYUSD,JP,0,-0.003185440691285457,2021,540,0,0.40932064678810565,0,1
2021-07-31,NOKUSD,NO,1,0.014851277772475413,2021,540,0,0.45260777705368416,0,1
2021-07-31,NZDUSD,NZ,1,0.008556812050016516,2021,540,0,0.4553233552795916,1,1
2021-08-31,AUDUSD,AU,0,-0.01087042007909872,2021,540,0,0.44735754658295024,1,1
2021-08-31,CADUSD,CA,0,-0.0034779894358942798,2021,540,0,0.4570827416913921,1,1
2021-08-31,CHFUSD,CH,0,-0.01924383709450908,2021,540,0,0.4251046195410735,0,1
2021-08-31,EURUSD,EZ,0,-0.019079160248027666,2021,540,0,0.4294985411014804,0,1
2021-08-31,GBPUSD,GB,0,-0.02035562806701041,2021,540,0,0.44635768518190794,0,1
2021-08-31,JPYUSD,JP,0,-0.01308978292770302,2021,540,0,0.42449218454214416,0,1
2021-08-31,NOKUSD,NO,0,-0.005150422902080454,2021,540,0,0.45674169143897414,0,1
2021-08-31,NZDUSD,NZ,0,-0.020515747168889265,2021,540,0,0.46972953250889893,1,1
2021-09-30,AUDUSD,AU,1,0.0382730930460613,2021,540,0,0.45325788163441566,1,1
2021-09-30,CADUSD,CA,1,0.022019238243917355,2021,540,0,0.4576118465342819,1,1
2021-09-30,CHFUSD,CH,1,0.01880729883591231,2021,540,0,0.42975901875393663,0,1
2021-09-30,EURUSD,EZ,0,-0.0021617890731209233,2021,540,0,0.43432341272675284,0,1
2021-09-30,GBPUSD,GB,1,0.015908422108033393,2021,540,0,0.4520897792930895,0,1
2021-09-30,JPYUSD,JP,0,-0.022436980769093395,2021,540,0,0.4251453736308779,0,1
2021-09-30,NOKUSD,NO,1,0.033234228704473345,2021,540,0,0.47714413337150374,0,1
2021-09-30,NZDUSD,NZ,1,0.03685413877986249,2021,540,0,0.4793661349258628,1,1
2021-10-31,AUDUSD,AU,0,-0.05783225247326357,2021,540,0,0.46038008177238776,1,1
2021-10-31,CADUSD,CA,0,-0.03292772389090176,2021,540,0,0.4616830531308018,1,1
2021-10-31,CHFUSD,CH,0,-0.005657723719858759,2021,540,0,0.42567708602160365,0,1
2021-10-31,EURUSD,EZ,0,-0.023206961176981122,2021,540,0,0.4333658963465466,0,1
2021-10-31,GBPUSD,GB,0,-0.03222492809265659,2021,540,0,0.45312030615052046,0,1
2021-10-31,JPYUSD,JP,1,0.007128743060753173,2021,540,0,0.4214147510411009,0,1
2021-10-31,NOKUSD,NO,0,-0.07488240754924425,2021,540,0,0.4856259458238922,1,1
2021-10-31,NZDUSD,NZ,0,-0.05204356474072702,2021,540,0,0.4846009524463336,1,1
2021-11-30,AUDUSD,AU,1,0.023976615533924883,2021,540,0,0.4785536602001513,1,1
2021-11-30,CADUSD,CA,1,0.002735552137725472,2021,540,0,0.4769039791022095,1,1
2021-11-30,CHFUSD,CH,1,0.007732979775663756,2021,540,0,0.4344200780180436,0,1
2021-11-30,EURUSD,EZ,1,0.002742757746842711,2021,540,0,0.440603548951817,0,1
2021-11-30,GBPUSD,GB,1,0.018541201006734453,2021,540,0,0.46152673754557916,0,1
2021-11-30,JPYUSD,JP,0,-0.017076469072302203,2021,540,0,0.42613013150779483,0,1
2021-11-30,NOKUSD,NO,1,0.03396626641709766,2021,540,0,0.49703011020312926,1,1
2021-11-30,NZDUSD,NZ,1,0.00645447451285186,2021,540,1,0.5092220965872639,1,1
2021-12-31,AUDUSD,AU,0,-0.027368365535045736,2021,540,0,0.4780475114769608,1,1
2021-12-31,CADUSD,CA,1,0.0065172387249077535,2021,540,0,0.4832659956878021,1,1
2021-12-31,CHFUSD,CH,0,-0.01702030355055824,2021,540,0,0.4515363111352333,0,1
2021-12-31,EURUSD,EZ,0,-0.009409745417790188,2021,540,0,0.4532507815689159,0,1
2021-12-31,GBPUSD,GB,0,-0.0045287578794566685,2021,540,0,0.4721330282175392,1,1
2021-12-31,JPYUSD,JP,0,-0.00043404662342094724,2021,540,0,0.4479574487632925,0,1
2021-12-31,NOKUSD,NO,0,-0.011188817379808924,2021,540,1,0.5028864207899701,1,1
2021-12-31,NZDUSD,NZ,0,-0.03875876401209799,2021,540,1,0.5168692488959087,1,1
2022-01-31,AUDUSD,AU,1,0.027506097096450743,2022,552,0,0.4957900180420652,1,1
2022-01-31,CADUSD,CA,1,0.0025240587623436006,2022,552,0,0.49585317315974825,1,1
2022-01-31,CHFUSD,CH,1,0.013418662549467636,2022,552,0,0.46465089688448385,0,1
2022-01-31,EURUSD,EZ,1,0.001069709497618046,2022,552,0,0.46511397212872935,0,1
2022-01-31,GBPUSD,GB,0,-0.001489314446106338,2022,552,0,0.4938390362770249,1,1
2022-01-31,JPYUSD,JP,1,0.0009551513772656506,2022,552,0,0.45232027005776176,0,1
2022-01-31,NOKUSD,NO,1,0.010451090566300891,2022,552,1,0.5152265140832496,1,1
2022-01-31,NZDUSD,NZ,1,0.02920899629171908,2022,552,1,0.5269634427684813,1,1
2022-02-28,AUDUSD,AU,1,0.03225211792114269,2022,552,0,0.49044357051897647,1,1
2022-02-28,CADUSD,CA,1,0.01431777561008346,2022,552,1,0.5033401037017087,1,1
2022-02-28,CHFUSD,CH,0,-0.0034801557691445106,2022,552,0,0.4658510069152301,0,1
2022-02-28,EURUSD,EZ,0,-0.011740064043637338,2022,552,0,0.47460866977787985,0,1
2022-02-28,GBPUSD,GB,0,-0.020097774804996804,2022,552,1,0.5081543783007709,1,1
2022-02-28,JPYUSD,JP,0,-0.053532120720348964,2022,552,0,0.4568562766775407,0,1
2022-02-28,NOKUSD,NO,1,0.006305219832825948,2022,552,1,0.5224904838052781,1,1
2022-02-28,NZDUSD,NZ,1,0.025074199926302276,2022,552,1,0.515836262246769,1,1
2022-03-31,AUDUSD,AU,0,-0.054534059119295875,2022,552,0,0.49957145609241205,0,1
2022-03-31,CADUSD,CA,0,-0.025313802207960423,2022,552,1,0.5091236751849346,1,1
2022-03-31,CHFUSD,CH,0,-0.0540957908214215,2022,552,0,0.48184010590455706,0,1
2022-03-31,EURUSD,EZ,0,-0.0514214061391319,2022,552,0,0.4784452740696617,0,1
2022-03-31,GBPUSD,GB,0,-0.045658667318268564,2022,552,1,0.5110139342101361,1,1
2022-03-31,JPYUSD,JP,0,-0.06688260955901537,2022,552,0,0.4671783978320266,0,1
2022-03-31,NOKUSD,NO,0,-0.06318752275007711,2022,552,1,0.5255896048978489,1,1
2022-03-31,NZDUSD,NZ,0,-0.07006291850649365,2022,552,1,0.5307281080841942,1,1
2022-04-30,AUDUSD,AU,1,0.01217734972135609,2022,552,1,0.5368532187733978,0,1
2022-04-30,CADUSD,CA,1,0.012814137054822483,2022,552,1,0.5415408133990668,1,1
2022-04-30,CHFUSD,CH,1,0.015861007362657067,2022,552,0,0.4917209890942685,0,1
2022-04-30,EURUSD,EZ,1,0.018243876327599703,2022,552,0,0.494939441222212,0,1
2022-04-30,GBPUSD,GB,1,0.004684593107962931,2022,552,1,0.522446877491044,1,1
2022-04-30,JPYUSD,JP,1,0.01014058308429533,2022,552,0,0.46165912332859077,0,1
2022-04-30,NOKUSD,NO,0,-0.0032850591586766065,2022,552,1,0.540030592015352,1,1
2022-04-30,NZDUSD,NZ,1,0.006771340123172986,2022,552,1,0.5710568185619246,1,1
2022-05-31,AUDUSD,AU,0,-0.04016718206005715,2022,552,1,0.5575186199739729,0,1
2022-05-31,CADUSD,CA,0,-0.018189447002251335,2022,552,1,0.5633112897869536,1,1
2022-05-31,CHFUSD,CH,1,0.0020920509722240285,2022,552,0,0.4892719298489351,0,1
2022-05-31,EURUSD,EZ,0,-0.024718239607772495,2022,552,1,0.5018329512515295,0,1
2022-05-31,GBPUSD,GB,0,-0.03728342740560045,2022,552,1,0.5267620165194037,1,1
2022-05-31,JPYUSD,JP,0,-0.054210532035821046,2022,552,0,0.4599317244715459,0,1
2022-05-31,NOKUSD,NO,0,-0.05217905366364484,2022,552,1,0.539665445082965,0,1
2022-05-31,NZDUSD,NZ,0,-0.04309323236102053,2022,552,1,0.5780745061256332,1,1
2022-06-30,AUDUSD,AU,1,0.011519205847669745,2022,552,1,0.5945266213561864,0,1
2022-06-30,CADUSD,CA,1,0.005453425793268019,2022,552,1,0.5904124807673218,1,1
2022-06-30,CHFUSD,CH,1,0.003881870268318828,2022,552,1,0.51589490683498,0,1
2022-06-30,EURUSD,EZ,0,-0.02583472983648303,2022,552,1,0.5320906003947545,0,1
2022-06-30,GBPUSD,GB,1,0.0017252006743524173,2022,552,1,0.5530776057973892,0,1
2022-06-30,JPYUSD,JP,1,0.018145809111906885,2022,552,0,0.4784655814331527,0,1
2022-06-30,NOKUSD,NO,1,0.01938130480367395,2022,552,1,0.5700056852362066,0,1
2022-06-30,NZDUSD,NZ,1,0.005429588554431319,2022,552,1,0.6066037666406773,1,1
2022-07-31,AUDUSD,AU,0,-0.017183297673424858,2022,552,1,0.5852374837557539,0,1
2022-07-31,CADUSD,CA,0,-0.02240167832398937,2022,552,1,0.5830647436177672,1,1
2022-07-31,CHFUSD,CH,0,-0.02440285153863963,2022,552,0,0.4998530620770138,0,1
2022-07-31,EURUSD,EZ,0,-0.01351972040898005,2022,552,1,0.5212773019312866,0,1
2022-07-31,GBPUSD,GB,0,-0.04499290125175551,2022,552,1,0.5322097921002689,0,1
2022-07-31,JPYUSD,JP,0,-0.04001416362228927,2022,552,0,0.4505174025120849,0,1
2022-07-31,NOKUSD,NO,0,-0.02353001656039755,2022,552,1,0.5527029807261225,0,1
2022-07-31,NZDUSD,NZ,0,-0.023037668067017292,2022,552,1,0.5824788399500481,1,1
2022-08-31,AUDUSD,AU,0,-0.06451910196502142,2022,552,1,0.6008809385242585,0,1
2022-08-31,CADUSD,CA,0,-0.04925929688258612,2022,552,1,0.5984203403084316,1,1
2022-08-31,CHFUSD,CH,0,-0.009901576328129257,2022,552,1,0.5215329047731782,0,1
2022-08-31,EURUSD,EZ,0,-0.028417873616463037,2022,552,1,0.5316682136499417,0,1
2022-08-31,GBPUSD,GB,0,-0.04504514635919889,2022,552,1,0.5572910253877981,0,1
2022-08-31,JPYUSD,JP,0,-0.042490513081657966,2022,552,0,0.47003986197712927,0,1
2022-08-31,NOKUSD,NO,0,-0.09333363942858197,2022,552,1,0.5841764019258903,0,1
2022-08-31,NZDUSD,NZ,0,-0.0839344514851505,2022,552,1,0.5953316196864493,1,1
2022-09-30,AUDUSD,AU,0,-0.0067025424328292504,2022,552,1,0.6081501975912258,0,1
2022-09-30,CADUSD,CA,1,0.008250932135810074,2022,552,1,0.5989720112587766,1,1
2022-09-30,CHFUSD,CH,0,-0.016221200974924323,2022,552,1,0.5031372763650238,0,1
2022-09-30,EURUSD,EZ,1,0.010372271147288559,2022,552,1,0.5539810605923798,0,1
2022-09-30,GBPUSD,GB,1,0.033647043511332506,2022,552,1,0.5762693785697994,0,1
2022-09-30,JPYUSD,JP,0,-0.026728256410901707,2022,552,0,0.4566353858873693,0,1
2022-09-30,NOKUSD,NO,1,0.04481807825876105,2022,552,1,0.5931018227856094,0,1
2022-09-30,NZDUSD,NZ,1,0.0293419582840152,2022,552,1,0.6005642337888317,1,1
2022-10-31,AUDUSD,AU,1,0.04928157564707775,2022,552,1,0.5692902191126413,0,1
2022-10-31,CADUSD,CA,1,0.007432789858322131,2022,552,1,0.5652747703663331,1,1
2022-10-31,CHFUSD,CH,1,0.05336788561062338,2022,552,0,0.495409643204724,0,1
2022-10-31,EURUSD,EZ,1,0.04335595886087274,2022,552,1,0.5527998643480126,0,1
2022-10-31,GBPUSD,GB,1,0.03808442534971673,2022,552,1,0.5644250237336003,0,1
2022-10-31,JPYUSD,JP,1,0.06475833044266999,2022,552,0,0.4374513550271945,0,1
2022-10-31,NOKUSD,NO,1,0.04479637993963603,2022,552,1,0.542684360359716,0,1
2022-10-31,NZDUSD,NZ,1,0.07043761048132546,2022,552,1,0.5634589852957811,1,1
2022-11-30,AUDUSD,AU,1,0.01301600981870199,2022,552,1,0.5339937664034602,0,1
2022-11-30,CADUSD,CA,1,0.00044329516795382773,2022,552,1,0.5460406931061486,0,1
2022-11-30,CHFUSD,CH,1,0.026166922549486486,2022,552,0,0.46046141318284156,0,1
2022-11-30,EURUSD,EZ,1,0.035682392625605415,2022,552,1,0.5302203609978483,0,1
2022-11-30,GBPUSD,GB,1,0.00956785867087298,2022,552,1,0.5417287357397557,0,1
2022-11-30,JPYUSD,JP,1,0.05534017399375912,2022,552,0,0.3997715437499791,0,1
2022-11-30,NOKUSD,NO,1,0.01021294078485413,2022,552,1,0.5319367534551246,0,1
2022-11-30,NZDUSD,NZ,1,0.017175994771010283,2022,552,1,0.5381968255057148,0,1
2022-12-31,AUDUSD,AU,1,0.03536998072074787,2022,552,1,0.5457259927033745,0,1
2022-12-31,CADUSD,CA,1,0.01481508578514068,2022,552,1,0.5449417344190782,1,1
2022-12-31,CHFUSD,CH,1,0.005969519002301832,2022,552,0,0.49608453735656877,0,1
2022-12-31,EURUSD,EZ,1,0.014845327374200995,2022,552,1,0.5459856916802972,0,1
2022-12-31,GBPUSD,GB,1,0.020245763441183257,2022,552,1,0.5634704846020083,0,1
2022-12-31,JPYUSD,JP,1,0.012520203246005224,2022,552,0,0.42643237259084993,0,1
2022-12-31,NOKUSD,NO,0,-0.01662093708018464,2022,552,1,0.5403079668439601,0,1
2022-12-31,NZDUSD,NZ,1,0.019363503187085684,2022,552,1,0.5765890489416908,1,1
2023-01-31,AUDUSD,AU,0,-0.044374396124622906,2023,564,1,0.547559999709847,0,1
2023-01-31,CADUSD,CA,0,-0.021003406697696958,2023,564,1,0.5466243116335638,0,1
2023-01-31,CHFUSD,CH,0,-0.020472646931055244,2023,564,1,0.5105007400410345,0,1
2023-01-31,EURUSD,EZ,0,-0.023859472917645057,2023,564,1,0.560407078091136,0,1
2023-01-31,GBPUSD,GB,0,-0.01892180793128298,2023,564,1,0.5660561440760385,0,1
2023-01-31,JPYUSD,JP,0,-0.04447514309385703,2023,564,0,0.45335011919000995,0,1
2023-01-31,NOKUSD,NO,0,-0.03322858765385739,2023,564,1,0.5358167544063916,0,1
2023-01-31,NZDUSD,NZ,0,-0.04297659775223028,2023,564,1,0.5802408772074696,0,1
2023-02-28,AUDUSD,AU,0,-0.005948857519772421,2023,564,1,0.5464048879904211,0,1
2023-02-28,CADUSD,CA,1,0.006705747098473103,2023,564,1,0.5384879055160481,0,1
2023-02-28,CHFUSD,CH,1,0.02669707325171311,2023,564,1,0.5017267745707186,0,1
2023-02-28,EURUSD,EZ,1,0.025148014283228166,2023,564,1,0.5495896229563926,0,1
2023-02-28,GBPUSD,GB,1,0.02256656958973427,2023,564,1,0.551906193889449,0,1
2023-02-28,JPYUSD,JP,1,0.024848771450177942,2023,564,0,0.44797421630120365,0,1
2023-02-28,NOKUSD,NO,0,-0.009871919450903821,2023,564,1,0.5178061213354066,0,1
2023-02-28,NZDUSD,NZ,1,0.012354750009872795,2023,564,1,0.5726054435945478,0,1
2023-03-31,AUDUSD,AU,0,-0.013062268149859557,2023,564,1,0.5241880400500731,0,1
2023-03-31,CADUSD,CA,0,-0.0019943131771533174,2023,564,1,0.5116192147934713,0,1
2023-03-31,CHFUSD,CH,1,0.024169690952360948,2023,564,0,0.4848269567896472,0,1
2023-03-31,EURUSD,EZ,1,0.015334364000106793,2023,564,1,0.5388617524786773,0,1
2023-03-31,GBPUSD,GB,1,0.01707387875496516,2023,564,1,0.5369299397727839,0,1
2023-03-31,JPYUSD,JP,0,-0.024113693498819977,2023,564,0,0.42824033435933845,0,1
2023-03-31,NOKUSD,NO,0,-0.018920829046868537,2023,564,1,0.5046852147440192,0,1
2023-03-31,NZDUSD,NZ,0,-0.013485515012031934,2023,564,1,0.5449769215400374,1,1
2023-04-30,AUDUSD,AU,0,-0.02200241546654924,2023,564,1,0.5197513000873399,0,1
2023-04-30,CADUSD,CA,0,-0.002652912388639017,2023,564,1,0.5019308072196076,0,1
2023-04-30,CHFUSD,CH,0,-0.024169690952360948,2023,564,0,0.4852784143902183,0,1
2023-04-30,EURUSD,EZ,0,-0.03558963235414203,2023,564,1,0.5414571251359963,0,1
2023-04-30,GBPUSD,GB,0,-0.014893381222336077,2023,564,1,0.5390670573679613,0,1
2023-04-30,JPYUSD,JP,0,-0.027488404428114954,2023,564,0,0.4398399720540225,0,1
2023-04-30,NOKUSD,NO,0,-0.04810096267603159,2023,564,1,0.5109701882989606,0,1
2023-04-30,NZDUSD,NZ,0,-0.031524528069374225,2023,564,1,0.5533871683843997,1,1
2023-05-31,AUDUSD,AU,1,0.028930154017026977,2023,564,1,0.51401314997771,0,1
2023-05-31,CADUSD,CA,1,0.026548912017002158,2023,564,0,0.4892606661500118,0,1
2023-05-31,CHFUSD,CH,1,0.020137879017484733,2023,564,0,0.4825673218411409,0,1
2023-05-31,EURUSD,EZ,1,0.024660561821951754,2023,564,1,0.5388425317102241,0,1
2023-05-31,GBPUSD,GB,1,0.024936563974431475,2023,564,1,0.5354576218386107,0,1
2023-05-31,JPYUSD,JP,0,-0.03300211549230703,2023,564,0,0.4279843559343443,0,1
2023-05-31,NOKUSD,NO,1,0.0418447375761799,2023,564,1,0.5142364322517787,0,1
2023-05-31,NZDUSD,NZ,1,0.022758238164369005,2023,564,1,0.5540420563757472,1,1
2023-06-30,AUDUSD,AU,1,0.010005310076236396,2023,564,0,0.4947153965084512,0,1
2023-06-30,CADUSD,CA,1,0.005456212384164161,2023,564,0,0.47674486463386323,0,1
2023-06-30,CHFUSD,CH,1,0.02937551737387939,2023,564,0,0.45079334449685515,0,1
2023-06-30,EURUSD,EZ,1,0.00911583340800945,2023,564,1,0.5009593843156176,0,1
2023-06-30,GBPUSD,GB,1,0.011578006202178526,2023,564,1,0.522672910102829,0,1
2023-06-30,JPYUSD,JP,1,0.01597801303995272,2023,564,0,0.40825156949290414,0,1
2023-06-30,NOKUSD,NO,1,0.05759896789047625,2023,564,0,0.4939600303420888,0,1
2023-06-30,NZDUSD,NZ,1,0.014085880107241489,2023,564,1,0.5134931616456331,1,1
