month_end,pair,country,y,fwd_logret_1m,window_year,train_months,pred_logit,proba_logit,pred_carry,pred_majority
1986-01-31,CADUSD,CA,1,0.0002107999867272392,1986,120,1,0.543885353597179,1,0
1986-01-31,GBPUSD,GB,1,0.023793984665522627,1986,120,1,0.6776993625208805,1,0
1986-01-31,NOKUSD,NO,1,0.05867797602489189,1986,120,1,0.8257067373125703,1,0
1986-01-31,NZDUSD,NZ,0,-0.02361942582288057,1986,120,0,0.48084729504976315,1,0
1986-01-31,ZARUSD,ZA,1,0.14049940634232772,1986,120,1,0.6784731800084576,1,0
1986-02-28,CADUSD,CA,1,0.018440238832890532,1986,120,1,0.6517440450477381,1,0
1986-02-28,GBPUSD,GB,1,0.018839399459039452,1986,120,1,0.6214426121593735,1,0
1986-02-28,NOKUSD,NO,0,-0.037332086772470685,1986,120,1,0.8087285977409122,1,0
1986-02-28,NZDUSD,NZ,1,0.023059044749095814,1986,120,1,0.9082441315423393,1,0
1986-02-28,ZARUSD,ZA,0,-0.07952745641904513,1986,120,1,0.8918628296058937,1,0
1986-03-31,CADUSD,CA,1,0.01674645747718062,1986,120,1,0.6825504209540346,1,0
1986-03-31,GBPUSD,GB,1,0.05125936099878936,1986,120,1,0.7073165121565873,1,0
1986-03-31,NOKUSD,NO,1,0.04805413373643663,1986,120,1,0.9235194731822732,1,0
1986-03-31,NZDUSD,NZ,1,0.08777404074637274,1986,120,1,0.9850114787622308,1,0
1986-03-31,ZARUSD,ZA,1,0.044160118180490815,1986,120,1,0.9861728495513347,1,0
1986-04-30,CADUSD,CA,0,-0.00428546143420655,1986,120,1,0.6159221003412018,1,0
1986-04-30,GBPUSD,GB,0,-0.05207408030517596,1986,120,1,0.6648998749810721,1,0
1986-04-30,NOKUSD,NO,0,-0.11941861994440739,1986,120,1,0.8391981556719881,1,0
1986-04-30,NZDUSD,NZ,0,-0.037134921420701184,1986,120,1,0.9582025717118108,1,0
1986-04-30,ZARUSD,ZA,0,-0.13767205977321384,1986,120,1,0.9267465477744364,1,0
1986-05-31,CADUSD,CA,0,-0.005277057100843918,1986,120,0,0.46603597296678273,1,0
1986-05-31,GBPUSD,GB,1,0.03974826742917381,1986,120,1,0.7337930624876088,1,0
1986-05-31,NOKUSD,NO,1,0.04333631348696798,1986,120,1,0.9737959669438372,1,0
1986-05-31,NZDUSD,NZ,0,-0.025181186630159558,1986,120,1,0.959707907344585,1,0
1986-05-31,ZARUSD,ZA,0,-0.04714928596189305,1986,120,1,0.926932751526917,1,0
1986-06-30,CADUSD,CA,1,0.005422026657490864,1986,120,0,0.40230178186910814,1,0
1986-06-30,GBPUSD,GB,0,-0.02679174634573339,1986,120,0,0.48074540396980364,1,0
1986-06-30,NOKUSD,NO,1,0.01185824366795929,1986,120,1,0.720623283235471,1,0
1986-06-30,NZDUSD,NZ,0,-0.053308553454507246,1986,120,1,0.8572216449600835,1,0
1986-06-30,ZARUSD,ZA,0,-0.03395810887724626,1986,120,1,0.8216374833491314,1,0
1986-07-31,CADUSD,CA,0,-0.0062147909237227905,1986,120,0,0.4790165309517372,1,0
1986-07-31,GBPUSD,GB,0,-0.002349388561766086,1986,120,1,0.6357486147453143,1,0
1986-07-31,NOKUSD,NO,1,0.016169929053043486,1986,120,1,0.7557455973721824,1,0
1986-07-31,NZDUSD,NZ,0,-0.06755298642896379,1986,120,1,0.7837906358601409,1,0
1986-07-31,ZARUSD,ZA,1,0.0038342705138418864,1986,120,1,0.6960658374310355,1,0
1986-08-31,CADUSD,CA,0,-0.0005041593250221799,1986,120,1,0.577719934240879,1,0
1986-08-31,GBPUSD,GB,0,-0.028078715315094205,1986,120,1,0.6699258631198922,1,0
1986-08-31,NOKUSD,NO,0,-0.008185584586439365,1986,120,1,0.6560512217719795,1,0
1986-08-31,NZDUSD,NZ,1,0.0034882563328000327,1986,120,1,0.8658540696353424,1,0
1986-08-31,ZARUSD,ZA,1,0.13461839188548674,1986,120,1,0.7740318153498001,1,0
1986-09-30,CADUSD,CA,0,-0.0012233297679338784,1986,120,1,0.5607039348315086,1,0
1986-09-30,GBPUSD,GB,0,-0.028961109731356405,1986,120,1,0.6306318765746051,1,0
1986-09-30,NOKUSD,NO,0,-0.021373217655105137,1986,120,1,0.8466907328618274,1,0
1986-09-30,NZDUSD,NZ,1,0.037785845632323456,1986,120,1,0.7875741239958796,1,0
1986-09-30,ZARUSD,ZA,0,-0.028255588312835367,1986,120,1,0.6140589455691452,1,0
1986-10-31,CADUSD,CA,1,0.0046855374964048235,1986,120,1,0.5588908667899444,1,0
1986-10-31,GBPUSD,GB,1,0.019725894976837965,1986,120,1,0.6840579177688719,1,0
1986-10-31,NOKUSD,NO,1,0.0010645376920153105,1986,120,1,0.834507245929528,1,0
1986-10-31,NZDUSD,NZ,1,0.007467120567201113,1986,120,1,0.8211554928380235,1,0
1986-10-31,ZARUSD,ZA,1,0.03270553385128083,1986,120,1,0.943950968131276,1,0
1986-11-30,CADUSD,CA,1,0.0021699827683226425,1986,120,1,0.5754943957491094,1,0
1986-11-30,GBPUSD,GB,1,0.03361084554845595,1986,120,1,0.6165474107257644,1,0
1986-11-30,NOKUSD,NO,1,0.018272710477991172,1986,120,1,0.7853677633752998,1,0
1986-11-30,NZDUSD,NZ,1,0.03784183389565354,1986,120,1,0.9429317518907064,1,0
1986-11-30,ZARUSD,ZA,1,0.014794914748194277,1986,120,1,0.9143834701725629,1,0
1986-12-31,CADUSD,CA,1,0.03088480771811969,1986,120,1,0.573895713898108,1,0
1986-12-31,GBPUSD,GB,1,0.02102530312551365,1986,120,1,0.7051180735704012,1,0
1986-12-31,NOKUSD,NO,1,0.045068285401706376,1986,120,1,0.8770378513861573,1,0
1986-12-31,NZDUSD,NZ,1,0.019599320792443753,1986,120,1,0.9819945337401585,1,0
1986-12-31,SEKUSD,SE,1,0.029888926449137765,1986,120,1,0.6922169257671626,1,0
1986-12-31,ZARUSD,ZA,1,0.04345056811632331,1986,120,1,0.8390794765545782,1,0
1987-01-31,CADUSD,CA,1,0.004340999257587852,1987,132,1,0.5065022242309217,1,0
1987-01-31,GBPUSD,GB,1,0.02091579514997316,1987,132,1,0.7102928838202052,1,0
1987-01-31,NOKUSD,NO,1,0.007117467768863683,1987,132,1,0.7707686703515185,1,0
1987-01-31,NZDUSD,NZ,1,0.03540996366573301,1987,132,1,0.9636550248836457,1,0
1987-01-31,SEKUSD,SE,1,0.010370747836562444,1987,132,1,0.6736195402022177,1,0
1987-01-31,ZARUSD,ZA,1,0.007284609995348745,1987,132,1,0.6413946038809427,1,0
1987-02-28,CADUSD,CA,1,0.021149168038840538,1987,132,1,0.543181606082988,1,0
1987-02-28,GBPUSD,GB,1,0.038698136590145316,1987,132,1,0.6742566135012958,1,0
1987-02-28,NOKUSD,NO,1,0.026784083906817635,1987,132,1,0.7821699507665274,1,0
1987-02-28,NZDUSD,NZ,1,0.0162806639741353,1987,132,1,0.9680183021227899,1,0
1987-02-28,SEKUSD,SE,1,0.02343857297201768,1987,132,1,0.7104995004477502,1,0
1987-02-28,ZARUSD,ZA,1,0.028690492462929096,1987,132,1,0.6842508843702637,1,0
1987-03-31,CADUSD,CA,0,-0.0240701902258757,1987,132,1,0.5032550557435698,1,0
1987-03-31,GBPUSD,GB,1,0.032749675079288776,1987,132,1,0.5817494173333285,1,0
1987-03-31,NOKUSD,NO,1,0.01366595598761311,1987,132,1,0.5641329704388696,1,0
1987-03-31,NZDUSD,NZ,1,0.014463962186027524,1987,132,1,0.9515542886675127,1,0
1987-03-31,SEKUSD,SE,1,0.006503314220209333,1987,132,1,0.698185506731979,1,0
1987-03-31,ZARUSD,ZA,1,0.008051333190328358,1987,132,1,0.6803604100564963,1,0
1987-04-30,CADUSD,CA,0,-0.001270600716551662,1987,132,1,0.5399812419577898,1,0
1987-04-30,GBPUSD,GB,0,-0.01884554253918519,1987,132,1,0.5034181363810225,1,0
1987-04-30,NOKUSD,NO,0,-0.00585859512481135,1987,132,1,0.6438870155951352,1,0
1987-04-30,NZDUSD,NZ,0,-0.005203827875027045,1987,132,1,0.9634746522389682,1,0
1987-04-30,SEKUSD,SE,0,-0.012336072933577746,1987,132,1,0.6398957676724818,1,0
1987-04-30,ZARUSD,ZA,0,-0.009090294322747328,1987,132,1,0.6595232253155753,1,0
1987-05-31,CADUSD,CA,1,0.005467564083184606,1987,132,1,0.5217227534869989,1,0
1987-05-31,GBPUSD,GB,0,-0.010301420400566697,1987,132,0,0.49328001862743215,1,0
1987-05-31,NOKUSD,NO,1,0.008316056241657321,1987,132,1,0.7386867710857873,1,0
1987-05-31,NZDUSD,NZ,1,0.029643222485569165,1987,132,1,0.7051497163541361,1,0
1987-05-31,SEKUSD,SE,0,-0.0037653009656379854,1987,132,1,0.6444345981969113,1,0
1987-05-31,ZARUSD,ZA,0,-0.012188679919072687,1987,132,1,0.681407535143744,1,0
1987-06-30,CADUSD,CA,1,0.00263207521760761,1987,132,1,0.5553732786798399,1,0
1987-06-30,GBPUSD,GB,0,-0.013609049539262619,1987,132,0,0.4577300541070989,1,0
1987-06-30,NOKUSD,NO,0,-0.015316047982838255,1987,132,1,0.6957974529545569,1,0
1987-06-30,NZDUSD,NZ,0,-0.038903356796569644,1987,132,0,0.32267982500448,1,0
1987-06-30,SEKUSD,SE,0,-0.016000341346441127,1987,132,1,0.5961474038010712,1,0
1987-06-30,ZARUSD,ZA,0,-0.012331450562874435,1987,132,1,0.6729299400753695,1,0
1987-07-31,CADUSD,CA,1,0.006345390681952778,1987,132,1,0.5895159920168827,1,0
1987-07-31,GBPUSD,GB,1,0.025933583157848217,1987,132,0,0.4718226386937571,1,0
1987-07-31,NOKUSD,NO,1,0.02189895625538707,1987,132,1,0.694686235892435,1,0
1987-07-31,NZDUSD,NZ,1,0.06341888457314837,1987,132,0,0.20472083631049628,1,0
1987-07-31,SEKUSD,SE,1,0.01756749415111747,1987,132,1,0.5863558976383919,1,0
1987-07-31,ZARUSD,ZA,1,0.01541372018184839,1987,132,1,0.650679847068162,1,0
1987-08-31,CADUSD,CA,1,0.007683275406659862,1987,132,1,0.5699052855872629,1,0
1987-08-31,GBPUSD,GB,0,-0.004911601229460105,1987,132,0,0.4866990596705488,1,0
1987-08-31,NOKUSD,NO,0,-0.010155403885148573,1987,132,1,0.6041054104337243,1,0
1987-08-31,NZDUSD,NZ,1,0.06350833664345357,1987,132,0,0.36311768512832276,1,0
1987-08-31,SEKUSD,SE,0,-0.012778730848169495,1987,132,1,0.5126503517497503,1,0
1987-08-31,ZARUSD,ZA,0,-0.017486359682169272,1987,132,1,0.5665227682884862,1,0
1987-09-30,CADUSD,CA,0,-0.005103412074252078,1987,132,1,0.5017239076254009,1,0
1987-09-30,GBPUSD,GB,1,0.05781127251240348,1987,132,1,0.5568519942151855,1,0
1987-09-30,NOKUSD,NO,1,0.024061311160117338,1987,132,1,0.613589160504934,1,0
1987-09-30,NZDUSD,NZ,0,-0.08684272870522647,1987,132,1,0.6446701498166413,1,0
1987-09-30,SEKUSD,SE,1,0.04077038028503743,1987,132,1,0.5404901937092349,1,0
1987-09-30,ZARUSD,ZA,1,0.02966329537410528,1987,132,1,0.5816486731198203,1,0
1987-10-31,CADUSD,CA,1,0.006173094327837247,1987,132,1,0.5170907283240563,1,0
1987-10-31,GBPUSD,GB,1,0.058712696329232705,1987,132,1,0.5054836866989925,1,0
1987-10-31,NOKUSD,NO,1,0.026215842130892897,1987,132,1,0.5956763241045818,1,0
1987-10-31,NZDUSD,NZ,1,0.0879243945759674,1987,132,1,0.9324419962042827,1,0
1987-10-31,SEKUSD,SE,1,0.039311039813256565,1987,132,0,0.49270964012258117,1,0
1987-10-31,ZARUSD,ZA,1,0.0346698025910096,1987,132,1,0.5347491712101146,1,0
1987-11-30,CADUSD,CA,1,0.006057603923813049,1987,132,1,0.5086650825294078,1,0
1987-11-30,GBPUSD,GB,1,0.03254948408559155,1987,132,1,0.5192202527380647,1,0
1987-11-30,NOKUSD,NO,1,0.02852808361453829,1987,132,1,0.6881887806477988,1,0
1987-11-30,NZDUSD,NZ,1,0.019424025845399873,1987,132,1,0.7192702403958604,1,0
1987-11-30,SEKUSD,SE,1,0.028242775446074564,1987,132,1,0.5673608378361102,1,0
1987-11-30,ZARUSD,ZA,1,0.008716112840364776,1987,132,1,0.5926532827929525,1,0
1987-12-31,CADUSD,CA,1,0.018787913865633193,1987,132,1,0.5236329256939625,1,0
1987-12-31,GBPUSD,GB,0,-0.06398724151883461,1987,132,1,0.5439145862673467,1,0
1987-12-31,NOKUSD,NO,0,-0.025789963382413905,1987,132,1,0.7421946822460991,1,0
1987-12-31,NZDUSD,NZ,0,-0.0010608472617233966,1987,132,1,0.6711130398049935,1,0
1987-12-31,SEKUSD,SE,0,-0.04008315391394013,1987,132,1,0.6294996362122971,1,0
1987-12-31,ZARUSD,ZA,0,-0.031360122440252325,1987,132,1,0.6875265276510907,1,0
1988-01-31,CADUSD,CA,1,0.01214238682572552,1988,144,1,0.512311531069187,1,0
1988-01-31,GBPUSD,GB,1,0.002484052539108439,1988,144,1,0.6377338723660511,1,0
1988-01-31,NOKUSD,NO,1,0.004239290380915417,1988,144,1,0.7378540981181323,1,0
1988-01-31,NZDUSD,NZ,1,0.007552905995930781,1988,144,1,0.6207419727674705,1,0
1988-01-31,SEKUSD,SE,1,0.006653384490736602,1988,144,1,0.6921720808100452,1,0
1988-01-31,ZARUSD,ZA,0,-0.04692382237437054,1988,144,1,0.6900929491189532,1,0
1988-02-29,CADUSD,CA,1,0.021164811192043248,1988,144,1,0.547795923746423,1,0
1988-02-29,GBPUSD,GB,1,0.061768265190688676,1988,144,1,0.5249495378214731,1,0
1988-02-29,NOKUSD,NO,1,0.019142000620586685,1988,144,1,0.6757310417462735,1,0
1988-02-29,NZDUSD,NZ,0,-0.015927526696101257,1988,144,1,0.668356697720517,1,0
1988-02-29,SEKUSD,SE,1,0.020400269132869298,1988,144,1,0.6072105197289341,1,0
1988-02-29,ZARUSD,ZA,0,-0.02005899818455681,1988,144,1,0.7053008559865552,1,0
1988-03-31,CADUSD,CA,1,0.004059435630636821,1988,144,1,0.5239086477134489,1,0
1988-03-31,GBPUSD,GB,0,-0.004249674390341629,1988,144,0,0.42534046730344416,1,0
1988-03-31,NOKUSD,NO,1,0.0096696966179588,1988,144,1,0.6199900987990965,1,0
1988-03-31,NZDUSD,NZ,1,0.0281921135743613,1988,144,1,0.6887346688852991,1,0
1988-03-31,SEKUSD,SE,0,-0.0006810829481735947,1988,144,1,0.5714595601931332,1,0
1988-03-31,ZARUSD,ZA,0,-0.00934586241823765,1988,144,1,0.6630513049109125,1,0
1988-04-30,CADUSD,CA,0,-0.0038163336481584487,1988,144,1,0.5428432354942004,1,0
1988-04-30,GBPUSD,GB,0,-0.021686754090014415,1988,144,1,0.5678258746392433,1,0
1988-04-30,NOKUSD,NO,0,-0.014469705833990654,1988,144,1,0.6486972637627479,1,0
1988-04-30,NZDUSD,NZ,1,0.02973053415834309,1988,144,1,0.6745025701776216,1,0
1988-04-30,SEKUSD,SE,0,-0.019802627296179542,1988,144,1,0.6451509134505228,1,0
1988-04-30,ZARUSD,ZA,0,-0.04100802372737711,1988,144,1,0.6453929430695963,1,0
1988-05-31,CADUSD,CA,1,0.017083254960437805,1988,144,1,0.5419826146637564,1,0
1988-05-31,GBPUSD,GB,0,-0.07317103936866265,1988,144,1,0.5375526238878291,1,0
1988-05-31,NOKUSD,NO,0,-0.058133375140310806,1988,144,1,0.6316667776767341,1,0
1988-05-31,NZDUSD,NZ,0,-0.02928466954517528,1988,144,1,0.6157825129840135,1,0
1988-05-31,SEKUSD,SE,0,-0.04765715471580845,1988,144,1,0.6723856781742739,1,0
1988-05-31,ZARUSD,ZA,0,-0.03939240171066061,1988,144,1,0.731658845045412,1,0
1988-06-30,CADUSD,CA,1,0.0018979252303555627,1988,144,1,0.527156441340495,1,0
1988-06-30,GBPUSD,GB,1,0.000877577941359009,1988,144,1,0.5763836134732164,0,0
1988-06-30,NOKUSD,NO,0,-0.022338978082262262,1988,144,1,0.6421263596732333,1,0
1988-06-30,NZDUSD,NZ,0,-0.014970339458865334,1988,144,1,0.7365125526952566,1,0
1988-06-30,SEKUSD,SE,0,-0.021096500287430375,1988,144,1,0.6801897377780434,1,0
1988-06-30,ZARUSD,ZA,0,-0.04612977172750132,1988,144,1,0.6907927264603069,1,0
1988-07-31,CADUSD,CA,0,-0.023912674885387786,1988,144,1,0.5611257670602428,1,0
1988-07-31,GBPUSD,GB,0,-0.016212587977822546,1988,144,1,0.5534413696574506,1,0
1988-07-31,NOKUSD,NO,0,-0.020697430282754947,1988,144,1,0.5477878146031109,1,0
1988-07-31,NZDUSD,NZ,0,-0.07759472603489631,1988,144,1,0.547695743363856,1,0
1988-07-31,SEKUSD,SE,0,-0.011462331196708586,1988,144,1,0.5764540507977237,1,0
1988-07-31,ZARUSD,ZA,0,-0.004089985251525263,1988,144,1,0.6962912188056246,1,0
1988-08-31,CADUSD,CA,1,0.018476088183531802,1988,144,1,0.6113422290074216,1,0
1988-08-31,GBPUSD,GB,1,0.005039287379697388,1988,144,1,0.6639320059680283,1,0
1988-08-31,NOKUSD,NO,1,0.002021661338382552,1988,144,1,0.5446341722990145,1,0
1988-08-31,NZDUSD,NZ,0,-0.002121237639654161,1988,144,1,0.5749566679089576,1,0
1988-08-31,SEKUSD,SE,1,0.010528042745066246,1988,144,1,0.5637495054016262,1,0
1988-08-31,ZARUSD,ZA,0,-0.016194685919980634,1988,144,1,0.6123513655044642,1,0
1988-09-30,CADUSD,CA,0,-0.001969635433641953,1988,144,1,0.5592786394607069,1,0
1988-09-30,GBPUSD,GB,1,0.045094345261204816,1988,144,1,0.7291051679147276,1,0
1988-09-30,NOKUSD,NO,1,0.039509855847214226,1988,144,1,0.581842396313413,1,0
1988-09-30,NZDUSD,NZ,1,0.022291344588786455,1988,144,0,0.4863485622606458,1,0
1988-09-30,SEKUSD,SE,1,0.03645411570017765,1988,144,1,0.5645253383750581,1,0
1988-09-30,ZARUSD,ZA,0,-0.008000042667076102,1988,144,1,0.6792355318239862,1,0
1988-10-31,CADUSD,CA,1,0.026502070267432842,1988,144,1,0.6064015230210991,1,0
1988-10-31,GBPUSD,GB,1,0.04439277393104568,1988,144,1,0.6072140650709414,1,0
1988-10-31,NOKUSD,NO,1,0.02420025261643155,1988,144,1,0.5463454674852423,1,0
1988-10-31,NZDUSD,NZ,1,0.04528486453515346,1988,144,1,0.5271329506140995,1,0
1988-10-31,SEKUSD,SE,1,0.02509018959587994,1988,144,1,0.5631608102294977,1,0
1988-10-31,ZARUSD,ZA,1,0.08737363020858857,1988,144,1,0.6758433518369565,1,0
1988-11-30,CADUSD,CA,0,-0.004200627868768986,1988,144,1,0.5874239824395101,1,0
1988-11-30,GBPUSD,GB,0,-0.022309416698678253,1988,144,1,0.6151395058026234,1,0
1988-11-30,NOKUSD,NO,0,-0.01133590570342835,1988,144,1,0.6301136661039519,1,0
1988-11-30,NZDUSD,NZ,0,-0.040503978934811447,1988,144,1,0.5686494719165174,1,0
1988-11-30,SEKUSD,SE,0,-0.01470554329532514,1988,144,1,0.6085029125311896,1,0
1988-11-30,ZARUSD,ZA,0,-0.03419136474827944,1988,144,1,0.6362049205997002,1,0
1988-12-31,CADUSD,CA,1,0.007827334496490146,1988,144,1,0.6165017399921082,1,0
1988-12-31,GBPUSD,GB,0,-0.032881984474592896,1988,144,1,0.7412534358253645,1,0
1988-12-31,NOKUSD,NO,0,-0.029935841306518274,1988,144,1,0.6015305691362041,1,0
1988-12-31,NZDUSD,NZ,0,-0.044704721285706905,1988,144,1,0.7158248996110453,1,0
1988-12-31,SEKUSD,SE,0,-0.0366705085714798,1988,144,1,0.6507468422406827,0,0
1988-12-31,ZARUSD,ZA,0,-0.008368249670516525,1988,144,1,0.8298334717388378,1,0
1989-01-31,CADUSD,CA,0,-0.013011726073475727,1989,156,1,0.5885691091931353,1,0
1989-01-31,GBPUSD,GB,0,-0.0034344624486347675,1989,156,1,0.6609065902992861,1,0
1989-01-31,NOKUSD,NO,1,0.008238440480527132,1989,156,1,0.5339655333643,1,0
1989-01-31,NZDUSD,NZ,1,0.03399575616043854,1989,156,1,0.5759684842441463,1,0
1989-01-31,SEKUSD,SE,1,0.011544367951106693,1989,156,1,0.5990769211822491,0,0
1989-01-31,ZARUSD,ZA,0,-0.03278982282299092,1989,156,1,0.634210552916314,1,0
1989-02-28,CADUSD,CA,1,0.004513925578017969,1989,156,1,0.6134797188605156,1,0
1989-02-28,GBPUSD,GB,0,-0.034297074364063485,1989,156,1,0.5942839235358883,1,0
1989-02-28,NOKUSD,NO,0,-0.02662117644481654,1989,156,0,0.45174121967946895,1,0
1989-02-28,NZDUSD,NZ,0,-0.013264510239818672,1989,156,1,0.5105080019997894,1,0
1989-02-28,SEKUSD,SE,0,-0.02451026075558116,1989,156,1,0.5327995808448008,0,0
1989-02-28,ZARUSD,ZA,0,-0.03174869831458038,1989,156,1,0.5608038623157028,1,0
1989-03-31,CADUSD,CA,1,0.005966153573678024,1989,156,1,0.6057224134235399,1,0
1989-03-31,GBPUSD,GB,1,0.0022523867029387024,1989,156,1,0.5769431596481032,1,0
1989-03-31,NOKUSD,NO,1,0.008600009275854914,1989,156,1,0.5193426574831824,1,0
1989-03-31,NZDUSD,NZ,1,0.0017896368560806897,1989,156,1,0.5657662470141783,1,0
1989-03-31,SEKUSD,SE,1,0.008573039803739135,1989,156,1,0.5984726582785852,0,0
1989-03-31,ZARUSD,ZA,0,0.0,1989,156,1,0.5897077324348777,1,0
1989-04-30,CADUSD,CA,0,-0.016467125141067934,1989,156,1,0.6301479271787518,1,0
1989-04-30,GBPUSD,GB,0,-0.07210606057017793,1989,156,1,0.5280918756768136,1,0
1989-04-30,NOKUSD,NO,0,-0.046200565087113565,1989,156,1,0.5132359100653798,1,0
1989-04-30,NZDUSD,NZ,0,-0.051190637279311,1989,156,1,0.5824218870708825,1,0
1989-04-30,SEKUSD,SE,0,-0.04229867451177527,1989,156,1,0.6015500520499837,0,0
1989-04-30,ZARUSD,ZA,0,-0.06795066190850774,1989,156,1,0.586075903162389,1,0
1989-05-31,CADUSD,CA,1,0.006404147142447386,1989,156,1,0.6708981491578502,1,0
1989-05-31,GBPUSD,GB,0,-0.014421015820753669,1989,156,1,0.6482458753534361,1,0
1989-05-31,NOKUSD,NO,1,0.0023090658546973675,1989,156,1,0.5816372160539826,1,0
1989-05-31,NZDUSD,NZ,0,-0.019347640997786075,1989,156,1,0.6233024820182994,1,0
1989-05-31,SEKUSD,SE,1,0.001050972245974835,1989,156,1,0.6724247355815052,0,0
1989-05-31,ZARUSD,ZA,0,-0.01449300730256664,1989,156,1,0.7215021447331758,1,0
1989-06-30,CADUSD,CA,1,0.014793915267203,1989,156,1,0.6557265861908813,1,0
1989-06-30,GBPUSD,GB,1,0.07281598230991937,1989,156,1,0.658279002022858,1,0
1989-06-30,NOKUSD,NO,1,0.04038426196785094,1989,156,1,0.5628986468871328,1,0
1989-06-30,NZDUSD,NZ,1,0.021057043123434926,1989,156,1,0.6381942734258167,1,0
1989-06-30,SEKUSD,SE,1,0.0418740724710589,1989,156,1,0.6622788472674306,0,0
1989-06-30,ZARUSD,ZA,1,0.04789128770441475,1989,156,1,0.7007216576707767,1,0
1989-07-31,CADUSD,CA,1,0.003902940640840291,1989,156,1,0.6323496627495613,1,0
1989-07-31,GBPUSD,GB,0,-0.057440919668510115,1989,156,1,0.650614748829295,1,0
1989-07-31,NOKUSD,NO,0,-0.040846501878590624,1989,156,1,0.5544770707738393,1,0
1989-07-31,NZDUSD,NZ,1,0.014413136324872844,1989,156,1,0.5574548817122794,1,0
1989-07-31,SEKUSD,SE,0,-0.03645155579520165,1989,156,1,0.6167206678517946,1,0
1989-07-31,ZARUSD,ZA,0,-0.022388994893478786,1989,156,1,0.6174314004767567,1,0
1989-08-31,CADUSD,CA,0,-0.002207881331686229,1989,156,1,0.651814587418452,1,0
1989-08-31,GBPUSD,GB,1,0.026040687140052143,1989,156,1,0.7668813838449874,1,0
1989-08-31,NOKUSD,NO,1,0.031770382213924364,1989,156,1,0.6738290016748358,1,0
1989-08-31,NZDUSD,NZ,0,-0.0076045993852191796,1989,156,1,0.6043678910217098,1,0
1989-08-31,SEKUSD,SE,1,0.029116368789983138,1989,156,1,0.7173884565985987,1,0
1989-08-31,ZARUSD,ZA,1,0.006292821062147791,1989,156,1,0.6846355694231634,1,0
1989-09-30,CADUSD,CA,1,0.0040799036619158235,1989,156,1,0.6473843772004177,1,0
1989-09-30,GBPUSD,GB,0,-0.02318399578296182,1989,156,1,0.668508397548599,1,0
1989-09-30,NOKUSD,NO,1,0.0015190425721081091,1989,156,1,0.596091448827074,1,0
1989-09-30,NZDUSD,NZ,0,-0.0023777185115154698,1989,156,1,0.6642830117933727,1,0
1989-09-30,SEKUSD,SE,1,0.0017119294508562977,1989,156,1,0.6348014469177076,1,0
1989-09-30,ZARUSD,ZA,1,0.02025575630827492,1989,156,1,0.655268291076147,1,0
1989-10-31,CADUSD,CA,1,0.009241102813445312,1989,156,1,0.6418158154818651,1,0
1989-10-31,GBPUSD,GB,0,-0.005084218133359963,1989,156,1,0.712026196844242,1,0
1989-10-31,NOKUSD,NO,1,0.01458389564102136,1989,156,1,0.6203021449331466,1,0
1989-10-31,NZDUSD,NZ,1,0.0023777185115154698,1989,156,1,0.6705711379639836,1,0
1989-10-31,SEKUSD,SE,1,0.006250020345171414,1989,156,1,0.6591897667614717,1,0
1989-10-31,ZARUSD,ZA,1,0.011816413456780306,1989,156,1,0.6692091738955768,1,0
1989-11-30,CADUSD,CA,1,0.004566414689780279,1989,156,1,0.6425759795588275,1,0
1989-11-30,GBPUSD,GB,1,0.028268213916321783,1989,156,1,0.7048679827217538,1,0
1989-11-30,NOKUSD,NO,1,0.030578861034813,1989,156,1,0.6650912651413954,1,0
1989-11-30,NZDUSD,NZ,1,0.007099421299204045,1989,156,1,0.6545222889492918,1,0
1989-11-30,SEKUSD,SE,1,0.027570967382832823,1989,156,1,0.6611711857063982,1,0
1989-11-30,ZARUSD,ZA,1,0.029179273044868448,1989,156,1,0.6964502691348354,1,0
1989-12-31,CADUSD,CA,0,-0.023723273140326906,1989,156,1,0.6597698719391284,1,0
1989-12-31,GBPUSD,GB,1,0.03941127555113283,1989,156,1,0.6802698194080664,1,0
1989-12-31,NOKUSD,NO,1,0.013572453866737,1989,156,1,0.6631995137423684,1,0
1989-12-31,NZDUSD,NZ,1,0.01388330403219129,1989,156,1,0.6485159766841854,1,0
1989-12-31,SEKUSD,SE,1,0.0075203524284370715,1989,156,1,0.6669821970146015,1,0
1989-12-31,ZARUSD,ZA,0,-0.011969141222080038,1989,156,1,0.7044155262499737,1,0
1990-01-31,CADUSD,CA,0,-0.0054665625388188865,1990,168,1,0.654341472365671,1,0
1990-01-31,GBPUSD,GB,1,0.005818457310325709,1990,168,1,0.6299955810586285,1,0
1990-01-31,NOKUSD,NO,0,-0.002453612640231917,1990,168,1,0.6483347898800059,1,0
1990-01-31,NZDUSD,NZ,0,-0.023530497410194195,1990,168,1,0.6393306466688027,1,0
1990-01-31,SEKUSD,SE,1,0.005453153138064382,1990,168,1,0.6950366458703164,1,0
1990-01-31,ZARUSD,ZA,1,0.002538815932568661,1990,168,1,0.6694560064104347,1,0
1990-02-28,CADUSD,CA,1,0.018453206881120676,1990,168,1,0.6232752752449174,1,0
1990-02-28,GBPUSD,GB,0,-0.024692612590371532,1990,168,1,0.6560483620444926,1,0
1990-02-28,NOKUSD,NO,0,-0.002523998433520136,1990,168,1,0.6141492159451075,1,0
1990-02-28,NZDUSD,NZ,0,-0.015424470325631656,1990,168,1,0.6539009379845724,1,0
1990-02-28,SEKUSD,SE,1,0.0020424009387214337,1990,168,1,0.7683311085622675,1,0
1990-02-28,ZARUSD,ZA,0,-0.03289074245320611,1990,168,1,0.6245540686052812,1,0
1990-03-31,CADUSD,CA,1,0.00436663222199174,1990,168,1,0.6068735323520674,1,0
1990-03-31,GBPUSD,GB,0,-0.005537146399635318,1990,168,1,0.6711722411011694,1,0
1990-03-31,NOKUSD,NO,1,0.0023708473496768523,1990,168,1,0.578459838367205,1,0
1990-03-31,NZDUSD,NZ,0,-0.007280323368125341,1990,168,1,0.6146845988911599,1,0
1990-03-31,SEKUSD,SE,1,0.002620374902579714,1990,168,1,0.7234851674123582,1,0
1990-03-31,ZARUSD,ZA,0,-0.0064126964379795925,1990,168,1,0.6488552838603135,1,0
1990-04-30,CADUSD,CA,0,-0.0077781493899937715,1990,168,1,0.6243218842387794,1,0
1990-04-30,GBPUSD,GB,1,0.02268300183650168,1990,168,1,0.5855631259182374,1,0
1990-04-30,NOKUSD,NO,1,0.0030674870678619737,1990,168,1,0.5969077235401249,1,0
1990-04-30,NZDUSD,NZ,1,0.0034734317658694502,1990,168,1,0.558015599605139,1,0
1990-04-30,SEKUSD,SE,0,-0.005723178077783775,1990,168,1,0.6657484730390155,1,0
1990-04-30,ZARUSD,ZA,0,-0.005811245147734567,1990,168,1,0.5914832431150676,1,0
1990-05-31,CADUSD,CA,1,0.006834712637482865,1990,168,1,0.6528504588203097,1,0
1990-05-31,GBPUSD,GB,1,0.040046268730244305,1990,168,1,0.5771467852203465,1,0
1990-05-31,NOKUSD,NO,1,0.015636203698387918,1990,168,1,0.5892491218925812,1,0
1990-05-31,NZDUSD,NZ,1,0.019741435899671034,1990,168,1,0.5499029897908259,1,0
1990-05-31,SEKUSD,SE,1,0.015694007665155718,1990,168,1,0.6503097918910634,1,0
1990-05-31,ZARUSD,ZA,1,0.01014474227320783,1990,168,1,0.6095846847953343,1,0
1990-06-30,CADUSD,CA,1,0.01164057119242562,1990,168,1,0.64417502959982,1,0
1990-06-30,GBPUSD,GB,1,0.0638219320707194,1990,168,1,0.6102158070456418,1,0
1990-06-30,NOKUSD,NO,1,0.04182043839683125,1990,168,1,0.5250851672999206,1,0
1990-06-30,NZDUSD,NZ,1,0.0059317180956989235,1990,168,1,0.604463094056227,1,0
1990-06-30,SEKUSD,SE,1,0.03789323025947766,1990,168,1,0.5663816650955154,1,0
1990-06-30,ZARUSD,ZA,1,0.02427257242080505,1990,168,1,0.6157595692418113,1,0
1990-07-31,CADUSD,CA,0,-0.0013001085254909783,1990,168,1,0.6293648908412314,1,0
1990-07-31,GBPUSD,GB,1,0.017057982904576496,1990,168,1,0.599100386165979,1,0
1990-07-31,NOKUSD,NO,1,0.009234732403452739,1990,168,1,0.5048740102080564,1,0
1990-07-31,NZDUSD,NZ,1,0.038941213780335326,1990,168,1,0.6193468590619926,1,0
1990-07-31,SEKUSD,SE,1,0.004137223622345809,1990,168,1,0.5411520497283493,1,0
1990-07-31,ZARUSD,ZA,1,0.0015876399780073713,1990,168,1,0.5939152510805398,1,0
1990-08-31,CADUSD,CA,0,-0.0017308528769438836,1990,168,1,0.5745016355716478,1,0
1990-08-31,GBPUSD,GB,0,-0.009826131378081526,1990,168,1,0.6581754225410419,1,0
1990-08-31,NOKUSD,NO,1,0.004113539325792281,1990,168,1,0.5612700397981221,1,0
1990-08-31,NZDUSD,NZ,0,-0.0004876859399267075,1990,168,1,0.6005336732143238,1,0
1990-08-31,SEKUSD,SE,1,0.004501392642338287,1990,168,1,0.639869996984952,1,0
1990-08-31,ZARUSD,ZA,1,0.006375886617525861,1990,168,1,0.6060004706228237,1,0
1990-09-30,CADUSD,CA,0,-0.009723434177943302,1990,168,1,0.5330227855950151,1,0
1990-09-30,GBPUSD,GB,1,0.036939366786642336,1990,168,1,0.6665082765000293,1,0
1990-09-30,NOKUSD,NO,1,0.02859965808051057,1990,168,1,0.5392017497763066,1,0
1990-09-30,NZDUSD,NZ,0,-0.000813338800428276,1990,168,1,0.6290275311286078,1,0
1990-09-30,SEKUSD,SE,1,0.02139681769669033,1990,168,1,0.6216418089445469,1,0
1990-09-30,ZARUSD,ZA,1,0.0103891946905178,1990,168,1,0.5750942020030385,1,0
1990-10-31,CADUSD,CA,1,0.0017140902379879364,1990,168,1,0.5160538729409789,1,0
1990-10-31,GBPUSD,GB,0,-0.0024721891453890477,1990,168,1,0.5507989151458788,1,0
1990-10-31,NOKUSD,NO,1,0.00817721762644874,1990,168,1,0.5341484859976715,1,0
1990-10-31,NZDUSD,NZ,0,-0.008990661296192581,1990,168,1,0.6312471043779572,1,0
1990-10-31,SEKUSD,SE,1,0.003996630392018918,1990,168,1,0.6795333988053286,1,0
1990-10-31,ZARUSD,ZA,1,0.004938281640582742,1990,168,1,0.5700432113795891,1,0
1990-11-30,CADUSD,CA,1,0.004556599896957503,1990,168,1,0.5209408455770387,1,0
1990-11-30,GBPUSD,GB,0,-0.005533018226712705,1990,168,1,0.6164673895115267,1,0
1990-11-30,NOKUSD,NO,0,-0.004011784647385719,1990,168,1,0.6395729704543469,1,0
1990-11-30,NZDUSD,NZ,0,-0.037645599616366765,1990,168,1,0.5707215011497239,1,0
1990-11-30,SEKUSD,SE,0,-0.0026661942562633545,1990,168,1,0.7379453496994124,1,0
1990-11-30,ZARUSD,ZA,0,-0.01376619576414806,1990,168,1,0.6112260756713864,1,0
1990-12-31,CADUSD,CA,0,-0.0020659385845057665,1990,168,1,0.5436375202609278,1,0
1990-12-31,GBPUSD,GB,1,0.018749746655079114,1990,168,1,0.6550303393334179,1,0
1990-12-31,NOKUSD,NO,1,0.014501090690800078,1990,168,1,0.6596191191513832,1,0
1990-12-31,NZDUSD,NZ,1,0.02058796983777611,1990,168,1,0.5972472237480521,1,0
1990-12-31,SEKUSD,SE,1,0.01800075470611051,1990,168,1,0.7420649410785414,1,0
1990-12-31,ZARUSD,ZA,1,0.009419221916491693,1990,168,1,0.6336805110526507,1,0
1991-01-31,CADUSD,CA,1,0.011241903244378626,1991,180,1,0.5314283026552492,1,1
1991-01-31,GBPUSD,GB,0,-0.02838900326268623,1991,180,1,0.6291131483633058,1,1
1991-01-31,NOKUSD,NO,0,-0.031311048540872966,1991,180,1,0.5815915196243594,1,1
1991-01-31,NZDUSD,NZ,1,0.0013353365362626102,1991,180,0,0.47251617696629855,1,1
1991-01-31,SEKUSD,SE,0,-0.0244589538236879,1991,180,1,0.6724290365295977,1,1
1991-01-31,ZARUSD,ZA,0,-0.014290152151088087,1991,180,1,0.5773408310835009,1,1
1991-02-28,CADUSD,CA,0,-0.008313895640967406,1991,180,1,0.5028663339424816,1,1
1991-02-28,GBPUSD,GB,0,-0.08834496453724494,1991,180,1,0.6508896248004216,1,1
1991-02-28,NOKUSD,NO,0,-0.10086895600263746,1991,180,1,0.6197423323329654,1,1
1991-02-28,NZDUSD,NZ,0,-0.02192330637403872,1991,180,1,0.5368850445820772,1,1
1991-02-28,SEKUSD,SE,0,-0.07800563220845924,1991,180,1,0.6560322788987003,1,1
1991-02-28,ZARUSD,ZA,0,-0.050223723572377255,1991,180,1,0.6167017534276347,1,1
1991-03-31,CADUSD,CA,1,0.006489315439749843,1991,180,0,0.49454372762387905,1,1
1991-03-31,GBPUSD,GB,0,-0.014981553615616927,1991,180,1,0.6340129823962787,1,1
1991-03-31,NOKUSD,NO,0,-0.014659161207770222,1991,180,1,0.6367159558809808,1,1
1991-03-31,NZDUSD,NZ,1,0.0020439455250744754,1991,180,1,0.6130752447429452,1,1
1991-03-31,SEKUSD,SE,0,-0.0029320757282291776,1991,180,1,0.683495359023248,1,1
1991-03-31,ZARUSD,ZA,0,-0.02284247330221012,1991,180,1,0.6287208821019762,1,1
1991-04-30,CADUSD,CA,1,0.005832950852166036,1991,180,0,0.4713042114100203,1,1
1991-04-30,GBPUSD,GB,0,-0.014325636016521037,1991,180,1,0.5190196299173645,1,1
1991-04-30,NOKUSD,NO,0,-0.011353218077013283,1991,180,0,0.49538879750425713,1,1
1991-04-30,NZDUSD,NZ,0,-0.011465856766693538,1991,180,1,0.5510802902366359,1,1
1991-04-30,SEKUSD,SE,0,-0.014452635401287939,1991,180,1,0.5867180893214372,1,1
1991-04-30,ZARUSD,ZA,0,-0.02849703073854526,1991,180,1,0.5692546854599623,1,1
1991-05-31,CADUSD,CA,1,0.0025352988183504344,1991,180,0,0.45980373888016585,1,1
1991-05-31,GBPUSD,GB,0,-0.04826026925285548,1991,180,0,0.4679690686609638,1,1
1991-05-31,NOKUSD,NO,0,-0.03266366733976089,1991,180,0,0.4686682800623144,1,1
1991-05-31,NZDUSD,NZ,0,-0.009685305734463578,1991,180,0,0.48675052216701775,1,1
1991-05-31,SEKUSD,SE,0,-0.039914167740534134,1991,180,1,0.5855624531609103,1,1
1991-05-31,ZARUSD,ZA,0,-0.01567976374649449,1991,180,1,0.5425296184263905,1,1
1991-06-30,CADUSD,CA,0,-0.008281440347140623,1991,180,0,0.47278869391943396,1,1
1991-06-30,GBPUSD,GB,1,0.040277965228170565,1991,180,0,0.4907534015380233,1,1
1991-06-30,NOKUSD,NO,1,0.0261183231411124,1991,180,1,0.5031961643714119,1,1
1991-06-30,NZDUSD,NZ,0,-0.008026565514766326,1991,180,0,0.45625806012769177,1,1
1991-06-30,SEKUSD,SE,1,0.02424597430604658,1991,180,1,0.570835615975343,1,1
1991-06-30,ZARUSD,ZA,1,0.007809150314164848,1991,180,1,0.5437526822362636,1,1
1991-07-31,CADUSD,CA,1,0.008456525701698081,1991,180,0,0.48749833655585423,1,1
1991-07-31,GBPUSD,GB,0,-0.002674990449303083,1991,180,0,0.41555915324932047,1,1
1991-07-31,NOKUSD,NO,0,-0.0013185849101164937,1991,180,0,0.4481410253883197,1,1
1991-07-31,NZDUSD,NZ,1,0.00628713213133314,1991,180,0,0.4572168494035393,1,1
1991-07-31,SEKUSD,SE,0,-0.0012618298204221112,1991,180,0,0.475719751492892,1,1
1991-07-31,ZARUSD,ZA,0,-0.0050395449432771855,1991,180,1,0.5104209148102207,1,1
1991-08-31,AUDUSD,AU,1,0.018048069871702876,1991,180,1,0.5018622547028684,1,1
1991-08-31,CADUSD,CA,1,0.00914694152233922,1991,180,1,0.511578691263256,1,1
1991-08-31,GBPUSD,GB,1,0.04196419909903215,1991,180,0,0.4957858075053198,1,1
1991-08-31,NOKUSD,NO,1,0.048599845531539065,1991,180,1,0.5005503708931422,1,1
1991-08-31,NZDUSD,NZ,0,-0.013495954558440881,1991,180,0,0.4888478463986954,1,1
1991-08-31,SEKUSD,SE,1,0.04439802676826754,1991,180,1,0.5902442666499849,1,1
1991-08-31,ZARUSD,ZA,1,0.02830460554246339,1991,180,1,0.5591379392801523,1,1
1991-09-30,AUDUSD,AU,0,-0.02584712493719643,1991,180,1,0.5112636197013752,1,1
1991-09-30,CADUSD,CA,1,0.00780560996998024,1991,180,1,0.5459537106297472,1,1
1991-09-30,GBPUSD,GB,0,-0.005437128861657814,1991,180,0,0.48196499900578543,1,1
1991-09-30,NOKUSD,NO,0,-0.0042944851277186835,1991,180,0,0.4585653410382341,1,1
1991-09-30,NZDUSD,NZ,0,-0.017983214083783117,1991,180,1,0.5148955656792114,1,1
1991-09-30,SEKUSD,SE,0,-0.0014819696438621577,1991,180,1,0.5587114306007751,1,1
1991-09-30,ZARUSD,ZA,0,-0.007461395426060724,1991,180,1,0.5435285676022674,1,1
1991-10-31,AUDUSD,AU,1,0.00677968698537873,1991,180,1,0.5469722818712398,1,1
1991-10-31,CADUSD,CA,0,-0.010628975177059949,1991,180,1,0.5569325936021682,1,1
1991-10-31,GBPUSD,GB,1,0.013113072733762277,1991,180,1,0.5486362032537468,1,1
1991-10-31,NOKUSD,NO,1,0.022285044789434938,1991,180,1,0.5728855023549713,1,1
1991-10-31,NZDUSD,NZ,1,0.007874056430905996,1991,180,0,0.49102035270075906,1,1
1991-10-31,SEKUSD,SE,1,0.020110366950862657,1991,180,1,0.6552799041187775,1,1
1991-10-31,ZARUSD,ZA,1,0.010676257991341975,1991,180,1,0.5794845114894838,1,1
1991-11-30,AUDUSD,AU,0,-0.03252213810300317,1991,180,0,0.472274813267325,1,1
1991-11-30,CADUSD,CA,0,-0.018160093968174446,1991,180,1,0.554885076182049,1,1
1991-11-30,GBPUSD,GB,1,0.055363166038848055,1991,180,1,0.5508799861441968,1,1
1991-11-30,NOKUSD,NO,1,0.06547792937950692,1991,180,1,0.575661984695605,1,1
1991-11-30,NZDUSD,NZ,0,-0.03759636467267635,1991,180,0,0.4772905490671017,1,1
1991-11-30,SEKUSD,SE,1,0.06978463716568539,1991,180,1,0.6568607879220808,1,1
1991-11-30,ZARUSD,ZA,1,0.016594897423953592,1991,180,1,0.5535774540339643,1,1
1991-12-31,AUDUSD,AU,0,-0.009527662386830615,1991,180,1,0.5263753140273308,1,1
1991-12-31,CADUSD,CA,0,-0.01664560097599005,1991,180,1,0.5378721077610771,1,1
1991-12-31,GBPUSD,GB,0,-0.0421402978985701,1991,180,1,0.5502855541927979,1,1
1991-12-31,NOKUSD,NO,0,-0.05192801354564147,1991,180,1,0.5245924061813549,1,1
1991-12-31,NZDUSD,NZ,0,-0.0001850994915048032,1991,180,1,0.5430465061910724,1,1
1991-12-31,SEKUSD,SE,0,-0.04968984934032972,1991,180,1,0.755021245270065,1,1
1991-12-31,ZARUSD,ZA,0,-0.015162745371076314,1991,180,1,0.5587868101915063,1,1
1992-01-31,AUDUSD,AU,1,0.0022577870006776912,1992,192,0,0.4274671687716017,1,0
1992-01-31,CADUSD,CA,0,-0.005769573106375908,1992,192,0,0.45982484195013384,1,0
1992-01-31,GBPUSD,GB,0,-0.018618309313657155,1992,192,1,0.6617784047683815,1,0
1992-01-31,NOKUSD,NO,0,-0.018000092987266125,1992,192,1,0.665978817222119,1,0
1992-01-31,NZDUSD,NZ,1,0.01177783213545236,1992,192,0,0.4694624859225897,1,0
1992-01-31,SEKUSD,SE,0,-0.016899896928836533,1992,192,1,0.823161281773428,1,0
1992-01-31,ZARUSD,ZA,0,-0.018811557386809286,1992,192,1,0.5912279751882259,1,0
1992-02-29,AUDUSD,AU,1,0.021263434014694438,1992,192,0,0.4053913363254399,1,0
1992-02-29,CADUSD,CA,0,-0.006913441244708135,1992,192,0,0.43790412548989427,1,0
1992-02-29,GBPUSD,GB,0,-0.011282082844969898,1992,192,1,0.5530987742497139,1,0
1992-02-29,NOKUSD,NO,0,-0.0070638756759502375,1992,192,1,0.5726686716639057,1,0
1992-02-29,NZDUSD,NZ,0,-0.0005489980922956939,1992,192,0,0.4086930179878354,1,0
1992-02-29,SEKUSD,SE,0,-0.006463278469756473,1992,192,1,0.725824709792264,1,0
1992-02-29,ZARUSD,ZA,0,-0.013272985636336054,1992,192,1,0.528160119449286,1,0
1992-03-31,AUDUSD,AU,0,-0.017687981619319004,1992,192,0,0.40779395608626906,1,0
1992-03-31,CADUSD,CA,0,-0.00486129529982543,1992,192,0,0.4552548544386498,1,0
1992-03-31,GBPUSD,GB,1,0.022044010559424065,1992,192,0,0.46766941771066145,1,0
1992-03-31,NOKUSD,NO,1,0.00131584058615819,1992,192,0,0.42364835180786853,1,0
1992-03-31,NZDUSD,NZ,0,-0.01679781075258935,1992,192,0,0.4595690207690242,1,0
1992-03-31,SEKUSD,SE,1,0.0016747617379593294,1992,192,1,0.6097521494956093,1,0
1992-03-31,ZARUSD,ZA,1,0.003475846391352677,1992,192,0,0.4573537104996289,1,0
1992-04-30,AUDUSD,AU,1,0.0003964845092579994,1992,192,0,0.4756096569464352,1,0
1992-04-30,CADUSD,CA,0,-0.007330922535052159,1992,192,0,0.43447082451799257,1,0
1992-04-30,GBPUSD,GB,1,0.029968946481349512,1992,192,0,0.4644473572569319,1,0
1992-04-30,NOKUSD,NO,1,0.031151736308843825,1992,192,0,0.43760787447390187,1,0
1992-04-30,NZDUSD,NZ,0,-0.0037299558350638584,1992,192,0,0.46775801069918815,1,0
1992-04-30,SEKUSD,SE,1,0.030376266680204322,1992,192,1,0.6247969634683944,1,0
1992-04-30,ZARUSD,ZA,1,0.01614636692364213,1992,192,0,0.4189280472022401,1,0
1992-05-31,AUDUSD,AU,0,-0.01209718973179863,1992,192,0,0.4348988841200571,1,0
1992-05-31,CADUSD,CA,1,0.006328081067085378,1992,192,0,0.43047047432708546,1,0
1992-05-31,GBPUSD,GB,1,0.03992492743168641,1992,192,0,0.4874698422879956,1,0
1992-05-31,NOKUSD,NO,1,0.04720133513727953,1992,192,0,0.48682314106911884,1,0
1992-05-31,NZDUSD,NZ,1,0.016676317535127216,1992,192,0,0.4299601928813878,1,0
1992-05-31,SEKUSD,SE,1,0.050134479884031524,1992,192,1,0.6196188787218967,1,0
1992-05-31,ZARUSD,ZA,1,0.019293202934678844,1992,192,0,0.4169414650289904,1,0
1992-06-30,AUDUSD,AU,0,-0.004557648640004963,1992,192,0,0.41998244363719633,1,0
1992-06-30,CADUSD,CA,1,0.010664752379703601,1992,192,0,0.40292959277902285,1,0
1992-06-30,GBPUSD,GB,1,0.008630889199275127,1992,192,1,0.531871578356325,1,0
1992-06-30,NOKUSD,NO,1,0.025365061786619014,1992,192,1,0.5313577795860664,1,0
1992-06-30,NZDUSD,NZ,1,0.0020192755828699616,1992,192,0,0.4209090007814811,1,0
1992-06-30,SEKUSD,SE,1,0.02371434658517524,1992,192,1,0.6434229473311114,1,0
1992-06-30,ZARUSD,ZA,1,0.001624695727001857,1992,192,0,0.46656863013061567,1,0
1992-07-31,AUDUSD,AU,0,-0.0393228277313008,1992,192,0,0.3970401486391934,1,0
1992-07-31,CADUSD,CA,0,-0.008992790779712656,1992,192,0,0.41471500166217146,1,0
1992-07-31,GBPUSD,GB,1,0.035457632021104524,1992,192,1,0.6016864038605546,1,0
1992-07-31,NOKUSD,NO,1,0.04723625569186951,1992,192,1,0.5732073817695312,1,0
1992-07-31,NZDUSD,NZ,0,-0.011249542333918616,1992,192,0,0.46414913945685105,1,0
1992-07-31,SEKUSD,SE,1,0.04752596500126627,1992,192,1,0.728997218886701,1,0
1992-07-31,ZARUSD,ZA,1,0.015109052326313988,1992,192,0,0.48756583917782936,1,0
1992-08-31,AUDUSD,AU,0,-0.0023784551261493148,1992,192,0,0.463818662500374,1,0
1992-08-31,CADUSD,CA,0,-0.04322873455082002,1992,192,0,0.4590756745413129,1,0
1992-08-31,GBPUSD,GB,0,-0.11173140937709658,1992,192,1,0.5965624359302096,1,0
1992-08-31,NOKUSD,NO,0,-0.03374240852608268,1992,192,1,0.6091627898967844,1,0
1992-08-31,NZDUSD,NZ,0,-0.0037160949490147033,1992,192,0,0.4924500223101239,1,0
1992-08-31,SEKUSD,SE,0,-0.034135624941681986,1992,192,1,0.7723809606177657,1,0
1992-08-31,ZARUSD,ZA,0,-0.03141619623337877,1992,192,0,0.44532109628078764,1,0
1992-09-30,AUDUSD,AU,0,-0.026543322557232463,1992,192,0,0.4244395326090595,1,0
1992-09-30,CADUSD,CA,1,0.006027745797517303,1992,192,0,0.4828889198719264,1,0
1992-09-30,GBPUSD,GB,0,-0.12976430605527856,1992,192,1,0.6871379947904105,1,0
1992-09-30,NOKUSD,NO,0,-0.09028622015926757,1992,192,1,0.7886055356167346,1,0
1992-09-30,NZDUSD,NZ,0,-0.022972202057458757,1992,192,0,0.47586218782861855,1,0
1992-09-30,SEKUSD,SE,0,-0.09060283350635157,1992,192,1,0.9499774058332812,1,0
1992-09-30,ZARUSD,ZA,0,-0.04958547357823573,1992,192,0,0.4896950596126577,1,0
1992-10-31,AUDUSD,AU,0,-0.018876703966636987,1992,192,0,0.4481127935038269,1,0
1992-10-31,CADUSD,CA,0,-0.036099859140185486,1992,192,1,0.502545256392015,1,0
1992-10-31,GBPUSD,GB,0,-0.031862253148783215,1992,192,0,0.4855375796501932,1,0
1992-10-31,NOKUSD,NO,0,-0.03264094416139174,1992,192,1,0.7067996471694373,1,0
1992-10-31,NZDUSD,NZ,0,-0.027224386254871447,1992,192,0,0.48394049009654105,1,0
1992-10-31,SEKUSD,SE,0,-0.16416214558044762,1992,192,1,0.8281980897814443,1,0
1992-10-31,ZARUSD,ZA,0,-0.01909925706220883,1992,192,0,0.45620629560838266,1,0
1992-11-30,AUDUSD,AU,1,0.009918401029113122,1992,192,0,0.43363600522825657,1,0
1992-11-30,CADUSD,CA,1,0.011495727769732705,1992,192,1,0.5187252216640527,1,0
1992-11-30,GBPUSD,GB,0,-0.00033041467341748954,1992,192,0,0.22086708179764308,1,0
1992-11-30,NOKUSD,NO,0,-0.0678061838240922,1992,192,1,0.6177448390092186,1,0
1992-11-30,NZDUSD,NZ,1,0.005076153031860486,1992,192,0,0.4581434947666629,1,0
1992-11-30,SEKUSD,SE,0,-0.03390642282169165,1992,192,1,0.6856022441505589,1,0
1992-11-30,ZARUSD,ZA,0,-0.012860853274046402,1992,192,0,0.3494391254276144,1,0
1992-12-31,AUDUSD,AU,0,-0.014178414816402252,1992,192,0,0.40464380395194743,1,0
1992-12-31,CADUSD,CA,1,0.0011017550496713602,1992,192,1,0.5350391890392843,1,0
1992-12-31,GBPUSD,GB,0,-0.018343018885693507,1992,192,0,0.24302847142122558,1,0
1992-12-31,NOKUSD,NO,1,0.015300686446161338,1992,192,0,0.07525624045336156,1,0
1992-12-31,NZDUSD,NZ,1,0.005244257915900663,1992,192,0,0.4409254825802619,1,0
1992-12-31,SEKUSD,SE,0,-0.030741693362293265,1992,192,0,0.357426223645305,1,0
1992-12-31,ZARUSD,ZA,0,-0.009132483563272453,1992,192,0,0.3533555732692434,1,0
1993-01-31,AUDUSD,AU,1,0.02356815516624139,1993,204,0,0.4258795867186875,1,0
1993-01-31,CADUSD,CA,1,0.016033361957655756,1993,204,0,0.4184700866552015,1,0
1993-01-31,GBPUSD,GB,0,-0.04403876381160793,1993,204,0,0.3722251191206649,1,0
1993-01-31,NOKUSD,NO,0,-0.0223997804747742,1993,204,0,0.34873872157752933,1,0
1993-01-31,NZDUSD,NZ,1,0.013660626093648598,1993,204,0,0.472284938610061,1,0
1993-01-31,SEKUSD,SE,0,-0.06785066690817443,1993,204,0,0.3191603523175965,1,0
1993-01-31,ZARUSD,ZA,0,-0.020884293166920642,1993,204,0,0.4156818785993025,1,0
1993-02-28,AUDUSD,AU,1,0.01271536525855349,1993,204,0,0.45300659325253156,1,0
1993-02-28,CADUSD,CA,0,-0.005983026104154299,1993,204,0,0.45529695040188195,1,0
1993-02-28,GBPUSD,GB,1,0.05973452767679438,1993,204,0,0.40964461919020245,1,0
1993-02-28,NOKUSD,NO,1,0.0213772854981642,1993,204,0,0.43592751748815134,1,0
1993-02-28,NZDUSD,NZ,1,0.015736413460928023,1993,204,1,0.513184571655427,1,0
1993-02-28,SEKUSD,SE,1,0.010939620038385556,1993,204,0,0.4058469349349196,1,0
1993-02-28,ZARUSD,ZA,0,-0.007917697736785634,1993,204,0,0.4467284464413745,1,0
1993-03-31,AUDUSD,AU,1,0.0001419547166838231,1993,204,0,0.46758431149834906,1,0
1993-03-31,CADUSD,CA,0,-0.010207803769738955,1993,204,0,0.4541167885943967,1,0
1993-03-31,GBPUSD,GB,1,0.039309917514159354,1993,204,0,0.4192351780237724,1,0
1993-03-31,NOKUSD,NO,1,0.01834373142140433,1993,204,0,0.2905667943018565,1,0
1993-03-31,NZDUSD,NZ,1,0.017527952007391434,1993,204,1,0.5180958762118629,1,0
1993-03-31,SEKUSD,SE,1,0.0534922401210034,1993,204,0,0.42028813766911044,1,0
1993-03-31,ZARUSD,ZA,1,0.002684989372658375,1993,204,0,0.4580087981159774,1,0
1993-04-30,AUDUSD,AU,0,-0.026319200914385554,1993,204,0,0.4848599444766745,1,0
1993-04-30,CADUSD,CA,0,-0.00039356134161408485,1993,204,0,0.45289117830888376,1,0
1993-04-30,GBPUSD,GB,0,-0.0057508145711740455,1993,204,0,0.46992998029518995,1,0
1993-04-30,NOKUSD,NO,0,-0.002450526604089509,1993,204,0,0.46268849893960334,1,0
1993-04-30,NZDUSD,NZ,1,0.0018467225931646514,1993,204,0,0.4745306390920182,1,0
1993-04-30,SEKUSD,SE,1,0.020829775793040017,1993,204,0,0.4533182788360985,1,0
1993-04-30,ZARUSD,ZA,0,-0.005834598275554548,1993,204,0,0.4481978898915739,1,0
1993-05-31,AUDUSD,AU,0,-0.02942911085585792,1993,204,0,0.45321884394627254,1,0
1993-05-31,CADUSD,CA,0,-0.009087410754581443,1993,204,0,0.44235846411145663,1,0
1993-05-31,GBPUSD,GB,0,-0.044218764171643665,1993,204,1,0.5338251841061854,1,0
1993-05-31,NOKUSD,NO,0,-0.06718649920486541,1993,204,0,0.4795989290171644,1,0
1993-05-31,NZDUSD,NZ,0,-0.010013063448122472,1993,204,0,0.49868374107097085,1,0
1993-05-31,SEKUSD,SE,0,-0.07529210491493865,1993,204,1,0.525187281050432,1,0
1993-05-31,ZARUSD,ZA,0,-0.04684157627864116,1993,204,0,0.48514677917626675,1,0
1993-06-30,AUDUSD,AU,1,0.03204881836485213,1993,204,0,0.4383199577861951,1,0
1993-06-30,CADUSD,CA,0,-0.0016363427502888162,1993,204,0,0.45431353480724085,1,0
1993-06-30,GBPUSD,GB,0,-0.00537274630239043,1993,204,0,0.47897592765125213,1,0
1993-06-30,NOKUSD,NO,0,-0.034421527421862885,1993,204,0,0.45556181198506174,1,0
1993-06-30,NZDUSD,NZ,1,0.031911748755760194,1993,204,0,0.4976641118132667,1,0
1993-06-30,SEKUSD,SE,0,-0.06324485989635065,1993,204,1,0.5078835470530348,1,0
1993-06-30,ZARUSD,ZA,0,-0.015631133293511512,1993,204,0,0.4953688918831267,1,0
1993-07-31,AUDUSD,AU,0,-0.02501970096166173,1993,204,0,0.4338779931337347,1,0
1993-07-31,CADUSD,CA,0,-0.02794593039055937,1993,204,0,0.4582174363154696,1,0
1993-07-31,GBPUSD,GB,1,0.001211387186296986,1993,204,0,0.4318787189263214,1,0
1993-07-31,NOKUSD,NO,1,0.02338693269815395,1993,204,0,0.3882201692080746,1,0
1993-07-31,NZDUSD,NZ,0,-0.0036166404701885035,1993,204,0,0.4736822974297598,1,0
1993-07-31,SEKUSD,SE,1,0.007919627138063046,1993,204,0,0.44784494628309407,1,0
1993-07-31,ZARUSD,ZA,1,0.0014781968693109437,1993,204,0,0.46494120967162506,1,0
1993-08-31,AUDUSD,AU,0,-0.03951882017590935,1993,204,0,0.4751479444902498,1,0
1993-08-31,CADUSD,CA,0,-0.011442461490672906,1993,204,0,0.45585165322402627,1,0
1993-08-31,GBPUSD,GB,1,0.006168720111325521,1993,204,0,0.43800047890880517,1,0
1993-08-31,NOKUSD,NO,1,0.021070920952598104,1993,204,0,0.37028785208206827,1,0
1993-08-31,NZDUSD,NZ,0,-0.0029027596579614956,1993,204,1,0.5115245883858157,1,0
1993-08-31,SEKUSD,SE,1,0.011688844250313135,1993,204,0,0.377449209474103,1,0
1993-08-31,ZARUSD,ZA,0,-0.014684551682921487,1993,204,0,0.4629163538795019,1,0
1993-09-30,AUDUSD,AU,1,0.031288321039393774,1993,204,0,0.4931961836349153,1,0
1993-09-30,CADUSD,CA,1,0.010534333684959485,1993,204,0,0.48425975729833415,1,0
1993-09-30,GBPUSD,GB,0,-0.005227543571261706,1993,204,1,0.5052811675584661,1,0
1993-09-30,NOKUSD,NO,0,-0.026406455875744417,1993,204,1,0.5220758157037628,1,0
1993-09-30,NZDUSD,NZ,1,0.006519400128149999,1993,204,1,0.5335003824133617,1,0
1993-09-30,SEKUSD,SE,0,-0.007889587275162757,1993,204,0,0.4565785558714492,1,0
1993-09-30,ZARUSD,ZA,1,0.02061928720273598,1993,204,1,0.517341726080626,1,0
1993-10-31,AUDUSD,AU,0,-0.01072598847230627,1993,204,0,0.4589958324765159,1,0
1993-10-31,CADUSD,CA,0,-0.011432134134311822,1993,204,0,0.49082465982733475,1,0
1993-10-31,GBPUSD,GB,0,-0.002017892660235776,1993,204,1,0.5287596874961659,1,0
1993-10-31,NOKUSD,NO,0,-0.01872119016441487,1993,204,1,0.5511564766743376,1,0
1993-10-31,NZDUSD,NZ,0,-0.015461881474158501,1993,204,1,0.5341866926769973,1,0
1993-10-31,SEKUSD,SE,0,-0.04054690757139623,1993,204,1,0.5457594475456531,1,0
1993-10-31,ZARUSD,ZA,0,-0.0029717703891576353,1993,204,1,0.5277077631415225,1,0
1993-11-30,AUDUSD,AU,1,0.029777018589173865,1993,204,0,0.4811324707284025,1,0
1993-11-30,CADUSD,CA,1,0.008788128816863305,1993,204,0,0.48608844159969844,1,0
1993-11-30,GBPUSD,GB,0,-0.005197973022671776,1993,204,1,0.5001963200631903,1,0
1993-11-30,NOKUSD,NO,0,-0.008600339686778202,1993,204,0,0.4702955885170153,1,0
1993-11-30,NZDUSD,NZ,1,0.024446667881973805,1993,204,1,0.5291823327477837,1,0
1993-11-30,SEKUSD,SE,1,0.01676515100890752,1993,204,1,0.5226631858877309,1,0
1993-11-30,ZARUSD,ZA,0,-0.009009735269285946,1993,204,0,0.48546537360073366,1,0
1993-12-31,AUDUSD,AU,1,0.04356039117870125,1993,204,1,0.5001449269784889,1,0
1993-12-31,CADUSD,CA,0,-0.0011310086031273148,1993,204,0,0.46936546600385215,1,0
1993-12-31,GBPUSD,GB,1,0.015446915600168476,1993,204,0,0.47377178233582784,1,0
1993-12-31,NOKUSD,NO,1,0.008332548294671227,1993,204,0,0.472573156230114,1,0
1993-12-31,NZDUSD,NZ,1,0.014738791177422272,1993,204,1,0.5102772093764731,1,0
1993-12-31,SEKUSD,SE,1,0.05394732438145633,1993,204,0,0.4790018619635345,1,0
1993-12-31,ZARUSD,ZA,0,-0.007178992080632218,1993,204,0,0.4878673038724259,1,0
1994-01-31,AUDUSD,AU,1,0.004927852281240597,1994,216,1,0.5178938898926343,1,0
1994-01-31,CADUSD,CA,0,-0.01881214032437012,1994,216,0,0.4642351685569962,1,0
1994-01-31,GBPUSD,GB,0,-0.008701527460636904,1994,216,1,0.5054257608508617,1,0
1994-01-31,NOKUSD,NO,1,0.0110386797680182,1994,216,0,0.47105632190622876,1,0
1994-01-31,NZDUSD,NZ,1,0.013481776464828843,1994,216,1,0.5159332012817961,1,0
1994-01-31,SEKUSD,SE,0,-0.009258450641166593,1994,216,1,0.5541518955021147,1,0
1994-01-31,ZARUSD,ZA,0,-0.01377332393217312,1994,216,0,0.4706602415988867,1,0
1994-02-28,AUDUSD,AU,0,-0.01485701186946009,1994,216,1,0.5178748661070351,1,0
1994-02-28,CADUSD,CA,0,-0.023100442408133026,1994,216,0,0.45687302495697846,1,0
1994-02-28,GBPUSD,GB,1,0.00033607797325230226,1994,216,1,0.5014124383949344,1,0
1994-02-28,NOKUSD,NO,1,0.018098496396065533,1994,216,0,0.48733220317136283,1,0
1994-02-28,NZDUSD,NZ,0,-0.024114518849196687,1994,216,1,0.5069932533042337,1,0
1994-02-28,SEKUSD,SE,1,0.019306229927422258,1994,216,1,0.585841308070956,1,0
1994-02-28,ZARUSD,ZA,0,-0.0015826202857296412,1994,216,0,0.4577582351955178,1,0
1994-03-31,AUDUSD,AU,1,0.0169615373743755,1994,216,0,0.4720821848998184,1,0
1994-03-31,CADUSD,CA,1,0.0014463410100161722,1994,216,0,0.4244465447406374,1,0
1994-03-31,GBPUSD,GB,1,0.01586805746503922,1994,216,0,0.4534865587050709,1,0
1994-03-31,NOKUSD,NO,1,0.007887676679311895,1994,216,0,0.4533535788949732,1,0
1994-03-31,NZDUSD,NZ,1,0.02758674455994581,1994,216,1,0.5021208954371081,1,0
1994-03-31,SEKUSD,SE,1,0.021382552978150393,1994,216,1,0.5499927035174152,1,0
1994-03-31,ZARUSD,ZA,0,-0.012855483427009373,1994,216,0,0.4291950623205384,1,0
1994-04-30,AUDUSD,AU,1,0.034438665054543405,1994,216,0,0.4318112449566131,1,0
1994-04-30,CADUSD,CA,0,-0.001952066556322185,1994,216,0,0.4488115322701763,1,0
1994-04-30,GBPUSD,GB,1,0.00013228388140196223,1994,216,0,0.43061997832314447,1,0
1994-04-30,NOKUSD,NO,1,0.00887505476576389,1994,216,0,0.4519281859753034,1,0
1994-04-30,NZDUSD,NZ,1,0.029878449622737113,1994,216,0,0.49980518353667097,1,0
1994-04-30,SEKUSD,SE,0,-0.019783422564133346,1994,216,1,0.5142731754959813,1,0
1994-04-30,ZARUSD,ZA,0,-0.029919748917658584,1994,216,0,0.4108971591148981,1,0
1994-05-31,AUDUSD,AU,0,-0.0102076422216561,1994,216,0,0.4423602126618126,1,0
1994-05-31,CADUSD,CA,1,0.0014456092145267996,1994,216,0,0.4715678852547185,1,0
1994-05-31,GBPUSD,GB,1,0.023724277083312817,1994,216,0,0.44029169824300185,1,0
1994-05-31,NOKUSD,NO,1,0.03123518977435369,1994,216,0,0.43964774385542094,1,0
1994-05-31,NZDUSD,NZ,1,0.0008406894147930943,1994,216,1,0.5045575951189015,1,0
1994-05-31,SEKUSD,SE,1,0.019587555361470166,1994,216,1,0.5106289175762443,1,0
1994-05-31,ZARUSD,ZA,0,-0.006589809679055536,1994,216,0,0.4160825621481556,1,0
1994-06-30,AUDUSD,AU,1,0.010749134044823472,1994,216,0,0.47212078610921376,1,0
1994-06-30,CADUSD,CA,0,-0.000723065830490699,1994,216,0,0.48480344910261086,1,0
1994-06-30,GBPUSD,GB,0,-0.004401586496586063,1994,216,0,0.45423872334977783,1,0
1994-06-30,NOKUSD,NO,0,-0.00122845699591001,1994,216,0,0.46634153649198534,1,0
1994-06-30,NZDUSD,NZ,1,0.010865129869103929,1994,216,1,0.5128683187156478,1,0
1994-06-30,SEKUSD,SE,0,-0.01618891795624755,1994,216,1,0.5143923282604146,1,0
1994-06-30,ZARUSD,ZA,0,-0.006818518166822551,1994,216,0,0.4228411089542296,1,0
1994-07-31,AUDUSD,AU,1,0.00741593097349369,1994,216,0,0.4607720465047387,1,0
1994-07-31,CADUSD,CA,1,0.008930251383465204,1994,216,0,0.44781398130910727,1,0
1994-07-31,GBPUSD,GB,0,-0.0034441337616235024,1994,216,0,0.4545157593505525,1,0
1994-07-31,NOKUSD,NO,1,0.0007224389853297541,1994,216,0,0.47222518527377233,1,0
1994-07-31,NZDUSD,NZ,1,0.0004986287812112078,1994,216,1,0.5028492512824572,1,0
1994-07-31,SEKUSD,SE,1,0.007867455296576953,1994,216,1,0.508854195944177,1,0
1994-07-31,ZARUSD,ZA,1,0.025185395036897873,1994,216,0,0.4070084604614494,1,0
1994-08-31,AUDUSD,AU,0,-0.005928338569880176,1994,216,0,0.4723672595424718,1,0
1994-08-31,CADUSD,CA,1,0.02227066456183685,1994,216,0,0.4388169141570484,1,0
1994-08-31,GBPUSD,GB,1,0.02621247339845678,1994,216,0,0.47245954414593333,1,0
1994-08-31,NOKUSD,NO,1,0.018968979069102998,1994,216,0,0.48022065571217243,1,0
1994-08-31,NZDUSD,NZ,1,0.001162501168865293,1994,216,1,0.5237358828744134,1,0
1994-08-31,SEKUSD,SE,1,0.03043384508606506,1994,216,1,0.527862727050807,1,0
1994-08-31,ZARUSD,ZA,1,0.005450366367976578,1994,216,0,0.42222412146153065,1,0
1994-09-30,AUDUSD,AU,1,0.0026990569691650035,1994,216,0,0.47934200700823343,1,0
1994-09-30,CADUSD,CA,0,-0.008686990813469686,1994,216,0,0.4421505837785141,1,0
1994-09-30,GBPUSD,GB,1,0.03611849636831538,1994,216,0,0.4665372034233301,1,0
1994-09-30,NOKUSD,NO,1,0.0370635070894052,1994,216,0,0.4941464108684207,1,0
1994-09-30,NZDUSD,NZ,1,0.02053460244170774,1994,216,1,0.5261705816027116,1,0
1994-09-30,SEKUSD,SE,1,0.04059120400611116,1994,216,1,0.5228720095649706,1,0
1994-09-30,ZARUSD,ZA,1,0.018956572745234324,1994,216,0,0.41903011247980737,1,0
1994-10-31,AUDUSD,AU,1,0.035611678870754726,1994,216,0,0.4719218384559788,1,0
1994-10-31,CADUSD,CA,0,-0.016496579973491243,1994,216,0,0.4259455697992963,1,0
1994-10-31,GBPUSD,GB,0,-0.04247984097533297,1994,216,0,0.4744853589974554,1,0
1994-10-31,NOKUSD,NO,0,-0.042279313220584314,1994,216,1,0.5043700284994448,1,0
1994-10-31,NZDUSD,NZ,1,0.020599376601335373,1994,216,1,0.509703603068363,1,0
1994-10-31,SEKUSD,SE,0,-0.046513696779111324,1994,216,1,0.52291519583626,1,0
1994-10-31,ZARUSD,ZA,0,-0.014743675066361428,1994,216,0,0.4451348139965347,1,0
1994-11-30,AUDUSD,AU,1,0.008289129186778155,1994,216,0,0.49672603419695505,1,0
1994-11-30,CADUSD,CA,0,-0.020013626033821508,1994,216,0,0.43054193921097317,0,0
1994-11-30,GBPUSD,GB,0,-0.00031913196377436615,1994,216,0,0.4889773727371828,0,0
1994-11-30,NOKUSD,NO,1,0.008831379153044105,1994,216,1,0.5223765691197607,1,0
1994-11-30,NZDUSD,NZ,1,0.019558983127909435,1994,216,1,0.5443306641951783,1,0
1994-11-30,SEKUSD,SE,1,0.01423297555979719,1994,216,1,0.5345307551202131,1,0
1994-11-30,ZARUSD,ZA,1,0.002254157054799366,1994,216,0,0.45342984258671964,1,0
1994-12-31,AUDUSD,AU,0,-0.023226513841389185,1994,216,1,0.5402015429036932,1,0
1994-12-31,CADUSD,CA,0,-0.004409366364621692,1994,216,0,0.4564103982255457,1,0
1994-12-31,GBPUSD,GB,1,0.00952993235345706,1994,216,0,0.48609991806913355,0,0
1994-12-31,NOKUSD,NO,1,0.012496443487779674,1994,216,0,0.47443095227750437,1,0
1994-12-31,NZDUSD,NZ,0,-0.0021892111949052273,1994,216,1,0.5895567316981642,1,0
1994-12-31,SEKUSD,SE,0,-0.009644438830666235,1994,216,1,0.5172713419975382,1,0
1994-12-31,ZARUSD,ZA,1,0.0002821272412563136,1994,216,0,0.45542768544353246,1,0
1995-01-31,AUDUSD,AU,0,-0.026079712783051656,1995,228,1,0.5928696425790967,1,0
1995-01-31,CADUSD,CA,1,0.011060086341618702,1995,228,1,0.5380577918879778,1,0
1995-01-31,EURUSD,EZ,1,0.018467745545840103,1995,228,1,0.5225011780195912,1,0
1995-01-31,GBPUSD,GB,1,0.001579529628667753,1995,228,1,0.5188742894348651,1,0
1995-01-31,NOKUSD,NO,1,0.03503785674087312,1995,228,1,0.5043119648491617,0,0
1995-01-31,NZDUSD,NZ,0,-0.008331416579663797,1995,228,1,0.6180505673081138,1,0
1995-01-31,SEKUSD,SE,1,0.022513757599250672,1995,228,1,0.5212909587712814,1,0
1995-01-31,ZARUSD,ZA,0,-0.015538914184386021,1995,228,0,0.4888431907847558,1,0
1995-02-28,AUDUSD,AU,0,-0.00748048370925003,1995,228,1,0.5583521334602926,1,0
1995-02-28,CADUSD,CA,0,-0.0040100304362037376,1995,228,1,0.5724586785214733,1,0
1995-02-28,EURUSD,EZ,1,0.06611078565514122,1995,228,1,0.5627390482182449,1,0
1995-02-28,GBPUSD,GB,1,0.02185538130326392,1995,228,1,0.5722299776550495,1,0
1995-02-28,NOKUSD,NO,1,0.04446233345122974,1995,228,1,0.5391546267742774,0,0
1995-02-28,NZDUSD,NZ,1,0.0332225524628143,1995,228,1,0.6176388382617171,1,0
1995-02-28,SEKUSD,SE,0,-0.008214853217082707,1995,228,1,0.5615122898614602,1,0
1995-02-28,ZARUSD,ZA,1,0.005152855910924625,1995,228,1,0.5168485734933642,1,0
1995-03-31,AUDUSD,AU,0,-0.007261798027953459,1995,228,1,0.5509146832526155,1,0
1995-03-31,CADUSD,CA,1,0.028708024400027343,1995,228,1,0.6031533690545765,1,0
1995-03-31,EURUSD,EZ,1,0.01786722808093283,1995,228,1,0.6435430334687116,1,0
1995-03-31,GBPUSD,GB,0,-0.006133658212530646,1995,228,1,0.5851862365868485,0,0
1995-03-31,NOKUSD,NO,0,-0.009999276927843193,1995,228,1,0.5604451834722521,0,0
1995-03-31,NZDUSD,NZ,1,0.025478124954184334,1995,228,1,0.6158710036503245,1,0
1995-03-31,SEKUSD,SE,1,0.017116582773419875,1995,228,1,0.5960040803142882,1,0
1995-03-31,ZARUSD,ZA,0,-0.011246213636948,1995,228,1,0.529069954649872,1,0
1995-04-30,AUDUSD,AU,0,-0.011340185142222348,1995,228,1,0.5490867921600234,1,0
1995-04-30,CADUSD,CA,0,-0.007400656602164546,1995,228,1,0.596739960913709,1,0
1995-04-30,EURUSD,EZ,0,-0.0203532896660778,1995,228,1,0.6547823787925966,1,0
1995-04-30,GBPUSD,GB,0,-0.014144684441854238,1995,228,1,0.5920188141631503,0,0
1995-04-30,NOKUSD,NO,0,-0.00815091615131558,1995,228,1,0.5990445797007017,0,0
1995-04-30,NZDUSD,NZ,0,-0.010624866130656163,1995,228,1,0.6373841658560682,1,0
1995-04-30,SEKUSD,SE,0,-0.010468434008132244,1995,228,1,0.6083278505832467,1,0
1995-04-30,ZARUSD,ZA,0,-0.012485584435945274,1995,228,1,0.5401099514155805,1,0
1995-05-31,AUDUSD,AU,0,-0.011470261440550411,1995,228,1,0.5585330193464388,1,0
1995-05-31,CADUSD,CA,0,-0.0029158790159763415,1995,228,1,0.5782624397968646,1,0
1995-05-31,EURUSD,EZ,1,0.005976963858583428,1995,228,1,0.6502622757073916,1,0
1995-05-31,GBPUSD,GB,1,0.002518100165948556,1995,228,1,0.5955867225305308,0,0
1995-05-31,NOKUSD,NO,1,0.01879875410716214,1995,228,1,0.6032794021290695,1,0
1995-05-31,NZDUSD,NZ,1,0.00570058549446173,1995,228,1,0.6477292151853183,1,0
1995-05-31,SEKUSD,SE,1,0.007652401376908813,1995,228,1,0.6250607389860242,1,0
1995-05-31,ZARUSD,ZA,1,0.008214723084337017,1995,228,1,0.5674326233073371,1,0
1995-06-30,AUDUSD,AU,1,0.038500788254195895,1995,228,1,0.5706388518599488,1,0
1995-06-30,CADUSD,CA,1,0.0031349130766484268,1995,228,1,0.5742418515342045,1,0
1995-06-30,EURUSD,EZ,1,0.009032967004158676,1995,228,1,0.6247935976458918,1,0
1995-06-30,GBPUSD,GB,1,0.0047044151370211895,1995,228,1,0.593967011273752,1,0
1995-06-30,NOKUSD,NO,1,0.00430737388308855,1995,228,1,0.6022093100454886,0,0
1995-06-30,NZDUSD,NZ,1,0.007896934430454583,1995,228,1,0.6395037749424092,1,0
1995-06-30,SEKUSD,SE,1,0.03036022068522426,1995,228,1,0.6521525375290721,1,0
1995-06-30,ZARUSD,ZA,1,0.0038567540919116627,1995,228,1,0.5793812627733029,1,0
1995-07-31,AUDUSD,AU,1,0.01744542364873114,1995,228,1,0.5695804216857483,1,0
1995-07-31,CADUSD,CA,1,0.019390882939801735,1995,228,1,0.5466685194982921,1,0
1995-07-31,EURUSD,EZ,0,-0.040228414958845604,1995,228,1,0.6035387645111187,1,0
1995-07-31,GBPUSD,GB,0,-0.029530642437785026,1995,228,1,0.6003806247863621,1,0
1995-07-31,NOKUSD,NO,0,-0.04483413384383206,1995,228,1,0.5965291327049871,0,0
1995-07-31,NZDUSD,NZ,0,-0.03565332310264746,1995,228,1,0.6219690289170481,1,0
1995-07-31,SEKUSD,SE,0,-0.032621037597227565,1995,228,1,0.6543194647564498,1,0
1995-07-31,ZARUSD,ZA,0,-0.009340727254303793,1995,228,1,0.5928769646802081,1,0
1995-08-31,AUDUSD,AU,1,0.005042473529370928,1995,228,1,0.5798807386106705,1,0
1995-08-31,CADUSD,CA,0,-0.00096736994558827,1995,228,1,0.5434231929479371,1,0
1995-08-31,EURUSD,EZ,0,-0.009980466229499607,1995,228,1,0.5884838471841015,1,0
1995-08-31,GBPUSD,GB,1,0.01788613635370484,1995,228,1,0.5874416703398272,1,0
1995-08-31,NOKUSD,NO,1,0.02148927589581695,1995,228,1,0.5591044663510052,0,0
1995-08-31,NZDUSD,NZ,1,0.01192492345551227,1995,228,1,0.6122290326393243,1,0
1995-08-31,SEKUSD,SE,1,0.0519670383939268,1995,228,1,0.6481857645228428,1,0
1995-08-31,ZARUSD,ZA,1,0.0017789946532407175,1995,228,1,0.5794277397321815,1,0
1995-09-30,AUDUSD,AU,1,0.00791039062242227,1995,228,1,0.6074306938132789,1,0
1995-09-30,CADUSD,CA,1,0.003277958682736559,1995,228,1,0.575609801882148,1,0
1995-09-30,EURUSD,EZ,1,0.03187021748106417,1995,228,1,0.5759073667035888,0,0
1995-09-30,GBPUSD,GB,1,0.0007594456412099437,1995,228,1,0.5756259893441145,1,0
1995-09-30,NOKUSD,NO,1,0.008710647636593682,1995,228,1,0.5531593994896692,0,0
1995-09-30,NZDUSD,NZ,1,0.003034903695154023,1995,228,1,0.6148998092657451,1,0
1995-09-30,SEKUSD,SE,1,0.042631699479198204,1995,228,1,0.6454263001542602,1,0
1995-09-30,ZARUSD,ZA,1,0.000685072301918277,1995,228,1,0.5739672116220498,1,0
1995-10-31,AUDUSD,AU,0,-0.0254019908632257,1995,228,1,0.6020163949276877,1,0
1995-10-31,CADUSD,CA,0,-0.01378412220409514,1995,228,1,0.5956249891690572,1,0
1995-10-31,EURUSD,EZ,0,-0.0021189441464057324,1995,228,1,0.5872095428673905,1,0
1995-10-31,GBPUSD,GB,0,-0.03246934108559829,1995,228,1,0.574881369659523,1,0
1995-10-31,NOKUSD,NO,0,-0.022695784511352457,1995,228,1,0.5707333372036466,0,0
1995-10-31,NZDUSD,NZ,0,-0.01112222937929963,1995,228,1,0.6104496556633903,1,0
1995-10-31,SEKUSD,SE,1,0.013175022103447231,1995,228,1,0.6553585375430581,1,0
1995-10-31,ZARUSD,ZA,0,-0.005331158822914572,1995,228,1,0.5732810286740441,1,0
1995-11-30,AUDUSD,AU,1,0.001077006027637939,1995,228,1,0.5887975180741903,1,0
1995-11-30,CADUSD,CA,0,-0.004992301683481748,1995,228,1,0.5784735551175982,1,0
1995-11-30,EURUSD,EZ,0,-0.016306040282402734,1995,228,1,0.6220779859816318,0,0
1995-11-30,GBPUSD,GB,1,0.015112004035350679,1995,228,1,0.5935217352595924,1,0
1995-11-30,NOKUSD,NO,1,0.008114433777971719,1995,228,1,0.6052991023576637,0,0
1995-11-30,NZDUSD,NZ,1,0.0015309249775121714,1995,228,1,0.6110269560401591,1,0
1995-11-30,SEKUSD,SE,0,-0.010463360303256675,1995,228,1,0.7015110563287711,1,0
1995-11-30,ZARUSD,ZA,1,0.0058795547785284175,1995,228,1,0.5827245629796506,1,0
1995-12-31,AUDUSD,AU,1,0.0014789918662362345,1995,228,1,0.5826391281930217,1,0
1995-12-31,CADUSD,CA,0,-0.006423848647046482,1995,228,1,0.5861666905589236,1,0
1995-12-31,EURUSD,EZ,0,-0.015771133676677984,1995,228,1,0.6355672282824445,1,0
1995-12-31,GBPUSD,GB,0,-0.028665734778761665,1995,228,1,0.5780150458221074,1,0
1995-12-31,NOKUSD,NO,0,-0.030843566452240845,1995,228,1,0.5891798487952299,1,0
1995-12-31,NZDUSD,NZ,1,0.02790738467232151,1995,228,1,0.6046466807340527,1,0
1995-12-31,SEKUSD,SE,0,-0.04685594845148944,1995,228,1,0.6848980612629587,1,0
1995-12-31,ZARUSD,ZA,0,-0.0011786797411912353,1995,228,1,0.5980096310161209,1,0
1996-01-31,AUDUSD,AU,1,0.02651620288297346,1996,240,1,0.5620458739418185,1,0
1996-01-31,CADUSD,CA,1,0.001092060827108332,1996,240,1,0.5458836516597666,1,0
1996-01-31,EURUSD,EZ,0,-0.0023205033617766935,1996,240,1,0.5633247672204248,0,0
1996-01-31,GBPUSD,GB,1,0.014729356246196146,1996,240,1,0.5502735027457037,1,0
1996-01-31,NOKUSD,NO,1,0.017485938755436026,1996,240,1,0.5597164973327218,1,0
1996-01-31,NZDUSD,NZ,1,0.0013379917256621798,1996,240,1,0.6003340489588588,1,0
1996-01-31,SEKUSD,SE,1,0.028174989747367984,1996,240,1,0.6357595741165725,1,0
1996-01-31,ZARUSD,ZA,0,-0.05973630680764774,1996,240,1,0.5848096903503621,1,0
1996-02-29,AUDUSD,AU,1,0.02225476761269285,1996,240,1,0.5674859653482203,1,0
1996-02-29,CADUSD,CA,1,0.006797526448054647,1996,240,1,0.52555408577564,1,0
1996-02-29,EURUSD,EZ,0,-0.007267819391312935,1996,240,1,0.5348109934090756,0,0
1996-02-29,GBPUSD,GB,0,-0.003793085445003841,1996,240,1,0.5248945639418787,1,0
1996-02-29,NOKUSD,NO,0,-0.0014039468806332778,1996,240,1,0.5328015917246329,1,0
1996-02-29,NZDUSD,NZ,1,0.011227773437238187,1996,240,1,0.6074799955391033,1,0
1996-02-29,SEKUSD,SE,1,0.010657717503816277,1996,240,1,0.5740098221975984,1,0
1996-02-29,ZARUSD,ZA,0,-0.026233517626470082,1996,240,1,0.5591187497379405,1,0
1996-03-31,AUDUSD,AU,1,0.004977992282377969,1996,240,1,0.5666122648183978,1,0
1996-03-31,CADUSD,CA,1,0.0014678901718289117,1996,240,1,0.513135901395777,0,0
1996-03-31,EURUSD,EZ,0,-0.01797499771115124,1996,240,1,0.5076566211768647,0,0
1996-03-31,GBPUSD,GB,0,-0.01398808767255677,1996,240,1,0.5025506818478679,1,0
1996-03-31,NOKUSD,NO,0,-0.024483477174428003,1996,240,0,0.47909669796354604,0,0
1996-03-31,NZDUSD,NZ,1,0.009067040765930179,1996,240,1,0.5886719696719874,1,0
1996-03-31,SEKUSD,SE,0,-0.015605480800494176,1996,240,1,0.5583522132657258,1,0
1996-03-31,ZARUSD,ZA,0,-0.08363295995206221,1996,240,1,0.5096657039373228,1,0
1996-04-30,AUDUSD,AU,1,0.015915455305899606,1996,240,1,0.5668782824635638,1,0
1996-04-30,CADUSD,CA,0,-0.006515634896095912,1996,240,0,0.49831375529493144,0,0
1996-04-30,EURUSD,EZ,0,-0.018440986230312567,1996,240,0,0.492117036005519,0,0
1996-04-30,GBPUSD,GB,1,0.029139400044826957,1996,240,1,0.5018073011189662,1,0
1996-04-30,NOKUSD,NO,1,0.007788082428068943,1996,240,0,0.4724316259863397,0,0
1996-04-30,NZDUSD,NZ,0,-0.010831487628637448,1996,240,1,0.5731143064323323,1,0
1996-04-30,SEKUSD,SE,1,0.008358964231477861,1996,240,1,0.556811808813317,1,0
1996-04-30,ZARUSD,ZA,0,-0.00633825227636442,1996,240,0,0.4674734509066524,1,0
1996-05-31,AUDUSD,AU,0,-0.015660840409552734,1996,240,1,0.5573165051256757,1,0
1996-05-31,CADUSD,CA,1,0.0034355503255314446,1996,240,0,0.49264317128428925,0,0
1996-05-31,EURUSD,EZ,1,0.0027445616130275796,1996,240,0,0.47998903803436577,0,0
1996-05-31,GBPUSD,GB,1,0.0021918523473404283,1996,240,0,0.49434123158683485,1,0
1996-05-31,NOKUSD,NO,1,0.0042247633603083035,1996,240,0,0.4702838588586742,0,0
1996-05-31,NZDUSD,NZ,1,0.009520394134686916,1996,240,1,0.5914780748213407,1,0
1996-05-31,SEKUSD,SE,1,0.015496061847532383,1996,240,1,0.5332145815281121,1,0
1996-05-31,ZARUSD,ZA,1,0.004490249902434629,1996,240,1,0.5000345776108545,1,0
1996-06-30,AUDUSD,AU,0,-0.01552208702713534,1996,240,1,0.5485658416805799,1,0
1996-06-30,CADUSD,CA,0,-0.006568407792995723,1996,240,0,0.4850043384495611,0,0
1996-06-30,EURUSD,EZ,1,0.016960184804103884,1996,240,0,0.4674982896970848,0,0
1996-06-30,GBPUSD,GB,1,0.001737172706448853,1996,240,1,0.5011598759960146,1,0
1996-06-30,NOKUSD,NO,1,0.01951015986957838,1996,240,0,0.4750706269158605,0,0
1996-06-30,NZDUSD,NZ,1,0.004653876927889267,1996,240,1,0.5734501978590817,1,0
1996-06-30,SEKUSD,SE,1,0.002190250488518286,1996,240,1,0.5132176347445637,1,0
1996-06-30,ZARUSD,ZA,0,-0.04059118090122693,1996,240,1,0.5042858604075713,1,0
1996-07-31,AUDUSD,AU,1,0.02237229775453317,1996,240,1,0.5337421779809446,1,0
1996-07-31,CADUSD,CA,1,0.004520275996640621,1996,240,0,0.4877879660935593,0,0
1996-07-31,EURUSD,EZ,1,0.01333308418674306,1996,240,0,0.48414336374987366,0,0
1996-07-31,GBPUSD,GB,1,0.003593433024867587,1996,240,1,0.5090518294449549,1,0
1996-07-31,NOKUSD,NO,0,-0.006571765163234433,1996,240,0,0.49466751848722185,0,0
1996-07-31,NZDUSD,NZ,1,0.0011600929375303881,1996,240,1,0.5755328216767857,1,0
1996-07-31,SEKUSD,SE,0,-0.001963895185179032,1996,240,1,0.5251205621008375,0,0
1996-07-31,ZARUSD,ZA,1,0.004998621904836353,1996,240,0,0.4917635806771261,1,0
1996-08-31,AUDUSD,AU,1,0.0002528125408484405,1996,240,1,0.5109693096054544,1,0
1996-08-31,CADUSD,CA,1,0.004761041771276009,1996,240,0,0.4807707461561888,0,0
1996-08-31,EURUSD,EZ,0,-0.016986966345281962,1996,240,1,0.517664447992049,0,0
1996-08-31,GBPUSD,GB,1,0.0026227425877173305,1996,240,1,0.5118074237005654,1,0
1996-08-31,NOKUSD,NO,0,-0.01470728576554059,1996,240,1,0.5174555099506459,0,0
1996-08-31,NZDUSD,NZ,1,0.012959144642505194,1996,240,1,0.5824749365222591,1,0
1996-08-31,SEKUSD,SE,0,-0.0009051139552895826,1996,240,1,0.5271713742750265,0,0
1996-08-31,ZARUSD,ZA,0,-0.010413298927663961,1996,240,1,0.5125255672153253,1,0
1996-09-30,AUDUSD,AU,1,0.002272441326345659,1996,240,1,0.5196198929829192,1,0
1996-09-30,CADUSD,CA,1,0.01561317742386148,1996,240,0,0.4702745866832525,0,0
1996-09-30,EURUSD,EZ,0,-0.012979066803775668,1996,240,1,0.5107443943586676,0,0
1996-09-30,GBPUSD,GB,1,0.039151910998763806,1996,240,1,0.5076711435800991,1,0
1996-09-30,NOKUSD,NO,1,0.020180753179712463,1996,240,1,0.5029172105788753,0,0
1996-09-30,NZDUSD,NZ,1,0.011379923662762526,1996,240,1,0.5749296379017114,1,0
1996-09-30,SEKUSD,SE,1,0.008631839769165595,1996,240,0,0.4914122216773073,0,0
1996-09-30,ZARUSD,ZA,0,-0.033166581776361115,1996,240,0,0.4861002256954243,1,0
1996-10-31,AUDUSD,AU,1,0.02576852606776353,1996,240,1,0.5317216835541825,1,0
1996-10-31,CADUSD,CA,0,-0.005948415190037637,1996,240,0,0.4773348852444267,0,0
1996-10-31,EURUSD,EZ,1,0.010462342513600703,1996,240,0,0.49877781812077077,0,0
1996-10-31,GBPUSD,GB,1,0.03275415163995238,1996,240,1,0.5333228959481406,1,0
1996-10-31,NOKUSD,NO,0,-0.006284118161649088,1996,240,1,0.5028165759810946,0,0
1996-10-31,NZDUSD,NZ,1,0.005360430383923531,1996,240,1,0.5796287153067035,1,0
1996-10-31,SEKUSD,SE,0,-0.021515913126272768,1996,240,1,0.5144491052407337,0,0
1996-10-31,ZARUSD,ZA,1,0.01655417788250446,1996,240,0,0.48929485600531125,1,0
1996-11-30,AUDUSD,AU,0,-0.02400463497164873,1996,240,1,0.5538772696123606,1,0
1996-11-30,CADUSD,CA,0,-0.015302292265141515,1996,240,0,0.4958921260761895,0,0
1996-11-30,EURUSD,EZ,0,-0.026565540949557542,1996,240,1,0.5024761071111093,0,0
1996-11-30,GBPUSD,GB,1,0.017853934462032095,1996,240,1,0.5892485048126475,1,0
1996-11-30,NOKUSD,NO,1,0.006597794450293959,1996,240,1,0.5146246590264264,0,0
1996-11-30,NZDUSD,NZ,0,-0.0060678941559140775,1996,240,1,0.5856810000643449,1,0
1996-11-30,SEKUSD,SE,0,-0.01580184988092226,1996,240,1,0.520356191936464,0,0
1996-11-30,ZARUSD,ZA,0,-0.015060525625721022,1996,240,0,0.49103243573400657,1,0
1996-12-31,AUDUSD,AU,0,-0.04098460424939618,1996,240,1,0.5457856842798654,1,0
1996-12-31,CADUSD,CA,1,0.01641492821421603,1996,240,0,0.4911023900404277,0,0
1996-12-31,EURUSD,EZ,0,-0.03307028839768025,1996,240,1,0.5154679400552695,0,0
1996-12-31,GBPUSD,GB,0,-0.06708414787650696,1996,240,1,0.5995399858737972,1,0
1996-12-31,NOKUSD,NO,0,-0.018109537773681517,1996,240,1,0.5060663938810573,0,0
1996-12-31,NZDUSD,NZ,0,-0.025807883955872635,1996,240,1,0.5498623382850878,1,0
1996-12-31,SEKUSD,SE,0,-0.059443144142165893,1996,240,0,0.489793466546321,0,0
1996-12-31,ZARUSD,ZA,1,0.026616306675109946,1996,240,1,0.5187749922978114,1,0
1997-01-31,AUDUSD,AU,1,0.018194134107175075,1997,252,1,0.5098409672718268,1,1
1997-01-31,CADUSD,CA,0,-0.01444174819739008,1997,252,0,0.4884204961319677,0,1
1997-01-31,EURUSD,EZ,0,-0.042697221535118374,1997,252,0,0.49961087189750414,0,1
1997-01-31,GBPUSD,GB,1,0.017028802461096615,1997,252,1,0.5802612952148012,1,1
1997-01-31,NOKUSD,NO,0,-0.03560591884828668,1997,252,0,0.48407840736312396,0,1
1997-01-31,NZDUSD,NZ,1,0.0056485051333446945,1997,252,1,0.5095907776702856,1,1
1997-01-31,SEKUSD,SE,0,-0.03365346531089708,1997,252,0,0.49371044663448926,0,1
1997-01-31,ZARUSD,ZA,1,0.017253248147559352,1997,252,1,0.5227358219580578,1,1
1997-02-28,AUDUSD,AU,1,0.009612377761666152,1997,252,0,0.49848313975851577,1,1
1997-02-28,CADUSD,CA,0,-0.011997962503031034,1997,252,1,0.5107573128682733,0,1
1997-02-28,EURUSD,EZ,0,-0.0118126800239311,1997,252,0,0.4737389861758921,0,1
1997-02-28,GBPUSD,GB,1,0.009836645681330858,1997,252,1,0.5440872204999004,1,1
1997-02-28,NOKUSD,NO,1,0.01978776149717998,1997,252,0,0.48872728557931816,0,1
1997-02-28,NZDUSD,NZ,1,0.003316274396781005,1997,252,1,0.5116403513153911,1,1
1997-02-28,SEKUSD,SE,0,-0.0065332314957782245,1997,252,0,0.47667847568075083,0,1
1997-02-28,ZARUSD,ZA,1,0.01370346053462912,1997,252,1,0.5229494511089761,1,1
1997-03-31,AUDUSD,AU,0,-0.005756331852576707,1997,252,1,0.513431604156926,1,1
1997-03-31,CADUSD,CA,0,-0.009782139429460712,1997,252,1,0.5034046114030167,0,1
1997-03-31,EURUSD,EZ,0,-0.010157140016369082,1997,252,0,0.4712540657167517,0,1
1997-03-31,GBPUSD,GB,0,-0.01519264703441614,1997,252,1,0.5393396103527482,1,1
1997-03-31,NOKUSD,NO,0,-0.07715757925813715,1997,252,0,0.47301017056457,0,1
1997-03-31,NZDUSD,NZ,0,-0.002450098508932075,1997,252,1,0.527202294092902,1,1
1997-03-31,SEKUSD,SE,0,-0.04029134977445281,1997,252,0,0.4625861617397638,0,1
1997-03-31,ZARUSD,ZA,0,-0.0058637966844532485,1997,252,1,0.5379893383666635,1,1
1997-04-30,AUDUSD,AU,0,-0.021394657213374135,1997,252,1,0.5274179254607994,1,1
1997-04-30,CADUSD,CA,1,0.012460098544432974,1997,252,0,0.48986410382349094,0,1
1997-04-30,EURUSD,EZ,1,0.004156062996325233,1997,252,0,0.4654840477300492,0,1
1997-04-30,GBPUSD,GB,1,0.009828088936262469,1997,252,1,0.5649706092694541,1,1
1997-04-30,NOKUSD,NO,1,0.0012641338855994277,1997,252,0,0.47450972326819124,0,1
1997-04-30,NZDUSD,NZ,0,-0.00506330195654664,1997,252,1,0.5386823644338982,1,1
1997-04-30,SEKUSD,SE,1,0.013466057925485497,1997,252,0,0.4853504729832768,0,1
1997-04-30,ZARUSD,ZA,0,-0.0049349584227551535,1997,252,1,0.5412690485799097,1,1
1997-05-31,AUDUSD,AU,0,-0.010540282035432336,1997,252,1,0.5165522266715447,1,1
1997-05-31,CADUSD,CA,0,-0.0008693132972839024,1997,252,1,0.5030177146663001,0,1
1997-05-31,EURUSD,EZ,0,-0.013343242396328767,1997,252,0,0.49205946773203507,0,1
1997-05-31,GBPUSD,GB,1,0.01757088525185191,1997,252,1,0.5630917118232728,1,1
1997-05-31,NOKUSD,NO,0,-0.02953833385666993,1997,252,0,0.4677938700983037,0,1
1997-05-31,NZDUSD,NZ,0,-0.015345569674660331,1997,252,1,0.5431772716970878,1,1
1997-05-31,SEKUSD,SE,1,0.0013566331742493887,1997,252,0,0.49844856844149843,0,1
1997-05-31,ZARUSD,ZA,0,-0.015431891033230283,1997,252,1,0.5408667216962005,1,1
1997-06-30,AUDUSD,AU,0,-0.013199311689342907,1997,252,1,0.5045426625351046,0,1
1997-06-30,CADUSD,CA,0,-0.0007238509183228881,1997,252,1,0.5236241525445411,0,1
1997-06-30,EURUSD,EZ,0,-0.037600976524308716,1997,252,1,0.5105090380773821,0,1
1997-06-30,GBPUSD,GB,0,-0.01586085674182819,1997,252,1,0.5820716997532589,1,1
1997-06-30,NOKUSD,NO,0,-0.04099937327211012,1997,252,0,0.47001707486776984,0,1
1997-06-30,NZDUSD,NZ,0,-0.04395650432369619,1997,252,1,0.5453898967991974,1,1
1997-06-30,SEKUSD,SE,0,-0.031498165931959754,1997,252,1,0.5148065738791654,0,1
1997-06-30,ZARUSD,ZA,0,-0.01628184359113871,1997,252,1,0.5357286669528615,1,1
1997-07-31,AUDUSD,AU,0,-0.014328441945749726,1997,252,1,0.5164066750978655,0,1
1997-07-31,CADUSD,CA,0,-0.0050523384267286975,1997,252,1,0.5533583650916459,0,1
1997-07-31,EURUSD,EZ,0,-0.025373550897986326,1997,252,1,0.5185682234433162,0,1
1997-07-31,GBPUSD,GB,0,-0.01135294940576087,1997,252,1,0.6162951185309499,1,1
1997-07-31,NOKUSD,NO,1,0.02077756211567383,1997,252,1,0.5046465709944199,0,1
1997-07-31,NZDUSD,NZ,0,-0.017542947762406058,1997,252,1,0.5768348074734355,1,1
1997-07-31,SEKUSD,SE,1,0.013241885905354689,1997,252,1,0.5411485760377962,0,1
1997-07-31,ZARUSD,ZA,0,-0.01719363223659709,1997,252,1,0.5422894088258202,1,1
1997-08-31,AUDUSD,AU,0,-0.01301834075925734,1997,252,1,0.5023508114169097,0,1
1997-08-31,CADUSD,CA,1,0.004762944704552463,1997,252,1,0.5465790363990272,0,1
1997-08-31,EURUSD,EZ,1,0.029675113353245512,1997,252,0,0.4908208647832111,0,1
1997-08-31,GBPUSD,GB,0,-0.005321794738282815,1997,252,1,0.600994469859275,1,1
1997-08-31,NOKUSD,NO,1,0.05109624450514283,1997,252,0,0.49064933014080125,0,1
1997-08-31,NZDUSD,NZ,1,0.00203395204282375,1997,252,1,0.5810174866582671,1,1
1997-08-31,SEKUSD,SE,1,0.036127874912376345,1997,252,1,0.5268725622001803,0,1
1997-08-31,ZARUSD,ZA,1,0.006949298293206008,1997,252,1,0.5190282294292653,1,1
1997-09-30,AUDUSD,AU,0,-0.030814763044009874,1997,252,1,0.5061691275092091,0,1
1997-09-30,CADUSD,CA,0,-0.01969766082152402,1997,252,1,0.5474701941438651,0,1
1997-09-30,EURUSD,EZ,1,0.016198113564965658,1997,252,0,0.4987213493030447,0,1
1997-09-30,GBPUSD,GB,1,0.04067059012005486,1997,252,1,0.5950178313207051,1,1
1997-09-30,NOKUSD,NO,1,0.01810678928519671,1997,252,1,0.5265952790830774,0,1
1997-09-30,NZDUSD,NZ,0,-0.027411999176554902,1997,252,1,0.5710495626263373,1,1
1997-09-30,SEKUSD,SE,1,0.014383968541581194,1997,252,1,0.5411424132411615,0,1
1997-09-30,ZARUSD,ZA,0,-0.03261330673101437,1997,252,1,0.5225357743594772,1,1
1997-10-31,AUDUSD,AU,0,-0.02959436475155003,1997,252,1,0.5080174374952432,0,1
1997-10-31,CADUSD,CA,0,-0.010302095066647698,1997,252,1,0.550901269984222,0,1
1997-10-31,EURUSD,EZ,1,0.014442339399924911,1997,252,1,0.5404107785405725,0,1
1997-10-31,GBPUSD,GB,1,0.005880448176895148,1997,252,1,0.6031706211362959,1,1
1997-10-31,NOKUSD,NO,0,-0.030276473678983562,1997,252,1,0.5641285916229114,0,1
1997-10-31,NZDUSD,NZ,0,-0.009847524892902193,1997,252,1,0.558756801555486,1,1
1997-10-31,SEKUSD,SE,0,-0.0307028685433699,1997,252,1,0.5793530713471373,0,1
1997-10-31,ZARUSD,ZA,0,-0.008890785329891626,1997,252,1,0.536302406544696,1,1
1997-11-30,AUDUSD,AU,0,-0.04648513049421504,1997,252,1,0.5051688489687395,0,1
1997-11-30,CADUSD,CA,0,-0.003014056184271696,1997,252,1,0.5526203562234311,0,1
1997-11-30,EURUSD,EZ,0,-0.026488974351646086,1997,252,1,0.5605578982464402,0,1
1997-11-30,GBPUSD,GB,0,-0.027499331278468153,1997,252,1,0.6183477072808267,1,1
1997-11-30,NOKUSD,NO,0,-0.024921483368386843,1997,252,1,0.5592019802716978,0,1
1997-11-30,NZDUSD,NZ,0,-0.06035089224939788,1997,252,1,0.5417059333997164,1,1
1997-11-30,SEKUSD,SE,0,-0.027775129448444513,1997,252,1,0.5810101383096319,0,1
1997-11-30,ZARUSD,ZA,0,-0.0016454137813501912,1997,252,1,0.5203573641532473,1,1
1997-12-31,AUDUSD,AU,1,0.05043336988506514,1997,252,0,0.49987363465329615,0,1
1997-12-31,CADUSD,CA,0,-0.018995371838375852,1997,252,1,0.569548331288122,0,1
1997-12-31,EURUSD,EZ,0,-0.020972593024715325,1997,252,1,0.5571724948019839,0,1
1997-12-31,GBPUSD,GB,0,-0.006228647396568032,1997,252,1,0.6216379689729233,1,1
1997-12-31,NOKUSD,NO,0,-0.03013531451629503,1997,252,1,0.5241964575385488,0,1
1997-12-31,NZDUSD,NZ,1,0.010627456896967535,1997,252,1,0.552040083687507,1,1
1997-12-31,SEKUSD,SE,0,-0.02162839079957335,1997,252,1,0.5624890005398968,0,1
1997-12-31,ZARUSD,ZA,0,-0.015093086838500414,1997,252,1,0.5278954240161643,1,1
1998-01-31,AUDUSD,AU,0,-0.009826287175041082,1998,264,0,0.475143500809683,0,0
1998-01-31,CADUSD,CA,1,0.022641428324573054,1998,264,1,0.5190981293204848,0,0
1998-01-31,EURUSD,EZ,1,0.0023148158484512793,1998,264,0,0.4795382286708087,0,0
1998-01-31,GBPUSD,GB,1,0.007810156242018251,1998,264,1,0.5663167878979936,1,0
1998-01-31,NOKUSD,NO,1,0.0028463017318385297,1998,264,0,0.44511450345684356,0,0
1998-01-31,NZDUSD,NZ,0,-0.004271685265303193,1998,264,1,0.5369159310723751,1,0
1998-01-31,SEKUSD,SE,1,0.013600249337130776,1998,264,1,0.5145851990548198,0,0
1998-01-31,ZARUSD,ZA,0,-0.0007082511552194415,1998,264,1,0.5165806522805518,1,0
1998-02-28,AUDUSD,AU,0,-0.02567688459430717,1998,264,0,0.4803895622302443,0,0
1998-02-28,CADUSD,CA,1,0.003941446543964722,1998,264,1,0.5374756524823684,0,0
1998-02-28,EURUSD,EZ,0,-0.00818798364888583,1998,264,0,0.48562038832260995,0,0
1998-02-28,GBPUSD,GB,1,0.018785548513678918,1998,264,1,0.5550474710493932,1,0
1998-02-28,NOKUSD,NO,0,-0.006248581517692031,1998,264,0,0.45968739310157036,0,0
1998-02-28,NZDUSD,NZ,0,-0.05562856129309002,1998,264,1,0.5408337315850372,1,0
1998-02-28,SEKUSD,SE,1,0.0007499062968605585,1998,264,1,0.5298876852227598,0,0
1998-02-28,ZARUSD,ZA,0,-0.01853853382704984,1998,264,0,0.4922172828114523,1,0
1998-03-31,AUDUSD,AU,0,-0.014163032753963689,1998,264,0,0.47263471457254497,0,0
1998-03-31,CADUSD,CA,0,-0.008566866522222716,1998,264,1,0.5268024466423756,0,0
1998-03-31,EURUSD,EZ,1,0.0076915003949968724,1998,264,0,0.4831667511567768,0,0
1998-03-31,GBPUSD,GB,0,-0.002269199588320281,1998,264,1,0.5655881815148414,1,0
1998-03-31,NOKUSD,NO,1,0.021942479898431788,1998,264,0,0.4624952304923006,0,0
1998-03-31,NZDUSD,NZ,1,0.005596187544547604,1998,264,1,0.5203424508769312,1,0
1998-03-31,SEKUSD,SE,1,0.0331774948573087,1998,264,1,0.5437461458634442,0,0
1998-03-31,ZARUSD,ZA,0,-0.003567892783902016,1998,264,0,0.4489803445985163,1,0
1998-04-30,AUDUSD,AU,0,-0.040694190826554455,1998,264,0,0.4401590693175528,0,0
1998-04-30,CADUSD,CA,0,-0.01863386440551329,1998,264,1,0.5235274613894828,0,0
1998-04-30,EURUSD,EZ,1,0.02112381735394235,1998,264,0,0.4896602091811224,0,0
1998-04-30,GBPUSD,GB,0,-0.02536839537286467,1998,264,1,0.5665966215558772,1,0
1998-04-30,NOKUSD,NO,0,-0.009698129063853145,1998,264,0,0.49457062331713414,0,0
1998-04-30,NZDUSD,NZ,0,-0.0361076519691762,1998,264,0,0.49092401752912673,1,0
1998-04-30,SEKUSD,SE,0,-0.012586860240666464,1998,264,1,0.5699238023752685,0,0
1998-04-30,ZARUSD,ZA,0,-0.01959310326417074,1998,264,0,0.4353323697467465,1,0
1998-05-31,AUDUSD,AU,0,-0.008341402231089479,1998,264,0,0.43802672842288504,0,0
1998-05-31,CADUSD,CA,0,-0.009970036150258321,1998,264,1,0.5051064889079268,0,0
1998-05-31,EURUSD,EZ,0,-0.009809220773965274,1998,264,0,0.49597924416548944,0,0
1998-05-31,GBPUSD,GB,1,0.02345348843861078,1998,264,1,0.5527759842637773,1,0
1998-05-31,NOKUSD,NO,0,-0.017410969044254987,1998,264,1,0.5104815489356853,0,0
1998-05-31,NZDUSD,NZ,0,-0.029932145535035315,1998,264,0,0.4739991795771753,1,0
1998-05-31,SEKUSD,SE,0,-0.01777346682238168,1998,264,1,0.5698764298066817,0,0
1998-05-31,ZARUSD,ZA,0,-0.1391543781825033,1998,264,0,0.41247716089336894,1,0
1998-06-30,AUDUSD,AU,0,-0.022480177809510782,1998,264,0,0.4620822292189607,0,0
1998-06-30,CADUSD,CA,0,-0.026485842017232808,1998,264,1,0.5053406390791214,0,0
1998-06-30,EURUSD,EZ,0,-0.002673798384402279,1998,264,1,0.5179297539660196,0,0
1998-06-30,GBPUSD,GB,0,-0.020942540002342358,1998,264,1,0.5646885478056766,1,0
1998-06-30,NOKUSD,NO,1,0.01419022628519473,1998,264,1,0.5274924079951626,0,0
1998-06-30,NZDUSD,NZ,0,-0.016481226183791997,1998,264,0,0.49840798350110116,1,0
1998-06-30,SEKUSD,SE,1,0.0020081588173122,1998,264,1,0.5580344478317196,0,0
1998-06-30,ZARUSD,ZA,0,-0.035082587750198124,1998,264,0,0.48618569252353017,1,0
1998-07-31,AUDUSD,AU,0,-0.05938979967970048,1998,264,0,0.45544897078554814,0,0
1998-07-31,CADUSD,CA,0,-0.041033724353779444,1998,264,0,0.49777935882558455,0,0
1998-07-31,EURUSD,EZ,1,0.0059701669865038914,1998,264,1,0.523572117705415,0,0
1998-07-31,GBPUSD,GB,1,0.024828361660661546,1998,264,1,0.5716275984039338,1,0
1998-07-31,NOKUSD,NO,0,-0.03229026792881262,1998,264,1,0.5535311737181213,0,0
1998-07-31,NZDUSD,NZ,0,-0.03278982282299081,1998,264,0,0.444785312052143,1,0
1998-07-31,SEKUSD,SE,0,-0.013353499311008044,1998,264,1,0.5554398764906852,0,0
1998-07-31,ZARUSD,ZA,0,-0.048518461953387604,1998,264,1,0.5558631151797793,1,0
1998-08-31,AUDUSD,AU,1,0.03605540761792758,1998,264,0,0.45033928785416333,0,0
1998-08-31,CADUSD,CA,1,0.03115677568554648,1998,264,0,0.49690309415906203,0,0
1998-08-31,EURUSD,EZ,1,0.05044243221268348,1998,264,1,0.5322840752070258,0,0
1998-08-31,GBPUSD,GB,1,0.013924088094142362,1998,264,1,0.5927004823217039,1,0
1998-08-31,NOKUSD,NO,1,0.05301432000343098,1998,264,1,0.5906316682306172,1,0
1998-08-31,NZDUSD,NZ,1,0.010050335853501458,1998,264,0,0.4311069659400176,1,0
1998-08-31,SEKUSD,SE,1,0.02784329693906562,1998,264,1,0.561151484777511,0,0
1998-08-31,ZARUSD,ZA,1,0.09056369821638688,1998,264,1,0.5056582861696549,1,0
1998-09-30,AUDUSD,AU,1,0.05255725073867612,1998,264,0,0.47281674973123894,0,0
1998-09-30,CADUSD,CA,0,-0.011077196735986339,1998,264,1,0.5296596870140576,1,0
1998-09-30,EURUSD,EZ,1,0.03650280906134665,1998,264,1,0.5690168750765742,0,0
1998-09-30,GBPUSD,GB,0,-0.015416848484789414,1998,264,1,0.609584821461716,1,0
1998-09-30,NOKUSD,NO,1,0.00338318206179955,1998,264,1,0.6436045361090875,1,0
1998-09-30,NZDUSD,NZ,1,0.05732506661926928,1998,264,0,0.41353559282708174,0,0
1998-09-30,SEKUSD,SE,1,0.0034476188142331665,1998,264,1,0.5826200892150138,0,0
1998-09-30,ZARUSD,ZA,1,0.04919824415877194,1998,264,1,0.6169589413737234,1,0
1998-10-31,AUDUSD,AU,1,0.004788516731797199,1998,264,1,0.5046589046048473,0,0
1998-10-31,CADUSD,CA,1,0.012847863165755424,1998,264,1,0.5286231038076487,1,0
1998-10-31,EURUSD,EZ,0,-0.02686261257181541,1998,264,1,0.5778922655847145,0,0
1998-10-31,GBPUSD,GB,0,-0.01505145813959552,1998,264,1,0.5800083699014538,1,0
1998-10-31,NOKUSD,NO,0,-0.014533965969426577,1998,264,1,0.6203039290060313,1,0
1998-10-31,NZDUSD,NZ,0,-0.0047326165000987075,1998,264,0,0.45482166502052573,0,0
1998-10-31,SEKUSD,SE,0,-0.03974697330023824,1998,264,1,0.5857066307277776,0,0
1998-10-31,ZARUSD,ZA,0,-0.016821999158042056,1998,264,1,0.5812772005015618,1,0
1998-11-30,AUDUSD,AU,0,-0.025317807984289953,1998,264,1,0.5224458848871533,1,0
1998-11-30,CADUSD,CA,0,-0.009147401254909149,1998,264,1,0.5176432277298162,1,0
1998-11-30,EURUSD,EZ,1,0.007695787422500766,1998,264,1,0.5425325288313847,0,0
1998-11-30,GBPUSD,GB,1,0.008637144866696644,1998,264,1,0.5305070511757881,1,0
1998-11-30,NOKUSD,NO,0,-0.012612181782688747,1998,264,1,0.5927065595467955,1,0
1998-11-30,NZDUSD,NZ,0,0.0,1998,264,0,0.46432974101718594,0,0
1998-11-30,SEKUSD,SE,1,0.003941377192413054,1998,264,1,0.5464242078136664,0,0
1998-11-30,ZARUSD,ZA,0,-0.03451593709018863,1998,264,1,0.5122246063386643,1,0
1998-12-31,AUDUSD,AU,1,0.028021157010788333,1998,264,1,0.5145321847478239,1,0
1998-12-31,CADUSD,CA,1,0.018379250533779423,1998,264,0,0.48808104978735944,1,0
1998-12-31,EURUSD,EZ,0,-0.02962963534381033,1998,264,1,0.5223242711831706,0,0
1998-12-31,GBPUSD,GB,0,-0.010337102777145335,1998,264,1,0.5252197981438229,1,0
1998-12-31,NOKUSD,NO,1,0.007548205076195913,1998,264,1,0.5499557250546949,1,0
1998-12-31,NZDUSD,NZ,1,0.021958281145125658,1998,264,0,0.4844165901445518,0,0
1998-12-31,SEKUSD,SE,1,0.03977868688373887,1998,264,1,0.5265629883994659,0,0
1998-12-31,ZARUSD,ZA,0,-0.029254071082072786,1998,264,0,0.4419949782456782,1,0
1999-01-31,AUDUSD,AU,0,-0.014717910850035099,1999,276,0,0.4748740452882096,1,0
1999-01-31,CADUSD,CA,1,0.0003312903790446686,1999,276,0,0.4961699226607474,1,0
1999-01-31,EURUSD,EZ,0,-0.03362563063586134,1999,276,1,0.5062984783034035,0,0
1999-01-31,GBPUSD,GB,0,-0.026476118601807375,1999,276,0,0.4983433609637633,1,0
1999-01-31,NOKUSD,NO,0,-0.050225996328896905,1999,276,1,0.5192850796276174,1,0
1999-01-31,NZDUSD,NZ,0,-0.025760567094864184,1999,276,0,0.49613419855115665,0,0
1999-01-31,SEKUSD,SE,0,-0.05064135468333175,1999,276,1,0.5599855967476957,0,0
1999-01-31,ZARUSD,ZA,0,-0.021996813585163588,1999,276,0,0.36464650106885266,1,0
1999-02-28,AUDUSD,AU,1,0.021523349792563984,1999,276,0,0.49046928235348836,0,0
1999-02-28,CADUSD,CA,0,-0.00013252932230656267,1999,276,1,0.5095752554410661,1,0
1999-02-28,EURUSD,EZ,0,-0.017154023348826722,1999,276,1,0.5104142286103098,0,0
1999-02-28,GBPUSD,GB,1,0.007025862830364438,1999,276,1,0.500107417044356,1,0
1999-02-28,NOKUSD,NO,1,0.02334089399676431,1999,276,1,0.5089644150164139,1,0
1999-02-28,NZDUSD,NZ,1,0.016997576368571132,1999,276,1,0.5113380693671137,0,0
1999-02-28,SEKUSD,SE,0,-0.0026212334798740855,1999,276,1,0.5621592106519921,0,0
1999-02-28,ZARUSD,ZA,1,0.0056565807392741085,1999,276,0,0.3772432366369004,1,0
1999-03-31,AUDUSD,AU,1,0.04321660149978229,1999,276,1,0.5173104535412322,0,0
1999-03-31,CADUSD,CA,1,0.03465125914204281,1999,276,1,0.5165472746623065,1,0
1999-03-31,EURUSD,EZ,0,-0.02283460622301193,1999,276,1,0.5086476358036772,0,0
1999-03-31,GBPUSD,GB,0,-0.003413502150813097,1999,276,0,0.4987446255143104,1,0
1999-03-31,NOKUSD,NO,0,-0.011514713439642055,1999,276,0,0.4936782059293202,1,0
1999-03-31,NZDUSD,NZ,1,0.04843340355201964,1999,276,1,0.5367319063739232,0,0
1999-03-31,SEKUSD,SE,0,-0.027856285501708378,1999,276,1,0.551582190769768,0,0
1999-03-31,ZARUSD,ZA,1,0.013872111477805982,1999,276,0,0.3733177541858383,1,0
1999-04-30,AUDUSD,AU,0,-0.01399475228711089,1999,276,1,0.5316927206438437,1,0
1999-04-30,CADUSD,CA,0,-0.010033186577629027,1999,276,1,0.5135004576375084,1,0
1999-04-30,EURUSD,EZ,0,-0.01353303794786289,1999,276,0,0.485180275121427,0,0
1999-04-30,GBPUSD,GB,0,-0.004049219050776487,1999,276,1,0.5059432183400616,1,0
1999-04-30,NOKUSD,NO,0,-0.011067407204246038,1999,276,0,0.47149217912922914,1,0
1999-04-30,NZDUSD,NZ,0,-0.04562835262441112,1999,276,1,0.5468033043429258,0,0
1999-04-30,SEKUSD,SE,0,-0.017955067814326764,1999,276,1,0.5267583161999271,0,0
1999-04-30,ZARUSD,ZA,0,-0.02395080997608523,1999,276,0,0.36505526325146154,1,0
1999-05-31,AUDUSD,AU,1,0.012634310689635109,1999,276,1,0.5436987878087931,1,0
1999-05-31,CADUSD,CA,0,-0.0006788866520077708,1999,276,1,0.5099381216502742,0,0
1999-05-31,EURUSD,EZ,0,-0.010804658458154422,1999,276,0,0.46189340421898234,0,0
1999-05-31,GBPUSD,GB,0,-0.016045648643189026,1999,276,1,0.5124366593466433,1,0
1999-05-31,NOKUSD,NO,1,0.0037390328424082853,1999,276,0,0.4904995769803061,1,0
1999-05-31,NZDUSD,NZ,0,-0.01126772484634242,1999,276,1,0.5490602273266308,0,0
1999-05-31,SEKUSD,SE,1,0.0137012506945271,1999,276,1,0.5201164717391832,0,0
1999-05-31,ZARUSD,ZA,1,0.03170470513092871,1999,276,0,0.375464348174831,1,0
1999-06-30,AUDUSD,AU,0,-0.013553850984313665,1999,276,1,0.5288040624713299,0,0
1999-06-30,CADUSD,CA,0,-0.022480396448746,1999,276,1,0.5031228229545008,0,0
1999-06-30,EURUSD,EZ,1,0.03656853849767126,1999,276,0,0.4503403543613007,0,0
1999-06-30,GBPUSD,GB,1,0.027650954678958395,1999,276,0,0.48305270867810607,1,0
1999-06-30,NOKUSD,NO,1,0.012908352281665536,1999,276,0,0.47491588608692215,1,0
1999-06-30,NZDUSD,NZ,1,0.002452137416591449,1999,276,1,0.5113917509425285,0,0
1999-06-30,SEKUSD,SE,1,0.03101487890387622,1999,276,1,0.5114568005899623,0,0
1999-06-30,ZARUSD,ZA,0,-0.02081530533166065,1999,276,0,0.42253473727189556,1,0
1999-07-31,AUDUSD,AU,0,-0.022012980010428895,1999,276,1,0.5343094942292902,0,0
1999-07-31,CADUSD,CA,1,0.00699187133374185,1999,276,1,0.5110359951177458,0,0
1999-07-31,CHFUSD,CH,0,-0.013641868521598766,1999,276,0,0.48482849663575756,0,0
1999-07-31,EURUSD,EZ,0,-0.010622896604515063,1999,276,0,0.4798078684333897,0,0
1999-07-31,GBPUSD,GB,0,-0.007493919194105303,1999,276,1,0.5053381537304311,1,0
1999-07-31,NOKUSD,NO,0,-0.007177677572680619,1999,276,0,0.48481641805165737,1,0
1999-07-31,NZDUSD,NZ,0,-0.026729349989660367,1999,276,1,0.5073291943617735,0,0
1999-07-31,SEKUSD,SE,0,-0.0008510121478888522,1999,276,1,0.5480822493841465,0,0
1999-07-31,ZARUSD,ZA,1,0.011419373683072775,1999,276,0,0.4210825492892315,1,0
1999-08-31,AUDUSD,AU,1,0.02293252030510745,1999,276,1,0.5352057513747476,0,0
1999-08-31,CADUSD,CA,1,0.01820684143378154,1999,276,1,0.5201675797642639,0,0
1999-08-31,CHFUSD,CH,1,0.007163734536444533,1999,276,0,0.4635222538539786,0,0
1999-08-31,EURUSD,EZ,1,0.005842459136882597,1999,276,0,0.47648598922778695,0,0
1999-08-31,GBPUSD,GB,1,0.022801590131368454,1999,276,0,0.4962933839528192,0,0
1999-08-31,NOKUSD,NO,1,0.011625423970917037,1999,276,0,0.4816913385189909,1,0
1999-08-31,NZDUSD,NZ,1,0.0003869220400369855,1999,276,1,0.5081007720548971,0,0
1999-08-31,SEKUSD,SE,1,0.0034084025693013054,1999,276,1,0.5484209934257108,0,0
1999-08-31,ZARUSD,ZA,1,0.015292713819963666,1999,276,0,0.4148876573251795,1,0
1999-09-30,AUDUSD,AU,0,-0.023559676173892152,1999,276,1,0.5267854898185197,0,0
1999-09-30,CADUSD,CA,0,-0.0016998134298494838,1999,276,1,0.5124336261809181,0,0
1999-09-30,CHFUSD,CH,0,-0.014604588015884656,1999,276,0,0.4461901573567765,0,0
1999-09-30,EURUSD,EZ,0,-0.011814323891754755,1999,276,0,0.4604623782641433,0,0
1999-09-30,GBPUSD,GB,0,-0.0019463542425714464,1999,276,1,0.5115666450844458,0,0
1999-09-30,NOKUSD,NO,0,-0.014176445762522416,1999,276,0,0.4652264529989776,1,0
1999-09-30,NZDUSD,NZ,0,-0.019926426061445124,1999,276,1,0.507872002312231,0,0
1999-09-30,SEKUSD,SE,0,-0.0026182010268005484,1999,276,1,0.537169064570833,0,0
1999-09-30,ZARUSD,ZA,0,-0.023462693904726883,1999,276,0,0.38736901936612456,1,0
1999-10-31,AUDUSD,AU,0,-0.0007844983535627015,1999,276,0,0.4849924702313311,0,0
1999-10-31,CADUSD,CA,0,0.0,1999,276,0,0.4941045982709062,0,0
1999-10-31,CHFUSD,CH,0,-0.041758379434977955,1999,276,0,0.43736092769752577,0,0
1999-10-31,EURUSD,EZ,0,-0.04283247586888709,1999,276,0,0.4311323779555264,0,0
1999-10-31,GBPUSD,GB,0,-0.030286616501374597,1999,276,1,0.5025884727493041,0,0
1999-10-31,NOKUSD,NO,0,-0.026275947548056955,1999,276,0,0.45355519250340326,1,0
1999-10-31,NZDUSD,NZ,1,0.006882339622941713,1999,276,0,0.4533431198699569,0,0
1999-10-31,SEKUSD,SE,0,-0.034720107820845225,1999,276,0,0.49338244512711366,0,0
1999-10-31,ZARUSD,ZA,0,-0.005355851478391793,1999,276,0,0.3498646463825368,1,0
1999-11-30,AUDUSD,AU,1,0.02923415982164662,1999,276,1,0.5142139018135106,0,0
1999-11-30,CADUSD,CA,1,0.019204979836050073,1999,276,1,0.516543406616322,0,0
1999-11-30,CHFUSD,CH,0,-0.002325363207274611,1999,276,0,0.45256984076224116,0,0
1999-11-30,EURUSD,EZ,0,-0.000694892567794602,1999,276,0,0.4558943681165873,0,0
1999-11-30,GBPUSD,GB,1,0.013402101799365851,1999,276,1,0.525341273421932,0,0
1999-11-30,NOKUSD,NO,1,0.006098718262106395,1999,276,0,0.4711097895428278,1,0
1999-11-30,NZDUSD,NZ,1,0.02534720202611973,1999,276,0,0.4965652872026288,0,0
1999-11-30,SEKUSD,SE,1,0.0009401810540947686,1999,276,1,0.53349518263882,0,0
1999-11-30,ZARUSD,ZA,1,0.0029178169509613827,1999,276,0,0.3832071845030426,1,0
1999-12-31,AUDUSD,AU,0,-0.02750907509994599,1999,276,1,0.5242462546806502,0,0
1999-12-31,CADUSD,CA,0,-0.005318243014611146,1999,276,1,0.5136852056513677,0,0
1999-12-31,CHFUSD,CH,0,-0.034853180758587454,1999,276,0,0.42074256825077777,0,0
1999-12-31,EURUSD,EZ,0,-0.03157573060465783,1999,276,0,0.4286641898590436,0,0
1999-12-31,GBPUSD,GB,1,0.0019794637169824325,1999,276,1,0.517890561516278,0,0
1999-12-31,NOKUSD,NO,0,-0.03568522839263055,1999,276,0,0.4520150376437302,1,0
1999-12-31,NZDUSD,NZ,0,-0.05518235050185338,1999,276,1,0.5042929552483072,0,0
1999-12-31,SEKUSD,SE,0,-0.03580059000200819,1999,276,1,0.5138987518587168,0,0
1999-12-31,ZARUSD,ZA,0,-0.024455017056049577,1999,276,0,0.40241124669543843,1,0
2000-01-31,AUDUSD,AU,0,-0.03621676821963482,2000,288,1,0.5196121198663805,0,0
2000-01-31,CADUSD,CA,1,0.0008269589059238802,2000,288,0,0.4999320950650159,0,0
2000-01-31,CHFUSD,CH,0,-0.01025340707915845,2000,288,0,0.4075339686074311,0,0
2000-01-31,EURUSD,EZ,0,-0.011752712597565582,2000,288,0,0.4139925315871383,0,0
2000-01-31,GBPUSD,GB,0,-0.025156197967919736,2000,288,1,0.5060819163532133,0,0
2000-01-31,NOKUSD,NO,0,-0.009591249643870814,2000,288,0,0.44851544521150327,1,0
2000-01-31,NZDUSD,NZ,0,-0.017926737968132378,2000,288,0,0.4983219468968959,0,0
2000-01-31,SEKUSD,SE,1,0.007401115480310416,2000,288,0,0.47103794753356215,0,0
2000-01-31,ZARUSD,ZA,0,-0.004346973847656477,2000,288,0,0.42284065787862757,1,0
2000-02-29,AUDUSD,AU,0,-0.015224981000805549,2000,288,1,0.5228660609532335,0,0
2000-02-29,CADUSD,CA,0,-0.002272493489076266,2000,288,1,0.5138440311228117,0,0
2000-02-29,CHFUSD,CH,1,0.002102418554866703,2000,288,0,0.4393917232770833,0,0
2000-02-29,EURUSD,EZ,0,-0.0071811725579300975,2000,288,0,0.43764068715909965,0,0
2000-02-29,GBPUSD,GB,1,0.008958485248658277,2000,288,1,0.5393986787461409,1,0
2000-02-29,NOKUSD,NO,0,-0.0064224768811622646,2000,288,0,0.4739116445678587,1,0
2000-02-29,NZDUSD,NZ,1,0.019339025098867757,2000,288,0,0.4983046933653254,0,0
2000-02-29,SEKUSD,SE,1,0.013229988770881107,2000,288,1,0.5149545313212395,0,0
2000-02-29,ZARUSD,ZA,0,-0.030293578627050843,2000,288,0,0.42418737864414763,1,0
2000-03-31,AUDUSD,AU,0,-0.03782281241395746,2000,288,0,0.4899100560138381,0,0
2000-03-31,CADUSD,CA,0,-0.019076746932021493,2000,288,1,0.5101241136500471,0,0
2000-03-31,CHFUSD,CH,0,-0.036603850272532434,2000,288,0,0.44584625697422664,0,0
2000-03-31,EURUSD,EZ,0,-0.05198619983368394,2000,288,0,0.441755448463535,0,0
2000-03-31,GBPUSD,GB,0,-0.022998281916140895,2000,288,1,0.5297959888987782,0,0
2000-03-31,NOKUSD,NO,0,-0.060268897617509865,2000,288,0,0.46382764223334283,1,0
2000-03-31,NZDUSD,NZ,0,-0.021396638993547823,2000,288,0,0.48318983876077737,0,0
2000-03-31,SEKUSD,SE,0,-0.037727460371268506,2000,288,1,0.5303853633927363,0,0
2000-03-31,ZARUSD,ZA,0,-0.037247134887757216,2000,288,0,0.4177282815162621,1,0
2000-04-30,AUDUSD,AU,0,-0.022348266607064016,2000,288,0,0.48200071426073465,0,0
2000-04-30,CADUSD,CA,0,-0.010673033015793476,2000,288,1,0.5105790693925425,0,0
2000-04-30,CHFUSD,CH,1,0.021504944982312257,2000,288,0,0.4757625852885576,0,0
2000-04-30,EURUSD,EZ,1,0.025955738471503148,2000,288,0,0.4610909818664319,0,0
2000-04-30,GBPUSD,GB,0,-0.03878892977845716,2000,288,1,0.5280110554821219,0,0
2000-04-30,NOKUSD,NO,1,0.003690247408363323,2000,288,0,0.48338999022490314,1,0
2000-04-30,NZDUSD,NZ,0,-0.06005835581072405,2000,288,1,0.5034732347425529,0,0
2000-04-30,SEKUSD,SE,0,-0.0022279167063259386,2000,288,1,0.5413612930627585,0,0
2000-04-30,ZARUSD,ZA,0,-0.026836998410023627,2000,288,0,0.40910596555308726,1,0
2000-05-31,AUDUSD,AU,1,0.04504571795026535,2000,288,0,0.45872792558184683,0,0
2000-05-31,CADUSD,CA,1,0.01202365450689935,2000,288,0,0.4926080671397616,0,0
2000-05-31,CHFUSD,CH,1,0.03409968938612323,2000,288,0,0.4466311182665009,0,0
2000-05-31,EURUSD,EZ,1,0.022996827569574427,2000,288,0,0.4384246235259629,0,0
2000-05-31,GBPUSD,GB,1,0.010764938828476067,2000,288,0,0.4975874227653787,0,0
2000-05-31,NOKUSD,NO,1,0.03941790938209433,2000,288,0,0.4495316476339957,0,0
2000-05-31,NZDUSD,NZ,1,0.025481836525623747,2000,288,0,0.49489690494749233,0,0
2000-05-31,SEKUSD,SE,1,0.01864384639960681,2000,288,1,0.5059083941173852,0,0
2000-05-31,ZARUSD,ZA,1,0.02580553880336156,2000,288,0,0.39319556610655815,1,0
2000-06-30,AUDUSD,AU,0,-0.03130039497315351,2000,288,0,0.46505211938729835,0,0
2000-06-30,CADUSD,CA,0,-0.005525992901586618,2000,288,0,0.49674714953485033,0,0
2000-06-30,CHFUSD,CH,0,-0.02254231065233253,2000,288,0,0.48875459283342626,0,0
2000-06-30,EURUSD,EZ,0,-0.029665670183254347,2000,288,0,0.47640020341546335,0,0
2000-06-30,GBPUSD,GB,0,-0.009763302739257407,2000,288,0,0.49536444272980545,0,0
2000-06-30,NOKUSD,NO,0,-0.03244767317994457,2000,288,0,0.48173320628571153,0,0
2000-06-30,NZDUSD,NZ,0,-0.032505570404931294,2000,288,0,0.4753877211613787,0,0
2000-06-30,SEKUSD,SE,0,-0.03902012271902855,2000,288,1,0.5153480487864477,0,0
2000-06-30,ZARUSD,ZA,0,-0.02544666566116427,2000,288,0,0.4023325140739548,1,0
2000-07-31,AUDUSD,AU,0,-0.003982344454426023,2000,288,1,0.50583720979571,0,0
2000-07-31,CADUSD,CA,1,0.010810916104215695,2000,288,1,0.5219414430366651,0,0
2000-07-31,CHFUSD,CH,0,-0.04315613688532183,2000,288,0,0.49616764359020615,0,0
2000-07-31,EURUSD,EZ,0,-0.042775480582613074,2000,288,0,0.4978186781132813,0,0
2000-07-31,GBPUSD,GB,0,-0.03173362758441389,2000,288,0,0.4986038527176081,0,0
2000-07-31,NOKUSD,NO,0,-0.02457153455543004,2000,288,1,0.5256335935230996,1,0
2000-07-31,NZDUSD,NZ,0,-0.061781678613749724,2000,288,0,0.49221969078999567,0,0
2000-07-31,SEKUSD,SE,0,-0.02933013595781464,2000,288,1,0.5328214782274697,0,0
2000-07-31,ZARUSD,ZA,0,-0.0015780793749096134,2000,288,0,0.43982147978073,1,0
2000-08-31,AUDUSD,AU,0,-0.06245879768432183,2000,288,1,0.5007429603676247,0,0
2000-08-31,CADUSD,CA,0,-0.023498899337673906,2000,288,1,0.5117576813891251,0,0
2000-08-31,CHFUSD,CH,1,0.009224625804632014,2000,288,0,0.4819601760855314,0,0
2000-08-31,EURUSD,EZ,0,-0.004628853875976113,2000,288,0,0.4697975037348995,0,0
2000-08-31,GBPUSD,GB,1,0.018565818914757115,2000,288,1,0.502215341166545,0,0
2000-08-31,NOKUSD,NO,1,0.0013218044552698593,2000,288,1,0.5035971946089036,1,0
2000-08-31,NZDUSD,NZ,0,-0.046274586746680946,2000,288,0,0.4795471476097405,0,0
2000-08-31,SEKUSD,SE,0,-0.019190018967352618,2000,288,1,0.5011934998376586,0,0
2000-08-31,ZARUSD,ZA,0,-0.03424075255034542,2000,288,0,0.4225263242684297,1,0
2000-09-30,AUDUSD,AU,0,-0.04417479262030266,2000,288,0,0.47251745756046704,0,0
2000-09-30,CADUSD,CA,0,-0.013380550949904757,2000,288,0,0.49695149483519047,0,0
2000-09-30,CHFUSD,CH,0,-0.04046745730925205,2000,288,0,0.4233532074608204,0,0
2000-09-30,EURUSD,EZ,0,-0.04052970575573428,2000,288,0,0.42685147715301314,0,0
2000-09-30,GBPUSD,GB,0,-0.019254998817983038,2000,288,0,0.46716820758907984,0,0
2000-09-30,NOKUSD,NO,0,-0.022505922265953604,2000,288,0,0.4714425053942872,1,0
2000-09-30,NZDUSD,NZ,0,-0.02812179841646678,2000,288,0,0.42093892815252715,0,0
2000-09-30,SEKUSD,SE,0,-0.03760952806421791,2000,288,0,0.47036741817834865,0,0
2000-09-30,ZARUSD,ZA,0,-0.046154751034417574,2000,288,0,0.40339226730797073,1,0
2000-10-31,AUDUSD,AU,1,0.01551309478544971,2000,288,0,0.4394349899173197,0,0
2000-10-31,CADUSD,CA,0,-0.0053545903044768806,2000,288,0,0.4816480110295605,0,0
2000-10-31,CHFUSD,CH,1,0.03469210195517047,2000,288,0,0.43604578203013367,0,0
2000-10-31,EURUSD,EZ,1,0.02421538578646712,2000,288,0,0.43636083939561604,0,0
2000-10-31,GBPUSD,GB,0,-0.020547475464357978,2000,288,0,0.4780623648754457,0,0
2000-10-31,NOKUSD,NO,0,-0.0005387060411488065,2000,288,0,0.4838392036333915,1,0
2000-10-31,NZDUSD,NZ,1,0.03228489981302085,2000,288,0,0.4050070042193778,0,0
2000-10-31,SEKUSD,SE,0,-0.004292066278539508,2000,288,0,0.4764713597598037,0,0
2000-10-31,ZARUSD,ZA,0,-0.024821653173813907,2000,288,0,0.38988393582707065,1,0
2000-11-30,AUDUSD,AU,1,0.055086925644390106,2000,288,0,0.4155656476566618,0,0
2000-11-30,CADUSD,CA,1,0.023724341691813255,2000,288,0,0.47908773073206656,0,0
2000-11-30,CHFUSD,CH,1,0.0693219947877377,2000,288,0,0.45106255014398106,0,0
2000-11-30,EURUSD,EZ,1,0.07679914542217679,2000,288,0,0.44824804081951897,0,0
2000-11-30,GBPUSD,GB,1,0.051099749972902064,2000,288,0,0.4879784807659681,0,0
2000-11-30,NOKUSD,NO,1,0.05342713702051638,2000,288,0,0.48534002173205254,1,0
2000-11-30,NZDUSD,NZ,1,0.07778435079680968,2000,288,0,0.4148367898838487,0,0
2000-11-30,SEKUSD,SE,1,0.06119749504031624,2000,288,0,0.48274264038999953,0,0
2000-11-30,ZARUSD,ZA,1,0.023499775915897914,2000,288,0,0.37375829389798054,1,0
2000-12-31,AUDUSD,AU,0,-0.014493007302566752,2000,288,0,0.44589494788420864,0,0
2000-12-31,CADUSD,CA,0,0.0,2000,288,0,0.48449400789310326,0,0
2000-12-31,CHFUSD,CH,0,-0.013669872962374763,2000,288,0,0.46982934511750507,0,0
2000-12-31,EURUSD,EZ,0,-0.00855803254873179,2000,288,0,0.47162563395621754,0,0
2000-12-31,GBPUSD,GB,0,-0.023134148589396053,2000,288,0,0.4745563522178405,0,0
2000-12-31,NOKUSD,NO,0,-0.0038897096608834225,2000,288,0,0.48972470786668426,1,0
2000-12-31,NZDUSD,NZ,1,0.00045207957370307916,2000,288,0,0.4616966612505261,1,0
2000-12-31,SEKUSD,SE,0,-0.008298802814695083,2000,288,1,0.5059354725717161,0,0
2000-12-31,ZARUSD,ZA,0,-0.02607709693019844,2000,288,0,0.38366221003982803,1,0
2001-01-31,AUDUSD,AU,0,-0.04325804931813626,2001,300,0,0.4860047026530832,1,0
2001-01-31,CADUSD,CA,0,-0.021442352111472718,2001,300,0,0.4936905255741962,0,0
2001-01-31,CHFUSD,CH,0,-0.018757523511838126,2001,300,1,0.5395390848454849,0,0
2001-01-31,EURUSD,EZ,0,-0.010367263481606478,2001,300,1,0.52928093850389,0,0
2001-01-31,GBPUSD,GB,0,-0.012394292107088978,2001,300,1,0.509213493087641,0,0
2001-01-31,NOKUSD,NO,0,-0.009821115329620156,2001,300,1,0.5412131246612346,1,0
2001-01-31,NZDUSD,NZ,0,-0.027957824603430215,2001,300,1,0.5240985346314831,1,0
2001-01-31,SEKUSD,SE,0,-0.03023340569046251,2001,300,1,0.5698072047761629,0,0
2001-01-31,ZARUSD,ZA,1,0.008790128986838841,2001,300,0,0.409714529249311,1,0
2001-02-28,AUDUSD,AU,0,-0.07249693473677765,2001,300,0,0.46364847440274726,1,0
2001-02-28,CADUSD,CA,0,-0.029837604407869145,2001,300,0,0.47571436198629125,1,0
2001-02-28,CHFUSD,CH,0,-0.036606621349691615,2001,300,1,0.5165574304207271,0,0
2001-02-28,EURUSD,EZ,0,-0.04643731119982046,2001,300,1,0.5023607529473173,0,0
2001-02-28,GBPUSD,GB,0,-0.016979760213475026,2001,300,0,0.4899002289534598,1,0
2001-02-28,NOKUSD,NO,0,-0.024904441529046917,2001,300,1,0.527406321563958,1,0
2001-02-28,NZDUSD,NZ,0,-0.06480193796523148,2001,300,1,0.5068378941665981,1,0
2001-02-28,SEKUSD,SE,0,-0.05596905000931862,2001,300,1,0.5526922911360868,0,0
2001-02-28,ZARUSD,ZA,0,-0.042638054171020734,2001,300,0,0.3922634070728427,1,0
2001-03-31,AUDUSD,AU,1,0.04310580136485198,2001,300,0,0.43005012543302384,1,0
2001-03-31,CADUSD,CA,1,0.02723004100078813,2001,300,0,0.46103827544957865,0,0
2001-03-31,CHFUSD,CH,1,0.0008644288104909803,2001,300,0,0.4937157662446022,0,0
2001-03-31,EURUSD,EZ,1,0.009055982198099388,2001,300,0,0.4983092003002069,0,0
2001-03-31,GBPUSD,GB,1,0.00814153851424082,2001,300,0,0.4867394779383008,1,0
2001-03-31,NOKUSD,NO,1,0.005096320316006153,2001,300,1,0.525728968461765,1,0
2001-03-31,NZDUSD,NZ,1,0.023282512288030466,2001,300,0,0.47142809639962185,1,0
2001-03-31,SEKUSD,SE,1,0.011628037995119467,2001,300,1,0.5304004502465672,0,0
2001-03-31,ZARUSD,ZA,1,0.0003110903742618021,2001,300,0,0.4241929392532473,1,0
2001-04-30,AUDUSD,AU,0,-0.005509655810969738,2001,300,0,0.3875881909158371,1,0
2001-04-30,CADUSD,CA,0,-0.006553996400931461,2001,300,0,0.44087748222351414,1,0
2001-04-30,CHFUSD,CH,0,-0.03539942037375454,2001,300,0,0.47812435725126684,0,0
2001-04-30,EURUSD,EZ,0,-0.04836767060617406,2001,300,0,0.47699673974557594,1,0
2001-04-30,GBPUSD,GB,0,-0.009199180072376356,2001,300,0,0.4732789286891236,1,0
2001-04-30,NOKUSD,NO,0,-0.030088849931582562,2001,300,1,0.5266265483029239,1,0
2001-04-30,NZDUSD,NZ,0,-0.010961015841822852,2001,300,0,0.4190266988553344,1,0
2001-04-30,SEKUSD,SE,0,-0.050366939527419774,2001,300,1,0.5046003959551862,0,0
2001-04-30,ZARUSD,ZA,1,0.0018685773110531656,2001,300,0,0.41794751622264303,1,0
2001-05-31,AUDUSD,AU,1,0.006294277271387427,2001,300,0,0.4366798359378184,1,0
2001-05-31,CADUSD,CA,1,0.018671387174895582,2001,300,0,0.459741342268273,1,0
2001-05-31,CHFUSD,CH,1,0.0001113027993803195,2001,300,0,0.46809642883618663,0,0
2001-05-31,EURUSD,EZ,1,0.0022446698538238774,2001,300,0,0.47251118417904575,1,0
2001-05-31,GBPUSD,GB,0,-0.006937589767987529,2001,300,0,0.48086857971078956,1,0
2001-05-31,NOKUSD,NO,1,0.005345319547977123,2001,300,1,0.5321367278471898,1,0
2001-05-31,NZDUSD,NZ,0,-0.008856146443710133,2001,300,0,0.45165022726293447,1,0
2001-05-31,SEKUSD,SE,0,-0.008398369698831676,2001,300,1,0.5197637805525458,0,0
2001-05-31,ZARUSD,ZA,0,-0.0037336695520493457,2001,300,0,0.4251337708866437,1,0
2001-06-30,AUDUSD,AU,0,-0.003929278139889525,2001,300,0,0.45110424313994396,1,0
2001-06-30,CADUSD,CA,0,-0.008856872724030296,2001,300,0,0.47152935062829665,1,0
2001-06-30,CHFUSD,CH,1,0.03875332462249936,2001,300,0,0.4497653257567344,0,0
2001-06-30,EURUSD,EZ,1,0.03227959347525783,2001,300,0,0.4471004591663495,1,0
2001-06-30,GBPUSD,GB,1,0.012354987897761405,2001,300,1,0.50114486717392,1,0
2001-06-30,NOKUSD,NO,1,0.021014638148854292,2001,300,1,0.5069379515409888,1,0
2001-06-30,NZDUSD,NZ,1,0.01763454956021504,2001,300,0,0.4637092143494813,1,0
2001-06-30,SEKUSD,SE,1,0.023808434158394398,2001,300,1,0.508431558262163,0,0
2001-06-30,ZARUSD,ZA,0,-0.025268117308734794,2001,300,0,0.4343676040719968,1,0
2001-07-31,AUDUSD,AU,1,0.03804649283314021,2001,300,0,0.45945560583233885,1,0
2001-07-31,CADUSD,CA,0,-0.010913451178674982,2001,300,0,0.473257336823928,1,0
2001-07-31,CHFUSD,CH,1,0.03455012160177917,2001,300,0,0.45811103101183576,0,0
2001-07-31,EURUSD,EZ,1,0.03789266250976214,2001,300,0,0.4465320724075835,1,0
2001-07-31,GBPUSD,GB,1,0.017940819152506893,2001,300,0,0.48411389730757104,1,0
2001-07-31,MXNUSD,MX,0,-0.0061552064038421506,2001,300,1,0.6113086757432755,1,0
2001-07-31,NOKUSD,NO,1,0.03000225030379866,2001,300,1,0.5057222410581501,1,0
2001-07-31,NZDUSD,NZ,1,0.06029610435563415,2001,300,0,0.4585687371146283,1,0
2001-07-31,SEKUSD,SE,1,0.018427573116646556,2001,300,1,0.5152011495776376,0,0
2001-07-31,ZARUSD,ZA,0,-0.020856563274556983,2001,300,0,0.41517180071034737,1,0
2001-08-31,AUDUSD,AU,0,-0.06477858532430636,2001,300,0,0.46628277625752595,1,0
2001-08-31,CADUSD,CA,0,-0.02040038773869285,2001,300,0,0.46911103826086986,1,0
2001-08-31,CHFUSD,CH,1,0.031018724758189564,2001,300,1,0.5093555672501234,0,0
2001-08-31,EURUSD,EZ,1,0.0009896091851662875,2001,300,1,0.5065041838107255,1,0
2001-08-31,GBPUSD,GB,1,0.012396994492193503,2001,300,1,0.5075391438828365,1,0
2001-08-31,MXNUSD,MX,0,-0.03337647946619082,2001,300,1,0.575868633373244,1,0
2001-08-31,NOKUSD,NO,0,-0.0016906174779074412,2001,300,1,0.5510795687985698,1,0
2001-08-31,NZDUSD,NZ,0,-0.0730008928844903,2001,300,1,0.5106757671161618,1,0
2001-08-31,SEKUSD,SE,0,-0.02425526496805608,2001,300,1,0.56309213212457,0,0
2001-08-31,ZARUSD,ZA,0,-0.06819065181138351,2001,300,0,0.4008260077217191,1,0
2001-09-30,AUDUSD,AU,1,0.016840815012423516,2001,300,1,0.5045858868904816,1,0
2001-09-30,CADUSD,CA,0,-0.006813476614147218,2001,300,0,0.4568966927760562,1,0
2001-09-30,CHFUSD,CH,0,-0.009774167255451771,2001,300,1,0.5361868487819368,0,0
2001-09-30,EURUSD,EZ,0,-0.01171802044217539,2001,300,1,0.5321678275786931,1,0
2001-09-30,GBPUSD,GB,0,-0.01074432919384588,2001,300,1,0.5212168087744974,1,0
2001-09-30,MXNUSD,MX,1,0.026611469225510387,2001,300,1,0.7131480517104066,1,0
2001-09-30,NOKUSD,NO,0,-0.00269905696916517,2001,300,1,0.5654560935609995,1,0
2001-09-30,NZDUSD,NZ,1,0.014160392861556792,2001,300,1,0.5694820249297132,1,0
2001-09-30,SEKUSD,SE,1,0.0015076250274623781,2001,300,1,0.5780578350195846,0,0
2001-09-30,ZARUSD,ZA,0,-0.044173749031180876,2001,300,0,0.44598895092563906,1,0
2001-10-31,AUDUSD,AU,1,0.033815398196518576,2001,300,0,0.47665261699950356,1,0
2001-10-31,CADUSD,CA,1,0.011890596106914897,2001,300,0,0.4324519407457699,1,0
2001-10-31,CHFUSD,CH,0,-0.0035417721439941485,2001,300,1,0.5322617267630003,0,0
2001-10-31,EURUSD,EZ,0,-0.003899509147270025,2001,300,1,0.5215646577237564,1,0
2001-10-31,GBPUSD,GB,0,-0.01938300982980884,2001,300,1,0.5148067415452747,1,0
2001-10-31,MXNUSD,MX,1,0.0012413310820300616,2001,300,1,0.6686882301830334,1,0
2001-10-31,NOKUSD,NO,0,-0.0024677522338341085,2001,300,1,0.5597463760769399,1,0
2001-10-31,NZDUSD,NZ,1,0.009169948426194119,2001,300,1,0.5138486019407178,1,0
2001-10-31,SEKUSD,SE,0,-0.0002810962773254211,2001,300,1,0.5468667504979526,0,0
2001-10-31,ZARUSD,ZA,0,-0.08856507704970396,2001,300,0,0.40878175031441044,1,0
2001-11-30,AUDUSD,AU,0,-0.01666705248521161,2001,300,0,0.4594375056547238,1,0
2001-11-30,CADUSD,CA,0,-0.013147272364034512,2001,300,0,0.4103221653873842,1,0
2001-11-30,CHFUSD,CH,0,-0.011696039763191168,2001,300,0,0.48579326508770915,1,0
2001-11-30,EURUSD,EZ,0,-0.006383357808313922,2001,300,0,0.48564022509526217,1,0
2001-11-30,GBPUSD,GB,1,0.020002055830937726,2001,300,1,0.5082468796695002,1,0
2001-11-30,MXNUSD,MX,1,0.011132646405413116,2001,300,1,0.6617987493707063,1,0
2001-11-30,NOKUSD,NO,0,-0.005184832604655298,2001,300,1,0.5471904689247044,1,0
2001-11-30,NZDUSD,NZ,0,-0.0004805382120340873,2001,300,0,0.47818307910684354,1,0
2001-11-30,SEKUSD,SE,1,0.020529704368854595,2001,300,1,0.5365129636822171,0,0
2001-11-30,ZARUSD,ZA,0,-0.15218039988196796,2001,300,0,0.3863248281312728,1,0
2001-12-31,AUDUSD,AU,0,-0.00883311268803011,2001,300,0,0.48552609218187637,1,0
2001-12-31,CADUSD,CA,1,0.0006281407241708892,2001,300,0,0.4230389945697514,1,0
2001-12-31,CHFUSD,CH,0,-0.03504561321850164,2001,300,0,0.47045829114213333,0,0
2001-12-31,EURUSD,EZ,0,-0.03509934462399103,2001,300,0,0.46579443508114937,1,0
2001-12-31,GBPUSD,GB,0,-0.02951754613047708,2001,300,0,0.45924774578092686,1,0
2001-12-31,MXNUSD,MX,1,0.00043696745287835626,2001,300,1,0.6333597184644327,1,0
2001-12-31,NOKUSD,NO,0,-0.014999949389759681,2001,300,1,0.5093692421623566,1,0
2001-12-31,NZDUSD,NZ,1,0.0014409224395121045,2001,300,0,0.4835583237259161,1,0
2001-12-31,SEKUSD,SE,0,-0.0203423156303697,2001,300,1,0.5231185544068206,1,0
2001-12-31,ZARUSD,ZA,1,0.04954044556013626,2001,300,0,0.3842144300672741,1,0
2002-01-31,AUDUSD,AU,1,0.018557032170122945,2002,312,0,0.4671583102983005,1,0
2002-01-31,CADUSD,CA,0,-0.008384481604962912,2002,312,0,0.41212146924621257,1,0
2002-01-31,CHFUSD,CH,1,0.009644967359181855,2002,312,0,0.4659836729275234,0,0
2002-01-31,EURUSD,EZ,1,0.007419463666985426,2002,312,0,0.4661291905966969,1,0
2002-01-31,GBPUSD,GB,1,0.0006371907185748205,2002,312,0,0.496134693399454,1,0
2002-01-31,MXNUSD,MX,1,0.0024067400305649578,2002,312,1,0.6167906996091622,1,0
2002-01-31,NOKUSD,NO,1,0.0211375099505835,2002,312,0,0.4940120539279188,1,0
2002-01-31,NZDUSD,NZ,1,0.010978630556563118,2002,312,0,0.47235341746919285,1,0
2002-01-31,SEKUSD,SE,1,0.019109464290822498,2002,312,1,0.5410755704857965,0,0
2002-01-31,ZARUSD,ZA,1,0.005267790934858851,2002,312,0,0.3587062480917936,1,0
2002-02-28,AUDUSD,AU,1,0.03162168231341744,2002,312,0,0.47729514339106804,1,0
2002-02-28,CADUSD,CA,1,0.00568627145292977,2002,312,0,0.44072573359743333,1,0
2002-02-28,CHFUSD,CH,1,0.012114197490774026,2002,312,0,0.4429815330809118,0,0
2002-02-28,EURUSD,EZ,1,0.006791393009650176,2002,312,0,0.4580900194820467,1,0
2002-02-28,GBPUSD,GB,1,0.008527483930988788,2002,312,0,0.49883694315308086,1,0
2002-02-28,MXNUSD,MX,1,0.014285563258254808,2002,312,1,0.6636708572955725,1,0
2002-02-28,NOKUSD,NO,1,0.00725925362199753,2002,312,0,0.4992741640788476,1,0
2002-02-28,NZDUSD,NZ,1,0.04456527639126329,2002,312,0,0.4902921413463966,1,0
2002-02-28,SEKUSD,SE,1,0.0102722546803653,2002,312,1,0.5432802209316521,0,0
2002-02-28,ZARUSD,ZA,0,-0.0017590154051796425,2002,312,0,0.36960589514476283,1,0
2002-03-31,AUDUSD,AU,1,0.007286347042526065,2002,312,1,0.5194520996604536,1,0
2002-03-31,CADUSD,CA,1,0.01751048248719478,2002,312,0,0.45961379992357093,1,0
2002-03-31,CHFUSD,CH,1,0.03657024539510306,2002,312,0,0.4782522233962526,0,0
2002-03-31,EURUSD,EZ,1,0.03217163284130192,2002,312,0,0.48216007136974637,1,0
2002-03-31,GBPUSD,GB,1,0.02186448369673827,2002,312,0,0.4857546341672926,1,0
2002-03-31,MXNUSD,MX,0,-0.04076644050785205,2002,312,1,0.6510399067790952,1,0
2002-03-31,NOKUSD,NO,1,0.05192961776833327,2002,312,1,0.5261860040939681,1,0
2002-03-31,NZDUSD,NZ,1,0.015095476464655255,2002,312,1,0.5336316201592602,1,0
2002-03-31,SEKUSD,SE,1,0.008041510175061273,2002,312,1,0.5825497133062928,0,0
2002-03-31,ZARUSD,ZA,1,0.06723694478468634,2002,312,0,0.39894698376750426,1,0
2002-04-30,AUDUSD,AU,1,0.05222361355410032,2002,312,1,0.5363107758064144,1,0
2002-04-30,CADUSD,CA,1,0.026232283341235396,2002,312,0,0.4680351712019588,1,0
2002-04-30,CHFUSD,CH,1,0.03278365609311523,2002,312,0,0.4805163145044084,0,0
2002-04-30,EURUSD,EZ,1,0.036752405256839815,2002,312,0,0.48566171949230186,1,0
2002-04-30,GBPUSD,GB,1,0.00411100270652226,2002,312,1,0.5165537663877977,1,0
2002-04-30,JPYUSD,JP,1,0.03421032002803681,2002,312,0,0.4393244947591508,0,0
2002-04-30,MXNUSD,MX,0,-0.029170377299780004,2002,312,1,0.6129657420473144,1,0
2002-04-30,NOKUSD,NO,1,0.049072773998697805,2002,312,1,0.5359114944817466,1,0
2002-04-30,NZDUSD,NZ,1,0.06869467557002573,2002,312,1,0.5707051318136561,1,0
2002-04-30,SEKUSD,SE,1,0.05349723674707718,2002,312,1,0.6002101102843056,1,0
2002-04-30,ZARUSD,ZA,1,0.08428099986677262,2002,312,0,0.41081042009881236,1,0
2002-05-31,AUDUSD,AU,0,-0.005669752962948915,2002,312,1,0.551297118823779,1,0
2002-05-31,CADUSD,CA,1,0.005580188449977652,2002,312,0,0.4940667109590303,1,0
2002-05-31,CHFUSD,CH,1,0.05051215828096889,2002,312,1,0.5046434806885212,0,0
2002-05-31,EURUSD,EZ,1,0.053881226663583234,2002,312,1,0.5276633011651173,1,0
2002-05-31,GBPUSD,GB,1,0.04151918732229798,2002,312,1,0.5294375353882464,1,0
2002-05-31,JPYUSD,JP,1,0.03508844264746269,2002,312,0,0.44388035874835696,0,0
2002-05-31,MXNUSD,MX,0,-0.033366141167118446,2002,312,1,0.6185147172333701,1,0
2002-05-31,NOKUSD,NO,1,0.061656081423096865,2002,312,1,0.5820473401324027,1,0
2002-05-31,NZDUSD,NZ,1,0.014508026489578607,2002,312,1,0.5819270400038458,1,0
2002-05-31,SEKUSD,SE,1,0.05673895897423309,2002,312,1,0.6233380191172894,1,0
2002-05-31,ZARUSD,ZA,0,-0.06050432106441006,2002,312,0,0.4641781806273211,1,0
2002-06-30,AUDUSD,AU,0,-0.0330563828672189,2002,312,1,0.5878473697529795,1,0
2002-06-30,CADUSD,CA,0,-0.04221667653520261,2002,312,1,0.5074653259121451,1,0
2002-06-30,CHFUSD,CH,1,0.005848166434139435,2002,312,1,0.5217964110082107,0,0
2002-06-30,EURUSD,EZ,0,-0.0061062677012426615,2002,312,1,0.538111888787364,1,0
2002-06-30,GBPUSD,GB,1,0.02462061518224712,2002,312,1,0.5380652796998041,1,0
2002-06-30,JPYUSD,JP,1,0.0006677239209782471,2002,312,0,0.4759724856831934,0,0
2002-06-30,MXNUSD,MX,1,0.018200704646846422,2002,312,1,0.6529695574760578,1,0
2002-06-30,NOKUSD,NO,0,-0.012678458259770764,2002,312,1,0.6066262522407907,1,0
2002-06-30,NZDUSD,NZ,0,-0.03667252222201678,2002,312,1,0.6244146288539666,1,0
2002-06-30,SEKUSD,SE,0,-0.03290543644240396,2002,312,1,0.6451498522014004,1,0
2002-06-30,ZARUSD,ZA,1,0.019436957876502348,2002,312,1,0.5212104438127043,1,0
2002-07-31,AUDUSD,AU,1,0.009140831470660915,2002,312,1,0.5866631596015434,1,0
2002-07-31,CADUSD,CA,1,0.016545079923583728,2002,312,1,0.52135967880278,1,0
2002-07-31,CHFUSD,CH,0,-0.011662330572377089,2002,312,1,0.5290069983902413,0,0
2002-07-31,EURUSD,EZ,1,0.0010203041391202011,2002,312,1,0.5538557456274832,1,0
2002-07-31,GBPUSD,GB,0,-0.009581758784198646,2002,312,1,0.5439581203886037,1,0
2002-07-31,JPYUSD,JP,1,0.008468587063855892,2002,312,0,0.4956601744799767,0,0
2002-07-31,MXNUSD,MX,0,-0.012019314509499779,2002,312,1,0.6534338532416598,1,0
2002-07-31,NOKUSD,NO,1,0.01100521775942953,2002,312,1,0.6333315888036752,1,0
2002-07-31,NZDUSD,NZ,0,-0.0012815038063064277,2002,312,1,0.6245363277298711,1,0
2002-07-31,SEKUSD,SE,1,0.012159811472154392,2002,312,1,0.6609357587002946,1,0
2002-07-31,ZARUSD,ZA,0,-0.03576112352970373,2002,312,0,0.47181554118492247,1,0
2002-08-31,AUDUSD,AU,0,-0.01208363293227055,2002,312,1,0.5517185366285423,1,0
2002-08-31,CADUSD,CA,0,-0.017680440207017978,2002,312,1,0.5005149104444967,1,0
2002-08-31,CHFUSD,CH,1,0.01673145027767753,2002,312,1,0.5174442133123164,0,0
2002-08-31,EURUSD,EZ,1,0.007416848833295386,2002,312,1,0.5377783739814828,1,0
2002-08-31,GBPUSD,GB,1,0.014370275515995845,2002,312,1,0.5447620126606175,1,0
2002-08-31,JPYUSD,JP,0,-0.024782973170219158,2002,312,0,0.4772843693177531,0,0
2002-08-31,MXNUSD,MX,0,-0.02916179919321138,2002,312,1,0.6371080408774663,1,0
2002-08-31,NOKUSD,NO,1,0.016940712631129617,2002,312,1,0.6191218233339135,1,0
2002-08-31,NZDUSD,NZ,1,0.004052474352641888,2002,312,1,0.5745222541404327,1,0
2002-08-31,SEKUSD,SE,1,0.013494903306689565,2002,312,1,0.5914610720762742,1,0
2002-08-31,ZARUSD,ZA,1,0.0024649235081848353,2002,312,1,0.5047940064219398,1,0
2002-09-30,AUDUSD,AU,1,0.021682547529271012,2002,312,1,0.5767125736413251,1,0
2002-09-30,CADUSD,CA,1,0.016077618898977686,2002,312,1,0.5162791552228333,1,0
2002-09-30,CHFUSD,CH,0,-0.0031796529173796495,2002,312,0,0.49549733203533936,0,0
2002-09-30,EURUSD,EZ,1,0.0002024291504888042,2002,312,1,0.5348476283287754,1,0
2002-09-30,GBPUSD,GB,0,-0.004468567920877187,2002,312,1,0.5471910516211522,1,0
2002-09-30,JPYUSD,JP,0,-0.008506512933571742,2002,312,0,0.48969552823523654,0,0
2002-09-30,MXNUSD,MX,1,0.006089793891441264,2002,312,1,0.6771799154367785,1,0
2002-09-30,NOKUSD,NO,0,-0.006121575740829499,2002,312,1,0.6173559693080364,1,0
2002-09-30,NZDUSD,NZ,1,0.03307816752047599,2002,312,1,0.5983479323225072,1,0
2002-09-30,SEKUSD,SE,1,0.009262083815926747,2002,312,1,0.6045859321115946,1,0
2002-09-30,ZARUSD,ZA,1,0.05211795426210708,2002,312,1,0.5250111402671562,1,0
2002-10-31,AUDUSD,AU,1,0.009507650775110288,2002,312,1,0.5651210877627775,1,0
2002-10-31,CADUSD,CA,0,-0.003070233958381907,2002,312,1,0.5080012029171103,1,0
2002-10-31,CHFUSD,CH,0,-0.0037080777360585793,2002,312,1,0.5280328834158956,0,0
2002-10-31,EURUSD,EZ,1,0.005148146433094422,2002,312,1,0.5498351458621991,1,0
2002-10-31,GBPUSD,GB,0,-0.004938598370962222,2002,312,1,0.5555075450439142,1,0
2002-10-31,JPYUSD,JP,1,0.0004887983804042761,2002,312,0,0.49629495013067115,0,0
2002-10-31,MXNUSD,MX,0,-0.00039401103740610566,2002,312,1,0.6644786309797367,1,0
2002-10-31,NOKUSD,NO,1,0.01643094539969092,2002,312,1,0.6268659838268541,1,0
2002-10-31,NZDUSD,NZ,1,0.025214837279364466,2002,312,1,0.5929425195747529,1,0
2002-10-31,SEKUSD,SE,1,0.012319135235746792,2002,312,1,0.6116885821065524,1,0
2002-10-31,ZARUSD,ZA,1,0.07472354619593613,2002,312,1,0.5512154159658083,1,0
2002-11-30,AUDUSD,AU,1,0.004275794862788507,2002,312,1,0.5628313238553645,1,0
2002-11-30,CADUSD,CA,0,-0.009027971547198699,2002,312,1,0.5105057976248883,1,0
2002-11-30,CHFUSD,CH,1,0.07161599739693503,2002,312,1,0.5288122217739604,0,0
2002-11-30,EURUSD,EZ,1,0.05418379670796311,2002,312,1,0.5462627963655574,1,0
2002-11-30,GBPUSD,GB,1,0.03425511868834846,2002,312,1,0.5672145272675011,1,0
2002-11-30,JPYUSD,JP,1,0.03288489470419531,2002,312,0,0.49665454137147397,0,0
2002-11-30,MXNUSD,MX,0,-0.02633905115966284,2002,312,1,0.6646288081464634,1,0
2002-11-30,NOKUSD,NO,1,0.05557959057658124,2002,312,1,0.6227177175250127,1,0
2002-11-30,NZDUSD,NZ,1,0.05070074938952118,2002,312,1,0.6063839763080532,1,0
2002-11-30,SEKUSD,SE,1,0.0428854191113488,2002,312,1,0.5586715813706387,1,0
2002-11-30,ZARUSD,ZA,1,0.07784505244867024,2002,312,1,0.5798425480487028,1,0
2002-12-31,AUDUSD,AU,1,0.04092865549843727,2002,312,1,0.5724891388976323,1,0
2002-12-31,CADUSD,CA,1,0.0330725632122289,2002,312,1,0.5139437618827981,1,0
2002-12-31,CHFUSD,CH,1,0.010902855495005026,2002,312,1,0.5179286144974411,0,0
2002-12-31,EURUSD,EZ,1,0.023936310522196254,2002,312,1,0.5347281960778998,1,0
2002-12-31,GBPUSD,GB,1,0.021695224521983136,2002,312,1,0.5431226762029694,1,0
2002-12-31,JPYUSD,JP,0,-0.01013791096605754,2002,312,1,0.5138080108415471,0,0
2002-12-31,MXNUSD,MX,0,-0.04473949095722363,2002,312,1,0.6654909451085256,1,0
2002-12-31,NOKUSD,NO,0,-0.004099692871256444,2002,312,1,0.6030521462162242,1,0
2002-12-31,NZDUSD,NZ,1,0.03764842044176864,2002,312,1,0.6110826523984582,1,0
2002-12-31,SEKUSD,SE,1,0.009359361174327674,2002,312,1,0.5365395778490722,1,0
2002-12-31,ZARUSD,ZA,1,0.009950330853168321,2002,312,1,0.6553299482262007,1,0
2003-01-31,AUDUSD,AU,1,0.03603238563769107,2003,324,1,0.6488773502005974,1,0
2003-01-31,CADUSD,CA,1,0.026919347415746475,2003,324,1,0.586376868966891,1,0
2003-01-31,CHFUSD,CH,1,0.009251167300420915,2003,324,1,0.6553347788587386,0,0
2003-01-31,EURUSD,EZ,1,0.0037178219234119264,2003,324,1,0.6557331035254035,1,0
2003-01-31,GBPUSD,GB,0,-0.0441892616540272,2003,324,1,0.6526581578159686,1,0
2003-01-31,JPYUSD,JP,1,0.01461105848458466,2003,324,1,0.6308362110348951,0,0
2003-01-31,MXNUSD,MX,0,-0.011536572628416675,2003,324,1,0.6916957861018525,1,0
2003-01-31,NOKUSD,NO,0,-0.02858550372881985,2003,324,1,0.6898104626443556,1,0
2003-01-31,NZDUSD,NZ,1,0.025409715525368304,2003,324,1,0.7044851588723169,1,0
2003-01-31,SEKUSD,SE,1,0.012734560784093407,2003,324,1,0.6638880860674611,1,0
2003-01-31,ZARUSD,ZA,1,0.048757811751600766,2003,324,1,0.741193028352559,1,0
2003-02-28,AUDUSD,AU,0,-0.004950505159856178,2003,324,1,0.667364567983266,1,0
2003-02-28,CADUSD,CA,1,0.01251072953406518,2003,324,1,0.6192154500674083,1,0
2003-02-28,CHFUSD,CH,1,0.001402473010836347,2003,324,1,0.6643574737293251,0,0
2003-02-28,EURUSD,EZ,1,0.011162992435606658,2003,324,1,0.6690875677439106,1,0
2003-02-28,GBPUSD,GB,1,0.0033622006488233103,2003,324,1,0.6723378946365409,1,0
2003-02-28,JPYUSD,JP,1,0.001269626477204966,2003,324,1,0.6375206114167288,0,0
2003-02-28,MXNUSD,MX,1,0.02260475424102859,2003,324,1,0.6981438703647003,1,0
2003-02-28,NOKUSD,NO,0,-0.014954584983246422,2003,324,1,0.6854628841978755,1,0
2003-02-28,NZDUSD,NZ,0,-0.007555351644449648,2003,324,1,0.7239065982934293,1,0
2003-02-28,SEKUSD,SE,1,0.0037105793965359624,2003,324,1,0.6713072984254659,1,0
2003-02-28,ZARUSD,ZA,1,0.02444559227169396,2003,324,1,0.7609859453164262,1,0
2003-03-31,AUDUSD,AU,1,0.035268138837457885,2003,324,1,0.6766854402061325,1,0
2003-03-31,CADUSD,CA,1,0.024733443638306096,2003,324,1,0.6434735958011153,1,0
2003-03-31,CHFUSD,CH,0,-0.0005169294506425781,2003,324,1,0.665458857882979,0,0
2003-03-31,EURUSD,EZ,1,0.0253636784918551,2003,324,1,0.672498844742021,1,0
2003-03-31,GBPUSD,GB,1,0.013211893972230604,2003,324,1,0.6391703845766007,1,0
2003-03-31,JPYUSD,JP,0,-0.008433886544064961,2003,324,1,0.6475730850924726,0,0
2003-03-31,MXNUSD,MX,1,0.04495778423935848,2003,324,1,0.7040250331868495,1,0
2003-03-31,NOKUSD,NO,1,0.03938565253843129,2003,324,1,0.6782792391755262,1,0
2003-03-31,NZDUSD,NZ,1,0.011133172992333629,2003,324,1,0.723707639994882,1,0
2003-03-31,SEKUSD,SE,1,0.03647473757937769,2003,324,1,0.6706741483153773,1,0
2003-03-31,ZARUSD,ZA,1,0.08070220779636528,2003,324,1,0.7835931332947319,1,0
2003-04-30,AUDUSD,AU,1,0.039300556660050556,2003,324,1,0.66843185214821,1,0
2003-04-30,CADUSD,CA,1,0.04450249437715059,2003,324,1,0.642110984328841,1,0
2003-04-30,CHFUSD,CH,1,0.03937724072238802,2003,324,1,0.6440393560922956,0,0
2003-04-30,EURUSD,EZ,1,0.0510875487153111,2003,324,1,0.6669081570294007,1,0
2003-04-30,GBPUSD,GB,1,0.024265692204537892,2003,324,1,0.6410019840631199,1,0
2003-04-30,JPYUSD,JP,0,-0.003604815908482273,2003,324,1,0.632143402901855,0,0
2003-04-30,MXNUSD,MX,0,-0.003099576290164663,2003,324,1,0.6800144858301566,1,0
2003-04-30,NOKUSD,NO,1,0.044327655645085784,2003,324,1,0.6467802954516665,1,0
2003-04-30,NZDUSD,NZ,1,0.027997250783431626,2003,324,1,0.7082791807942682,1,0
2003-04-30,SEKUSD,SE,1,0.050790940397762885,2003,324,1,0.6748014070411119,1,0
2003-04-30,ZARUSD,ZA,0,-0.09764644751286533,2003,324,1,0.7667713155603026,1,0
2003-05-31,AUDUSD,AU,1,0.03024576539235002,2003,324,1,0.6526735858766732,1,0
2003-05-31,CADUSD,CA,1,0.011294582846650136,2003,324,1,0.6311093959389914,1,0
2003-05-31,CHFUSD,CH,0,-0.03745586856759797,2003,324,1,0.6228494454563278,0,0
2003-05-31,EURUSD,EZ,0,-0.022693083150701954,2003,324,1,0.6491386078114277,1,0
2003-05-31,GBPUSD,GB,1,0.008261999490897065,2003,324,1,0.6354415139900164,1,0
2003-05-31,JPYUSD,JP,0,-0.003091450847442445,2003,324,1,0.6049344603196629,0,0
2003-05-31,MXNUSD,MX,0,-0.01106046380031378,2003,324,1,0.6177606612112851,1,0
2003-05-31,NOKUSD,NO,0,-0.07661007497917027,2003,324,1,0.6315539264344131,1,0
2003-05-31,NZDUSD,NZ,1,0.01840912203072409,2003,324,1,0.6666981596143455,1,0
2003-05-31,SEKUSD,SE,0,-0.02957605562536436,2003,324,1,0.650631822791829,1,0
2003-05-31,ZARUSD,ZA,1,0.06757153341343258,2003,324,1,0.753947334091805,1,0
2003-06-30,AUDUSD,AU,0,-0.03625178945256191,2003,324,1,0.665332386792877,1,0
2003-06-30,CADUSD,CA,0,-0.03735234453558339,2003,324,1,0.6399217855110784,1,0
2003-06-30,CHFUSD,CH,0,-0.01592402021290601,2003,324,1,0.623520250831467,0,0
2003-06-30,EURUSD,EZ,0,-0.02384312131066331,2003,324,1,0.6421232779734678,1,0
2003-06-30,GBPUSD,GB,0,-0.02691845293092443,2003,324,1,0.6274362101239527,1,0
2003-06-30,JPYUSD,JP,0,-0.004577809817293499,2003,324,1,0.5895939988771431,0,0
2003-06-30,MXNUSD,MX,0,-0.012357571706231862,2003,324,1,0.6081899308994388,1,0
2003-06-30,NOKUSD,NO,0,-0.008751132506128467,2003,324,1,0.6018036229845288,1,0
2003-06-30,NZDUSD,NZ,0,-0.013213405458391891,2003,324,1,0.6689197068539742,1,0
2003-06-30,SEKUSD,SE,0,-0.027316184968575463,2003,324,1,0.6371202991342484,1,0
2003-06-30,ZARUSD,ZA,1,0.01744827711996333,2003,324,1,0.6971871335028019,1,0
2003-07-31,AUDUSD,AU,1,0.002468375211946039,2003,324,1,0.6686246913591709,1,0
2003-07-31,CADUSD,CA,1,0.016043890911009773,2003,324,1,0.6275276672356334,1,0
2003-07-31,CHFUSD,CH,0,-0.019394285116897447,2003,324,1,0.5870919603530028,0,0
2003-07-31,EURUSD,EZ,0,-0.022056077060470358,2003,324,1,0.6160255519569271,1,0
2003-07-31,GBPUSD,GB,0,-0.019898343498954918,2003,324,1,0.5987641124333261,1,0
2003-07-31,JPYUSD,JP,1,0.03129340661203894,2003,324,1,0.5630356523328285,0,0
2003-07-31,MXNUSD,MX,0,-0.043897091507359765,2003,324,1,0.5597441219096553,1,0
2003-07-31,NOKUSD,NO,0,-0.029540151912565316,2003,324,1,0.5278802959281411,1,0
2003-07-31,NZDUSD,NZ,0,-0.0006912044512275006,2003,324,1,0.6636003981698225,1,0
2003-07-31,SEKUSD,SE,0,-0.017414395362418844,2003,324,1,0.6197377129867072,1,0
2003-07-31,ZARUSD,ZA,0,-0.0013405463040303545,2003,324,1,0.6843068527119736,1,0
2003-08-31,AUDUSD,AU,1,0.0462188076485025,2003,324,1,0.6591967482893921,1,0
2003-08-31,CADUSD,CA,1,0.02507716305472041,2003,324,1,0.6024737454704533,1,0
2003-08-31,CHFUSD,CH,1,0.05859170209424497,2003,324,1,0.590143005458577,0,0
2003-08-31,EURUSD,EZ,1,0.05868444509128094,2003,324,1,0.6118121851184688,1,0
2003-08-31,GBPUSD,GB,1,0.05230717192196521,2003,324,1,0.5942393130803052,1,0
2003-08-31,JPYUSD,JP,1,0.0462956343652996,2003,324,1,0.5606446570544027,0,0
2003-08-31,MXNUSD,MX,1,0.005212476391079246,2003,324,1,0.5935919039341929,1,0
2003-08-31,NOKUSD,NO,1,0.061933511076408765,2003,324,1,0.5246335367181398,1,0
2003-08-31,NZDUSD,NZ,1,0.028122858911898363,2003,324,1,0.6672310711777928,1,0
2003-08-31,SEKUSD,SE,1,0.07626595494661981,2003,324,1,0.6014894846849284,1,0
2003-08-31,ZARUSD,ZA,1,0.060307520542201676,2003,324,1,0.6881251663464116,1,0
2003-09-30,AUDUSD,AU,1,0.04036875072914653,2003,324,1,0.656325714519013,1,0
2003-09-30,CADUSD,CA,1,0.0233700996233398,2003,324,1,0.6000636491383978,1,0
2003-09-30,CHFUSD,CH,0,-0.013087813742798438,2003,324,1,0.5612466573053613,0,0
2003-09-30,EURUSD,EZ,0,-0.0035255206558108543,2003,324,1,0.5943314427256811,1,0
2003-09-30,GBPUSD,GB,1,0.02001496406308856,2003,324,1,0.5754126027712351,1,0
2003-09-30,JPYUSD,JP,1,0.01200754733032916,2003,324,1,0.5709536565521415,0,0
2003-09-30,MXNUSD,MX,0,-0.0047602946063003415,2003,324,1,0.5853762852704943,1,0
2003-09-30,NOKUSD,NO,0,-0.004990573528045772,2003,324,0,0.48773527276484874,1,0
2003-09-30,NZDUSD,NZ,1,0.02784402617117343,2003,324,1,0.6594093688092325,1,0
2003-09-30,SEKUSD,SE,0,-0.008198347148991036,2003,324,1,0.5821006551806084,1,0
2003-09-30,ZARUSD,ZA,1,0.009023703172643893,2003,324,1,0.6627714355607932,1,0
2003-10-31,AUDUSD,AU,1,0.022218478439401057,2003,324,1,0.6630121508559789,1,0
2003-10-31,CADUSD,CA,1,0.016967695366412017,2003,324,1,0.6009508129225767,1,0
2003-10-31,CHFUSD,CH,1,0.03536624711074682,2003,324,1,0.5830307141057257,0,0
2003-10-31,EURUSD,EZ,1,0.03270923693575914,2003,324,1,0.6159454154210718,1,0
2003-10-31,GBPUSD,GB,1,0.015391671813658081,2003,324,1,0.6049339640302835,1,0
2003-10-31,JPYUSD,JP,1,0.005190559392978855,2003,324,1,0.5887180546889905,0,0
2003-10-31,MXNUSD,MX,0,-0.030291848388237952,2003,324,1,0.6033813537111089,1,0
2003-10-31,NOKUSD,NO,1,0.0383805641324817,2003,324,1,0.5318492455880269,1,0
2003-10-31,NZDUSD,NZ,1,0.04428118930209418,2003,324,1,0.6559260039129857,1,0
2003-10-31,SEKUSD,SE,1,0.03423699181159012,2003,324,1,0.6125921468378628,1,0
2003-10-31,ZARUSD,ZA,1,0.07935403985603617,2003,324,1,0.6342428453619482,1,0
2003-11-30,AUDUSD,AU,1,0.03849757042869972,2003,324,1,0.6871340314601794,1,0
2003-11-30,CADUSD,CA,1,0.0038616050458208373,2003,324,1,0.6192355580589591,1,0
2003-11-30,CHFUSD,CH,1,0.04246200599342853,2003,324,1,0.5806269028244736,0,0
2003-11-30,EURUSD,EZ,1,0.04896879407850804,2003,324,1,0.6141909279539526,1,0
2003-11-30,GBPUSD,GB,1,0.035541803187542964,2003,324,1,0.6199090633182024,1,0
2003-11-30,JPYUSD,JP,1,0.022155434061188473,2003,324,1,0.5962121702094764,0,0
2003-11-30,MXNUSD,MX,1,0.013517898117764382,2003,324,1,0.6059321082824425,1,0
2003-11-30,NOKUSD,NO,1,0.023425830303829942,2003,324,1,0.5386718654606828,1,0
2003-11-30,NZDUSD,NZ,1,0.025016746250676347,2003,324,1,0.6686452071239368,1,0
2003-11-30,SEKUSD,SE,1,0.0482936644819576,2003,324,1,0.6064623538517409,1,0
2003-11-30,ZARUSD,ZA,0,-0.050665055007691695,2003,324,1,0.6025838487470666,1,0
2003-12-31,AUDUSD,AU,1,0.013866184531726833,2003,324,1,0.6921664045169926,1,0
2003-12-31,CADUSD,CA,0,-0.02612031804664855,2003,324,1,0.6249014076617756,1,0
2003-12-31,CHFUSD,CH,0,-0.017058836767259417,2003,324,1,0.559647247096973,0,0
2003-12-31,EURUSD,EZ,0,-0.01157743779080414,2003,324,1,0.5999708539824242,1,0
2003-12-31,GBPUSD,GB,1,0.02069020196893534,2003,324,1,0.6032101334257739,1,0
2003-12-31,JPYUSD,JP,1,0.012114530467766116,2003,324,1,0.5782515477115275,0,0
2003-12-31,MXNUSD,MX,1,0.02067117729952228,2003,324,1,0.6258841824896987,1,0
2003-12-31,NOKUSD,NO,0,-0.05118752821844885,2003,324,1,0.52798975564232,1,0
2003-12-31,NZDUSD,NZ,1,0.022320335452159556,2003,324,1,0.658897650792741,1,0
2003-12-31,SEKUSD,SE,0,-0.029713968083782127,2003,324,1,0.5954618491724681,1,0
2003-12-31,ZARUSD,ZA,0,-0.05375295351156084,2003,324,1,0.6065952520979556,1,0
2004-01-31,AUDUSD,AU,1,0.011993364981990773,2004,336,1,0.7013445138896445,1,0
2004-01-31,CADUSD,CA,0,-0.010498784098219749,2004,336,1,0.6106716991508421,1,0
2004-01-31,CHFUSD,CH,0,-0.0068848449853705085,2004,336,1,0.5744132400772457,0,0
2004-01-31,EURUSD,EZ,0,-0.0008837826470078636,2004,336,1,0.6126462227100294,1,0
2004-01-31,GBPUSD,GB,1,0.01957116014329574,2004,336,1,0.6193308918797439,1,0
2004-01-31,JPYUSD,JP,0,-0.031801843160871535,2004,336,1,0.598953453152602,0,0
2004-01-31,MXNUSD,MX,0,-0.00453022429212524,2004,336,1,0.5964259546362031,1,0
2004-01-31,NOKUSD,NO,0,-0.004394486240888451,2004,336,1,0.5251804868533526,1,0
2004-01-31,NZDUSD,NZ,1,0.021687063728231704,2004,336,1,0.6585641708082262,1,0
2004-01-31,SEKUSD,SE,0,-0.002829237320043365,2004,336,1,0.6129698828126703,1,0
2004-01-31,ZARUSD,ZA,1,0.06501010803619534,2004,336,1,0.6133070286661577,1,0
2004-02-29,AUDUSD,AU,0,-0.01264931777691114,2004,336,1,0.6822103343115445,1,0
2004-02-29,CADUSD,CA,1,0.023015541480816748,2004,336,1,0.5753131358134962,1,0
2004-02-29,CHFUSD,CH,1,0.0002366210524901713,2004,336,1,0.5588403005918631,0,0
2004-02-29,EURUSD,EZ,0,-0.012048825664115664,2004,336,1,0.6006917157318085,1,0
2004-02-29,GBPUSD,GB,0,-0.00946592598888285,2004,336,1,0.6374689144695327,1,0
2004-02-29,JPYUSD,JP,1,0.047610190650526185,2004,336,1,0.5888683189622888,0,0
2004-02-29,MXNUSD,MX,0,-0.010878956473565182,2004,336,1,0.6181619750255579,1,0
2004-02-29,NOKUSD,NO,1,0.026894552607091393,2004,336,1,0.5088531688680815,1,0
2004-02-29,NZDUSD,NZ,0,-0.029923725794110734,2004,336,1,0.6591428419816087,1,0
2004-02-29,SEKUSD,SE,0,-0.015618017517776916,2004,336,1,0.5850766343395649,1,0
2004-02-29,ZARUSD,ZA,1,0.04657751953439204,2004,336,1,0.5805356608243989,1,0
2004-03-31,AUDUSD,AU,0,-0.05530741840169723,2004,336,1,0.6800473176341792,1,0
2004-03-31,CADUSD,CA,0,-0.04558620016741194,2004,336,1,0.5564125172593125,1,0
2004-03-31,CHFUSD,CH,0,-0.023928502255700285,2004,336,1,0.5562672098757873,0,0
2004-03-31,EURUSD,EZ,0,-0.02612750097125935,2004,336,1,0.591442912201344,1,0
2004-03-31,GBPUSD,GB,0,-0.03630323400692881,2004,336,1,0.6412096145544716,1,0
2004-03-31,JPYUSD,JP,0,-0.05771818546774732,2004,336,1,0.5720086735288836,0,0
2004-03-31,MXNUSD,MX,0,-0.01939401056333878,2004,336,1,0.6095029351517082,1,0
2004-03-31,NOKUSD,NO,0,-0.001820499319469704,2004,336,1,0.5084417802768382,1,0
2004-03-31,NZDUSD,NZ,0,-0.06331621081917516,2004,336,1,0.6656181034017965,1,0
2004-03-31,SEKUSD,SE,0,-0.012177211521918974,2004,336,1,0.5783737965833979,1,0
2004-03-31,ZARUSD,ZA,0,-0.09302892218081915,2004,336,1,0.6009191712463409,1,0
2004-04-30,AUDUSD,AU,0,-0.010036326228889114,2004,336,1,0.6715273236762529,1,0
2004-04-30,CADUSD,CA,1,0.00328743401593129,2004,336,1,0.5614341464800752,1,0
2004-04-30,CHFUSD,CH,1,0.03535266458290473,2004,336,1,0.5684849200312145,0,0
2004-04-30,EURUSD,EZ,1,0.020007281124943876,2004,336,1,0.5885310963023811,1,0
2004-04-30,GBPUSD,GB,1,0.03249163124360244,2004,336,1,0.6501636846227399,1,0
2004-04-30,JPYUSD,JP,1,0.0017229657402229037,2004,336,1,0.6054230362914933,0,0
2004-04-30,MXNUSD,MX,0,-0.0010518935051262446,2004,336,1,0.5975920716248772,1,0
2004-04-30,NOKUSD,NO,1,0.021606800218313627,2004,336,1,0.5198668590680451,1,0
2004-04-30,NZDUSD,NZ,1,0.006865198193623023,2004,336,1,0.6626300223447474,1,0
2004-04-30,SEKUSD,SE,1,0.024450901536604785,2004,336,1,0.554391051608662,1,0
2004-04-30,ZARUSD,ZA,1,0.0631945639419047,2004,336,1,0.5961223270598655,1,0
2004-05-31,AUDUSD,AU,0,-0.026403237104877575,2004,336,1,0.6402886240889717,1,0
2004-05-31,CADUSD,CA,1,0.0191340377391625,2004,336,1,0.531969844565694,1,0
2004-05-31,CHFUSD,CH,1,0.0010377999574328611,2004,336,1,0.547800412201413,0,0
2004-05-31,EURUSD,EZ,0,-0.0031152673169493605,2004,336,1,0.5630003128571054,1,0
2004-05-31,GBPUSD,GB,0,-0.011191690219023664,2004,336,1,0.6297625248824026,1,0
2004-05-31,JPYUSD,JP,1,0.00683031661421829,2004,336,1,0.5903639020868716,0,0
2004-05-31,MXNUSD,MX,0,-0.010805263720181202,2004,336,1,0.6338475792105219,1,0
2004-05-31,NOKUSD,NO,0,-0.031092407708607883,2004,336,1,0.5105292723717834,1,0
2004-05-31,NZDUSD,NZ,1,0.00586977175121528,2004,336,1,0.6424299955692352,1,0
2004-05-31,SEKUSD,SE,0,-0.008956937388691966,2004,336,1,0.5350228046820313,1,0
2004-05-31,ZARUSD,ZA,1,0.045132242422609936,2004,336,1,0.6098194797435343,1,0
2004-06-30,AUDUSD,AU,1,0.011868302603261383,2004,336,1,0.6043475934723245,1,0
2004-06-30,CADUSD,CA,1,0.008313720506331834,2004,336,1,0.5159830818585585,1,0
2004-06-30,CHFUSD,CH,0,-0.021805256415319274,2004,336,1,0.5623939645044805,0,0
2004-06-30,EURUSD,EZ,0,-0.012143389897489393,2004,336,1,0.5633964631976098,1,0
2004-06-30,GBPUSD,GB,1,0.0031397200046677787,2004,336,1,0.6323475430179771,1,0
2004-06-30,JPYUSD,JP,0,-0.017752481426746236,2004,336,1,0.574063618539277,0,0
2004-06-30,MXNUSD,MX,1,0.011155771960713157,2004,336,1,0.6187038572134396,1,0
2004-06-30,NOKUSD,NO,0,-0.010181488970629982,2004,336,1,0.5439649902266781,1,0
2004-06-30,NZDUSD,NZ,1,0.005992763558604841,2004,336,1,0.6244883691792928,1,0
2004-06-30,SEKUSD,SE,0,-0.020453838572123573,2004,336,1,0.5398934035946905,1,0
2004-06-30,ZARUSD,ZA,0,-0.007200031104241944,2004,336,1,0.595754130693432,1,0
2004-07-31,AUDUSD,AU,1,0.005104222055751284,2004,336,1,0.6119953935588949,1,0
2004-07-31,CADUSD,CA,1,0.009825489067407323,2004,336,1,0.5498613634171289,1,0
2004-07-31,CHFUSD,CH,1,0.012187122573851128,2004,336,1,0.5777574154288577,0,0
2004-07-31,EURUSD,EZ,1,0.012471770164786317,2004,336,1,0.575719235146965,1,0
2004-07-31,GBPUSD,GB,0,-0.00839459284302646,2004,336,1,0.6471809727923108,1,0
2004-07-31,JPYUSD,JP,1,0.02168967462795468,2004,336,1,0.5797523111526598,0,0
2004-07-31,MXNUSD,MX,1,0.002984290813099477,2004,336,1,0.6318592377271,1,0
2004-07-31,NOKUSD,NO,1,0.017878954415989856,2004,336,1,0.5457825713969455,1,0
2004-07-31,NZDUSD,NZ,1,0.03157179587581366,2004,336,1,0.6409198156732345,1,0
2004-07-31,SEKUSD,SE,1,0.02484886462522118,2004,336,1,0.5649336435151046,1,0
2004-07-31,ZARUSD,ZA,0,-0.057689692906768286,2004,336,1,0.611713127166899,1,0
2004-08-31,AUDUSD,AU,1,0.024171627399063367,2004,336,1,0.6151560298523545,1,0
2004-08-31,CADUSD,CA,1,0.04013864913851406,2004,336,1,0.5508356165887831,1,0
2004-08-31,CHFUSD,CH,1,0.013539550574810322,2004,336,1,0.5844333235106252,0,0
2004-08-31,EURUSD,EZ,1,0.0190249640624347,2004,336,1,0.5852623943173263,1,0
2004-08-31,GBPUSD,GB,1,0.0032668006129724647,2004,336,1,0.6552749347690489,1,0
2004-08-31,JPYUSD,JP,0,-0.010949014489670894,2004,336,1,0.561666434843579,0,0
2004-08-31,MXNUSD,MX,0,-0.0007908264548182053,2004,336,1,0.6574070739083482,1,0
2004-08-31,NOKUSD,NO,1,0.023186804058729305,2004,336,1,0.561422402406534,1,0
2004-08-31,NZDUSD,NZ,1,0.02868279818431768,2004,336,1,0.6472539109282891,1,0
2004-08-31,SEKUSD,SE,1,0.02746942218176618,2004,336,1,0.5709148289858452,1,0
2004-08-31,ZARUSD,ZA,1,0.02545287141607111,2004,336,1,0.5999220987856343,1,0
2004-09-30,AUDUSD,AU,1,0.030453685658309193,2004,336,1,0.5898554976920802,1,0
2004-09-30,CADUSD,CA,1,0.03532571522045244,2004,336,1,0.5512107782187519,1,0
2004-09-30,CHFUSD,CH,1,0.03949979948419341,2004,336,1,0.5547658529333334,0,0
2004-09-30,EURUSD,EZ,1,0.02615099545739727,2004,336,1,0.557922870024137,1,0
2004-09-30,GBPUSD,GB,1,0.013997758400041693,2004,336,1,0.6198882743359488,1,0
2004-09-30,JPYUSD,JP,1,0.0384805152979899,2004,336,1,0.5440929371429254,0,0
2004-09-30,MXNUSD,MX,0,-0.013219222667378183,2004,336,1,0.65333121036969,1,0
2004-09-30,NOKUSD,NO,1,0.051269822872189286,2004,336,1,0.5318486334428809,1,0
2004-09-30,NZDUSD,NZ,1,0.011627182280937953,2004,336,1,0.6450193200043527,1,0
2004-09-30,SEKUSD,SE,1,0.02663784260246671,2004,336,1,0.5400833509515695,1,0
2004-09-30,ZARUSD,ZA,1,0.05432024631467214,2004,336,1,0.5433255339138046,1,0
2004-10-31,AUDUSD,AU,1,0.0335756639076506,2004,336,1,0.573760243653433,1,0
2004-10-31,CADUSD,CA,1,0.02546693146405818,2004,336,1,0.5567559567719662,1,0
2004-10-31,CHFUSD,CH,1,0.04845238338594687,2004,336,1,0.5627402002209013,0,0
2004-10-31,EURUSD,EZ,1,0.03945907024047943,2004,336,1,0.5595371690452822,1,0
2004-10-31,GBPUSD,GB,1,0.038916664587044125,2004,336,1,0.6027665951834564,1,0
2004-10-31,JPYUSD,JP,1,0.02869911906478073,2004,336,1,0.5252567248382535,0,0
2004-10-31,MXNUSD,MX,1,0.025939217737297238,2004,336,1,0.662644560058432,1,0
2004-10-31,NOKUSD,NO,1,0.04018130456065805,2004,336,1,0.5382410361173681,1,0
2004-10-31,NZDUSD,NZ,1,0.044222702479735365,2004,336,1,0.6391546836389425,1,0
2004-10-31,SEKUSD,SE,1,0.052217707032216065,2004,336,1,0.5458008556954478,1,0
2004-10-31,ZARUSD,ZA,1,0.05433890134149699,2004,336,1,0.5537457249434034,1,0
2004-11-30,AUDUSD,AU,1,0.010561664380268537,2004,336,1,0.5642776244797484,1,0
2004-11-30,CADUSD,CA,0,-0.011029523575499828,2004,336,1,0.5564191539348705,1,0
2004-11-30,CHFUSD,CH,1,0.0007883327172164278,2004,336,1,0.5554702681706544,0,0
2004-11-30,EURUSD,EZ,1,0.020823978953834033,2004,336,1,0.547141676464599,1,0
2004-11-30,GBPUSD,GB,1,0.00455105014842494,2004,336,1,0.5851762779091915,1,0
2004-11-30,JPYUSD,JP,1,0.003499906353104265,2004,336,1,0.5276360500791683,0,0
2004-11-30,MXNUSD,MX,1,0.007778526478422254,2004,336,1,0.6663734853156639,1,0
2004-11-30,NOKUSD,NO,1,0.009772144712679287,2004,336,1,0.5319587422778568,1,0
2004-11-30,NZDUSD,NZ,1,0.008364749734390498,2004,336,1,0.609115275153305,1,0
2004-11-30,SEKUSD,SE,1,0.010085874382556259,2004,336,1,0.5319446865189102,1,0
2004-11-30,ZARUSD,ZA,1,0.02898247549134325,2004,336,1,0.5361788801245742,1,0
2004-12-31,AUDUSD,AU,0,-0.0059110940555830715,2004,336,1,0.5600145897512901,1,0
2004-12-31,CADUSD,CA,0,-0.02963786312734179,2004,336,1,0.5550621466376952,1,0
2004-12-31,CHFUSD,CH,0,-0.03993832344084969,2004,336,1,0.5469071956438184,0,0
2004-12-31,EURUSD,EZ,0,-0.03678904360630603,2004,336,1,0.5419105322875826,0,0
2004-12-31,GBPUSD,GB,0,-0.016311858648694666,2004,336,1,0.5809528843666178,1,0
2004-12-31,JPYUSD,JP,0,-0.008437231838653858,2004,336,1,0.5282427334960462,0,0
2004-12-31,MXNUSD,MX,0,-0.004695789134466555,2004,336,1,0.6732226200483235,1,0
2004-12-31,NOKUSD,NO,0,-0.044461774950426136,2004,336,1,0.5402038780564238,0,0
2004-12-31,NZDUSD,NZ,0,-0.012714107695622423,2004,336,1,0.6118926769751961,1,0
2004-12-31,SEKUSD,SE,0,-0.04532307352526166,2004,336,1,0.5334011844597498,0,0
2004-12-31,ZARUSD,ZA,0,-0.04925401540800878,2004,336,1,0.5920333575946644,1,0
2005-01-31,AUDUSD,AU,1,0.023059815347232115,2005,348,1,0.5512306812267734,1,1
2005-01-31,CADUSD,CA,1,0.008181164257345913,2005,348,1,0.5540408252953352,1,1
2005-01-31,CHFUSD,CH,1,0.024892598907763575,2005,348,1,0.5454523139834601,0,1
2005-01-31,EURUSD,EZ,1,0.017095732243623374,2005,348,1,0.5407269983502521,0,1
2005-01-31,GBPUSD,GB,1,0.020946197438478587,2005,348,1,0.5659837085664136,1,1
2005-01-31,JPYUSD,JP,0,-0.0067372728373173985,2005,348,1,0.5246506519626222,0,1
2005-01-31,MXNUSD,MX,1,0.010585431875882012,2005,348,1,0.6305519809103326,1,1
2005-01-31,NOKUSD,NO,1,0.024673339041880515,2005,348,1,0.5557971350881616,0,1
2005-01-31,NZDUSD,NZ,1,0.02444566174605367,2005,348,1,0.5934328812360281,1,1
2005-01-31,SEKUSD,SE,1,0.02178943754237528,2005,348,1,0.537886583470916,0,1
2005-01-31,ZARUSD,ZA,1,0.02432379359728154,2005,348,1,0.6092085578283383,1,1
2005-02-28,AUDUSD,AU,0,-0.02693378713431044,2005,348,1,0.5594026268755522,1,1
2005-02-28,CADUSD,CA,1,0.016483213817134718,2005,348,1,0.5564934303762873,0,1
2005-02-28,CHFUSD,CH,0,-0.03118747050612189,2005,348,1,0.5568738739194341,0,1
2005-02-28,EURUSD,EZ,0,-0.023245340370128764,2005,348,1,0.5448426399183446,0,1
2005-02-28,GBPUSD,GB,0,-0.01893231154928654,2005,348,1,0.5615725438110323,1,1
2005-02-28,JPYUSD,JP,0,-0.028090937720480547,2005,348,1,0.5374425222165493,0,1
2005-02-28,MXNUSD,MX,0,-0.007949560177527903,2005,348,1,0.6511771444201516,1,1
2005-02-28,NOKUSD,NO,0,-0.02298841867696133,2005,348,1,0.5631310541657376,0,1
2005-02-28,NZDUSD,NZ,0,-0.022479092774012888,2005,348,1,0.5890859680918736,1,1
2005-02-28,SEKUSD,SE,0,-0.03405288893593572,2005,348,1,0.5451024502062487,0,1
2005-02-28,ZARUSD,ZA,0,-0.07134575283728051,2005,348,1,0.5886243841015179,1,1
2005-03-31,AUDUSD,AU,1,0.01349374711890558,2005,348,1,0.5608335148098467,1,1
2005-03-31,CADUSD,CA,0,-0.038444439102298694,2005,348,1,0.5416047687607551,0,1
2005-03-31,CHFUSD,CH,1,0.004528309624747623,2005,348,1,0.5437876086096384,0,1
2005-03-31,EURUSD,EZ,0,-0.003862798375440124,2005,348,1,0.5428081832013085,0,1
2005-03-31,GBPUSD,GB,1,0.012312704880042435,2005,348,1,0.5592050367789659,1,1
2005-03-31,JPYUSD,JP,1,0.02435691069050261,2005,348,1,0.5038021090659657,0,1
2005-03-31,MXNUSD,MX,1,0.008535924958316343,2005,348,1,0.650920635814103,1,1
2005-03-31,NOKUSD,NO,1,0.01050398206453429,2005,348,1,0.5458485930839906,0,1
2005-03-31,NZDUSD,NZ,1,0.03026974244219638,2005,348,1,0.5980433814454584,1,1
2005-03-31,SEKUSD,SE,0,-0.006814216247521099,2005,348,1,0.541409182501019,0,1
2005-03-31,ZARUSD,ZA,1,0.023687567178225954,2005,348,1,0.5509123515700464,1,1
2005-04-30,AUDUSD,AU,0,-0.031509900209008374,2005,348,1,0.5841596266253505,1,1
2005-04-30,CADUSD,CA,1,0.00446571715036459,2005,348,1,0.5534347525753123,0,1
2005-04-30,CHFUSD,CH,0,-0.04510931125312656,2005,348,1,0.5479052285896353,0,1
2005-04-30,EURUSD,EZ,0,-0.04512400784247883,2005,348,1,0.5470050580626995,0,1
2005-04-30,GBPUSD,GB,0,-0.04771606284192642,2005,348,1,0.5736556989679887,1,1
2005-04-30,JPYUSD,JP,0,-0.03132752305016062,2005,348,1,0.5311324270955263,0,1
2005-04-30,MXNUSD,MX,1,0.015413249279437657,2005,348,1,0.6663821735276184,1,1
2005-04-30,NOKUSD,NO,0,-0.02336010520396603,2005,348,1,0.5427821984091831,0,1
2005-04-30,NZDUSD,NZ,0,-0.038866793489349905,2005,348,1,0.6301324597865782,1,1
2005-04-30,SEKUSD,SE,0,-0.04111271614454082,2005,348,1,0.5405414373860166,0,1
2005-04-30,ZARUSD,ZA,0,-0.10544288458831219,2005,348,1,0.5698784997432471,1,1
2005-05-31,AUDUSD,AU,1,0.003550533021781155,2005,348,1,0.5779929613239181,1,1
2005-05-31,CADUSD,CA,1,0.020672570804719903,2005,348,1,0.5422131475884328,0,1
2005-05-31,CHFUSD,CH,0,-0.030072694298873243,2005,348,1,0.5194513821239047,0,1
2005-05-31,EURUSD,EZ,0,-0.020534938450962936,2005,348,1,0.5250708498943284,0,1
2005-05-31,GBPUSD,GB,0,-0.016648154204286447,2005,348,1,0.5439360183014692,1,1
2005-05-31,JPYUSD,JP,0,-0.02686565085760062,2005,348,1,0.5162726205675697,0,1
2005-05-31,MXNUSD,MX,1,0.012958746216368056,2005,348,1,0.6627110677233804,1,1
2005-05-31,NOKUSD,NO,0,-0.01710761875947564,2005,348,1,0.5278002992108491,0,1
2005-05-31,NZDUSD,NZ,0,-0.015117230273777815,2005,348,1,0.6191783431199769,1,1
2005-05-31,SEKUSD,SE,0,-0.05149298298194749,2005,348,1,0.5154486897337739,0,1
2005-05-31,ZARUSD,ZA,1,0.011631506023796145,2005,348,1,0.5131494302431177,1,1
2005-06-30,AUDUSD,AU,0,-0.003155406246801773,2005,348,1,0.5633435153629128,1,1
2005-06-30,CADUSD,CA,0,-8.15893607926943e-05,2005,348,1,0.5276401771819835,0,1
2005-06-30,CHFUSD,CH,0,-0.003346697290321471,2005,348,0,0.48526871854281783,0,1
2005-06-30,EURUSD,EZ,1,0.0025591296420210963,2005,348,1,0.5002795490715825,0,1
2005-06-30,GBPUSD,GB,0,-0.01897419196013228,2005,348,1,0.5229492936788028,1,1
2005-06-30,JPYUSD,JP,0,-0.01200946500571387,2005,348,0,0.48666897825358385,0,1
2005-06-30,MXNUSD,MX,1,0.0161433447551822,2005,348,1,0.6445276242773803,1,1
2005-06-30,NOKUSD,NO,1,0.009157601295628037,2005,348,1,0.5199980732562404,0,1
2005-06-30,NZDUSD,NZ,0,-0.018125632169612882,2005,348,1,0.5883592269077756,1,1
2005-06-30,SEKUSD,SE,1,0.005268648381761665,2005,348,0,0.4780502011528181,0,1
2005-06-30,ZARUSD,ZA,1,0.016179380679925304,2005,348,0,0.46117513966610624,1,1
2005-07-31,AUDUSD,AU,0,-0.01059051465783345,2005,348,1,0.5540123033163921,1,1
2005-07-31,CADUSD,CA,1,0.03014721061391981,2005,348,1,0.5169078881393008,0,1
2005-07-31,CHFUSD,CH,1,0.02549713193348377,2005,348,0,0.4903792905693978,0,1
2005-07-31,EURUSD,EZ,1,0.01643603784950942,2005,348,0,0.4974605474487236,0,1
2005-07-31,GBPUSD,GB,1,0.02353710678241605,2005,348,1,0.5050842308778076,1,1
2005-07-31,JPYUSD,JP,1,0.012640806627586265,2005,348,0,0.48762438008602865,0,1
2005-07-31,MXNUSD,MX,0,-0.0181835940022812,2005,348,1,0.6377269790200395,1,1
2005-07-31,NOKUSD,NO,1,0.0164971448185951,2005,348,1,0.5225798413052185,0,1
2005-07-31,NZDUSD,NZ,1,0.014238218160259608,2005,348,1,0.5791247161092717,1,1
2005-07-31,SEKUSD,SE,1,0.026304767703177134,2005,348,0,0.47075636592781167,0,1
2005-07-31,ZARUSD,ZA,1,0.024692612590371477,2005,348,0,0.4716065024815023,1,1
2005-08-31,AUDUSD,AU,1,0.017022249108969933,2005,348,1,0.5360400062096903,1,1
2005-08-31,CADUSD,CA,1,0.02434162735862272,2005,348,1,0.5164976591427073,0,1
2005-08-31,CHFUSD,CH,0,-0.027049927276544622,2005,348,0,0.47479469620978526,0,1
2005-08-31,EURUSD,EZ,0,-0.0223069771090392,2005,348,0,0.48102878856883347,0,1
2005-08-31,GBPUSD,GB,0,-0.017699577099400843,2005,348,0,0.49474892820956157,1,1
2005-08-31,JPYUSD,JP,0,-0.021863182890619726,2005,348,0,0.4661845524179353,0,1
2005-08-31,MXNUSD,MX,1,0.000277970814854811,2005,348,1,0.6270335826274669,1,1
2005-08-31,NOKUSD,NO,0,-0.024889705376743843,2005,348,1,0.5091143696810296,0,1
2005-08-31,NZDUSD,NZ,1,0.000865176694198222,2005,348,1,0.5516501745156023,1,1
2005-08-31,SEKUSD,SE,0,-0.022121525534004594,2005,348,0,0.45010687113546866,0,1
2005-08-31,ZARUSD,ZA,1,0.007843177461025919,2005,348,0,0.48534344160922605,1,1
2005-09-30,AUDUSD,AU,0,-0.021557404274361147,2005,348,1,0.5293446850469479,1,1
2005-09-30,CADUSD,CA,0,-0.016152126566544217,2005,348,1,0.5145258351652794,0,1
2005-09-30,CHFUSD,CH,0,-0.0007754944165304645,2005,348,0,0.46199504523264,0,1
2005-09-30,EURUSD,EZ,0,-0.005238443775555907,2005,348,0,0.4695716150681752,0,1
2005-09-30,GBPUSD,GB,0,-0.0003956478785539508,2005,348,0,0.48938296703957457,1,1
2005-09-30,JPYUSD,JP,0,-0.026737930741603577,2005,348,0,0.4637634511219094,0,1
2005-09-30,MXNUSD,MX,1,0.0001853568123935112,2005,348,1,0.6172101051669399,1,1
2005-09-30,NOKUSD,NO,1,0.00583351618202399,2005,348,0,0.4987472793014676,0,1
2005-09-30,NZDUSD,NZ,1,0.009325080125822782,2005,348,1,0.5408964785264789,1,1
2005-09-30,SEKUSD,SE,0,-0.02805406618834283,2005,348,0,0.4328981879572158,0,1
2005-09-30,ZARUSD,ZA,0,-0.05480130733713007,2005,348,0,0.48045856905600354,1,1
2005-10-31,AUDUSD,AU,0,-0.011563931471945788,2005,348,1,0.507655557241247,1,1
2005-10-31,CADUSD,CA,1,0.010739044654565155,2005,348,0,0.49922193063921166,0,1
2005-10-31,CHFUSD,CH,0,-0.019042344434346492,2005,348,0,0.4369625274901527,0,1
2005-10-31,EURUSD,EZ,0,-0.01723818174237829,2005,348,0,0.4519439444798184,0,1
2005-10-31,GBPUSD,GB,0,-0.021023339273227304,2005,348,0,0.47347101172934286,1,1
2005-10-31,JPYUSD,JP,0,-0.02796555433488468,2005,348,0,0.43392951229480325,0,1
2005-10-31,MXNUSD,MX,1,0.019892537724135018,2005,348,1,0.610434455752502,1,1
2005-10-31,NOKUSD,NO,0,-0.0369080155010264,2005,348,0,0.47075960461851674,0,1
2005-10-31,NZDUSD,NZ,1,0.003421243536679941,2005,348,1,0.5356846800561267,1,1
2005-10-31,SEKUSD,SE,0,-0.015528766316078357,2005,348,0,0.41803516645736777,0,1
2005-10-31,ZARUSD,ZA,1,0.037239880407182735,2005,348,0,0.44829669501241004,1,1
2005-11-30,AUDUSD,AU,0,-0.007057575439797625,2005,348,0,0.4872137515922664,1,1
2005-11-30,CADUSD,CA,1,0.0012003774055610317,2005,348,1,0.5019191637122316,0,1
2005-11-30,CHFUSD,CH,0,0.0,2005,348,0,0.422681883339268,0,1
2005-11-30,EURUSD,EZ,1,0.004400819560304692,2005,348,0,0.43923940793282196,0,1
2005-11-30,GBPUSD,GB,0,-0.007708172275394332,2005,348,0,0.46274769466570603,1,1
2005-11-30,JPYUSD,JP,1,0.01498723009239189,2005,348,0,0.41778046196208507,0,1
2005-11-30,MXNUSD,MX,0,-0.004810422405740145,2005,348,1,0.5933712293075375,1,1
2005-11-30,NOKUSD,NO,0,-0.0007564689578087869,2005,348,0,0.4526911532676528,0,1
2005-11-30,NZDUSD,NZ,0,-0.026241413469648422,2005,348,1,0.5291098374711537,1,1
2005-11-30,SEKUSD,SE,1,0.017026950520416584,2005,348,0,0.3944734046334553,0,1
2005-11-30,ZARUSD,ZA,1,0.020716003678462824,2005,348,0,0.43645471154578047,1,1
2005-12-31,AUDUSD,AU,1,0.03084594827243392,2005,348,0,0.48042465751704916,1,1
2005-12-31,CADUSD,CA,1,0.019054794432838307,2005,348,1,0.510307149648931,0,1
2005-12-31,CHFUSD,CH,1,0.02807526677805422,2005,348,0,0.4165649922148601,0,1
2005-12-31,EURUSD,EZ,1,0.02633485521694645,2005,348,0,0.4266826147897912,0,1
2005-12-31,GBPUSD,GB,1,0.03610995612991452,2005,348,0,0.45284897150976644,1,1
2005-12-31,JPYUSD,JP,1,0.008519390427049522,2005,348,0,0.40894874140432586,0,1
2005-12-31,MXNUSD,MX,1,0.017800398796315342,2005,348,1,0.5731557027729285,1,1
2005-12-31,NOKUSD,NO,1,0.01353944000455165,2005,348,0,0.4371157736590373,0,1
2005-12-31,NZDUSD,NZ,1,0.0017515695618151028,2005,348,1,0.5234219348893194,1,1
2005-12-31,SEKUSD,SE,1,0.043005616651817125,2005,348,0,0.39092226424071197,0,1
2005-12-31,ZARUSD,ZA,1,0.03996664690091212,2005,348,0,0.429434938143075,1,1
2006-01-31,AUDUSD,AU,0,-0.018931374617408625,2006,360,0,0.4660285563693086,1,1
2006-01-31,CADUSD,CA,1,0.004996723085193888,2006,360,1,0.5028480270645355,0,1
2006-01-31,CHFUSD,CH,0,-0.025257183493345936,2006,360,0,0.41538148812426895,0,1
2006-01-31,EURUSD,EZ,0,-0.019350352552125943,2006,360,0,0.42999002796428426,0,1
2006-01-31,GBPUSD,GB,0,-0.015894449266662503,2006,360,0,0.4466451379686327,1,1
2006-01-31,JPYUSD,JP,1,0.009110505644800426,2006,360,0,0.3921081540012978,0,1
2006-01-31,MXNUSD,MX,0,-0.0013592290861783596,2006,360,1,0.5561964085189968,1,1
2006-01-31,NOKUSD,NO,0,-0.013984154579248065,2006,360,0,0.4393169823727955,0,1
2006-01-31,NZDUSD,NZ,0,-0.03306208777736669,2006,360,1,0.513783377356874,1,1
2006-01-31,SEKUSD,SE,0,-0.0402804755542534,2006,360,0,0.4002633269024705,0,1
2006-01-31,ZARUSD,ZA,0,-0.013213856729265228,2006,360,0,0.43521486676609283,1,1
2006-02-28,AUDUSD,AU,0,-0.03631779744953256,2006,360,0,0.46394226943770417,1,1
2006-02-28,CADUSD,CA,0,-0.025251894923593227,2006,360,1,0.5130599440119304,0,1
2006-02-28,CHFUSD,CH,1,0.006580984877834095,2006,360,0,0.4134563106811034,0,1
2006-02-28,EURUSD,EZ,1,0.017786373141261774,2006,360,0,0.4316711954657765,0,1
2006-02-28,GBPUSD,GB,0,-0.00835914634998447,2006,360,0,0.4425915199803311,0,1
2006-02-28,JPYUSD,JP,0,-0.014230844532775677,2006,360,0,0.3957741932545556,0,1
2006-02-28,MXNUSD,MX,0,-0.041575474620235475,2006,360,1,0.5573549541159384,1,1
2006-02-28,NOKUSD,NO,1,0.030303069417396022,2006,360,0,0.4273027976751094,0,1
2006-02-28,NZDUSD,NZ,0,-0.07348202306699142,2006,360,0,0.4978138668745047,1,1
2006-02-28,SEKUSD,SE,1,0.019145138256639882,2006,360,0,0.40513024367746836,0,1
2006-02-28,ZARUSD,ZA,1,0.0020953641660115263,2006,360,0,0.4414635697109259,1,1
2006-03-31,AUDUSD,AU,1,0.05801870895096145,2006,360,0,0.4583290311912346,1,1
2006-03-31,CADUSD,CA,1,0.04083984672187835,2006,360,0,0.4986984383096058,0,1
2006-03-31,CHFUSD,CH,1,0.04828741149204635,2006,360,0,0.41319361658721204,0,1
2006-03-31,EURUSD,EZ,1,0.039176354187851814,2006,360,0,0.4276874622664641,0,1
2006-03-31,GBPUSD,GB,1,0.04645206540579594,2006,360,0,0.4335816969336408,0,1
2006-03-31,JPYUSD,JP,1,0.03191346196150224,2006,360,0,0.401995589266413,0,1
2006-03-31,MXNUSD,MX,0,-0.017374339810172224,2006,360,1,0.553479053552142,1,1
2006-03-31,NOKUSD,NO,1,0.06004714575251824,2006,360,0,0.4293265199727911,0,1
2006-03-31,NZDUSD,NZ,1,0.03255953108421272,2006,360,0,0.4782870707782369,1,1
2006-03-31,SEKUSD,SE,1,0.05389052481393919,2006,360,0,0.4027433123252664,0,1
2006-03-31,ZARUSD,ZA,1,0.021614022980773973,2006,360,0,0.4549893786874594,1,1
2006-04-30,AUDUSD,AU,0,-0.009793619835206768,2006,360,0,0.44622331409328186,1,1
2006-04-30,CADUSD,CA,1,0.015834788800044908,2006,360,1,0.5114899473027542,0,1
2006-04-30,CHFUSD,CH,1,0.02051353983310303,2006,360,0,0.41237156133452385,0,1
2006-04-30,EURUSD,EZ,1,0.01642021415880565,2006,360,0,0.4337772423024186,0,1
2006-04-30,GBPUSD,GB,1,0.027713399489483037,2006,360,0,0.43176969766179873,0,1
2006-04-30,JPYUSD,JP,1,0.013537034854864238,2006,360,0,0.3860368738853166,0,1
2006-04-30,MXNUSD,MX,0,-0.01778658857943416,2006,360,1,0.5357320817672392,1,1
2006-04-30,NOKUSD,NO,1,0.015662616231852056,2006,360,0,0.43527523982003047,0,1
2006-04-30,NZDUSD,NZ,0,-0.0003141196821807579,2006,360,0,0.4413190055005249,1,1
2006-04-30,SEKUSD,SE,1,0.019709398518535703,2006,360,0,0.41334744129267087,0,1
2006-04-30,ZARUSD,ZA,0,-0.10813476472346406,2006,360,0,0.4532225763971739,1,1
2006-05-31,AUDUSD,AU,0,-0.012849862260480016,2006,360,0,0.47647053695556624,1,1
2006-05-31,CADUSD,CA,0,-0.011092687129586304,2006,360,1,0.5232688830927884,0,1
2006-05-31,CHFUSD,CH,0,-0.007211372724868909,2006,360,0,0.4411016854994856,0,1
2006-05-31,EURUSD,EZ,0,-0.004216779635757784,2006,360,0,0.46232404335158617,0,1
2006-05-31,GBPUSD,GB,0,-0.012949164096446197,2006,360,0,0.4644938298992562,0,1
2006-05-31,JPYUSD,JP,0,-0.019844545911195333,2006,360,0,0.4129793377043316,0,1
2006-05-31,MXNUSD,MX,1,0.0001328933090176676,2006,360,1,0.5196854890726523,1,1
2006-05-31,NOKUSD,NO,0,-0.024946984380826764,2006,360,0,0.4627284084681243,0,1
2006-05-31,NZDUSD,NZ,0,-0.04186322129723313,2006,360,0,0.4607995867262194,1,1
2006-05-31,SEKUSD,SE,1,0.00011089701837030397,2006,360,0,0.4358769493850359,0,1
2006-05-31,ZARUSD,ZA,0,-0.06623523771901874,2006,360,1,0.50404828616667,1,1
2006-06-30,AUDUSD,AU,1,0.031950752533149496,2006,360,0,0.4663422074377152,1,1
2006-06-30,CADUSD,CA,0,-0.01415937098306222,2006,360,1,0.5106913714899107,0,1
2006-06-30,CHFUSD,CH,0,-0.005212162626327899,2006,360,0,0.45424963888551917,0,1
2006-06-30,EURUSD,EZ,0,-0.0011744902105692012,2006,360,0,0.47273828124257483,0,1
2006-06-30,GBPUSD,GB,1,0.010436935712598183,2006,360,0,0.47087775649040137,0,1
2006-06-30,JPYUSD,JP,1,0.0006114872433391483,2006,360,0,0.42322769858207815,0,1
2006-06-30,MXNUSD,MX,1,0.03337771839540338,2006,360,0,0.4979519922274127,1,1
2006-06-30,NOKUSD,NO,1,0.01014449949374252,2006,360,0,0.4729521515106886,0,1
2006-06-30,NZDUSD,NZ,1,0.009780029053639672,2006,360,0,0.45066029353853654,1,1
2006-06-30,SEKUSD,SE,0,-0.00016634091609035728,2006,360,0,0.4588633492350397,0,1
2006-06-30,ZARUSD,ZA,1,0.034792291650557194,2006,360,0,0.4733662618097504,1,1
2006-07-31,AUDUSD,AU,0,-0.004446195372193706,2006,360,0,0.4809244300579521,1,1
2006-07-31,CADUSD,CA,1,0.021721524413271964,2006,360,1,0.5139142568339968,0,1
2006-07-31,CHFUSD,CH,0,-0.0020286451554956397,2006,360,0,0.4640843966882389,0,1
2006-07-31,EURUSD,EZ,1,0.0022694379189009406,2006,360,0,0.48315770193389335,0,1
2006-07-31,GBPUSD,GB,1,0.017980277010978818,2006,360,0,0.4884176268086798,0,1
2006-07-31,JPYUSD,JP,0,-0.025110254115123354,2006,360,0,0.43575169109749884,0,1
2006-07-31,MXNUSD,MX,1,0.0003665017449856478,2006,360,1,0.5044256083262727,0,1
2006-07-31,NOKUSD,NO,0,-0.02555076565076675,2006,360,0,0.4697435402714437,0,1
2006-07-31,NZDUSD,NZ,1,0.059813262745555484,2006,360,0,0.45724765716899957,1,1
2006-07-31,SEKUSD,SE,0,-0.003887260644570345,2006,360,0,0.4732594581765981,0,1
2006-07-31,ZARUSD,ZA,0,-0.03966525639243157,2006,360,0,0.46200306248172784,1,1
2006-08-31,AUDUSD,AU,0,-0.022398391806988383,2006,360,0,0.4920885738782641,1,1
2006-08-31,CADUSD,CA,0,-0.007651835507306762,2006,360,0,0.4928801257999269,0,1
2006-08-31,CHFUSD,CH,0,-0.013526776298201815,2006,360,0,0.4606211876071235,0,1
2006-08-31,EURUSD,EZ,0,-0.00832029917643684,2006,360,0,0.4843884708429729,0,1
2006-08-31,GBPUSD,GB,0,-0.01632256694445633,2006,360,0,0.4931795756505756,0,1
2006-08-31,JPYUSD,JP,0,-0.005438952814795783,2006,360,0,0.432410154552741,0,1
2006-08-31,MXNUSD,MX,0,-0.005984622352629199,2006,360,1,0.5206152570482783,0,1
2006-08-31,NOKUSD,NO,0,-0.029119564639064066,2006,360,0,0.4739666195223688,0,1
2006-08-31,NZDUSD,NZ,0,-0.0022944560735234654,2006,360,0,0.4546798857401878,1,1
2006-08-31,SEKUSD,SE,0,-0.00960469064695868,2006,360,0,0.4709400773248435,0,1
2006-08-31,ZARUSD,ZA,0,-0.07470799051939214,2006,360,0,0.45989516508117834,1,1
2006-09-30,AUDUSD,AU,1,0.0370997559152092,2006,360,0,0.4831173610855264,1,1
2006-09-30,CADUSD,CA,0,-0.0067924114934177215,2006,360,0,0.48316007091017954,0,1
2006-09-30,CHFUSD,CH,1,0.006418507272789614,2006,360,0,0.47324581944799843,0,1
2006-09-30,EURUSD,EZ,1,0.006755720902178686,2006,360,0,0.49569967611284543,0,1
2006-09-30,GBPUSD,GB,1,0.01947151464989083,2006,360,1,0.5056647456478275,0,1
2006-09-30,JPYUSD,JP,1,0.009965586499665058,2006,360,0,0.43200150904474205,0,1
2006-09-30,MXNUSD,MX,1,0.01936182262015551,2006,360,1,0.5208261206726014,0,1
2006-09-30,NOKUSD,NO,0,-0.004095945836685155,2006,360,0,0.4750742095497646,0,1
2006-09-30,NZDUSD,NZ,1,0.02674481382926036,2006,360,0,0.46690154342455004,1,1
2006-09-30,SEKUSD,SE,1,0.01399105707072068,2006,360,0,0.48217235428577093,0,1
2006-09-30,ZARUSD,ZA,1,0.04933810055805865,2006,360,0,0.4300254822444286,1,1
2006-10-31,AUDUSD,AU,1,0.019567092726593932,2006,360,0,0.47959544264182047,1,1
2006-10-31,CADUSD,CA,0,-0.016431465094820533,2006,360,0,0.4710435717469625,0,1
2006-10-31,CHFUSD,CH,1,0.03756079087854572,2006,360,0,0.4582070032632092,0,1
2006-10-31,EURUSD,EZ,1,0.03749382863482212,2006,360,0,0.4853774376954484,0,1
2006-10-31,GBPUSD,GB,1,0.03141295499619867,2006,360,0,0.49423642036195836,0,1
2006-10-31,JPYUSD,JP,1,0.01093095189177351,2006,360,0,0.42525844618049496,0,1
2006-10-31,MXNUSD,MX,0,-0.021409371964790758,2006,360,1,0.5180796875151552,0,1
2006-10-31,NOKUSD,NO,1,0.059903433680380536,2006,360,0,0.4572192413234649,0,1
2006-10-31,NZDUSD,NZ,1,0.0210968951565339,2006,360,0,0.45378463913920086,1,1
2006-10-31,SEKUSD,SE,1,0.05384305498879871,2006,360,0,0.48151771250209935,0,1
2006-10-31,ZARUSD,ZA,1,0.03233855927742679,2006,360,0,0.4425643355982185,1,1
2006-11-30,AUDUSD,AU,0,-0.0015209128407066563,2006,360,0,0.49146499587827214,1,1
2006-11-30,CADUSD,CA,0,-0.020724782525725183,2006,360,0,0.46812936269199196,0,1
2006-11-30,CHFUSD,CH,0,-0.01895673670004344,2006,360,0,0.4696226307169578,0,1
2006-11-30,EURUSD,EZ,0,-0.004837865660769491,2006,360,0,0.49513712694844797,0,1
2006-11-30,GBPUSD,GB,0,-0.005448217351456619,2006,360,1,0.5080106167910454,0,1
2006-11-30,JPYUSD,JP,0,-0.029588209496316686,2006,360,0,0.4353669389248946,0,1
2006-11-30,MXNUSD,MX,1,0.01839543603619953,2006,360,1,0.5169367476160296,0,1
2006-11-30,NOKUSD,NO,0,-0.012357901860624798,2006,360,0,0.4699878114508988,0,1
2006-11-30,NZDUSD,NZ,1,0.028211427644911913,2006,360,0,0.46487885641630267,1,1
2006-11-30,SEKUSD,SE,0,-0.00016096815060406833,2006,360,0,0.4980030392853184,0,1
2006-11-30,ZARUSD,ZA,1,0.015859363240107616,2006,360,0,0.42830006720778074,1,1
2006-12-31,AUDUSD,AU,0,-0.018433701688837983,2006,360,0,0.49463464676858226,1,1
2006-12-31,CADUSD,CA,0,-0.011943496349792582,2006,360,0,0.4586615104609634,0,1
2006-12-31,CHFUSD,CH,0,-0.022299728024061632,2006,360,0,0.4724285017633927,0,1
2006-12-31,EURUSD,EZ,0,-0.015194031562535293,2006,360,1,0.5004655370363825,0,1
2006-12-31,GBPUSD,GB,1,0.0012756080000996262,2006,360,1,0.5174114108715756,0,1
2006-12-31,JPYUSD,JP,0,-0.016664274977468807,2006,360,0,0.4309230792633515,0,1
2006-12-31,MXNUSD,MX,0,-0.021853087826348983,2006,360,1,0.516915944901299,0,1
2006-12-31,NOKUSD,NO,0,-0.00510838387591539,2006,360,0,0.4840882075713826,0,1
2006-12-31,NZDUSD,NZ,0,-0.02733589862356728,2006,360,0,0.4804873381978091,1,1
2006-12-31,SEKUSD,SE,0,-0.019001260107165407,2006,360,1,0.5011746354936536,0,1
2006-12-31,ZARUSD,ZA,0,-0.029955350552358873,2006,360,0,0.4225181201778806,1,1
2007-01-31,AUDUSD,AU,1,0.01944790055873316,2007,372,0,0.4916454194444886,1,0
2007-01-31,CADUSD,CA,1,0.007832493643270405,2007,372,0,0.4483004667923521,0,0
2007-01-31,CHFUSD,CH,1,0.022791854018245822,2007,372,0,0.46742882784181045,0,0
2007-01-31,EURUSD,EZ,1,0.017691478654707105,2007,372,0,0.4884087737101439,0,0
2007-01-31,GBPUSD,GB,1,0.00010197838067160792,2007,372,1,0.5102494839625931,0,0
2007-01-31,JPYUSD,JP,1,0.022478489797707724,2007,372,0,0.4289556374938345,0,0
2007-01-31,MXNUSD,MX,0,-0.010758992932768052,2007,372,1,0.5272093854823681,0,0
2007-01-31,NOKUSD,NO,1,0.020820299854563018,2007,372,0,0.48393072172895335,0,0
2007-01-31,NZDUSD,NZ,1,0.0224987857635095,2007,372,0,0.4971270269802291,1,0
2007-01-31,SEKUSD,SE,0,-0.004683715135936906,2007,372,0,0.4941781503739858,0,0
2007-01-31,ZARUSD,ZA,1,0.00048277527748918914,2007,372,0,0.4431871626837835,1,0
2007-02-28,AUDUSD,AU,1,0.02650817878601333,2007,372,0,0.48336222245117205,1,0
2007-02-28,CADUSD,CA,1,0.01463650752274262,2007,372,0,0.43860062761342794,0,0
2007-02-28,CHFUSD,CH,1,0.005181998024160556,2007,372,0,0.46307471488576324,0,0
2007-02-28,EURUSD,EZ,1,0.01082554550492243,2007,372,0,0.490039146640437,0,0
2007-02-28,GBPUSD,GB,1,0.003664312716326945,2007,372,1,0.5148303451797696,1,0
2007-02-28,JPYUSD,JP,1,0.00652848984575094,2007,372,0,0.42226876070990726,0,0
2007-02-28,MXNUSD,MX,1,0.010342341356145202,2007,372,1,0.5130718193633327,0,0
2007-02-28,NOKUSD,NO,1,0.008878754371145936,2007,372,0,0.4902358029352344,0,0
2007-02-28,NZDUSD,NZ,1,0.020607645284845932,2007,372,0,0.4964018662727071,1,0
2007-02-28,SEKUSD,SE,1,0.0020455316572620674,2007,372,0,0.4993210986282402,0,0
2007-02-28,ZARUSD,ZA,0,-0.005777977279888269,2007,372,0,0.4320500326172355,1,0
2007-03-31,AUDUSD,AU,1,0.027025381826401434,2007,372,1,0.5068745017487098,1,0
2007-03-31,CADUSD,CA,1,0.04089427235628822,2007,372,0,0.45135261918260056,0,0
2007-03-31,CHFUSD,CH,1,0.005126096383938683,2007,372,0,0.47010999846374074,0,0
2007-03-31,EURUSD,EZ,1,0.021159330510857388,2007,372,0,0.492379275248262,0,0
2007-03-31,GBPUSD,GB,1,0.015875349158290142,2007,372,1,0.5191842789470177,1,0
2007-03-31,JPYUSD,JP,0,-0.01586531168021832,2007,372,0,0.43675366732129606,0,0
2007-03-31,MXNUSD,MX,1,0.010304020677222692,2007,372,1,0.5332611656304329,0,0
2007-03-31,NOKUSD,NO,1,0.022177841976975587,2007,372,0,0.4953472301014657,0,0
2007-03-31,NZDUSD,NZ,1,0.03662207234492931,2007,372,1,0.5385812105423231,1,0
2007-03-31,SEKUSD,SE,1,0.04184453985160763,2007,372,0,0.49263429351681104,0,0
2007-03-31,ZARUSD,ZA,1,0.036174602803542344,2007,372,0,0.41418846149697,1,0
2007-04-30,AUDUSD,AU,0,-0.0065068310067103174,2007,372,0,0.48991092700719313,1,0
2007-04-30,CADUSD,CA,1,0.03372086687981535,2007,372,0,0.4340957768767304,0,0
2007-04-30,CHFUSD,CH,0,-0.015463377704928699,2007,372,0,0.44902764623535824,0,0
2007-04-30,EURUSD,EZ,0,-0.015269724639238313,2007,372,0,0.47631502979092616,0,0
2007-04-30,GBPUSD,GB,0,-0.010201862484596647,2007,372,0,0.49902186941464777,1,0
2007-04-30,JPYUSD,JP,0,-0.019237740882441123,2007,372,0,0.4234419147674165,0,0
2007-04-30,MXNUSD,MX,1,0.01767670348754269,2007,372,1,0.5366223249377308,0,0
2007-04-30,NOKUSD,NO,0,-0.01605454862574418,2007,372,0,0.4700218954293091,0,0
2007-04-30,NZDUSD,NZ,0,-0.008113634774169709,2007,372,1,0.5313754611534158,1,0
2007-04-30,SEKUSD,SE,0,-0.032551380931233886,2007,372,0,0.4647572944123364,0,0
2007-04-30,ZARUSD,ZA,0,-0.01285964163856157,2007,372,0,0.3944896548423305,1,0
2007-05-31,AUDUSD,AU,1,0.026130461251152953,2007,372,0,0.4946516910018564,1,0
2007-05-31,CADUSD,CA,1,0.006280779962717482,2007,372,0,0.4362113690742422,0,0
2007-05-31,CHFUSD,CH,1,0.0009799118863488276,2007,372,0,0.44584062935190766,0,0
2007-05-31,EURUSD,EZ,1,0.0049679411114122995,2007,372,0,0.4784844055791831,0,0
2007-05-31,GBPUSD,GB,1,0.013346911628669522,2007,372,0,0.49288442655870596,1,0
2007-05-31,JPYUSD,JP,0,-0.013298176797066574,2007,372,0,0.4103077127208464,0,0
2007-05-31,MXNUSD,MX,0,-0.0048401950673127025,2007,372,1,0.5489354300810043,0,0
2007-05-31,NOKUSD,NO,1,0.024484863034609727,2007,372,0,0.46672835879882973,0,0
2007-05-31,NZDUSD,NZ,1,0.048369812684736946,2007,372,1,0.5449639510993332,1,0
2007-05-31,SEKUSD,SE,1,0.01069420127618681,2007,372,0,0.46914443101629993,0,0
2007-05-31,ZARUSD,ZA,1,0.011012394221626254,2007,372,0,0.4478953539012737,1,0
2007-06-30,AUDUSD,AU,1,0.01205750633557709,2007,372,0,0.49293559964274364,1,0
2007-06-30,CADUSD,CA,0,-0.0020666987158867514,2007,372,0,0.4513672823230817,0,0
2007-06-30,CHFUSD,CH,1,0.01805415676206293,2007,372,0,0.44195135376388356,0,0
2007-06-30,EURUSD,EZ,1,0.014028359759699849,2007,372,0,0.4689334891459001,0,0
2007-06-30,GBPUSD,GB,1,0.014891313342025758,2007,372,0,0.49180699935614297,1,0
2007-06-30,JPYUSD,JP,1,0.03513473709917303,2007,372,0,0.4056868082933202,0,0
2007-06-30,MXNUSD,MX,0,-0.012982890496005872,2007,372,1,0.5503937670436677,0,0
2007-06-30,NOKUSD,NO,1,0.014629238580884385,2007,372,0,0.4647857019053466,0,0
2007-06-30,NZDUSD,NZ,0,-0.001942376784206501,2007,372,1,0.5519399352306201,1,0
2007-06-30,SEKUSD,SE,1,0.01929234921276679,2007,372,0,0.44950560043024546,0,0
2007-06-30,ZARUSD,ZA,0,-0.006227022668820137,2007,372,0,0.4762336956926681,1,0
2007-07-31,AUDUSD,AU,0,-0.05218783103436009,2007,372,0,0.4945967188609986,1,0
2007-07-31,CADUSD,CA,1,0.009049835519917955,2007,372,0,0.4664926868527376,0,0
2007-07-31,CHFUSD,CH,0,-0.0041507613968728985,2007,372,0,0.44808494635104895,0,0
2007-07-31,EURUSD,EZ,0,-0.005118466863534676,2007,372,0,0.47156310163730847,0,0
2007-07-31,GBPUSD,GB,0,-0.009820207714758,2007,372,0,0.49945439684863097,1,0
2007-07-31,JPYUSD,JP,1,0.028091734867015106,2007,372,0,0.4003599498891239,0,0
2007-07-31,MXNUSD,MX,0,-0.009188202927304712,2007,372,1,0.5390661519549337,0,0
2007-07-31,NOKUSD,NO,0,-0.0021324903176545007,2007,372,0,0.474649679582737,0,0
2007-07-31,NZDUSD,NZ,0,-0.09369127059531462,2007,372,1,0.5693223953156653,1,0
2007-07-31,SEKUSD,SE,0,-0.024639215393493785,2007,372,0,0.4575231948161204,0,0
2007-07-31,ZARUSD,ZA,0,-0.010386058273461174,2007,372,0,0.4692334158317834,1,0
2007-08-31,AUDUSD,AU,1,0.08210581691635348,2007,372,0,0.48882418354519475,1,0
2007-08-31,CADUSD,CA,1,0.05859661332861303,2007,372,0,0.42737750180902057,0,0
2007-08-31,CHFUSD,CH,1,0.033613070498505454,2007,372,0,0.4271731297539109,0,0
2007-08-31,EURUSD,EZ,1,0.041499134903254076,2007,372,0,0.463551068210973,0,0
2007-08-31,GBPUSD,GB,1,0.01104711140950565,2007,372,0,0.48470424538369206,1,0
2007-08-31,JPYUSD,JP,1,0.0074523741786052256,2007,372,0,0.3964584179184312,0,0
2007-08-31,MXNUSD,MX,1,0.009151610756195527,2007,372,1,0.5075499700379601,1,0
2007-08-31,NOKUSD,NO,1,0.07331540114410728,2007,372,0,0.47411143506653225,0,0
2007-08-31,NZDUSD,NZ,1,0.07445361652976767,2007,372,1,0.5371129033480252,1,0
2007-08-31,SEKUSD,SE,1,0.06106698374564301,2007,372,0,0.4426916313601457,0,0
2007-08-31,ZARUSD,ZA,1,0.04005434732110813,2007,372,0,0.4567854286999809,1,0
2007-09-30,AUDUSD,AU,1,0.04590897739004858,2007,372,0,0.47218029845575565,1,0
2007-09-30,CADUSD,CA,1,0.04760600764213545,2007,372,0,0.40987502668137266,0,0
2007-09-30,CHFUSD,CH,1,0.007136438868230538,2007,372,0,0.40448329480789175,0,0
2007-09-30,EURUSD,EZ,1,0.017360215675614243,2007,372,0,0.4561600485636647,0,0
2007-09-30,GBPUSD,GB,1,0.018851065927811828,2007,372,0,0.4837358619065905,1,0
2007-09-30,JPYUSD,JP,0,-0.002605977847272456,2007,372,0,0.3955756004889218,0,0
2007-09-30,MXNUSD,MX,1,0.021442172143283145,2007,372,0,0.4927114754820698,1,0
2007-09-30,NOKUSD,NO,1,0.004223714620985808,2007,372,0,0.4781238996097175,1,0
2007-09-30,NZDUSD,NZ,1,0.016381992727220407,2007,372,0,0.4952585974050451,1,0
2007-09-30,SEKUSD,SE,1,0.017717228921620753,2007,372,0,0.4246604336541525,0,0
2007-09-30,ZARUSD,ZA,1,0.05156257717894741,2007,372,0,0.46484124412198524,1,0
2007-10-31,AUDUSD,AU,0,-0.04669980384486637,2007,372,1,0.5005225847428566,1,0
2007-10-31,CADUSD,CA,0,-0.0524141908009519,2007,372,0,0.43948374762541076,0,0
2007-10-31,CHFUSD,CH,1,0.026404751378764676,2007,372,0,0.43204187732162136,0,0
2007-10-31,EURUSD,EZ,1,0.015091519788283159,2007,372,0,0.479837712777394,0,0
2007-10-31,GBPUSD,GB,0,-0.01015875609532646,2007,372,0,0.47878976827384645,1,0
2007-10-31,JPYUSD,JP,1,0.037566837350905935,2007,372,0,0.4151805118216377,0,0
2007-10-31,MXNUSD,MX,0,-0.018189391815634615,2007,372,1,0.5047832948055501,1,0
2007-10-31,NOKUSD,NO,0,-0.025440788522194557,2007,372,1,0.5222311252152243,1,0
2007-10-31,NZDUSD,NZ,0,-0.00286383949963831,2007,372,1,0.5186553748084674,1,0
2007-10-31,SEKUSD,SE,0,-0.0031079812168597343,2007,372,0,0.4598481248416246,0,0
2007-10-31,ZARUSD,ZA,0,-0.03975026510587565,2007,372,0,0.4919738992189376,1,0
2007-11-30,AUDUSD,AU,0,-0.00817072180704985,2007,372,1,0.5113789048706247,1,0
2007-11-30,CADUSD,CA,1,0.0126711268954932,2007,372,0,0.46488125596466484,1,0
2007-11-30,CHFUSD,CH,0,-0.003714188917862224,2007,372,0,0.4145715164951357,0,0
2007-11-30,EURUSD,EZ,0,-0.005803846819800396,2007,372,0,0.46879302829941116,0,0
2007-11-30,GBPUSD,GB,0,-0.03583654946420756,2007,372,0,0.4769524882901128,1,0
2007-11-30,JPYUSD,JP,0,-0.006195862320740986,2007,372,0,0.4101472849811074,0,0
2007-11-30,MXNUSD,MX,0,-0.0019162978233744354,2007,372,1,0.5255923337712846,1,0
2007-11-30,NOKUSD,NO,1,0.017250461993991495,2007,372,1,0.5036019943523725,1,0
2007-11-30,NZDUSD,NZ,1,0.0009121116014467745,2007,372,1,0.5083503644667731,1,0
2007-11-30,SEKUSD,SE,0,-0.011871702206028845,2007,372,0,0.4515502092840792,0,0
2007-11-30,ZARUSD,ZA,0,-0.008711940602021517,2007,372,1,0.5080963896137145,1,0
2007-12-31,AUDUSD,AU,1,0.021641962796929662,2007,372,0,0.48508903947557275,1,0
2007-12-31,CADUSD,CA,0,-0.013769753722599422,2007,372,0,0.43412927516995065,1,0
2007-12-31,CHFUSD,CH,1,0.043661665612513806,2007,372,0,0.4161021963719078,0,0
2007-12-31,EURUSD,EZ,1,0.01616663385534689,2007,372,0,0.46577019958443633,0,0
2007-12-31,GBPUSD,GB,1,0.002617143775776931,2007,372,0,0.45854981781666915,1,0
2007-12-31,JPYUSD,JP,1,0.04551025667695807,2007,372,0,0.412877577800294,0,0
2007-12-31,MXNUSD,MX,1,0.009008199525094795,2007,372,0,0.49233234518314695,1,0
2007-12-31,NOKUSD,NO,1,0.003393710144197204,2007,372,0,0.48689998039067844,1,0
2007-12-31,NZDUSD,NZ,1,0.026476292711867716,2007,372,0,0.49491544073146365,1,0
2007-12-31,SEKUSD,SE,1,0.01262426566069319,2007,372,0,0.434999036126397,0,0
2007-12-31,ZARUSD,ZA,0,-0.08291499378600697,2007,372,0,0.47446999171600446,1,0
2008-01-31,AUDUSD,AU,1,0.043850410480472043,2008,384,1,0.6174138099016471,1,1
2008-01-31,CADUSD,CA,1,0.022409335845503774,2008,384,1,0.5754380562760709,1,1
2008-01-31,CHFUSD,CH,1,0.03853860374967358,2008,384,1,0.54677385390185,0,1
2008-01-31,EURUSD,EZ,1,0.023046177834451675,2008,384,1,0.5841048553690183,1,1
2008-01-31,GBPUSD,GB,0,-0.0015593956730265424,2008,384,1,0.5483570408883264,1,1
2008-01-31,JPYUSD,JP,1,0.024179815481706335,2008,384,1,0.5387264482489725,0,1
2008-01-31,MXNUSD,MX,1,0.008605178115739243,2008,384,1,0.6154630835744322,1,1
2008-01-31,NOKUSD,NO,1,0.03889855391516517,2008,384,1,0.6106430564363735,1,1
2008-01-31,NZDUSD,NZ,1,0.017975469858966003,2008,384,1,0.6201520694703935,1,1
2008-01-31,SEKUSD,SE,1,0.03255144978059854,2008,384,1,0.5640424033825004,1,1
2008-01-31,ZARUSD,ZA,0,-0.03785214103154644,2008,384,1,0.6082265855119194,1,1
2008-02-29,AUDUSD,AU,0,-0.02572836758278177,2008,384,1,0.6225768552752041,1,1
2008-02-29,CADUSD,CA,0,-0.047739621292377035,2008,384,1,0.5511453949937344,1,1
2008-02-29,CHFUSD,CH,1,0.05051181786139885,2008,384,1,0.5637841728027245,0,1
2008-02-29,EURUSD,EZ,1,0.03988654691944815,2008,384,1,0.5838436901247632,1,1
2008-02-29,GBPUSD,GB,0,-0.0004531836226506769,2008,384,1,0.5511362905526562,1,1
2008-02-29,JPYUSD,JP,1,0.04254709556226821,2008,384,1,0.554883235831643,0,1
2008-02-29,MXNUSD,MX,1,0.009018477235840816,2008,384,1,0.6202456998257484,1,1
2008-02-29,NOKUSD,NO,1,0.023988398533968613,2008,384,1,0.6085459485569469,1,1
2008-02-29,NZDUSD,NZ,0,-0.02102425270832453,2008,384,1,0.6193777765426131,1,1
2008-02-29,SEKUSD,SE,1,0.038922617721654396,2008,384,1,0.5717611732743247,1,1
2008-02-29,ZARUSD,ZA,0,-0.05087977220653084,2008,384,1,0.5723499187715152,1,1
2008-03-31,AUDUSD,AU,1,0.030944197173130926,2008,384,1,0.6350416548926692,1,1
2008-03-31,CADUSD,CA,1,0.017970729603486946,2008,384,1,0.5265175548130542,1,1
2008-03-31,CHFUSD,CH,0,-0.04926523381925754,2008,384,1,0.5664179710049141,1,1
2008-03-31,EURUSD,EZ,0,-0.01510882022393184,2008,384,1,0.5947353194184186,1,1
2008-03-31,GBPUSD,GB,0,-0.00040300237309331965,2008,384,1,0.5588182372653706,1,1
2008-03-31,JPYUSD,JP,0,-0.04580505168279192,2008,384,1,0.5564228836604246,0,1
2008-03-31,MXNUSD,MX,1,0.01134349276240254,2008,384,1,0.6222788391767633,1,1
2008-03-31,NOKUSD,NO,0,-0.006823422093930054,2008,384,1,0.6253523941138989,1,1
2008-03-31,NZDUSD,NZ,0,-0.006381642589520592,2008,384,1,0.6251742793724616,1,1
2008-03-31,SEKUSD,SE,0,-0.00922283723670847,2008,384,1,0.5776012931115361,1,1
2008-03-31,ZARUSD,ZA,1,0.07328656258768396,2008,384,1,0.5488466489662378,1,1
2008-04-30,AUDUSD,AU,1,0.013916935211920431,2008,384,1,0.604814585622556,1,1
2008-04-30,CADUSD,CA,1,0.015377237598682677,2008,384,0,0.4886278873691333,1,1
2008-04-30,CHFUSD,CH,0,-0.0003837298588912838,2008,384,1,0.5651215077950308,0,1
2008-04-30,EURUSD,EZ,0,-0.0005140066934036236,2008,384,1,0.5926593194187145,1,1
2008-04-30,GBPUSD,GB,0,-0.002724522371523319,2008,384,1,0.5422042667007111,1,1
2008-04-30,JPYUSD,JP,0,-0.0088576225577075,2008,384,1,0.5739480982252768,0,1
2008-04-30,MXNUSD,MX,1,0.01738122656695751,2008,384,1,0.6087585409424143,1,1
2008-04-30,NOKUSD,NO,1,0.005938457582246315,2008,384,1,0.6155861428522111,1,1
2008-04-30,NZDUSD,NZ,1,0.00357873592584515,2008,384,1,0.596531277988648,1,1
2008-04-30,SEKUSD,SE,0,-0.0008175592142976029,2008,384,1,0.5595359602784138,1,1
2008-04-30,ZARUSD,ZA,0,-0.006125089126642447,2008,384,0,0.4858253769931992,1,1
2008-05-31,AUDUSD,AU,1,0.0011510491513112078,2008,384,1,0.6281029373697142,1,1
2008-05-31,CADUSD,CA,0,-0.024550256498640313,2008,384,1,0.5106354394384354,1,1
2008-05-31,CHFUSD,CH,1,0.021718906845179336,2008,384,1,0.5740916365028712,0,1
2008-05-31,EURUSD,EZ,1,0.012009854331245462,2008,384,1,0.6143390220867022,1,1
2008-05-31,GBPUSD,GB,1,0.005692853985273638,2008,384,1,0.5586297651291402,1,1
2008-05-31,JPYUSD,JP,0,-0.00670984892315829,2008,384,1,0.5861133317101199,0,1
2008-05-31,MXNUSD,MX,1,0.0024718296845875898,2008,384,1,0.6152404570923323,1,1
2008-05-31,NOKUSD,NO,0,-0.00053060303295549,2008,384,1,0.6432092254544391,1,1
2008-05-31,NZDUSD,NZ,0,-0.029651942583054036,2008,384,1,0.6082627244909362,1,1
2008-05-31,SEKUSD,SE,0,-0.004144238540950251,2008,384,1,0.585126551930467,1,1
2008-05-31,ZARUSD,ZA,0,-0.02445236465334588,2008,384,1,0.5320592032716924,1,1
2008-06-30,AUDUSD,AU,0,-0.015492748094795936,2008,384,1,0.6226191374505623,1,1
2008-06-30,CADUSD,CA,0,-0.007434251201303064,2008,384,1,0.525535989911535,1,1
2008-06-30,CHFUSD,CH,0,-0.027743309478731954,2008,384,1,0.5874546709620576,0,1
2008-06-30,EURUSD,EZ,0,-0.010147835750947243,2008,384,1,0.6268236396875254,1,1
2008-06-30,GBPUSD,GB,0,-0.0050362717247608435,2008,384,1,0.5637501474018473,1,1
2008-06-30,JPYUSD,JP,0,-0.01801514161968054,2008,384,1,0.6102387872635435,0,1
2008-06-30,MXNUSD,MX,1,0.02645448794330818,2008,384,1,0.6340309084315109,1,1
2008-06-30,NOKUSD,NO,0,-0.008295717782855538,2008,384,1,0.6427307811828881,1,1
2008-06-30,NZDUSD,NZ,0,-0.035992914567961554,2008,384,1,0.6001145709778368,1,1
2008-06-30,SEKUSD,SE,0,-0.00536691697369851,2008,384,1,0.5973371261080496,1,1
2008-06-30,ZARUSD,ZA,1,0.06526068012511543,2008,384,1,0.5511140368783377,1,1
2008-07-31,AUDUSD,AU,0,-0.09485356606506079,2008,384,1,0.6375848806010762,1,1
2008-07-31,CADUSD,CA,0,-0.03542396042639599,2008,384,1,0.5311275091339225,1,1
2008-07-31,CHFUSD,CH,0,-0.04929396652617323,2008,384,1,0.6146600332607927,0,1
2008-07-31,EURUSD,EZ,0,-0.06082911382491801,2008,384,1,0.6389815122247852,1,1
2008-07-31,GBPUSD,GB,0,-0.08511292956908012,2008,384,1,0.5756482798382676,1,1
2008-07-31,JPYUSD,JP,0,-0.005443068929933403,2008,384,1,0.6014455490158349,0,1
2008-07-31,MXNUSD,MX,0,-0.025823435278013118,2008,384,1,0.6570835176784647,1,1
2008-07-31,NOKUSD,NO,0,-0.0552980852594418,2008,384,1,0.646282428415036,1,1
2008-07-31,NZDUSD,NZ,0,-0.04871523509657599,2008,384,1,0.602151169694454,1,1
2008-07-31,SEKUSD,SE,0,-0.06192595421465752,2008,384,1,0.6066451773812875,1,1
2008-07-31,ZARUSD,ZA,0,-0.05196060468697694,2008,384,1,0.5618541836931612,1,1
2008-08-31,AUDUSD,AU,0,-0.08008163559848827,2008,384,1,0.648733572522139,1,1
2008-08-31,CADUSD,CA,1,0.0032033191137690667,2008,384,1,0.5411649594951439,1,1
2008-08-31,CHFUSD,CH,0,-0.015310097319944066,2008,384,1,0.6086857375834214,0,1
2008-08-31,EURUSD,EZ,0,-0.04091005257045127,2008,384,1,0.6428359651862843,1,1
2008-08-31,GBPUSD,GB,0,-0.02144884137642289,2008,384,1,0.5833248870459905,1,1
2008-08-31,JPYUSD,JP,1,0.02562689745871527,2008,384,1,0.5820046719097471,0,1
2008-08-31,MXNUSD,MX,0,-0.0635486655574331,2008,384,1,0.6827208128534809,1,1
2008-08-31,NOKUSD,NO,0,-0.08223421691611987,2008,384,1,0.6481178333244388,1,1
2008-08-31,NZDUSD,NZ,0,-0.04400973338971104,2008,384,1,0.6210107861061117,1,1
2008-08-31,SEKUSD,SE,0,-0.07563854539773374,2008,384,1,0.6215302364256197,1,1
2008-08-31,ZARUSD,ZA,0,-0.07681288970970801,2008,384,1,0.5883063368969501,1,1
2008-09-30,AUDUSD,AU,0,-0.18424648520353903,2008,384,1,0.5573581302493308,1,1
2008-09-30,CADUSD,CA,0,-0.13741644713383167,2008,384,0,0.44922792622232904,1,1
2008-09-30,CHFUSD,CH,0,-0.04200459999838624,2008,384,1,0.5506405868870291,0,1
2008-09-30,EURUSD,EZ,0,-0.10464270565733466,2008,384,1,0.5787741361132968,1,1
2008-09-30,GBPUSD,GB,0,-0.09657473997621147,2008,384,1,0.5237725914150468,1,1
2008-09-30,JPYUSD,JP,1,0.07505234846340159,2008,384,1,0.5352194791467865,0,1
2008-09-30,MXNUSD,MX,0,-0.1465943605400808,2008,384,1,0.6424737908395801,1,1
2008-09-30,NOKUSD,NO,0,-0.13034879915621045,2008,384,1,0.5875060415906076,1,1
2008-09-30,NZDUSD,NZ,0,-0.14017308816950935,2008,384,1,0.5268613041687179,1,1
2008-09-30,SEKUSD,SE,0,-0.11361041512996817,2008,384,1,0.5454638424306892,1,1
2008-09-30,ZARUSD,ZA,0,-0.17141468817334937,2008,384,1,0.5053750918100396,1,1
2008-10-31,AUDUSD,AU,0,-0.004268299163038947,2008,384,0,0.4390368839415216,1,1
2008-10-31,CADUSD,CA,0,-0.01647806270301394,2008,384,0,0.37610557333716166,1,1
2008-10-31,CHFUSD,CH,0,-0.04162722341151556,2008,384,0,0.46485896366750507,0,1
2008-10-31,EURUSD,EZ,1,0.0009457756064385481,2008,384,1,0.5224850323763461,1,1
2008-10-31,GBPUSD,GB,0,-0.05186323879269056,2008,384,0,0.4809925975844583,1,1
2008-10-31,JPYUSD,JP,1,0.02911323607522842,2008,384,0,0.4911942771381038,0,1
2008-10-31,MXNUSD,MX,0,-0.05251254293095364,2008,384,1,0.5881618581883821,1,1
2008-10-31,NOKUSD,NO,0,-0.042775100945667166,2008,384,1,0.5305747145616735,1,1
2008-10-31,NZDUSD,NZ,0,-0.055692693732202536,2008,384,0,0.45117063195632084,1,1
2008-10-31,SEKUSD,SE,0,-0.04255586625372354,2008,384,0,0.4494703884241573,1,1
2008-10-31,ZARUSD,ZA,0,-0.02303557040182369,2008,384,0,0.42836122597472065,1,1
2008-11-30,AUDUSD,AU,1,0.06462444778490961,2008,384,0,0.4123662705052136,1,1
2008-11-30,CADUSD,CA,1,0.009756174945364626,2008,384,0,0.4322778544556207,1,1
2008-11-30,CHFUSD,CH,1,0.130845788303658,2008,384,0,0.4883540707411098,0,1
2008-11-30,EURUSD,EZ,1,0.09212537236098503,2008,384,1,0.5130580188728157,1,1
2008-11-30,GBPUSD,GB,0,-0.04866311985522709,2008,384,0,0.45665585896925603,1,1
2008-11-30,JPYUSD,JP,1,0.0501581641940847,2008,384,1,0.5708895942991307,0,1
2008-11-30,MXNUSD,MX,0,-0.03247658867790815,2008,384,1,0.6113200810449122,1,1
2008-11-30,NOKUSD,NO,1,0.0037917585511431096,2008,384,1,0.5389022936088714,1,1
2008-11-30,NZDUSD,NZ,1,0.055692693732202536,2008,384,0,0.43785650322790387,1,1
2008-11-30,SEKUSD,SE,1,0.030370718105629635,2008,384,0,0.46635186704352416,1,1
2008-11-30,ZARUSD,ZA,1,0.0825210236880034,2008,384,0,0.46026008638468635,1,1
2008-12-31,AUDUSD,AU,0,-0.09031052650719978,2008,384,0,0.4065866196715942,1,1
2008-12-31,CADUSD,CA,0,-0.010160623889199388,2008,384,0,0.4172467699781081,1,1
2008-12-31,CHFUSD,CH,0,-0.08432185823055555,2008,384,0,0.464509311159658,0,1
2008-12-31,EURUSD,EZ,0,-0.08349719113764684,2008,384,0,0.4842244874809293,1,1
2008-12-31,GBPUSD,GB,0,-0.014191475428513067,2008,384,0,0.43200348858867316,1,1
2008-12-31,JPYUSD,JP,1,0.010630152142550031,2008,384,1,0.595411432542556,1,1
2008-12-31,MXNUSD,MX,0,-0.03557982256008918,2008,384,1,0.6161563554133246,1,1
2008-12-31,NOKUSD,NO,1,0.008609696560241575,2008,384,0,0.4606527506123709,1,1
2008-12-31,NZDUSD,NZ,0,-0.13434243264342027,2008,384,0,0.40126626319745,1,1
2008-12-31,SEKUSD,SE,0,-0.06007334935660902,2008,384,0,0.40644763994403316,1,1
2008-12-31,ZARUSD,ZA,0,-0.09237332013101485,2008,384,0,0.4544705945472994,1,1
2009-01-31,AUDUSD,AU,1,0.006094244972942642,2009,396,0,0.33164013124213343,1,0
2009-01-31,CADUSD,CA,0,-0.027519184227983162,2009,396,0,0.36744682323345124,1,0
2009-01-31,CHFUSD,CH,0,-0.00515376505810114,2009,396,0,0.44350961862720945,0,0
2009-01-31,EURUSD,EZ,0,-0.01115223998568185,2009,396,0,0.4035297987843615,1,0
2009-01-31,GBPUSD,GB,0,-0.009550771473051833,2009,396,0,0.3442949321766191,1,0
2009-01-31,JPYUSD,JP,0,-0.08439189660089319,2009,396,1,0.5475076222790682,0,0
2009-01-31,MXNUSD,MX,0,-0.05133515495002294,2009,396,0,0.49168668336106336,1,0
2009-01-31,NOKUSD,NO,0,-0.0188501055236574,2009,396,0,0.3567956755520361,1,0
2009-01-31,NZDUSD,NZ,0,-0.010678369215559647,2009,396,0,0.30751507119913474,1,0
2009-01-31,SEKUSD,SE,0,-0.07586722467790663,2009,396,0,0.33274362269110386,1,0
2009-01-31,ZARUSD,ZA,1,0.01630873804192401,2009,396,0,0.4036664660469207,1,0
2009-02-28,AUDUSD,AU,1,0.07587570974376101,2009,396,0,0.33051835875424485,1,0
2009-02-28,CADUSD,CA,1,0.008216194110444275,2009,396,0,0.3695986036018534,1,0
2009-02-28,CHFUSD,CH,1,0.024018148522836985,2009,396,0,0.4469756322584875,0,0
2009-02-28,EURUSD,EZ,1,0.046222014573527204,2009,396,0,0.4050103622032524,1,0
2009-02-28,GBPUSD,GB,1,0.0016797316379476568,2009,396,0,0.3760274876129981,1,0
2009-02-28,JPYUSD,JP,0,-0.014322963123796661,2009,396,1,0.5412734716962946,0,0
2009-02-28,MXNUSD,MX,1,0.05995378378209226,2009,396,0,0.4636996401742239,1,0
2009-02-28,NOKUSD,NO,1,0.0440500187522368,2009,396,0,0.37464817785148397,1,0
2009-02-28,NZDUSD,NZ,1,0.1236416961159581,2009,396,0,0.2957311941669184,1,0
2009-02-28,SEKUSD,SE,1,0.0894078632916826,2009,396,0,0.3128769921660033,1,0
2009-02-28,ZARUSD,ZA,1,0.05299930915809492,2009,396,0,0.3829265212426963,1,0
2009-03-31,AUDUSD,AU,1,0.05506235582849078,2009,396,0,0.3902577520262518,1,0
2009-03-31,CADUSD,CA,1,0.05436253872766711,2009,396,0,0.40193909089775487,1,0
2009-03-31,CHFUSD,CH,0,-0.0006141159117426243,2009,396,0,0.46127810359333143,0,0
2009-03-31,EURUSD,EZ,0,-0.0012827770104620884,2009,396,0,0.42735740244387854,1,0
2009-03-31,GBPUSD,GB,1,0.034300073653849295,2009,396,0,0.40069695619963547,1,0
2009-03-31,JPYUSD,JP,1,0.003941190488826685,2009,396,1,0.5405960516463152,0,0
2009-03-31,MXNUSD,MX,1,0.029204888803106233,2009,396,0,0.47967275289219147,1,0
2009-03-31,NOKUSD,NO,1,0.026551628515511627,2009,396,0,0.3847060227932539,1,0
2009-03-31,NZDUSD,NZ,1,0.0005269166715394791,2009,396,0,0.3600991259138473,1,0
2009-03-31,SEKUSD,SE,1,0.03251437866755147,2009,396,0,0.3398786913242643,1,0
2009-03-31,ZARUSD,ZA,1,0.12009736448234065,2009,396,0,0.4161725927497163,1,0
2009-04-30,AUDUSD,AU,1,0.08836575074198905,2009,396,0,0.39836861067142204,1,0
2009-04-30,CADUSD,CA,1,0.08583183093999502,2009,396,0,0.43033370160860274,1,0
2009-04-30,CHFUSD,CH,1,0.0642929803327177,2009,396,0,0.4878610667990716,0,0
2009-04-30,EURUSD,EZ,1,0.06447245130173068,2009,396,0,0.4477170492621882,1,0
2009-04-30,GBPUSD,GB,1,0.0879794421732385,2009,396,0,0.42033882991584687,1,0
2009-04-30,JPYUSD,JP,1,0.03304299379069686,2009,396,1,0.5747134106907559,0,0
2009-04-30,MXNUSD,MX,1,0.0458887906753751,2009,396,0,0.46456744321266635,1,0
2009-04-30,NOKUSD,NO,1,0.039303555019171155,2009,396,0,0.42503629601417336,1,0
2009-04-30,NZDUSD,NZ,1,0.11201087268492654,2009,396,0,0.36501352646169755,1,0
2009-04-30,SEKUSD,SE,1,0.0469004108569937,2009,396,0,0.3677195196712783,1,0
2009-04-30,ZARUSD,ZA,1,0.05010916162633361,2009,396,0,0.41854503011577987,1,0
2009-05-31,AUDUSD,AU,1,0.0077268579850556796,2009,396,0,0.47187661281018956,1,0
2009-05-31,CADUSD,CA,0,-0.05926544785590265,2009,396,0,0.48432246945707996,1,0
2009-05-31,CHFUSD,CH,0,-0.016234875804042093,2009,396,1,0.5417578112476653,0,0
2009-05-31,EURUSD,EZ,0,-0.0075321893802866025,2009,396,1,0.51034359852914,1,0
2009-05-31,GBPUSD,GB,1,0.017907997275228293,2009,396,0,0.4838511168338753,1,0
2009-05-31,JPYUSD,JP,0,-0.009063978291194097,2009,396,1,0.6156301089651348,0,0
2009-05-31,MXNUSD,MX,1,0.0009107468753382086,2009,396,0,0.48359640940700405,1,0
2009-05-31,NOKUSD,NO,0,-0.019060446988728774,2009,396,0,0.4632943267274511,1,0
2009-05-31,NZDUSD,NZ,1,0.012015436744411134,2009,396,0,0.44291721267227413,1,0
2009-05-31,SEKUSD,SE,0,-0.013810934553046383,2009,396,0,0.42190523146925807,1,0
2009-05-31,ZARUSD,ZA,1,0.037764284382201474,2009,396,0,0.4701664832813279,1,0
2009-06-30,AUDUSD,AU,1,0.03465028847591059,2009,396,1,0.5081914309639414,1,0
2009-06-30,CADUSD,CA,1,0.0745315158975623,2009,396,1,0.5139196658162842,1,0
2009-06-30,CHFUSD,CH,1,0.018482067760946783,2009,396,1,0.557508953776235,0,0
2009-06-30,EURUSD,EZ,1,0.01830504484171419,2009,396,1,0.5350949061703468,1,0
2009-06-30,GBPUSD,GB,1,0.015739809338610522,2009,396,1,0.5142137650095043,1,0
2009-06-30,JPYUSD,JP,1,0.019690623612385494,2009,396,1,0.6385039400563502,0,0
2009-06-30,MXNUSD,MX,0,-0.0024646898437614695,2009,396,0,0.49761627292978305,1,0
2009-06-30,NOKUSD,NO,1,0.051118290932012034,2009,396,0,0.4851272504834972,1,0
2009-06-30,NZDUSD,NZ,1,0.024212031645805432,2009,396,0,0.49450045426695977,1,0
2009-06-30,SEKUSD,SE,1,0.06842276632545641,2009,396,0,0.4626400147220221,1,0
2009-06-30,ZARUSD,ZA,0,-0.010616152463189366,2009,396,1,0.509959268455194,1,0
2009-07-31,AUDUSD,AU,1,0.011920513070981187,2009,396,1,0.5201771395104218,1,0
2009-07-31,CADUSD,CA,0,-0.016178310396475326,2009,396,1,0.5351806584972908,1,0
2009-07-31,CHFUSD,CH,1,0.00932341829255754,2009,396,1,0.5644155783980804,0,0
2009-07-31,EURUSD,EZ,1,0.00523872255972202,2009,396,1,0.5321777129407645,1,0
2009-07-31,GBPUSD,GB,0,-0.024163224828399554,2009,396,1,0.5085942585570334,1,0
2009-07-31,JPYUSD,JP,1,0.018360891552061,2009,396,1,0.6409779678346796,0,0
2009-07-31,MXNUSD,MX,0,-0.010068438321727768,2009,396,0,0.4833242477677719,1,0
2009-07-31,NOKUSD,NO,1,0.018086600063748515,2009,396,0,0.49193384921351935,1,0
2009-07-31,NZDUSD,NZ,1,0.037297243321190054,2009,396,1,0.5086030456806013,1,0
2009-07-31,SEKUSD,SE,1,0.014880645336451392,2009,396,0,0.4753602308062526,1,0
2009-07-31,ZARUSD,ZA,1,0.004425779328964374,2009,396,1,0.509017156696931,1,0
2009-08-31,AUDUSD,AU,1,0.04461146377537184,2009,396,1,0.5691156013020765,1,0
2009-08-31,CADUSD,CA,1,0.022872896068689405,2009,396,1,0.5534212460495033,1,0
2009-08-31,CHFUSD,CH,1,0.018526121910448147,2009,396,1,0.5886724004077946,0,0
2009-08-31,EURUSD,EZ,1,0.019045566024152805,2009,396,1,0.5576887558632316,1,0
2009-08-31,GBPUSD,GB,0,-0.019184943883399974,2009,396,1,0.532528858382644,1,0
2009-08-31,JPYUSD,JP,1,0.03653524661826246,2009,396,1,0.6486998732710322,0,0
2009-08-31,MXNUSD,MX,0,-0.01076955286372172,2009,396,1,0.5060439746199885,1,0
2009-08-31,NOKUSD,NO,1,0.03867266266431435,2009,396,1,0.5304423496349338,1,0
2009-08-31,NZDUSD,NZ,1,0.053529706571665114,2009,396,1,0.556376915301685,1,0
2009-08-31,SEKUSD,SE,1,0.019225900308394328,2009,396,1,0.5078159225837423,1,0
2009-08-31,ZARUSD,ZA,1,0.03120968850399075,2009,396,1,0.548407364063433,1,0
2009-09-30,AUDUSD,AU,1,0.023962629037886693,2009,396,1,0.6061458629305518,1,0
2009-09-30,CADUSD,CA,0,-0.004468033124197385,2009,396,1,0.5468096735228977,1,0
2009-09-30,CHFUSD,CH,1,0.01329277808137052,2009,396,1,0.5918807959179462,0,0
2009-09-30,EURUSD,EZ,1,0.008507793362869775,2009,396,1,0.5689085617269736,1,0
2009-09-30,GBPUSD,GB,1,0.02924815203360437,2009,396,1,0.5270107239738601,1,0
2009-09-30,JPYUSD,JP,0,-0.011222963511113626,2009,396,1,0.6433561159811816,0,0
2009-09-30,MXNUSD,MX,1,0.024404274652604308,2009,396,1,0.5309583939504259,1,0
2009-09-30,NOKUSD,NO,1,0.01434784861917282,2009,396,1,0.5637986812298719,1,0
2009-09-30,NZDUSD,NZ,0,-0.00041485169647048625,2009,396,1,0.5808470784825828,1,0
2009-09-30,SEKUSD,SE,0,-0.010794421041441682,2009,396,1,0.5310345431439447,1,0
2009-09-30,ZARUSD,ZA,0,-0.036722876389909676,2009,396,1,0.5928986619104424,1,0
2009-10-31,AUDUSD,AU,1,0.011550648193201521,2009,396,1,0.6678032987002034,1,0
2009-10-31,CADUSD,CA,1,0.018466100951433674,2009,396,1,0.5799148567967194,1,0
2009-10-31,CHFUSD,CH,1,0.018533653530306976,2009,396,1,0.5948506928766772,0,0
2009-10-31,EURUSD,EZ,1,0.01606811268596764,2009,396,1,0.5947319577165261,1,0
2009-10-31,GBPUSD,GB,0,-0.004256878235579686,2009,396,1,0.5486341756167578,1,0
2009-10-31,JPYUSD,JP,1,0.04960817820971819,2009,396,1,0.5976540557298463,0,0
2009-10-31,MXNUSD,MX,1,0.018373069235767314,2009,396,1,0.5711276450046543,1,0
2009-10-31,NOKUSD,NO,1,0.00038637840976663007,2009,396,1,0.6021176926741106,1,0
2009-10-31,NZDUSD,NZ,0,-0.010986829104414453,2009,396,1,0.6110699661790076,1,0
2009-10-31,SEKUSD,SE,1,0.0083887493721988,2009,396,1,0.5625175332749949,1,0
2009-10-31,ZARUSD,ZA,1,0.05844537171730946,2009,396,1,0.6164313525027453,1,0
2009-11-30,AUDUSD,AU,0,-0.018100041643617906,2009,396,1,0.6752726441826022,1,0
2009-11-30,CADUSD,CA,1,0.010365743520522344,2009,396,1,0.5840537944525231,1,0
2009-11-30,CHFUSD,CH,0,-0.03018653349661514,2009,396,1,0.611927000467633,0,0
2009-11-30,EURUSD,EZ,0,-0.04515532163816299,2009,396,1,0.5949594227378467,1,0
2009-11-30,GBPUSD,GB,0,-0.014857837173543997,2009,396,1,0.5622709255874222,1,0
2009-11-30,JPYUSD,JP,0,-0.07771766593792861,2009,396,1,0.5973768393936437,0,0
2009-11-30,MXNUSD,MX,0,-0.010903486836812526,2009,396,1,0.5922465512088704,1,0
2009-11-30,NOKUSD,NO,0,-0.016912801789209286,2009,396,1,0.6190444486197185,1,0
2009-11-30,NZDUSD,NZ,1,0.014438679269892396,2009,396,1,0.6237938542455348,1,0
2009-11-30,SEKUSD,SE,0,-0.022807472840281617,2009,396,1,0.5709607540394906,1,0
2009-11-30,ZARUSD,ZA,1,0.002130504323916149,2009,396,1,0.6411184045162797,1,0
2009-12-31,AUDUSD,AU,0,-0.01187555968547091,2009,396,1,0.6669315938890698,1,0
2009-12-31,CADUSD,CA,0,-0.018093611590061932,2009,396,1,0.5894286419265587,1,0
2009-12-31,CHFUSD,CH,0,-0.01902997900585815,2009,396,1,0.5669096898010524,0,0
2009-12-31,EURUSD,EZ,0,-0.03276656511596715,2009,396,1,0.5601354598727433,1,0
2009-12-31,GBPUSD,GB,0,-0.00982106352351192,2009,396,1,0.5784141577986575,1,0
2009-12-31,JPYUSD,JP,1,0.02943633445095717,2009,396,1,0.5678068069111485,0,0
2009-12-31,MXNUSD,MX,1,0.0022310741790381172,2009,396,1,0.6042504591364342,1,0
2009-12-31,NOKUSD,NO,0,-0.02223832036655149,2009,396,1,0.6239153935167135,1,0
2009-12-31,NZDUSD,NZ,0,-0.029230806417105293,2009,396,1,0.6194998774111806,1,0
2009-12-31,SEKUSD,SE,0,-0.03191818850770689,2009,396,1,0.5689058064612325,1,0
2009-12-31,ZARUSD,ZA,0,-0.029276652076031473,2009,396,1,0.6276717765498266,1,0
2010-01-31,AUDUSD,AU,1,0.009868870048881748,2010,408,1,0.5942555181362098,1,1
2010-01-31,CADUSD,CA,1,0.012469460642121864,2010,408,1,0.5276603052142645,1,1
2010-01-31,CHFUSD,CH,0,-0.01448210377493462,2010,408,1,0.5297232159522621,0,1
2010-01-31,EURUSD,EZ,0,-0.015256380184096141,2010,408,1,0.5124046905357285,1,1
2010-01-31,GBPUSD,GB,0,-0.04929313278823372,2010,408,1,0.5208986380726055,1,1
2010-01-31,JPYUSD,JP,1,0.017186004956907475,2010,408,1,0.5434488064550734,0,1
2010-01-31,MXNUSD,MX,1,0.0210199315978139,2010,408,1,0.5700550429926934,1,1
2010-01-31,NOKUSD,NO,1,0.0035365921473966555,2010,408,1,0.5527664428904406,1,1
2010-01-31,NZDUSD,NZ,0,-0.006549930863732678,2010,408,1,0.5566342328286594,1,1
2010-01-31,SEKUSD,SE,1,0.0392423783394944,2010,408,1,0.5126173917964714,1,1
2010-01-31,ZARUSD,ZA,0,-0.007884403524148986,2010,408,1,0.5750398048801673,1,1
2010-02-28,AUDUSD,AU,1,0.022946401165681335,2010,408,1,0.5820110343272816,1,1
2010-02-28,CADUSD,CA,1,0.03521354346713187,2010,408,1,0.525416706284323,1,1
2010-02-28,CHFUSD,CH,1,0.017232876199531212,2010,408,1,0.5142291054445158,0,1
2010-02-28,EURUSD,EZ,0,-0.009858094989895871,2010,408,0,0.49780775352955886,1,1
2010-02-28,GBPUSD,GB,0,-0.0034839805166817506,2010,408,0,0.4941490560879221,1,1
2010-02-28,JPYUSD,JP,0,-0.05005434620857052,2010,408,1,0.5401443987909212,0,1
2010-02-28,MXNUSD,MX,1,0.03647942199731924,2010,408,1,0.5729601001370005,1,1
2010-02-28,NOKUSD,NO,0,-0.006673505705657057,2010,408,1,0.5479817525585561,1,1
2010-02-28,NZDUSD,NZ,1,0.013902905168991453,2010,408,1,0.5523420685142313,1,1
2010-02-28,SEKUSD,SE,0,-0.01423422011325659,2010,408,1,0.5319816330672252,1,1
2010-02-28,ZARUSD,ZA,1,0.04142208727986918,2010,408,1,0.553476534983356,1,1
2010-03-31,AUDUSD,AU,1,0.01483112435469297,2010,408,1,0.5417445356488351,1,1
2010-03-31,CADUSD,CA,1,0.004341826437930362,2010,408,0,0.4963775420529846,1,1
2010-03-31,CHFUSD,CH,0,-0.02244752625061853,2010,408,0,0.4833590009858448,0,1
2010-03-31,EURUSD,EZ,0,-0.0166993592905188,2010,408,0,0.4568433870062571,1,1
2010-03-31,GBPUSD,GB,1,0.008001616772413844,2010,408,0,0.4595156075975341,1,1
2010-03-31,JPYUSD,JP,0,-0.008953374668479341,2010,408,0,0.4916818546206243,0,1
2010-03-31,MXNUSD,MX,1,0.0059033300112805165,2010,408,1,0.5396018199753243,1,1
2010-03-31,NOKUSD,NO,1,0.006453161119733819,2010,408,1,0.5008951317624055,1,1
2010-03-31,NZDUSD,NZ,1,0.0307972737489155,2010,408,0,0.4965948685820566,1,1
2010-03-31,SEKUSD,SE,0,-0.004584908334402282,2010,408,0,0.47485717557051066,1,1
2010-03-31,ZARUSD,ZA,0,-0.0029288581370146005,2010,408,1,0.5209074943253447,1,1
2010-04-30,AUDUSD,AU,0,-0.09165257440523042,2010,408,1,0.5729845069518041,1,1
2010-04-30,CADUSD,CA,0,-0.03736666464915907,2010,408,1,0.5207477561604335,1,1
2010-04-30,CHFUSD,CH,0,-0.06881329435964094,2010,408,1,0.5049306386739106,0,1
2010-04-30,EURUSD,EZ,0,-0.0727210574693567,2010,408,0,0.4838134393879035,1,1
2010-04-30,GBPUSD,GB,0,-0.05477879453062495,2010,408,0,0.4887864989851416,1,1
2010-04-30,JPYUSD,JP,1,0.03707530820153959,2010,408,1,0.5159047582973086,0,1
2010-04-30,MXNUSD,MX,0,-0.05064171358576264,2010,408,1,0.5634199438674266,1,1
2010-04-30,NOKUSD,NO,0,-0.08697889333914244,2010,408,1,0.5336213522937195,1,1
2010-04-30,NZDUSD,NZ,0,-0.07398187669929601,2010,408,1,0.5409627890954393,1,1
2010-04-30,SEKUSD,SE,0,-0.07432511970436106,2010,408,1,0.5066013637409915,1,1
2010-04-30,ZARUSD,ZA,0,-0.026868329442311767,2010,408,1,0.5240137988662669,1,1
2010-05-31,AUDUSD,AU,0,-0.0012963292134146598,2010,408,1,0.5611719659023439,1,1
2010-05-31,CADUSD,CA,0,-0.010330376661277493,2010,408,1,0.5243911562103625,1,1
2010-05-31,CHFUSD,CH,1,0.0681633709348789,2010,408,1,0.5047174499617408,0,1
2010-05-31,EURUSD,EZ,0,-0.006326055160028959,2010,408,0,0.48504221665749087,1,1
2010-05-31,GBPUSD,GB,1,0.030913837770846553,2010,408,0,0.495424149285522,1,1
2010-05-31,JPYUSD,JP,1,0.02587986042247792,2010,408,1,0.552854801952225,0,1
2010-05-31,MXNUSD,MX,1,0.002545352605465734,2010,408,1,0.5632864477783105,1,1
2010-05-31,NOKUSD,NO,0,-0.00707482574156959,2010,408,1,0.5279405176499815,1,1
2010-05-31,NZDUSD,NZ,1,0.015037877364540653,2010,408,1,0.5339277931212619,1,1
2010-05-31,SEKUSD,SE,1,0.005416092949913409,2010,408,0,0.49685902379579466,1,1
2010-05-31,ZARUSD,ZA,0,-0.009685848179798118,2010,408,1,0.5356784101260341,1,1
2010-06-30,AUDUSD,AU,1,0.06516479904122208,2010,408,1,0.5679055576653531,1,1
2010-06-30,CADUSD,CA,1,0.02995582617051581,2010,408,1,0.5345760797323091,1,1
2010-06-30,CHFUSD,CH,1,0.0343689416314645,2010,408,1,0.5432365819853253,0,1
2010-06-30,EURUSD,EZ,1,0.061375726382055046,2010,408,0,0.49687384450894817,1,1
2010-06-30,GBPUSD,GB,1,0.050041423949952424,2010,408,1,0.5174240658294383,1,1
2010-06-30,JPYUSD,JP,1,0.023554713514712056,2010,408,1,0.5737359737016591,0,1
2010-06-30,MXNUSD,MX,1,0.014800428768064311,2010,408,1,0.5657799996796993,1,1
2010-06-30,NOKUSD,NO,1,0.06977661853221395,2010,408,1,0.5472264619547577,1,1
2010-06-30,NZDUSD,NZ,1,0.050851231759644844,2010,408,1,0.5535802799580027,1,1
2010-06-30,SEKUSD,SE,1,0.07427171290583656,2010,408,1,0.5148184545230633,1,1
2010-06-30,ZARUSD,ZA,1,0.04474926548620184,2010,408,1,0.5264200387568957,1,1
2010-07-31,AUDUSD,AU,0,-0.01570100736231579,2010,408,1,0.5903211786637282,1,1
2010-07-31,CADUSD,CA,0,-0.03315643136907591,2010,408,1,0.5474723144327103,1,1
2010-07-31,CHFUSD,CH,1,0.025293177139081184,2010,408,1,0.5617136118372782,0,1
2010-07-31,EURUSD,EZ,0,-0.02832610911011893,2010,408,1,0.535245347988224,1,1
2010-07-31,GBPUSD,GB,0,-0.022915523845277952,2010,408,1,0.5401946249261396,1,1
2010-07-31,JPYUSD,JP,1,0.02732827078564437,2010,408,1,0.5870812286287577,0,1
2010-07-31,MXNUSD,MX,0,-0.04068877993018116,2010,408,1,0.584653788683403,1,1
2010-07-31,NOKUSD,NO,0,-0.03928115043292224,2010,408,1,0.5755855297706458,1,1
2010-07-31,NZDUSD,NZ,0,-0.03732195228066515,2010,408,1,0.5790120252064395,1,1
2010-07-31,SEKUSD,SE,0,-0.02358995028863564,2010,408,1,0.5469364895156253,1,1
2010-07-31,ZARUSD,ZA,0,-0.011047575535811482,2010,408,1,0.5622094760971702,1,1
2010-08-31,AUDUSD,AU,1,0.07874686713973625,2010,408,1,0.6077658342725595,1,1
2010-08-31,CADUSD,CA,1,0.03315643136907591,2010,408,1,0.5674141600955261,1,1
2010-08-31,CHFUSD,CH,1,0.03427532629394061,2010,408,1,0.6050561992281952,0,1
2010-08-31,EURUSD,EZ,1,0.0682264149458365,2010,408,1,0.5558355303481576,1,1
2010-08-31,GBPUSD,GB,1,0.02399677693201585,2010,408,1,0.563830387696971,1,1
2010-08-31,JPYUSD,JP,1,0.006800718211087187,2010,408,1,0.6095248967944453,0,1
2010-08-31,MXNUSD,MX,1,0.041883915633260216,2010,408,1,0.602484356872061,1,1
2010-08-31,NOKUSD,NO,1,0.06445688359443413,2010,408,1,0.5874988823602159,1,1
2010-08-31,NZDUSD,NZ,1,0.04664347282626857,2010,408,1,0.5903325763711151,1,1
2010-08-31,SEKUSD,SE,1,0.08587458029091133,2010,408,1,0.5673116014811891,1,1
2010-08-31,ZARUSD,ZA,1,0.05888571411165122,2010,408,1,0.5842070582086959,1,1
2010-09-30,AUDUSD,AU,1,0.01625717459392885,2010,408,1,0.6398681826738648,1,1
2010-09-30,CADUSD,CA,1,0.010351654936493187,2010,408,1,0.5892551477741546,1,1
2010-09-30,CHFUSD,CH,0,-0.004273075990141978,2010,408,1,0.6058029257922308,0,1
2010-09-30,EURUSD,EZ,1,0.02131377282007274,2010,408,1,0.587837963450564,1,1
2010-09-30,GBPUSD,GB,1,0.018204653799845483,2010,408,1,0.5788169133524469,1,1
2010-09-30,JPYUSD,JP,1,0.037197142416386164,2010,408,1,0.6067346969839478,0,1
2010-09-30,MXNUSD,MX,1,0.022869811450902056,2010,408,1,0.6294636241802586,1,1
2010-09-30,NOKUSD,NO,1,0.0028368331449937223,2010,408,1,0.6119254865713278,1,1
2010-09-30,NZDUSD,NZ,1,0.03959324154976218,2010,408,1,0.6018809002168843,1,1
2010-09-30,SEKUSD,SE,1,0.008583743691391588,2010,408,1,0.6060224958650353,1,1
2010-09-30,ZARUSD,ZA,0,-0.00353286213038273,2010,408,1,0.6034310923899364,1,1
2010-10-31,AUDUSD,AU,0,-0.01968628378878161,2010,408,1,0.6186061833263177,1,1
2010-10-31,CADUSD,CA,0,-0.007725066530182189,2010,408,1,0.5802461659281012,1,1
2010-10-31,CHFUSD,CH,0,-0.013612511683780915,2010,408,1,0.5875556636809828,0,1
2010-10-31,EURUSD,EZ,0,-0.06374233129537399,2010,408,1,0.5749365739821474,1,1
2010-10-31,GBPUSD,GB,0,-0.027978279142456375,2010,408,1,0.566251856344342,1,1
2010-10-31,JPYUSD,JP,0,-0.03755623033693567,2010,408,1,0.6114563786141315,0,1
2010-10-31,MXNUSD,MX,0,-0.009074289444618966,2010,408,1,0.6221020218049454,1,1
2010-10-31,NOKUSD,NO,0,-0.051164852014830675,2010,408,1,0.5847717754231541,1,1
2010-10-31,NZDUSD,NZ,0,-0.023889656357502898,2010,408,1,0.5970194938727412,1,1
2010-10-31,SEKUSD,SE,0,-0.04487058304625546,2010,408,1,0.5924421263717746,1,1
2010-10-31,ZARUSD,ZA,0,-0.015646432556762235,2010,408,1,0.5837336935362669,1,1
2010-11-30,AUDUSD,AU,1,0.05221927336428478,2010,408,1,0.6162438212164983,1,1
2010-11-30,CADUSD,CA,1,0.025352775901229693,2010,408,1,0.5785806265258672,1,1
2010-11-30,CHFUSD,CH,1,0.06367759989872733,2010,408,1,0.575235211945525,0,1
2010-11-30,EURUSD,EZ,1,0.017715726578984237,2010,408,1,0.5517253682498311,1,1
2010-11-30,GBPUSD,GB,0,-0.012011768574406223,2010,408,1,0.5580970980148623,1,1
2010-11-30,JPYUSD,JP,1,0.022878199318180137,2010,408,1,0.5826543108825192,0,1
2010-11-30,MXNUSD,MX,1,0.005757670970004458,2010,408,1,0.623190619750983,1,1
2010-11-30,NOKUSD,NO,1,0.04914257226811958,2010,408,1,0.5719115055257172,1,1
2010-11-30,NZDUSD,NZ,1,0.03198792423102259,2010,408,1,0.5865242171673082,1,1
2010-11-30,SEKUSD,SE,1,0.03710046692106905,2010,408,1,0.582012762436188,1,1
2010-11-30,ZARUSD,ZA,1,0.06043058235525578,2010,408,1,0.5637571532769032,1,1
2010-12-31,AUDUSD,AU,0,-0.01452906441415087,2010,408,1,0.6257759765744766,1,1
2010-12-31,CADUSD,CA,0,-0.0010984074198370712,2010,408,1,0.5780184788339876,1,1
2010-12-31,CHFUSD,CH,0,-0.003516065632887748,2010,408,1,0.5984543322498456,0,1
2010-12-31,EURUSD,EZ,1,0.03305963683526714,2010,408,1,0.5550491981737872,1,1
2010-12-31,GBPUSD,GB,1,0.04136238902138223,2010,408,1,0.5509312394291999,1,1
2010-12-31,JPYUSD,JP,0,-0.0036665892947542744,2010,408,1,0.6041238941916706,0,1
2010-12-31,MXNUSD,MX,1,0.018617624056987303,2010,408,1,0.6118280831935614,1,1
2010-12-31,NOKUSD,NO,1,0.019629818651107467,2010,408,1,0.587181805428889,1,1
2010-12-31,NZDUSD,NZ,1,0.006224893658034414,2010,408,1,0.5877976513366646,1,1
2010-12-31,SEKUSD,SE,1,0.04933936706188846,2010,408,1,0.5880085829638269,1,1
2010-12-31,ZARUSD,ZA,0,-0.0733452054162198,2010,408,1,0.5808698221621202,1,1
2011-01-31,AUDUSD,AU,1,0.01965323802283799,2011,420,1,0.6071350520445873,1,1
2011-01-31,CADUSD,CA,1,0.028650033660099564,2011,420,1,0.566833218174883,1,1
2011-01-31,CHFUSD,CH,1,0.010370542507724768,2011,420,1,0.587173556082618,0,1
2011-01-31,EURUSD,EZ,1,0.005671092703816272,2011,420,1,0.5507102653759186,1,1
2011-01-31,GBPUSD,GB,1,0.01269799340288047,2011,420,1,0.5526266168316905,1,1
2011-01-31,JPYUSD,JP,1,0.0003660545462134124,2011,420,1,0.5811551998848121,0,1
2011-01-31,MXNUSD,MX,1,0.0033873053886033233,2011,420,1,0.6048057099746142,1,1
2011-01-31,NOKUSD,NO,1,0.028466236338822615,2011,420,1,0.5830385951049293,1,1
2011-01-31,NZDUSD,NZ,0,-0.027923423976884743,2011,420,1,0.5775171018949425,1,1
2011-01-31,SEKUSD,SE,1,0.01371342717904156,2011,420,1,0.59621911232529,1,1
2011-01-31,ZARUSD,ZA,1,0.03167679259732559,2011,420,1,0.5517795197717512,1,1
2011-02-28,AUDUSD,AU,1,0.017923721601126413,2011,420,1,0.5903082638570383,1,1
2011-02-28,CADUSD,CA,1,0.0020561331393172053,2011,420,1,0.5543099575591866,1,1
2011-02-28,CHFUSD,CH,1,0.016033275968619004,2011,420,1,0.5749080618904646,0,1
2011-02-28,EURUSD,EZ,1,0.027882847219087625,2011,420,1,0.5515058747403203,1,1
2011-02-28,GBPUSD,GB,0,-0.01232404512803359,2011,420,1,0.5517467169092941,1,1
2011-02-28,JPYUSD,JP,0,-0.00995758075861719,2011,420,1,0.5689990472839982,0,1
2011-02-28,MXNUSD,MX,1,0.01631330392599617,2011,420,1,0.5887689222649912,1,1
2011-02-28,NOKUSD,NO,1,0.01442539726785963,2011,420,1,0.5853521632940897,1,1
2011-02-28,NZDUSD,NZ,1,0.01543464451107801,2011,420,1,0.5570055615482,1,1
2011-02-28,SEKUSD,SE,1,0.004866650990655419,2011,420,1,0.5934500740622936,1,1
2011-02-28,ZARUSD,ZA,1,0.027156530240107113,2011,420,1,0.5420062258405759,1,1
2011-03-31,AUDUSD,AU,1,0.05439236835138886,2011,420,1,0.5971564736706472,1,1
2011-03-31,CADUSD,CA,1,0.024059901401912137,2011,420,1,0.5620824701596749,1,1
2011-03-31,CHFUSD,CH,1,0.05511129080787751,2011,420,1,0.5775582125468267,0,1
2011-03-31,EURUSD,EZ,1,0.04400102966230751,2011,420,1,0.5755241571750878,1,1
2011-03-31,GBPUSD,GB,1,0.039285420776700775,2011,420,1,0.5684392103833773,1,1
2011-03-31,JPYUSD,JP,1,0.017675842657596696,2011,420,1,0.5808152816882585,0,1
2011-03-31,MXNUSD,MX,1,0.03356016785280147,2011,420,1,0.6031701248492373,1,1
2011-03-31,NOKUSD,NO,1,0.054519125148974945,2011,420,1,0.5984357120987698,1,1
2011-03-31,NZDUSD,NZ,1,0.05463891553274264,2011,420,1,0.5511276280312012,1,1
2011-03-31,SEKUSD,SE,1,0.046624108050948854,2011,420,1,0.6029315833917456,1,1
2011-03-31,ZARUSD,ZA,1,0.027945033032337196,2011,420,1,0.5495595862866351,1,1
2011-04-30,AUDUSD,AU,0,-0.02565311761539009,2011,420,1,0.6175198779312318,1,1
2011-04-30,CADUSD,CA,0,-0.021070978795401325,2011,420,1,0.5738931223701593,1,1
2011-04-30,CHFUSD,CH,1,0.016404300148137013,2011,420,1,0.5993338434790653,0,1
2011-04-30,EURUSD,EZ,0,-0.030484944493520016,2011,420,1,0.5874154646031029,1,1
2011-04-30,GBPUSD,GB,0,-0.015213091468907203,2011,420,1,0.572507413845283,1,1
2011-04-30,JPYUSD,JP,1,0.00024600246126471603,2011,420,1,0.5911575476818696,0,1
2011-04-30,MXNUSD,MX,0,-0.00478732837426854,2011,420,1,0.6116142679918567,1,1
2011-04-30,NOKUSD,NO,0,-0.026813882855385662,2011,420,1,0.6135236305804513,1,1
2011-04-30,NZDUSD,NZ,1,0.020001893898541706,2011,420,1,0.5638104157527708,1,1
2011-04-30,SEKUSD,SE,0,-0.024928157252063654,2011,420,1,0.6115924167467858,1,1
2011-04-30,ZARUSD,ZA,0,-0.035452796841769496,2011,420,1,0.5828662111559214,1,1
2011-05-31,AUDUSD,AU,1,0.006731513825679103,2011,420,1,0.6005509553290839,1,1
2011-05-31,CADUSD,CA,1,0.004759450267360701,2011,420,1,0.5439524015630848,1,1
2011-05-31,CHFUSD,CH,1,0.01322489460090398,2011,420,1,0.589930288244498,1,1
2011-05-31,EURUSD,EZ,1,0.010173450144409013,2011,420,1,0.5695130797964888,1,1
2011-05-31,GBPUSD,GB,0,-0.022889081466175243,2011,420,1,0.5519516934489426,1,1
2011-05-31,JPYUSD,JP,1,0.008028203435422654,2011,420,1,0.5647151535164082,0,1
2011-05-31,MXNUSD,MX,0,-0.012026876761214833,2011,420,1,0.592938329960669,1,1
2011-05-31,NOKUSD,NO,1,0.0013572433314958943,2011,420,1,0.5912751018348678,1,1
2011-05-31,NZDUSD,NZ,1,0.006418429542830756,2011,420,1,0.5685402942860077,1,1
2011-05-31,SEKUSD,SE,0,-0.0199997051182792,2011,420,1,0.5880471732928717,1,1
2011-05-31,ZARUSD,ZA,1,0.009164103382712563,2011,420,1,0.5470235229497473,1,1
2011-06-30,AUDUSD,AU,1,0.024756245193921084,2011,420,1,0.5957530092129759,1,1
2011-06-30,CADUSD,CA,1,0.010739897820359619,2011,420,1,0.5425586868720895,1,1
2011-06-30,CHFUSD,CH,1,0.06532332919716402,2011,420,1,0.5820243737665748,1,1
2011-06-30,EURUSD,EZ,0,-0.009339073792289376,2011,420,1,0.5648496375803311,1,1
2011-06-30,GBPUSD,GB,1,0.023861903334105206,2011,420,1,0.542761540755938,1,1
2011-06-30,JPYUSD,JP,1,0.04385444821358586,2011,420,1,0.5649000594839259,0,1
2011-06-30,MXNUSD,MX,0,-0.00037538498730249614,2011,420,1,0.5863672392713369,1,1
2011-06-30,NOKUSD,NO,0,-1.86048242314385e-05,2011,420,1,0.5900804299503323,1,1
2011-06-30,NZDUSD,NZ,1,0.05769477943959142,2011,420,1,0.5733440158247882,1,1
2011-06-30,SEKUSD,SE,1,0.002653174640178557,2011,420,1,0.5736377036334155,1,1
2011-06-30,ZARUSD,ZA,1,0.007457842981097862,2011,420,1,0.5405171822176797,1,1
2011-07-31,AUDUSD,AU,0,-0.027555537868185806,2011,420,1,0.5747348049047385,1,1
2011-07-31,CADUSD,CA,0,-0.02525752731222078,2011,420,1,0.5281798591137625,1,1
2011-07-31,CHFUSD,CH,0,-0.01972549665549675,2011,420,1,0.578175158305935,0,1
2011-07-31,EURUSD,EZ,1,0.0012502606337936872,2011,420,1,0.5327231893531135,1,1
2011-07-31,GBPUSD,GB,0,-0.011367925868269957,2011,420,1,0.5249877242183758,1,1
2011-07-31,JPYUSD,JP,1,0.008849615276982803,2011,420,1,0.5626310955449516,1,1
2011-07-31,MXNUSD,MX,0,-0.05013170389378718,2011,420,1,0.5656856066915951,1,1
2011-07-31,NOKUSD,NO,1,0.004848946464613313,2011,420,1,0.5650882873872974,1,1
2011-07-31,NZDUSD,NZ,0,-0.02597248779911096,2011,420,1,0.5641669804726672,1,1
2011-07-31,SEKUSD,SE,0,-0.005758127629727827,2011,420,1,0.5442640534260977,1,1
2011-07-31,ZARUSD,ZA,0,-0.043035436043119324,2011,420,1,0.5231434947015311,1,1
2011-08-31,AUDUSD,AU,0,-0.09377892892157166,2011,420,1,0.6048233717787265,1,1
2011-08-31,CADUSD,CA,0,-0.06010136861310291,2011,420,1,0.5606267876065915,1,1
2011-08-31,CHFUSD,CH,0,-0.11836344278680995,2011,420,1,0.5946142781289615,0,1
2011-08-31,EURUSD,EZ,0,-0.06874003262575912,2011,420,1,0.5709787152595063,1,1
2011-08-31,GBPUSD,GB,0,-0.040453262952655444,2011,420,1,0.5628264912814116,1,1
2011-08-31,JPYUSD,JP,0,-0.007034026657380288,2011,420,1,0.5918048808244865,0,1
2011-08-31,MXNUSD,MX,0,-0.11077249660587851,2011,420,1,0.5951359675735512,1,1
2011-08-31,NOKUSD,NO,0,-0.08727307390870753,2011,420,1,0.6109728918348346,1,1
2011-08-31,NZDUSD,NZ,0,-0.1080799417005574,2011,420,1,0.5987604646032778,1,1
2011-08-31,SEKUSD,SE,0,-0.07562976753341233,2011,420,1,0.5758462257310585,1,1
2011-08-31,ZARUSD,ZA,0,-0.13584801869993202,2011,420,1,0.5525754106489517,1,1
2011-09-30,AUDUSD,AU,1,0.08514524165835047,2011,420,1,0.5740229084639656,1,1
2011-09-30,CADUSD,CA,1,0.04498568644247455,2011,420,1,0.545079788795281,1,1
2011-09-30,CHFUSD,CH,1,0.03853129568371351,2011,420,1,0.5601895627373622,0,1
2011-09-30,EURUSD,EZ,1,0.036359677535145296,2011,420,1,0.5468459094495711,1,1
2011-09-30,GBPUSD,GB,1,0.032554425216764826,2011,420,1,0.5636932167471321,1,1
2011-09-30,JPYUSD,JP,0,-0.011999369831638518,2011,420,1,0.5937541470982046,1,1
2011-09-30,MXNUSD,MX,1,0.04463399215023589,2011,420,1,0.5627823637752098,1,1
2011-09-30,NOKUSD,NO,1,0.0570556230704693,2011,420,1,0.5848153006694241,1,1
2011-09-30,NZDUSD,NZ,1,0.05636186070032584,2011,420,1,0.5668810055750807,1,1
2011-09-30,SEKUSD,SE,1,0.05354186679665052,2011,420,1,0.5543152799412074,1,1
2011-09-30,ZARUSD,ZA,1,0.017319335922180823,2011,420,1,0.5076131100111487,1,1
2011-10-31,AUDUSD,AU,0,-0.035104784288612925,2011,420,1,0.5826382650601595,1,1
2011-10-31,CADUSD,CA,0,-0.026527808622461096,2011,420,1,0.5522012078904979,1,1
2011-10-31,CHFUSD,CH,0,-0.04492109378248449,2011,420,1,0.5500966048692872,0,1
2011-10-31,EURUSD,EZ,0,-0.036062301873151625,2011,420,1,0.5588127608285213,1,1
2011-10-31,GBPUSD,GB,0,-0.027383485800532792,2011,420,1,0.5677607527937747,1,1
2011-10-31,JPYUSD,JP,1,0.005014475309687683,2011,420,1,0.5789137643145769,1,1
2011-10-31,MXNUSD,MX,0,-0.03368106011023597,2011,420,1,0.558349341411637,1,1
2011-10-31,NOKUSD,NO,0,-0.04455664558496819,2011,420,1,0.5987634138740334,1,1
2011-10-31,NZDUSD,NZ,0,-0.044188698205302857,2011,420,1,0.5566223271690449,1,1
2011-10-31,SEKUSD,SE,0,-0.04418602117601145,2011,420,1,0.557147038491017,1,1
2011-10-31,ZARUSD,ZA,0,-0.030364049442989316,2011,420,1,0.5035238834143683,1,1
2011-11-30,AUDUSD,AU,1,0.0006830934639855853,2011,420,1,0.583384931405392,1,1
2011-11-30,CADUSD,CA,1,0.00304414238122825,2011,420,1,0.5531956849947103,1,1
2011-11-30,CHFUSD,CH,0,-0.029006362587924148,2011,420,1,0.5511819598223026,0,1
2011-11-30,EURUSD,EZ,0,-0.036331854914530504,2011,420,1,0.5502674708239833,1,1
2011-11-30,GBPUSD,GB,0,-0.010754856880745733,2011,420,1,0.5676464579535658,1,1
2011-11-30,JPYUSD,JP,1,0.007764014156220966,2011,420,1,0.5769850444819535,0,1
2011-11-30,MXNUSD,MX,0,-0.02400454744765179,2011,420,1,0.5670033259413401,1,1
2011-11-30,NOKUSD,NO,0,-0.03476165043196677,2011,420,1,0.5949335104076208,1,1
2011-11-30,NZDUSD,NZ,1,0.004623097999111564,2011,420,1,0.5540236732108635,1,1
2011-11-30,SEKUSD,SE,0,-0.017345546845727533,2011,420,1,0.5520561041433559,1,1
2011-11-30,ZARUSD,ZA,1,0.006160475282831701,2011,420,1,0.5040343218444695,1,1
2011-12-31,AUDUSD,AU,1,0.033290042269306035,2011,420,1,0.5924187288051544,1,1
2011-12-31,CADUSD,CA,1,0.011672899382068263,2011,420,1,0.5589762050759259,1,1
2011-12-31,CHFUSD,CH,1,0.016564861932012023,2011,420,1,0.5579405498854904,1,1
2011-12-31,EURUSD,EZ,1,0.006147717817777398,2011,420,1,0.5473208060528146,1,1
2011-12-31,GBPUSD,GB,1,0.013870025171268396,2011,420,1,0.571844923533677,1,1
2011-12-31,JPYUSD,JP,1,0.008348600538516493,2011,420,1,0.5752292646196551,1,1
2011-12-31,MXNUSD,MX,1,0.06786711404040258,2011,420,1,0.5787322054183809,1,1
2011-12-31,NOKUSD,NO,1,0.01607979786390379,2011,420,1,0.5855370801053915,1,1
2011-12-31,NZDUSD,NZ,1,0.05496368031731291,2011,420,1,0.5733141987139291,1,1
2011-12-31,SEKUSD,SE,1,0.008415073982710686,2011,420,1,0.5513578394192256,1,1
2011-12-31,ZARUSD,ZA,1,0.03018437712498523,2011,420,1,0.5236639053777721,1,1
2012-01-31,AUDUSD,AU,1,0.016748929544124352,2012,432,1,0.5721437225579744,1,1
2012-01-31,CADUSD,CA,1,0.018478131693538104,2012,432,1,0.5525270617842134,1,1
2012-01-31,CHFUSD,CH,1,0.021598164556138763,2012,432,1,0.541213275252733,0,1
2012-01-31,EURUSD,EZ,1,0.023172322601022366,2012,432,1,0.5242015956454894,1,1
2012-01-31,GBPUSD,GB,1,0.012427221909178554,2012,432,1,0.5623951691499494,1,1
2012-01-31,JPYUSD,JP,0,-0.0604859138042837,2012,432,1,0.5861478567310615,1,1
2012-01-31,MXNUSD,MX,1,0.018699949084341583,2012,432,1,0.5655564552170392,1,1
2012-01-31,NOKUSD,NO,1,0.05230647024228485,2012,432,1,0.5626211152064291,1,1
2012-01-31,NZDUSD,NZ,1,0.01814626491671789,2012,432,1,0.5634547584291419,1,1
2012-01-31,SEKUSD,SE,1,0.03459943343810301,2012,432,1,0.5389009990691221,1,1
2012-01-31,ZARUSD,ZA,1,0.048201313963752046,2012,432,1,0.5344475547772471,1,1
2012-02-29,AUDUSD,AU,0,-0.038786549273719766,2012,432,1,0.6095942095297339,1,1
2012-02-29,CADUSD,CA,0,-0.012490089848915541,2012,432,1,0.578824063584584,1,1
2012-02-29,CHFUSD,CH,0,-0.0003324283924456828,2012,432,1,0.5753196158812045,0,1
2012-02-29,EURUSD,EZ,0,-0.001873150811806834,2012,432,1,0.5505461236180248,1,1
2012-02-29,GBPUSD,GB,1,0.002129259321493715,2012,432,1,0.5865583908635599,1,1
2012-02-29,JPYUSD,JP,0,-0.016023827653924627,2012,432,1,0.594398939382391,0,1
2012-02-29,MXNUSD,MX,0,-0.0013590779109478035,2012,432,1,0.6175584670402542,1,1
2012-02-29,NOKUSD,NO,0,-0.02242461224816439,2012,432,1,0.5935275375118146,1,1
2012-02-29,NZDUSD,NZ,0,-0.023740344931218793,2012,432,1,0.6148342836260008,1,1
2012-02-29,SEKUSD,SE,0,-0.005271381702230071,2012,432,1,0.5688575803882003,1,1
2012-02-29,ZARUSD,ZA,0,-0.025416580278239564,2012,432,1,0.5723108464787018,1,1
2012-03-31,AUDUSD,AU,1,0.004139198285902451,2012,432,1,0.6200449058570711,1,1
2012-03-31,CADUSD,CA,1,0.010464977775694414,2012,432,1,0.5863677184387088,1,1
2012-03-31,CHFUSD,CH,0,-0.006075017302881902,2012,432,1,0.5966284806183978,0,1
2012-03-31,EURUSD,EZ,0,-0.007905774715625202,2012,432,1,0.5772899655475054,1,1
2012-03-31,GBPUSD,GB,1,0.014902480078348934,2012,432,1,0.5975846998087115,1,1
2012-03-31,JPYUSD,JP,1,0.03205797888737383,2012,432,1,0.5681666155130235,0,1
2012-03-31,MXNUSD,MX,0,-0.01383662561033372,2012,432,1,0.6363255622738879,1,1
2012-03-31,NOKUSD,NO,0,-0.0048128762714521045,2012,432,1,0.6258401802255866,1,1
2012-03-31,NZDUSD,NZ,0,-0.003175769128121786,2012,432,1,0.619178503007594,1,1
2012-03-31,SEKUSD,SE,0,-0.016229330100737016,2012,432,1,0.5901830904967609,1,1
2012-03-31,ZARUSD,ZA,0,-0.013088869495713418,2012,432,1,0.5896545472591374,1,1
2012-04-30,AUDUSD,AU,0,-0.06950761901466049,2012,432,1,0.5913981401907242,1,1
2012-04-30,CADUSD,CA,0,-0.045770281801268256,2012,432,1,0.585672360750995,1,1
2012-04-30,CHFUSD,CH,0,-0.06728087571250224,2012,432,1,0.5948511593974319,0,1
2012-04-30,EURUSD,EZ,0,-0.06762236521037318,2012,432,1,0.5778687743831796,1,1
2012-04-30,GBPUSD,GB,0,-0.05186113054152253,2012,432,1,0.5993214229286856,1,1
2012-04-30,JPYUSD,JP,1,0.01922892896809536,2012,432,1,0.5665601119003605,0,1
2012-04-30,MXNUSD,MX,0,-0.096394342395,2012,432,1,0.6141334854483202,1,1
2012-04-30,NOKUSD,NO,0,-0.06458107732401963,2012,432,1,0.6166724173966118,1,1
2012-04-30,NZDUSD,NZ,0,-0.0824618290896906,2012,432,1,0.592622314899984,1,1
2012-04-30,SEKUSD,SE,0,-0.07694837863285597,2012,432,1,0.5913003610125848,1,1
2012-04-30,ZARUSD,ZA,0,-0.09468434988540242,2012,432,1,0.5737711598351087,1,1
2012-05-31,AUDUSD,AU,1,0.05265165468532549,2012,432,1,0.5799653902301253,1,1
2012-05-31,CADUSD,CA,1,0.015483049451402591,2012,432,1,0.5892340620055905,1,1
2012-05-31,CHFUSD,CH,1,0.023753591033215973,2012,432,1,0.5850213722917178,0,1
2012-05-31,EURUSD,EZ,1,0.02429010440652346,2012,432,1,0.5665671512721763,1,1
2012-05-31,GBPUSD,GB,1,0.018076462741843546,2012,432,1,0.6074186785637349,1,1
2012-05-31,JPYUSD,JP,0,-0.01922892896809536,2012,432,1,0.610516830933011,0,1
2012-05-31,MXNUSD,MX,1,0.06449890734870545,2012,432,1,0.60528216612142,1,1
2012-05-31,NOKUSD,NO,1,0.02579761425754823,2012,432,1,0.6014252864952152,1,1
2012-05-31,NZDUSD,NZ,1,0.06431430309704478,2012,432,1,0.5829248828600248,1,1
2012-05-31,SEKUSD,SE,1,0.04983468444095451,2012,432,1,0.5767485825327869,1,1
2012-05-31,ZARUSD,ZA,1,0.04250864472027027,2012,432,1,0.5525762786763089,1,1
2012-06-30,AUDUSD,AU,1,0.027557385011073063,2012,432,1,0.5551269933182628,1,1
2012-06-30,CADUSD,CA,1,0.0174227333268802,2012,432,1,0.5630392297536744,1,1
2012-06-30,CHFUSD,CH,0,-0.027863326602900498,2012,432,1,0.5434733821687197,0,1
2012-06-30,EURUSD,EZ,0,-0.02826109710389202,2012,432,1,0.5283544936917118,1,1
2012-06-30,GBPUSD,GB,0,0.0,2012,432,1,0.576973027782655,1,1
2012-06-30,JPYUSD,JP,1,0.021658753042277823,2012,432,1,0.6139559243043907,0,1
2012-06-30,MXNUSD,MX,1,0.01080305432148787,2012,432,1,0.5610560102838038,1,1
2012-06-30,NOKUSD,NO,0,-0.010824460487942389,2012,432,1,0.5773206252825273,1,1
2012-06-30,NZDUSD,NZ,1,0.010903341817114776,2012,432,1,0.551955799268929,1,1
2012-06-30,SEKUSD,SE,1,0.018293415616037922,2012,432,1,0.5380983683597433,1,1
2012-06-30,ZARUSD,ZA,0,-0.007324790063389042,2012,432,1,0.5140346052505973,1,1
2012-07-31,AUDUSD,AU,0,-0.018028873443622542,2012,432,1,0.5775247372685887,1,1
2012-07-31,CADUSD,CA,1,0.015295126105818803,2012,432,1,0.5656549108010466,1,1
2012-07-31,CHFUSD,CH,1,0.021452711406173174,2012,432,1,0.5475580501585599,0,1
2012-07-31,EURUSD,EZ,1,0.021131224548810362,2012,432,1,0.5376975338083552,1,1
2012-07-31,GBPUSD,GB,1,0.011283796427020099,2012,432,1,0.5733245847242692,1,1
2012-07-31,JPYUSD,JP,0,-0.0025575461511166964,2012,432,1,0.5904652634486826,0,1
2012-07-31,MXNUSD,MX,1,0.0020221080568849636,2012,432,1,0.6021523200980987,1,1
2012-07-31,NOKUSD,NO,1,0.037219029477824295,2012,432,1,0.5904571486920135,1,1
2012-07-31,NZDUSD,NZ,0,-0.009658321735973197,2012,432,1,0.5778973310616841,1,1
2012-07-31,SEKUSD,SE,1,0.025276251269757744,2012,432,1,0.5623818898002774,1,1
2012-07-31,ZARUSD,ZA,0,-0.017967329517561748,2012,432,1,0.536411864204095,1,1
2012-08-31,AUDUSD,AU,1,0.005211863935509001,2012,432,1,0.5925662523822907,1,1
2012-08-31,CADUSD,CA,1,0.002538201271313446,2012,432,1,0.5625364047436479,1,1
2012-08-31,CHFUSD,CH,1,0.015412529307746593,2012,432,1,0.5309671989572124,0,1
2012-08-31,EURUSD,EZ,1,0.02186137231389987,2012,432,1,0.5174272232977838,0,1
2012-08-31,GBPUSD,GB,1,0.016752485793626815,2012,432,1,0.5581861319071968,1,1
2012-08-31,JPYUSD,JP,1,0.004864943662477472,2012,432,1,0.557772567170786,0,1
2012-08-31,MXNUSD,MX,1,0.028895130253851598,2012,432,1,0.6161489000775561,1,1
2012-08-31,NOKUSD,NO,1,0.012109583970730808,2012,432,1,0.5739710393450845,1,1
2012-08-31,NZDUSD,NZ,1,0.03135590623848539,2012,432,1,0.5800347680379202,1,1
2012-08-31,SEKUSD,SE,1,0.007995491105576402,2012,432,1,0.5695782993622773,1,1
2012-08-31,ZARUSD,ZA,1,0.011322867217064658,2012,432,1,0.5311662436908029,1,1
2012-09-30,AUDUSD,AU,0,-0.0017342715590660737,2012,432,1,0.5587223426373278,1,1
2012-09-30,CADUSD,CA,0,-0.01583412639139233,2012,432,1,0.5541165635401688,1,1
2012-09-30,CHFUSD,CH,1,0.009513192369565444,2012,432,1,0.5275221586389447,0,1
2012-09-30,EURUSD,EZ,1,0.007902729592554059,2012,432,1,0.5127378567420942,0,1
2012-09-30,GBPUSD,GB,0,-0.0013026085022721512,2012,432,1,0.5437331844736173,1,1
2012-09-30,JPYUSD,JP,0,-0.0255936939488981,2012,432,1,0.5524742865939098,0,1
2012-09-30,MXNUSD,MX,0,-0.017317884740714273,2012,432,1,0.5852115574764732,1,1
2012-09-30,NOKUSD,NO,1,0.0037948055017593685,2012,432,1,0.5644728224385384,1,1
2012-09-30,NZDUSD,NZ,0,-0.00884157640097824,2012,432,1,0.5471558428658672,1,1
2012-09-30,SEKUSD,SE,0,-0.010591248803463404,2012,432,1,0.548883895119437,1,1
2012-09-30,ZARUSD,ZA,0,-0.04806613855556652,2012,432,0,0.4999431095484992,1,1
2012-10-31,AUDUSD,AU,1,0.005673364897639865,2012,432,1,0.5434976216200977,1,1
2012-10-31,CADUSD,CA,1,0.006323735000791609,2012,432,1,0.5522421756062404,1,1
2012-10-31,CHFUSD,CH,1,0.005060576075753276,2012,432,1,0.5546499329113966,0,1
2012-10-31,EURUSD,EZ,1,0.004004934496648294,2012,432,1,0.5428596840931292,0,1
2012-10-31,GBPUSD,GB,0,-0.005227468497411181,2012,432,1,0.5537094453789022,1,1
2012-10-31,JPYUSD,JP,0,-0.032006671041258095,2012,432,1,0.5540546753787187,0,1
2012-10-31,MXNUSD,MX,1,0.013120842881684247,2012,432,1,0.5996311618537106,1,1
2012-10-31,NOKUSD,NO,1,0.00717416169806695,2012,432,1,0.5802490001866967,1,1
2012-10-31,NZDUSD,NZ,0,-0.002314111013814263,2012,432,1,0.5603360794227027,1,1
2012-10-31,SEKUSD,SE,0,-0.003700866254101376,2012,432,1,0.5472246307164164,1,1
2012-10-31,ZARUSD,ZA,0,-0.020854353955033655,2012,432,1,0.5138355609830725,1,1
2012-11-30,AUDUSD,AU,0,-0.003457884532791243,2012,432,1,0.5614391727041671,1,1
2012-11-30,CADUSD,CA,0,-0.002715070298769398,2012,432,1,0.548397672533785,1,1
2012-11-30,CHFUSD,CH,1,0.011835742704165528,2012,432,1,0.5590333977031031,0,1
2012-11-30,EURUSD,EZ,1,0.013437368166694053,2012,432,1,0.5486306552987716,0,1
2012-11-30,GBPUSD,GB,1,0.014556297774207527,2012,432,1,0.5564084003115943,1,1
2012-11-30,JPYUSD,JP,0,-0.048478578368299274,2012,432,1,0.5489827867562175,0,1
2012-11-30,MXNUSD,MX,0,-0.003585701236811012,2012,432,1,0.599599915272145,1,1
2012-11-30,NOKUSD,NO,1,0.01868514084687356,2012,432,1,0.576372909923819,1,1
2012-11-30,NZDUSD,NZ,1,0.00801558821626433,2012,432,1,0.5695738158147996,1,1
2012-11-30,SEKUSD,SE,1,0.023089399519704568,2012,432,1,0.5453793901125991,1,1
2012-11-30,ZARUSD,ZA,1,0.04572949222705969,2012,432,1,0.5136839835573713,1,1
2012-12-31,AUDUSD,AU,1,0.0038413568795476957,2012,432,1,0.5516857939970562,1,1
2012-12-31,CADUSD,CA,0,-0.0034085246032855804,2012,432,1,0.5438349720555691,1,1
2012-12-31,CHFUSD,CH,1,0.006795291382698146,2012,432,1,0.5546922043357112,0,1
2012-12-31,EURUSD,EZ,1,0.02973696887788363,2012,432,1,0.541617888638341,0,1
2012-12-31,GBPUSD,GB,0,-0.025283120198013764,2012,432,1,0.543405070091218,1,1
2012-12-31,JPYUSD,JP,0,-0.052170102861085255,2012,432,1,0.5246221904647234,0,1
2012-12-31,MXNUSD,MX,1,0.017830723122971737,2012,432,1,0.5900430326272835,1,1
2012-12-31,NOKUSD,NO,1,0.017008878015169815,2012,432,1,0.5709417606025887,1,1
2012-12-31,NZDUSD,NZ,1,0.01560281293088761,2012,432,1,0.5510788516388798,1,1
2012-12-31,SEKUSD,SE,1,0.023965627929681155,2012,432,1,0.5388625831494086,1,1
2012-12-31,ZARUSD,ZA,0,-0.053636001578880155,2012,432,1,0.5015692709672755,1,1
2013-01-31,AUDUSD,AU,0,-0.018574588392531635,2013,444,1,0.5446973939665882,1,1
2013-01-31,CADUSD,CA,0,-0.028998974529447878,2013,444,1,0.5434525314113697,1,1
2013-01-31,CHFUSD,CH,0,-0.02637300824047903,2013,444,1,0.5479217350109977,0,1
2013-01-31,EURUSD,EZ,0,-0.03788473906197615,2013,444,1,0.5368533935787893,0,1
2013-01-31,GBPUSD,GB,0,-0.04277900407764729,2013,444,1,0.5437451236753646,1,1
2013-01-31,JPYUSD,JP,0,-0.011762278932474501,2013,444,1,0.5186736660157418,0,1
2013-01-31,MXNUSD,MX,0,-0.003480554757753662,2013,444,1,0.5845947897216308,1,1
2013-01-31,NOKUSD,NO,0,-0.04521321681028856,2013,444,1,0.5698948609003427,1,1
2013-01-31,NZDUSD,NZ,0,-0.013307155546216087,2013,444,1,0.55079053220218,1,1
2013-01-31,SEKUSD,SE,0,-0.015384798687932522,2013,444,1,0.5468988598376758,1,1
2013-01-31,ZARUSD,ZA,0,-0.0020421493178690575,2013,444,1,0.5333516637617508,1,1
2013-02-28,AUDUSD,AU,1,0.01627154544003069,2013,444,1,0.5509380098356791,1,1
2013-02-28,CADUSD,CA,1,0.01094830095215106,2013,444,1,0.5497687721162544,1,1
2013-02-28,CHFUSD,CH,0,-0.016360717637581623,2013,444,1,0.5614757623378327,0,1
2013-02-28,EURUSD,EZ,0,-0.02031350018101194,2013,444,1,0.5520014663484262,0,1
2013-02-28,GBPUSD,GB,1,6.58219516446179e-05,2013,444,1,0.543804975892424,1,1
2013-02-28,JPYUSD,JP,0,-0.01930147846572705,2013,444,1,0.5232429691739056,0,1
2013-02-28,MXNUSD,MX,1,0.03692891618567451,2013,444,1,0.5997691531392965,1,1
2013-02-28,NOKUSD,NO,0,-0.02139202235083615,2013,444,1,0.5803739136242735,1,1
2013-02-28,NZDUSD,NZ,1,0.008891083441400133,2013,444,1,0.5635274774457458,1,1
2013-02-28,SEKUSD,SE,0,-0.011741456019407126,2013,444,1,0.5639040958639373,1,1
2013-02-28,ZARUSD,ZA,0,-0.02826903559452365,2013,444,1,0.5236420348785682,1,1
2013-03-31,AUDUSD,AU,0,-0.0035609488569134096,2013,444,1,0.5529721057796831,1,1
2013-03-31,CADUSD,CA,1,0.010076149658527262,2013,444,1,0.539667172003102,1,1
2013-03-31,CHFUSD,CH,1,0.020439289353443538,2013,444,1,0.5477926101873178,0,1
2013-03-31,EURUSD,EZ,1,0.02709525360871054,2013,444,1,0.5282580673932257,0,1
2013-03-31,GBPUSD,GB,1,0.022518197342967727,2013,444,1,0.521813078362331,1,1
2013-03-31,JPYUSD,JP,0,-0.03506202222099386,2013,444,1,0.5351941540043067,0,1
2013-03-31,MXNUSD,MX,1,0.014987314128836804,2013,444,1,0.5878581374490442,1,1
2013-03-31,NOKUSD,NO,1,0.013296785642264108,2013,444,1,0.5567879625219009,1,1
2013-03-31,NZDUSD,NZ,1,0.025975486403260695,2013,444,1,0.5556002562103342,1,1
2013-03-31,SEKUSD,SE,1,0.007117796025220224,2013,444,1,0.5511141005848355,1,1
2013-03-31,ZARUSD,ZA,1,0.027845505127436443,2013,444,1,0.507474211451886,1,1
2013-04-30,AUDUSD,AU,0,-0.07651378289873545,2013,444,1,0.5539091964834519,1,1
2013-04-30,CADUSD,CA,0,-0.025970394844301616,2013,444,1,0.5391648567183109,1,1
2013-04-30,CHFUSD,CH,0,-0.03019137209323234,2013,444,1,0.5324331049876821,0,1
2013-04-30,EURUSD,EZ,0,-0.013763789694114514,2013,444,1,0.505822149632271,0,1
2013-04-30,GBPUSD,GB,0,-0.02304489430688511,2013,444,1,0.5241255027609548,1,1
2013-04-30,JPYUSD,JP,0,-0.033378445232108866,2013,444,1,0.53292480819936,0,1
2013-04-30,MXNUSD,MX,0,-0.0519397064217042,2013,444,1,0.5870807969396383,1,1
2013-04-30,NOKUSD,NO,0,-0.016320645671306755,2013,444,1,0.5382436765126531,1,1
2013-04-30,NZDUSD,NZ,0,-0.0733730799795125,2013,444,1,0.5534259106189654,1,1
2013-04-30,SEKUSD,SE,0,-0.021429718552339327,2013,444,1,0.5386696945595345,1,1
2013-04-30,ZARUSD,ZA,0,-0.11501942647848917,2013,444,1,0.5138829534405639,1,1
2013-05-31,AUDUSD,AU,0,-0.04720420348601409,2013,444,1,0.5357645272585011,1,1
2013-05-31,CADUSD,CA,0,-0.016882895007345994,2013,444,1,0.5317310682001682,1,1
2013-05-31,CHFUSD,CH,1,0.013975953855974062,2013,444,1,0.5310428346311648,0,1
2013-05-31,EURUSD,EZ,1,0.0016924382838143792,2013,444,1,0.5130721398089424,0,1
2013-05-31,GBPUSD,GB,1,0.0016450077734893598,2013,444,1,0.525766325945265,1,1
2013-05-31,JPYUSD,JP,1,0.016197114743313534,2013,444,0,0.4941687028783669,0,1
2013-05-31,MXNUSD,MX,0,-0.016561243966065398,2013,444,1,0.5822558518340885,1,1
2013-05-31,NOKUSD,NO,0,-0.03815532354039175,2013,444,1,0.5375986151148519,1,1
2013-05-31,NZDUSD,NZ,0,-0.027723036891856317,2013,444,1,0.5508302771064723,1,1
2013-05-31,SEKUSD,SE,0,-0.01643002684507966,2013,444,1,0.5268962348455872,1,1
2013-05-31,ZARUSD,ZA,1,0.018859687022005023,2013,444,1,0.5099712271913384,1,1
2013-06-30,AUDUSD,AU,0,-0.02295653179861,2013,444,0,0.49884531623299677,1,1
2013-06-30,CADUSD,CA,1,0.021731624444800854,2013,444,1,0.521089696324668,1,1
2013-06-30,CHFUSD,CH,1,0.01772225309346072,2013,444,1,0.5240854684236227,0,1
2013-06-30,EURUSD,EZ,1,0.0206914425941081,2013,444,1,0.5154367382879773,0,1
2013-06-30,GBPUSD,GB,0,-0.002171982293292629,2013,444,1,0.5181915225636242,1,1
2013-06-30,JPYUSD,JP,1,0.008706270826743356,2013,444,0,0.49645815646071767,0,1
2013-06-30,MXNUSD,MX,1,0.01048385779834815,2013,444,1,0.5353358116613686,1,1
2013-06-30,NOKUSD,NO,1,0.03106725429409085,2013,444,1,0.538281070369157,1,1
2013-06-30,NZDUSD,NZ,1,0.024959910290844378,2013,444,1,0.5157554271916126,1,1
2013-06-30,SEKUSD,SE,1,0.03068067673960062,2013,444,1,0.5227958756722136,1,1
2013-06-30,ZARUSD,ZA,0,-0.00349594180565882,2013,444,0,0.4658828011281549,1,1
2013-07-31,AUDUSD,AU,0,-0.00627171951626386,2013,444,0,0.48555934571077863,1,1
2013-07-31,CADUSD,CA,0,-0.025623972834583085,2013,444,1,0.5173592474398175,1,1
2013-07-31,CHFUSD,CH,0,-0.003118785127330298,2013,444,1,0.5328391390819074,0,1
2013-07-31,EURUSD,EZ,0,-0.006495981752186908,2013,444,1,0.5201207545605473,1,1
2013-07-31,GBPUSD,GB,1,0.01899224976714181,2013,444,1,0.5205582126858918,1,1
2013-07-31,JPYUSD,JP,1,0.001322684223969084,2013,444,1,0.5240206674216984,0,1
2013-07-31,MXNUSD,MX,0,-0.03654124214202037,2013,444,1,0.5367627059371596,1,1
2013-07-31,NOKUSD,NO,0,-0.03725466354483187,2013,444,1,0.5265585220266565,1,1
2013-07-31,NZDUSD,NZ,0,-0.028318218794612493,2013,444,1,0.5017526539852779,1,1
2013-07-31,SEKUSD,SE,0,-0.016015902052158193,2013,444,1,0.5217632784140872,1,1
2013-07-31,ZARUSD,ZA,0,-0.033962067268550555,2013,444,0,0.47621687257622364,1,1
2013-08-31,AUDUSD,AU,1,0.04835673210312186,2013,444,1,0.5115550245063566,1,1
2013-08-31,CADUSD,CA,1,0.02591564557983294,2013,444,1,0.543178763412676,1,1
2013-08-31,CHFUSD,CH,1,0.029641485784291363,2013,444,1,0.5614586342588512,0,1
2013-08-31,EURUSD,EZ,1,0.025365169699929413,2013,444,1,0.5439280410147721,1,1
2013-08-31,GBPUSD,GB,1,0.044940731278149015,2013,444,1,0.5354044253777677,1,1
2013-08-31,JPYUSD,JP,0,-0.0007124319674396418,2013,444,1,0.5515687537193148,0,1
2013-08-31,MXNUSD,MX,1,0.01362773775187609,2013,444,1,0.5734819433751305,1,1
2013-08-31,NOKUSD,NO,1,0.019376811080831224,2013,444,1,0.5525854002216691,1,1
2013-08-31,NZDUSD,NZ,1,0.07404327863922416,2013,444,1,0.5447045483829597,1,1
2013-08-31,SEKUSD,SE,1,0.034396527576509905,2013,444,1,0.5494099988847835,1,1
2013-08-31,ZARUSD,ZA,1,0.020885401058376107,2013,444,1,0.5200399684122661,1,1
2013-09-30,AUDUSD,AU,1,0.01371413616404804,2013,444,1,0.5292724804747828,1,1
2013-09-30,CADUSD,CA,0,-0.014001097735432705,2013,444,1,0.5437463765388367,1,1
2013-09-30,CHFUSD,CH,0,-0.0016577337055976027,2013,444,1,0.5621274065323528,0,1
2013-09-30,EURUSD,EZ,1,0.004349595858181954,2013,444,1,0.5422614430284476,1,1
2013-09-30,GBPUSD,GB,0,-0.006884388526163854,2013,444,1,0.5469956906143187,1,1
2013-09-30,JPYUSD,JP,1,0.001934926007220561,2013,444,1,0.5546189881128285,0,1
2013-09-30,MXNUSD,MX,1,0.01189101930884462,2013,444,1,0.5605809101256738,1,1
2013-09-30,NOKUSD,NO,1,0.010520162921240805,2013,444,1,0.5524361423921201,1,1
2013-09-30,NZDUSD,NZ,0,-0.005542182860699407,2013,444,1,0.543747465979106,1,1
2013-09-30,SEKUSD,SE,0,-0.009271188493434002,2013,444,1,0.5501703894428084,1,1
2013-09-30,ZARUSD,ZA,1,0.00428992527018579,2013,444,1,0.5077085280184749,1,1
2013-10-31,AUDUSD,AU,0,-0.03721659877540917,2013,444,1,0.547420151296454,1,1
2013-10-31,CADUSD,CA,0,-0.01598055505362333,2013,444,1,0.539654010548453,1,1
2013-10-31,CHFUSD,CH,1,0.0009943104172225048,2013,444,1,0.5606482917282916,0,1
2013-10-31,EURUSD,EZ,1,0.000882352998422653,2013,444,1,0.5389062344925178,1,1
2013-10-31,GBPUSD,GB,1,0.01880392016031951,2013,444,1,0.5587861324363338,1,1
2013-10-31,JPYUSD,JP,0,-0.04338750811359127,2013,444,1,0.5449010680492792,0,1
2013-10-31,MXNUSD,MX,0,-0.008540677333853441,2013,444,1,0.552528954022489,1,1
2013-10-31,NOKUSD,NO,0,-0.02792051122588446,2013,444,1,0.5418305788587554,1,1
2013-10-31,NZDUSD,NZ,0,-0.014604129584815384,2013,444,1,0.5595143095302645,1,1
2013-10-31,SEKUSD,SE,0,-0.012030844136243557,2013,444,1,0.5490627564898979,1,1
2013-10-31,ZARUSD,ZA,0,-0.017296067614084976,2013,444,1,0.5143956923884391,1,1
2013-11-30,AUDUSD,AU,0,-0.021713492933475784,2013,444,1,0.5448009663044874,1,1
2013-11-30,CADUSD,CA,0,-0.0037675470768288657,2013,444,1,0.5294612889265794,1,1
2013-11-30,CHFUSD,CH,1,0.015932597070360863,2013,444,1,0.5517983809545687,0,1
2013-11-30,EURUSD,EZ,1,0.012634822088896935,2013,444,1,0.5304501585945998,1,1
2013-11-30,GBPUSD,GB,1,0.012201565769495437,2013,444,1,0.5374479471020565,1,1
2013-11-30,JPYUSD,JP,0,-0.026963597877581513,2013,444,1,0.536178577509512,0,1
2013-11-30,MXNUSD,MX,1,0.0009920257214028894,2013,444,1,0.5496474020566008,1,1
2013-11-30,NOKUSD,NO,1,0.008258336007588074,2013,444,1,0.5461884567674036,1,1
2013-11-30,NZDUSD,NZ,1,0.008788046305132496,2013,444,1,0.5526611349965541,1,1
2013-11-30,SEKUSD,SE,1,0.01882441174698246,2013,444,1,0.5405341261400359,1,1
2013-11-30,ZARUSD,ZA,0,-0.02986452374308657,2013,444,1,0.5145918989923071,1,1
2013-12-31,AUDUSD,AU,0,-0.02105102633632551,2013,444,1,0.5247400194466484,1,1
2013-12-31,CADUSD,CA,0,-0.04404702261072934,2013,444,1,0.5227014671773923,1,1
2013-12-31,CHFUSD,CH,0,-0.016485113798047346,2013,444,1,0.5467064088050235,0,1
2013-12-31,EURUSD,EZ,0,-0.020456008567382167,2013,444,1,0.5308171222907396,1,1
2013-12-31,GBPUSD,GB,0,-0.007509725215469776,2013,444,1,0.5367349868636693,1,1
2013-12-31,JPYUSD,JP,1,0.028624322139504166,2013,444,1,0.5311995369722311,0,1
2013-12-31,MXNUSD,MX,0,-0.01969333956017616,2013,444,1,0.5500889019786714,1,1
2013-12-31,NOKUSD,NO,0,-0.03421034441392323,2013,444,1,0.5348086135023586,1,1
2013-12-31,NZDUSD,NZ,0,-0.017035769553175456,2013,444,1,0.5331638686763225,1,1
2013-12-31,SEKUSD,SE,0,-0.017861749223351042,2013,444,1,0.5277632999750692,1,1
2013-12-31,ZARUSD,ZA,0,-0.06100043831022717,2013,444,1,0.5081013057753104,1,1
2014-01-31,AUDUSD,AU,1,0.021498904520948117,2014,456,1,0.502668190275247,1,1
2014-01-31,CADUSD,CA,1,0.0036951959490580527,2014,456,1,0.5218519895359723,1,1
2014-01-31,CHFUSD,CH,1,0.027098287823202852,2014,456,1,0.5530832652170635,0,1
2014-01-31,EURUSD,EZ,1,0.02241359483690003,2014,456,1,0.532104474790264,1,1
2014-01-31,GBPUSD,GB,1,0.018072781059694565,2014,456,1,0.5446870765090639,1,1
2014-01-31,JPYUSD,JP,1,0.0019573308265066203,2014,456,1,0.5096774674332692,1,1
2014-01-31,MXNUSD,MX,1,0.010006102142983586,2014,456,1,0.5406706750988572,1,1
2014-01-31,NOKUSD,NO,1,0.04613469483539334,2014,456,1,0.5268384523901687,1,1
2014-01-31,NZDUSD,NZ,1,0.036411789408714396,2014,456,1,0.5391437188562654,1,1
2014-01-31,SEKUSD,SE,1,0.02012096818324105,2014,456,1,0.5300757598787533,1,1
2014-01-31,ZARUSD,ZA,1,0.03822878748968739,2014,456,0,0.49391644458209605,1,1
2014-02-28,AUDUSD,AU,1,0.03757032377379682,2014,456,1,0.5095060707618563,1,1
2014-02-28,CADUSD,CA,1,0.00198843160238088,2014,456,1,0.5104419542687021,1,1
2014-02-28,CHFUSD,CH,0,-0.0033994367014639065,2014,456,1,0.5470054314597668,0,1
2014-02-28,EURUSD,EZ,0,-0.002102745218821922,2014,456,1,0.5275826410906219,1,1
2014-02-28,GBPUSD,GB,0,-0.004487666469388141,2014,456,1,0.5413043489120775,1,1
2014-02-28,JPYUSD,JP,0,-0.008777975021516227,2014,456,1,0.5447727788352738,1,1
2014-02-28,MXNUSD,MX,1,0.012898985991303125,2014,456,1,0.5379550891452967,1,1
2014-02-28,NOKUSD,NO,1,0.000801148355432213,2014,456,1,0.5260981717231299,1,1
2014-02-28,NZDUSD,NZ,1,0.03444173153693059,2014,456,1,0.5400595992695169,1,1
2014-02-28,SEKUSD,SE,0,-0.009948940892744229,2014,456,1,0.529832674276522,1,1
2014-02-28,ZARUSD,ZA,1,0.018726434120477364,2014,456,0,0.47555418569774127,1,1
2014-03-31,AUDUSD,AU,1,0.0007544323254852769,2014,456,1,0.525628452657841,1,1
2014-03-31,CADUSD,CA,1,0.008814632927986663,2014,456,1,0.5113226606076875,1,1
2014-03-31,CHFUSD,CH,1,0.004535155165391394,2014,456,1,0.556073794822125,0,1
2014-03-31,EURUSD,EZ,1,0.006727699264278297,2014,456,1,0.538779041311582,1,1
2014-03-31,GBPUSD,GB,1,0.012396606693369172,2014,456,1,0.5473299017137134,1,1
2014-03-31,JPYUSD,JP,1,0.008190373398497819,2014,456,1,0.5579806477547874,0,1
2014-03-31,MXNUSD,MX,0,-0.0021040961109211054,2014,456,1,0.5422688130528741,1,1
2014-03-31,NOKUSD,NO,1,0.007155275892402946,2014,456,1,0.5479943826204038,1,1
2014-03-31,NZDUSD,NZ,0,-0.00913882235254257,2014,456,1,0.5563952669759437,1,1
2014-03-31,SEKUSD,SE,0,-0.0046071314705429245,2014,456,1,0.5378971758551753,1,1
2014-03-31,ZARUSD,ZA,1,0.0007602033910081296,2014,456,1,0.5156688590817027,1,1
2014-04-30,AUDUSD,AU,1,0.001722282449408849,2014,456,1,0.5549779270735933,1,1
2014-04-30,CADUSD,CA,1,0.008156577320117084,2014,456,1,0.5294617034641033,1,1
2014-04-30,CHFUSD,CH,0,-0.016231194928582562,2014,456,1,0.5613482474343783,0,1
2014-04-30,EURUSD,EZ,0,-0.016721581911424144,2014,456,1,0.5448542306778053,1,1
2014-04-30,GBPUSD,GB,0,-0.0070734684322315555,2014,456,1,0.544830597778611,1,1
2014-04-30,JPYUSD,JP,1,0.0036290560156579943,2014,456,1,0.5459105143901188,0,1
2014-04-30,MXNUSD,MX,1,0.017191296030182546,2014,456,1,0.5577832382607076,1,1
2014-04-30,NOKUSD,NO,0,-0.005701556538365127,2014,456,1,0.5621005400689089,1,1
2014-04-30,NZDUSD,NZ,0,-0.014043530977313118,2014,456,1,0.5839853271144178,1,1
2014-04-30,SEKUSD,SE,0,-0.02738526301643862,2014,456,1,0.5417289647914256,1,1
2014-04-30,ZARUSD,ZA,0,-0.006301695772858107,2014,456,1,0.5452613566929521,1,1
2014-05-31,AUDUSD,AU,1,0.013778589145620308,2014,456,1,0.5639933847948669,1,1
2014-05-31,CADUSD,CA,1,0.017732442538436782,2014,456,1,0.5419085335086162,1,1
2014-05-31,CHFUSD,CH,1,0.00853362465867813,2014,456,1,0.5650873139599881,0,1
2014-05-31,EURUSD,EZ,1,0.0036589868850414042,2014,456,1,0.549449728935859,1,1
2014-05-31,GBPUSD,GB,1,0.020137088366742995,2014,456,1,0.5538119501566139,1,1
2014-05-31,JPYUSD,JP,1,0.004826406807973527,2014,456,1,0.5584119793442168,0,1
2014-05-31,MXNUSD,MX,0,-0.008439848781616632,2014,456,1,0.5653728682374694,1,1
2014-05-31,NOKUSD,NO,0,-0.02487082416631714,2014,456,1,0.560413041319849,1,1
2014-05-31,NZDUSD,NZ,1,0.03132506705162544,2014,456,1,0.587044662285411,1,1
2014-05-31,SEKUSD,SE,0,-0.00028415676671245116,2014,456,1,0.5421541340271684,1,1
2014-05-31,ZARUSD,ZA,0,-0.003583219298282536,2014,456,1,0.5440736013869183,1,1
2014-06-30,AUDUSD,AU,0,-0.01345599115368331,2014,456,1,0.543794821242408,1,1
2014-06-30,CADUSD,CA,0,-0.019754873821646105,2014,456,1,0.5339145190328465,1,1
2014-06-30,CHFUSD,CH,0,-0.02428547558314642,2014,456,1,0.544318646778531,0,1
2014-06-30,EURUSD,EZ,0,-0.022157479597276375,2014,456,1,0.5283466808415146,0,1
2014-06-30,GBPUSD,GB,0,-0.012708295993783647,2014,456,1,0.5371671787292891,1,1
2014-06-30,JPYUSD,JP,0,-0.014409894980477844,2014,456,1,0.5493385680698848,0,1
2014-06-30,MXNUSD,MX,0,-0.02041549164752743,2014,456,1,0.5485426178163769,1,1
2014-06-30,NOKUSD,NO,0,-0.02482428394760605,2014,456,1,0.5510072392345637,1,1
2014-06-30,NZDUSD,NZ,0,-0.030735965414559197,2014,456,1,0.5559542820051007,1,1
2014-06-30,SEKUSD,SE,0,-0.030687371781335404,2014,456,1,0.518439845459898,1,1
2014-06-30,ZARUSD,ZA,0,-0.0076887392371109975,2014,456,1,0.5193863481084965,1,1
2014-07-31,AUDUSD,AU,1,0.004612504825541305,2014,456,1,0.556425130234785,1,1
2014-07-31,CADUSD,CA,1,0.002850969880664536,2014,456,1,0.5421803349059309,1,1
2014-07-31,CHFUSD,CH,0,-0.009638628837768629,2014,456,1,0.550962500646569,0,1
2014-07-31,EURUSD,EZ,0,-0.01808640107930759,2014,456,1,0.5276653320200686,0,1
2014-07-31,GBPUSD,GB,0,-0.01816385003676857,2014,456,1,0.5467194405350237,1,1
2014-07-31,JPYUSD,JP,0,-0.012092045765028203,2014,456,1,0.5507208509190807,0,1
2014-07-31,MXNUSD,MX,1,0.012772925116734779,2014,456,1,0.5444902429255605,1,1
2014-07-31,NOKUSD,NO,1,0.016135849795908097,2014,456,1,0.5340311378746008,1,1
2014-07-31,NZDUSD,NZ,0,-0.014593603009794315,2014,456,1,0.5789850520071103,1,1
2014-07-31,SEKUSD,SE,0,-0.011462806914550594,2014,456,1,0.5128273628201816,1,1
2014-07-31,ZARUSD,ZA,1,0.005479209155957676,2014,456,1,0.5279358372498073,1,1
2014-08-31,AUDUSD,AU,0,-0.06716754476991366,2014,456,1,0.5520748634979469,1,1
2014-08-31,CADUSD,CA,0,-0.03163644758663155,2014,456,1,0.5357794968637639,1,1
2014-08-31,CHFUSD,CH,0,-0.040586518792790044,2014,456,1,0.5491656867400203,0,1
2014-08-31,EURUSD,EZ,0,-0.040505187928028374,2014,456,1,0.5283789498218738,0,1
2014-08-31,GBPUSD,GB,0,-0.022253623711748827,2014,456,1,0.5470866099273629,1,1
2014-08-31,JPYUSD,JP,0,-0.052993770834529386,2014,456,1,0.5456460708405665,0,1
2014-08-31,MXNUSD,MX,0,-0.027024591475671933,2014,456,1,0.5330265613125651,1,1
2014-08-31,NOKUSD,NO,0,-0.04004813589070544,2014,456,1,0.5297686402192492,1,1
2014-08-31,NZDUSD,NZ,0,-0.07171130980350829,2014,456,1,0.5729940398878282,1,1
2014-08-31,SEKUSD,SE,0,-0.03380071460846357,2014,456,1,0.5110617788772169,1,1
2014-08-31,ZARUSD,ZA,0,-0.05996421015426545,2014,456,1,0.5314716150085089,1,1
2014-09-30,AUDUSD,AU,1,0.006161589553083935,2014,456,1,0.5526172074487611,1,1
2014-09-30,CADUSD,CA,0,-0.005783191526488166,2014,456,1,0.5325121561494661,1,1
2014-09-30,CHFUSD,CH,0,-0.007196151406493698,2014,456,1,0.5435854922451235,0,1
2014-09-30,EURUSD,EZ,0,-0.007790801787768337,2014,456,1,0.5235416404326061,0,1
2014-09-30,GBPUSD,GB,0,-0.013718828400691996,2014,456,1,0.5318309853938655,1,1
2014-09-30,JPYUSD,JP,0,-0.021917450057101995,2014,456,1,0.5452812280279433,0,1
2014-09-30,MXNUSD,MX,0,-0.004124943138673842,2014,456,1,0.5492109592319234,1,1
2014-09-30,NOKUSD,NO,0,-0.047331034524418,2014,456,1,0.5511138366231638,1,1
2014-09-30,NZDUSD,NZ,0,-0.0010277493196530485,2014,456,1,0.553755885529375,1,1
2014-09-30,SEKUSD,SE,0,-0.024911979364891756,2014,456,1,0.507890307582554,1,1
2014-09-30,ZARUSD,ZA,1,0.023130435079358858,2014,456,1,0.542445382148167,1,1
2014-10-31,AUDUSD,AU,0,-0.030842756632670776,2014,456,1,0.5383702603635664,1,1
2014-10-31,CADUSD,CA,0,-0.013569685705891801,2014,456,1,0.5392771508652251,1,1
2014-10-31,CHFUSD,CH,0,-0.003630521077086224,2014,456,1,0.5461112294523489,0,1
2014-10-31,EURUSD,EZ,0,-0.007369466226279292,2014,456,1,0.5258310915148438,0,1
2014-10-31,GBPUSD,GB,0,-0.022822370584252627,2014,456,1,0.5425154435399123,1,1
2014-10-31,JPYUSD,JP,0,-0.05729718158261843,2014,456,1,0.5371477253342383,0,1
2014-10-31,MXNUSD,MX,0,-0.032005943177185525,2014,456,1,0.5530263068840987,1,1
2014-10-31,NOKUSD,NO,0,-0.037386308666160994,2014,456,1,0.5542271515148337,1,1
2014-10-31,NZDUSD,NZ,1,0.0076824961720162455,2014,456,1,0.5393168278917926,1,1
2014-10-31,SEKUSD,SE,0,-0.007716430571858446,2014,456,1,0.5251004725471078,1,1
2014-10-31,ZARUSD,ZA,0,-0.0011308892255397218,2014,456,1,0.5208038552412315,1,1
2014-11-30,AUDUSD,AU,0,-0.04204967570237808,2014,456,1,0.5429272724836609,1,1
2014-11-30,CADUSD,CA,0,-0.015199840990998748,2014,456,1,0.5336406237717463,1,1
2014-11-30,CHFUSD,CH,0,-0.028176629233808665,2014,456,1,0.5422275437425378,0,1
2014-11-30,EURUSD,EZ,0,-0.027468208865782134,2014,456,1,0.5254543650086314,0,1
2014-11-30,GBPUSD,GB,0,-0.0038441872045654746,2014,456,1,0.5379211199919168,1,1
2014-11-30,JPYUSD,JP,0,-0.009641659264771008,2014,456,1,0.5338367702242302,0,1
2014-11-30,MXNUSD,MX,0,-0.05784459137939857,2014,456,1,0.5468613239662088,1,1
2014-11-30,NOKUSD,NO,0,-0.06565120152797066,2014,456,1,0.5270683785677086,1,1
2014-11-30,NZDUSD,NZ,0,-0.005628052717002174,2014,456,1,0.5373142481976194,1,1
2014-11-30,SEKUSD,SE,0,-0.04845537454069415,2014,456,1,0.5150957168973902,1,1
2014-11-30,ZARUSD,ZA,0,-0.042746088283329264,2014,456,1,0.5262117691817304,1,1
2014-12-31,AUDUSD,AU,0,-0.05159600558727809,2014,456,1,0.5613849276558521,1,1
2014-12-31,CADUSD,CA,0,-0.09176974175528674,2014,456,1,0.5428877548338233,1,1
2014-12-31,CHFUSD,CH,1,0.07567336641794335,2014,456,1,0.5617441822423146,0,1
2014-12-31,EURUSD,EZ,0,-0.06937071565434476,2014,456,1,0.5407478540112256,0,1
2014-12-31,GBPUSD,GB,0,-0.036077628550788,2014,456,1,0.5372799493540632,1,1
2014-12-31,JPYUSD,JP,1,0.020313396014188356,2014,456,1,0.5288857867428469,0,1
2014-12-31,MXNUSD,MX,0,-0.017140396106501754,2014,456,1,0.5470636170770801,1,1
2014-12-31,NOKUSD,NO,0,-0.03522036372509296,2014,456,1,0.5261970421819684,1,1
2014-12-31,NZDUSD,NZ,0,-0.07288521290463615,2014,456,1,0.5712965541854198,1,1
2014-12-31,SEKUSD,SE,0,-0.055761538321942083,2014,456,1,0.5281792752316466,0,1
2014-12-31,ZARUSD,ZA,0,-0.009356137838796741,2014,456,1,0.5615624791130303,1,1
2015-01-31,AUDUSD,AU,1,0.006164930904880045,2015,468,1,0.5054262497756306,1,1
2015-01-31,CADUSD,CA,1,0.01665251390345024,2015,468,1,0.5059277214641044,1,1
2015-01-31,CHFUSD,CH,0,-0.032369433957104614,2015,468,1,0.5184717635873918,0,1
2015-01-31,EURUSD,EZ,0,-0.008271492883510811,2015,468,0,0.49905583363294387,0,1
2015-01-31,GBPUSD,GB,1,0.0271147417128208,2015,468,1,0.5153742405771986,1,1
2015-01-31,JPYUSD,JP,0,-0.019228118118292947,2015,468,0,0.49693521140990066,0,1
2015-01-31,MXNUSD,MX,1,0.004408235832150442,2015,468,0,0.4927056822494771,1,1
2015-01-31,NOKUSD,NO,1,0.011407041809968987,2015,468,0,0.47166187500279805,1,1
2015-01-31,NZDUSD,NZ,1,0.04174871729790469,2015,468,1,0.5459381585002824,1,1
2015-01-31,SEKUSD,SE,0,-0.009898629718268381,2015,468,0,0.4819042338758432,0,1
2015-01-31,ZARUSD,ZA,0,-0.0030423162190813535,2015,468,1,0.5185656762817664,1,1
2015-02-28,AUDUSD,AU,0,-0.023972641358119356,2015,468,0,0.4771617568908038,1,1
2015-02-28,CADUSD,CA,0,-0.013896281107656366,2015,468,0,0.4559065810326049,1,1
2015-02-28,CHFUSD,CH,0,-0.020702950092822234,2015,468,1,0.5341085079554464,0,1
2015-02-28,EURUSD,EZ,0,-0.041577690662149835,2015,468,0,0.4588206305620796,0,1
2015-02-28,GBPUSD,GB,0,-0.038896910411080954,2015,468,1,0.5008759612041646,1,1
2015-02-28,JPYUSD,JP,0,-0.0020026708963101214,2015,468,1,0.5252268423856761,0,1
2015-02-28,MXNUSD,MX,0,-0.020276337380037646,2015,468,0,0.4975891606103293,1,1
2015-02-28,NOKUSD,NO,0,-0.04957357430480336,2015,468,0,0.46166407588796365,1,1
2015-02-28,NZDUSD,NZ,0,-0.009573268166991111,2015,468,0,0.4997310280955636,1,1
2015-02-28,SEKUSD,SE,0,-0.031953632134388954,2015,468,0,0.4501597733582673,0,1
2015-02-28,ZARUSD,ZA,0,-0.03794789005613941,2015,468,0,0.4996078777495209,1,1
2015-03-31,AUDUSD,AU,1,0.031244472853630106,2015,468,1,0.5010723120043293,1,1
2015-03-31,CADUSD,CA,1,0.04557791708777165,2015,468,0,0.47904747608190285,1,1
2015-03-31,CHFUSD,CH,1,0.031589280719854146,2015,468,1,0.5722687215415828,0,1
2015-03-31,EURUSD,EZ,1,0.0384469577503319,2015,468,0,0.4752896380526771,0,1
2015-03-31,GBPUSD,GB,1,0.031681355979796044,2015,468,1,0.521875249803618,1,1
2015-03-31,JPYUSD,JP,1,0.0008339588507686457,2015,468,1,0.5292114965221373,0,1
2015-03-31,MXNUSD,MX,0,-0.009173926993220505,2015,468,1,0.5288801979908895,1,1
2015-03-31,NOKUSD,NO,1,0.06190473732590762,2015,468,1,0.5039772594911843,1,1
2015-03-31,NZDUSD,NZ,1,0.014062317163039406,2015,468,1,0.5274222209393258,1,1
2015-03-31,SEKUSD,SE,1,0.02928828660162175,2015,468,0,0.4730484719929741,0,1
2015-03-31,ZARUSD,ZA,1,0.016865067009462553,2015,468,1,0.5162039129908566,1,1
2015-04-30,AUDUSD,AU,0,-0.026795368419648885,2015,468,1,0.5129876707352043,1,1
2015-04-30,CADUSD,CA,0,-0.028478045221667914,2015,468,1,0.5202469157277738,1,1
2015-04-30,CHFUSD,CH,1,0.0006378229194650628,2015,468,1,0.5236671943481458,0,1
2015-04-30,EURUSD,EZ,0,-0.015165482927773338,2015,468,0,0.4884608303146869,0,1
2015-04-30,GBPUSD,GB,0,-0.0027438444078123903,2015,468,1,0.5192310725396355,1,1
2015-04-30,JPYUSD,JP,0,-0.03379586724373418,2015,468,1,0.5163704670403131,0,1
2015-04-30,MXNUSD,MX,1,0.0010860271013424239,2015,468,1,0.5245394172510058,1,1
2015-04-30,NOKUSD,NO,0,-0.028205745398015125,2015,468,1,0.504418846517287,1,1
2015-04-30,NZDUSD,NZ,0,-0.06532045413325033,2015,468,1,0.5569901556676422,1,1
2015-04-30,SEKUSD,SE,0,-0.017359020229081867,2015,468,0,0.48211512466681783,0,1
2015-04-30,ZARUSD,ZA,0,-0.017153364204680166,2015,468,1,0.500910561393964,1,1
2015-05-31,AUDUSD,AU,1,0.005858247568367891,2015,468,1,0.526101866976888,1,1
2015-05-31,CADUSD,CA,0,-0.0005613697569133436,2015,468,1,0.5384126669003891,1,1
2015-05-31,CHFUSD,CH,1,0.006186686399588595,2015,468,1,0.5451516541607911,0,1
2015-05-31,EURUSD,EZ,1,0.014448508528893358,2015,468,1,0.512678267686715,0,1
2015-05-31,GBPUSD,GB,1,0.028441603687896055,2015,468,1,0.5256069502782593,1,1
2015-05-31,JPYUSD,JP,1,0.015279881157114872,2015,468,1,0.5274566716151109,0,1
2015-05-31,MXNUSD,MX,0,-0.02069683330419725,2015,468,1,0.5209724945949304,1,1
2015-05-31,NOKUSD,NO,0,-0.00932118576676677,2015,468,1,0.5323161865295687,1,1
2015-05-31,NZDUSD,NZ,0,-0.047960807716521336,2015,468,1,0.5398275717980318,1,1
2015-05-31,SEKUSD,SE,1,0.027448179978962095,2015,468,1,0.5052663390811581,0,1
2015-05-31,ZARUSD,ZA,0,-0.00024704574589362593,2015,468,1,0.5110604004725192,1,1
2015-06-30,AUDUSD,AU,0,-0.04949134451836584,2015,468,1,0.5338487693414129,1,1
2015-06-30,CADUSD,CA,0,-0.04499191414003892,2015,468,1,0.5379916818855982,1,1
2015-06-30,CHFUSD,CH,0,-0.03055764047439044,2015,468,1,0.574826507971495,0,1
2015-06-30,EURUSD,EZ,0,-0.011360684805811608,2015,468,1,0.5337534906072546,0,1
2015-06-30,GBPUSD,GB,0,-0.005930950710449745,2015,468,1,0.5523653482478228,1,1
2015-06-30,JPYUSD,JP,0,-0.014957196417302754,2015,468,1,0.5230656819444693,0,1
2015-06-30,MXNUSD,MX,0,-0.023357659444466883,2015,468,1,0.5380156068265708,1,1
2015-06-30,NOKUSD,NO,0,-0.03491663942545831,2015,468,1,0.5485562449745435,1,1
2015-06-30,NZDUSD,NZ,0,-0.022831701312573616,2015,468,1,0.5081246878786132,1,1
2015-06-30,SEKUSD,SE,0,-0.035393539297664756,2015,468,1,0.5230438838797719,0,1
2015-06-30,ZARUSD,ZA,0,-0.03836529465893079,2015,468,1,0.5308038992110506,1,1
2015-07-31,AUDUSD,AU,0,-0.032153545930188876,2015,468,1,0.5235137826429382,1,1
2015-07-31,CADUSD,CA,0,-0.01339951529107486,2015,468,1,0.5165565783403635,1,1
2015-07-31,CHFUSD,CH,0,-0.0046591169853094985,2015,468,1,0.5594123472795149,0,1
2015-07-31,EURUSD,EZ,1,0.01494042730761748,2015,468,1,0.5297155465063557,0,1
2015-07-31,GBPUSD,GB,0,-0.017486008649615692,2015,468,1,0.5569431322212571,1,1
2015-07-31,JPYUSD,JP,1,0.02186057689037657,2015,468,1,0.5350612304873698,0,1
2015-07-31,MXNUSD,MX,0,-0.04089919719349844,2015,468,1,0.5380384579655234,1,1
2015-07-31,NOKUSD,NO,0,-0.022566256597857492,2015,468,1,0.5179988533273912,1,1
2015-07-31,NZDUSD,NZ,0,-0.042553051683973,2015,468,0,0.4796179254841893,1,1
2015-07-31,SEKUSD,SE,1,0.01382807526587948,2015,468,1,0.5260501880960762,0,1
2015-07-31,ZARUSD,ZA,0,-0.048375014992824816,2015,468,1,0.5341001181003099,1,1
2015-08-31,AUDUSD,AU,0,-0.011331566009549987,2015,468,1,0.5106257206987685,1,1
2015-08-31,CADUSD,CA,0,-0.012998417357272196,2015,468,1,0.5023716091221986,1,1
2015-08-31,CHFUSD,CH,0,-0.009458279618764262,2015,468,1,0.5466255125667872,0,1
2015-08-31,EURUSD,EZ,0,-0.0028627681029258917,2015,468,1,0.5327970799853156,0,1
2015-08-31,GBPUSD,GB,0,-0.01620823566128038,2015,468,1,0.5540505498068624,1,1
2015-08-31,JPYUSD,JP,1,0.012029845991777144,2015,468,1,0.5434866131231686,0,1
2015-08-31,MXNUSD,MX,0,-0.009902101456394696,2015,468,1,0.5186238365276081,1,1
2015-08-31,NOKUSD,NO,0,-0.024169930507097703,2015,468,1,0.5063525866248798,1,1
2015-08-31,NZDUSD,NZ,1,0.0064369482011305545,2015,468,0,0.49070903012589184,1,1
2015-08-31,SEKUSD,SE,1,0.009878116810715376,2015,468,1,0.5178697698468837,0,1
2015-08-31,ZARUSD,ZA,0,-0.0421332781588899,2015,468,1,0.517988314058268,1,1
2015-09-30,AUDUSD,AU,1,0.01596868525818146,2015,468,1,0.5150962447555538,1,1
2015-09-30,CADUSD,CA,1,0.023718915392937023,2015,468,1,0.5127413949483836,1,1
2015-09-30,CHFUSD,CH,0,-0.008659826926487335,2015,468,1,0.557723925058682,0,1
2015-09-30,EURUSD,EZ,0,-0.010808968504388963,2015,468,1,0.5515329639944425,0,1
2015-09-30,GBPUSD,GB,1,0.021531540883302447,2015,468,1,0.548937724534542,1,1
2015-09-30,JPYUSD,JP,0,-0.007400973451678006,2015,468,1,0.5688836125657967,0,1
2015-09-30,MXNUSD,MX,1,0.022018359897720163,2015,468,1,0.5254613969738964,1,1
2015-09-30,NOKUSD,NO,1,0.007251270722556935,2015,468,1,0.5165350604974153,1,1
2015-09-30,NZDUSD,NZ,1,0.05717580196907324,2015,468,1,0.5157825238944422,1,1
2015-09-30,SEKUSD,SE,0,-0.011964557476374704,2015,468,1,0.5301422327660443,0,1
2015-09-30,ZARUSD,ZA,1,0.0001447754173873328,2015,468,1,0.5126756141070544,1,1
2015-10-31,AUDUSD,AU,1,0.01419845678754611,2015,468,1,0.5119468433209446,1,1
2015-10-31,CADUSD,CA,0,-0.01892992090647222,2015,468,1,0.5115505941020322,1,1
2015-10-31,CHFUSD,CH,0,-0.04211148535012692,2015,468,1,0.5417054478874638,0,1
2015-10-31,EURUSD,EZ,0,-0.04444352957711149,2015,468,1,0.5359989326752702,0,1
2015-10-31,GBPUSD,GB,0,-0.026306085762455078,2015,468,1,0.5258698718996662,1,1
2015-10-31,JPYUSD,JP,0,-0.020663247482938907,2015,468,1,0.5627551434677083,0,1
2015-10-31,MXNUSD,MX,0,-0.004255903557879748,2015,468,1,0.5126550469945088,1,1
2015-10-31,NOKUSD,NO,0,-0.02560190216726088,2015,468,1,0.5079105049655575,1,1
2015-10-31,NZDUSD,NZ,0,-0.02878759511648904,2015,468,1,0.5167824468393007,1,1
2015-10-31,SEKUSD,SE,0,-0.026539947751589743,2015,468,1,0.5351942766639599,0,1
2015-10-31,ZARUSD,ZA,0,-0.0471220121101763,2015,468,0,0.4835852378738024,1,1
2015-11-30,AUDUSD,AU,1,0.007024338502924832,2015,468,1,0.5474406905082986,1,1
2015-11-30,CADUSD,CA,0,-0.03732353279829986,2015,468,1,0.5391125135437751,1,1
2015-11-30,CHFUSD,CH,1,0.02611114400368579,2015,468,1,0.5549951738909398,0,1
2015-11-30,EURUSD,EZ,1,0.027731574950022042,2015,468,1,0.5277833315072218,0,1
2015-11-30,GBPUSD,GB,0,-0.020007381040631156,2015,468,1,0.551194468088794,1,1
2015-11-30,JPYUSD,JP,1,0.024232160263899516,2015,468,1,0.5609842029406216,0,1
2015-11-30,MXNUSD,MX,0,-0.03518582849341678,2015,468,1,0.5549744261888715,1,1
2015-11-30,NOKUSD,NO,0,-0.01943270182584511,2015,468,1,0.5323614314635644,1,1
2015-11-30,NZDUSD,NZ,1,0.03995761131338532,2015,468,1,0.5720256488020782,1,1
2015-11-30,SEKUSD,SE,1,0.031699132074654024,2015,468,1,0.5307286607217202,0,1
2015-11-30,ZARUSD,ZA,0,-0.0658756792292734,2015,468,1,0.5102094558190339,1,1
2015-12-31,AUDUSD,AU,0,-0.029952785964268425,2015,468,1,0.562205394551497,1,1
2015-12-31,CADUSD,CA,0,-0.01683843030056409,2015,468,1,0.5301085211990356,1,1
2015-12-31,CHFUSD,CH,0,-0.02064984702818033,2015,468,1,0.5272683523865797,0,1
2015-12-31,EURUSD,EZ,0,-0.0024895130648443647,2015,468,1,0.5045186103775198,0,1
2015-12-31,GBPUSD,GB,0,-0.038857290795551946,2015,468,1,0.538558485764347,1,1
2015-12-31,JPYUSD,JP,0,-0.006464468061542661,2015,468,1,0.5420065121585032,0,1
2015-12-31,MXNUSD,MX,0,-0.05740716322945305,2015,468,1,0.5573375993643006,1,1
2015-12-31,NOKUSD,NO,1,0.01675313792273636,2015,468,1,0.5308321724139635,1,1
2015-12-31,NZDUSD,NZ,0,-0.056058549493564536,2015,468,1,0.551370815491185,1,1
2015-12-31,SEKUSD,SE,0,-0.014383833780086341,2015,468,1,0.5123406299089476,0,1
2015-12-31,ZARUSD,ZA,0,-0.031034174708187034,2015,468,1,0.5045289242537063,1,1
2016-01-31,AUDUSD,AU,1,0.011390125249109262,2016,480,1,0.5595004613976642,1,0
2016-01-31,CADUSD,CA,1,0.04001113487587099,2016,480,1,0.5074353832654358,1,0
2016-01-31,CHFUSD,CH,1,0.026356425061300665,2016,480,1,0.5302943658110313,0,0
2016-01-31,EURUSD,EZ,1,0.003317975394182174,2016,480,1,0.5302685705005746,0,0
2016-01-31,GBPUSD,GB,0,-0.018356972251551806,2016,480,1,0.5260238665054745,1,0
2016-01-31,JPYUSD,JP,1,0.06970121222845105,2016,480,1,0.5555800840946515,0,0
2016-01-31,MXNUSD,MX,1,0.0079110629386836,2016,480,1,0.5259365435281715,1,0
2016-01-31,NOKUSD,NO,1,0.0017472272966125857,2016,480,1,0.5186935800769458,1,0
2016-01-31,NZDUSD,NZ,1,0.02019961564478534,2016,480,1,0.5515952939709463,1,0
2016-01-31,SEKUSD,SE,0,0.0,2016,480,1,0.5385469823753662,0,0
2016-01-31,ZARUSD,ZA,1,0.013060122540627717,2016,480,0,0.45499623706430753,1,0
2016-02-29,AUDUSD,AU,1,0.07083680797454861,2016,480,1,0.5408027399995662,1,0
2016-02-29,CADUSD,CA,1,0.04175609431488192,2016,480,1,0.5094195921760073,1,0
2016-02-29,CHFUSD,CH,1,0.03858637623488152,2016,480,1,0.5485776964926314,0,0
2016-02-29,EURUSD,EZ,1,0.04691308589498949,2016,480,1,0.5550023822983351,0,0
2016-02-29,GBPUSD,GB,1,0.0321502943838875,2016,480,1,0.5159864277955674,1,0
2016-02-29,JPYUSD,JP,1,0.004260613581688055,2016,480,1,0.5692768197750668,0,0
2016-02-29,MXNUSD,MX,1,0.04839173794771634,2016,480,1,0.5044946069921027,1,0
2016-02-29,NOKUSD,NO,1,0.051935962286967285,2016,480,1,0.5426232739783942,1,0
2016-02-29,NZDUSD,NZ,1,0.04806129327359643,2016,480,1,0.525450226166924,1,0
2016-02-29,SEKUSD,SE,1,0.056977928801359656,2016,480,1,0.5479930592438917,0,0
2016-02-29,ZARUSD,ZA,1,0.06809058374105703,2016,480,0,0.46482846392973887,1,0
2016-03-31,AUDUSD,AU,0,-0.008502896411858474,2016,480,1,0.5326867443101082,1,0
2016-03-31,CADUSD,CA,1,0.03292091322543328,2016,480,1,0.535127143603279,1,0
2016-03-31,CHFUSD,CH,0,-0.0015640480744283924,2016,480,1,0.5428800935227637,0,0
2016-03-31,EURUSD,EZ,1,0.00446761725971595,2016,480,1,0.5374349306736755,0,0
2016-03-31,GBPUSD,GB,1,0.016824502213677595,2016,480,1,0.503305036267254,1,0
2016-03-31,JPYUSD,JP,1,0.050348039542929435,2016,480,1,0.5864633225816599,0,0
2016-03-31,MXNUSD,MX,1,0.0013951868325245975,2016,480,1,0.522194440733261,1,0
2016-03-31,NOKUSD,NO,1,0.023008682191032026,2016,480,1,0.5421138322552826,1,0
2016-03-31,NZDUSD,NZ,1,0.008339372557070901,2016,480,1,0.5026432798477443,1,0
2016-03-31,SEKUSD,SE,1,0.008621331209485827,2016,480,1,0.5206170685429172,0,0
2016-03-31,ZARUSD,ZA,1,0.032788689807544014,2016,480,0,0.4914052509807144,1,0
2016-04-30,AUDUSD,AU,0,-0.04982853809045368,2016,480,1,0.5773695155389723,1,0
2016-04-30,CADUSD,CA,0,-0.042742215219094826,2016,480,1,0.5551415787697407,1,0
2016-04-30,CHFUSD,CH,0,-0.03440847324910511,2016,480,1,0.5641205740793241,0,0
2016-04-30,EURUSD,EZ,0,-0.027110094009475852,2016,480,1,0.5551242290351794,0,0
2016-04-30,GBPUSD,GB,0,-0.006516915535728529,2016,480,1,0.5282781114302716,1,0
2016-04-30,JPYUSD,JP,0,-0.03538159089424564,2016,480,1,0.5854058714690048,0,0
2016-04-30,MXNUSD,MX,0,-0.06872911749032484,2016,480,1,0.5723165753311278,1,0
2016-04-30,NOKUSD,NO,0,-0.03694409344535643,2016,480,1,0.5508963992735223,1,0
2016-04-30,NZDUSD,NZ,0,-0.03126845301083059,2016,480,1,0.550700784323509,1,0
2016-04-30,SEKUSD,SE,0,-0.03781000042320315,2016,480,1,0.551631474792444,0,0
2016-04-30,ZARUSD,ZA,0,-0.09887682544372867,2016,480,1,0.5441864654699677,1,0
2016-05-31,AUDUSD,AU,1,0.02589759016808796,2016,480,1,0.5661957635237497,1,0
2016-05-31,CADUSD,CA,1,0.006664903822852064,2016,480,1,0.5639956962157215,1,0
2016-05-31,CHFUSD,CH,1,0.014397490915188677,2016,480,1,0.548998516034112,0,0
2016-05-31,EURUSD,EZ,0,-0.009293160218330238,2016,480,1,0.5586051775216322,0,0
2016-05-31,GBPUSD,GB,0,-0.0928218810795372,2016,480,1,0.546938408607645,1,0
2016-05-31,JPYUSD,JP,1,0.07478192728826283,2016,480,1,0.5946714247720996,0,0
2016-05-31,MXNUSD,MX,0,-0.004362382109497354,2016,480,1,0.5697653005290431,1,0
2016-05-31,NOKUSD,NO,0,-0.0030189332571950445,2016,480,1,0.5688569426142602,1,0
2016-05-31,NZDUSD,NZ,1,0.05055435989741386,2016,480,1,0.5631188275404666,1,0
2016-05-31,SEKUSD,SE,0,-0.019812036005822264,2016,480,1,0.561135261191864,0,0
2016-05-31,ZARUSD,ZA,1,0.061645266582414315,2016,480,1,0.5510518125343021,1,0
2016-06-30,AUDUSD,AU,1,0.022221658176110548,2016,480,0,0.4987394160117189,1,0
2016-06-30,CADUSD,CA,0,-0.002303263974093084,2016,480,1,0.515199319864585,1,0
2016-06-30,CHFUSD,CH,1,0.01047129986729533,2016,480,1,0.513583730241861,0,0
2016-06-30,EURUSD,EZ,1,0.01225240552901602,2016,480,1,0.5141313010800465,0,0
2016-06-30,GBPUSD,GB,1,0.002112251841461743,2016,480,1,0.5196465507722745,1,0
2016-06-30,JPYUSD,JP,1,0.004388324366394691,2016,480,1,0.563420770212891,0,0
2016-06-30,MXNUSD,MX,0,-0.014360928066893486,2016,480,1,0.5016688912319208,1,0
2016-06-30,NOKUSD,NO,0,-0.0037935365179002645,2016,480,1,0.5240956407962396,1,0
2016-06-30,NZDUSD,NZ,1,0.013393057336438197,2016,480,1,0.5305076947675826,1,0
2016-06-30,SEKUSD,SE,0,-0.0055708490355739215,2016,480,1,0.5045867543887318,0,0
2016-06-30,ZARUSD,ZA,1,0.06198124870136823,2016,480,0,0.4546002910906677,1,0
2016-07-31,AUDUSD,AU,0,-0.010583509291757998,2016,480,1,0.5118093061545574,1,0
2016-07-31,CADUSD,CA,0,-0.006268654424178954,2016,480,0,0.4982002174597623,1,0
2016-07-31,CHFUSD,CH,0,-0.014344508256400306,2016,480,1,0.5069820909676258,0,0
2016-07-31,EURUSD,EZ,0,-0.001971856872672026,2016,480,0,0.49415404147016917,0,0
2016-07-31,GBPUSD,GB,0,-0.010682324392142839,2016,480,0,0.4390636145821357,1,0
2016-07-31,JPYUSD,JP,0,-0.010306362497305877,2016,480,1,0.5757663453450736,0,0
2016-07-31,MXNUSD,MX,0,-0.004679615027445738,2016,480,0,0.4990164057756527,1,0
2016-07-31,NOKUSD,NO,1,0.009684728146494237,2016,480,1,0.5074304502503066,1,0
2016-07-31,NZDUSD,NZ,1,0.00566573753567734,2016,480,1,0.5497328496234988,1,0
2016-07-31,SEKUSD,SE,0,-0.0021729995933204016,2016,480,0,0.4804027750675545,0,0
2016-07-31,ZARUSD,ZA,0,-0.05675629279609762,2016,480,0,0.4751758638805611,1,0
2016-08-31,AUDUSD,AU,1,0.01949225418086753,2016,480,1,0.538102536124142,1,0
2016-08-31,CADUSD,CA,1,0.0005335976038487455,2016,480,1,0.5021483674822224,1,0
2016-08-31,CHFUSD,CH,1,0.013931796735890907,2016,480,1,0.5277406516021704,0,0
2016-08-31,EURUSD,EZ,1,0.008220203542661744,2016,480,0,0.4946576676579045,0,0
2016-08-31,GBPUSD,GB,0,-0.008720985505444534,2016,480,0,0.4302534663582858,0,0
2016-08-31,JPYUSD,JP,1,0.021213953567083443,2016,480,1,0.5728814712048967,0,0
2016-08-31,MXNUSD,MX,0,-0.025482922475649872,2016,480,1,0.5118649619687071,1,0
2016-08-31,NOKUSD,NO,1,0.04336553595231862,2016,480,1,0.5107159804571748,1,0
2016-08-31,NZDUSD,NZ,1,0.004537025724566823,2016,480,1,0.5609562693879458,1,0
2016-08-31,SEKUSD,SE,0,-0.00043170084968791045,2016,480,0,0.4727217799104962,0,0
2016-08-31,ZARUSD,ZA,1,0.06889082546410652,2016,480,1,0.5504326319663814,1,0
2016-09-30,AUDUSD,AU,0,-0.007330835291502913,2016,480,1,0.508399254576306,1,0
2016-09-30,CADUSD,CA,0,-0.021721949177522515,2016,480,0,0.48476668669450296,1,0
2016-09-30,CHFUSD,CH,0,-0.020017008211436517,2016,480,1,0.5019412891325401,0,0
2016-09-30,EURUSD,EZ,0,-0.02486614606608166,2016,480,0,0.48407226888364896,0,0
2016-09-30,GBPUSD,GB,0,-0.06368346357389729,2016,480,0,0.4523795892264342,0,0
2016-09-30,JPYUSD,JP,0,-0.037429228499873624,2016,480,1,0.5195222363347787,0,0
2016-09-30,MXNUSD,MX,1,0.028617971139195397,2016,480,1,0.5004377317752113,1,0
2016-09-30,NOKUSD,NO,0,-0.03207210934563687,2016,480,1,0.5088825288710088,1,0
2016-09-30,NZDUSD,NZ,0,-0.018552380374093957,2016,480,1,0.5274336708102195,1,0
2016-09-30,SEKUSD,SE,0,-0.05095086588948705,2016,480,0,0.46393218611545106,0,0
2016-09-30,ZARUSD,ZA,1,0.017276665706046135,2016,480,0,0.4829627762613736,1,0
2016-10-31,AUDUSD,AU,0,-0.029872870738653745,2016,480,1,0.5238193866553144,1,0
2016-10-31,CADUSD,CA,0,-0.0016400778985687925,2016,480,0,0.49756565152246407,1,0
2016-10-31,CHFUSD,CH,0,-0.02958825197330852,2016,480,1,0.5096633083124564,0,0
2016-10-31,EURUSD,EZ,0,-0.03565837398013648,2016,480,1,0.5031688213388218,0,0
2016-10-31,GBPUSD,GB,1,0.021788413063685175,2016,480,0,0.4576924641126876,0,0
2016-10-31,JPYUSD,JP,0,-0.08454967113514211,2016,480,1,0.5495306323481088,0,0
2016-10-31,MXNUSD,MX,0,-0.08497586697108961,2016,480,1,0.5148291089599007,1,0
2016-10-31,NOKUSD,NO,0,-0.03246093597684929,2016,480,1,0.5538703140517091,1,0
2016-10-31,NZDUSD,NZ,0,-0.010536024976835923,2016,480,1,0.5278258730663714,1,0
2016-10-31,SEKUSD,SE,0,-0.02562039946648742,2016,480,0,0.48591086687884466,0,0
2016-10-31,ZARUSD,ZA,0,-0.042999821554943196,2016,480,1,0.5184417560902321,1,0
2016-11-30,AUDUSD,AU,0,-0.021482662375927497,2016,480,1,0.5330704314083473,1,0
2016-11-30,CADUSD,CA,0,-7.448512163144017e-05,2016,480,0,0.4975530077787431,1,0
2016-11-30,CHFUSD,CH,1,0.002653955457593421,2016,480,1,0.5690843679341561,0,0
2016-11-30,EURUSD,EZ,0,-0.002460957228774853,2016,480,1,0.5031954652772063,0,0
2016-11-30,GBPUSD,GB,0,-0.011604610846989077,2016,480,0,0.43820048839663533,0,0
2016-11-30,JPYUSD,JP,0,-0.021115357019565906,2016,480,1,0.5439497713103784,0,0
2016-11-30,MXNUSD,MX,0,-0.007815297791967435,2016,480,1,0.5566905563367768,1,0
2016-11-30,NOKUSD,NO,0,-0.010319358485816998,2016,480,1,0.5418320270560157,1,0
2016-11-30,NZDUSD,NZ,0,-0.01752306393988662,2016,480,1,0.5240904556300322,1,0
2016-11-30,SEKUSD,SE,1,0.01903510413640852,2016,480,0,0.466713917496877,0,0
2016-11-30,ZARUSD,ZA,1,0.027181945312557243,2016,480,1,0.575891586559399,1,0
2016-12-31,AUDUSD,AU,1,0.047537980923469836,2016,480,0,0.4915287213890544,1,0
2016-12-31,CADUSD,CA,1,0.029938734379806153,2016,480,0,0.48962054936500116,0,0
2016-12-31,CHFUSD,CH,1,0.02713654143500077,2016,480,0,0.4753325269803417,0,0
2016-12-31,EURUSD,EZ,1,0.022675008781437585,2016,480,0,0.45925027390520234,0,0
2016-12-31,GBPUSD,GB,1,0.019902751497951593,2016,480,0,0.447635561189351,0,0
2016-12-31,JPYUSD,JP,1,0.03538495526496632,2016,480,0,0.46465821708628274,0,0
2016-12-31,MXNUSD,MX,0,-0.010542284478189945,2016,480,1,0.5110417575202194,1,0
2016-12-31,NOKUSD,NO,1,0.04347143396091013,2016,480,0,0.49404091473759176,0,0
2016-12-31,NZDUSD,NZ,1,0.051947004213962866,2016,480,0,0.4944293178484168,1,0
2016-12-31,SEKUSD,SE,1,0.03676785786829795,2016,480,0,0.431281535257949,0,0
2016-12-31,ZARUSD,ZA,1,0.01415074609799527,2016,480,1,0.5249520944175744,1,0
2017-01-31,AUDUSD,AU,1,0.013623475048509026,2017,492,0,0.4709924003100648,1,0
2017-01-31,CADUSD,CA,0,-0.016516720565370846,2017,492,0,0.4805735567991143,0,0
2017-01-31,CHFUSD,CH,0,-0.013460775822197867,2017,492,0,0.46364207449908734,0,0
2017-01-31,EURUSD,EZ,0,-0.01643975003497116,2017,492,0,0.45030555374644543,0,0
2017-01-31,GBPUSD,GB,0,-0.012634103763421695,2017,492,0,0.45471761341223116,0,0
2017-01-31,JPYUSD,JP,1,0.0058724254532869224,2017,492,0,0.4536593496268324,0,0
2017-01-31,MXNUSD,MX,1,0.04105099692578129,2017,492,0,0.49205446038578715,1,0
2017-01-31,NOKUSD,NO,0,-0.014725359538431793,2017,492,0,0.4793904345176556,0,0
2017-01-31,NZDUSD,NZ,0,-0.013738366925553025,2017,492,0,0.48386195261599374,1,0
2017-01-31,SEKUSD,SE,0,-0.02897349996892462,2017,492,0,0.44877819296134097,0,0
2017-01-31,ZARUSD,ZA,1,0.03063285652897818,2017,492,1,0.518408840773653,1,0
2017-02-28,AUDUSD,AU,0,-0.006264703339327604,2017,492,0,0.4978110129925579,1,0
2017-02-28,CADUSD,CA,0,-0.00557062566720129,2017,492,0,0.48254632645302076,0,0
2017-02-28,CHFUSD,CH,1,0.002397603546154241,2017,492,0,0.4825228798018157,0,0
2017-02-28,EURUSD,EZ,1,0.007506133947578618,2017,492,0,0.465900023445682,0,0
2017-02-28,GBPUSD,GB,1,0.008812747310030594,2017,492,0,0.4544758214420025,0,0
2017-02-28,JPYUSD,JP,1,0.005817352065912829,2017,492,0,0.48301016603800645,0,0
2017-02-28,MXNUSD,MX,1,0.060209031226548415,2017,492,1,0.5164044364074901,1,0
2017-02-28,NOKUSD,NO,0,-0.02466141992420212,2017,492,1,0.5037959095281594,0,0
2017-02-28,NZDUSD,NZ,0,-0.032047718023099636,2017,492,1,0.506962973674544,1,0
2017-02-28,SEKUSD,SE,1,0.008347917208649136,2017,492,0,0.4718101928118426,0,0
2017-02-28,ZARUSD,ZA,0,-0.02432017310748158,2017,492,1,0.5272613783083203,1,0
2017-03-31,AUDUSD,AU,0,-0.0215716695265743,2017,492,1,0.5168469101818102,1,0
2017-03-31,CADUSD,CA,0,-0.025788757801190054,2017,492,0,0.48480661043298884,0,0
2017-03-31,CHFUSD,CH,1,0.005415718782968681,2017,492,0,0.48391907615731145,0,0
2017-03-31,EURUSD,EZ,1,0.018247160287524683,2017,492,0,0.4674597396094405,0,0
2017-03-31,GBPUSD,GB,1,0.03148444548790566,2017,492,0,0.4648288344129861,0,0
2017-03-31,JPYUSD,JP,0,-0.00026923940032475,2017,492,1,0.5109883988659504,0,0
2017-03-31,MXNUSD,MX,0,-0.005561013192408204,2017,492,1,0.5556234796135537,1,0
2017-03-31,NOKUSD,NO,1,0.0003498909542236639,2017,492,1,0.5049638849885031,0,0
2017-03-31,NZDUSD,NZ,0,-0.020345554257266474,2017,492,1,0.5141001072170013,1,0
2017-03-31,SEKUSD,SE,1,0.008023236135257239,2017,492,0,0.4589535521427328,0,0
2017-03-31,ZARUSD,ZA,1,0.006540245680609402,2017,492,1,0.5379493184149357,1,0
2017-04-30,AUDUSD,AU,0,-0.005096577555587067,2017,492,1,0.5067160767309404,1,0
2017-04-30,CADUSD,CA,1,0.012588968849300997,2017,492,0,0.474712374027828,0,0
2017-04-30,CHFUSD,CH,1,0.026494315132597965,2017,492,0,0.4843956419895668,0,0
2017-04-30,EURUSD,EZ,1,0.03081894084541406,2017,492,0,0.4722734862406566,0,0
2017-04-30,GBPUSD,GB,0,-0.002553884451216515,2017,492,0,0.4684245134279139,0,0
2017-04-30,JPYUSD,JP,1,0.006572159600175098,2017,492,0,0.4999270312670225,0,0
2017-04-30,MXNUSD,MX,1,0.014845041033578088,2017,492,1,0.5968891560393007,1,0
2017-04-30,NOKUSD,NO,1,0.016050953989922956,2017,492,0,0.4820695901814266,0,0
2017-04-30,NZDUSD,NZ,1,0.03438734230947571,2017,492,0,0.4863664478407693,1,0
2017-04-30,SEKUSD,SE,1,0.021058450204622048,2017,492,0,0.4575171994736543,0,0
2017-04-30,ZARUSD,ZA,1,0.012260834532674014,2017,492,1,0.5260076396431581,1,0
2017-05-31,AUDUSD,AU,1,0.03163103642429027,2017,492,0,0.494696576821346,1,0
2017-05-31,CADUSD,CA,1,0.038977743709938006,2017,492,0,0.47126910319565396,0,0
2017-05-31,CHFUSD,CH,1,0.010171338338372471,2017,492,0,0.4935058565832879,0,0
2017-05-31,EURUSD,EZ,1,0.015454893210545453,2017,492,0,0.49072385646934347,0,0
2017-05-31,GBPUSD,GB,1,0.0069498349228764855,2017,492,0,0.48562933045451945,0,0
2017-05-31,JPYUSD,JP,0,-0.015149767588216179,2017,492,1,0.5004002814261455,0,0
2017-05-31,MXNUSD,MX,1,0.03152911512408796,2017,492,1,0.5897242282219145,1,0
2017-05-31,NOKUSD,NO,1,0.006898958028966007,2017,492,0,0.4888996962613737,0,0
2017-05-31,NZDUSD,NZ,1,0.030788730650774754,2017,492,0,0.4840316542733592,1,0
2017-05-31,SEKUSD,SE,1,0.027900961659214296,2017,492,0,0.4764394417811649,0,0
2017-05-31,ZARUSD,ZA,1,0.00609177592979826,2017,492,1,0.5359427469875647,1,0
2017-06-30,AUDUSD,AU,1,0.03984183740811531,2017,492,0,0.48562144472133467,1,0
2017-06-30,CADUSD,CA,1,0.038635458473790435,2017,492,0,0.4760130865883162,0,0
2017-06-30,CHFUSD,CH,0,-0.00665421461345489,2017,492,1,0.5017552391736565,0,0
2017-06-30,EURUSD,EZ,1,0.03572269494609559,2017,492,1,0.501798277443674,0,0
2017-06-30,GBPUSD,GB,1,0.015349085272881369,2017,492,0,0.49352159830197956,0,0
2017-06-30,JPYUSD,JP,1,0.018134979448236166,2017,492,0,0.48137945308292374,0,0
2017-06-30,MXNUSD,MX,1,0.012077508709670504,2017,492,1,0.5763545415929398,1,0
2017-06-30,NOKUSD,NO,1,0.059746228518662736,2017,492,1,0.5011308357669967,0,0
2017-06-30,NZDUSD,NZ,1,0.02441942586554724,2017,492,1,0.500577070356348,1,0
2017-06-30,SEKUSD,SE,1,0.04418467200400489,2017,492,0,0.4829379071665375,0,0
2017-06-30,ZARUSD,ZA,0,-0.009880376786492118,2017,492,1,0.5282376210650767,1,0
2017-07-31,AUDUSD,AU,0,-0.007035204896019165,2017,492,1,0.5127846994876409,1,0
2017-07-31,CADUSD,CA,0,-0.0019996007462511622,2017,492,1,0.5170185898898275,0,0
2017-07-31,CHFUSD,CH,1,0.004153692368693417,2017,492,1,0.5086528007717559,0,0
2017-07-31,EURUSD,EZ,1,0.005733573885763732,2017,492,1,0.5095359735236564,0,0
2017-07-31,GBPUSD,GB,0,-0.02361710749166185,2017,492,0,0.4928196349583301,0,0
2017-07-31,JPYUSD,JP,1,0.0029032863797420205,2017,492,0,0.4826610424080144,0,0
2017-07-31,MXNUSD,MX,1,0.004011619423391899,2017,492,1,0.6085407841968388,1,0
2017-07-31,NOKUSD,NO,1,0.015308799084701619,2017,492,1,0.5134138895174332,0,0
2017-07-31,NZDUSD,NZ,0,-0.045397285952062716,2017,492,1,0.5302961194787368,1,0
2017-07-31,SEKUSD,SE,1,0.014996974814110331,2017,492,1,0.5014366425135132,0,0
2017-07-31,ZARUSD,ZA,1,0.017547656057538052,2017,492,1,0.5234191256049366,1,0
2017-08-31,AUDUSD,AU,0,-0.011666376295233066,2017,492,1,0.5366699597281888,1,0
2017-08-31,CADUSD,CA,1,0.0004795396511333705,2017,492,1,0.5329603203415837,0,0
2017-08-31,CHFUSD,CH,0,-0.008083783268590196,2017,492,0,0.4985411125210127,0,0
2017-08-31,EURUSD,EZ,0,-0.006833451318019074,2017,492,1,0.5183875650081191,0,0
2017-08-31,GBPUSD,GB,1,0.03910730367630583,2017,492,1,0.5031074995539428,0,0
2017-08-31,JPYUSD,JP,0,-0.02317122077811895,2017,492,0,0.4911000225939524,0,0
2017-08-31,MXNUSD,MX,0,-0.02006439838574625,2017,492,1,0.6077074752317448,1,0
2017-08-31,NOKUSD,NO,0,-0.024227124242166553,2017,492,1,0.5361050526643708,0,0
2017-08-31,NZDUSD,NZ,1,0.007641579386966968,2017,492,1,0.5269826330264291,1,0
2017-08-31,SEKUSD,SE,0,-0.024683414467401743,2017,492,1,0.5180148814148203,0,0
2017-08-31,ZARUSD,ZA,0,-0.039057884071647564,2017,492,1,0.5213809341610994,1,0
2017-09-30,AUDUSD,AU,0,-0.022183009178918384,2017,492,1,0.5071044924868621,1,0
2017-09-30,CADUSD,CA,0,-0.030313701655824254,2017,492,1,0.5133626552424911,0,0
2017-09-30,CHFUSD,CH,0,-0.02849195579430614,2017,492,0,0.487503317452407,0,0
2017-09-30,EURUSD,EZ,0,-0.014066128512052689,2017,492,1,0.5030520522496976,0,0
2017-09-30,GBPUSD,GB,0,-0.009069507132865307,2017,492,0,0.4806064885415705,0,0
2017-09-30,JPYUSD,JP,0,-0.008750663520185498,2017,492,0,0.48259226845263026,0,0
2017-09-30,MXNUSD,MX,0,-0.052645146368799356,2017,492,1,0.5913614756055537,1,0
2017-09-30,NOKUSD,NO,0,-0.024867493745902802,2017,492,1,0.5224719148359244,0,0
2017-09-30,NZDUSD,NZ,0,-0.053298581724361915,2017,492,0,0.4801159380881976,1,0
2017-09-30,SEKUSD,SE,0,-0.025117881208338577,2017,492,1,0.5054539613861325,0,0
2017-09-30,ZARUSD,ZA,0,-0.0450469575952015,2017,492,1,0.5019938663755531,1,0
2017-10-31,AUDUSD,AU,0,-0.012598591836321726,2017,492,0,0.47662497021614825,1,0
2017-10-31,CADUSD,CA,1,0.0007758554194761125,2017,492,0,0.4892660150802909,0,0
2017-10-31,CHFUSD,CH,1,0.013127523671949179,2017,492,0,0.4719332222424228,0,0
2017-10-31,EURUSD,EZ,1,0.02123582731138371,2017,492,0,0.48100843803776017,0,0
2017-10-31,GBPUSD,GB,1,0.016799588734536464,2017,492,0,0.4988461892120462,0,0
2017-10-31,JPYUSD,JP,1,0.011773694185519545,2017,492,0,0.4613388612987056,0,0
2017-10-31,MXNUSD,MX,1,0.02624447217374648,2017,492,1,0.5604361251538329,1,0
2017-10-31,NOKUSD,NO,0,-0.01573897817265779,2017,492,0,0.48388240392764204,0,0
2017-10-31,NZDUSD,NZ,0,0.0,2017,492,0,0.4683564089558626,1,0
2017-10-31,SEKUSD,SE,1,0.0001554921629103312,2017,492,0,0.4747866462650681,0,0
2017-10-31,ZARUSD,ZA,1,0.03528718948905896,2017,492,0,0.47455110350750257,1,0
2017-11-30,AUDUSD,AU,1,0.03158773052636349,2017,492,0,0.4726493496898112,1,0
2017-11-30,CADUSD,CA,1,0.02889851112306585,2017,492,0,0.46917638313254995,0,0
2017-11-30,CHFUSD,CH,1,0.010216680612639008,2017,492,0,0.46458909824329786,0,0
2017-11-30,EURUSD,EZ,1,0.01036798585125634,2017,492,0,0.4780619596772933,0,0
2017-11-30,GBPUSD,GB,1,0.0017014984685729817,2017,492,1,0.5003060083650599,0,0
2017-11-30,JPYUSD,JP,0,-0.0034668242198598875,2017,492,0,0.46983934533965943,0,0
2017-11-30,MXNUSD,MX,0,-0.05258180835701065,2017,492,1,0.5402292750478316,1,0
2017-11-30,NOKUSD,NO,1,0.013475329551994708,2017,492,0,0.46812131265375645,0,0
2017-11-30,NZDUSD,NZ,1,0.03584613177313567,2017,492,0,0.4564922133558468,1,0
2017-11-30,SEKUSD,SE,1,0.022585956249444372,2017,492,0,0.4587335791082128,0,0
2017-11-30,ZARUSD,ZA,1,0.09751161162349575,2017,492,0,0.4573218839982029,1,0
2017-12-31,AUDUSD,AU,1,0.03198459499292958,2017,492,0,0.474938772969022,1,0
2017-12-31,CADUSD,CA,1,0.018057725660682533,2017,492,0,0.46674479739509944,0,0
2017-12-31,CHFUSD,CH,1,0.04376583868148903,2017,492,0,0.4693032428852435,0,0
2017-12-31,EURUSD,EZ,1,0.03321368691383064,2017,492,0,0.49120375893232976,0,0
2017-12-31,GBPUSD,GB,1,0.047701961550728145,2017,492,0,0.495869055020574,0,0
2017-12-31,JPYUSD,JP,1,0.03045280365851344,2017,492,0,0.48651325946179497,0,0
2017-12-31,MXNUSD,MX,1,0.05322601721031939,2017,492,1,0.5606334070976555,1,0
2017-12-31,NOKUSD,NO,1,0.06045734581407869,2017,492,0,0.4705571214074708,0,0
2017-12-31,NZDUSD,NZ,1,0.037594255760307116,2017,492,0,0.4556085679592851,1,0
2017-12-31,SEKUSD,SE,1,0.0373451179235591,2017,492,0,0.4619976217657639,0,0
2017-12-31,ZARUSD,ZA,1,0.03998059775206375,2017,492,0,0.49051882985240136,1,0
2018-01-31,AUDUSD,AU,0,-0.03377762826019337,2018,504,0,0.49351577260639873,1,1
2018-01-31,CADUSD,CA,0,-0.04088381641140637,2018,504,0,0.4928583988933248,0,1
2018-01-31,CHFUSD,CH,0,-0.011626177566345972,2018,504,0,0.48524449104544926,0,1
2018-01-31,EURUSD,EZ,0,-0.017614806679916023,2018,504,1,0.5003942180531059,0,1
2018-01-31,GBPUSD,GB,0,-0.028303776162851846,2018,504,1,0.501430086176176,0,1
2018-01-31,JPYUSD,JP,1,0.02491677091112976,2018,504,0,0.48700023983196067,0,1
2018-01-31,MXNUSD,MX,0,-0.011691980930726764,2018,504,1,0.5634896625134295,1,1
2018-01-31,NOKUSD,NO,0,-0.022835471169216248,2018,504,0,0.4856274777256627,0,1
2018-01-31,NZDUSD,NZ,0,-0.019865027506732746,2018,504,0,0.48587447782399484,1,1
2018-01-31,SEKUSD,SE,0,-0.04904656388347517,2018,504,0,0.48185119731250364,0,1
2018-01-31,ZARUSD,ZA,1,0.009294532479249717,2018,504,1,0.5427090549918213,1,1
2018-02-28,AUDUSD,AU,0,-0.014331147088623458,2018,504,1,0.5149503534183254,1,1
2018-02-28,CADUSD,CA,0,-0.006615582364357275,2018,504,1,0.5102477975959231,0,1
2018-02-28,CHFUSD,CH,0,-0.010758462591129725,2018,504,1,0.51269601720633,0,1
2018-02-28,EURUSD,EZ,1,0.008886773254488833,2018,504,1,0.5188848086555088,0,1
2018-02-28,GBPUSD,GB,1,0.016750328728434905,2018,504,1,0.5223181936846385,0,1
2018-02-28,JPYUSD,JP,1,0.0039470025867762715,2018,504,1,0.5083017489122517,0,1
2018-02-28,MXNUSD,MX,1,0.03636902024601962,2018,504,1,0.5810824022586584,1,1
2018-02-28,NOKUSD,NO,1,0.003559717964738862,2018,504,1,0.5278366748249034,0,1
2018-02-28,NZDUSD,NZ,1,0.0016590630101603332,2018,504,1,0.513386877466305,1,1
2018-02-28,SEKUSD,SE,0,-0.011123718988296893,2018,504,1,0.5109962187346295,0,1
2018-02-28,ZARUSD,ZA,0,-0.002966732415430773,2018,504,1,0.5515718672076149,1,1
2018-03-31,AUDUSD,AU,0,-0.019300802646058823,2018,504,0,0.48491453567130194,0,1
2018-03-31,CADUSD,CA,1,0.005678960378932479,2018,504,0,0.47133761826306164,0,1
2018-03-31,CHFUSD,CH,0,-0.03899069218807545,2018,504,0,0.49314079566577995,0,1
2018-03-31,EURUSD,EZ,0,-0.020169577731139254,2018,504,0,0.49486737164159494,0,1
2018-03-31,GBPUSD,GB,0,-0.01987249499672672,2018,504,0,0.49898994918007955,0,1
2018-03-31,JPYUSD,JP,0,-0.028589287014641585,2018,504,1,0.5055384574894441,0,1
2018-03-31,MXNUSD,MX,0,-0.03269997433482663,2018,504,1,0.5703593974340152,1,1
2018-03-31,NOKUSD,NO,0,-0.021594539919567612,2018,504,1,0.5101636598869744,0,1
2018-03-31,NZDUSD,NZ,0,-0.02744885954773102,2018,504,0,0.48849988914620646,1,1
2018-03-31,SEKUSD,SE,0,-0.046852638072364616,2018,504,0,0.46978332633769204,0,1
2018-03-31,ZARUSD,ZA,0,-0.0545571117227559,2018,504,1,0.5193821383099934,1,1
2018-04-30,AUDUSD,AU,1,0.0035730865778635934,2018,504,0,0.4796243670948001,0,1
2018-04-30,CADUSD,CA,0,-0.011788565246317245,2018,504,0,0.4709665919196233,0,1
2018-04-30,CHFUSD,CH,1,0.006783118895761811,2018,504,0,0.47494459134276973,0,1
2018-04-30,EURUSD,EZ,0,-0.034032934075769794,2018,504,0,0.48786406214878414,0,1
2018-04-30,GBPUSD,GB,0,-0.03417492339143702,2018,504,0,0.491793662638315,0,1
2018-04-30,JPYUSD,JP,1,0.005045650812821378,2018,504,0,0.4994782410395307,0,1
2018-04-30,MXNUSD,MX,0,-0.06341751107850113,2018,504,1,0.5704907250052641,1,1
2018-04-30,NOKUSD,NO,0,-0.019953648485619535,2018,504,0,0.4986526480258806,0,1
2018-04-30,NZDUSD,NZ,0,-0.005552801339667901,2018,504,0,0.48651542279610965,1,1
2018-04-30,SEKUSD,SE,0,-0.006857637628320035,2018,504,0,0.45359231410901135,0,1
2018-04-30,ZARUSD,ZA,0,-0.016296068097080507,2018,504,1,0.5031506797322184,1,1
2018-05-31,AUDUSD,AU,0,-0.022848211505943516,2018,504,0,0.48520162094583025,0,1
2018-05-31,CADUSD,CA,0,-0.013022014728112097,2018,504,0,0.4870286360370762,0,1
2018-05-31,CHFUSD,CH,0,-0.0078923813500476,2018,504,0,0.4645871142915736,0,1
2018-05-31,EURUSD,EZ,1,0.0005996487951131502,2018,504,0,0.4819874343708259,0,1
2018-05-31,GBPUSD,GB,0,-0.006947094314678159,2018,504,0,0.4928822619258466,0,1
2018-05-31,JPYUSD,JP,0,-0.01804642486171648,2018,504,0,0.48593354906374686,0,1
2018-05-31,MXNUSD,MX,1,0.01770538054258397,2018,504,1,0.5578186305604477,1,1
2018-05-31,NOKUSD,NO,1,0.004543041115011359,2018,504,0,0.4964586338628798,0,1
2018-05-31,NZDUSD,NZ,0,-0.03353729419083884,2018,504,0,0.4804523452747637,1,1
2018-05-31,SEKUSD,SE,0,-0.014380480060459,2018,504,0,0.449355998705376,0,1
2018-05-31,ZARUSD,ZA,0,-0.07808473514264103,2018,504,0,0.479071943790932,1,1
2018-06-30,AUDUSD,AU,1,0.005257139559464441,2018,504,0,0.49322528313869685,0,1
2018-06-30,CADUSD,CA,1,0.009404817572141178,2018,504,0,0.4828011087645413,0,1
2018-06-30,CHFUSD,CH,1,0.0027249348243280676,2018,504,0,0.4742955031344524,0,1
2018-06-30,EURUSD,EZ,1,0.0024804357754514283,2018,504,0,0.46825010288697105,0,1
2018-06-30,GBPUSD,GB,0,-0.005470722557005037,2018,504,0,0.47892973011873363,0,1
2018-06-30,JPYUSD,JP,0,-0.010512698462384229,2018,504,0,0.4949203896701785,0,1
2018-06-30,MXNUSD,MX,1,0.05499784464290691,2018,504,1,0.521186984891384,1,1
2018-06-30,NOKUSD,NO,1,0.0001472898667236322,2018,504,0,0.490916578684011,0,1
2018-06-30,NZDUSD,NZ,1,0.005741642567675287,2018,504,0,0.4746033250269508,0,1
2018-06-30,SEKUSD,SE,1,0.01866241222002163,2018,504,0,0.45053460789835786,0,1
2018-06-30,ZARUSD,ZA,1,0.046077347641673594,2018,504,0,0.4698979214539037,1,1
2018-07-31,AUDUSD,AU,0,-0.03363269833355925,2018,504,0,0.485822660152074,0,1
2018-07-31,CADUSD,CA,0,-0.004216342633323711,2018,504,0,0.47792820877037406,0,1
2018-07-31,CHFUSD,CH,1,0.020109900371368474,2018,504,0,0.48806153775156363,0,1
2018-07-31,EURUSD,EZ,0,-0.00944131980962018,2018,504,0,0.4731486724682698,0,1
2018-07-31,GBPUSD,GB,0,-0.012342523198386524,2018,504,0,0.48699496476741744,0,1
2018-07-31,JPYUSD,JP,1,0.008076863436004444,2018,504,0,0.49640292228567967,0,1
2018-07-31,MXNUSD,MX,0,-0.032559108901157874,2018,504,1,0.5478390345907407,1,1
2018-07-31,NOKUSD,NO,0,-0.029106071851204618,2018,504,0,0.49345436895407047,0,1
2018-07-31,NZDUSD,NZ,0,-0.029497148240840876,2018,504,0,0.46703501619194,0,1
2018-07-31,SEKUSD,SE,0,-0.041360913200275906,2018,504,0,0.45626514226608017,0,1
2018-07-31,ZARUSD,ZA,0,-0.11561701582501538,2018,504,0,0.4703804664673818,1,1
2018-08-31,AUDUSD,AU,1,0.006375627972231623,2018,504,0,0.4786095737797493,0,1
2018-08-31,CADUSD,CA,1,0.011541252981673245,2018,504,0,0.4814772634457596,0,1
2018-08-31,CHFUSD,CH,0,-0.006167782710484949,2018,504,0,0.48156569110388997,0,1
2018-08-31,EURUSD,EZ,1,0.0022396425935047037,2018,504,0,0.4743453081477772,0,1
2018-08-31,GBPUSD,GB,1,0.0068417071273517704,2018,504,0,0.493103611345153,0,1
2018-08-31,JPYUSD,JP,0,-0.022276605042895525,2018,504,0,0.4840745791080615,0,1
2018-08-31,MXNUSD,MX,1,0.02682228915705398,2018,504,1,0.5768444616935655,1,1
2018-08-31,NOKUSD,NO,1,0.030813762400299538,2018,504,0,0.4882942271557545,0,1
2018-08-31,NZDUSD,NZ,1,0.0031700532245697577,2018,504,0,0.47152226711418427,0,1
2018-08-31,SEKUSD,SE,1,0.030898624330903512,2018,504,0,0.45375143138295354,0,1
2018-08-31,ZARUSD,ZA,1,0.037779575220827866,2018,504,0,0.47667469355413883,1,1
2018-09-30,AUDUSD,AU,0,-0.020659584597514602,2018,504,0,0.4746107030061941,0,1
2018-09-30,CADUSD,CA,0,-0.01589223881599955,2018,504,0,0.4864966506004436,0,1
2018-09-30,CHFUSD,CH,0,-0.030181448068697908,2018,504,0,0.4929077572506473,0,1
2018-09-30,EURUSD,EZ,0,-0.02526927168464363,2018,504,0,0.474146200363923,0,1
2018-09-30,GBPUSD,GB,0,-0.02121479378008642,2018,504,0,0.4838487307306338,0,1
2018-09-30,JPYUSD,JP,1,0.005478497399656668,2018,504,0,0.4961423824992402,0,1
2018-09-30,MXNUSD,MX,0,-0.07961080885454441,2018,504,1,0.5663077032177866,1,1
2018-09-30,NOKUSD,NO,0,-0.03352850223820569,2018,504,0,0.4837181628983676,0,1
2018-09-30,NZDUSD,NZ,0,-0.015951724495831043,2018,504,0,0.47075002586185927,0,1
2018-09-30,SEKUSD,SE,0,-0.029762186067983087,2018,504,0,0.44741387364283164,0,1
2018-09-30,ZARUSD,ZA,0,-0.041852900608463806,2018,504,0,0.4618337400467544,1,1
2018-10-31,AUDUSD,AU,1,0.030694722767142746,2018,504,1,0.5044447258013075,0,1
2018-10-31,CADUSD,CA,0,-0.011586211166548566,2018,504,1,0.5193301527673927,0,1
2018-10-31,CHFUSD,CH,1,0.006984662201345859,2018,504,1,0.5190922963418445,0,1
2018-10-31,EURUSD,EZ,0,-0.0007945266363675596,2018,504,0,0.49965960028077083,0,1
2018-10-31,GBPUSD,GB,0,-0.0005479237740307619,2018,504,1,0.5144800876718356,0,1
2018-10-31,JPYUSD,JP,0,-0.006007085201586548,2018,504,1,0.5182419967042764,0,1
2018-10-31,MXNUSD,MX,0,-0.0020960490998107595,2018,504,1,0.5876374907315637,1,1
2018-10-31,NOKUSD,NO,0,-0.020851248455570737,2018,504,1,0.5237633060879221,0,1
2018-10-31,NZDUSD,NZ,1,0.05221170865691249,2018,504,1,0.5056561167130538,0,1
2018-10-31,SEKUSD,SE,1,0.005261900720259227,2018,504,0,0.48406159904002727,0,1
2018-10-31,ZARUSD,ZA,1,0.06435786898280327,2018,504,0,0.4971515341986586,1,1
2018-11-30,AUDUSD,AU,0,-0.03691998339213293,2018,504,1,0.5008523586877176,0,1
2018-11-30,CADUSD,CA,0,-0.026890129437877497,2018,504,1,0.5043622201581045,0,1
2018-11-30,CHFUSD,CH,1,0.015641874997263765,2018,504,0,0.4901047582019244,0,1
2018-11-30,EURUSD,EZ,1,0.011677554886387193,2018,504,0,0.4798500239745547,0,1
2018-11-30,GBPUSD,GB,0,-0.0007049148519818194,2018,504,0,0.49536779588557495,0,1
2018-11-30,JPYUSD,JP,1,0.034405830461395226,2018,504,1,0.5064856517203946,0,1
2018-11-30,MXNUSD,MX,1,0.03318403772449141,2018,504,1,0.5456734828162295,1,1
2018-11-30,NOKUSD,NO,0,-0.007506227562323886,2018,504,1,0.5147507802349742,0,1
2018-11-30,NZDUSD,NZ,0,-0.024870680769149944,2018,504,1,0.5029105862675748,0,1
2018-11-30,SEKUSD,SE,1,0.025920531987934314,2018,504,0,0.4742257361461295,0,1
2018-11-30,ZARUSD,ZA,0,-0.038101534416249194,2018,504,1,0.504917914486759,1,1
2018-12-31,AUDUSD,AU,1,0.03294546983419572,2018,504,1,0.5160062665886689,0,1
2018-12-31,CADUSD,CA,1,0.0376388514999349,2018,504,0,0.4987405219149205,0,1
2018-12-31,CHFUSD,CH,0,-0.010723420916394999,2018,504,1,0.5044870873085542,0,1
2018-12-31,EURUSD,EZ,0,-0.00017459624662422013,2018,504,0,0.48777187345183737,0,1
2018-12-31,GBPUSD,GB,1,0.028730063136949424,2018,504,1,0.5030332763076014,0,1
2018-12-31,JPYUSD,JP,1,0.007870453366138896,2018,504,1,0.5221545846373328,0,1
2018-12-31,MXNUSD,MX,1,0.030115361471837687,2018,504,1,0.5594068168168639,1,1
2018-12-31,NOKUSD,NO,1,0.025282541415704074,2018,504,1,0.5038776362084377,0,1
2018-12-31,NZDUSD,NZ,1,0.03110123051978614,2018,504,1,0.5256685495202491,0,1
2018-12-31,SEKUSD,SE,0,-0.020221882805381064,2018,504,0,0.4765636027787425,0,1
2018-12-31,ZARUSD,ZA,1,0.07902890539399543,2018,504,1,0.5125484988802897,1,1
2019-01-31,AUDUSD,AU,0,-0.025451620695992827,2019,516,1,0.5134394576174768,0,0
2019-01-31,CADUSD,CA,0,-0.001976735989220435,2019,516,0,0.4966533120809243,0,0
2019-01-31,CHFUSD,CH,0,-0.003615913943801939,2019,516,1,0.5221995308712807,0,0
2019-01-31,EURUSD,EZ,0,-0.006569462596794029,2019,516,1,0.50511454671194,0,0
2019-01-31,GBPUSD,GB,1,0.010526811586230034,2019,516,1,0.5092515711712221,0,0
2019-01-31,JPYUSD,JP,0,-0.023068864246476473,2019,516,1,0.5380080083325346,0,0
2019-01-31,MXNUSD,MX,0,-0.01109165151998548,2019,516,1,0.6041220758369522,1,0
2019-01-31,NOKUSD,NO,0,-0.013879220069888287,2019,516,1,0.5065317242784265,0,0
2019-01-31,NZDUSD,NZ,0,-0.016750810424815465,2019,516,1,0.5208038423069393,0,0
2019-01-31,SEKUSD,SE,0,-0.02052521099213722,2019,516,1,0.5084401531070432,0,0
2019-01-31,ZARUSD,ZA,0,-0.05776459481397689,2019,516,1,0.5106480524221145,1,0
2019-02-28,AUDUSD,AU,1,0.0007040766326201764,2019,516,1,0.5154449656341289,0,0
2019-02-28,CADUSD,CA,0,-0.01462741906281484,2019,516,1,0.511635137276196,0,0
2019-02-28,CHFUSD,CH,1,0.0012038524728391281,2019,516,1,0.5042335031434491,0,0
2019-02-28,EURUSD,EZ,0,-0.013358892875235423,2019,516,0,0.49512419614470055,0,0
2019-02-28,GBPUSD,GB,0,-0.01839936342398918,2019,516,1,0.5141202601475491,0,0
2019-02-28,JPYUSD,JP,1,0.006304623242797014,2019,516,1,0.5274586061595433,0,0
2019-02-28,MXNUSD,MX,0,-0.006879989893230132,2019,516,1,0.6093743664700547,1,0
2019-02-28,NOKUSD,NO,0,-0.010258408852806156,2019,516,1,0.5177295362572755,0,0
2019-02-28,NZDUSD,NZ,1,0.0017610805842978583,2019,516,1,0.5149104444924746,0,0
2019-02-28,SEKUSD,SE,0,-0.0065627090740862926,2019,516,0,0.4940615784232744,0,0
2019-02-28,ZARUSD,ZA,0,-0.024735933577230362,2019,516,1,0.5175118595568033,1,0
2019-03-31,AUDUSD,AU,0,-0.009049835519918004,2019,516,1,0.503255042717294,0,0
2019-03-31,CADUSD,CA,0,-0.005002436982071201,2019,516,1,0.514059910440624,0,0
2019-03-31,CHFUSD,CH,0,-0.023609865639133865,2019,516,0,0.49614827308078896,0,0
2019-03-31,EURUSD,EZ,0,-0.0024075984700335645,2019,516,0,0.4813825282392121,0,0
2019-03-31,GBPUSD,GB,0,-0.00015348016299027156,2019,516,1,0.5103558441555218,0,0
2019-03-31,JPYUSD,JP,0,-0.0064841725744582135,2019,516,0,0.4975986563828198,0,0
2019-03-31,MXNUSD,MX,1,0.021020504394715367,2019,516,1,0.581988718250031,1,0
2019-03-31,NOKUSD,NO,0,-0.00016198641663622837,2019,516,1,0.503896288690618,0,0
2019-03-31,NZDUSD,NZ,0,-0.02223961192783841,2019,516,1,0.5046150123168006,0,0
2019-03-31,SEKUSD,SE,0,-0.02225742180721868,2019,516,0,0.4713542723177713,0,0
2019-03-31,ZARUSD,ZA,1,0.007129845002181057,2019,516,0,0.4810907215662504,1,0
2019-04-30,AUDUSD,AU,0,-0.0157483569681392,2019,516,0,0.4852791720535069,0,0
2019-04-30,CADUSD,CA,0,-0.0071243344006517995,2019,516,0,0.48574388422183723,0,0
2019-04-30,CHFUSD,CH,1,0.01640839422816412,2019,516,0,0.4956034286907811,0,0
2019-04-30,EURUSD,EZ,0,-0.004653252244168085,2019,516,0,0.4683450097039754,0,0
2019-04-30,GBPUSD,GB,0,-0.031971534023686576,2019,516,0,0.4854030324208359,0,0
2019-04-30,JPYUSD,JP,1,0.02490358636980705,2019,516,0,0.4943547163822281,0,0
2019-04-30,MXNUSD,MX,0,-0.03402965072976638,2019,516,1,0.5636051063888828,1,0
2019-04-30,NOKUSD,NO,0,-0.012931734928957717,2019,516,0,0.48962905194364187,0,0
2019-04-30,NZDUSD,NZ,0,-0.021978906718775337,2019,516,0,0.49392236684941515,0,0
2019-04-30,SEKUSD,SE,0,-0.000935999773863827,2019,516,0,0.4694877265373661,0,0
2019-04-30,ZARUSD,ZA,0,-0.01798734071888175,2019,516,0,0.4490331767016312,1,0
2019-05-31,AUDUSD,AU,1,0.011335224316375903,2019,516,0,0.48967857561410955,0,0
2019-05-31,CADUSD,CA,1,0.032466968293260845,2019,516,0,0.49134034582281816,0,0
2019-05-31,CHFUSD,CH,1,0.02789186466841584,2019,516,0,0.4870907797065098,0,0
2019-05-31,EURUSD,EZ,1,0.019980241099173485,2019,516,0,0.4804217076902035,0,0
2019-05-31,GBPUSD,GB,1,0.006634047391712777,2019,516,0,0.4962503440212146,0,0
2019-05-31,JPYUSD,JP,1,0.0075750939593799416,2019,516,0,0.497880536213897,0,0
2019-05-31,MXNUSD,MX,1,0.022805401008248793,2019,516,1,0.5924498232041271,1,0
2019-05-31,NOKUSD,NO,1,0.02630253743395139,2019,516,1,0.5046674417016306,0,0
2019-05-31,NZDUSD,NZ,1,0.028107017967345216,2019,516,0,0.4916808267092795,0,0
2019-05-31,SEKUSD,SE,1,0.02405447922827264,2019,516,0,0.46857875605288024,0,0
2019-05-31,ZARUSD,ZA,1,0.03098594285125822,2019,516,0,0.4791522384921491,1,0
2019-06-30,AUDUSD,AU,0,-0.017414270392758058,2019,516,0,0.47890021728833077,0,0
2019-06-30,CADUSD,CA,0,-0.003964326301909238,2019,516,0,0.49167622620962154,0,0
2019-06-30,CHFUSD,CH,0,-0.014649295545585769,2019,516,1,0.5050727758740736,0,0
2019-06-30,EURUSD,EZ,0,-0.021685883597154454,2019,516,0,0.48126379943793623,0,0
2019-06-30,GBPUSD,GB,0,-0.03884295076133065,2019,516,0,0.4852634037898035,0,0
2019-06-30,JPYUSD,JP,0,-0.0068385813133087225,2019,516,1,0.5128315078485701,0,0
2019-06-30,MXNUSD,MX,1,0.011303223068054091,2019,516,1,0.5747637642918167,1,0
2019-06-30,NOKUSD,NO,0,-0.02914229824793546,2019,516,0,0.49779010164312404,0,0
2019-06-30,NZDUSD,NZ,0,-0.01698139836971252,2019,516,0,0.4802270209202092,0,0
2019-06-30,SEKUSD,SE,0,-0.03241843651773468,2019,516,0,0.47141731316973035,0,0
2019-06-30,ZARUSD,ZA,0,-0.0008836264602511967,2019,516,0,0.4854514770151448,1,0
2019-07-31,AUDUSD,AU,0,-0.023205623468793124,2019,516,0,0.48645441661182165,0,0
2019-07-31,CADUSD,CA,0,-0.01112257522528276,2019,516,1,0.511298733679988,0,0
2019-07-31,CHFUSD,CH,1,0.0003030150015608437,2019,516,1,0.5162687179721372,0,0
2019-07-31,EURUSD,EZ,0,-0.012749392822666461,2019,516,0,0.49785579478794023,0,0
2019-07-31,GBPUSD,GB,0,-0.004428777844935727,2019,516,0,0.4967665617835999,0,0
2019-07-31,JPYUSD,JP,1,0.02122194312940362,2019,516,1,0.5242334144183117,0,0
2019-07-31,MXNUSD,MX,0,-0.05502611759931808,2019,516,1,0.5682179361861576,1,0
2019-07-31,NOKUSD,NO,0,-0.03781456127111227,2019,516,1,0.516442549985513,0,0
2019-07-31,NZDUSD,NZ,0,-0.046375682166597765,2019,516,1,0.5043776271900464,0,0
2019-07-31,SEKUSD,SE,0,-0.0241816876487273,2019,516,0,0.49307577301855665,0,0
2019-07-31,ZARUSD,ZA,0,-0.07091059809869549,2019,516,0,0.49493478140691155,1,0
2019-08-31,AUDUSD,AU,1,0.0023745929828219436,2019,516,0,0.4854586141058267,0,0
2019-08-31,CADUSD,CA,1,0.0035427617803265865,2019,516,1,0.5119396110813293,0,0
2019-08-31,CHFUSD,CH,0,-0.007948927501175337,2019,516,1,0.502854718295609,0,0
2019-08-31,EURUSD,EZ,0,-0.007673372811194595,2019,516,0,0.48781505302007155,0,0
2019-08-31,GBPUSD,GB,1,0.011360507944505605,2019,516,0,0.4853841107823622,0,0
2019-08-31,JPYUSD,JP,0,-0.016883941956778337,2019,516,1,0.5063177912403388,0,0
2019-08-31,MXNUSD,MX,1,0.016348261833721178,2019,516,1,0.5882661011900632,1,0
2019-08-31,NOKUSD,NO,1,0.0039335090766807745,2019,516,1,0.5136113457899633,0,0
2019-08-31,NZDUSD,NZ,0,-0.005891267735578076,2019,516,1,0.5067627285353243,0,0
2019-08-31,SEKUSD,SE,0,-0.00030521304107056224,2019,516,0,0.4841187135442399,0,0
2019-08-31,ZARUSD,ZA,1,0.0023064260636247447,2019,516,1,0.5214564021960847,1,0
2019-09-30,AUDUSD,AU,1,0.02083103048597118,2019,516,0,0.46306445666241525,0,0
2019-09-30,CADUSD,CA,1,0.007503730209860393,2019,516,0,0.48434862879360946,0,0
2019-09-30,CHFUSD,CH,1,0.011085470771735429,2019,516,0,0.4877022971813767,0,0
2019-09-30,EURUSD,EZ,1,0.022666428230903368,2019,516,0,0.46731060981382977,0,0
2019-09-30,GBPUSD,GB,1,0.05024032249079671,2019,516,0,0.4701899612622262,0,0
2019-09-30,JPYUSD,JP,1,0.0001850138765684406,2019,516,1,0.5128280468255005,0,0
2019-09-30,MXNUSD,MX,1,0.029193151340891177,2019,516,1,0.5341752346758651,1,0
2019-09-30,NOKUSD,NO,0,-0.010774691979157591,2019,516,0,0.4696039460684818,0,0
2019-09-30,NZDUSD,NZ,1,0.02398347836674919,2019,516,0,0.4630472054192263,0,0
2019-09-30,SEKUSD,SE,1,0.020273915362024386,2019,516,0,0.4502084542487328,0,0
2019-09-30,ZARUSD,ZA,1,0.006187667608897218,2019,516,0,0.45511151919800424,1,0
2019-10-31,AUDUSD,AU,0,-0.018462062839735338,2019,516,0,0.4570910810863025,0,0
2019-10-31,CADUSD,CA,0,-0.011121733704228753,2019,516,0,0.4734424082500571,0,0
2019-10-31,CHFUSD,CH,0,-0.013387889327268697,2019,516,0,0.4698480302999161,0,0
2019-10-31,EURUSD,EZ,0,-0.012266772378855734,2019,516,0,0.4550443077629465,0,0
2019-10-31,GBPUSD,GB,0,0.0,2019,516,0,0.46932487750673624,0,0
2019-10-31,JPYUSD,JP,0,-0.012686325688354039,2019,516,0,0.487613187544668,0,0
2019-10-31,MXNUSD,MX,0,-0.019061971393135035,2019,516,1,0.5187493249655777,1,0
2019-10-31,NOKUSD,NO,0,-0.003674436390921354,2019,516,0,0.47199933559139784,0,0
2019-10-31,NZDUSD,NZ,1,0.0007792410586780485,2019,516,0,0.4459210421633948,0,0
2019-10-31,SEKUSD,SE,1,0.006603021376692553,2019,516,0,0.4445522688575382,0,0
2019-10-31,ZARUSD,ZA,1,0.028823544197891238,2019,516,0,0.44794204122261916,1,0
2019-11-30,AUDUSD,AU,1,0.03886800153687919,2019,516,0,0.4498461198512158,0,0
2019-11-30,CADUSD,CA,1,0.025065114433671376,2019,516,0,0.4622362885933143,1,0
2019-11-30,CHFUSD,CH,1,0.03293315209557354,2019,516,0,0.4631022309809808,0,0
2019-11-30,EURUSD,EZ,1,0.018700535971002408,2019,516,0,0.44955527514693977,0,0
2019-11-30,GBPUSD,GB,1,0.025184481220483557,2019,516,0,0.4759179706441975,0,0
2019-11-30,JPYUSD,JP,1,0.007334772041705406,2019,516,0,0.46219782967567513,0,0
2019-11-30,MXNUSD,MX,1,0.03557388884262869,2019,516,1,0.5223560289932884,1,0
2019-11-30,NOKUSD,NO,1,0.04815936789435016,2019,516,0,0.4583892549935121,0,0
2019-11-30,NZDUSD,NZ,1,0.049539147330078026,2019,516,0,0.4489431917875841,0,0
2019-11-30,SEKUSD,SE,1,0.02405932308736114,2019,516,0,0.4364341586837918,0,0
2019-11-30,ZARUSD,ZA,1,0.04635735105864924,2019,516,0,0.4408279384566777,1,0
2019-12-31,AUDUSD,AU,0,-0.04822844429644291,2019,516,0,0.4209639564161249,0,0
2019-12-31,CADUSD,CA,0,-0.019708834418015964,2019,516,0,0.43615503214796963,1,0
2019-12-31,CHFUSD,CH,1,0.0033122895411131226,2019,516,0,0.4288530294405933,0,0
2019-12-31,EURUSD,EZ,0,-0.012999421031484465,2019,516,0,0.4211017563987616,0,0
2019-12-31,GBPUSD,GB,0,-0.005592517599012081,2019,516,0,0.44943732311193646,0,0
2019-12-31,JPYUSD,JP,1,0.0015655940942460589,2019,516,0,0.43222079612324216,0,0
2019-12-31,MXNUSD,MX,0,-0.0015894043081070564,2019,516,0,0.47325325891037057,1,0
2019-12-31,NOKUSD,NO,0,-0.04630209494422122,2019,516,0,0.42948464897961824,0,0
2019-12-31,NZDUSD,NZ,0,-0.04224381035647795,2019,516,0,0.4324810694096338,0,0
2019-12-31,SEKUSD,SE,0,-0.030859555485675205,2019,516,0,0.4128182393400431,0,0
2019-12-31,ZARUSD,ZA,0,-0.06664751014111037,2019,516,0,0.4421023863606941,1,0
2020-01-31,AUDUSD,AU,0,-0.030925611403567754,2020,528,0,0.4510021855153905,0,0
2020-01-31,CADUSD,CA,0,-0.01434443130526275,2020,528,0,0.4531581781767271,1,0
2020-01-31,CHFUSD,CH,0,-0.0026920703771337734,2020,528,0,0.45136143331146167,0,0
2020-01-31,EURUSD,EZ,0,-0.007335992687859255,2020,528,0,0.43792649795491617,0,0
2020-01-31,GBPUSD,GB,0,-0.03211302777513575,2020,528,0,0.45189076849356047,0,0
2020-01-31,JPYUSD,JP,1,0.0035084515722676457,2020,528,0,0.44140309868892313,0,0
2020-01-31,MXNUSD,MX,0,-0.04350763852110573,2020,528,0,0.4927317515406383,1,0
2020-01-31,NOKUSD,NO,0,-0.026879071591277004,2020,528,0,0.4654638835360457,0,0
2020-01-31,NZDUSD,NZ,0,-0.036860370734794146,2020,528,0,0.46323274524504227,0,0
2020-01-31,SEKUSD,SE,0,-0.0046491243688944195,2020,528,0,0.4435708043878317,0,0
2020-01-31,ZARUSD,ZA,0,-0.04580154169128692,2020,528,0,0.46508752940939535,1,0
2020-02-29,AUDUSD,AU,0,-0.05637078767720355,2020,528,0,0.46253112278404673,0,0
2020-02-29,CADUSD,CA,0,-0.051729408358123785,2020,528,0,0.4724014396568672,1,0
2020-02-29,CHFUSD,CH,1,0.00456006593899666,2020,528,0,0.48279104091107267,0,0
2020-02-29,EURUSD,EZ,1,0.0013625836690549231,2020,528,0,0.46061852675541665,0,0
2020-02-29,GBPUSD,GB,0,-0.02568308572989128,2020,528,0,0.4785557659750928,0,0
2020-02-29,JPYUSD,JP,1,0.005471843005811827,2020,528,0,0.4749941917382101,0,0
2020-02-29,MXNUSD,MX,0,-0.17264488337406725,2020,528,1,0.5337058067970577,1,0
2020-02-29,NOKUSD,NO,0,-0.09645345410648254,2020,528,0,0.4679845390491322,0,0
2020-02-29,NZDUSD,NZ,0,-0.0447946268036053,2020,528,0,0.4705803808732954,0,0
2020-02-29,SEKUSD,SE,0,-0.02391576982465171,2020,528,0,0.45445805321338784,0,0
2020-02-29,ZARUSD,ZA,0,-0.12783439478897263,2020,528,0,0.4473439735759175,1,0
2020-03-31,AUDUSD,AU,1,0.06067253036859965,2020,528,0,0.43060826578762157,0,0
2020-03-31,CADUSD,CA,1,0.015124780009493355,2020,528,0,0.44158425472868723,1,0
2020-03-31,CHFUSD,CH,0,-0.0043532407055810185,2020,528,0,0.46839464762994637,0,0
2020-03-31,EURUSD,EZ,0,-0.0074715609535461885,2020,528,0,0.446354706137332,0,0
2020-03-31,GBPUSD,GB,1,0.011813675069603458,2020,528,0,0.45151507249417616,0,0
2020-03-31,JPYUSD,JP,1,0.0055019488818492945,2020,528,0,0.4655170817165578,0,0
2020-03-31,MXNUSD,MX,0,-0.02239324390340025,2020,528,1,0.5228960014865901,1,0
2020-03-31,NOKUSD,NO,1,0.014578307862579187,2020,528,0,0.44947532773171234,1,0
2020-03-31,NZDUSD,NZ,1,0.0315494000535847,2020,528,0,0.42796017948096465,0,0
2020-03-31,SEKUSD,SE,1,0.014159996058593638,2020,528,0,0.4475311517601704,0,0
2020-03-31,ZARUSD,ZA,0,-0.037545620807022395,2020,528,0,0.41213066526677095,1,0
2020-04-30,AUDUSD,AU,1,0.01807873014059591,2020,528,0,0.3408318329987587,1,0
2020-04-30,CADUSD,CA,1,0.007359340574219442,2020,528,0,0.35608885021893233,1,0
2020-04-30,CHFUSD,CH,1,0.0052885486459395,2020,528,0,0.42715689182581734,0,0
2020-04-30,EURUSD,EZ,1,0.01569833971217552,2020,528,0,0.40784580046842117,0,0
2020-04-30,GBPUSD,GB,0,-0.02263157341449004,2020,528,0,0.39219554091552744,1,0
2020-04-30,JPYUSD,JP,0,-0.0077313970881549565,2020,528,0,0.41953757698405864,0,0
2020-04-30,MXNUSD,MX,1,0.07843842368377141,2020,528,0,0.349421936358454,1,0
2020-04-30,NOKUSD,NO,1,0.05251908586842147,2020,528,0,0.33770940149598244,1,0
2020-04-30,NZDUSD,NZ,1,0.0059982347304253225,2020,528,0,0.35474661820477715,1,0
2020-04-30,SEKUSD,SE,1,0.03649382304835713,2020,528,0,0.38845853968279326,1,0
2020-04-30,ZARUSD,ZA,1,0.047284360040229956,2020,528,0,0.28799328428171794,1,0
2020-05-31,AUDUSD,AU,1,0.03709328094895997,2020,528,0,0.4602170356118483,1,0
2020-05-31,CADUSD,CA,1,0.014221878477454375,2020,528,0,0.4481274452091718,1,0
2020-05-31,CHFUSD,CH,1,0.01582427570871678,2020,528,1,0.5003953629403938,0,0
2020-05-31,EURUSD,EZ,1,0.011636364740782265,2020,528,0,0.4842576387159064,0,0
2020-05-31,GBPUSD,GB,1,0.003969384287499045,2020,528,0,0.48973517797905364,1,0
2020-05-31,JPYUSD,JP,0,0.0,2020,528,1,0.500072065744495,0,0
2020-05-31,MXNUSD,MX,0,-0.04031740174081788,2020,528,0,0.4119486178966175,1,0
2020-05-31,NOKUSD,NO,1,0.007520034613299753,2020,528,0,0.41032872463968006,0,0
2020-05-31,NZDUSD,NZ,1,0.041009466844394216,2020,528,0,0.4628590967578254,1,0
2020-05-31,SEKUSD,SE,1,0.012566963203083592,2020,528,0,0.47214829988121715,1,0
2020-05-31,ZARUSD,ZA,1,0.013935015254871619,2020,528,0,0.327963920327148,1,0
2020-06-30,AUDUSD,AU,1,0.03786390251053312,2020,528,0,0.48366426801205875,1,0
2020-06-30,CADUSD,CA,1,0.0170387113412368,2020,528,0,0.4721747712483815,1,0
2020-06-30,CHFUSD,CH,1,0.0381101016327645,2020,528,1,0.5059674361465624,0,0
2020-06-30,EURUSD,EZ,1,0.05075029747641244,2020,528,0,0.4888436701899992,0,0
2020-06-30,GBPUSD,GB,1,0.05993480421015007,2020,528,0,0.48579229943231184,0,0
2020-06-30,JPYUSD,JP,1,0.018637860970907028,2020,528,0,0.49649416063906426,0,0
2020-06-30,MXNUSD,MX,1,0.03779465060558307,2020,528,1,0.5016387269139048,1,0
2020-06-30,NOKUSD,NO,1,0.060701635871537984,2020,528,0,0.4707576741403375,0,0
2020-06-30,NZDUSD,NZ,1,0.03025440835780241,2020,528,0,0.47164704521692624,1,0
2020-06-30,SEKUSD,SE,1,0.06187243184356506,2020,528,0,0.4979020134828031,1,0
2020-06-30,ZARUSD,ZA,1,0.020229169772442823,2020,528,0,0.3831173791871213,1,0
2020-07-31,AUDUSD,AU,1,0.03148675592294564,2020,528,1,0.5046199728258726,1,0
2020-07-31,CADUSD,CA,1,0.02649863577433431,2020,528,1,0.5005773017339441,1,0
2020-07-31,CHFUSD,CH,1,0.011144942943991668,2020,528,1,0.5158766646820513,0,0
2020-07-31,EURUSD,EZ,1,0.010769075975342046,2020,528,1,0.5023317578928517,0,0
2020-07-31,GBPUSD,GB,1,0.018259146179047392,2020,528,0,0.4955641873150187,0,0
2020-07-31,JPYUSD,JP,0,-0.0005670541688669317,2020,528,1,0.5035105212594653,0,0
2020-07-31,MXNUSD,MX,1,0.01568979720967434,2020,528,0,0.47671506705960975,1,0
2020-07-31,NOKUSD,NO,1,0.04323673233424108,2020,528,0,0.4914602636314519,0,0
2020-07-31,NZDUSD,NZ,1,0.016272658841656462,2020,528,1,0.5059415452365222,1,0
2020-07-31,SEKUSD,SE,1,0.014251749255812296,2020,528,1,0.5088701810786322,1,0
2020-07-31,ZARUSD,ZA,1,0.005306616226487204,2020,528,0,0.42186590598398155,1,0
2020-08-31,AUDUSD,AU,0,-0.031347081364439366,2020,528,1,0.5069990192666962,1,0
2020-08-31,CADUSD,CA,0,-0.02193053706788639,2020,528,0,0.4897365338451593,1,0
2020-08-31,CHFUSD,CH,0,-0.019341262256853647,2020,528,1,0.5188062333709315,0,0
2020-08-31,EURUSD,EZ,0,-0.01917855428782858,2020,528,1,0.5150567952707888,0,0
2020-08-31,GBPUSD,GB,0,-0.03453339804198696,2020,528,1,0.5183658411314835,0,0
2020-08-31,JPYUSD,JP,1,0.0024595604112302993,2020,528,0,0.4968377547870138,0,0
2020-08-31,MXNUSD,MX,0,-0.009597308206267474,2020,528,0,0.4761360746781471,1,0
2020-08-31,NOKUSD,NO,0,-0.07333301377715795,2020,528,1,0.5022703196955964,0,0
2020-08-31,NZDUSD,NZ,0,-0.021705814374027854,2020,528,1,0.5158168038611658,1,0
2020-08-31,SEKUSD,SE,0,-0.03841815223167844,2020,528,1,0.5248549359302969,0,0
2020-08-31,ZARUSD,ZA,1,0.013241285482784804,2020,528,0,0.42647591669695417,1,0
2020-09-30,AUDUSD,AU,0,-0.019319503795670767,2020,528,1,0.5349384895059941,1,0
2020-09-30,CADUSD,CA,0,-0.0006752954674183465,2020,528,1,0.5170579175037668,1,0
2020-09-30,CHFUSD,CH,1,0.0025064035351833047,2020,528,1,0.5401611433491745,0,0
2020-09-30,EURUSD,EZ,0,-0.0065040879691762865,2020,528,1,0.5352711250571556,0,0
2020-09-30,GBPUSD,GB,1,0.0009282896930239426,2020,528,1,0.5439379361759853,0,0
2020-09-30,JPYUSD,JP,1,0.009899186110694735,2020,528,1,0.510582920588385,0,0
2020-09-30,MXNUSD,MX,1,0.037590608879976894,2020,528,1,0.505006988272269,1,0
2020-09-30,NOKUSD,NO,0,-0.020615365313692458,2020,528,1,0.5545614736302932,0,0
2020-09-30,NZDUSD,NZ,1,0.0003026176449179019,2020,528,1,0.5344621042221954,1,0
2020-09-30,SEKUSD,SE,1,0.006919125658036318,2020,528,1,0.5494188604450722,1,0
2020-09-30,ZARUSD,ZA,1,0.026866607974140422,2020,528,0,0.4325441748508556,1,0
2020-10-31,AUDUSD,AU,1,0.04564588121506713,2020,528,1,0.5065209874751269,1,0
2020-10-31,CADUSD,CA,1,0.026603377834216402,2020,528,0,0.49639992159079194,1,0
2020-10-31,CHFUSD,CH,1,0.011522761236780282,2020,528,1,0.5164640030385381,0,0
2020-10-31,EURUSD,EZ,1,0.025515264233348572,2020,528,1,0.5092103142920819,0,0
2020-10-31,GBPUSD,GB,1,0.03083491977700742,2020,528,0,0.4980111032921497,0,0
2020-10-31,JPYUSD,JP,1,0.0015316870695079032,2020,528,1,0.5054917540065397,0,0
2020-10-31,MXNUSD,MX,1,0.05437538848737944,2020,528,0,0.47969640292379534,1,0
2020-10-31,NOKUSD,NO,1,0.07417796537567112,2020,528,1,0.503394506111899,0,0
2020-10-31,NZDUSD,NZ,1,0.059752122406556696,2020,528,1,0.5088998496604411,1,0
2020-10-31,SEKUSD,SE,1,0.03933261821116929,2020,528,1,0.5057465079581124,1,0
2020-10-31,ZARUSD,ZA,1,0.051617233489832604,2020,528,0,0.4305180704481892,1,0
2020-11-30,AUDUSD,AU,1,0.04755211908517459,2020,528,0,0.4759398603301846,1,0
2020-11-30,CADUSD,CA,1,0.017797244566514048,2020,528,0,0.4824139791094165,1,0
2020-11-30,CHFUSD,CH,1,0.024469127631220736,2020,528,1,0.5104089070653391,0,0
2020-11-30,EURUSD,EZ,1,0.023328049345217622,2020,528,0,0.4959504986609328,0,0
2020-11-30,GBPUSD,GB,1,0.02400115209954301,2020,528,0,0.4831580797732638,0,0
2020-11-30,JPYUSD,JP,1,0.011466137087644768,2020,528,1,0.5102491477189923,0,0
2020-11-30,MXNUSD,MX,1,0.012886647540199636,2020,528,0,0.48827841325851734,1,0
2020-11-30,NOKUSD,NO,1,0.03465494777325917,2020,528,0,0.4623093055204575,0,0
2020-11-30,NZDUSD,NZ,1,0.02491156900328062,2020,528,0,0.48813561150490165,1,0
2020-11-30,SEKUSD,SE,1,0.04152775673983866,2020,528,0,0.49322617786286516,1,0
2020-11-30,ZARUSD,ZA,1,0.05203533982283748,2020,528,0,0.43633828051834217,1,0
2020-12-31,AUDUSD,AU,0,-0.0062459539424412625,2020,528,0,0.4868282134371356,1,0
2020-12-31,CADUSD,CA,0,-0.0018018728679485008,2020,528,0,0.48897001047807515,1,0
2020-12-31,CHFUSD,CH,0,-0.007212924317957614,2020,528,1,0.5039831884725873,0,0
2020-12-31,EURUSD,EZ,0,-0.0077981105205163215,2020,528,1,0.5012865805837037,0,0
2020-12-31,GBPUSD,GB,1,0.004455000977838575,2020,528,0,0.49422244982601987,0,0
2020-12-31,JPYUSD,JP,0,-0.013953938581265923,2020,528,1,0.5010622484391681,0,0
2020-12-31,MXNUSD,MX,0,-0.01808403580216167,2020,528,1,0.516444125842898,1,0
2020-12-31,NOKUSD,NO,1,0.0035394959007626348,2020,528,1,0.5051418719620667,0,0
2020-12-31,NZDUSD,NZ,1,0.0008336807485773146,2020,528,1,0.5055110465745609,1,0
2020-12-31,SEKUSD,SE,0,-0.015255475609778912,2020,528,1,0.5050680024438938,1,0
2020-12-31,ZARUSD,ZA,0,-0.03273477341613429,2020,528,0,0.44626534119109695,1,0
2021-01-31,AUDUSD,AU,1,0.007671840502000926,2021,540,1,0.5500658540189592,1,1
2021-01-31,CADUSD,CA,1,0.0061239101644531835,2021,540,1,0.5250279518220476,1,1
2021-01-31,CHFUSD,CH,0,-0.02078198924867189,2021,540,1,0.538862316769981,0,1
2021-01-31,EURUSD,EZ,0,-0.0034670663754262643,2021,540,1,0.5407396125175092,0,1
2021-01-31,GBPUSD,GB,1,0.016191174089061233,2021,540,1,0.5293144769217136,0,1
2021-01-31,JPYUSD,JP,0,-0.01893278816156485,2021,540,1,0.5280886943181127,0,1
2021-01-31,MXNUSD,MX,0,-0.03302072281645296,2021,540,1,0.5413073342920981,1,1
2021-01-31,NOKUSD,NO,0,-0.012328031085980573,2021,540,1,0.5542438389905623,0,1
2021-01-31,NZDUSD,NZ,1,0.006782502296731108,2021,540,1,0.5493459854390552,1,1
2021-01-31,SEKUSD,SE,0,-0.01019296517184154,2021,540,1,0.5551389476996827,1,1
2021-01-31,ZARUSD,ZA,0,-0.0013203500845380134,2021,540,1,0.528112681191422,1,1
2021-02-28,AUDUSD,AU,0,-0.013957051712609303,2021,540,1,0.5419159213921977,1,1
2021-02-28,CADUSD,CA,1,0.01005192681556405,2021,540,1,0.5149665889224787,1,1
2021-02-28,CHFUSD,CH,0,-0.03522784583106597,2021,540,1,0.5261562096315282,0,1
2021-02-28,EURUSD,EZ,0,-0.029369454420194452,2021,540,1,0.5274883238905799,0,1
2021-02-28,GBPUSD,GB,0,-0.010958223707308035,2021,540,1,0.5246627951422413,0,1
2021-02-28,JPYUSD,JP,0,-0.03655182504370913,2021,540,1,0.5134653989138876,0,1
2021-02-28,MXNUSD,MX,1,0.023879711653266522,2021,540,1,0.5293461214652767,1,1
2021-02-28,NOKUSD,NO,1,0.013827035933950516,2021,540,1,0.542504875927555,0,1
2021-02-28,NZDUSD,NZ,0,-0.036526043823748744,2021,540,1,0.5400256768357692,1,1
2021-02-28,SEKUSD,SE,0,-0.03470674372384552,2021,540,1,0.5374389297483232,1,1
2021-02-28,ZARUSD,ZA,1,0.027421882068655368,2021,540,1,0.5114009247311757,1,1
2021-03-31,AUDUSD,AU,1,0.013438782719407072,2021,540,0,0.4627629989527193,1,1
2021-03-31,CADUSD,CA,1,0.022525286699850378,2021,540,0,0.43705864561254326,1,1
2021-03-31,CHFUSD,CH,1,0.031385698286622694,2021,540,0,0.4280369410318118,0,1
2021-03-31,EURUSD,EZ,1,0.024146211603643553,2021,540,0,0.4357773566169964,0,1
2021-03-31,GBPUSD,GB,1,0.003112223407369885,2021,540,0,0.4451484024549307,0,1
2021-03-31,JPYUSD,JP,1,0.011639669467768954,2021,540,0,0.41721705424872835,0,1
2021-03-31,MXNUSD,MX,1,0.013395915662830937,2021,540,0,0.4613291790194519,1,1
2021-03-31,NOKUSD,NO,1,0.027265182577625335,2021,540,0,0.46398446389324727,0,1
2021-03-31,NZDUSD,NZ,1,0.02542869037574319,2021,540,0,0.46172368502976535,1,1
2021-03-31,SEKUSD,SE,1,0.031245261077964326,2021,540,0,0.4457863645298323,1,1
2021-03-31,ZARUSD,ZA,1,0.01761482056250241,2021,540,0,0.4430713288295146,1,1
2021-04-30,AUDUSD,AU,0,-0.0012968488395168065,2021,540,0,0.43572015124274294,1,1
2021-04-30,CADUSD,CA,1,0.016736792355523722,2021,540,0,0.42683922650241163,1,1
2021-04-30,CHFUSD,CH,1,0.01456818613224374,2021,540,0,0.4078921186115038,0,1
2021-04-30,EURUSD,EZ,1,0.013540497499036824,2021,540,0,0.4181557003762874,0,1
2021-04-30,GBPUSD,GB,1,0.02497810583475618,2021,540,0,0.4287538139052032,0,1
2021-04-30,JPYUSD,JP,0,-0.004562884353861207,2021,540,0,0.3955198712350328,0,1
2021-04-30,MXNUSD,MX,1,0.011920637930305844,2021,540,0,0.4654080984656315,1,1
2021-04-30,NOKUSD,NO,0,-0.005273253821656443,2021,540,0,0.45251817308800546,0,1
2021-04-30,NZDUSD,NZ,1,0.011511118021869438,2021,540,0,0.4319568440954061,1,1
2021-04-30,SEKUSD,SE,1,0.01771753942943688,2021,540,0,0.4226666933357411,1,1
2021-04-30,ZARUSD,ZA,1,0.05260176693275831,2021,540,0,0.45279144433208335,1,1
2021-05-31,AUDUSD,AU,0,-0.027629701267844642,2021,540,0,0.44196936331195935,1,1
2021-05-31,CADUSD,CA,0,-0.02588850636088247,2021,540,0,0.4378132282553917,1,1
2021-05-31,CHFUSD,CH,0,-0.02827895586439684,2021,540,0,0.4253360666940605,0,1
2021-05-31,EURUSD,EZ,0,-0.028784950520126668,2021,540,0,0.4286681338510613,0,1
2021-05-31,GBPUSD,GB,0,-0.027293256630091578,2021,540,0,0.43817343338019415,0,1
2021-05-31,JPYUSD,JP,0,-0.011046834540181294,2021,540,0,0.4094507746624954,0,1
2021-05-31,MXNUSD,MX,1,0.0012049404008314113,2021,540,0,0.46404814828550034,1,1
2021-05-31,NOKUSD,NO,0,-0.0316491066776492,2021,540,0,0.4564478864712681,0,1
2021-05-31,NZDUSD,NZ,0,-0.03851495012802225,2021,540,0,0.4445246561633339,1,1
2021-05-31,ZARUSD,ZA,0,-0.038703002541943476,2021,540,0,0.4497297662965353,1,1
2021-06-30,AUDUSD,AU,0,-0.019533186544170578,2021,540,0,0.4589849073164315,1,1
2021-06-30,CADUSD,CA,0,-0.004985937148456299,2021,540,0,0.4649982630122963,1,1
2021-06-30,CHFUSD,CH,1,0.020968334026969696,2021,540,0,0.4544860532427684,0,1
2021-06-30,EURUSD,EZ,1,0.0013495278701331492,2021,540,0,0.4581555589395134,0,1
2021-06-30,GBPUSD,GB,1,0.007720374578455813,2021,540,0,0.471402172749198,0,1
2021-06-30,JPYUSD,JP,1,0.012231183059251194,2021,540,0,0.43497138533801477,0,1
2021-06-30,MXNUSD,MX,1,0.00301871833182199,2021,540,1,0.5006890235616578,1,1
2021-06-30,NOKUSD,NO,0,-0.02408262802496619,2021,540,0,0.47421751561448827,0,1
2021-06-30,NZDUSD,NZ,1,0.0005730659182620057,2021,540,0,0.46761963886132624,1,1
2021-06-30,ZARUSD,ZA,0,-0.02043361137790889,2021,540,0,0.491217454525176,1,1
2021-07-31,AUDUSD,AU,0,-0.0060035655828697965,2021,540,0,0.44639904215745185,1,1
2021-07-31,CADUSD,CA,0,-0.012990818277374139,2021,540,0,0.4574805071921921,1,1
2021-07-31,CHFUSD,CH,0,-0.010975853793148069,2021,540,0,0.4389819461552312,0,1
2021-07-31,EURUSD,EZ,0,-0.005409073364011863,2021,540,0,0.44037712829772535,0,1
2021-07-31,GBPUSD,GB,0,-0.012003036370456688,2021,540,0,0.4543623179249874,0,1
2021-07-31,JPYUSD,JP,0,-0.003185440691285457,2021,540,0,0.43123730670183696,0,1
2021-07-31,MXNUSD,MX,0,-0.011422969899558488,2021,540,1,0.5032961452216105,1,1
2021-07-31,NOKUSD,NO,1,0.014851277772475413,2021,540,0,0.4568285177189077,0,1
2021-07-31,NZDUSD,NZ,1,0.008556812050016516,2021,540,0,0.4524777265945593,1,1
2021-07-31,ZARUSD,ZA,1,0.005327846237058509,2021,540,0,0.479687028983587,1,1
2021-08-31,AUDUSD,AU,0,-0.01087042007909872,2021,540,0,0.4447196446371991,1,1
2021-08-31,CADUSD,CA,0,-0.0034779894358942798,2021,540,0,0.4600305632187396,1,1
2021-08-31,CHFUSD,CH,0,-0.01924383709450908,2021,540,0,0.4539648188339208,0,1
2021-08-31,EURUSD,EZ,0,-0.019079160248027666,2021,540,0,0.4490290867615418,0,1
2021-08-31,GBPUSD,GB,0,-0.02035562806701041,2021,540,0,0.4621322826962349,0,1
2021-08-31,JPYUSD,JP,0,-0.01308978292770302,2021,540,0,0.4479037853475527,0,1
2021-08-31,MXNUSD,MX,0,-0.02401926672891852,2021,540,1,0.5148431874675861,1,1
2021-08-31,NOKUSD,NO,0,-0.005150422902080454,2021,540,0,0.45333581052466626,0,1
2021-08-31,NZDUSD,NZ,0,-0.020515747168889265,2021,540,0,0.4629707303723673,1,1
2021-08-31,ZARUSD,ZA,0,-0.03637995299938224,2021,540,0,0.47298753266282023,1,1
2021-09-30,AUDUSD,AU,1,0.0382730930460613,2021,540,0,0.4529576404950644,1,1
2021-09-30,CADUSD,CA,1,0.022019238243917355,2021,540,0,0.4623918681939393,1,1
2021-09-30,CHFUSD,CH,1,0.01880729883591231,2021,540,0,0.4567336536922211,0,1
2021-09-30,EURUSD,EZ,0,-0.0021617890731209233,2021,540,0,0.4552186341479896,0,1
2021-09-30,GBPUSD,GB,1,0.015908422108033393,2021,540,0,0.4690997122935871,0,1
2021-09-30,JPYUSD,JP,0,-0.022436980769093395,2021,540,0,0.4485053769560679,0,1
2021-09-30,MXNUSD,MX,1,0.0005351105617439345,2021,540,1,0.5165441701963567,1,1
2021-09-30,NOKUSD,NO,1,0.033234228704473345,2021,540,0,0.48492764843711694,0,1
2021-09-30,NZDUSD,NZ,1,0.03685413877986249,2021,540,0,0.47616062360069056,1,1
2021-09-30,ZARUSD,ZA,0,-0.01402547535450438,2021,540,0,0.4805670530797796,1,1
2021-10-31,AUDUSD,AU,0,-0.05783225247326357,2021,540,0,0.45612737334017117,1,1
2021-10-31,CADUSD,CA,0,-0.03292772389090176,2021,540,0,0.46204072636826127,1,1
2021-10-31,CHFUSD,CH,0,-0.005657723719858759,2021,540,0,0.4499623482420172,0,1
2021-10-31,EURUSD,EZ,0,-0.023206961176981122,2021,540,0,0.45144042171820753,0,1
2021-10-31,GBPUSD,GB,0,-0.03222492809265659,2021,540,0,0.4639808070920484,0,1
2021-10-31,JPYUSD,JP,1,0.007128743060753173,2021,540,0,0.44324488693028236,0,1
2021-10-31,MXNUSD,MX,0,-0.04295489417558551,2021,540,1,0.5043409918655055,1,1
2021-10-31,NOKUSD,NO,0,-0.07488240754924425,2021,540,0,0.4925807949019025,1,1
2021-10-31,NZDUSD,NZ,0,-0.05204356474072702,2021,540,0,0.4719339228062995,1,1
2021-10-31,ZARUSD,ZA,0,-0.047204987964968304,2021,540,0,0.46278275229505067,1,1
2021-11-30,AUDUSD,AU,1,0.023976615533924883,2021,540,0,0.47080758768709613,1,1
2021-11-30,CADUSD,CA,1,0.002735552137725472,2021,540,0,0.47530694870329454,1,1
2021-11-30,CHFUSD,CH,1,0.007732979775663756,2021,540,0,0.46587703318279766,0,1
2021-11-30,EURUSD,EZ,1,0.002742757746842711,2021,540,0,0.4556336069222119,0,1
2021-11-30,GBPUSD,GB,1,0.018541201006734453,2021,540,0,0.4744869099095022,0,1
2021-11-30,JPYUSD,JP,0,-0.017076469072302203,2021,540,0,0.44500931416597894,0,1
2021-11-30,MXNUSD,MX,1,0.044756915849149426,2021,540,1,0.5084652533796535,1,1
2021-11-30,NOKUSD,NO,1,0.03396626641709766,2021,540,1,0.5004011798694171,1,1
2021-11-30,NZDUSD,NZ,1,0.00645447451285186,2021,540,0,0.48396155741940805,1,1
2021-11-30,ZARUSD,ZA,1,0.004072049479524331,2021,540,0,0.4579929254723126,1,1
2021-12-31,AUDUSD,AU,0,-0.027368365535045736,2021,540,0,0.45999063979901245,1,1
2021-12-31,CADUSD,CA,1,0.0065172387249077535,2021,540,0,0.4784682009205415,1,1
2021-12-31,CHFUSD,CH,0,-0.01702030355055824,2021,540,0,0.47779298122134295,0,1
2021-12-31,EURUSD,EZ,0,-0.009409745417790188,2021,540,0,0.46233638525028486,0,1
2021-12-31,GBPUSD,GB,0,-0.0045287578794566685,2021,540,0,0.4789796202844697,1,1
2021-12-31,JPYUSD,JP,0,-0.00043404662342094724,2021,540,0,0.4653160952992632,0,1
2021-12-31,MXNUSD,MX,0,-0.005978001326767846,2021,540,1,0.5175790634518863,1,1
2021-12-31,NOKUSD,NO,0,-0.011188817379808924,2021,540,0,0.4873491074205911,1,1
2021-12-31,NZDUSD,NZ,0,-0.03875876401209799,2021,540,0,0.48322755512957216,1,1
2021-12-31,ZARUSD,ZA,1,0.03399896534289537,2021,540,0,0.4538807336852231,1,1
2022-01-31,AUDUSD,AU,1,0.027506097096450743,2022,552,0,0.47561164761011904,1,0
2022-01-31,CADUSD,CA,1,0.0025240587623436006,2022,552,0,0.4892627269132086,1,0
2022-01-31,CHFUSD,CH,1,0.013418662549467636,2022,552,0,0.4878882461284638,0,0
2022-01-31,EURUSD,EZ,1,0.001069709497618046,2022,552,0,0.47276619517405166,0,0
2022-01-31,GBPUSD,GB,0,-0.001489314446106338,2022,552,0,0.498918977896135,1,0
2022-01-31,JPYUSD,JP,1,0.0009551513772656506,2022,552,0,0.4707324184360268,0,0
2022-01-31,MXNUSD,MX,1,0.01140363235037567,2022,552,1,0.553477600355839,1,0
2022-01-31,NOKUSD,NO,1,0.010451090566300891,2022,552,1,0.5017309876678124,1,0
2022-01-31,NZDUSD,NZ,1,0.02920899629171908,2022,552,0,0.4928347681306976,1,0
2022-01-31,ZARUSD,ZA,0,0.0,2022,552,0,0.4727341344944668,1,0
2022-02-28,AUDUSD,AU,1,0.03225211792114269,2022,552,0,0.46668617271405155,1,0
2022-02-28,CADUSD,CA,1,0.01431777561008346,2022,552,0,0.49680981408449987,1,0
2022-02-28,CHFUSD,CH,0,-0.0034801557691445106,2022,552,0,0.4872829601917538,0,0
2022-02-28,EURUSD,EZ,0,-0.011740064043637338,2022,552,0,0.47394412317060264,0,0
2022-02-28,GBPUSD,GB,0,-0.020097774804996804,2022,552,1,0.5055712128217034,1,0
2022-02-28,JPYUSD,JP,0,-0.053532120720348964,2022,552,0,0.4771966020797649,0,0
2022-02-28,MXNUSD,MX,1,0.02440960602971387,2022,552,1,0.5691002136578731,1,0
2022-02-28,NOKUSD,NO,1,0.006305219832825948,2022,552,1,0.5100879711559665,1,0
2022-02-28,NZDUSD,NZ,1,0.025074199926302276,2022,552,0,0.47997546646681266,1,0
2022-02-28,ZARUSD,ZA,1,0.05215676001585212,2022,552,0,0.47057616960927046,1,0
2022-03-31,AUDUSD,AU,0,-0.054534059119295875,2022,552,0,0.4719514933539411,0,0
2022-03-31,CADUSD,CA,0,-0.025313802207960423,2022,552,0,0.49413780482236047,1,0
2022-03-31,CHFUSD,CH,0,-0.0540957908214215,2022,552,0,0.49605074566645424,0,0
2022-03-31,EURUSD,EZ,0,-0.0514214061391319,2022,552,0,0.47747374338896637,0,0
2022-03-31,GBPUSD,GB,0,-0.045658667318268564,2022,552,1,0.5053948236039338,1,0
2022-03-31,JPYUSD,JP,0,-0.06688260955901537,2022,552,0,0.48799644087080796,0,0
2022-03-31,MXNUSD,MX,0,-0.022250731730642848,2022,552,1,0.5600458053788385,1,0
2022-03-31,NOKUSD,NO,0,-0.06318752275007711,2022,552,1,0.5023067952399999,1,0
2022-03-31,NZDUSD,NZ,0,-0.07006291850649365,2022,552,0,0.4949559270239225,1,0
2022-03-31,ZARUSD,ZA,0,-0.0759024609924599,2022,552,0,0.4808321847740047,1,0
2022-04-30,AUDUSD,AU,1,0.01217734972135609,2022,552,1,0.5081864957843655,0,0
2022-04-30,CADUSD,CA,1,0.012814137054822483,2022,552,1,0.5188473826123186,1,0
2022-04-30,CHFUSD,CH,1,0.015861007362657067,2022,552,1,0.504237498795267,0,0
2022-04-30,EURUSD,EZ,1,0.018243876327599703,2022,552,0,0.48454836353519126,0,0
2022-04-30,GBPUSD,GB,1,0.004684593107962931,2022,552,1,0.5137787305113929,1,0
2022-04-30,JPYUSD,JP,1,0.01014058308429533,2022,552,0,0.4806130081957793,0,0
2022-04-30,MXNUSD,MX,1,0.03392018293843302,2022,552,1,0.5874474935884784,1,0
2022-04-30,NOKUSD,NO,0,-0.0032850591586766065,2022,552,1,0.5136242395068173,1,0
2022-04-30,NZDUSD,NZ,1,0.006771340123172986,2022,552,1,0.5307971653834435,1,0
2022-04-30,ZARUSD,ZA,1,0.011160830137528777,2022,552,1,0.5177533827864096,1,0
2022-05-31,AUDUSD,AU,0,-0.04016718206005715,2022,552,1,0.5166002258614844,0,0
2022-05-31,CADUSD,CA,0,-0.018189447002251335,2022,552,1,0.5320158874235574,1,0
2022-05-31,CHFUSD,CH,1,0.0020920509722240285,2022,552,0,0.49760044978577755,0,0
2022-05-31,EURUSD,EZ,0,-0.024718239607772495,2022,552,0,0.47964003048751713,0,0
2022-05-31,GBPUSD,GB,0,-0.03728342740560045,2022,552,1,0.5097433854558905,1,0
2022-05-31,JPYUSD,JP,0,-0.054210532035821046,2022,552,0,0.47332497176555605,0,0
2022-05-31,MXNUSD,MX,0,-0.022012045088039223,2022,552,1,0.5996522538218448,1,0
2022-05-31,NOKUSD,NO,0,-0.05217905366364484,2022,552,1,0.5081573992781415,0,0
2022-05-31,NZDUSD,NZ,0,-0.04309323236102053,2022,552,1,0.5244316877798036,1,0
2022-05-31,ZARUSD,ZA,0,-0.0449883872147816,2022,552,0,0.49199200457826925,1,0
2022-06-30,AUDUSD,AU,1,0.011519205847669745,2022,552,1,0.5460015392526423,0,0
2022-06-30,CADUSD,CA,1,0.005453425793268019,2022,552,1,0.5523222984801771,1,0
2022-06-30,CHFUSD,CH,1,0.003881870268318828,2022,552,1,0.5151238230485843,0,0
2022-06-30,EURUSD,EZ,0,-0.02583472983648303,2022,552,1,0.5030760865999352,0,0
2022-06-30,GBPUSD,GB,1,0.0017252006743524173,2022,552,1,0.5292453063120335,0,0
2022-06-30,JPYUSD,JP,1,0.018145809111906885,2022,552,0,0.49597559279332304,0,0
2022-06-30,MXNUSD,MX,0,-0.012104591856231472,2022,552,1,0.6226568520431497,1,0
2022-06-30,NOKUSD,NO,1,0.01938130480367395,2022,552,1,0.5307228353419589,0,0
2022-06-30,NZDUSD,NZ,1,0.005429588554431319,2022,552,1,0.5473676660211692,1,0
2022-06-30,ZARUSD,ZA,0,-0.018677940300677598,2022,552,1,0.5221892908460013,1,0
2022-07-31,AUDUSD,AU,0,-0.017183297673424858,2022,552,1,0.5348353647904341,0,0
2022-07-31,CADUSD,CA,0,-0.02240167832398937,2022,552,1,0.5427853782821324,1,0
2022-07-31,CHFUSD,CH,0,-0.02440285153863963,2022,552,1,0.5125112575056866,0,0
2022-07-31,EURUSD,EZ,0,-0.01351972040898005,2022,552,0,0.49386558397814906,0,0
2022-07-31,GBPUSD,GB,0,-0.04499290125175551,2022,552,1,0.5060088592647061,0,0
2022-07-31,JPYUSD,JP,0,-0.04001416362228927,2022,552,0,0.4585501909689966,0,0
2022-07-31,MXNUSD,MX,1,0.013696473597230696,2022,552,1,0.6111158311294653,1,0
2022-07-31,NOKUSD,NO,0,-0.02353001656039755,2022,552,1,0.5136519030478983,0,0
2022-07-31,NZDUSD,NZ,0,-0.023037668067017292,2022,552,1,0.524190374482152,1,0
2022-07-31,ZARUSD,ZA,0,-0.024813694179329993,2022,552,1,0.5031027001454185,1,0
2022-08-31,AUDUSD,AU,0,-0.06451910196502142,2022,552,1,0.5540164811259466,0,0
2022-08-31,CADUSD,CA,0,-0.04925929688258612,2022,552,1,0.5676038734776426,1,0
2022-08-31,CHFUSD,CH,0,-0.009901576328129257,2022,552,1,0.5322045832878647,0,0
2022-08-31,EURUSD,EZ,0,-0.028417873616463037,2022,552,1,0.503082627145133,0,0
2022-08-31,GBPUSD,GB,0,-0.04504514635919889,2022,552,1,0.5296052041479854,0,0
2022-08-31,JPYUSD,JP,0,-0.042490513081657966,2022,552,0,0.48211478962300885,0,0
2022-08-31,MXNUSD,MX,0,-0.0014427504306042671,2022,552,1,0.6218573301398259,1,0
2022-08-31,NOKUSD,NO,0,-0.09333363942858197,2022,552,1,0.5404546292478462,0,0
2022-08-31,NZDUSD,NZ,0,-0.0839344514851505,2022,552,1,0.5384189983352042,1,0
2022-08-31,ZARUSD,ZA,0,-0.05925971693189824,2022,552,1,0.512605587566172,1,0
2022-09-30,AUDUSD,AU,0,-0.0067025424328292504,2022,552,1,0.5594840829887306,0,0
2022-09-30,CADUSD,CA,1,0.008250932135810074,2022,552,1,0.5652385018986306,1,0
2022-09-30,CHFUSD,CH,0,-0.016221200974924323,2022,552,1,0.5167802224347495,0,0
2022-09-30,EURUSD,EZ,1,0.010372271147288559,2022,552,1,0.5175293215250613,0,0
2022-09-30,GBPUSD,GB,1,0.033647043511332506,2022,552,1,0.5309109997845869,0,0
2022-09-30,JPYUSD,JP,0,-0.026728256410901707,2022,552,0,0.47565279308596947,0,0
2022-09-30,MXNUSD,MX,1,0.013362559012251918,2022,552,1,0.6359184856700056,1,0
2022-09-30,NOKUSD,NO,1,0.04481807825876105,2022,552,1,0.5499173123095649,0,0
2022-09-30,NZDUSD,NZ,1,0.0293419582840152,2022,552,1,0.5425511847721134,1,0
2022-09-30,ZARUSD,ZA,0,-0.016597322221277633,2022,552,1,0.5121558361565287,1,0
2022-10-31,AUDUSD,AU,1,0.04928157564707775,2022,552,1,0.5111142199837508,0,0
2022-10-31,CADUSD,CA,1,0.007432789858322131,2022,552,1,0.5292489985308071,1,0
2022-10-31,CHFUSD,CH,1,0.05336788561062338,2022,552,1,0.5157609130831122,0,0
2022-10-31,EURUSD,EZ,1,0.04335595886087274,2022,552,1,0.5116868336658087,0,0
2022-10-31,GBPUSD,GB,1,0.03808442534971673,2022,552,1,0.5071651689839927,0,0
2022-10-31,JPYUSD,JP,1,0.06475833044266999,2022,552,0,0.45881082193387585,0,0
2022-10-31,MXNUSD,MX,1,0.024584295200160255,2022,552,1,0.6408162067073556,1,0
2022-10-31,NOKUSD,NO,1,0.04479637993963603,2022,552,0,0.4920501225806882,0,0
2022-10-31,NZDUSD,NZ,1,0.07043761048132546,2022,552,0,0.4923521818019663,1,0
2022-10-31,ZARUSD,ZA,1,0.080564314688504,2022,552,0,0.49146963992409703,1,0
2022-11-30,AUDUSD,AU,1,0.01301600981870199,2022,552,0,0.49238618267745626,0,0
2022-11-30,CADUSD,CA,1,0.00044329516795382773,2022,552,1,0.5210435480548401,0,0
2022-11-30,CHFUSD,CH,1,0.026166922549486486,2022,552,0,0.4875644214177046,0,0
2022-11-30,EURUSD,EZ,1,0.035682392625605415,2022,552,1,0.5008460504832815,0,0
2022-11-30,GBPUSD,GB,1,0.00956785867087298,2022,552,1,0.507734772079266,0,0
2022-11-30,JPYUSD,JP,1,0.05534017399375912,2022,552,0,0.42457316969083586,0,0
2022-11-30,MXNUSD,MX,0,-0.006690365133565468,2022,552,1,0.6397772483913242,1,0
2022-11-30,NOKUSD,NO,1,0.01021294078485413,2022,552,1,0.510456805506989,0,0
2022-11-30,NZDUSD,NZ,1,0.017175994771010283,2022,552,0,0.4888871502885979,0,0
2022-11-30,ZARUSD,ZA,0,-0.0023564075704776144,2022,552,0,0.46268196035681475,1,0
2022-12-31,AUDUSD,AU,1,0.03536998072074787,2022,552,1,0.5145777869391137,0,0
2022-12-31,CADUSD,CA,1,0.01481508578514068,2022,552,1,0.5276359095618246,1,0
2022-12-31,CHFUSD,CH,1,0.005969519002301832,2022,552,1,0.5145769215935022,0,0
2022-12-31,EURUSD,EZ,1,0.014845327374200995,2022,552,1,0.5234582245703467,0,0
2022-12-31,GBPUSD,GB,1,0.020245763441183257,2022,552,1,0.5316176015209819,0,0
2022-12-31,JPYUSD,JP,1,0.012520203246005224,2022,552,0,0.46127528561265885,0,0
2022-12-31,MXNUSD,MX,1,0.0364588351247952,2022,552,1,0.6538965578000655,1,0
2022-12-31,NOKUSD,NO,0,-0.01662093708018464,2022,552,1,0.5215469194058662,0,0
2022-12-31,NZDUSD,NZ,1,0.019363503187085684,2022,552,1,0.5360470002875871,1,0
2022-12-31,ZARUSD,ZA,0,-0.025130235230337306,2022,552,1,0.5158184350516481,1,0
2023-01-31,AUDUSD,AU,0,-0.044374396124622906,2023,564,1,0.5243420776199199,0,1
2023-01-31,CADUSD,CA,0,-0.021003406697696958,2023,564,1,0.5307515515310012,0,1
2023-01-31,CHFUSD,CH,0,-0.020472646931055244,2023,564,1,0.5442407862417463,0,1
2023-01-31,EURUSD,EZ,0,-0.023859472917645057,2023,564,1,0.541559581462361,0,1
2023-01-31,GBPUSD,GB,0,-0.01892180793128298,2023,564,1,0.5365571712586854,0,1
2023-01-31,JPYUSD,JP,0,-0.04447514309385703,2023,564,0,0.49755787481655755,0,1
2023-01-31,MXNUSD,MX,1,0.024393423390864477,2023,564,1,0.643019445596072,1,1
2023-01-31,NOKUSD,NO,0,-0.03322858765385739,2023,564,1,0.5280181214362011,0,1
2023-01-31,NZDUSD,NZ,0,-0.04297659775223028,2023,564,1,0.5525229392022771,0,1
2023-01-31,ZARUSD,ZA,0,-0.051171353227595695,2023,564,0,0.489823179816739,1,1
2023-02-28,AUDUSD,AU,0,-0.005948857519772421,2023,564,1,0.5283361575877695,0,1
2023-02-28,CADUSD,CA,1,0.006705747098473103,2023,564,1,0.5278724852179351,0,1
2023-02-28,CHFUSD,CH,1,0.02669707325171311,2023,564,1,0.5351365746696206,0,1
2023-02-28,EURUSD,EZ,1,0.025148014283228166,2023,564,1,0.5366128863454024,0,1
2023-02-28,GBPUSD,GB,1,0.02256656958973427,2023,564,1,0.5316721599443577,0,1
2023-02-28,JPYUSD,JP,1,0.024848771450177942,2023,564,0,0.4975240724276743,0,1
2023-02-28,MXNUSD,MX,1,0.017597374636232566,2023,564,1,0.6440147140035223,1,1
2023-02-28,NOKUSD,NO,0,-0.009871919450903821,2023,564,1,0.5064519582974217,0,1
2023-02-28,NZDUSD,NZ,1,0.012354750009872795,2023,564,1,0.5478472191147457,0,1
2023-02-28,ZARUSD,ZA,1,0.03396265151989564,2023,564,0,0.4712998349383447,1,1
2023-03-31,AUDUSD,AU,0,-0.013062268149859557,2023,564,0,0.498710047538227,0,1
2023-03-31,CADUSD,CA,0,-0.0019943131771533174,2023,564,1,0.5032321031402657,0,1
2023-03-31,CHFUSD,CH,1,0.024169690952360948,2023,564,1,0.5221797215326665,0,1
2023-03-31,EURUSD,EZ,1,0.015334364000106793,2023,564,1,0.5194848978400355,0,1
2023-03-31,GBPUSD,GB,1,0.01707387875496516,2023,564,1,0.5169533222842093,0,1
2023-03-31,JPYUSD,JP,0,-0.024113693498819977,2023,564,0,0.4763079841147328,0,1
2023-03-31,MXNUSD,MX,1,0.001537936525973116,2023,564,1,0.6442084510691353,1,1
2023-03-31,NOKUSD,NO,0,-0.018920829046868537,2023,564,0,0.49413214965980434,0,1
2023-03-31,NZDUSD,NZ,0,-0.013485515012031934,2023,564,1,0.5065528769054811,1,1
2023-03-31,ZARUSD,ZA,0,-0.031145548323080696,2023,564,0,0.4307321164818662,1,1
2023-04-30,AUDUSD,AU,0,-0.02200241546654924,2023,564,0,0.4973654479352366,0,1
2023-04-30,CADUSD,CA,0,-0.002652912388639017,2023,564,0,0.49945290050019725,0,1
2023-04-30,CHFUSD,CH,0,-0.024169690952360948,2023,564,1,0.5329050460504048,0,1
2023-04-30,EURUSD,EZ,0,-0.03558963235414203,2023,564,1,0.5291008806007966,0,1
2023-04-30,GBPUSD,GB,0,-0.014893381222336077,2023,564,1,0.5241934462624511,0,1
2023-04-30,JPYUSD,JP,0,-0.027488404428114954,2023,564,0,0.4944342532863878,0,1
2023-04-30,MXNUSD,MX,1,0.013903838642781441,2023,564,1,0.64363554099819,1,1
2023-04-30,NOKUSD,NO,0,-0.04810096267603159,2023,564,0,0.49962155679817816,0,1
2023-04-30,NZDUSD,NZ,0,-0.031524528069374225,2023,564,1,0.5291038171544706,1,1
2023-04-30,ZARUSD,ZA,0,-0.07820193267304365,2023,564,0,0.47677029429483136,1,1
2023-05-31,AUDUSD,AU,1,0.028930154017026977,2023,564,0,0.4921136328910594,0,1
2023-05-31,CADUSD,CA,1,0.026548912017002158,2023,564,0,0.4907404214342207,0,1
2023-05-31,CHFUSD,CH,1,0.020137879017484733,2023,564,1,0.5407130576092981,0,1
2023-05-31,EURUSD,EZ,1,0.024660561821951754,2023,564,1,0.5324424123861033,0,1
2023-05-31,GBPUSD,GB,1,0.024936563974431475,2023,564,1,0.5233572126854849,0,1
2023-05-31,JPYUSD,JP,0,-0.03300211549230703,2023,564,0,0.48253204701776264,0,1
2023-05-31,MXNUSD,MX,1,0.03467548279246424,2023,564,1,0.6218191739481659,1,1
2023-05-31,NOKUSD,NO,1,0.0418447375761799,2023,564,0,0.4991974425253916,0,1
2023-05-31,NZDUSD,NZ,1,0.022758238164369005,2023,564,1,0.5281850679651879,1,1
2023-05-31,ZARUSD,ZA,1,0.048389813554004846,2023,564,0,0.47028957599198307,1,1
2023-06-30,AUDUSD,AU,1,0.010005310076236396,2023,564,0,0.4714946747248242,0,1
2023-06-30,CADUSD,CA,1,0.005456212384164161,2023,564,0,0.47911378889265,0,1
2023-06-30,CHFUSD,CH,1,0.02937551737387939,2023,564,1,0.5056925615921506,0,1
2023-06-30,EURUSD,EZ,1,0.00911583340800945,2023,564,0,0.49535457501381686,0,1
2023-06-30,GBPUSD,GB,1,0.011578006202178526,2023,564,1,0.5053371133879632,0,1
2023-06-30,JPYUSD,JP,1,0.01597801303995272,2023,564,0,0.4650009530318907,0,1
2023-06-30,MXNUSD,MX,1,0.025138497363603296,2023,564,1,0.6033693034759846,1,1
2023-06-30,NOKUSD,NO,1,0.05759896789047625,2023,564,0,0.4721093204659583,0,1
2023-06-30,NZDUSD,NZ,1,0.014085880107241489,2023,564,0,0.48857727137998075,1,1
2023-06-30,ZARUSD,ZA,1,0.05656237755708515,2023,564,0,0.4271133804414493,1,1
